family,identity,target,source,temperature_c,mea_mass_fraction,loading_mol_per_mol,observed,predicted,unit,ln_pred_over_obs,weighted_residual,calibration_member,status,failure_code,solver_status,tolerance_met,balance_errors,max_abs_stationarity,parameter_sha256
packet,vle_obs_0119,vle_obs_0119-pco2,Hilliard2008,40,0.3,0.15300000000000002,5.7,5.378344197326234,Pa,-0.058085618051433086,-0.1936187268381103,True,evaluated,,SUCCESS,True,[],1.1368683772161603e-13,9055458d8b7cd767a0d08e9f37e4fd28631e29c363364d7b842ebade645cb241
packet,vle_obs_0120,vle_obs_0120-pco2,Hilliard2008,40,0.3,0.1629999999999998,6.64,6.175845748288404,Pa,-0.07246612706734444,-0.24155375689114814,True,evaluated,,SUCCESS,True,[],5.684341886080802e-14,9055458d8b7cd767a0d08e9f37e4fd28631e29c363364d7b842ebade645cb241
packet,vle_obs_0121,vle_obs_0121-pco2,Hilliard2008,40,0.3,0.16999999999999993,7.21,6.783844780218372,Pa,-0.06092493334342775,-0.2030831111447592,True,evaluated,,SUCCESS,True,[],5.684341886080802e-14,9055458d8b7cd767a0d08e9f37e4fd28631e29c363364d7b842ebade645cb241
packet,vle_obs_0122,vle_obs_0122-pco2,Hilliard2008,40,0.3,0.19099999999999984,9.950000000000001,8.889347130863731,Pa,-0.11271894293943971,-0.37572980979813236,True,evaluated,,SUCCESS,True,[],5.684341886080802e-14,9055458d8b7cd767a0d08e9f37e4fd28631e29c363364d7b842ebade645cb241
packet,vle_obs_0123,vle_obs_0123-pco2,Hilliard2008,40,0.3,0.19399999999999995,9.85,9.228755536078166,Pa,-0.0651472439199156,-0.217157479733052,True,evaluated,,SUCCESS,True,[],1.7053025658242404e-13,9055458d8b7cd767a0d08e9f37e4fd28631e29c363364d7b842ebade645cb241
packet,vle_obs_0124,vle_obs_0124-pco2,Hilliard2008,40,0.3,0.23199999999999976,14.6,14.600390434028792,Pa,2.674169920413451e-05,8.913899734711504e-05,True,evaluated,,SUCCESS,True,[],2.842170943040401e-14,9055458d8b7cd767a0d08e9f37e4fd28631e29c363364d7b842ebade645cb241
packet,vle_obs_0125,vle_obs_0125-pco2,Hilliard2008,40,0.3,0.246,19.099999999999998,17.21436345261688,Pa,-0.10394421526773165,-0.34648071755910553,True,evaluated,,SUCCESS,True,[],1.1368683772161603e-13,9055458d8b7cd767a0d08e9f37e4fd28631e29c363364d7b842ebade645cb241
packet,vle_obs_0126,vle_obs_0126-pco2,Hilliard2008,40,0.3,0.26900000000000013,23.099999999999998,22.551282176418464,Pa,-0.02404069393081026,-0.0801356464360342,True,evaluated,,SUCCESS,True,[],4.263256414560601e-14,9055458d8b7cd767a0d08e9f37e4fd28631e29c363364d7b842ebade645cb241
packet,vle_obs_0127,vle_obs_0127-pco2,Hilliard2008,40,0.3,0.2719999999999998,22.4,23.363596508509332,Pa,0.042118147372931965,0.1403938245764399,True,evaluated,,SUCCESS,True,[],5.684341886080802e-14,9055458d8b7cd767a0d08e9f37e4fd28631e29c363364d7b842ebade645cb241
packet,vle_obs_0128,vle_obs_0128-pco2,Hilliard2008,40,0.3,0.32600000000000007,48.5,45.25703042423934,Pa,-0.06920577137445934,-0.23068590458153113,True,evaluated,,SUCCESS,True,[],5.684341886080802e-14,9055458d8b7cd767a0d08e9f37e4fd28631e29c363364d7b842ebade645cb241
packet,vle_obs_0129,vle_obs_0129-pco2,Hilliard2008,40,0.3,0.34799999999999986,66.19999999999999,60.708784096387184,Pa,-0.08659206206267,-0.2886402068755667,True,evaluated,,SUCCESS,True,[],1.1368683772161603e-13,9055458d8b7cd767a0d08e9f37e4fd28631e29c363364d7b842ebade645cb241
packet,vle_obs_0130,vle_obs_0130-pco2,Hilliard2008,40,0.3,0.3500000000000001,72.1,62.41919562067041,Pa,-0.14418119409537797,-0.48060398031792656,True,evaluated,,SUCCESS,True,[],5.684341886080802e-14,9055458d8b7cd767a0d08e9f37e4fd28631e29c363364d7b842ebade645cb241
packet,vle_obs_0131,vle_obs_0131-pco2,Hilliard2008,40,0.3,0.3599999999999999,96.60000000000001,71.95409856893114,Pa,-0.2945503453805803,-0.9818344846019343,True,evaluated,,SUCCESS,True,[],8.526512829121202e-14,9055458d8b7cd767a0d08e9f37e4fd28631e29c363364d7b842ebade645cb241
packet,vle_obs_0132,vle_obs_0132-pco2,Hilliard2008,40,0.3,0.3820000000000001,131.0,100.63311931992568,Pa,-0.26371590182392635,-0.8790530060797546,True,evaluated,,SUCCESS,True,[],5.684341886080802e-14,9055458d8b7cd767a0d08e9f37e4fd28631e29c363364d7b842ebade645cb241
packet,vle_obs_0133,vle_obs_0133-pco2,Hilliard2008,40,0.3,0.3860000000000001,120.0,107.39328445222716,Pa,-0.11099409104003528,-0.3699803034667843,True,evaluated,,SUCCESS,True,[],1.1368683772161603e-13,9055458d8b7cd767a0d08e9f37e4fd28631e29c363364d7b842ebade645cb241
packet,vle_obs_0134,vle_obs_0134-pco2,Hilliard2008,40,0.3,0.3889999999999998,113.0,112.86559805314474,Pa,-0.001190105654664657,-0.00396701884888219,True,evaluated,,SUCCESS,True,[],7.105427357601002e-14,9055458d8b7cd767a0d08e9f37e4fd28631e29c363364d7b842ebade645cb241
packet,vle_obs_0135,vle_obs_0135-pco2,Hilliard2008,40,0.3,0.3999999999999999,128.0,136.45129841639354,Pa,0.06393749888306974,0.21312499627689913,True,evaluated,,SUCCESS,True,[],5.684341886080802e-14,9055458d8b7cd767a0d08e9f37e4fd28631e29c363364d7b842ebade645cb241
packet,vle_obs_0136,vle_obs_0136-pco2,Hilliard2008,40,0.3,0.46399999999999997,750.0,584.1407030568181,Pa,-0.24993132282926278,-0.8331044094308759,True,evaluated,,SUCCESS,True,[],1.1368683772161603e-13,9055458d8b7cd767a0d08e9f37e4fd28631e29c363364d7b842ebade645cb241
packet,vle_obs_0137,vle_obs_0137-pco2,Hilliard2008,40,0.3,0.4660000000000002,574.0,619.2900636548927,Pa,0.07594436701792563,0.25314789005975213,True,evaluated,,SUCCESS,True,[],5.684341886080802e-14,9055458d8b7cd767a0d08e9f37e4fd28631e29c363364d7b842ebade645cb241
packet,vle_obs_0138,vle_obs_0138-pco2,Hilliard2008,40,0.3,0.48099999999999987,883.0,987.1111836466001,Pa,0.1114574805567341,0.37152493518911367,True,evaluated,,SUCCESS,True,[],1.1368683772161603e-13,9055458d8b7cd767a0d08e9f37e4fd28631e29c363364d7b842ebade645cb241
packet,vle_obs_0139,vle_obs_0139-pco2,Hilliard2008,40,0.3,0.4910000000000001,1100.0,1379.224852387874,Pa,0.2262114603833814,0.7540382012779381,True,evaluated,,SUCCESS,True,[],5.684341886080802e-14,9055458d8b7cd767a0d08e9f37e4fd28631e29c363364d7b842ebade645cb241
packet,vle_obs_0140,vle_obs_0140-pco2,Hilliard2008,40,0.3,0.5009999999999999,1870.0,1949.642267431797,Pa,0.04170747228059535,0.1390249076019845,True,evaluated,,SUCCESS,True,[],5.684341886080802e-14,9055458d8b7cd767a0d08e9f37e4fd28631e29c363364d7b842ebade645cb241
packet,vle_obs_0141,vle_obs_0141-pco2,Hilliard2008,40,0.3,0.5179999999999998,3030.0,3513.83023682574,Pa,0.14814405855465057,0.4938135285155019,True,evaluated,,SUCCESS,True,[],5.684341886080802e-14,9055458d8b7cd767a0d08e9f37e4fd28631e29c363364d7b842ebade645cb241
packet,vle_obs_0142,vle_obs_0142-pco2,Hilliard2008,40,0.3,0.5909999999999997,28300.0,25235.833297918238,Pa,-0.1145968638876712,-0.3819895462922373,True,evaluated,,SUCCESS,True,[],5.684341886080802e-14,9055458d8b7cd767a0d08e9f37e4fd28631e29c363364d7b842ebade645cb241
packet,vle_obs_0143,vle_obs_0143-pco2,Hilliard2008,60,0.3,0.11399999999999988,19.400000000000002,17.63134264989172,Pa,-0.0955949154469032,-0.318649718156344,True,evaluated,,SUCCESS,True,[],2.842170943040401e-14,9055458d8b7cd767a0d08e9f37e4fd28631e29c363364d7b842ebade645cb241
packet,vle_obs_0144,vle_obs_0144-pco2,Hilliard2008,60,0.3,0.19099999999999984,58.9,55.552648740947085,Pa,-0.058509893603399386,-0.19503297867799796,True,evaluated,,SUCCESS,True,[],5.684341886080802e-14,9055458d8b7cd767a0d08e9f37e4fd28631e29c363364d7b842ebade645cb241
packet,vle_obs_0145,vle_obs_0145-pco2,Hilliard2008,60,0.3,0.2909999999999999,209.0,194.03818447255424,Pa,-0.07427928509129585,-0.24759761697098617,True,evaluated,,SUCCESS,True,[],5.684341886080802e-14,9055458d8b7cd767a0d08e9f37e4fd28631e29c363364d7b842ebade645cb241
packet,vle_obs_0146,vle_obs_0146-pco2,Hilliard2008,60,0.3,0.3860000000000001,763.0,744.2498527163008,Pa,-0.024881229284055017,-0.08293743094685006,True,evaluated,,SUCCESS,True,[],5.684341886080802e-14,9055458d8b7cd767a0d08e9f37e4fd28631e29c363364d7b842ebade645cb241
packet,vle_obs_0147,vle_obs_0147-pco2,Hilliard2008,60,0.3,0.4849999999999999,4860.0,6469.9587669025,Pa,0.28613129761294326,0.9537709920431442,True,evaluated,,SUCCESS,True,[],5.684341886080802e-14,9055458d8b7cd767a0d08e9f37e4fd28631e29c363364d7b842ebade645cb241
packet,vle_obs_0148,vle_obs_0148-pco2,Hilliard2008,60,0.3,0.544,25800.0,31988.706662794797,Pa,0.21500843179470677,0.7166947726490226,True,evaluated,,SUCCESS,True,[],1.1368683772161603e-13,9055458d8b7cd767a0d08e9f37e4fd28631e29c363364d7b842ebade645cb241
packet,vle_obs_0149,vle_obs_0149-pco2,Hilliard2008,60,0.3,0.565,50200.0,51686.31932138289,Pa,0.02917810319186684,0.09726034397288946,True,evaluated,,SUCCESS,True,[],4.263256414560601e-14,9055458d8b7cd767a0d08e9f37e4fd28631e29c363364d7b842ebade645cb241
packet,vle_obs_0186,vle_obs_0186-pco2,Jou1995,40,0.3,0.08879999999999999,1.47,1.8161893789340973,Pa,0.21147815750532314,0.7049271916844105,True,evaluated,,SUCCESS,True,[],7.105427357601002e-14,9055458d8b7cd767a0d08e9f37e4fd28631e29c363364d7b842ebade645cb241
packet,vle_obs_0187,vle_obs_0187-pco2,Jou1995,40,0.3,0.20299999999999985,8.959999999999999,10.312630987031088,Pa,0.14059922636600505,0.4686640878866835,True,evaluated,,SUCCESS,True,[],5.684341886080802e-14,9055458d8b7cd767a0d08e9f37e4fd28631e29c363364d7b842ebade645cb241
packet,vle_obs_0188,vle_obs_0188-pco2,Jou1995,40,0.3,0.36499999999999977,67.7,77.4253633502349,Pa,0.1342282388617,0.4474274628723333,True,evaluated,,SUCCESS,True,[],5.684341886080802e-14,9055458d8b7cd767a0d08e9f37e4fd28631e29c363364d7b842ebade645cb241
packet,vle_obs_0189,vle_obs_0189-pco2,Jou1995,40,0.3,0.47350000000000003,604.0,777.1886210559526,Pa,0.2521088785142402,0.8403629283808006,True,evaluated,,SUCCESS,True,[],8.526512829121202e-14,9055458d8b7cd767a0d08e9f37e4fd28631e29c363364d7b842ebade645cb241
packet,vle_obs_0190,vle_obs_0190-pco2,Jou1995,40,0.3,0.5129999999999999,2570.0,2960.829602762799,Pa,0.14156360136385224,0.47187867121284083,True,evaluated,,SUCCESS,True,[],1.1368683772161603e-13,9055458d8b7cd767a0d08e9f37e4fd28631e29c363364d7b842ebade645cb241
packet,vle_obs_0191,vle_obs_0191-pco2,Jou1995,40,0.3,0.5569999999999999,8090.0,11481.810990384738,Pa,0.3501353991551911,1.1671179971839705,True,evaluated,,SUCCESS,True,[],5.684341886080802e-14,9055458d8b7cd767a0d08e9f37e4fd28631e29c363364d7b842ebade645cb241
packet,vle_obs_0192,vle_obs_0192-pco2,Jou1995,40,0.3,0.609,36100.0,35612.47057272189,Pa,-0.013596991833945618,-0.045323306113152065,True,evaluated,,SUCCESS,True,[],1.1368683772161603e-13,9055458d8b7cd767a0d08e9f37e4fd28631e29c363364d7b842ebade645cb241
packet,vle_obs_0193,vle_obs_0193-pco2,Jou1995,40,0.3,0.6419999999999999,103000.0,60948.53966543326,Pa,-0.5246990921392953,-1.7489969737976512,True,evaluated,,SUCCESS,True,[],1.1368683772161603e-13,9055458d8b7cd767a0d08e9f37e4fd28631e29c363364d7b842ebade645cb241
packet,vle_obs_0194,vle_obs_0194-pco2,Jou1995,60,0.3,0.056400000000000006,4.28,4.6232751528749345,Pa,0.07715035189236359,0.257167839641212,True,evaluated,,SUCCESS,True,[],5.684341886080802e-14,9055458d8b7cd767a0d08e9f37e4fd28631e29c363364d7b842ebade645cb241
packet,vle_obs_0195,vle_obs_0195-pco2,Jou1995,60,0.3,0.11899999999999977,19.3,19.24557750989511,Pa,-0.0028238013169732132,-0.009412671056577377,True,evaluated,,SUCCESS,True,[],1.4210854715202004e-14,9055458d8b7cd767a0d08e9f37e4fd28631e29c363364d7b842ebade645cb241
packet,vle_obs_0196,vle_obs_0196-pco2,Jou1995,60,0.3,0.20599999999999996,57.9,67.41242234348819,Pa,0.15211192412360902,0.5070397470786968,True,evaluated,,SUCCESS,True,[],1.1368683772161603e-13,9055458d8b7cd767a0d08e9f37e4fd28631e29c363364d7b842ebade645cb241
packet,vle_obs_0197,vle_obs_0197-pco2,Jou1995,60,0.3,0.3889999999999998,528.0,782.5219794858658,Pa,0.39342572711339246,1.311419090377975,True,evaluated,,SUCCESS,True,[],5.684341886080802e-14,9055458d8b7cd767a0d08e9f37e4fd28631e29c363364d7b842ebade645cb241
packet,vle_obs_0198,vle_obs_0198-pco2,Jou1995,60,0.3,0.43800000000000017,2009.9999999999998,2002.7507450846422,Pa,-0.0036131139271856154,-0.012043713090618718,True,evaluated,,SUCCESS,True,[],5.684341886080802e-14,9055458d8b7cd767a0d08e9f37e4fd28631e29c363364d7b842ebade645cb241
packet,vle_obs_0199,vle_obs_0199-pco2,Jou1995,60,0.3,0.504,11000.0,11008.106845294758,Pa,0.0007367144951095462,0.0024557149836984876,True,evaluated,,SUCCESS,True,[],5.684341886080802e-14,9055458d8b7cd767a0d08e9f37e4fd28631e29c363364d7b842ebade645cb241
packet,vle_obs_0200,vle_obs_0200-pco2,Jou1995,60,0.3,0.5609999999999999,34000.0,47405.78633792568,Pa,0.3323837712741492,1.107945904247164,True,evaluated,,SUCCESS,True,[],1.1368683772161603e-13,9055458d8b7cd767a0d08e9f37e4fd28631e29c363364d7b842ebade645cb241
packet,vle_obs_0201,vle_obs_0201-pco2,Jou1995,60,0.3,0.5789999999999997,82000.0,68717.98840724568,Pa,-0.17670824232103655,-0.5890274744034552,True,evaluated,,SUCCESS,True,[],5.684341886080802e-14,9055458d8b7cd767a0d08e9f37e4fd28631e29c363364d7b842ebade645cb241
packet,vle_obs_0202,vle_obs_0202-pco2,Jou1995,60,0.3,0.6680000000000001,282000.0,253329.61674759304,Pa,-0.1072155971666481,-0.357385323888827,True,evaluated,,SUCCESS,True,[],1.1368683772161603e-13,9055458d8b7cd767a0d08e9f37e4fd28631e29c363364d7b842ebade645cb241
packet,vle_obs_0203,vle_obs_0203-pco2,Jou1995,80,0.3,0.01739999999999986,2.96,2.982312503979912,Pa,0.007509739289727087,0.025032464299090288,False,evaluated,,SUCCESS,True,[],5.684341886080802e-14,9055458d8b7cd767a0d08e9f37e4fd28631e29c363364d7b842ebade645cb241
packet,vle_obs_0204,vle_obs_0204-pco2,Jou1995,80,0.3,0.023600000000000065,4.84,5.114494933855364,Pa,0.05516393164045741,0.18387977213485804,False,evaluated,,SUCCESS,True,[],5.684341886080802e-14,9055458d8b7cd767a0d08e9f37e4fd28631e29c363364d7b842ebade645cb241
packet,vle_obs_0205,vle_obs_0205-pco2,Jou1995,80,0.3,0.07810000000000006,46.5,44.80355777528216,Pa,-0.037164761698711836,-0.12388253899570613,False,evaluated,,SUCCESS,True,[],5.684341886080802e-14,9055458d8b7cd767a0d08e9f37e4fd28631e29c363364d7b842ebade645cb241
packet,vle_obs_0206,vle_obs_0206-pco2,Jou1995,80,0.3,0.11799999999999988,99.2,101.95329908715453,Pa,0.027376842060453176,0.09125614020151059,False,evaluated,,SUCCESS,True,[],2.842170943040401e-14,9055458d8b7cd767a0d08e9f37e4fd28631e29c363364d7b842ebade645cb241
packet,vle_obs_0207,vle_obs_0207-pco2,Jou1995,80,0.3,0.18699999999999983,278.0,292.2186229052287,Pa,0.049881117014747886,0.16627039004915964,False,evaluated,,SUCCESS,True,[],1.1368683772161603e-13,9055458d8b7cd767a0d08e9f37e4fd28631e29c363364d7b842ebade645cb241
packet,vle_obs_0208,vle_obs_0208-pco2,Jou1995,80,0.3,0.34799999999999986,2670.0,2447.073342292796,Pa,-0.08718571607025932,-0.2906190535675311,False,evaluated,,SUCCESS,True,[],5.684341886080802e-14,9055458d8b7cd767a0d08e9f37e4fd28631e29c363364d7b842ebade645cb241
packet,vle_obs_0209,vle_obs_0209-pco2,Jou1995,80,0.3,0.45999999999999996,16000.0,18039.568050324295,Pa,0.119978848112707,0.3999294937090233,False,evaluated,,SUCCESS,True,[],4.263256414560601e-14,9055458d8b7cd767a0d08e9f37e4fd28631e29c363364d7b842ebade645cb241
packet,vle_obs_0210,vle_obs_0210-pco2,Jou1995,80,0.3,0.5169999999999999,56000.0,66092.47453821776,Pa,0.16570319999238028,0.5523439999746009,False,evaluated,,SUCCESS,True,[],5.684341886080802e-14,9055458d8b7cd767a0d08e9f37e4fd28631e29c363364d7b842ebade645cb241
packet,vle_obs_0211,vle_obs_0211-pco2,Jou1995,80,0.3,0.5785,235000.0,216094.81755117135,Pa,-0.0838682326348895,-0.2795607754496317,False,evaluated,,SUCCESS,True,[],8.526512829121202e-14,9055458d8b7cd767a0d08e9f37e4fd28631e29c363364d7b842ebade645cb241
packet,vle_obs_0212,vle_obs_0212-pco2,Jou1995,80,0.3,0.6400000000000001,558000.0,479342.8871427502,Pa,-0.15194278151486637,-0.506475938382888,False,evaluated,,SUCCESS,True,[],5.684341886080802e-14,9055458d8b7cd767a0d08e9f37e4fd28631e29c363364d7b842ebade645cb241
packet,vle_obs_0213,vle_obs_0213-pco2,Jou1995,80,0.3,0.6890000000000001,958000.0,743270.0570151411,Pa,-0.2537883308998905,-0.845961102999635,False,evaluated,,SUCCESS,True,[],5.684341886080802e-14,9055458d8b7cd767a0d08e9f37e4fd28631e29c363364d7b842ebade645cb241
packet,vle_obs_0214,vle_obs_0214-pco2,Jou1995,100,0.3,0.011699999999999822,7.24,7.043894814629173,Pa,-0.027459948494525856,-0.09153316164841953,False,evaluated,,SUCCESS,True,[],5.684341886080802e-14,9055458d8b7cd767a0d08e9f37e4fd28631e29c363364d7b842ebade645cb241
packet,vle_obs_0215,vle_obs_0215-pco2,Jou1995,100,0.3,0.056599999999999984,136.0,118.02351044723444,Pa,-0.14177104003799693,-0.47257013345998977,False,evaluated,,SUCCESS,True,[],2.842170943040401e-14,9055458d8b7cd767a0d08e9f37e4fd28631e29c363364d7b842ebade645cb241
packet,vle_obs_0216,vle_obs_0216-pco2,Jou1995,100,0.3,0.18800000000000017,1430.0,1483.345802431356,Pa,0.03662576933639036,0.12208589778796788,False,evaluated,,SUCCESS,True,[],2.842170943040401e-14,9055458d8b7cd767a0d08e9f37e4fd28631e29c363364d7b842ebade645cb241
packet,vle_obs_0217,vle_obs_0217-pco2,Jou1995,100,0.3,0.3809999999999998,19000.0,20868.311211270982,Pa,0.09379281920773726,0.3126427306924575,False,evaluated,,SUCCESS,True,[],5.684341886080802e-14,9055458d8b7cd767a0d08e9f37e4fd28631e29c363364d7b842ebade645cb241
packet,vle_obs_0218,vle_obs_0218-pco2,Jou1995,100,0.3,0.42200000000000015,39000.0,41180.41415697409,Pa,0.05440111265531667,0.1813370421843889,False,evaluated,,SUCCESS,True,[],5.684341886080802e-14,9055458d8b7cd767a0d08e9f37e4fd28631e29c363364d7b842ebade645cb241
packet,vle_obs_0219,vle_obs_0219-pco2,Jou1995,100,0.3,0.47699999999999987,69000.0,113439.86709779335,Pa,0.49716638662199086,1.6572212887399695,False,evaluated,,SUCCESS,True,[],5.684341886080802e-14,9055458d8b7cd767a0d08e9f37e4fd28631e29c363364d7b842ebade645cb241
packet,vle_obs_0220,vle_obs_0220-pco2,Jou1995,100,0.3,0.48099999999999987,109000.0,122306.5333925864,Pa,0.11518258007217841,0.38394193357392803,False,evaluated,,SUCCESS,True,[],5.684341886080802e-14,9055458d8b7cd767a0d08e9f37e4fd28631e29c363364d7b842ebade645cb241
packet,vle_obs_0221,vle_obs_0221-pco2,Jou1995,100,0.3,0.5709999999999997,509000.0,525096.952850888,Pa,0.031134901088237944,0.10378300362745982,False,evaluated,,SUCCESS,True,[],5.684341886080802e-14,9055458d8b7cd767a0d08e9f37e4fd28631e29c363364d7b842ebade645cb241
packet,vle_obs_0222,vle_obs_0222-pco2,Jou1995,100,0.3,0.589,376000.0,650081.963705272,Pa,0.5475093095582134,1.8250310318607115,False,evaluated,,SUCCESS,True,[],5.684341886080802e-14,9055458d8b7cd767a0d08e9f37e4fd28631e29c363364d7b842ebade645cb241
packet,vle_obs_0223,vle_obs_0223-pco2,Jou1995,100,0.3,0.6135000000000002,909000.0,836492.5159681665,Pa,-0.08312752063083083,-0.27709173543610277,False,evaluated,,SUCCESS,True,[],8.526512829121202e-14,9055458d8b7cd767a0d08e9f37e4fd28631e29c363364d7b842ebade645cb241
packet,vle_obs_0224,vle_obs_0224-pco2,Jou1995,120,0.3,0.003330000000000055,2.02,3.3029126492782477,Pa,0.49170718877186204,1.6390239625728735,False,evaluated,,SUCCESS,True,[],5.684341886080802e-14,9055458d8b7cd767a0d08e9f37e4fd28631e29c363364d7b842ebade645cb241
packet,vle_obs_0225,vle_obs_0225-pco2,Jou1995,120,0.3,0.011200000000000099,22.1,28.732368904768034,Pa,0.26244671511526363,0.8748223837175455,False,evaluated,,SUCCESS,True,[],2.842170943040401e-14,9055458d8b7cd767a0d08e9f37e4fd28631e29c363364d7b842ebade645cb241
packet,vle_obs_0226,vle_obs_0226-pco2,Jou1995,120,0.3,0.024700000000000166,98.4,116.88444139801909,Pa,0.1721449623030886,0.5738165410102953,False,evaluated,,SUCCESS,True,[],2.842170943040401e-14,9055458d8b7cd767a0d08e9f37e4fd28631e29c363364d7b842ebade645cb241
packet,vle_obs_0227,vle_obs_0227-pco2,Jou1995,120,0.3,0.11899999999999977,2290.0,2286.156091597213,Pa,-0.00167997298601906,-0.005599909953396867,False,evaluated,,SUCCESS,True,[],8.526512829121202e-14,9055458d8b7cd767a0d08e9f37e4fd28631e29c363364d7b842ebade645cb241
packet,vle_obs_0228,vle_obs_0228-pco2,Jou1995,120,0.3,0.34899999999999975,46800.0,59188.352565588044,Pa,0.2348415724061844,0.782805241353948,False,evaluated,,SUCCESS,True,[],1.1368683772161603e-13,9055458d8b7cd767a0d08e9f37e4fd28631e29c363364d7b842ebade645cb241
packet,vle_obs_0229,vle_obs_0229-pco2,Jou1995,120,0.3,0.41149999999999975,122000.0,147351.70489744164,Pa,0.1888012347767352,0.6293374492557839,False,evaluated,,SUCCESS,True,[],5.684341886080802e-14,9055458d8b7cd767a0d08e9f37e4fd28631e29c363364d7b842ebade645cb241
packet,vle_obs_0230,vle_obs_0230-pco2,Jou1995,120,0.3,0.44399999999999995,222000.0,241007.02031020232,Pa,0.08214868111195978,0.27382893703986594,False,evaluated,,SUCCESS,True,[],5.684341886080802e-14,9055458d8b7cd767a0d08e9f37e4fd28631e29c363364d7b842ebade645cb241
packet,vle_obs_0231,vle_obs_0231-pco2,Jou1995,120,0.3,0.47299999999999986,422000.0,369981.3695256163,Pa,-0.13155266229894755,-0.43850887432982516,False,evaluated,,SUCCESS,True,[],5.684341886080802e-14,9055458d8b7cd767a0d08e9f37e4fd28631e29c363364d7b842ebade645cb241
packet,vle_obs_0232,vle_obs_0232-pco2,Jou1995,120,0.3,0.536,822000.0,828205.9752121789,Pa,0.007521490726410327,0.02507163575470109,False,evaluated,,SUCCESS,True,[],8.526512829121202e-14,9055458d8b7cd767a0d08e9f37e4fd28631e29c363364d7b842ebade645cb241
packet,vle_obs_0233,vle_obs_0233-pco2,Jou1995,120,0.3,0.6389999999999998,2804000.0,1943403.3811115953,Pa,-0.3666062129587468,-1.2220207098624893,False,evaluated,,SUCCESS,True,[],4.263256414560601e-14,9055458d8b7cd767a0d08e9f37e4fd28631e29c363364d7b842ebade645cb241
packet,Bottinger2008_state_030,Bottinger2008_state_030::MEA + MEAH+,Bottinger2008,20,0.3,0.07500000000000018,0.1054,0.10393821373438,mol/mol true species,-0.01396601222033869,-0.12667125351992986,True,evaluated,,SUCCESS,True,[],8.526512829121202e-14,9055458d8b7cd767a0d08e9f37e4fd28631e29c363364d7b842ebade645cb241
packet,Bottinger2008_state_030,Bottinger2008_state_030::MEACOO-,Bottinger2008,20,0.3,0.07500000000000018,0.0086,0.00828065491292184,mol/mol true species,-0.03784014222669133,-0.17169090703126844,True,evaluated,,SUCCESS,True,[],8.526512829121202e-14,9055458d8b7cd767a0d08e9f37e4fd28631e29c363364d7b842ebade645cb241
packet,Bottinger2008_state_031,Bottinger2008_state_031::MEA + MEAH+,Bottinger2008,20,0.3,0.1499999999999999,0.0966,0.09572040485200492,mol/mol true species,-0.009147248642688044,-0.08251361613462337,True,evaluated,,SUCCESS,True,[],3.410605131648481e-13,9055458d8b7cd767a0d08e9f37e4fd28631e29c363364d7b842ebade645cb241
packet,Bottinger2008_state_031,Bottinger2008_state_031::MEACOO-,Bottinger2008,20,0.3,0.1499999999999999,0.0171,0.016498463184911247,mol/mol true species,-0.035811227248316334,-0.22196930446079452,True,evaluated,,SUCCESS,True,[],3.410605131648481e-13,9055458d8b7cd767a0d08e9f37e4fd28631e29c363364d7b842ebade645cb241
packet,Bottinger2008_state_032,Bottinger2008_state_032::MEA + MEAH+,Bottinger2008,20,0.3,0.23499999999999988,0.0871,0.08656053624508528,mol/mol true species,-0.006212873711484245,-0.05555754427546014,True,evaluated,,SUCCESS,True,[],2.2737367544323206e-13,9055458d8b7cd767a0d08e9f37e4fd28631e29c363364d7b842ebade645cb241
packet,Bottinger2008_state_032,Bottinger2008_state_032::MEACOO-,Bottinger2008,20,0.3,0.23499999999999988,0.0267,0.02565833044070641,mol/mol true species,-0.03979527300010888,-0.28383366738245025,True,evaluated,,SUCCESS,True,[],2.2737367544323206e-13,9055458d8b7cd767a0d08e9f37e4fd28631e29c363364d7b842ebade645cb241
packet,Bottinger2008_state_033,Bottinger2008_state_033::MEA + MEAH+,Bottinger2008,20,0.3,0.30900000000000016,0.078,0.07884475775162689,mol/mol true species,0.010772000699884864,0.09599519904850991,True,evaluated,,SUCCESS,True,[],2.8421709430404007e-13,9055458d8b7cd767a0d08e9f37e4fd28631e29c363364d7b842ebade645cb241
packet,Bottinger2008_state_033,Bottinger2008_state_033::MEACOO-,Bottinger2008,20,0.3,0.30900000000000016,0.0349,0.03337410647086857,mol/mol true species,-0.044706485254787626,-0.33984265682214554,True,evaluated,,SUCCESS,True,[],2.8421709430404007e-13,9055458d8b7cd767a0d08e9f37e4fd28631e29c363364d7b842ebade645cb241
packet,Bottinger2008_state_034,Bottinger2008_state_034::MEA + MEAH+,Bottinger2008,20,0.3,0.3879999999999999,0.0678,0.07116328760666843,mol/mol true species,0.04841486699022086,0.43229917823501673,True,evaluated,,SUCCESS,True,[],1.4210854715202004e-13,9055458d8b7cd767a0d08e9f37e4fd28631e29c363364d7b842ebade645cb241
packet,Bottinger2008_state_034,Bottinger2008_state_034::MEACOO-,Bottinger2008,20,0.3,0.3879999999999999,0.043,0.04105556911908329,mol/mol true species,-0.04627362227148608,-0.36687375111635934,True,evaluated,,SUCCESS,True,[],1.4210854715202004e-13,9055458d8b7cd767a0d08e9f37e4fd28631e29c363364d7b842ebade645cb241
packet,Bottinger2008_state_035,Bottinger2008_state_035::MEA + MEAH+,Bottinger2008,20,0.3,0.4740000000000002,0.062,0.0646890111730932,mol/mol true species,0.042456959271672805,0.37347377404072185,True,evaluated,,SUCCESS,True,[],3.979039320256561e-13,9055458d8b7cd767a0d08e9f37e4fd28631e29c363364d7b842ebade645cb241
packet,Bottinger2008_state_035,Bottinger2008_state_035::MEACOO-,Bottinger2008,20,0.3,0.4740000000000002,0.0493,0.04752976980598338,mol/mol true species,-0.03656783356545834,-0.2985211119758212,True,evaluated,,SUCCESS,True,[],3.979039320256561e-13,9055458d8b7cd767a0d08e9f37e4fd28631e29c363364d7b842ebade645cb241
packet,Bottinger2008_state_042,Bottinger2008_state_042::MEA + MEAH+,Bottinger2008,40,0.3,0.125,0.1009,0.0984817539507661,mol/mol true species,-0.024258635418914074,-0.21805645168926122,False,evaluated,,SUCCESS,True,[],1.7053025658242404e-13,9055458d8b7cd767a0d08e9f37e4fd28631e29c363364d7b842ebade645cb241
packet,Bottinger2008_state_042,Bottinger2008_state_042::MEACOO-,Bottinger2008,40,0.3,0.125,0.0144,0.013737111716750216,mol/mol true species,-0.047127151728444304,-0.2716755259220423,False,evaluated,,SUCCESS,True,[],1.7053025658242404e-13,9055458d8b7cd767a0d08e9f37e4fd28631e29c363364d7b842ebade645cb241
packet,Bottinger2008_state_043,Bottinger2008_state_043::MEA + MEAH+,Bottinger2008,40,0.3,0.20500000000000007,0.0934,0.08980754542159561,mol/mol true species,-0.0392223487171516,-0.34743274452653666,True,evaluated,,SUCCESS,True,[],1.7053025658242404e-13,9055458d8b7cd767a0d08e9f37e4fd28631e29c363364d7b842ebade645cb241
packet,Bottinger2008_state_043,Bottinger2008_state_043::MEACOO-,Bottinger2008,40,0.3,0.20500000000000007,0.0241,0.022411314256149447,mol/mol true species,-0.07264590843508824,-0.4952157606599861,True,evaluated,,SUCCESS,True,[],1.7053025658242404e-13,9055458d8b7cd767a0d08e9f37e4fd28631e29c363364d7b842ebade645cb241
packet,Bottinger2008_state_044,Bottinger2008_state_044::MEA + MEAH+,Bottinger2008,40,0.3,0.23599999999999977,0.0876,0.08649011816854812,mol/mol true species,-0.01275083135652551,-0.11371740076351153,True,evaluated,,SUCCESS,True,[],1.1368683772161603e-13,9055458d8b7cd767a0d08e9f37e4fd28631e29c363364d7b842ebade645cb241
packet,Bottinger2008_state_044,Bottinger2008_state_044::MEACOO-,Bottinger2008,40,0.3,0.23599999999999977,0.0271,0.025728737646244625,mol/mol true species,-0.051925164348430884,-0.36961249427368564,True,evaluated,,SUCCESS,True,[],1.1368683772161603e-13,9055458d8b7cd767a0d08e9f37e4fd28631e29c363364d7b842ebade645cb241
packet,Bottinger2008_state_045,Bottinger2008_state_045::MEA + MEAH+,Bottinger2008,40,0.3,0.28000000000000025,0.084,0.08184619081869543,mol/mol true species,-0.025975034671181715,-0.2291286363089973,True,evaluated,,SUCCESS,True,[],5.684341886080802e-14,9055458d8b7cd767a0d08e9f37e4fd28631e29c363364d7b842ebade645cb241
packet,Bottinger2008_state_045,Bottinger2008_state_045::MEACOO-,Bottinger2008,40,0.3,0.28000000000000025,0.0327,0.030372656801694244,mol/mol true species,-0.07383232154917155,-0.5450452455048609,True,evaluated,,SUCCESS,True,[],5.684341886080802e-14,9055458d8b7cd767a0d08e9f37e4fd28631e29c363364d7b842ebade645cb241
packet,Bottinger2008_state_046,Bottinger2008_state_046::MEA + MEAH+,Bottinger2008,40,0.3,0.34299999999999997,0.0758,0.07540664096592857,mol/mol true species,-0.00520294504171914,-0.04584604126706713,False,evaluated,,SUCCESS,True,[],5.684341886080802e-14,9055458d8b7cd767a0d08e9f37e4fd28631e29c363364d7b842ebade645cb241
packet,Bottinger2008_state_046,Bottinger2008_state_046::MEACOO-,Bottinger2008,40,0.3,0.34299999999999997,0.0396,0.03681218324929301,mol/mol true species,-0.07300026131911452,-0.5620598287715715,False,evaluated,,SUCCESS,True,[],5.684341886080802e-14,9055458d8b7cd767a0d08e9f37e4fd28631e29c363364d7b842ebade645cb241
packet,Bottinger2008_state_047,Bottinger2008_state_047::MEA + MEAH+,Bottinger2008,40,0.3,0.3540000000000001,0.0749,0.07432084848887426,mol/mol true species,-0.007762379386390088,-0.06821572569207761,True,evaluated,,SUCCESS,True,[],1.4210854715202004e-13,9055458d8b7cd767a0d08e9f37e4fd28631e29c363364d7b842ebade645cb241
packet,Bottinger2008_state_047,Bottinger2008_state_047::MEACOO-,Bottinger2008,40,0.3,0.3540000000000001,0.041,0.03789796883515491,mol/mol true species,-0.07867454879204544,-0.6082414048715871,True,evaluated,,SUCCESS,True,[],1.4210854715202004e-13,9055458d8b7cd767a0d08e9f37e4fd28631e29c363364d7b842ebade645cb241
packet,Bottinger2008_state_048,Bottinger2008_state_048::MEA + MEAH+,Bottinger2008,40,0.3,0.45999999999999996,0.065,0.0654029141738274,mol/mol true species,0.006179546807617576,0.05372188984365348,True,evaluated,,SUCCESS,True,[],1.1368683772161603e-13,9055458d8b7cd767a0d08e9f37e4fd28631e29c363364d7b842ebade645cb241
packet,Bottinger2008_state_048,Bottinger2008_state_048::MEACOO-,Bottinger2008,40,0.3,0.45999999999999996,0.0492,0.046815579712552666,mol/mol true species,-0.04967757613264999,-0.4027736972039417,True,evaluated,,SUCCESS,True,[],1.1368683772161603e-13,9055458d8b7cd767a0d08e9f37e4fd28631e29c363364d7b842ebade645cb241
packet,Bottinger2008_state_049,Bottinger2008_state_049::MEA + MEAH+,Bottinger2008,40,0.3,0.4660000000000002,0.0663,0.06508051571172285,mol/mol true species,-0.018564690598823277,-0.15982756071784338,True,evaluated,,SUCCESS,True,[],1.5631940186722204e-13,9055458d8b7cd767a0d08e9f37e4fd28631e29c363364d7b842ebade645cb241
packet,Bottinger2008_state_049,Bottinger2008_state_049::MEACOO-,Bottinger2008,40,0.3,0.4660000000000002,0.0502,0.04713790866717424,mol/mol true species,-0.06293749446796296,-0.5086530453198942,True,evaluated,,SUCCESS,True,[],1.5631940186722204e-13,9055458d8b7cd767a0d08e9f37e4fd28631e29c363364d7b842ebade645cb241
packet,Bottinger2008_state_049,Bottinger2008_state_049::HCO3-,Bottinger2008,40,0.3,0.4660000000000002,0.004,0.0051519160093647905,mol/mol true species,0.25307432501914817,0.8227971495462789,True,evaluated,,SUCCESS,True,[],1.5631940186722204e-13,9055458d8b7cd767a0d08e9f37e4fd28631e29c363364d7b842ebade645cb241
packet,Bottinger2008_state_050,Bottinger2008_state_050::MEA + MEAH+,Bottinger2008,40,0.3,0.4870000000000001,0.0646,0.06430185432714926,mol/mol true species,-0.004625941280416469,-0.03996590788884008,True,evaluated,,SUCCESS,True,[],3.979039320256561e-13,9055458d8b7cd767a0d08e9f37e4fd28631e29c363364d7b842ebade645cb241
packet,Bottinger2008_state_050,Bottinger2008_state_050::MEACOO-,Bottinger2008,40,0.3,0.4870000000000001,0.0511,0.047916152940136944,mol/mol true species,-0.0643318275070976,-0.5210878985045917,True,evaluated,,SUCCESS,True,[],3.979039320256561e-13,9055458d8b7cd767a0d08e9f37e4fd28631e29c363364d7b842ebade645cb241
packet,Bottinger2008_state_050,Bottinger2008_state_050::HCO3-,Bottinger2008,40,0.3,0.4870000000000001,0.0052,0.0067263385678008585,mol/mol true species,0.2573723236331452,1.0041701103953018,True,evaluated,,SUCCESS,True,[],3.979039320256561e-13,9055458d8b7cd767a0d08e9f37e4fd28631e29c363364d7b842ebade645cb241
packet,Bottinger2008_state_055,Bottinger2008_state_055::MEA + MEAH+,Bottinger2008,60,0.3,0.13100000000000023,0.0974,0.09788237546490096,mol/mol true species,0.004940296786588051,0.044913916657444895,True,evaluated,,SUCCESS,True,[],2.8421709430404007e-13,9055458d8b7cd767a0d08e9f37e4fd28631e29c363364d7b842ebade645cb241
packet,Bottinger2008_state_055,Bottinger2008_state_055::MEACOO-,Bottinger2008,60,0.3,0.13100000000000023,0.0147,0.01433647581759512,mol/mol true species,-0.025040447701459773,-0.1471757823501538,True,evaluated,,SUCCESS,True,[],2.8421709430404007e-13,9055458d8b7cd767a0d08e9f37e4fd28631e29c363364d7b842ebade645cb241
packet,Bottinger2008_state_056,Bottinger2008_state_056::MEA + MEAH+,Bottinger2008,60,0.3,0.20299999999999985,0.0905,0.09011671707840596,mol/mol true species,-0.0042441641408510564,-0.038137604138710035,True,evaluated,,SUCCESS,True,[],2.8421709430404007e-13,9055458d8b7cd767a0d08e9f37e4fd28631e29c363364d7b842ebade645cb241
packet,Bottinger2008_state_056,Bottinger2008_state_056::MEACOO-,Bottinger2008,60,0.3,0.20299999999999985,0.0231,0.022102104779752375,mol/mol true species,-0.04415977463615472,-0.301478918503814,True,evaluated,,SUCCESS,True,[],2.8421709430404007e-13,9055458d8b7cd767a0d08e9f37e4fd28631e29c363364d7b842ebade645cb241
packet,Bottinger2008_state_057,Bottinger2008_state_057::MEA + MEAH+,Bottinger2008,60,0.3,0.27700000000000014,0.0791,0.08230198964910557,mol/mol true species,0.039682408183480344,0.35937033098827864,True,evaluated,,SUCCESS,True,[],1.1368683772161603e-13,9055458d8b7cd767a0d08e9f37e4fd28631e29c363364d7b842ebade645cb241
packet,Bottinger2008_state_057,Bottinger2008_state_057::MEACOO-,Bottinger2008,60,0.3,0.27700000000000014,0.0302,0.02991676576435808,mol/mol true species,-0.009422873228379813,-0.07045627752286553,True,evaluated,,SUCCESS,True,[],1.1368683772161603e-13,9055458d8b7cd767a0d08e9f37e4fd28631e29c363364d7b842ebade645cb241
packet,Bottinger2008_state_058,Bottinger2008_state_058::MEA + MEAH+,Bottinger2008,60,0.3,0.41500000000000004,0.0687,0.06906010304241816,mol/mol true species,0.005227984803355665,0.04575642216241,True,evaluated,,SUCCESS,True,[],3.410605131648481e-13,9055458d8b7cd767a0d08e9f37e4fd28631e29c363364d7b842ebade645cb241
packet,Bottinger2008_state_058,Bottinger2008_state_058::MEACOO-,Bottinger2008,60,0.3,0.41500000000000004,0.0417,0.04315796297687834,mol/mol true species,0.034365813457423844,0.2820044442704724,True,evaluated,,SUCCESS,True,[],3.410605131648481e-13,9055458d8b7cd767a0d08e9f37e4fd28631e29c363364d7b842ebade645cb241
packet,Bottinger2008_state_058,Bottinger2008_state_058::HCO3-,Bottinger2008,60,0.3,0.41500000000000004,0.0042,0.003405379938196823,mol/mol true species,-0.20972800947604525,-0.5595915928191387,True,evaluated,,SUCCESS,True,[],3.410605131648481e-13,9055458d8b7cd767a0d08e9f37e4fd28631e29c363364d7b842ebade645cb241
packet,Bottinger2008_state_059,Bottinger2008_state_059::MEA + MEAH+,Bottinger2008,60,0.3,0.4889999999999999,0.068,0.06501125277311323,mol/mol true species,-0.04494733067757859,-0.3831727213957401,True,evaluated,,SUCCESS,True,[],1.7053025658242404e-13,9055458d8b7cd767a0d08e9f37e4fd28631e29c363364d7b842ebade645cb241
packet,Bottinger2008_state_059,Bottinger2008_state_059::MEACOO-,Bottinger2008,60,0.3,0.4889999999999999,0.0424,0.047203027836160386,mol/mol true species,0.10730967736732858,0.9166083656794629,True,evaluated,,SUCCESS,True,[],1.7053025658242404e-13,9055458d8b7cd767a0d08e9f37e4fd28631e29c363364d7b842ebade645cb241
packet,Bottinger2008_state_059,Bottinger2008_state_059::HCO3-,Bottinger2008,60,0.3,0.4889999999999999,0.0072,0.0076288685145468,mol/mol true species,0.05785851398498337,0.24934215962023248,True,evaluated,,SUCCESS,True,[],1.7053025658242404e-13,9055458d8b7cd767a0d08e9f37e4fd28631e29c363364d7b842ebade645cb241
packet,Bottinger2008_state_063,Bottinger2008_state_063::MEA + MEAH+,Bottinger2008,80,0.3,0.06400000000000006,0.1084,0.10522239936003568,mol/mol true species,-0.02975188969319577,-0.26837843242941894,False,evaluated,,SUCCESS,True,[],1.7053025658242404e-13,9055458d8b7cd767a0d08e9f37e4fd28631e29c363364d7b842ebade645cb241
packet,Bottinger2008_state_063,Bottinger2008_state_063::MEACOO-,Bottinger2008,80,0.3,0.06400000000000006,0.0068,0.006996449316235343,mol/mol true species,0.028480167645442804,0.11693411680675181,False,evaluated,,SUCCESS,True,[],1.7053025658242404e-13,9055458d8b7cd767a0d08e9f37e4fd28631e29c363364d7b842ebade645cb241
packet,Bottinger2008_state_064,Bottinger2008_state_064::MEA + MEAH+,Bottinger2008,80,0.3,0.14100000000000001,0.1005,0.0968804881350247,mol/mol true species,-0.036679589713883305,-0.32755763483939415,False,evaluated,,SUCCESS,True,[],3.979039320256561e-13,9055458d8b7cd767a0d08e9f37e4fd28631e29c363364d7b842ebade645cb241
packet,Bottinger2008_state_064,Bottinger2008_state_064::MEACOO-,Bottinger2008,80,0.3,0.14100000000000001,0.014,0.015338284721113551,mol/mol true species,0.09129464267374654,0.5576186337973129,False,evaluated,,SUCCESS,True,[],3.979039320256561e-13,9055458d8b7cd767a0d08e9f37e4fd28631e29c363364d7b842ebade645cb241
packet,Bottinger2008_state_065,Bottinger2008_state_065::MEA + MEAH+,Bottinger2008,80,0.3,0.2450000000000001,0.0906,0.08584433300301317,mol/mol true species,-0.05391863833253785,-0.47273031779193164,False,evaluated,,SUCCESS,True,[],1.7053025658242404e-13,9055458d8b7cd767a0d08e9f37e4fd28631e29c363364d7b842ebade645cb241
packet,Bottinger2008_state_065,Bottinger2008_state_065::MEACOO-,Bottinger2008,80,0.3,0.2450000000000001,0.0224,0.02637415102680348,mol/mol true species,0.16332344385995962,1.2265898230874943,False,evaluated,,SUCCESS,True,[],1.7053025658242404e-13,9055458d8b7cd767a0d08e9f37e4fd28631e29c363364d7b842ebade645cb241
packet,Bottinger2008_state_066,Bottinger2008_state_066::MEA + MEAH+,Bottinger2008,80,0.3,0.33599999999999985,0.0858,0.07667080417113298,mol/mol true species,-0.11249802024546077,-0.9529431971677476,False,evaluated,,SUCCESS,True,[],1.7053025658242404e-13,9055458d8b7cd767a0d08e9f37e4fd28631e29c363364d7b842ebade645cb241
packet,Bottinger2008_state_066,Bottinger2008_state_066::MEACOO-,Bottinger2008,80,0.3,0.33599999999999985,0.0337,0.03554683967309581,mol/mol true species,0.05335341685475897,0.42261777416380114,False,evaluated,,SUCCESS,True,[],1.7053025658242404e-13,9055458d8b7cd767a0d08e9f37e4fd28631e29c363364d7b842ebade645cb241
packet,Bottinger2008_state_067,Bottinger2008_state_067::MEA + MEAH+,Bottinger2008,80,0.3,0.39800000000000013,0.0872,0.07109001628746087,mol/mol true species,-0.2042574218631328,-1.6574057317427093,False,evaluated,,SUCCESS,True,[],5.684341886080802e-14,9055458d8b7cd767a0d08e9f37e4fd28631e29c363364d7b842ebade645cb241
packet,Bottinger2008_state_067,Bottinger2008_state_067::MEACOO-,Bottinger2008,80,0.3,0.39800000000000013,0.0336,0.041125735134956196,mol/mol true species,0.2021080175786456,1.7260860401275682,False,evaluated,,SUCCESS,True,[],5.684341886080802e-14,9055458d8b7cd767a0d08e9f37e4fd28631e29c363364d7b842ebade645cb241
packet,Bottinger2008_state_067,Bottinger2008_state_067::HCO3-,Bottinger2008,80,0.3,0.39800000000000013,0.0046,0.003508353711314527,mol/mol true species,-0.27090940416088644,-0.7477029374558035,False,evaluated,,SUCCESS,True,[],5.684341886080802e-14,9055458d8b7cd767a0d08e9f37e4fd28631e29c363364d7b842ebade645cb241
packet,Matin2012_state_001,Matin2012_state_001::MEA,Matin2012,20,0.3,0.10599999999999987,0.0915,0.08856252814745774,mol/mol true species,-0.032630137004710257,-0.2894060938465277,True,evaluated,,SUCCESS,True,[],1.1368683772161603e-13,9055458d8b7cd767a0d08e9f37e4fd28631e29c363364d7b842ebade645cb241
packet,Matin2012_state_001,Matin2012_state_001::MEAH+,Matin2012,20,0.3,0.10599999999999987,0.0115,0.011968447228803778,mol/mol true species,0.039926753881617275,0.21788243200175736,True,evaluated,,SUCCESS,True,[],1.1368683772161603e-13,9055458d8b7cd767a0d08e9f37e4fd28631e29c363364d7b842ebade645cb241
packet,Matin2012_state_001,Matin2012_state_001::MEACOO-,Matin2012,20,0.3,0.10599999999999987,0.0097,0.011687893066563452,mol/mol true species,0.18642763990366437,1.0090827749053055,True,evaluated,,SUCCESS,True,[],1.1368683772161603e-13,9055458d8b7cd767a0d08e9f37e4fd28631e29c363364d7b842ebade645cb241
packet,Matin2012_state_001,Matin2012_state_001::HCO3-,Matin2012,20,0.3,0.10599999999999987,0.0024,0.000207303027890425,mol/mol true species,-2.44904239067958,-1.768304009765786,False,evaluated,,SUCCESS,True,[],1.1368683772161603e-13,9055458d8b7cd767a0d08e9f37e4fd28631e29c363364d7b842ebade645cb241
packet,Matin2012_state_002,Matin2012_state_002::MEA,Matin2012,20,0.3,0.1280000000000001,0.0867,0.0836587612104435,mol/mol true species,-0.03570772531162905,-0.3145024601402797,True,evaluated,,SUCCESS,True,[],2.2737367544323206e-13,9055458d8b7cd767a0d08e9f37e4fd28631e29c363364d7b842ebade645cb241
packet,Matin2012_state_002,Matin2012_state_002::MEAH+,Matin2012,20,0.3,0.1280000000000001,0.0139,0.014462642308225436,mol/mol true species,0.03968009214289292,0.2354151917261242,True,evaluated,,SUCCESS,True,[],2.2737367544323206e-13,9055458d8b7cd767a0d08e9f37e4fd28631e29c363364d7b842ebade645cb241
packet,Matin2012_state_002,Matin2012_state_002::MEACOO-,Matin2012,20,0.3,0.1280000000000001,0.0124,0.01409746473976963,mol/mol true species,0.12829850291605313,0.7577967588257278,True,evaluated,,SUCCESS,True,[],2.2737367544323206e-13,9055458d8b7cd767a0d08e9f37e4fd28631e29c363364d7b842ebade645cb241
packet,Matin2012_state_002,Matin2012_state_002::HCO3-,Matin2012,20,0.3,0.1280000000000001,0.0022,0.0002665447937284122,mol/mol true species,-2.1106703283321226,-1.5847993494029406,False,evaluated,,SUCCESS,True,[],2.2737367544323206e-13,9055458d8b7cd767a0d08e9f37e4fd28631e29c363364d7b842ebade645cb241
packet,Matin2012_state_003,Matin2012_state_003::MEA,Matin2012,20,0.3,0.1499999999999999,0.0817,0.07875750479820297,mol/mol true species,-0.03668042967607868,-0.3208827919080727,True,evaluated,,SUCCESS,True,[],1.4210854715202004e-13,9055458d8b7cd767a0d08e9f37e4fd28631e29c363364d7b842ebade645cb241
packet,Matin2012_state_003,Matin2012_state_003::MEAH+,Matin2012,20,0.3,0.1499999999999999,0.0162,0.016962900053801914,mol/mol true species,0.04601736724597621,0.2911832266419522,True,evaluated,,SUCCESS,True,[],1.4210854715202004e-13,9055458d8b7cd767a0d08e9f37e4fd28631e29c363364d7b842ebade645cb241
packet,Matin2012_state_003,Matin2012_state_003::MEACOO-,Matin2012,20,0.3,0.1499999999999999,0.0151,0.016498463184911258,mol/mol true species,0.08857249243941971,0.5571566473750029,True,evaluated,,SUCCESS,True,[],1.4210854715202004e-13,9055458d8b7cd767a0d08e9f37e4fd28631e29c363364d7b842ebade645cb241
packet,Matin2012_state_003,Matin2012_state_003::HCO3-,Matin2012,20,0.3,0.1499999999999999,0.002,0.000334359443023067,mol/mol true species,-1.788685868512649,-1.3880337974807775,False,evaluated,,SUCCESS,True,[],1.4210854715202004e-13,9055458d8b7cd767a0d08e9f37e4fd28631e29c363364d7b842ebade645cb241
packet,Matin2012_state_004,Matin2012_state_004::MEA,Matin2012,20,0.3,0.17300000000000004,0.0768,0.07363657314938551,mol/mol true species,-0.042062820050991497,-0.36445009799705974,True,evaluated,,SUCCESS,True,[],1.1368683772161603e-13,9055458d8b7cd767a0d08e9f37e4fd28631e29c363364d7b842ebade645cb241
packet,Matin2012_state_004,Matin2012_state_004::MEAH+,Matin2012,20,0.3,0.17300000000000004,0.0186,0.019584692407752846,mol/mol true species,0.05158668077379233,0.3442980446688279,True,evaluated,,SUCCESS,True,[],1.1368683772161603e-13,9055458d8b7cd767a0d08e9f37e4fd28631e29c363364d7b842ebade645cb241
packet,Matin2012_state_004,Matin2012_state_004::MEACOO-,Matin2012,20,0.3,0.17300000000000004,0.0177,0.018997602201954837,mol/mol true species,0.07074813172566607,0.46844844835914684,True,evaluated,,SUCCESS,True,[],1.1368683772161603e-13,9055458d8b7cd767a0d08e9f37e4fd28631e29c363364d7b842ebade645cb241
packet,Matin2012_state_004,Matin2012_state_004::HCO3-,Matin2012,20,0.3,0.17300000000000004,0.002,0.00041625186704107855,mol/mol true species,-1.5696119328735156,-1.319790110799101,False,evaluated,,SUCCESS,True,[],1.1368683772161603e-13,9055458d8b7cd767a0d08e9f37e4fd28631e29c363364d7b842ebade645cb241
packet,Matin2012_state_005,Matin2012_state_005::MEA,Matin2012,20,0.3,0.19499999999999984,0.0718,0.06874177808842315,mol/mol true species,-0.043527338100242265,-0.3738657593614738,True,evaluated,,SUCCESS,True,[],1.9895196601282805e-13,9055458d8b7cd767a0d08e9f37e4fd28631e29c363364d7b842ebade645cb241
packet,Matin2012_state_005,Matin2012_state_005::MEAH+,Matin2012,20,0.3,0.19499999999999984,0.021,0.022101662501574245,mol/mol true species,0.051130394286503435,0.3553750005078205,True,evaluated,,SUCCESS,True,[],1.9895196601282805e-13,9055458d8b7cd767a0d08e9f37e4fd28631e29c363364d7b842ebade645cb241
packet,Matin2012_state_005,Matin2012_state_005::MEACOO-,Matin2012,20,0.3,0.19499999999999984,0.0203,0.02137542685036157,mol/mol true species,0.051621098183251155,0.3549263532546436,True,evaluated,,SUCCESS,True,[],1.9895196601282805e-13,9055458d8b7cd767a0d08e9f37e4fd28631e29c363364d7b842ebade645cb241
packet,Matin2012_state_005,Matin2012_state_005::HCO3-,Matin2012,20,0.3,0.19499999999999984,0.002,0.0005072394068902273,mol/mol true species,-1.3719193644643186,-1.2439671609248104,False,evaluated,,SUCCESS,True,[],1.9895196601282805e-13,9055458d8b7cd767a0d08e9f37e4fd28631e29c363364d7b842ebade645cb241
packet,Matin2012_state_006,Matin2012_state_006::MEA,Matin2012,20,0.3,0.21799999999999997,0.0668,0.06362884325173955,mol/mol true species,-0.04863620275373779,-0.41291103492974585,True,evaluated,,SUCCESS,True,[],1.1368683772161603e-13,9055458d8b7cd767a0d08e9f37e4fd28631e29c363364d7b842ebade645cb241
packet,Matin2012_state_006,Matin2012_state_006::MEAH+,Matin2012,20,0.3,0.21799999999999997,0.0234,0.024744707981988648,mol/mol true species,0.05587562487897196,0.4026071802361219,True,evaluated,,SUCCESS,True,[],1.1368683772161603e-13,9055458d8b7cd767a0d08e9f37e4fd28631e29c363364d7b842ebade645cb241
packet,Matin2012_state_006,Matin2012_state_006::MEACOO-,Matin2012,20,0.3,0.21799999999999997,0.0228,0.02384531580491137,mol/mol true species,0.04482725977469986,0.31869384296078296,True,evaluated,,SUCCESS,True,[],1.1368683772161603e-13,9055458d8b7cd767a0d08e9f37e4fd28631e29c363364d7b842ebade645cb241
packet,Matin2012_state_006,Matin2012_state_006::HCO3-,Matin2012,20,0.3,0.21799999999999997,0.0021,0.0006183807361094222,mol/mol true species,-1.2225882781049102,-1.2244787304880806,False,evaluated,,SUCCESS,True,[],1.1368683772161603e-13,9055458d8b7cd767a0d08e9f37e4fd28631e29c363364d7b842ebade645cb241
packet,Matin2012_state_007,Matin2012_state_007::MEA,Matin2012,20,0.3,0.2410000000000001,0.0618,0.05852131154048048,mol/mol true species,-0.054512376729635346,-0.45664184672973834,True,evaluated,,SUCCESS,True,[],1.1368683772161603e-13,9055458d8b7cd767a0d08e9f37e4fd28631e29c363364d7b842ebade645cb241
packet,Matin2012_state_007,Matin2012_state_007::MEAH+,Matin2012,20,0.3,0.2410000000000001,0.0257,0.027402243093530638,mol/mol true species,0.06413388286951194,0.4768187937060608,True,evaluated,,SUCCESS,True,[],1.1368683772161603e-13,9055458d8b7cd767a0d08e9f37e4fd28631e29c363364d7b842ebade645cb241
packet,Matin2012_state_007,Matin2012_state_007::MEACOO-,Matin2012,20,0.3,0.2410000000000001,0.0252,0.02629531191373868,mol/mol true species,0.0425466745466992,0.311168157312125,True,evaluated,,SUCCESS,True,[],1.1368683772161603e-13,9055458d8b7cd767a0d08e9f37e4fd28631e29c363364d7b842ebade645cb241
packet,Matin2012_state_007,Matin2012_state_007::HCO3-,Matin2012,20,0.3,0.2410000000000001,0.0023,0.0007494140764701028,mol/mol true species,-1.121372732080338,-1.2606389622194287,False,evaluated,,SUCCESS,True,[],1.1368683772161603e-13,9055458d8b7cd767a0d08e9f37e4fd28631e29c363364d7b842ebade645cb241
packet,Matin2012_state_008,Matin2012_state_008::MEA,Matin2012,20,0.3,0.26400000000000023,0.0568,0.053420500039811365,mol/mol true species,-0.06134175755350771,-0.5059131676929098,True,evaluated,,SUCCESS,True,[],1.5631940186722204e-13,9055458d8b7cd767a0d08e9f37e4fd28631e29c363364d7b842ebade645cb241
packet,Matin2012_state_008,Matin2012_state_008::MEAH+,Matin2012,20,0.3,0.26400000000000023,0.0281,0.03007737756185754,mol/mol true species,0.06800373682225946,0.5189967353956794,True,evaluated,,SUCCESS,True,[],1.5631940186722204e-13,9055458d8b7cd767a0d08e9f37e4fd28631e29c363364d7b842ebade645cb241
packet,Matin2012_state_008,Matin2012_state_008::MEACOO-,Matin2012,20,0.3,0.26400000000000023,0.0276,0.028720988337604496,mol/mol true species,0.039812383734047156,0.29813519617140855,True,evaluated,,SUCCESS,True,[],1.5631940186722204e-13,9055458d8b7cd767a0d08e9f37e4fd28631e29c363364d7b842ebade645cb241
packet,Matin2012_state_008,Matin2012_state_008::HCO3-,Matin2012,20,0.3,0.26400000000000023,0.0026,0.0009047660003359355,mol/mol true species,-1.0555903769075776,-1.345423809257194,False,evaluated,,SUCCESS,True,[],1.5631940186722204e-13,9055458d8b7cd767a0d08e9f37e4fd28631e29c363364d7b842ebade645cb241
packet,Matin2012_state_009,Matin2012_state_009::MEA,Matin2012,20,0.3,0.2869999999999999,0.0518,0.04832825469265165,mol/mol true species,-0.06937377635821984,-0.5617710853314476,True,evaluated,,SUCCESS,True,[],2.8421709430404007e-13,9055458d8b7cd767a0d08e9f37e4fd28631e29c363364d7b842ebade645cb241
packet,Matin2012_state_009,Matin2012_state_009::MEAH+,Matin2012,20,0.3,0.2869999999999999,0.0304,0.0327738002431704,mol/mol true species,0.07518681471465236,0.5875743176164354,True,evaluated,,SUCCESS,True,[],2.8421709430404007e-13,9055458d8b7cd767a0d08e9f37e4fd28631e29c363364d7b842ebade645cb241
packet,Matin2012_state_009,Matin2012_state_009::MEACOO-,Matin2012,20,0.3,0.2869999999999999,0.0299,0.03111681023441263,mol/mol true species,0.03988971476598384,0.3049649710307344,True,evaluated,,SUCCESS,True,[],2.8421709430404007e-13,9055458d8b7cd767a0d08e9f37e4fd28631e29c363364d7b842ebade645cb241
packet,Matin2012_state_009,Matin2012_state_009::HCO3-,Matin2012,20,0.3,0.2869999999999999,0.003,0.001089970946391964,mol/mol true species,-1.0124612474685715,-1.469253118160028,False,evaluated,,SUCCESS,True,[],2.8421709430404007e-13,9055458d8b7cd767a0d08e9f37e4fd28631e29c363364d7b842ebade645cb241
packet,Matin2012_state_010,Matin2012_state_010::MEA,Matin2012,20,0.3,0.31000000000000005,0.0469,0.04324725061424402,mol/mol true species,-0.08108401370783382,-0.641959470255884,True,evaluated,,SUCCESS,True,[],5.684341886080802e-14,9055458d8b7cd767a0d08e9f37e4fd28631e29c363364d7b842ebade645cb241
packet,Matin2012_state_010,Matin2012_state_010::MEAH+,Matin2012,20,0.3,0.31000000000000005,0.0327,0.03549582174066519,mol/mol true species,0.08203991420522365,0.6547591898513332,True,evaluated,,SUCCESS,True,[],5.684341886080802e-14,9055458d8b7cd767a0d08e9f37e4fd28631e29c363364d7b842ebade645cb241
packet,Matin2012_state_010,Matin2012_state_010::MEACOO-,Matin2012,20,0.3,0.31000000000000005,0.0321,0.03347579181819662,mol/mol true species,0.041966515177843416,0.32679140574741633,True,evaluated,,SUCCESS,True,[],5.684341886080802e-14,9055458d8b7cd767a0d08e9f37e4fd28631e29c363364d7b842ebade645cb241
packet,Matin2012_state_010,Matin2012_state_010::HCO3-,Matin2012,20,0.3,0.31000000000000005,0.0034,0.0013120140668416362,mol/mol true species,-0.9522120194796188,-1.5581984575808683,False,evaluated,,SUCCESS,True,[],5.684341886080802e-14,9055458d8b7cd767a0d08e9f37e4fd28631e29c363364d7b842ebade645cb241
packet,Matin2012_state_011,Matin2012_state_011::MEA,Matin2012,20,0.3,0.3340000000000001,0.0419,0.037961705457480045,mol/mol true species,-0.0987079264432141,-0.7588236112755211,True,evaluated,,SUCCESS,True,[],2.8421709430404007e-13,9055458d8b7cd767a0d08e9f37e4fd28631e29c363364d7b842ebade645cb241
packet,Matin2012_state_011,Matin2012_state_011::MEAH+,Matin2012,20,0.3,0.3340000000000001,0.0349,0.03836881080208024,mol/mol true species,0.094758081661152,0.772563653024552,True,evaluated,,SUCCESS,True,[],2.8421709430404007e-13,9055458d8b7cd767a0d08e9f37e4fd28631e29c363364d7b842ebade645cb241
packet,Matin2012_state_011,Matin2012_state_011::MEACOO-,Matin2012,20,0.3,0.3340000000000001,0.0342,0.0358883465086994,mol/mol true species,0.04818698894298081,0.38197884812203514,True,evaluated,,SUCCESS,True,[],2.8421709430404007e-13,9055458d8b7cd767a0d08e9f37e4fd28631e29c363364d7b842ebade645cb241
packet,Matin2012_state_011,Matin2012_state_011::HCO3-,Matin2012,20,0.3,0.3340000000000001,0.004,0.0015926991284691985,mol/mol true species,-0.9208642190478082,-1.7195006225220013,False,evaluated,,SUCCESS,True,[],2.8421709430404007e-13,9055458d8b7cd767a0d08e9f37e4fd28631e29c363364d7b842ebade645cb241
packet,Matin2012_state_012,Matin2012_state_012::MEA,Matin2012,20,0.3,0.3580000000000001,0.0371,0.03270015749570877,mol/mol true species,-0.12623707533924922,-0.9341491516541883,True,evaluated,,SUCCESS,True,[],2.2737367544323206e-13,9055458d8b7cd767a0d08e9f37e4fd28631e29c363364d7b842ebade645cb241
packet,Matin2012_state_012,Matin2012_state_012::MEAH+,Matin2012,20,0.3,0.3580000000000001,0.0372,0.04128115642522404,mol/mol true species,0.10409737367875581,0.8646517850050944,True,evaluated,,SUCCESS,True,[],2.2737367544323206e-13,9055458d8b7cd767a0d08e9f37e4fd28631e29c363364d7b842ebade645cb241
packet,Matin2012_state_012,Matin2012_state_012::MEACOO-,Matin2012,20,0.3,0.3580000000000001,0.0362,0.038237546847476996,mol/mol true species,0.05475881581556894,0.44102745616385114,True,evaluated,,SUCCESS,True,[],2.2737367544323206e-13,9055458d8b7cd767a0d08e9f37e4fd28631e29c363364d7b842ebade645cb241
packet,Matin2012_state_012,Matin2012_state_012::HCO3-,Matin2012,20,0.3,0.3580000000000001,0.0046,0.0019367329592066985,mol/mol true species,-0.865053791657969,-1.8241555073926723,False,evaluated,,SUCCESS,True,[],2.2737367544323206e-13,9055458d8b7cd767a0d08e9f37e4fd28631e29c363364d7b842ebade645cb241
packet,Matin2012_state_013,Matin2012_state_013::MEA,Matin2012,20,0.3,0.3820000000000001,0.0322,0.02747523297686284,mol/mol true species,-0.15868147270198532,-1.119613038658095,True,evaluated,,SUCCESS,True,[],1.7053025658242404e-13,9055458d8b7cd767a0d08e9f37e4fd28631e29c363364d7b842ebade645cb241
packet,Matin2012_state_013,Matin2012_state_013::MEAH+,Matin2012,20,0.3,0.3820000000000001,0.0394,0.044238998251728626,mol/mol true species,0.11584089715763497,0.9795543019693579,True,evaluated,,SUCCESS,True,[],1.7053025658242404e-13,9055458d8b7cd767a0d08e9f37e4fd28631e29c363364d7b842ebade645cb241
packet,Matin2012_state_013,Matin2012_state_013::MEACOO-,Matin2012,20,0.3,0.3820000000000001,0.0381,0.040504626507808075,mol/mol true species,0.06120192021623786,0.49992235089564935,True,evaluated,,SUCCESS,True,[],1.7053025658242404e-13,9055458d8b7cd767a0d08e9f37e4fd28631e29c363364d7b842ebade645cb241
packet,Matin2012_state_013,Matin2012_state_013::HCO3-,Matin2012,20,0.3,0.3820000000000001,0.0053,0.0023628777803689563,mol/mol true species,-0.8078265459216036,-1.919687725249048,False,evaluated,,SUCCESS,True,[],1.7053025658242404e-13,9055458d8b7cd767a0d08e9f37e4fd28631e29c363364d7b842ebade645cb241
packet,Matin2012_state_014,Matin2012_state_014::MEA,Matin2012,20,0.3,0.40600000000000014,0.0274,0.02231036610094754,mol/mol true species,-0.20549159535999292,-1.3608646788910321,True,evaluated,,SUCCESS,True,[],3.979039320256561e-13,9055458d8b7cd767a0d08e9f37e4fd28631e29c363364d7b842ebade645cb241
packet,Matin2012_state_014,Matin2012_state_014::MEAH+,Matin2012,20,0.3,0.40600000000000014,0.0415,0.04724709524825136,mol/mol true species,0.1296977485858739,1.1159408249031761,True,evaluated,,SUCCESS,True,[],3.979039320256561e-13,9055458d8b7cd767a0d08e9f37e4fd28631e29c363364d7b842ebade645cb241
packet,Matin2012_state_014,Matin2012_state_014::MEACOO-,Matin2012,20,0.3,0.40600000000000014,0.04,0.04266139137965926,mol/mol true species,0.0644148739543371,0.5322782759318523,True,evaluated,,SUCCESS,True,[],3.979039320256561e-13,9055458d8b7cd767a0d08e9f37e4fd28631e29c363364d7b842ebade645cb241
packet,Matin2012_state_014,Matin2012_state_014::HCO3-,Matin2012,20,0.3,0.40600000000000014,0.0061,0.002899318838140187,mol/mol true species,-0.7438129451761988,-1.9880007216520579,False,evaluated,,SUCCESS,True,[],3.979039320256561e-13,9055458d8b7cd767a0d08e9f37e4fd28631e29c363364d7b842ebade645cb241
packet,Matin2012_state_015,Matin2012_state_015::MEA,Matin2012,20,0.3,0.43100000000000005,0.0227,0.017046194245536266,mol/mol true species,-0.28643795707870234,-1.728992585462916,True,evaluated,,SUCCESS,True,[],1.5631940186722204e-13,9055458d8b7cd767a0d08e9f37e4fd28631e29c363364d7b842ebade645cb241
packet,Matin2012_state_015,Matin2012_state_015::MEAH+,Matin2012,20,0.3,0.43100000000000005,0.0436,0.050433588744759936,mol/mol true species,0.1456002460959944,1.2749232732761073,True,evaluated,,SUCCESS,True,[],1.5631940186722204e-13,9055458d8b7cd767a0d08e9f37e4fd28631e29c363364d7b842ebade645cb241
packet,Matin2012_state_015,Matin2012_state_015::MEACOO-,Matin2012,20,0.3,0.43100000000000005,0.0417,0.04473905987074683,mol/mol true species,0.07034581386583622,0.5878258937614763,True,evaluated,,SUCCESS,True,[],1.5631940186722204e-13,9055458d8b7cd767a0d08e9f37e4fd28631e29c363364d7b842ebade645cb241
packet,Matin2012_state_015,Matin2012_state_015::HCO3-,Matin2012,20,0.3,0.43100000000000005,0.007,0.0036270294785919243,mol/mol true species,-0.6574961612463784,-1.9841003067106326,False,evaluated,,SUCCESS,True,[],1.5631940186722204e-13,9055458d8b7cd767a0d08e9f37e4fd28631e29c363364d7b842ebade645cb241
packet,Matin2012_state_016,Matin2012_state_016::MEA,Matin2012,20,0.3,0.45500000000000007,0.0181,0.012218280624160959,mol/mol true species,-0.39297869621491144,-2.09313856791425,False,evaluated,,SUCCESS,True,[],1.7053025658242404e-13,9055458d8b7cd767a0d08e9f37e4fd28631e29c363364d7b842ebade645cb241
packet,Matin2012_state_016,Matin2012_state_016::MEAH+,Matin2012,20,0.3,0.45500000000000007,0.0457,0.05352736557044277,mol/mol true species,0.15809473121679035,1.4052720952320954,False,evaluated,,SUCCESS,True,[],1.7053025658242404e-13,9055458d8b7cd767a0d08e9f37e4fd28631e29c363364d7b842ebade645cb241
packet,Matin2012_state_016,Matin2012_state_016::MEACOO-,Matin2012,20,0.3,0.45500000000000007,0.0433,0.046473175393990554,mol/mol true species,0.0707226378819609,0.595342475420367,False,evaluated,,SUCCESS,True,[],1.7053025658242404e-13,9055458d8b7cd767a0d08e9f37e4fd28631e29c363364d7b842ebade645cb241
packet,Matin2012_state_016,Matin2012_state_016::HCO3-,Matin2012,20,0.3,0.45500000000000007,0.008,0.004585966942911208,mol/mol true species,-0.5564405655319415,-1.8966850317159958,False,evaluated,,SUCCESS,True,[],1.7053025658242404e-13,9055458d8b7cd767a0d08e9f37e4fd28631e29c363364d7b842ebade645cb241
packet,Matin2012_state_017,Matin2012_state_017::MEA,Matin2012,20,0.3,0.48,0.0135,0.007723420149190462,mol/mol true species,-0.5584323950075446,-2.458119085450867,True,evaluated,,SUCCESS,True,[],2.8421709430404007e-13,9055458d8b7cd767a0d08e9f37e4fd28631e29c363364d7b842ebade645cb241
packet,Matin2012_state_017,Matin2012_state_017::MEAH+,Matin2012,20,0.3,0.48,0.0477,0.05672183919720604,mol/mol true species,0.1732279097066547,1.563576983917858,True,evaluated,,SUCCESS,True,[],2.8421709430404007e-13,9055458d8b7cd767a0d08e9f37e4fd28631e29c363364d7b842ebade645cb241
packet,Matin2012_state_017,Matin2012_state_017::MEACOO-,Matin2012,20,0.3,0.48,0.0448,0.04777349903939685,mol/mol true species,0.0642629329307935,0.5426093137585495,True,evaluated,,SUCCESS,True,[],2.8421709430404007e-13,9055458d8b7cd767a0d08e9f37e4fd28631e29c363364d7b842ebade645cb241
packet,Matin2012_state_017,Matin2012_state_017::HCO3-,Matin2012,20,0.3,0.48,0.0091,0.0060905202897703,mol/mol true species,-0.4015409019904096,-1.5756438273453928,False,evaluated,,SUCCESS,True,[],2.8421709430404007e-13,9055458d8b7cd767a0d08e9f37e4fd28631e29c363364d7b842ebade645cb241
packet,Matin2012_state_018,Matin2012_state_018::MEA,Matin2012,20,0.3,0.5049999999999999,0.009,0.004381601495522937,mol/mol true species,-0.7198102815299928,-2.4307360549879276,True,evaluated,,SUCCESS,True,[],2.8421709430404007e-13,9055458d8b7cd767a0d08e9f37e4fd28631e29c363364d7b842ebade645cb241
packet,Matin2012_state_018,Matin2012_state_018::MEAH+,Matin2012,20,0.3,0.5049999999999999,0.0496,0.05973360492368341,mol/mol true species,0.18590392484495238,1.7002692824972168,True,evaluated,,SUCCESS,True,[],2.8421709430404007e-13,9055458d8b7cd767a0d08e9f37e4fd28631e29c363364d7b842ebade645cb241
packet,Matin2012_state_018,Matin2012_state_018::MEACOO-,Matin2012,20,0.3,0.5049999999999999,0.0462,0.04810333184523593,mol/mol true species,0.04037164575675094,0.33867114683913363,True,evaluated,,SUCCESS,True,[],2.8421709430404007e-13,9055458d8b7cd767a0d08e9f37e4fd28631e29c363364d7b842ebade645cb241
packet,Matin2012_state_018,Matin2012_state_018::HCO3-,Matin2012,20,0.3,0.5049999999999999,0.0102,0.008564083746294878,mol/mol true species,-0.1748105707345069,-0.8098595315371893,False,evaluated,,SUCCESS,True,[],2.8421709430404007e-13,9055458d8b7cd767a0d08e9f37e4fd28631e29c363364d7b842ebade645cb241
packet,Matin2012_state_019,Matin2012_state_019::MEA,Matin2012,20,0.3,0.5310000000000001,0.0046,0.0024819480077703827,mol/mol true species,-0.6170125646474381,-1.4507205426230256,True,evaluated,,SUCCESS,True,[],1.7053025658242404e-13,9055458d8b7cd767a0d08e9f37e4fd28631e29c363364d7b842ebade645cb241
packet,Matin2012_state_019,Matin2012_state_019::MEAH+,Matin2012,20,0.3,0.5310000000000001,0.0515,0.06255802079059551,mol/mol true species,0.1945126510879334,1.7980521610724414,True,evaluated,,SUCCESS,True,[],1.7053025658242404e-13,9055458d8b7cd767a0d08e9f37e4fd28631e29c363364d7b842ebade645cb241
packet,Matin2012_state_019,Matin2012_state_019::MEACOO-,Matin2012,20,0.3,0.5310000000000001,0.0475,0.047177853955828346,mol/mol true species,-0.0068051244069960255,-0.056025398986374736,True,evaluated,,SUCCESS,True,[],1.7053025658242404e-13,9055458d8b7cd767a0d08e9f37e4fd28631e29c363364d7b842ebade645cb241
packet,Matin2012_state_019,Matin2012_state_019::HCO3-,Matin2012,20,0.3,0.5310000000000001,0.0114,0.012400487670219743,mol/mol true species,0.08412244468073386,0.46751760290642147,False,evaluated,,SUCCESS,True,[],1.7053025658242404e-13,9055458d8b7cd767a0d08e9f37e4fd28631e29c363364d7b842ebade645cb241
canonical,canonical:vle_obs_0034,vle_obs_0034-pco2,Aronu2011,40,0.3,0.102,1.6,2.364495571284757,Pa,0.39056108085145197,1.3018702695048399,False,evaluated,,SUCCESS,True,[],5.684341886080802e-14,9055458d8b7cd767a0d08e9f37e4fd28631e29c363364d7b842ebade645cb241
canonical,canonical:vle_obs_0035,vle_obs_0035-pco2,Aronu2011,40,0.3,0.206,12.3,10.697147821689729,Pa,-0.13962211516418777,-0.4654070505472926,False,evaluated,,SUCCESS,True,[],2.842170943040401e-14,9055458d8b7cd767a0d08e9f37e4fd28631e29c363364d7b842ebade645cb241
canonical,canonical:vle_obs_0036,vle_obs_0036-pco2,Aronu2011,40,0.3,0.25,24.6,18.04128867895734,Pa,-0.310083496323161,-1.0336116544105367,False,evaluated,,SUCCESS,True,[],2.842170943040401e-14,9055458d8b7cd767a0d08e9f37e4fd28631e29c363364d7b842ebade645cb241
canonical,canonical:vle_obs_0037,vle_obs_0037-pco2,Aronu2011,40,0.3,0.337,60.3,52.28377219059869,Pa,-0.14264606397259175,-0.4754868799086392,False,evaluated,,SUCCESS,True,[],5.684341886080802e-14,9055458d8b7cd767a0d08e9f37e4fd28631e29c363364d7b842ebade645cb241
canonical,canonical:vle_obs_0038,vle_obs_0038-pco2,Aronu2011,40,0.3,0.353,85.1,65.10093224781151,Pa,-0.2678881662244581,-0.8929605540815271,False,evaluated,,SUCCESS,True,[],5.684341886080802e-14,9055458d8b7cd767a0d08e9f37e4fd28631e29c363364d7b842ebade645cb241
canonical,canonical:vle_obs_0039,vle_obs_0039-pco2,Aronu2011,40,0.3,0.401,183.5,138.91367155051202,Pa,-0.27836199528847133,-0.9278733176282378,False,evaluated,,SUCCESS,True,[],5.684341886080802e-14,9055458d8b7cd767a0d08e9f37e4fd28631e29c363364d7b842ebade645cb241
canonical,canonical:vle_obs_0040,vle_obs_0040-pco2,Aronu2011,40,0.3,0.417,292.8,188.01574336549427,Pa,-0.44296408145749416,-1.4765469381916472,False,evaluated,,SUCCESS,True,[],5.684341886080802e-14,9055458d8b7cd767a0d08e9f37e4fd28631e29c363364d7b842ebade645cb241
canonical,canonical:vle_obs_0041,vle_obs_0041-pco2,Aronu2011,40,0.3,0.421,318.79999999999995,203.8901640989274,Pa,-0.44698250934701134,-1.4899416978233713,False,evaluated,,SUCCESS,True,[],5.684341886080802e-14,9055458d8b7cd767a0d08e9f37e4fd28631e29c363364d7b842ebade645cb241
canonical,canonical:vle_obs_0042,vle_obs_0042-pco2,Aronu2011,40,0.3,0.433,380.90000000000003,263.96171477710527,Pa,-0.36673280063832003,-1.2224426687944001,False,evaluated,,SUCCESS,True,[],5.684341886080802e-14,9055458d8b7cd767a0d08e9f37e4fd28631e29c363364d7b842ebade645cb241
canonical,canonical:vle_obs_0043,vle_obs_0043-pco2,Aronu2011,40,0.3,0.447,570.2,368.58886041828765,Pa,-0.4363053530280963,-1.454351176760321,False,evaluated,,SUCCESS,True,[],5.684341886080802e-14,9055458d8b7cd767a0d08e9f37e4fd28631e29c363364d7b842ebade645cb241
canonical,canonical:vle_obs_0044,vle_obs_0044-pco2,Aronu2011,40,0.3,0.464,1066.2,584.1407030567809,Pa,-0.601714320687631,-2.0057144022921034,False,evaluated,,SUCCESS,True,[],5.684341886080802e-14,9055458d8b7cd767a0d08e9f37e4fd28631e29c363364d7b842ebade645cb241
canonical,canonical:vle_obs_0045,vle_obs_0045-pco2,Aronu2011,40,0.3,0.476,1832.6,840.594767545598,Pa,-0.779381304645663,-2.59793768215221,False,evaluated,,SUCCESS,True,[],7.105427357601002e-14,9055458d8b7cd767a0d08e9f37e4fd28631e29c363364d7b842ebade645cb241
canonical,canonical:vle_obs_0046,vle_obs_0046-pco2,Aronu2011,40,0.3,0.477,1827.8000000000002,867.6995131301732,Pa,-0.7450228651426835,-2.4834095504756117,False,evaluated,,SUCCESS,True,[],5.684341886080802e-14,9055458d8b7cd767a0d08e9f37e4fd28631e29c363364d7b842ebade645cb241
canonical,canonical:vle_obs_0047,vle_obs_0047-pco2,Aronu2011,40,0.3,0.485,2319.3,1126.292980758476,Pa,-0.722333724084541,-2.4077790802818035,False,evaluated,,SUCCESS,True,[],1.1368683772161603e-13,9055458d8b7cd767a0d08e9f37e4fd28631e29c363364d7b842ebade645cb241
canonical,canonical:vle_obs_0048,vle_obs_0048-pco2,Aronu2011,40,0.3,0.489,2857.7,1288.4427990188121,Pa,-0.7965827488299768,-2.6552758294332564,False,evaluated,,SUCCESS,True,[],1.2789769243681803e-13,9055458d8b7cd767a0d08e9f37e4fd28631e29c363364d7b842ebade645cb241
canonical,canonical:vle_obs_0049,vle_obs_0049-pco2,Aronu2011,40,0.3,0.516,8558.3,3282.3013914601456,Pa,-0.9583567522025751,-3.194522507341917,False,evaluated,,SUCCESS,True,[],5.684341886080802e-14,9055458d8b7cd767a0d08e9f37e4fd28631e29c363364d7b842ebade645cb241
canonical,canonical:vle_obs_0050,vle_obs_0050-pco2,Aronu2011,40,0.3,0.524,11812.0,4296.867241218159,Pa,-1.0112297552565446,-3.3707658508551486,False,evaluated,,SUCCESS,True,[],1.1368683772161603e-13,9055458d8b7cd767a0d08e9f37e4fd28631e29c363364d7b842ebade645cb241
canonical,canonical:vle_obs_0051,vle_obs_0051-pco2,Aronu2011,60,0.3,0.053,4.5,4.130186888413793,Pa,-0.08575473939523667,-0.2858491313174556,False,evaluated,,SUCCESS,True,[],2.842170943040401e-14,9055458d8b7cd767a0d08e9f37e4fd28631e29c363364d7b842ebade645cb241
canonical,canonical:vle_obs_0052,vle_obs_0052-pco2,Aronu2011,60,0.3,0.105,15.4,14.946795647529928,Pa,-0.029870570514415308,-0.09956856838138436,False,evaluated,,SUCCESS,True,[],5.684341886080802e-14,9055458d8b7cd767a0d08e9f37e4fd28631e29c363364d7b842ebade645cb241
canonical,canonical:vle_obs_0053,vle_obs_0053-pco2,Aronu2011,60,0.3,0.162,42.7,37.480168341587735,Pa,-0.1303869713699689,-0.4346232378998964,False,evaluated,,SUCCESS,True,[],2.842170943040401e-14,9055458d8b7cd767a0d08e9f37e4fd28631e29c363364d7b842ebade645cb241
canonical,canonical:vle_obs_0054,vle_obs_0054-pco2,Aronu2011,60,0.3,0.244,134.8,108.31013805563818,Pa,-0.21879343799709966,-0.7293114599903322,False,evaluated,,SUCCESS,True,[],5.684341886080802e-14,9055458d8b7cd767a0d08e9f37e4fd28631e29c363364d7b842ebade645cb241
canonical,canonical:vle_obs_0055,vle_obs_0055-pco2,Aronu2011,60,0.3,0.303,301.5,226.08613205916174,Pa,-0.2878539741949202,-0.9595132473164008,False,evaluated,,SUCCESS,True,[],5.684341886080802e-14,9055458d8b7cd767a0d08e9f37e4fd28631e29c363364d7b842ebade645cb241
canonical,canonical:vle_obs_0056,vle_obs_0056-pco2,Aronu2011,60,0.3,0.36,643.5999999999999,494.63221748675124,Pa,-0.26326292368336274,-0.8775430789445425,False,evaluated,,SUCCESS,True,[],5.684341886080802e-14,9055458d8b7cd767a0d08e9f37e4fd28631e29c363364d7b842ebade645cb241
canonical,canonical:vle_obs_0057,vle_obs_0057-pco2,Aronu2011,60,0.3,0.393,1097.0,837.5576440437331,Pa,-0.2698443702356606,-0.8994812341188687,False,evaluated,,SUCCESS,True,[],5.684341886080802e-14,9055458d8b7cd767a0d08e9f37e4fd28631e29c363364d7b842ebade645cb241
canonical,canonical:vle_obs_0058,vle_obs_0058-pco2,Aronu2011,60,0.3,0.428,2501.3999999999996,1618.2875673898673,Pa,-0.43548204213407216,-1.451606807113574,False,evaluated,,SUCCESS,True,[],1.7053025658242404e-13,9055458d8b7cd767a0d08e9f37e4fd28631e29c363364d7b842ebade645cb241
canonical,canonical:vle_obs_0059,vle_obs_0059-pco2,Aronu2011,60,0.3,0.491,13558.0,7641.589855593333,Pa,-0.5733711011975228,-1.9112370039917426,False,evaluated,,SUCCESS,True,[],5.684341886080802e-14,9055458d8b7cd767a0d08e9f37e4fd28631e29c363364d7b842ebade645cb241
canonical,canonical:vle_obs_0060,vle_obs_0060-pco2,Aronu2011,80,0.3,0.017,5.6,2.862004888305698,Pa,-0.6712442086049144,-2.237480695349715,False,evaluated,,SUCCESS,True,[],1.4210854715202004e-14,9055458d8b7cd767a0d08e9f37e4fd28631e29c363364d7b842ebade645cb241
canonical,canonical:vle_obs_0061,vle_obs_0061-pco2,Aronu2011,80,0.3,0.04,21.9,13.073295053955535,Pa,-0.5159150327769674,-1.7197167759232246,False,evaluated,,SUCCESS,True,[],2.842170943040401e-14,9055458d8b7cd767a0d08e9f37e4fd28631e29c363364d7b842ebade645cb241
canonical,canonical:vle_obs_0062,vle_obs_0062-pco2,Aronu2011,80,0.3,0.075,55.7,41.47500778667676,Pa,-0.29488912311288373,-0.9829637437096125,False,evaluated,,SUCCESS,True,[],5.684341886080802e-14,9055458d8b7cd767a0d08e9f37e4fd28631e29c363364d7b842ebade645cb241
canonical,canonical:vle_obs_0063,vle_obs_0063-pco2,Aronu2011,80,0.3,0.122,140.6,109.36278927479958,Pa,-0.2512482818472151,-0.8374942728240503,False,evaluated,,SUCCESS,True,[],5.684341886080802e-14,9055458d8b7cd767a0d08e9f37e4fd28631e29c363364d7b842ebade645cb241
canonical,canonical:vle_obs_0064,vle_obs_0064-pco2,Aronu2011,80,0.3,0.155,248.5,185.4713629410908,Pa,-0.2925423530827139,-0.9751411769423798,False,evaluated,,SUCCESS,True,[],5.684341886080802e-14,9055458d8b7cd767a0d08e9f37e4fd28631e29c363364d7b842ebade645cb241
canonical,canonical:vle_obs_0065,vle_obs_0065-pco2,Aronu2011,80,0.3,0.216,613.7,429.40182193274455,Pa,-0.35711308098605,-1.1903769366201666,False,evaluated,,SUCCESS,True,[],9.237055564881302e-14,9055458d8b7cd767a0d08e9f37e4fd28631e29c363364d7b842ebade645cb241
canonical,canonical:vle_obs_0066,vle_obs_0066-pco2,Aronu2011,80,0.3,0.271,1253.8,868.2460216478654,Pa,-0.36745910926146547,-1.2248636975382183,False,evaluated,,SUCCESS,True,[],5.684341886080802e-14,9055458d8b7cd767a0d08e9f37e4fd28631e29c363364d7b842ebade645cb241
canonical,canonical:vle_obs_0067,vle_obs_0067-pco2,Aronu2011,80,0.3,0.347,3752.2000000000003,2411.8441715906047,Pa,-0.44195066332599037,-1.4731688777533012,False,evaluated,,SUCCESS,True,[],2.842170943040401e-14,9055458d8b7cd767a0d08e9f37e4fd28631e29c363364d7b842ebade645cb241
canonical,canonical:vle_obs_0068,vle_obs_0068-pco2,Aronu2011,80,0.3,0.4,7938.7,5562.2112654660095,Pa,-0.35575379508128796,-1.1858459836042932,False,evaluated,,SUCCESS,True,[],5.684341886080802e-14,9055458d8b7cd767a0d08e9f37e4fd28631e29c363364d7b842ebade645cb241
canonical,canonical:vle_obs_0069,vle_obs_0069-pco2,Aronu2011,80,0.3,0.398,8303.1,5373.598685084251,Pa,-0.4351311087756793,-1.4504370292522644,False,evaluated,,SUCCESS,True,[],5.684341886080802e-14,9055458d8b7cd767a0d08e9f37e4fd28631e29c363364d7b842ebade645cb241
canonical,canonical:vle_obs_0119,vle_obs_0119-pco2,Hilliard2008,40,0.3,0.153,5.7,5.378344197326429,Pa,-0.058085618051396844,-0.19361872683798947,False,evaluated,,SUCCESS,True,[],1.1368683772161603e-13,9055458d8b7cd767a0d08e9f37e4fd28631e29c363364d7b842ebade645cb241
canonical,canonical:vle_obs_0120,vle_obs_0120-pco2,Hilliard2008,40,0.3,0.163,6.64,6.1758457482883005,Pa,-0.07246612706736127,-0.24155375689120426,False,evaluated,,SUCCESS,True,[],7.105427357601002e-14,9055458d8b7cd767a0d08e9f37e4fd28631e29c363364d7b842ebade645cb241
canonical,canonical:vle_obs_0121,vle_obs_0121-pco2,Hilliard2008,40,0.3,0.17,7.21,6.783844780218633,Pa,-0.06092493334338929,-0.20308311114463098,False,evaluated,,SUCCESS,True,[],2.842170943040401e-14,9055458d8b7cd767a0d08e9f37e4fd28631e29c363364d7b842ebade645cb241
canonical,canonical:vle_obs_0122,vle_obs_0122-pco2,Hilliard2008,40,0.3,0.191,9.950000000000001,8.889347130863419,Pa,-0.11271894293947488,-0.3757298097982496,False,evaluated,,SUCCESS,True,[],2.842170943040401e-14,9055458d8b7cd767a0d08e9f37e4fd28631e29c363364d7b842ebade645cb241
canonical,canonical:vle_obs_0123,vle_obs_0123-pco2,Hilliard2008,40,0.3,0.194,9.85,9.228755536077333,Pa,-0.0651472439200059,-0.217157479733353,False,evaluated,,SUCCESS,True,[],5.684341886080802e-14,9055458d8b7cd767a0d08e9f37e4fd28631e29c363364d7b842ebade645cb241
canonical,canonical:vle_obs_0124,vle_obs_0124-pco2,Hilliard2008,40,0.3,0.232,14.6,14.600390434028323,Pa,2.6741699172160943e-05,8.913899724053649e-05,False,evaluated,,SUCCESS,True,[],5.684341886080802e-14,9055458d8b7cd767a0d08e9f37e4fd28631e29c363364d7b842ebade645cb241
canonical,canonical:vle_obs_0125,vle_obs_0125-pco2,Hilliard2008,40,0.3,0.246,19.099999999999998,17.21436345261688,Pa,-0.10394421526773165,-0.34648071755910553,False,evaluated,,SUCCESS,True,[],1.1368683772161603e-13,9055458d8b7cd767a0d08e9f37e4fd28631e29c363364d7b842ebade645cb241
canonical,canonical:vle_obs_0126,vle_obs_0126-pco2,Hilliard2008,40,0.3,0.269,23.099999999999998,22.55128217641755,Pa,-0.02404069393085075,-0.08013564643616916,False,evaluated,,SUCCESS,True,[],5.684341886080802e-14,9055458d8b7cd767a0d08e9f37e4fd28631e29c363364d7b842ebade645cb241
canonical,canonical:vle_obs_0127,vle_obs_0127-pco2,Hilliard2008,40,0.3,0.272,22.4,23.363596508509733,Pa,0.042118147372949,0.14039382457649668,False,evaluated,,SUCCESS,True,[],5.684341886080802e-14,9055458d8b7cd767a0d08e9f37e4fd28631e29c363364d7b842ebade645cb241
canonical,canonical:vle_obs_0128,vle_obs_0128-pco2,Hilliard2008,40,0.3,0.326,48.5,45.2570304242388,Pa,-0.06920577137447123,-0.2306859045815708,False,evaluated,,SUCCESS,True,[],5.684341886080802e-14,9055458d8b7cd767a0d08e9f37e4fd28631e29c363364d7b842ebade645cb241
canonical,canonical:vle_obs_0129,vle_obs_0129-pco2,Hilliard2008,40,0.3,0.348,66.19999999999999,60.708784096393,Pa,-0.08659206206257412,-0.2886402068752471,False,evaluated,,SUCCESS,True,[],2.842170943040401e-14,9055458d8b7cd767a0d08e9f37e4fd28631e29c363364d7b842ebade645cb241
canonical,canonical:vle_obs_0130,vle_obs_0130-pco2,Hilliard2008,40,0.3,0.35,72.1,62.41919562066835,Pa,-0.14418119409541094,-0.48060398031803647,False,evaluated,,SUCCESS,True,[],5.684341886080802e-14,9055458d8b7cd767a0d08e9f37e4fd28631e29c363364d7b842ebade645cb241
canonical,canonical:vle_obs_0131,vle_obs_0131-pco2,Hilliard2008,40,0.3,0.36,96.60000000000001,71.95409856892432,Pa,-0.2945503453806751,-0.9818344846022503,False,evaluated,,SUCCESS,True,[],5.684341886080802e-14,9055458d8b7cd767a0d08e9f37e4fd28631e29c363364d7b842ebade645cb241
canonical,canonical:vle_obs_0132,vle_obs_0132-pco2,Hilliard2008,40,0.3,0.382,131.0,100.63311931994512,Pa,-0.26371590182373317,-0.8790530060791106,False,evaluated,,SUCCESS,True,[],1.4210854715202004e-13,9055458d8b7cd767a0d08e9f37e4fd28631e29c363364d7b842ebade645cb241
canonical,canonical:vle_obs_0133,vle_obs_0133-pco2,Hilliard2008,40,0.3,0.386,120.0,107.39328445221108,Pa,-0.11099409104018515,-0.36998030346728383,False,evaluated,,SUCCESS,True,[],5.684341886080802e-14,9055458d8b7cd767a0d08e9f37e4fd28631e29c363364d7b842ebade645cb241
canonical,canonical:vle_obs_0134,vle_obs_0134-pco2,Hilliard2008,40,0.3,0.389,113.0,112.8655980531466,Pa,-0.001190105654648095,-0.003967018848826984,False,evaluated,,SUCCESS,True,[],5.684341886080802e-14,9055458d8b7cd767a0d08e9f37e4fd28631e29c363364d7b842ebade645cb241
canonical,canonical:vle_obs_0135,vle_obs_0135-pco2,Hilliard2008,40,0.3,0.4,128.0,136.45129841641395,Pa,0.06393749888321928,0.21312499627739762,False,evaluated,,SUCCESS,True,[],5.684341886080802e-14,9055458d8b7cd767a0d08e9f37e4fd28631e29c363364d7b842ebade645cb241
canonical,canonical:vle_obs_0136,vle_obs_0136-pco2,Hilliard2008,40,0.3,0.464,750.0,584.1407030567809,Pa,-0.24993132282932634,-0.8331044094310879,False,evaluated,,SUCCESS,True,[],5.684341886080802e-14,9055458d8b7cd767a0d08e9f37e4fd28631e29c363364d7b842ebade645cb241
canonical,canonical:vle_obs_0137,vle_obs_0137-pco2,Hilliard2008,40,0.3,0.466,574.0,619.2900636548601,Pa,0.07594436701787295,0.2531478900595765,False,evaluated,,SUCCESS,True,[],8.526512829121202e-14,9055458d8b7cd767a0d08e9f37e4fd28631e29c363364d7b842ebade645cb241
canonical,canonical:vle_obs_0138,vle_obs_0138-pco2,Hilliard2008,40,0.3,0.481,883.0,987.1111836466858,Pa,0.1114574805568209,0.37152493518940305,False,evaluated,,SUCCESS,True,[],5.684341886080802e-14,9055458d8b7cd767a0d08e9f37e4fd28631e29c363364d7b842ebade645cb241
canonical,canonical:vle_obs_0139,vle_obs_0139-pco2,Hilliard2008,40,0.3,0.491,1100.0,1379.2248523878964,Pa,0.22621146038339754,0.7540382012779918,False,evaluated,,SUCCESS,True,[],5.684341886080802e-14,9055458d8b7cd767a0d08e9f37e4fd28631e29c363364d7b842ebade645cb241
canonical,canonical:vle_obs_0140,vle_obs_0140-pco2,Hilliard2008,40,0.3,0.501,1870.0,1949.6422674317805,Pa,0.04170747228058683,0.1390249076019561,False,evaluated,,SUCCESS,True,[],5.684341886080802e-14,9055458d8b7cd767a0d08e9f37e4fd28631e29c363364d7b842ebade645cb241
canonical,canonical:vle_obs_0141,vle_obs_0141-pco2,Hilliard2008,40,0.3,0.518,3030.0,3513.83023682571,Pa,0.14814405855464194,0.49381352851547317,False,evaluated,,SUCCESS,True,[],5.684341886080802e-14,9055458d8b7cd767a0d08e9f37e4fd28631e29c363364d7b842ebade645cb241
canonical,canonical:vle_obs_0142,vle_obs_0142-pco2,Hilliard2008,40,0.3,0.591,28300.0,25235.833297916008,Pa,-0.1145968638877596,-0.381989546292532,False,evaluated,,SUCCESS,True,[],1.1368683772161603e-13,9055458d8b7cd767a0d08e9f37e4fd28631e29c363364d7b842ebade645cb241
canonical,canonical:vle_obs_0143,vle_obs_0143-pco2,Hilliard2008,60,0.3,0.114,19.400000000000002,17.63134264989185,Pa,-0.09559491544689587,-0.3186497181563196,False,evaluated,,SUCCESS,True,[],2.842170943040401e-14,9055458d8b7cd767a0d08e9f37e4fd28631e29c363364d7b842ebade645cb241
canonical,canonical:vle_obs_0144,vle_obs_0144-pco2,Hilliard2008,60,0.3,0.191,58.9,55.55264874094573,Pa,-0.05850989360342387,-0.19503297867807956,False,evaluated,,SUCCESS,True,[],5.684341886080802e-14,9055458d8b7cd767a0d08e9f37e4fd28631e29c363364d7b842ebade645cb241
canonical,canonical:vle_obs_0145,vle_obs_0145-pco2,Hilliard2008,60,0.3,0.291,209.0,194.03818447254707,Pa,-0.07427928509133279,-0.2475976169711093,False,evaluated,,SUCCESS,True,[],5.684341886080802e-14,9055458d8b7cd767a0d08e9f37e4fd28631e29c363364d7b842ebade645cb241
canonical,canonical:vle_obs_0146,vle_obs_0146-pco2,Hilliard2008,60,0.3,0.386,763.0,744.2498527163709,Pa,-0.024881229283960773,-0.08293743094653591,False,evaluated,,SUCCESS,True,[],8.526512829121202e-14,9055458d8b7cd767a0d08e9f37e4fd28631e29c363364d7b842ebade645cb241
canonical,canonical:vle_obs_0147,vle_obs_0147-pco2,Hilliard2008,60,0.3,0.485,4860.0,6469.958766902338,Pa,0.2861312976129181,0.9537709920430604,False,evaluated,,SUCCESS,True,[],5.684341886080802e-14,9055458d8b7cd767a0d08e9f37e4fd28631e29c363364d7b842ebade645cb241
canonical,canonical:vle_obs_0148,vle_obs_0148-pco2,Hilliard2008,60,0.3,0.544,25800.0,31988.706662794797,Pa,0.21500843179470677,0.7166947726490226,False,evaluated,,SUCCESS,True,[],1.1368683772161603e-13,9055458d8b7cd767a0d08e9f37e4fd28631e29c363364d7b842ebade645cb241
canonical,canonical:vle_obs_0162,vle_obs_0162-pco2,Idris2014,40,0.3,0.242,21.0,16.424698695475506,Pa,-0.24573621778429416,-0.8191207259476473,False,evaluated,,SUCCESS,True,[],5.684341886080802e-14,9055458d8b7cd767a0d08e9f37e4fd28631e29c363364d7b842ebade645cb241
canonical,canonical:vle_obs_0163,vle_obs_0163-pco2,Idris2014,40,0.3,0.321,38.0,42.44430977418773,Pa,0.11060669867948501,0.3686889955982834,False,evaluated,,SUCCESS,True,[],5.684341886080802e-14,9055458d8b7cd767a0d08e9f37e4fd28631e29c363364d7b842ebade645cb241
canonical,canonical:vle_obs_0164,vle_obs_0164-pco2,Idris2014,40,0.3,0.33,43.0,47.670416835744426,Pa,0.10311089767928666,0.3437029922642889,False,evaluated,,SUCCESS,True,[],8.526512829121202e-14,9055458d8b7cd767a0d08e9f37e4fd28631e29c363364d7b842ebade645cb241
canonical,canonical:vle_obs_0165,vle_obs_0165-pco2,Idris2014,40,0.3,0.345,50.0,58.252380404409294,Pa,0.1527619514944474,0.5092065049814913,False,evaluated,,SUCCESS,True,[],5.684341886080802e-14,9055458d8b7cd767a0d08e9f37e4fd28631e29c363364d7b842ebade645cb241
canonical,canonical:vle_obs_0166,vle_obs_0166-pco2,Idris2014,40,0.3,0.352,64.0,64.19105374670157,Pa,0.0029807678863156264,0.009935892954385421,False,evaluated,,SUCCESS,True,[],5.684341886080802e-14,9055458d8b7cd767a0d08e9f37e4fd28631e29c363364d7b842ebade645cb241
canonical,canonical:vle_obs_0167,vle_obs_0167-pco2,Idris2014,40,0.3,0.355,97.0,66.97049560642398,Pa,-0.3704588201843784,-1.2348627339479281,False,evaluated,,SUCCESS,True,[],5.684341886080802e-14,9055458d8b7cd767a0d08e9f37e4fd28631e29c363364d7b842ebade645cb241
canonical,canonical:vle_obs_0168,vle_obs_0168-pco2,Idris2014,40,0.3,0.375,107.0,90.09893453904864,Pa,-0.17192049523330893,-0.5730683174443632,False,evaluated,,SUCCESS,True,[],5.684341886080802e-14,9055458d8b7cd767a0d08e9f37e4fd28631e29c363364d7b842ebade645cb241
canonical,canonical:vle_obs_0169,vle_obs_0169-pco2,Idris2014,40,0.3,0.377,123.0,92.9538405115161,Pa,-0.28008132402177893,-0.9336044134059298,False,evaluated,,SUCCESS,True,[],7.105427357601002e-14,9055458d8b7cd767a0d08e9f37e4fd28631e29c363364d7b842ebade645cb241
canonical,canonical:vle_obs_0170,vle_obs_0170-pco2,Idris2014,40,0.3,0.436,445.0,282.64900316560403,Pa,-0.45386842579588244,-1.5128947526529415,False,evaluated,,SUCCESS,True,[],5.684341886080802e-14,9055458d8b7cd767a0d08e9f37e4fd28631e29c363364d7b842ebade645cb241
canonical,canonical:vle_obs_0171,vle_obs_0171-pco2,Idris2014,40,0.3,0.46,813.0,521.1312609349145,Pa,-0.44472915915197403,-1.4824305305065801,False,evaluated,,SUCCESS,True,[],1.1368683772161603e-13,9055458d8b7cd767a0d08e9f37e4fd28631e29c363364d7b842ebade645cb241
canonical,canonical:vle_obs_0186,vle_obs_0186-pco2,Jou1995,40,0.3,0.0888,1.47,1.8161893789342376,Pa,0.21147815750540044,0.7049271916846682,False,evaluated,,SUCCESS,True,[],5.684341886080802e-14,9055458d8b7cd767a0d08e9f37e4fd28631e29c363364d7b842ebade645cb241
canonical,canonical:vle_obs_0187,vle_obs_0187-pco2,Jou1995,40,0.3,0.203,8.959999999999999,10.312630987030094,Pa,0.1405992263659086,0.46866408788636205,False,evaluated,,SUCCESS,True,[],8.526512829121202e-14,9055458d8b7cd767a0d08e9f37e4fd28631e29c363364d7b842ebade645cb241
canonical,canonical:vle_obs_0188,vle_obs_0188-pco2,Jou1995,40,0.3,0.365,67.7,77.42536335023756,Pa,0.13422823886173418,0.4474274628724473,False,evaluated,,SUCCESS,True,[],5.684341886080802e-14,9055458d8b7cd767a0d08e9f37e4fd28631e29c363364d7b842ebade645cb241
canonical,canonical:vle_obs_0189,vle_obs_0189-pco2,Jou1995,40,0.3,0.4735,604.0,777.1886210559599,Pa,0.2521088785142495,0.8403629283808317,False,evaluated,,SUCCESS,True,[],5.684341886080802e-14,9055458d8b7cd767a0d08e9f37e4fd28631e29c363364d7b842ebade645cb241
canonical,canonical:vle_obs_0190,vle_obs_0190-pco2,Jou1995,40,0.3,0.513,2570.0,2960.8296027627616,Pa,0.1415636013638395,0.47187867121279836,False,evaluated,,SUCCESS,True,[],5.684341886080802e-14,9055458d8b7cd767a0d08e9f37e4fd28631e29c363364d7b842ebade645cb241
canonical,canonical:vle_obs_0191,vle_obs_0191-pco2,Jou1995,40,0.3,0.557,8090.0,11481.810990384087,Pa,0.3501353991551344,1.1671179971837815,False,evaluated,,SUCCESS,True,[],5.684341886080802e-14,9055458d8b7cd767a0d08e9f37e4fd28631e29c363364d7b842ebade645cb241
canonical,canonical:vle_obs_0192,vle_obs_0192-pco2,Jou1995,40,0.3,0.609,36100.0,35612.47057272189,Pa,-0.013596991833945618,-0.045323306113152065,False,evaluated,,SUCCESS,True,[],1.1368683772161603e-13,9055458d8b7cd767a0d08e9f37e4fd28631e29c363364d7b842ebade645cb241
canonical,canonical:vle_obs_0193,vle_obs_0193-pco2,Jou1995,40,0.3,0.642,103000.0,60948.539665436554,Pa,-0.5246990921392414,-1.7489969737974713,False,evaluated,,SUCCESS,True,[],5.684341886080802e-14,9055458d8b7cd767a0d08e9f37e4fd28631e29c363364d7b842ebade645cb241
canonical,canonical:vle_obs_0194,vle_obs_0194-pco2,Jou1995,60,0.3,0.0564,4.28,4.623275152875223,Pa,0.07715035189242588,0.2571678396414196,False,evaluated,,SUCCESS,True,[],1.4210854715202004e-13,9055458d8b7cd767a0d08e9f37e4fd28631e29c363364d7b842ebade645cb241
canonical,canonical:vle_obs_0195,vle_obs_0195-pco2,Jou1995,60,0.3,0.119,19.3,19.245577509894996,Pa,-0.002823801316979114,-0.009412671056597047,False,evaluated,,SUCCESS,True,[],5.684341886080802e-14,9055458d8b7cd767a0d08e9f37e4fd28631e29c363364d7b842ebade645cb241
canonical,canonical:vle_obs_0196,vle_obs_0196-pco2,Jou1995,60,0.3,0.206,57.9,67.41242234348427,Pa,0.15211192412355087,0.507039747078503,False,evaluated,,SUCCESS,True,[],5.684341886080802e-14,9055458d8b7cd767a0d08e9f37e4fd28631e29c363364d7b842ebade645cb241
canonical,canonical:vle_obs_0197,vle_obs_0197-pco2,Jou1995,60,0.3,0.389,528.0,782.5219794858955,Pa,0.3934257271134303,1.3114190903781011,False,evaluated,,SUCCESS,True,[],5.684341886080802e-14,9055458d8b7cd767a0d08e9f37e4fd28631e29c363364d7b842ebade645cb241
canonical,canonical:vle_obs_0198,vle_obs_0198-pco2,Jou1995,60,0.3,0.438,2009.9999999999998,2002.7507450844755,Pa,-0.0036131139272687378,-0.012043713090895794,False,evaluated,,SUCCESS,True,[],8.526512829121202e-14,9055458d8b7cd767a0d08e9f37e4fd28631e29c363364d7b842ebade645cb241
canonical,canonical:vle_obs_0199,vle_obs_0199-pco2,Jou1995,60,0.3,0.504,11000.0,11008.106845294758,Pa,0.0007367144951095462,0.0024557149836984876,False,evaluated,,SUCCESS,True,[],5.684341886080802e-14,9055458d8b7cd767a0d08e9f37e4fd28631e29c363364d7b842ebade645cb241
canonical,canonical:vle_obs_0200,vle_obs_0200-pco2,Jou1995,60,0.3,0.561,34000.0,47405.78633793189,Pa,0.3323837712742801,1.1079459042476003,False,evaluated,,SUCCESS,True,[],8.526512829121202e-14,9055458d8b7cd767a0d08e9f37e4fd28631e29c363364d7b842ebade645cb241
canonical,canonical:vle_obs_0201,vle_obs_0201-pco2,Jou1995,60,0.3,0.579,82000.0,68717.988407246,Pa,-0.1767082423210319,-0.5890274744034397,False,evaluated,,SUCCESS,True,[],5.684341886080802e-14,9055458d8b7cd767a0d08e9f37e4fd28631e29c363364d7b842ebade645cb241
canonical,canonical:vle_obs_0202,vle_obs_0202-pco2,Jou1995,60,0.3,0.668,282000.0,253329.61674761894,Pa,-0.10721559716654588,-0.3573853238884863,False,evaluated,,SUCCESS,True,[],9.947598300641403e-14,9055458d8b7cd767a0d08e9f37e4fd28631e29c363364d7b842ebade645cb241
canonical,canonical:vle_obs_0203,vle_obs_0203-pco2,Jou1995,80,0.3,0.0174,2.96,2.9823125039801726,Pa,0.007509739289814359,0.025032464299381198,False,evaluated,,SUCCESS,True,[],5.684341886080802e-14,9055458d8b7cd767a0d08e9f37e4fd28631e29c363364d7b842ebade645cb241
canonical,canonical:vle_obs_0204,vle_obs_0204-pco2,Jou1995,80,0.3,0.0236,4.84,5.1144949338549015,Pa,0.05516393164036705,0.18387977213455683,False,evaluated,,SUCCESS,True,[],5.684341886080802e-14,9055458d8b7cd767a0d08e9f37e4fd28631e29c363364d7b842ebade645cb241
canonical,canonical:vle_obs_0205,vle_obs_0205-pco2,Jou1995,80,0.3,0.0781,46.5,44.803557775282556,Pa,-0.03716476169870296,-0.12388253899567654,False,evaluated,,SUCCESS,True,[],3.552713678800501e-14,9055458d8b7cd767a0d08e9f37e4fd28631e29c363364d7b842ebade645cb241
canonical,canonical:vle_obs_0206,vle_obs_0206-pco2,Jou1995,80,0.3,0.118,99.2,101.95329908715192,Pa,0.027376842060427467,0.09125614020142489,False,evaluated,,SUCCESS,True,[],2.842170943040401e-14,9055458d8b7cd767a0d08e9f37e4fd28631e29c363364d7b842ebade645cb241
canonical,canonical:vle_obs_0207,vle_obs_0207-pco2,Jou1995,80,0.3,0.187,278.0,292.2186229051875,Pa,0.049881117014606784,0.1662703900486893,False,evaluated,,SUCCESS,True,[],8.526512829121202e-14,9055458d8b7cd767a0d08e9f37e4fd28631e29c363364d7b842ebade645cb241
canonical,canonical:vle_obs_0208,vle_obs_0208-pco2,Jou1995,80,0.3,0.348,2670.0,2447.0733422928142,Pa,-0.08718571607025194,-0.2906190535675065,False,evaluated,,SUCCESS,True,[],5.684341886080802e-14,9055458d8b7cd767a0d08e9f37e4fd28631e29c363364d7b842ebade645cb241
canonical,canonical:vle_obs_0209,vle_obs_0209-pco2,Jou1995,80,0.3,0.46,16000.0,18039.568050324022,Pa,0.11997884811269184,0.3999294937089728,False,evaluated,,SUCCESS,True,[],5.684341886080802e-14,9055458d8b7cd767a0d08e9f37e4fd28631e29c363364d7b842ebade645cb241
canonical,canonical:vle_obs_0210,vle_obs_0210-pco2,Jou1995,80,0.3,0.517,56000.0,66092.47453821627,Pa,0.16570319999235752,0.5523439999745251,False,evaluated,,SUCCESS,True,[],5.684341886080802e-14,9055458d8b7cd767a0d08e9f37e4fd28631e29c363364d7b842ebade645cb241
canonical,canonical:vle_obs_0211,vle_obs_0211-pco2,Jou1995,80,0.3,0.5785,235000.0,216094.81755117135,Pa,-0.0838682326348895,-0.2795607754496317,False,evaluated,,SUCCESS,True,[],8.526512829121202e-14,9055458d8b7cd767a0d08e9f37e4fd28631e29c363364d7b842ebade645cb241
canonical,canonical:vle_obs_0212,vle_obs_0212-pco2,Jou1995,80,0.3,0.64,558000.0,479342.88714273897,Pa,-0.1519427815148899,-0.5064759383829663,False,evaluated,,SUCCESS,True,[],8.526512829121202e-14,9055458d8b7cd767a0d08e9f37e4fd28631e29c363364d7b842ebade645cb241
canonical,canonical:vle_obs_0213,vle_obs_0213-pco2,Jou1995,80,0.3,0.689,958000.0,743270.0570151361,Pa,-0.2537883308998972,-0.8459611029996574,False,evaluated,,SUCCESS,True,[],2.842170943040401e-14,9055458d8b7cd767a0d08e9f37e4fd28631e29c363364d7b842ebade645cb241
canonical,canonical:vle_obs_0214,vle_obs_0214-pco2,Jou1995,100,0.3,0.0117,7.24,7.043894814628837,Pa,-0.027459948494573557,-0.09153316164857853,False,evaluated,,SUCCESS,True,[],2.842170943040401e-14,9055458d8b7cd767a0d08e9f37e4fd28631e29c363364d7b842ebade645cb241
canonical,canonical:vle_obs_0215,vle_obs_0215-pco2,Jou1995,100,0.3,0.0566,136.0,118.02351044722832,Pa,-0.14177104003804872,-0.4725701334601624,False,evaluated,,SUCCESS,True,[],5.684341886080802e-14,9055458d8b7cd767a0d08e9f37e4fd28631e29c363364d7b842ebade645cb241
canonical,canonical:vle_obs_0216,vle_obs_0216-pco2,Jou1995,100,0.3,0.188,1430.0,1483.3458024312495,Pa,0.03662576933631844,0.12208589778772815,False,evaluated,,SUCCESS,True,[],5.684341886080802e-14,9055458d8b7cd767a0d08e9f37e4fd28631e29c363364d7b842ebade645cb241
canonical,canonical:vle_obs_0217,vle_obs_0217-pco2,Jou1995,100,0.3,0.381,19000.0,20868.311211270422,Pa,0.09379281920771038,0.3126427306923679,False,evaluated,,SUCCESS,True,[],5.684341886080802e-14,9055458d8b7cd767a0d08e9f37e4fd28631e29c363364d7b842ebade645cb241
canonical,canonical:vle_obs_0218,vle_obs_0218-pco2,Jou1995,100,0.3,0.422,39000.0,41180.414156974504,Pa,0.05440111265532676,0.18133704218442254,False,evaluated,,SUCCESS,True,[],5.684341886080802e-14,9055458d8b7cd767a0d08e9f37e4fd28631e29c363364d7b842ebade645cb241
canonical,canonical:vle_obs_0219,vle_obs_0219-pco2,Jou1995,100,0.3,0.477,69000.0,113439.86709779217,Pa,0.4971663866219805,1.657221288739935,False,evaluated,,SUCCESS,True,[],5.684341886080802e-14,9055458d8b7cd767a0d08e9f37e4fd28631e29c363364d7b842ebade645cb241
canonical,canonical:vle_obs_0220,vle_obs_0220-pco2,Jou1995,100,0.3,0.481,109000.0,122306.53339257817,Pa,0.11518258007211132,0.38394193357370443,False,evaluated,,SUCCESS,True,[],5.684341886080802e-14,9055458d8b7cd767a0d08e9f37e4fd28631e29c363364d7b842ebade645cb241
canonical,canonical:vle_obs_0221,vle_obs_0221-pco2,Jou1995,100,0.3,0.571,509000.0,525096.9528509256,Pa,0.031134901088309616,0.10378300362769873,False,evaluated,,SUCCESS,True,[],5.684341886080802e-14,9055458d8b7cd767a0d08e9f37e4fd28631e29c363364d7b842ebade645cb241
canonical,canonical:vle_obs_0222,vle_obs_0222-pco2,Jou1995,100,0.3,0.589,376000.0,650081.963705272,Pa,0.5475093095582134,1.8250310318607115,False,evaluated,,SUCCESS,True,[],5.684341886080802e-14,9055458d8b7cd767a0d08e9f37e4fd28631e29c363364d7b842ebade645cb241
canonical,canonical:vle_obs_0223,vle_obs_0223-pco2,Jou1995,100,0.3,0.6135,909000.0,836492.5159681248,Pa,-0.08312752063088065,-0.27709173543626886,False,evaluated,,SUCCESS,True,[],1.1368683772161603e-13,9055458d8b7cd767a0d08e9f37e4fd28631e29c363364d7b842ebade645cb241
canonical,canonical:vle_obs_0224,vle_obs_0224-pco2,Jou1995,120,0.3,0.00333,2.02,3.3029126492780465,Pa,0.49170718877180103,1.6390239625726701,False,evaluated,,SUCCESS,True,[],2.842170943040401e-14,9055458d8b7cd767a0d08e9f37e4fd28631e29c363364d7b842ebade645cb241
canonical,canonical:vle_obs_0225,vle_obs_0225-pco2,Jou1995,120,0.3,0.0112,22.1,28.73236890476883,Pa,0.26244671511529133,0.8748223837176378,False,evaluated,,SUCCESS,True,[],1.1368683772161603e-13,9055458d8b7cd767a0d08e9f37e4fd28631e29c363364d7b842ebade645cb241
canonical,canonical:vle_obs_0226,vle_obs_0226-pco2,Jou1995,120,0.3,0.0247,98.4,116.88444139801109,Pa,0.17214496230302018,0.5738165410100673,False,evaluated,,SUCCESS,True,[],5.684341886080802e-14,9055458d8b7cd767a0d08e9f37e4fd28631e29c363364d7b842ebade645cb241
canonical,canonical:vle_obs_0227,vle_obs_0227-pco2,Jou1995,120,0.3,0.119,2290.0,2286.1560915972204,Pa,-0.0016799729860159463,-0.005599909953386488,False,evaluated,,SUCCESS,True,[],1.1368683772161603e-13,9055458d8b7cd767a0d08e9f37e4fd28631e29c363364d7b842ebade645cb241
canonical,canonical:vle_obs_0228,vle_obs_0228-pco2,Jou1995,120,0.3,0.349,46800.0,59188.352565584624,Pa,0.23484157240612663,0.7828052413537555,False,evaluated,,SUCCESS,True,[],4.263256414560601e-14,9055458d8b7cd767a0d08e9f37e4fd28631e29c363364d7b842ebade645cb241
canonical,canonical:vle_obs_0229,vle_obs_0229-pco2,Jou1995,120,0.3,0.4115,122000.0,147351.70489744574,Pa,0.18880123477676314,0.6293374492558772,False,evaluated,,SUCCESS,True,[],5.684341886080802e-14,9055458d8b7cd767a0d08e9f37e4fd28631e29c363364d7b842ebade645cb241
canonical,canonical:vle_obs_0230,vle_obs_0230-pco2,Jou1995,120,0.3,0.444,222000.0,241007.0203102087,Pa,0.08214868111198616,0.27382893703995387,False,evaluated,,SUCCESS,True,[],5.684341886080802e-14,9055458d8b7cd767a0d08e9f37e4fd28631e29c363364d7b842ebade645cb241
canonical,canonical:vle_obs_0231,vle_obs_0231-pco2,Jou1995,120,0.3,0.473,422000.0,369981.36952556996,Pa,-0.13155266229907278,-0.4385088743302426,False,evaluated,,SUCCESS,True,[],1.1368683772161603e-13,9055458d8b7cd767a0d08e9f37e4fd28631e29c363364d7b842ebade645cb241
canonical,canonical:vle_obs_0232,vle_obs_0232-pco2,Jou1995,120,0.3,0.536,822000.0,828205.9752121789,Pa,0.007521490726410327,0.02507163575470109,False,evaluated,,SUCCESS,True,[],8.526512829121202e-14,9055458d8b7cd767a0d08e9f37e4fd28631e29c363364d7b842ebade645cb241
canonical,canonical:vle_obs_0233,vle_obs_0233-pco2,Jou1995,120,0.3,0.639,2804000.0,1943403.3811115376,Pa,-0.3666062129587766,-1.2220207098625888,False,evaluated,,SUCCESS,True,[],5.684341886080802e-14,9055458d8b7cd767a0d08e9f37e4fd28631e29c363364d7b842ebade645cb241
canonical,canonical:vle_obs_0246,vle_obs_0246-pco2,Mamun2005,120,0.3,0.155,7354.0,4168.647979048693,Pa,-0.5676526252886648,-1.8921754176288827,False,evaluated,,SUCCESS,True,[],2.842170943040401e-14,9055458d8b7cd767a0d08e9f37e4fd28631e29c363364d7b842ebade645cb241
canonical,canonical:vle_obs_0247,vle_obs_0247-pco2,Mamun2005,120,0.3,0.1766,9314.0,5759.624163635556,Pa,-0.48064642135004526,-1.6021547378334842,False,evaluated,,SUCCESS,True,[],5.684341886080802e-14,9055458d8b7cd767a0d08e9f37e4fd28631e29c363364d7b842ebade645cb241
canonical,canonical:vle_obs_0248,vle_obs_0248-pco2,Mamun2005,120,0.3,0.1843,9045.0,6434.101061882474,Pa,-0.3405999826805996,-1.1353332756019987,False,evaluated,,SUCCESS,True,[],1.1368683772161603e-13,9055458d8b7cd767a0d08e9f37e4fd28631e29c363364d7b842ebade645cb241
canonical,canonical:vle_obs_0249,vle_obs_0249-pco2,Mamun2005,120,0.3,0.2085,15510.0,9012.04411013087,Pa,-0.5429230600309084,-1.8097435334363614,False,evaluated,,SUCCESS,True,[],2.842170943040401e-14,9055458d8b7cd767a0d08e9f37e4fd28631e29c363364d7b842ebade645cb241
canonical,canonical:vle_obs_0250,vle_obs_0250-pco2,Mamun2005,120,0.3,0.2326,19620.0,12462.339733536495,Pa,-0.45383817882872024,-1.5127939294290675,False,evaluated,,SUCCESS,True,[],8.526512829121202e-14,9055458d8b7cd767a0d08e9f37e4fd28631e29c363364d7b842ebade645cb241
canonical,canonical:vle_obs_0251,vle_obs_0251-pco2,Mamun2005,120,0.3,0.2381,25200.0,13405.91542789396,Pa,-0.631147935127994,-2.103826450426647,False,evaluated,,SUCCESS,True,[],2.842170943040401e-14,9055458d8b7cd767a0d08e9f37e4fd28631e29c363364d7b842ebade645cb241
canonical,canonical:vle_obs_0252,vle_obs_0252-pco2,Mamun2005,120,0.3,0.256,27710.0,16976.73375684447,Pa,-0.4899495547490614,-1.6331651824968714,False,evaluated,,SUCCESS,True,[],5.684341886080802e-14,9055458d8b7cd767a0d08e9f37e4fd28631e29c363364d7b842ebade645cb241
canonical,canonical:vle_obs_0253,vle_obs_0253-pco2,Mamun2005,120,0.3,0.2901,39180.0,26603.05351915346,Pa,-0.3871404093639255,-1.2904680312130852,False,evaluated,,SUCCESS,True,[],5.684341886080802e-14,9055458d8b7cd767a0d08e9f37e4fd28631e29c363364d7b842ebade645cb241
canonical,canonical:vle_obs_0254,vle_obs_0254-pco2,Mamun2005,120,0.3,0.2967,40400.0,29037.463002377204,Pa,-0.33024296100389977,-1.1008098700129993,False,evaluated,,SUCCESS,True,[],2.842170943040401e-14,9055458d8b7cd767a0d08e9f37e4fd28631e29c363364d7b842ebade645cb241
canonical,canonical:vle_obs_0255,vle_obs_0255-pco2,Mamun2005,120,0.3,0.3004,43490.0,30503.26327277584,Pa,-0.35469735616944825,-1.1823245205648276,False,evaluated,,SUCCESS,True,[],1.1368683772161603e-13,9055458d8b7cd767a0d08e9f37e4fd28631e29c363364d7b842ebade645cb241
canonical,canonical:vle_obs_0256,vle_obs_0256-pco2,Mamun2005,120,0.3,0.3125,51820.0,35868.206056162824,Pa,-0.36792489721392563,-1.2264163240464188,False,evaluated,,SUCCESS,True,[],2.842170943040401e-14,9055458d8b7cd767a0d08e9f37e4fd28631e29c363364d7b842ebade645cb241
canonical,canonical:vle_obs_0257,vle_obs_0257-pco2,Mamun2005,120,0.3,0.3191,58570.0,39210.7297976418,Pa,-0.4012721914319778,-1.337573971439926,False,evaluated,,SUCCESS,True,[],5.684341886080802e-14,9055458d8b7cd767a0d08e9f37e4fd28631e29c363364d7b842ebade645cb241
canonical,canonical:vle_obs_0258,vle_obs_0258-pco2,Mamun2005,120,0.3,0.3298,62880.0,45361.946036752626,Pa,-0.3265545875769099,-1.0885152919230332,False,evaluated,,SUCCESS,True,[],5.684341886080802e-14,9055458d8b7cd767a0d08e9f37e4fd28631e29c363364d7b842ebade645cb241
canonical,canonical:vle_obs_0259,vle_obs_0259-pco2,Mamun2005,120,0.3,0.3424,77590.0,53977.0178836405,Pa,-0.36288019168013036,-1.209600638933768,False,evaluated,,SUCCESS,True,[],5.684341886080802e-14,9055458d8b7cd767a0d08e9f37e4fd28631e29c363364d7b842ebade645cb241
canonical,canonical:vle_obs_0260,vle_obs_0260-pco2,Mamun2005,120,0.3,0.3424,74950.0,53977.0178836405,Pa,-0.3282628633228792,-1.0942095444095974,False,evaluated,,SUCCESS,True,[],5.684341886080802e-14,9055458d8b7cd767a0d08e9f37e4fd28631e29c363364d7b842ebade645cb241
canonical,canonical:vle_obs_0261,vle_obs_0261-pco2,Mamun2005,120,0.3,0.35,83610.0,60024.79003897348,Pa,-0.3314054859537538,-1.1046849531791794,False,evaluated,,SUCCESS,True,[],8.526512829121202e-14,9055458d8b7cd767a0d08e9f37e4fd28631e29c363364d7b842ebade645cb241
canonical,canonical:vle_obs_0262,vle_obs_0262-pco2,Mamun2005,120,0.3,0.3594,92790.0,68550.52910858183,Pa,-0.30276775080767837,-1.0092258360255946,False,evaluated,,SUCCESS,True,[],5.684341886080802e-14,9055458d8b7cd767a0d08e9f37e4fd28631e29c363364d7b842ebade645cb241
canonical,canonical:vle_obs_0263,vle_obs_0263-pco2,Mamun2005,120,0.3,0.3882,137900.0,104051.22301356666,Pa,-0.2816454779338654,-0.9388182597795514,False,evaluated,,SUCCESS,True,[],1.1368683772161603e-13,9055458d8b7cd767a0d08e9f37e4fd28631e29c363364d7b842ebade645cb241
canonical,canonical:vle_obs_0264,vle_obs_0264-pco2,Mamun2005,120,0.3,0.4182,191900.0,163051.24362873242,Pa,-0.16290987352294617,-0.5430329117431539,False,evaluated,,SUCCESS,True,[],5.684341886080802e-14,9055458d8b7cd767a0d08e9f37e4fd28631e29c363364d7b842ebade645cb241
canonical,canonical:vle_obs_0265,vle_obs_0265-pco2,Xu2011,100,0.3,0.388,34000.0,23312.162265444986,Pa,-0.37738531459020597,-1.25795104863402,False,evaluated,,SUCCESS,True,[],5.684341886080802e-14,9055458d8b7cd767a0d08e9f37e4fd28631e29c363364d7b842ebade645cb241
canonical,canonical:vle_obs_0266,vle_obs_0266-pco2,Xu2011,100,0.3,0.424,101000.0,42651.62442732372,Pa,-0.8620551562355901,-2.8735171874519674,False,evaluated,,SUCCESS,True,[],5.684341886080802e-14,9055458d8b7cd767a0d08e9f37e4fd28631e29c363364d7b842ebade645cb241
canonical,canonical:vle_obs_0267,vle_obs_0267-pco2,Xu2011,100,0.3,0.425,86000.0,43409.68687942207,Pa,-0.683664680065876,-2.2788822668862534,False,evaluated,,SUCCESS,True,[],5.684341886080802e-14,9055458d8b7cd767a0d08e9f37e4fd28631e29c363364d7b842ebade645cb241
canonical,canonical:vle_obs_0268,vle_obs_0268-pco2,Xu2011,100,0.3,0.501,167000.0,177077.8051292048,Pa,0.05859540057256454,0.19531800190854848,False,evaluated,,SUCCESS,True,[],5.684341886080802e-14,9055458d8b7cd767a0d08e9f37e4fd28631e29c363364d7b842ebade645cb241
canonical,canonical:vle_obs_0269,vle_obs_0269-pco2,Xu2011,100,0.3,0.52,233000.0,247135.41462489535,Pa,0.0588979701828405,0.196326567276135,False,evaluated,,SUCCESS,True,[],5.684341886080802e-14,9055458d8b7cd767a0d08e9f37e4fd28631e29c363364d7b842ebade645cb241
canonical,canonical:vle_obs_0270,vle_obs_0270-pco2,Xu2011,100,0.3,0.315,16000.0,8001.0268353343245,Pa,-0.6930188343798782,-2.310062781266261,False,evaluated,,SUCCESS,True,[],5.684341886080802e-14,9055458d8b7cd767a0d08e9f37e4fd28631e29c363364d7b842ebade645cb241
canonical,canonical:vle_obs_0271,vle_obs_0271-pco2,Xu2011,100,0.3,0.475,95000.0,109243.25729932582,Pa,0.1397002223865452,0.46566740795515066,False,evaluated,,SUCCESS,True,[],3.552713678800501e-14,9055458d8b7cd767a0d08e9f37e4fd28631e29c363364d7b842ebade645cb241
canonical,canonical:vle_obs_0272,vle_obs_0272-pco2,Xu2011,100,0.3,0.315,12000.0,8001.0268353343245,Pa,-0.40533676192809714,-1.351122539760324,False,evaluated,,SUCCESS,True,[],5.684341886080802e-14,9055458d8b7cd767a0d08e9f37e4fd28631e29c363364d7b842ebade645cb241
canonical,canonical:vle_obs_0279,vle_obs_0279-pco2,Xu2011,120,0.3,0.37,63000.0,79785.77200272771,Pa,0.23621046646249513,0.7873682215416504,False,evaluated,,SUCCESS,True,[],5.684341886080802e-14,9055458d8b7cd767a0d08e9f37e4fd28631e29c363364d7b842ebade645cb241
canonical,canonical:vle_obs_0280,vle_obs_0280-pco2,Xu2011,120,0.3,0.385,108000.0,99261.4186598811,Pa,-0.08437426470476776,-0.28124754901589255,False,evaluated,,SUCCESS,True,[],1.1368683772161603e-13,9055458d8b7cd767a0d08e9f37e4fd28631e29c363364d7b842ebade645cb241
canonical,canonical:vle_obs_0281,vle_obs_0281-pco2,Xu2011,120,0.3,0.387,62000.0,102226.39444389878,Pa,0.5000555220409103,1.6668517401363678,False,evaluated,,SUCCESS,True,[],5.684341886080802e-14,9055458d8b7cd767a0d08e9f37e4fd28631e29c363364d7b842ebade645cb241
canonical,canonical:vle_obs_0282,vle_obs_0282-pco2,Xu2011,120,0.3,0.422,237000.0,172711.1617694396,Pa,-0.3164395270956591,-1.054798423652197,False,evaluated,,SUCCESS,True,[],4.263256414560601e-14,9055458d8b7cd767a0d08e9f37e4fd28631e29c363364d7b842ebade645cb241
canonical,canonical:vle_obs_0283,vle_obs_0283-pco2,Xu2011,120,0.3,0.423,192000.0,175348.95440084144,Pa,-0.09071735838585444,-0.3023911946195148,False,evaluated,,SUCCESS,True,[],1.1368683772161603e-13,9055458d8b7cd767a0d08e9f37e4fd28631e29c363364d7b842ebade645cb241
canonical,canonical:vle_obs_0284,vle_obs_0284-pco2,Xu2011,120,0.3,0.492,387000.0,482388.43043716095,Pa,0.22032496875637034,0.7344165625212344,False,evaluated,,SUCCESS,True,[],5.684341886080802e-14,9055458d8b7cd767a0d08e9f37e4fd28631e29c363364d7b842ebade645cb241
canonical,canonical:vle_obs_0285,vle_obs_0285-pco2,Xu2011,120,0.3,0.508,512000.0,594837.6663453205,Pa,0.14996391360960598,0.49987971203202,False,evaluated,,SUCCESS,True,[],2.842170943040401e-14,9055458d8b7cd767a0d08e9f37e4fd28631e29c363364d7b842ebade645cb241
canonical,canonical:vle_obs_0286,vle_obs_0286-pco2,Xu2011,120,0.3,0.314,50000.0,36600.15228007283,Pa,-0.31197060437175345,-1.0399020145725115,False,evaluated,,SUCCESS,True,[],5.684341886080802e-14,9055458d8b7cd767a0d08e9f37e4fd28631e29c363364d7b842ebade645cb241
canonical,canonical:vle_obs_0287,vle_obs_0287-pco2,Xu2011,120,0.3,0.467,283000.0,339218.37840696523,Pa,0.18119718643104712,0.6039906214368238,False,evaluated,,SUCCESS,True,[],5.684341886080802e-14,9055458d8b7cd767a0d08e9f37e4fd28631e29c363364d7b842ebade645cb241
canonical,canonical:vle_obs_0288,vle_obs_0288-pco2,Xu2011,120,0.3,0.314,45000.0,36600.15228007283,Pa,-0.2066100887139272,-0.6887002957130907,False,evaluated,,SUCCESS,True,[],5.684341886080802e-14,9055458d8b7cd767a0d08e9f37e4fd28631e29c363364d7b842ebade645cb241
aronu,canonical:vle_obs_0001,vle_obs_0001-pco2,Aronu2011,40,0.15,0.111,1.7,4.586737722732301,Pa,0.9925407845296946,3.3084692817656487,True,evaluated,,SUCCESS,True,[],5.684341886080802e-14,9055458d8b7cd767a0d08e9f37e4fd28631e29c363364d7b842ebade645cb241
aronu,canonical:vle_obs_0002,vle_obs_0002-pco2,Aronu2011,40,0.15,0.148,3.5,8.650762225914862,Pa,0.9048844671690781,3.0162815572302604,True,evaluated,,SUCCESS,True,[],5.684341886080802e-14,9055458d8b7cd767a0d08e9f37e4fd28631e29c363364d7b842ebade645cb241
aronu,canonical:vle_obs_0003,vle_obs_0003-pco2,Aronu2011,40,0.15,0.186,6.8,15.086828616802539,Pa,0.7968994739508883,2.6563315798362948,True,evaluated,,SUCCESS,True,[],5.684341886080802e-14,9055458d8b7cd767a0d08e9f37e4fd28631e29c363364d7b842ebade645cb241
aronu,canonical:vle_obs_0004,vle_obs_0004-pco2,Aronu2011,40,0.15,0.22,17.0,23.79906502878407,Pa,0.33643295134468565,1.1214431711489523,True,evaluated,,SUCCESS,True,[],1.1368683772161603e-13,9055458d8b7cd767a0d08e9f37e4fd28631e29c363364d7b842ebade645cb241
aronu,canonical:vle_obs_0005,vle_obs_0005-pco2,Aronu2011,40,0.15,0.236,21.5,29.289043692586464,Pa,0.3091605755515212,1.030535251838404,True,evaluated,,SUCCESS,True,[],5.684341886080802e-14,9055458d8b7cd767a0d08e9f37e4fd28631e29c363364d7b842ebade645cb241
aronu,canonical:vle_obs_0006,vle_obs_0006-pco2,Aronu2011,40,0.15,0.295,42.7,62.692500849287136,Pa,0.38404291657157463,1.2801430552385822,True,evaluated,,SUCCESS,True,[],9.947598300641403e-14,9055458d8b7cd767a0d08e9f37e4fd28631e29c363364d7b842ebade645cb241
aronu,canonical:vle_obs_0007,vle_obs_0007-pco2,Aronu2011,40,0.15,0.298,45.0,65.21418800841799,Pa,0.37101456298028523,1.2367152099342842,True,evaluated,,SUCCESS,True,[],7.105427357601002e-14,9055458d8b7cd767a0d08e9f37e4fd28631e29c363364d7b842ebade645cb241
aronu,canonical:vle_obs_0008,vle_obs_0008-pco2,Aronu2011,40,0.15,0.342,84.5,118.92137703301485,Pa,0.3417110431902655,1.1390368106342184,True,evaluated,,SUCCESS,True,[],5.684341886080802e-14,9055458d8b7cd767a0d08e9f37e4fd28631e29c363364d7b842ebade645cb241
aronu,canonical:vle_obs_0009,vle_obs_0009-pco2,Aronu2011,40,0.15,0.398,222.0,283.4943076807195,Pa,0.2445146623663261,0.8150488745544203,True,evaluated,,SUCCESS,True,[],1.1368683772161603e-13,9055458d8b7cd767a0d08e9f37e4fd28631e29c363364d7b842ebade645cb241
aronu,canonical:vle_obs_0010,vle_obs_0010-pco2,Aronu2011,40,0.15,0.442,663.4,642.1755393709585,Pa,-0.03251643438555366,-0.10838811461851221,True,evaluated,,SUCCESS,True,[],5.684341886080802e-14,9055458d8b7cd767a0d08e9f37e4fd28631e29c363364d7b842ebade645cb241
aronu,canonical:vle_obs_0011,vle_obs_0011-pco2,Aronu2011,40,0.15,0.45,701.3000000000001,756.9678199281109,Pa,0.07638498698851266,0.2546166232950422,True,evaluated,,SUCCESS,True,[],5.684341886080802e-14,9055458d8b7cd767a0d08e9f37e4fd28631e29c363364d7b842ebade645cb241
aronu,canonical:vle_obs_0012,vle_obs_0012-pco2,Aronu2011,40,0.15,0.516,4840.5,3358.916840224726,Pa,-0.36539946815566215,-1.2179982271855405,True,evaluated,,SUCCESS,True,[],5.684341886080802e-14,9055458d8b7cd767a0d08e9f37e4fd28631e29c363364d7b842ebade645cb241
aronu,canonical:vle_obs_0013,vle_obs_0013-pco2,Aronu2011,40,0.15,0.529,7886.099999999999,4518.34613942602,Pa,-0.5569556875450833,-1.856518958483611,True,evaluated,,SUCCESS,True,[],5.684341886080802e-14,9055458d8b7cd767a0d08e9f37e4fd28631e29c363364d7b842ebade645cb241
aronu,canonical:vle_obs_0014,vle_obs_0014-pco2,Aronu2011,40,0.15,0.565,16002.400000000001,9724.51193580672,Pa,-0.49808900929522065,-1.6602966976507356,True,evaluated,,SUCCESS,True,[],5.684341886080802e-14,9055458d8b7cd767a0d08e9f37e4fd28631e29c363364d7b842ebade645cb241
aronu,canonical:vle_obs_0015,vle_obs_0015-pco2,Aronu2011,60,0.15,0.048,4.2,5.511464089594925,Pa,0.2717457775695295,0.9058192585650984,True,evaluated,,SUCCESS,True,[],5.684341886080802e-14,9055458d8b7cd767a0d08e9f37e4fd28631e29c363364d7b842ebade645cb241
aronu,canonical:vle_obs_0016,vle_obs_0016-pco2,Aronu2011,60,0.15,0.06,5.6,8.44661921484247,Pa,0.4109996706514018,1.3699989021713395,True,evaluated,,SUCCESS,True,[],5.684341886080802e-14,9055458d8b7cd767a0d08e9f37e4fd28631e29c363364d7b842ebade645cb241
aronu,canonical:vle_obs_0017,vle_obs_0017-pco2,Aronu2011,60,0.15,0.075,6.8,13.068426876439064,Pa,0.6532765468052392,2.1775884893507973,True,evaluated,,SUCCESS,True,[],5.684341886080802e-14,9055458d8b7cd767a0d08e9f37e4fd28631e29c363364d7b842ebade645cb241
aronu,canonical:vle_obs_0018,vle_obs_0018-pco2,Aronu2011,60,0.15,0.069,7.8,11.086841308182672,Pa,0.35163520366876055,1.1721173455625353,True,evaluated,,SUCCESS,True,[],2.842170943040401e-14,9055458d8b7cd767a0d08e9f37e4fd28631e29c363364d7b842ebade645cb241
aronu,canonical:vle_obs_0019,vle_obs_0019-pco2,Aronu2011,60,0.15,0.098,9.4,22.472115602364354,Pa,0.8715655447973891,2.905218482657964,True,evaluated,,SUCCESS,True,[],2.842170943040401e-14,9055458d8b7cd767a0d08e9f37e4fd28631e29c363364d7b842ebade645cb241
aronu,canonical:vle_obs_0020,vle_obs_0020-pco2,Aronu2011,60,0.15,0.135,15.100000000000001,44.92666293796817,Pa,1.090336704033861,3.63445568011287,True,evaluated,,SUCCESS,True,[],9.947598300641403e-14,9055458d8b7cd767a0d08e9f37e4fd28631e29c363364d7b842ebade645cb241
aronu,canonical:vle_obs_0021,vle_obs_0021-pco2,Aronu2011,60,0.15,0.144,23.400000000000002,52.09070404706602,Pa,0.8002504852757273,2.6675016175857578,True,evaluated,,SUCCESS,True,[],5.684341886080802e-14,9055458d8b7cd767a0d08e9f37e4fd28631e29c363364d7b842ebade645cb241
aronu,canonical:vle_obs_0022,vle_obs_0022-pco2,Aronu2011,60,0.15,0.175,41.7,83.45845062773742,Pa,0.6938477819368412,2.312825939789471,True,evaluated,,SUCCESS,True,[],8.526512829121202e-14,9055458d8b7cd767a0d08e9f37e4fd28631e29c363364d7b842ebade645cb241
aronu,canonical:vle_obs_0023,vle_obs_0023-pco2,Aronu2011,60,0.15,0.23,96.5,176.8685339206502,Pa,0.6058637020452459,2.019545673484153,True,evaluated,,SUCCESS,True,[],5.684341886080802e-14,9055458d8b7cd767a0d08e9f37e4fd28631e29c363364d7b842ebade645cb241
aronu,canonical:vle_obs_0024,vle_obs_0024-pco2,Aronu2011,60,0.15,0.253,146.2,238.67064336058678,Pa,0.4901089929634098,1.6336966432113662,True,evaluated,,SUCCESS,True,[],5.684341886080802e-14,9055458d8b7cd767a0d08e9f37e4fd28631e29c363364d7b842ebade645cb241
aronu,canonical:vle_obs_0025,vle_obs_0025-pco2,Aronu2011,60,0.15,0.415,1799.8,2390.0629348091975,Pa,0.28364415053516207,0.9454805017838736,True,evaluated,,SUCCESS,True,[],5.684341886080802e-14,9055458d8b7cd767a0d08e9f37e4fd28631e29c363364d7b842ebade645cb241
aronu,canonical:vle_obs_0026,vle_obs_0026-pco2,Aronu2011,60,0.15,0.48,5409.0,7855.726812066462,Pa,0.3731785631267718,1.243928543755906,True,evaluated,,SUCCESS,True,[],7.105427357601002e-14,9055458d8b7cd767a0d08e9f37e4fd28631e29c363364d7b842ebade645cb241
aronu,canonical:vle_obs_0027,vle_obs_0027-pco2,Aronu2011,60,0.15,0.492,8229.699999999999,9927.676084312905,Pa,0.1875768588709625,0.6252561962365417,True,evaluated,,SUCCESS,True,[],5.684341886080802e-14,9055458d8b7cd767a0d08e9f37e4fd28631e29c363364d7b842ebade645cb241
aronu,canonical:vle_obs_0028,vle_obs_0028-pco2,Aronu2011,80,0.15,0.103,60.3,140.49374846551513,Pa,0.8458308891433672,2.8194362971445575,False,evaluated,,SUCCESS,True,[],8.526512829121202e-14,9055458d8b7cd767a0d08e9f37e4fd28631e29c363364d7b842ebade645cb241
aronu,canonical:vle_obs_0029,vle_obs_0029-pco2,Aronu2011,80,0.15,0.147,131.5,309.61846575201633,Pa,0.8563339322209875,2.8544464407366252,False,evaluated,,SUCCESS,True,[],5.684341886080802e-14,9055458d8b7cd767a0d08e9f37e4fd28631e29c363364d7b842ebade645cb241
aronu,canonical:vle_obs_0030,vle_obs_0030-pco2,Aronu2011,80,0.15,0.211,354.4,784.343154421254,Pa,0.7944204028239922,2.6480680094133073,False,evaluated,,SUCCESS,True,[],2.842170943040401e-14,9055458d8b7cd767a0d08e9f37e4fd28631e29c363364d7b842ebade645cb241
aronu,canonical:vle_obs_0031,vle_obs_0031-pco2,Aronu2011,80,0.15,0.242,525.0,1182.5709236336438,Pa,0.8120478336787438,2.7068261122624793,False,evaluated,,SUCCESS,True,[],5.684341886080802e-14,9055458d8b7cd767a0d08e9f37e4fd28631e29c363364d7b842ebade645cb241
aronu,canonical:vle_obs_0032,vle_obs_0032-pco2,Aronu2011,80,0.15,0.373,3637.4,6806.648466968357,Pa,0.62663070954921,2.0887690318307,False,evaluated,,SUCCESS,True,[],5.684341886080802e-14,9055458d8b7cd767a0d08e9f37e4fd28631e29c363364d7b842ebade645cb241
aronu,canonical:vle_obs_0033,vle_obs_0033-pco2,Aronu2011,80,0.15,0.409,6309.2,11625.027262969523,Pa,0.6111514110411674,2.0371713701372247,False,evaluated,,SUCCESS,True,[],5.684341886080802e-14,9055458d8b7cd767a0d08e9f37e4fd28631e29c363364d7b842ebade645cb241
aronu,canonical:vle_obs_0070,vle_obs_0070-pco2,Aronu2011,40,0.45,0.141,3.5,2.6318161860086677,Pa,-0.2850887956136973,-0.9502959853789911,True,evaluated,,SUCCESS,True,[],2.842170943040401e-14,9055458d8b7cd767a0d08e9f37e4fd28631e29c363364d7b842ebade645cb241
aronu,canonical:vle_obs_0071,vle_obs_0071-pco2,Aronu2011,40,0.45,0.148,3.5,2.8952300397677764,Pa,-0.18969839956759127,-0.6323279985586376,True,evaluated,,SUCCESS,True,[],5.684341886080802e-14,9055458d8b7cd767a0d08e9f37e4fd28631e29c363364d7b842ebade645cb241
aronu,canonical:vle_obs_0072,vle_obs_0072-pco2,Aronu2011,40,0.45,0.195,7.7,5.152270476603151,Pa,-0.401782842094954,-1.3392761403165134,True,evaluated,,SUCCESS,True,[],1.2789769243681803e-13,9055458d8b7cd767a0d08e9f37e4fd28631e29c363364d7b842ebade645cb241
aronu,canonical:vle_obs_0073,vle_obs_0073-pco2,Aronu2011,40,0.45,0.217,9.9,6.580569713965228,Pa,-0.4084134328818939,-1.3613781096063131,True,evaluated,,SUCCESS,True,[],5.684341886080802e-14,9055458d8b7cd767a0d08e9f37e4fd28631e29c363364d7b842ebade645cb241
aronu,canonical:vle_obs_0074,vle_obs_0074-pco2,Aronu2011,40,0.45,0.234,12.3,7.902123232941693,Pa,-0.4424677753523741,-1.4748925845079137,True,evaluated,,SUCCESS,True,[],5.684341886080802e-14,9055458d8b7cd767a0d08e9f37e4fd28631e29c363364d7b842ebade645cb241
aronu,canonical:vle_obs_0075,vle_obs_0075-pco2,Aronu2011,40,0.45,0.276,16.400000000000002,12.306460165381583,Pa,-0.28715699363210606,-0.957189978773687,True,evaluated,,SUCCESS,True,[],5.684341886080802e-14,9055458d8b7cd767a0d08e9f37e4fd28631e29c363364d7b842ebade645cb241
aronu,canonical:vle_obs_0076,vle_obs_0076-pco2,Aronu2011,40,0.45,0.271,17.8,11.674797224145511,Pa,-0.42176602227545146,-1.4058867409181717,True,evaluated,,SUCCESS,True,[],5.684341886080802e-14,9055458d8b7cd767a0d08e9f37e4fd28631e29c363364d7b842ebade645cb241
aronu,canonical:vle_obs_0077,vle_obs_0077-pco2,Aronu2011,40,0.45,0.3,36.4,15.893179173006555,Pa,-0.8286787402857428,-2.7622624676191427,True,evaluated,,SUCCESS,True,[],5.684341886080802e-14,9055458d8b7cd767a0d08e9f37e4fd28631e29c363364d7b842ebade645cb241
aronu,canonical:vle_obs_0078,vle_obs_0078-pco2,Aronu2011,40,0.45,0.354,59.8,29.566925026691443,Pa,-0.7043493221277871,-2.3478310737592905,True,evaluated,,SUCCESS,True,[],1.1368683772161603e-13,9055458d8b7cd767a0d08e9f37e4fd28631e29c363364d7b842ebade645cb241
aronu,canonical:vle_obs_0079,vle_obs_0079-pco2,Aronu2011,40,0.45,0.39,108.7,48.35169353103021,Pa,-0.8100905463463368,-2.700301821154456,True,evaluated,,SUCCESS,True,[],2.842170943040401e-14,9055458d8b7cd767a0d08e9f37e4fd28631e29c363364d7b842ebade645cb241
aronu,canonical:vle_obs_0080,vle_obs_0080-pco2,Aronu2011,40,0.45,0.404,178.1,60.3863648963133,Pa,-1.0815818575892593,-3.6052728586308644,True,evaluated,,SUCCESS,True,[],5.684341886080802e-14,9055458d8b7cd767a0d08e9f37e4fd28631e29c363364d7b842ebade645cb241
aronu,canonical:vle_obs_0081,vle_obs_0081-pco2,Aronu2011,40,0.45,0.428,278.7,94.28084814368495,Pa,-1.083857860451898,-3.6128595348396604,True,evaluated,,SUCCESS,True,[],4.263256414560601e-14,9055458d8b7cd767a0d08e9f37e4fd28631e29c363364d7b842ebade645cb241
aronu,canonical:vle_obs_0082,vle_obs_0082-pco2,Aronu2011,40,0.45,0.464,917.3,238.10803169359178,Pa,-1.348710087153282,-4.49570029051094,True,evaluated,,SUCCESS,True,[],2.842170943040401e-14,9055458d8b7cd767a0d08e9f37e4fd28631e29c363364d7b842ebade645cb241
aronu,canonical:vle_obs_0083,vle_obs_0083-pco2,Aronu2011,40,0.45,0.475,2160.8999999999996,348.01753157596704,Pa,-1.8260272239660267,-6.086757413220089,True,evaluated,,SUCCESS,True,[],1.1368683772161603e-13,9055458d8b7cd767a0d08e9f37e4fd28631e29c363364d7b842ebade645cb241
aronu,canonical:vle_obs_0084,vle_obs_0084-pco2,Aronu2011,40,0.45,0.497,5487.099999999999,871.9356769843472,Pa,-1.8394395055261044,-6.131465018420348,True,evaluated,,SUCCESS,True,[],5.684341886080802e-14,9055458d8b7cd767a0d08e9f37e4fd28631e29c363364d7b842ebade645cb241
aronu,canonical:vle_obs_0085,vle_obs_0085-pco2,Aronu2011,60,0.45,0.045,1.9,1.8676639108388624,Pa,-0.017165481804298242,-0.057218272680994144,True,evaluated,,SUCCESS,True,[],5.684341886080802e-14,9055458d8b7cd767a0d08e9f37e4fd28631e29c363364d7b842ebade645cb241
aronu,canonical:vle_obs_0086,vle_obs_0086-pco2,Aronu2011,60,0.45,0.087,5.8999999999999995,5.967570906353514,Pa,0.011387610335472606,0.03795870111824202,True,evaluated,,SUCCESS,True,[],5.684341886080802e-14,9055458d8b7cd767a0d08e9f37e4fd28631e29c363364d7b842ebade645cb241
aronu,canonical:vle_obs_0087,vle_obs_0087-pco2,Aronu2011,60,0.45,0.12,9.9,10.95688551963427,Pa,0.10143331607939092,0.3381110535979697,True,evaluated,,SUCCESS,True,[],5.684341886080802e-14,9055458d8b7cd767a0d08e9f37e4fd28631e29c363364d7b842ebade645cb241
aronu,canonical:vle_obs_0088,vle_obs_0088-pco2,Aronu2011,60,0.45,0.169,20.5,22.263149220404596,Pa,0.08250792410818239,0.2750264136939413,True,evaluated,,SUCCESS,True,[],5.684341886080802e-14,9055458d8b7cd767a0d08e9f37e4fd28631e29c363364d7b842ebade645cb241
aronu,canonical:vle_obs_0089,vle_obs_0089-pco2,Aronu2011,60,0.45,0.232,78.7,47.84063162556242,Pa,-0.49776784299266985,-1.6592261433088995,True,evaluated,,SUCCESS,True,[],1.1368683772161603e-13,9055458d8b7cd767a0d08e9f37e4fd28631e29c363364d7b842ebade645cb241
aronu,canonical:vle_obs_0090,vle_obs_0090-pco2,Aronu2011,60,0.45,0.269,128.39999999999998,73.12091799480623,Pa,-0.5630359095552104,-1.8767863651840349,True,evaluated,,SUCCESS,True,[],1.1368683772161603e-13,9055458d8b7cd767a0d08e9f37e4fd28631e29c363364d7b842ebade645cb241
aronu,canonical:vle_obs_0091,vle_obs_0091-pco2,Aronu2011,60,0.45,0.352,427.9,201.0403963250682,Pa,-0.7553836588151823,-2.5179455293839412,True,evaluated,,SUCCESS,True,[],5.684341886080802e-14,9055458d8b7cd767a0d08e9f37e4fd28631e29c363364d7b842ebade645cb241
aronu,canonical:vle_obs_0092,vle_obs_0092-pco2,Aronu2011,60,0.45,0.392,1425.8999999999999,362.8878438647492,Pa,-1.36846465583387,-4.561548852779567,True,evaluated,,SUCCESS,True,[],5.684341886080802e-14,9055458d8b7cd767a0d08e9f37e4fd28631e29c363364d7b842ebade645cb241
aronu,canonical:vle_obs_0093,vle_obs_0093-pco2,Aronu2011,60,0.45,0.454,4634.9,1296.8401948941346,Pa,-1.2736839374072473,-4.245613124690824,True,evaluated,,SUCCESS,True,[],8.526512829121202e-14,9055458d8b7cd767a0d08e9f37e4fd28631e29c363364d7b842ebade645cb241
aronu,canonical:vle_obs_0094,vle_obs_0094-pco2,Aronu2011,60,0.45,0.46,6292.799999999999,1524.6101759261062,Pa,-1.41766736765653,-4.725557892188434,True,evaluated,,SUCCESS,True,[],4.263256414560601e-14,9055458d8b7cd767a0d08e9f37e4fd28631e29c363364d7b842ebade645cb241
aronu,canonical:vle_obs_0095,vle_obs_0095-pco2,Aronu2011,60,0.45,0.471,8290.0,2098.580540077385,Pa,-1.3737887862602138,-4.579295954200713,True,evaluated,,SUCCESS,True,[],5.684341886080802e-14,9055458d8b7cd767a0d08e9f37e4fd28631e29c363364d7b842ebade645cb241
aronu,canonical:vle_obs_0096,vle_obs_0096-pco2,Aronu2011,80,0.45,0.017,0.8,1.7368304904064102,Pa,0.7752054462501252,2.5840181541670844,False,evaluated,,SUCCESS,True,[],5.684341886080802e-14,9055458d8b7cd767a0d08e9f37e4fd28631e29c363364d7b842ebade645cb241
aronu,canonical:vle_obs_0097,vle_obs_0097-pco2,Aronu2011,80,0.45,0.027,2.3,3.8229239043453678,Pa,0.5081064268845936,1.6936880896153121,False,evaluated,,SUCCESS,True,[],1.1368683772161603e-13,9055458d8b7cd767a0d08e9f37e4fd28631e29c363364d7b842ebade645cb241
aronu,canonical:vle_obs_0098,vle_obs_0098-pco2,Aronu2011,80,0.45,0.038,5.6,6.866156025232819,Pa,0.2038378213637328,0.679459404545776,False,evaluated,,SUCCESS,True,[],5.684341886080802e-14,9055458d8b7cd767a0d08e9f37e4fd28631e29c363364d7b842ebade645cb241
aronu,canonical:vle_obs_0099,vle_obs_0099-pco2,Aronu2011,80,0.45,0.045,6.0,9.199794818625103,Pa,0.4274217122548807,1.4247390408496023,False,evaluated,,SUCCESS,True,[],5.684341886080802e-14,9055458d8b7cd767a0d08e9f37e4fd28631e29c363364d7b842ebade645cb241
aronu,canonical:vle_obs_0100,vle_obs_0100-pco2,Aronu2011,80,0.45,0.061,9.9,15.712012362313617,Pa,0.46189078127838556,1.5396359375946187,False,evaluated,,SUCCESS,True,[],5.684341886080802e-14,9055458d8b7cd767a0d08e9f37e4fd28631e29c363364d7b842ebade645cb241
aronu,canonical:vle_obs_0101,vle_obs_0101-pco2,Aronu2011,80,0.45,0.086,28.8,29.414220765566043,Pa,0.02110286976688638,0.0703428992229546,False,evaluated,,SUCCESS,True,[],5.684341886080802e-14,9055458d8b7cd767a0d08e9f37e4fd28631e29c363364d7b842ebade645cb241
aronu,canonical:vle_obs_0102,vle_obs_0102-pco2,Aronu2011,80,0.45,0.109,52.900000000000006,46.39012860698049,Pa,-0.13131664780480015,-0.43772215934933384,False,evaluated,,SUCCESS,True,[],5.684341886080802e-14,9055458d8b7cd767a0d08e9f37e4fd28631e29c363364d7b842ebade645cb241
aronu,canonical:vle_obs_0103,vle_obs_0103-pco2,Aronu2011,80,0.45,0.135,123.60000000000001,71.7429004364056,Pa,-0.5439616439011226,-1.8132054796704087,False,evaluated,,SUCCESS,True,[],2.842170943040401e-14,9055458d8b7cd767a0d08e9f37e4fd28631e29c363364d7b842ebade645cb241
aronu,canonical:vle_obs_0104,vle_obs_0104-pco2,Aronu2011,80,0.45,0.236,398.1,277.066040562411,Pa,-0.3624473386522238,-1.2081577955074128,False,evaluated,,SUCCESS,True,[],5.684341886080802e-14,9055458d8b7cd767a0d08e9f37e4fd28631e29c363364d7b842ebade645cb241
aronu,canonical:vle_obs_0105,vle_obs_0105-pco2,Aronu2011,80,0.45,0.389,4500.200000000001,2131.2630533910256,Pa,-0.7474070534439076,-2.4913568448130254,False,evaluated,,SUCCESS,True,[],8.526512829121202e-14,9055458d8b7cd767a0d08e9f37e4fd28631e29c363364d7b842ebade645cb241
aronu,canonical:vle_obs_0106,vle_obs_0106-pco2,Aronu2011,80,0.45,0.435,11249.0,5044.56563636107,Pa,-0.8019676835589106,-2.6732256118630353,False,evaluated,,SUCCESS,True,[],5.684341886080802e-14,9055458d8b7cd767a0d08e9f37e4fd28631e29c363364d7b842ebade645cb241
