state_id,state_family,source,temperature_C,CO2_loading,species,six_amount_per_mol_initial_MEA,nine_amount_per_mol_initial_MEA,nine_minus_six_amount_per_mol_initial_MEA
speciation:0:Bottinger:20:0.075,speciation,Bottinger,20.0,0.075,CO2,5.101506849460008e-09,5.091268613906038e-09,-1.023823555397015e-11
speciation:0:Bottinger:20:0.075,speciation,Bottinger,20.0,0.075,CO3^2-,0.0,0.005819022488217445,0.005819022488217445
speciation:0:Bottinger:20:0.075,speciation,Bottinger,20.0,0.075,H2O,7.908957260801054,7.902914239050621,-0.006043021750432587
speciation:0:Bottinger:20:0.075,speciation,Bottinger,20.0,0.075,H3O+,0.0,5.166484042613291e-13,5.166484042613291e-13
speciation:0:Bottinger:20:0.075,speciation,Bottinger,20.0,0.075,HCO3-,0.0005506933242022149,0.0005077650425771953,-4.292828162501955e-05
speciation:0:Bottinger:20:0.075,speciation,Bottinger,20.0,0.075,MEA,0.8505507035272157,0.8502408476825143,-0.00030985584470144545
speciation:0:Bottinger:20:0.075,speciation,Bottinger,20.0,0.075,MEACOO-,0.07444930157429222,0.06867320737793677,-0.005776094196355455
speciation:0:Bottinger:20:0.075,speciation,Bottinger,20.0,0.075,MEAH+,0.07499999489849196,0.08108594493954893,0.00608595004105697
speciation:0:Bottinger:20:0.075,speciation,Bottinger,20.0,0.075,OH-,0.0,0.0002669275431167585,0.0002669275431167585
speciation:10:Bottinger:20:0.235,speciation,Bottinger,20.0,0.235,CO2,1.2711022706551573e-07,1.2710881497991724e-07,-1.4120855984895555e-12
speciation:10:Bottinger:20:0.235,speciation,Bottinger,20.0,0.235,CO3^2-,0.0,0.006425642516323864,0.006425642516323864
speciation:10:Bottinger:20:0.235,speciation,Bottinger,20.0,0.235,H2O,7.906765861669775,7.900360548175754,-0.006405313494020959
speciation:10:Bottinger:20:0.235,speciation,Bottinger,20.0,0.235,H3O+,0.0,2.4554218730356822e-12,2.4554218730356822e-12
speciation:10:Bottinger:20:0.235,speciation,Bottinger,20.0,0.235,HCO3-,0.002742092455267885,0.0026656351618353407,-7.645729343254415e-05
speciation:10:Bottinger:20:0.235,speciation,Bottinger,20.0,0.235,MEA,0.5327423466757222,0.532609761113243,-0.00013258556247919273
speciation:10:Bottinger:20:0.235,speciation,Bottinger,20.0,0.235,MEACOO-,0.23225778043450504,0.225908595213026,-0.006349185221479037
speciation:10:Bottinger:20:0.235,speciation,Bottinger,20.0,0.235,MEAH+,0.23499987288977278,0.2414816436737311,0.006481770783958313
speciation:10:Bottinger:20:0.235,speciation,Bottinger,20.0,0.235,OH-,0.0,5.6128268677505674e-05,5.6128268677505674e-05
speciation:11:Matin:20:0.241,speciation,Matin,20.0,0.241,CO2,1.3980729223305937e-07,1.3980962225119642e-07,2.3300181370482442e-12
speciation:11:Matin:20:0.241,speciation,Matin,20.0,0.241,CO3^2-,0.0,0.0064323309554090114,0.0064323309554090114
speciation:11:Matin:20:0.241,speciation,Matin,20.0,0.241,H2O,7.906632597184183,7.900225006010471,-0.006407591173712035
speciation:11:Matin:20:0.241,speciation,Matin,20.0,0.241,H3O+,0.0,2.5737699681126396e-12,2.5737699681126396e-12
speciation:11:Matin:20:0.241,speciation,Matin,20.0,0.241,HCO3-,0.002875356940863223,0.002797071637211365,-7.828530365185798e-05
speciation:11:Matin:20:0.241,speciation,Matin,20.0,0.241,MEA,0.5208756365554477,0.520743805739656,-0.0001318308157917114
speciation:11:Matin:20:0.241,speciation,Matin,20.0,0.241,MEACOO-,0.23812450325184456,0.23177045759775736,-0.006354045654087204
speciation:11:Matin:20:0.241,speciation,Matin,20.0,0.241,MEAH+,0.24099986019270783,0.24748573666258666,0.006485876469878832
speciation:11:Matin:20:0.241,speciation,Matin,20.0,0.241,OH-,0.0,5.3545519373681856e-05,5.3545519373681856e-05
speciation:12:Jakobsen:20:0.25,speciation,Jakobsen,20.0,0.25,CO2,1.6120344862913666e-07,1.6121286006944045e-07,9.411440303785467e-12
speciation:12:Jakobsen:20:0.25,speciation,Jakobsen,20.0,0.25,CO3^2-,0.0,0.006441491308048058,0.006441491308048058
speciation:12:Jakobsen:20:0.25,speciation,Jakobsen,20.0,0.25,H2O,7.906421137107852,7.900010916019069,-0.00641022108878353
speciation:12:Jakobsen:20:0.25,speciation,Jakobsen,20.0,0.25,H3O+,0.0,2.7616864124531307e-12,2.7616864124531307e-12
speciation:12:Jakobsen:20:0.25,speciation,Jakobsen,20.0,0.25,HCO3-,0.0030868170171955167,0.0030056474366204184,-8.116958057509827e-05
speciation:12:Jakobsen:20:0.25,speciation,Jakobsen,20.0,0.25,MEA,0.5030871394240927,0.5029560705065536,-0.0001310689175391122
speciation:12:Jakobsen:20:0.25,speciation,Jakobsen,20.0,0.25,MEACOO-,0.2469130217793559,0.2405527000424712,-0.006360321736884694
speciation:12:Jakobsen:20:0.25,speciation,Jakobsen,20.0,0.25,MEAH+,0.24999983879655135,0.25649122945097524,0.00649139065442389
speciation:12:Jakobsen:20:0.25,speciation,Jakobsen,20.0,0.25,OH-,0.0,4.989935854887926e-05,4.989935854887926e-05
speciation:13:Matin:20:0.264,speciation,Matin,20.0,0.264,CO2,2.0112820897797525e-07,2.0115326960406424e-07,2.5060626088990004e-11
speciation:13:Matin:20:0.264,speciation,Matin,20.0,0.264,CO3^2-,0.0,0.0064537927480018764,0.0064537927480018764
speciation:13:Matin:20:0.264,speciation,Matin,20.0,0.264,H2O,7.906061402662719,7.899648931266772,-0.00641247139594725
speciation:13:Matin:20:0.264,speciation,Matin,20.0,0.264,H3O+,0.0,3.081725300086749e-12,3.081725300086749e-12
speciation:13:Matin:20:0.264,speciation,Matin,20.0,0.264,HCO3-,0.0034465514623250254,0.0033605169226751884,-8.6034539649837e-05
speciation:13:Matin:20:0.264,speciation,Matin,20.0,0.264,MEA,0.47544695371874307,0.4753162060477738,-0.00013074767096926676
speciation:13:Matin:20:0.264,speciation,Matin,20.0,0.264,MEACOO-,0.26055324740946595,0.2541854891760536,-0.006367758233412346
speciation:13:Matin:20:0.264,speciation,Matin,20.0,0.264,MEAH+,0.263999798871791,0.2704983047761727,0.006498505904381724
speciation:13:Matin:20:0.264,speciation,Matin,20.0,0.264,OH-,0.0,4.4713184522055896e-05,4.4713184522055896e-05
speciation:14:Matin:20:0.287,speciation,Matin,20.0,0.287,CO2,2.9001794280492286e-07,2.900881960719104e-07,7.025326698752911e-11
speciation:14:Matin:20:0.287,speciation,Matin,20.0,0.287,CO3^2-,0.0,0.006469242769497632,0.006469242769497632
speciation:14:Matin:20:0.287,speciation,Matin,20.0,0.287,H2O,7.905372485697836,7.898961188280923,-0.006411297416912376
speciation:14:Matin:20:0.287,speciation,Matin,20.0,0.287,H3O+,0.0,3.695893669554036e-12,3.695893669554036e-12
speciation:14:Matin:20:0.287,speciation,Matin,20.0,0.287,HCO3-,0.004135468427209832,0.004040246630452291,-9.522179675754139e-05
speciation:14:Matin:20:0.287,speciation,Matin,20.0,0.287,MEA,0.43013604846309555,0.4300035503700584,-0.00013249809303716997
speciation:14:Matin:20:0.287,speciation,Matin,20.0,0.287,MEACOO-,0.28286424155484746,0.27649022051185385,-0.006374021042993616
speciation:14:Matin:20:0.287,speciation,Matin,20.0,0.287,MEAH+,0.2869997099820571,0.29350622911808777,0.006506519136030675
speciation:14:Matin:20:0.287,speciation,Matin,20.0,0.287,OH-,0.0,3.7276440482037814e-05,3.7276440482037814e-05
speciation:15:Jakobsen:20:0.29,speciation,Jakobsen,20.0,0.29,CO2,3.043446667578706e-07,3.044234517835615e-07,7.878502569090422e-11
speciation:15:Jakobsen:20:0.29,speciation,Jakobsen,20.0,0.29,CO3^2-,0.0,0.006470841157849739,0.006470841157849739
speciation:15:Jakobsen:20:0.29,speciation,Jakobsen,20.0,0.29,H2O,7.905272049838111,7.898861364296884,-0.0064106855412262576
speciation:15:Jakobsen:20:0.29,speciation,Jakobsen,20.0,0.29,H3O+,0.0,3.785572903457497e-12,3.785572903457497e-12
speciation:15:Jakobsen:20:0.29,speciation,Jakobsen,20.0,0.29,HCO3-,0.004235904286936335,0.004139356215032427,-9.65480719039083e-05
speciation:15:Jakobsen:20:0.29,speciation,Jakobsen,20.0,0.29,MEA,0.42423651297626985,0.4241035726142285,-0.00013294036204136717
speciation:15:Jakobsen:20:0.29,speciation,Jakobsen,20.0,0.29,MEACOO-,0.28576379136839697,0.27938949820366593,-0.0063742931647310375
speciation:15:Jakobsen:20:0.29,speciation,Jakobsen,20.0,0.29,MEAH+,0.2899996956553332,0.29650692918210547,0.006507233526772294
speciation:15:Jakobsen:20:0.29,speciation,Jakobsen,20.0,0.29,OH-,0.0,3.639245149300489e-05,3.639245149300489e-05
speciation:16:Bottinger:20:0.309,speciation,Bottinger,20.0,0.309,CO2,4.147636157441604e-07,4.149189693908128e-07,1.5535364665237505e-10
speciation:16:Bottinger:20:0.309,speciation,Bottinger,20.0,0.309,CO3^2-,0.0,0.006478766497318464,0.006478766497318464
speciation:16:Bottinger:20:0.309,speciation,Bottinger,20.0,0.309,H2O,7.904566899080959,7.898162713733852,-0.006404185347107294
speciation:16:Bottinger:20:0.309,speciation,Bottinger,20.0,0.309,H3O+,0.0,4.416220885934939e-12,4.416220885934939e-12
speciation:16:Bottinger:20:0.309,speciation,Bottinger,20.0,0.309,HCO3-,0.004941055044086692,0.004835283894171939,-0.00010577114991475352
speciation:16:Bottinger:20:0.309,speciation,Bottinger,20.0,0.309,MEA,0.38694188457131806,0.386804923741241,-0.00013696083007708193
speciation:16:Bottinger:20:0.309,speciation,Bottinger,20.0,0.309,MEACOO-,0.3040585301922976,0.29768553468954007,-0.00637299550275755
speciation:16:Bottinger:20:0.309,speciation,Bottinger,20.0,0.309,MEAH+,0.3089995852363842,0.315509541569219,0.006509956332834799
speciation:16:Bottinger:20:0.309,speciation,Bottinger,20.0,0.309,OH-,0.0,3.118999528626183e-05,3.118999528626183e-05
speciation:17:Matin:20:0.31,speciation,Matin,20.0,0.31,CO2,4.216779120417182e-07,4.218386753688297e-07,1.6076332711145626e-10
speciation:17:Matin:20:0.31,speciation,Matin,20.0,0.31,CO3^2-,0.0,0.006479077762417329,0.006479077762417329
speciation:17:Matin:20:0.31,speciation,Matin,20.0,0.31,H2O,7.904526112701274,7.898122401112797,-0.006403711588476746
speciation:17:Matin:20:0.31,speciation,Matin,20.0,0.31,H3O+,0.0,4.4527527638278175e-12,4.4527527638278175e-12
speciation:17:Matin:20:0.31,speciation,Matin,20.0,0.31,HCO3-,0.0049818414237697995,0.004875541459054289,-0.0001062999647155104
speciation:17:Matin:20:0.31,speciation,Matin,20.0,0.31,MEA,0.38498268477959374,0.38484545135453657,-0.0001372334250571705
speciation:17:Matin:20:0.31,speciation,Matin,20.0,0.31,MEACOO-,0.30501773689831824,0.29864495893985316,-0.006372777958465081
speciation:17:Matin:20:0.31,speciation,Matin,20.0,0.31,MEAH+,0.30999957832208797,0.3165095897056102,0.006510011383522252
speciation:17:Matin:20:0.31,speciation,Matin,20.0,0.31,OH-,0.0,3.093378632081853e-05,3.093378632081853e-05
speciation:18:Matin:20:0.334,speciation,Matin,20.0,0.334,CO2,6.332566770875097e-07,6.336157875300806e-07,3.591104425708359e-10
speciation:18:Matin:20:0.334,speciation,Matin,20.0,0.334,CO3^2-,0.0,0.0064832287294213425,0.0064832287294213425
speciation:18:Matin:20:0.334,speciation,Matin,20.0,0.334,H2O,7.90341054623251,7.8970226408488795,-0.006387905383630432
speciation:18:Matin:20:0.334,speciation,Matin,20.0,0.334,H3O+,0.0,5.4542944981336725e-12,5.4542944981336725e-12
speciation:18:Matin:20:0.334,speciation,Matin,20.0,0.334,HCO3-,0.006097407892533694,0.005976837986232094,-0.0001205699063015998
speciation:18:Matin:20:0.334,speciation,Matin,20.0,0.334,MEA,0.338098674405888,0.3379528586682062,-0.00014581573768179812
speciation:18:Matin:20:0.334,speciation,Matin,20.0,0.334,MEACOO-,0.32790195885078915,0.32153929966855926,-0.006362659182229891
speciation:18:Matin:20:0.334,speciation,Matin,20.0,0.334,MEAH+,0.33399936674332287,0.3405078416632346,0.006508474919911744
speciation:18:Matin:20:0.334,speciation,Matin,20.0,0.334,OH-,0.0,2.524655505525743e-05,2.524655505525743e-05
speciation:19:Matin:20:0.358,speciation,Matin,20.0,0.358,CO2,9.755038798882132e-07,9.76308437892172e-07,8.045580039588973e-10
speciation:19:Matin:20:0.358,speciation,Matin,20.0,0.358,CO3^2-,0.0,0.006480307780503626,0.006480307780503626
speciation:19:Matin:20:0.358,speciation,Matin,20.0,0.358,H2O,7.901952532770511,7.895590544949114,-0.006361987821397186
speciation:19:Matin:20:0.358,speciation,Matin,20.0,0.358,H3O+,0.0,6.770158085098831e-12,6.770158085098831e-12
speciation:19:Matin:20:0.358,speciation,Matin,20.0,0.358,HCO3-,0.0075554213545332245,0.00741676918878645,-0.00013865216574677434
speciation:19:Matin:20:0.358,speciation,Matin,20.0,0.358,MEA,0.2915573723622932,0.29139838961256637,-0.00015898274972681037
speciation:19:Matin:20:0.358,speciation,Matin,20.0,0.358,MEACOO-,0.35044360314158673,0.34410194672227185,-0.0063416564193148894
speciation:19:Matin:20:0.358,speciation,Matin,20.0,0.358,MEAH+,0.35799902449612014,0.36449966366516173,0.006500639169041589
speciation:19:Matin:20:0.358,speciation,Matin,20.0,0.358,OH-,0.0,2.033219986613931e-05,2.033219986613931e-05
speciation:1:Matin:20:0.106,speciation,Matin,20.0,0.106,CO2,1.1840290379951296e-08,1.1827178460403646e-08,-1.311191954765012e-11
speciation:1:Matin:20:0.106,speciation,Matin,20.0,0.106,CO3^2-,0.0,0.006068258391317376,0.006068258391317376
speciation:1:Matin:20:0.106,speciation,Matin,20.0,0.106,H2O,7.90866926444112,7.9024705697440805,-0.006198694697039819
speciation:1:Matin:20:0.106,speciation,Matin,20.0,0.106,H3O+,0.0,7.710438437805484e-13,7.710438437805484e-13
speciation:1:Matin:20:0.106,speciation,Matin,20.0,0.106,HCO3-,0.0008386896840287323,0.00079028764316422,-4.840204086451231e-05
speciation:1:Matin:20:0.106,speciation,Matin,20.0,0.106,MEA,0.7888387133646099,0.7886114729527218,-0.00022724041188804112
speciation:1:Matin:20:0.106,speciation,Matin,20.0,0.106,MEACOO-,0.10516129847568123,0.09914144213835487,-0.006019856337326365
speciation:1:Matin:20:0.106,speciation,Matin,20.0,0.106,MEAH+,0.10599998815970892,0.11224708490892325,0.006247096749214337
speciation:1:Matin:20:0.106,speciation,Matin,20.0,0.106,OH-,0.0,0.0001788383455580079,0.0001788383455580079
speciation:20:Matin:20:0.382,speciation,Matin,20.0,0.382,CO2,1.559890817978004e-06,1.5617765298022201e-06,1.8857118242160816e-09
speciation:20:Matin:20:0.382,speciation,Matin,20.0,0.382,CO3^2-,0.0,0.0064684031213567425,0.0064684031213567425
speciation:20:Matin:20:0.382,speciation,Matin,20.0,0.382,H2O,7.899975018423863,7.893652661345386,-0.006322357078476948
speciation:20:Matin:20:0.382,speciation,Matin,20.0,0.382,H3O+,0.0,8.567499523123277e-12,8.567499523123277e-12
speciation:20:Matin:20:0.382,speciation,Matin,20.0,0.382,HCO3-,0.009532935701180176,0.009370830746560595,-0.00016210495461958102
speciation:20:Matin:20:0.382,speciation,Matin,20.0,0.382,MEA,0.24553605548281626,0.24535789540501865,-0.00017816007779761223
speciation:20:Matin:20:0.382,speciation,Matin,20.0,0.382,MEACOO-,0.3724655044080018,0.36615920435555277,-0.006306300052449032
speciation:20:Matin:20:0.382,speciation,Matin,20.0,0.382,MEAH+,0.3819984401091819,0.3884829002394285,0.0064844601302466165
speciation:20:Matin:20:0.382,speciation,Matin,20.0,0.382,OH-,0.0,1.6058903168943213e-05,1.6058903168943213e-05
speciation:21:Bottinger:20:0.388,speciation,Bottinger,20.0,0.388,CO2,1.7675353052120683e-06,1.7698954238689527e-06,2.3601186568843545e-09
speciation:21:Bottinger:20:0.388,speciation,Bottinger,20.0,0.388,CO3^2-,0.0,0.00646363877863312,0.00646363877863312
speciation:21:Bottinger:20:0.388,speciation,Bottinger,20.0,0.388,H2O,7.899367272679127,7.893057608075354,-0.006309664603772802
speciation:21:Bottinger:20:0.388,speciation,Bottinger,20.0,0.388,H3O+,0.0,9.122824729439313e-12,9.122824729439313e-12
speciation:21:Bottinger:20:0.388,speciation,Bottinger,20.0,0.388,HCO3-,0.01014068144592108,0.009971628171110912,-0.00016905327481016828
speciation:21:Bottinger:20:0.388,speciation,Bottinger,20.0,0.388,MEA,0.23414421651653147,0.23396008888025077,-0.00018412763628070095
speciation:21:Bottinger:20:0.388,speciation,Bottinger,20.0,0.388,MEACOO-,0.3778575510187737,0.37156296315483234,-0.006294587863941381
speciation:21:Bottinger:20:0.388,speciation,Bottinger,20.0,0.388,MEAH+,0.38799823246469484,0.39447694796491684,0.006478715500221999
speciation:21:Bottinger:20:0.388,speciation,Bottinger,20.0,0.388,OH-,0.0,1.5079090830514773e-05,1.5079090830514773e-05
speciation:22:Jakobsen:20:0.4,speciation,Jakobsen,20.0,0.4,CO2,2.2950369212725244e-06,2.2988010064707233e-06,3.764085198198851e-09
speciation:22:Jakobsen:20:0.4,speciation,Jakobsen,20.0,0.4,CO3^2-,0.0,0.006451405493775421,0.006451405493775421
speciation:22:Jakobsen:20:0.4,speciation,Jakobsen,20.0,0.4,H2O,7.897970853011247,7.891690766743395,-0.0062800862678527025
speciation:22:Jakobsen:20:0.4,speciation,Jakobsen,20.0,0.4,H3O+,0.0,1.040410564531212e-11,1.040410564531212e-11
speciation:22:Jakobsen:20:0.4,speciation,Jakobsen,20.0,0.4,HCO3-,0.011537101113798765,0.011352564377794172,-0.0001845367360045931
speciation:22:Jakobsen:20:0.4,speciation,Jakobsen,20.0,0.4,MEA,0.2115416911876412,0.2113439444905394,-0.00019774669710181936
speciation:22:Jakobsen:20:0.4,speciation,Jakobsen,20.0,0.4,MEACOO-,0.38846060384927994,0.38219373132742396,-0.006266872521855982
speciation:22:Jakobsen:20:0.4,speciation,Jakobsen,20.0,0.4,MEAH+,0.3999977049630788,0.4064623241820365,0.00646461921895769
speciation:22:Jakobsen:20:0.4,speciation,Jakobsen,20.0,0.4,OH-,0.0,1.3217499671602448e-05,1.3217499671602448e-05
speciation:23:Matin:20:0.406,speciation,Matin,20.0,0.406,CO2,2.63173922535742e-06,2.6365418198049628e-06,4.802594447542804e-09
speciation:23:Matin:20:0.406,speciation,Matin,20.0,0.406,CO3^2-,0.0,0.006443715346210007,0.006443715346210007
speciation:23:Matin:20:0.406,speciation,Matin,20.0,0.406,H2O,7.897164690917242,7.890901803448687,-0.006262887468555078
speciation:23:Matin:20:0.406,speciation,Matin,20.0,0.406,H3O+,0.0,1.1147186159974583e-11,1.1147186159974583e-11
speciation:23:Matin:20:0.406,speciation,Matin,20.0,0.406,HCO3-,0.012343263207803185,0.012150101375150843,-0.0001931618326523419
speciation:23:Matin:20:0.406,speciation,Matin,20.0,0.406,MEA,0.20034852668625378,0.20014304052608187,-0.00020548616017190824
speciation:23:Matin:20:0.406,speciation,Matin,20.0,0.406,MEACOO-,0.3936541050529715,0.3874035467368197,-0.006250558316151789
speciation:23:Matin:20:0.406,speciation,Matin,20.0,0.406,MEAH+,0.4059973682607747,0.41245341273709846,0.006456044476323752
speciation:23:Matin:20:0.406,speciation,Matin,20.0,0.406,OH-,0.0,1.2333943855485594e-05,1.2333943855485594e-05
speciation:24:Matin:20:0.431,speciation,Matin,20.0,0.431,CO2,4.923430419751351e-06,4.937937794243528e-06,1.4507374492177274e-08
speciation:24:Matin:20:0.431,speciation,Matin,20.0,0.431,CO3^2-,0.0,0.00639628560411456,0.00639628560411456
speciation:24:Matin:20:0.431,speciation,Matin,20.0,0.431,H2O,7.8927095244307255,7.886540758540292,-0.00616876589043347
speciation:24:Matin:20:0.431,speciation,Matin,20.0,0.431,H3O+,0.0,1.529906157761115e-11,1.529906157761115e-11
speciation:24:Matin:20:0.431,speciation,Matin,20.0,0.431,HCO3-,0.01679842969431907,0.016561933150760686,-0.00023649654355838504
speciation:24:Matin:20:0.431,speciation,Matin,20.0,0.431,MEA,0.15480827655515855,0.15456283222706418,-0.00024544432809436856
speciation:24:Matin:20:0.431,speciation,Matin,20.0,0.431,MEACOO-,0.4141966468752612,0.40803684330733037,-0.006159803567930833
speciation:24:Matin:20:0.431,speciation,Matin,20.0,0.431,MEAH+,0.4309950765695802,0.4374003244656056,0.006405247896025423
speciation:24:Matin:20:0.431,speciation,Matin,20.0,0.431,OH-,0.0,8.976814584111154e-06,8.976814584111154e-06
speciation:25:Matin:20:0.455,speciation,Matin,20.0,0.455,CO2,1.0015107803734006e-05,1.0064518994070615e-05,4.9411190336609245e-08
speciation:25:Matin:20:0.455,speciation,Matin,20.0,0.455,CO3^2-,0.0,0.006314281371610568,0.006314281371610568
speciation:25:Matin:20:0.455,speciation,Matin,20.0,0.455,H2O,7.885736313003636,7.879704927055808,-0.006031385947827594
speciation:25:Matin:20:0.455,speciation,Matin,20.0,0.455,H3O+,0.0,2.1954595226425534e-11,2.1954595226425534e-11
speciation:25:Matin:20:0.455,speciation,Matin,20.0,0.455,HCO3-,0.023771641121411207,0.023482501021128054,-0.00028914010028315354
speciation:25:Matin:20:0.455,speciation,Matin,20.0,0.455,MEA,0.11379167133701869,0.11349638542652594,-0.000295285910492743
speciation:25:Matin:20:0.455,speciation,Matin,20.0,0.455,MEACOO-,0.43121834377078505,0.4251931530882674,-0.006025190682517667
speciation:25:Matin:20:0.455,speciation,Matin,20.0,0.455,MEAH+,0.4549899848921962,0.4613104614852066,0.006320476593010382
speciation:25:Matin:20:0.455,speciation,Matin,20.0,0.455,OH-,0.0,6.2446545449186004e-06,6.2446545449186004e-06
speciation:26:Bottinger:20:0.474,speciation,Bottinger,20.0,0.474,CO2,1.9276607799488195e-05,1.9422548653237495e-05,1.4594085374929934e-07
speciation:26:Bottinger:20:0.474,speciation,Bottinger,20.0,0.474,CO3^2-,0.0,0.0062055203155231805,0.0062055203155231805
speciation:26:Bottinger:20:0.474,speciation,Bottinger,20.0,0.474,H2O,7.87685592827811,7.870976800981908,-0.005879127296202213
speciation:26:Bottinger:20:0.474,speciation,Bottinger,20.0,0.474,H3O+,0.0,3.071373865300513e-11,3.071373865300513e-11
speciation:26:Bottinger:20:0.474,speciation,Bottinger,20.0,0.474,HCO3-,0.032652025846927626,0.03232117891656134,-0.0003308469303662867
speciation:26:Bottinger:20:0.474,speciation,Bottinger,20.0,0.474,MEA,0.08469057906252662,0.08435557016446116,-0.00033500889806546696
speciation:26:Bottinger:20:0.474,speciation,Bottinger,20.0,0.474,MEACOO-,0.4413286975452729,0.4354538782192629,-0.005874819326009972
speciation:26:Bottinger:20:0.474,speciation,Bottinger,20.0,0.474,MEAH+,0.47398072339220043,0.4801905516162759,0.006209828224075453
speciation:26:Bottinger:20:0.474,speciation,Bottinger,20.0,0.474,OH-,0.0,4.4538801205988164e-06,4.4538801205988164e-06
speciation:27:Matin:20:0.48,speciation,Matin,20.0,0.48,CO2,2.410517390775282e-05,2.4313268222901957e-05,2.080943151491375e-07
speciation:27:Matin:20:0.48,speciation,Matin,20.0,0.48,CO3^2-,0.0,0.00615969137999695,0.00615969137999695
speciation:27:Matin:20:0.48,speciation,Matin,20.0,0.48,H2O,7.873146787447625,7.8673241723575265,-0.005822615090098182
speciation:27:Matin:20:0.48,speciation,Matin,20.0,0.48,H3O+,0.0,3.44673878406069e-11,3.44673878406069e-11
speciation:27:Matin:20:0.48,speciation,Matin,20.0,0.48,HCO3-,0.03636116667742817,0.03602012520259958,-0.00034104147482858643
speciation:27:Matin:20:0.48,speciation,Matin,20.0,0.48,MEA,0.07640937702524368,0.07606478662312668,-0.0003445904021169982
speciation:27:Matin:20:0.48,speciation,Matin,20.0,0.48,MEACOO-,0.4436147281486642,0.43779587014918053,-0.005818857999483673
speciation:27:Matin:20:0.48,speciation,Matin,20.0,0.48,MEAH+,0.47997589482609215,0.48613934322769287,0.006163448401600713
speciation:27:Matin:20:0.48,speciation,Matin,20.0,0.48,OH-,0.0,3.9651503862217125e-06,3.9651503862217125e-06
speciation:28:Matin:20:0.505,speciation,Matin,20.0,0.505,CO2,6.439562527976645e-05,6.527469256372197e-05,8.790672839555232e-07
speciation:28:Matin:20:0.505,speciation,Matin,20.0,0.505,CO3^2-,0.0,0.005893984012938203,0.005893984012938203
speciation:28:Matin:20:0.505,speciation,Matin,20.0,0.505,H2O,7.851508225322641,7.845957608873633,-0.005550616449008672
speciation:28:Matin:20:0.505,speciation,Matin,20.0,0.505,H3O+,0.0,5.7499158262716014e-11,5.7499158262716014e-11
speciation:28:Matin:20:0.505,speciation,Matin,20.0,0.505,HCO3-,0.057999728802404144,0.057653997197796736,-0.0003457316046074077
speciation:28:Matin:20:0.505,speciation,Matin,20.0,0.505,MEA,0.04812852005296369,0.04778218265730415,-0.00034633739565954197
speciation:28:Matin:20:0.505,speciation,Matin,20.0,0.505,MEACOO-,0.44693587557231607,0.44138674409670176,-0.005549131475614311
speciation:28:Matin:20:0.505,speciation,Matin,20.0,0.505,MEAH+,0.5049356043747202,0.5108310732459941,0.005895468871273901
speciation:28:Matin:20:0.505,speciation,Matin,20.0,0.505,OH-,0.0,2.3639831187580345e-06,2.3639831187580345e-06
speciation:29:Bottinger:20:0.524,speciation,Bottinger,20.0,0.524,CO2,0.00013415796898517005,0.00013640086295697588,2.242893971805826e-06
speciation:29:Bottinger:20:0.524,speciation,Bottinger,20.0,0.524,CO3^2-,0.0,0.005613633646940585,0.005613633646940585
speciation:29:Bottinger:20:0.524,speciation,Bottinger,20.0,0.524,H2O,7.827987353439969,7.822677749243182,-0.0053096041967872765
speciation:29:Bottinger:20:0.524,speciation,Bottinger,20.0,0.524,H3O+,0.0,8.478959534279407e-11,8.478959534279407e-11
speciation:29:Bottinger:20:0.524,speciation,Bottinger,20.0,0.524,HCO3-,0.08152060068518992,0.08121497753912355,-0.0003056231460663722
speciation:29:Bottinger:20:0.524,speciation,Bottinger,20.0,0.524,MEA,0.03378891662315979,0.03348618573903937,-0.0003027308841204168
speciation:29:Bottinger:20:0.524,speciation,Bottinger,20.0,0.524,MEACOO-,0.44234524134582787,0.43703498795098084,-0.005310253394847031
speciation:29:Bottinger:20:0.524,speciation,Bottinger,20.0,0.524,MEAH+,0.5238658420310123,0.5294788263099798,0.005612984278967503
speciation:29:Bottinger:20:0.524,speciation,Bottinger,20.0,0.524,OH-,0.0,1.5936107873378797e-06,1.5936107873378797e-06
speciation:2:Jakobsen:20:0.11,speciation,Jakobsen,20.0,0.11,CO2,1.3010972163841058e-08,1.2997547337017222e-08,-1.3424826823835673e-11
speciation:2:Jakobsen:20:0.11,speciation,Jakobsen,20.0,0.11,CO3^2-,0.0,0.006091313376136339,0.006091313376136339
speciation:2:Jakobsen:20:0.11,speciation,Jakobsen,20.0,0.11,H2O,7.908628819725033,7.902415684304769,-0.0062131354202641376
speciation:2:Jakobsen:20:0.11,speciation,Jakobsen,20.0,0.11,H3O+,0.0,8.067542082292022e-13,8.067542082292022e-13
speciation:2:Jakobsen:20:0.11,speciation,Jakobsen,20.0,0.11,HCO3-,0.0008791344001098918,0.000830036615884846,-4.9097784225045804e-05
speciation:2:Jakobsen:20:0.11,speciation,Jakobsen,20.0,0.11,MEA,0.7808791604220546,0.7806591427844531,-0.0002200176376014884
speciation:2:Jakobsen:20:0.11,speciation,Jakobsen,20.0,0.11,MEACOO-,0.10912085258891814,0.1030786370104443,-0.006042215578473842
speciation:2:Jakobsen:20:0.11,speciation,Jakobsen,20.0,0.11,MEAH+,0.10999998698902715,0.11626222020510256,0.0062622332160754135
speciation:2:Jakobsen:20:0.11,speciation,Jakobsen,20.0,0.11,OH-,0.0,0.0001709198273213182,0.0001709198273213182
speciation:30:Matin:20:0.531,speciation,Matin,20.0,0.531,CO2,0.00017292157990277755,0.00017594108093696887,3.019501034191315e-06
speciation:30:Matin:20:0.531,speciation,Matin,20.0,0.531,CO3^2-,0.0,0.0054978405992136044,0.0054978405992136044
speciation:30:Matin:20:0.531,speciation,Matin,20.0,0.531,H2O,7.817997663679765,7.812784648402118,-0.005213015277646171
speciation:30:Matin:20:0.531,speciation,Matin,20.0,0.531,H3O+,0.0,9.712214139610338e-11,9.712214139610338e-11
speciation:30:Matin:20:0.531,speciation,Matin,20.0,0.531,HCO3-,0.09151029044561748,0.09122407728827796,-0.0002862131573395238
speciation:30:Matin:20:0.531,speciation,Matin,20.0,0.531,MEA,0.029856133605396767,0.029574571809522263,-0.0002815617958745048
speciation:30:Matin:20:0.531,speciation,Matin,20.0,0.531,MEACOO-,0.43931678797450174,0.4341021410315816,-0.00521464694292012
speciation:30:Matin:20:0.531,speciation,Matin,20.0,0.531,MEAH+,0.5308270784201015,0.536323287158896,0.005496208738794528
speciation:30:Matin:20:0.531,speciation,Matin,20.0,0.531,OH-,0.0,1.3877377458723866e-06,1.3877377458723866e-06
speciation:31:Jakobsen:20:0.6,speciation,Jakobsen,20.0,0.6,CO2,0.0011829213612438263,0.001203575150931308,2.0653789687481673e-05
speciation:31:Jakobsen:20:0.6,speciation,Jakobsen,20.0,0.6,CO3^2-,0.0,0.004278543197853978,0.004278543197853978
speciation:31:Jakobsen:20:0.6,speciation,Jakobsen,20.0,0.6,H2O,7.700453261622414,7.6963338121847755,-0.004119449437638423
speciation:31:Jakobsen:20:0.6,speciation,Jakobsen,20.0,0.6,H3O+,0.0,2.8152136451815986e-10,2.8152136451815986e-10
speciation:31:Jakobsen:20:0.6,speciation,Jakobsen,20.0,0.6,HCO3-,0.20905469250263942,0.20889513387031244,-0.00015955863232697265
speciation:31:Jakobsen:20:0.6,speciation,Jakobsen,20.0,0.6,MEA,0.011420535225126932,0.011301819863140987,-0.00011871536198594483
speciation:31:Jakobsen:20:0.6,speciation,Jakobsen,20.0,0.6,MEACOO-,0.38976238613611686,0.3856227477809027,-0.004139638355214137
speciation:31:Jakobsen:20:0.6,speciation,Jakobsen,20.0,0.6,MEAH+,0.5988170786387562,0.6030754323559562,0.004258353717199959
speciation:31:Jakobsen:20:0.6,speciation,Jakobsen,20.0,0.6,OH-,0.0,4.645905550746412e-07,4.645905550746412e-07
speciation:32:Bottinger:20:0.609,speciation,Bottinger,20.0,0.609,CO2,0.001430654634881727,0.0014550497314718479,2.4395096590120856e-05
speciation:32:Bottinger:20:0.609,speciation,Bottinger,20.0,0.609,CO3^2-,0.0,0.004127110693387978,0.004127110693387978
speciation:32:Bottinger:20:0.609,speciation,Bottinger,20.0,0.609,H2O,7.684012416948512,7.6800398555255365,-0.003972561422975751
speciation:32:Bottinger:20:0.609,speciation,Bottinger,20.0,0.609,H3O+,0.0,3.141606678406655e-10,3.141606678406655e-10
speciation:32:Bottinger:20:0.609,speciation,Bottinger,20.0,0.609,HCO3-,0.22549553717654366,0.22534057303031324,-0.0001549641462304241
speciation:32:Bottinger:20:0.609,speciation,Bottinger,20.0,0.609,MEA,0.010356846446307154,0.010250258245809047,-0.00010658820049810717
speciation:32:Bottinger:20:0.609,speciation,Bottinger,20.0,0.609,MEACOO-,0.3820738081885746,0.37807726654482865,-0.0039965416437459655
speciation:32:Bottinger:20:0.609,speciation,Bottinger,20.0,0.609,MEAH+,0.6075693453651182,0.6116724752093623,0.004103129844244102
speciation:32:Bottinger:20:0.609,speciation,Bottinger,20.0,0.609,OH-,0.0,4.145616072629319e-07,4.145616072629319e-07
speciation:33:Bottinger:20:0.704,speciation,Bottinger,20.0,0.704,CO2,0.006881522674396701,0.006966938613743449,8.54159393467481e-05
speciation:33:Bottinger:20:0.704,speciation,Bottinger,20.0,0.704,CO3^2-,0.0,0.0027589999062504152,0.0027589999062504152
speciation:33:Bottinger:20:0.704,speciation,Bottinger,20.0,0.704,H2O,7.510799288317926,7.508249477876842,-0.002549810441084155
speciation:33:Bottinger:20:0.704,speciation,Bottinger,20.0,0.704,H3O+,0.0,8.124743453221479e-10,8.124743453221479e-10
speciation:33:Bottinger:20:0.704,speciation,Bottinger,20.0,0.704,HCO3-,0.39870866580717307,0.3984993223209232,-0.00020934348624984667
speciation:33:Bottinger:20:0.704,speciation,Bottinger,20.0,0.704,MEA,0.004471711155952268,0.004433047152754322,-3.8664003197946134e-05
speciation:33:Bottinger:20:0.704,speciation,Bottinger,20.0,0.704,MEACOO-,0.29840981151844514,0.29577473915913344,-0.0026350723593117076
speciation:33:Bottinger:20:0.704,speciation,Bottinger,20.0,0.704,MEAH+,0.6971184773256027,0.6997922136881122,0.002673736362509449
speciation:33:Bottinger:20:0.704,speciation,Bottinger,20.0,0.704,OH-,0.0,1.5320808203975627e-07,1.5320808203975627e-07
speciation:34:Jakobsen:20:0.78,speciation,Jakobsen,20.0,0.78,CO2,0.017383180955850463,0.017542623540717315,0.0001594425848668521
speciation:34:Jakobsen:20:0.78,speciation,Jakobsen,20.0,0.78,CO3^2-,0.0,0.001955673379439636,0.001955673379439636
speciation:34:Jakobsen:20:0.78,speciation,Jakobsen,20.0,0.78,H2O,7.381662617721952,7.380044353601795,-0.00161826412015742
speciation:34:Jakobsen:20:0.78,speciation,Jakobsen,20.0,0.78,H3O+,0.0,1.4913742182288706e-09,1.4913742182288706e-09
speciation:34:Jakobsen:20:0.78,speciation,Jakobsen,20.0,0.78,HCO3-,0.5278453364030995,0.5275078450134078,-0.0003374913896917464
speciation:34:Jakobsen:20:0.78,speciation,Jakobsen,20.0,0.78,MEA,0.0026116983148002835,0.002593012947193972,-1.8685367606311332e-05
speciation:34:Jakobsen:20:0.78,speciation,Jakobsen,20.0,0.78,MEACOO-,0.23477148264105022,0.23299385806643488,-0.001777624574615333
speciation:34:Jakobsen:20:0.78,speciation,Jakobsen,20.0,0.78,MEAH+,0.7626168190441496,0.7644131289863711,0.0017963099422215745
speciation:34:Jakobsen:20:0.78,speciation,Jakobsen,20.0,0.78,OH-,0.0,8.063902276044985e-08,8.063902276044985e-08
speciation:35:Bottinger:20:0.832,speciation,Bottinger,20.0,0.832,CO2,0.029636075103546235,0.029850999259720366,0.00021492415617413094
speciation:35:Bottinger:20:0.832,speciation,Bottinger,20.0,0.832,CO3^2-,0.0,0.0015359512646920856,0.0015359512646920856
speciation:35:Bottinger:20:0.832,speciation,Bottinger,20.0,0.832,H2O,7.302905332588487,7.30181058624946,-0.001094746339027175
speciation:35:Bottinger:20:0.832,speciation,Bottinger,20.0,0.832,H3O+,0.0,2.1589194360225333e-09,2.1589194360225333e-09
speciation:35:Bottinger:20:0.832,speciation,Bottinger,20.0,0.832,HCO3-,0.6066026215365595,0.6061613599215858,-0.0004412616149737092
speciation:35:Bottinger:20:0.832,speciation,Bottinger,20.0,0.832,MEA,0.0018747717436519392,0.0018633060695513912,-1.146567410054795e-05
speciation:35:Bottinger:20:0.832,speciation,Bottinger,20.0,0.832,MEACOO-,0.19576130335989428,0.1944516895540026,-0.001309613805891674
speciation:35:Bottinger:20:0.832,speciation,Bottinger,20.0,0.832,MEAH+,0.8023639248964538,0.803685004376446,0.00132107947999216
speciation:35:Bottinger:20:0.832,speciation,Bottinger,20.0,0.832,OH-,0.0,5.4530393656540553e-08,5.4530393656540553e-08
speciation:36:Bottinger:20:0.929,speciation,Bottinger,20.0,0.929,CO2,0.06724598066959232,0.06753968635207029,0.00029370568247796824
speciation:36:Bottinger:20:0.929,speciation,Bottinger,20.0,0.929,CO3^2-,0.0,0.000988405888811107,0.000988405888811107
speciation:36:Bottinger:20:0.929,speciation,Bottinger,20.0,0.929,H2O,7.184917983490043,7.184521553794095,-0.0003964296959475533
speciation:36:Bottinger:20:0.929,speciation,Bottinger,20.0,0.929,H3O+,0.0,3.942710884534505e-09,3.942710884534505e-09
speciation:36:Bottinger:20:0.929,speciation,Bottinger,20.0,0.929,HCO3-,0.724589970635004,0.7239979615916443,-0.0005920090433596537
speciation:36:Bottinger:20:0.929,speciation,Bottinger,20.0,0.929,MEA,0.001081931974188265,0.0010773093307168493,-4.622643471415607e-06
speciation:36:Bottinger:20:0.929,speciation,Bottinger,20.0,0.929,MEACOO-,0.13716404869540397,0.13647394616747485,-0.0006901025279291151
speciation:36:Bottinger:20:0.929,speciation,Bottinger,20.0,0.929,MEAH+,0.8617540193304077,0.8624487445018083,0.0006947251714005676
speciation:36:Bottinger:20:0.929,speciation,Bottinger,20.0,0.929,OH-,0.0,2.890777830933626e-08,2.890777830933626e-08
speciation:37:Bottinger:20:0.974,speciation,Bottinger,20.0,0.974,CO2,0.09161307596687096,0.09192269016168607,0.0003096141948151082
speciation:37:Bottinger:20:0.974,speciation,Bottinger,20.0,0.974,CO3^2-,0.0,0.000817701349660998,0.000817701349660998
speciation:37:Bottinger:20:0.974,speciation,Bottinger,20.0,0.974,H2O,7.143867577705722,7.143672130076653,-0.00019544762906864577
speciation:37:Bottinger:20:0.974,speciation,Bottinger,20.0,0.974,H3O+,0.0,5.007184192204224e-09,5.007184192204224e-09
speciation:37:Bottinger:20:0.974,speciation,Bottinger,20.0,0.974,HCO3-,0.7656403764193225,0.7650180951873558,-0.0006222812319667259
speciation:37:Bottinger:20:0.974,speciation,Bottinger,20.0,0.974,MEA,0.0008665283530647354,0.0008634580137225196,-3.070339342215768e-06
speciation:37:Bottinger:20:0.974,speciation,Bottinger,20.0,0.974,MEACOO-,0.11674654761380625,0.11624151330129588,-0.0005050343125103662
speciation:37:Bottinger:20:0.974,speciation,Bottinger,20.0,0.974,MEAH+,0.882386924033129,0.8828950286849816,0.0005081046518525811
speciation:37:Bottinger:20:0.974,speciation,Bottinger,20.0,0.974,OH-,0.0,2.2504190900876915e-08,2.2504190900876915e-08
speciation:38:Jakobsen:20:0.99,speciation,Jakobsen,20.0,0.99,CO2,0.1012533198856985,0.10156537577760308,0.0003120558919045835
speciation:38:Jakobsen:20:0.99,speciation,Jakobsen,20.0,0.99,CO3^2-,0.0,0.0007669246176296637,0.0007669246176296637
speciation:38:Jakobsen:20:0.99,speciation,Jakobsen,20.0,0.99,H2O,7.1312095746287465,7.131069386030737,-0.00014018859800923877
speciation:38:Jakobsen:20:0.99,speciation,Jakobsen,20.0,0.99,H3O+,0.0,5.417429809085775e-09,5.417429809085775e-09
speciation:38:Jakobsen:20:0.99,speciation,Jakobsen,20.0,0.99,HCO3-,0.7782983794963259,0.7776716173325616,-0.0006267621637642273
speciation:38:Jakobsen:20:0.99,speciation,Jakobsen,20.0,0.99,MEA,0.000805019267698656,0.0008023535785073,-2.6656891913560054e-06
speciation:38:Jakobsen:20:0.99,speciation,Jakobsen,20.0,0.99,MEACOO-,0.11044830061799463,0.10999608227220513,-0.0004522183457894985
speciation:38:Jakobsen:20:0.99,speciation,Jakobsen,20.0,0.99,MEAH+,0.8887466801143067,0.8892015641492876,0.0004548840349809513
speciation:38:Jakobsen:20:0.99,speciation,Jakobsen,20.0,0.99,OH-,0.0,2.0726691082703144e-08,2.0726691082703144e-08
speciation:39:Jakobsen:40:0.11,speciation,Jakobsen,40.0,0.11,CO2,7.563671785077155e-08,7.57280896730196e-08,9.137182224805492e-11
speciation:39:Jakobsen:40:0.11,speciation,Jakobsen,40.0,0.11,CO3^2-,0.0,0.002553705510464997,0.002553705510464997
speciation:39:Jakobsen:40:0.11,speciation,Jakobsen,40.0,0.11,H2O,7.908281445545219,7.9056101953039555,-0.0026712502412635786
speciation:39:Jakobsen:40:0.11,speciation,Jakobsen,40.0,0.11,H3O+,0.0,4.009010491213081e-12,4.009010491213081e-12
speciation:39:Jakobsen:40:0.11,speciation,Jakobsen,40.0,0.11,HCO3-,0.001226508579856406,0.0011978993705741509,-2.8609209282255124e-05
speciation:39:Jakobsen:40:0.11,speciation,Jakobsen,40.0,0.11,MEA,0.7812266598532923,0.7810518968947292,-0.00017476295856311275
speciation:39:Jakobsen:40:0.11,speciation,Jakobsen,40.0,0.11,MEACOO-,0.10877341578342567,0.1062483193908717,-0.002525096392553966
speciation:39:Jakobsen:40:0.11,speciation,Jakobsen,40.0,0.11,MEAH+,0.10999992436328193,0.1126997837143991,0.002699859351117162
speciation:39:Jakobsen:40:0.11,speciation,Jakobsen,40.0,0.11,OH-,0.0,0.00014615393603270522,0.00014615393603270522
speciation:3:Matin:20:0.128,speciation,Matin,20.0,0.128,CO2,1.9344123735567578e-08,1.9329473243798e-08,-1.4650491769575963e-11
speciation:3:Matin:20:0.128,speciation,Matin,20.0,0.128,CO3^2-,0.0,0.006178746306284709,0.006178746306284709
speciation:3:Matin:20:0.128,speciation,Matin,20.0,0.128,H2O,7.908436234926902,7.9021686046694475,-0.006267630257454471
speciation:3:Matin:20:0.128,speciation,Matin,20.0,0.128,H3O+,0.0,9.767995839791978e-13,9.767995839791978e-13
speciation:3:Matin:20:0.128,speciation,Matin,20.0,0.128,HCO3-,0.0010717191981971519,0.0010194465899095834,-5.2272608287568445e-05
speciation:3:Matin:20:0.128,speciation,Matin,20.0,0.128,MEA,0.7450717578864449,0.7448783286915054,-0.0001934291949394762
speciation:3:Matin:20:0.128,speciation,Matin,20.0,0.128,MEACOO-,0.12692826145767924,0.1208017877743375,-0.006126473683341738
speciation:3:Matin:20:0.128,speciation,Matin,20.0,0.128,MEAH+,0.12799998065587584,0.1343198835341571,0.006319902878281269
speciation:3:Matin:20:0.128,speciation,Matin,20.0,0.128,OH-,0.0,0.00014115655832315445,0.00014115655832315445
speciation:40:Bottinger:40:0.125,speciation,Bottinger,40.0,0.125,CO2,1.0551911201362324e-07,1.0562064754606866e-07,1.015355324454174e-10
speciation:40:Bottinger:40:0.125,speciation,Bottinger,40.0,0.125,CO3^2-,0.0,0.002567065759476626,0.002567065759476626
speciation:40:Bottinger:40:0.125,speciation,Bottinger,40.0,0.125,H2O,7.908059643287748,7.905398428177751,-0.0026612151099971726
speciation:40:Bottinger:40:0.125,speciation,Bottinger,40.0,0.125,H3O+,0.0,4.7220715538221564e-12,4.7220715538221564e-12
speciation:40:Bottinger:40:0.125,speciation,Bottinger,40.0,0.125,HCO3-,0.0014483108373138677,0.0014183830135834233,-2.9927823730444437e-05
speciation:40:Bottinger:40:0.125,speciation,Bottinger,40.0,0.125,MEA,0.751448521875538,0.751294517090091,-0.00015400478544702612
speciation:40:Bottinger:40:0.125,speciation,Bottinger,40.0,0.125,MEACOO-,0.12355158364357409,0.12101444560629276,-0.002537138037281325
speciation:40:Bottinger:40:0.125,speciation,Bottinger,40.0,0.125,MEAH+,0.12499989448088786,0.12769103730361628,0.0026911428227284206
speciation:40:Bottinger:40:0.125,speciation,Bottinger,40.0,0.125,OH-,0.0,0.00012407716950926318,0.00012407716950926318
speciation:41:Bottinger:40:0.205,speciation,Bottinger,40.0,0.205,CO2,4.543224460544163e-07,4.54533490892331e-07,2.1104483791469234e-10
speciation:41:Bottinger:40:0.205,speciation,Bottinger,40.0,0.205,CO3^2-,0.0,0.002600931181753485,0.002600931181753485
speciation:41:Bottinger:40:0.205,speciation,Bottinger,40.0,0.205,H2O,7.9065079456373155,7.903885360454964,-0.002622585182351145
speciation:41:Bottinger:40:0.205,speciation,Bottinger,40.0,0.205,H3O+,0.0,9.72905048586361e-12,9.72905048586361e-12
speciation:41:Bottinger:40:0.205,speciation,Bottinger,40.0,0.205,HCO3-,0.0030000084877357808,0.002961463693968133,-3.8544793767647696e-05
speciation:41:Bottinger:40:0.205,speciation,Bottinger,40.0,0.205,MEA,0.5930009171326277,0.5929021739860483,-9.874314657942751e-05
speciation:41:Bottinger:40:0.205,speciation,Bottinger,40.0,0.205,MEACOO-,0.20199953718981822,0.19943715059078757,-0.0025623865990306582
speciation:41:Bottinger:40:0.205,speciation,Bottinger,40.0,0.205,MEAH+,0.204999545677554,0.20766067542316421,0.0026611297456102245
speciation:41:Bottinger:40:0.205,speciation,Bottinger,40.0,0.205,OH-,0.0,6.0198784630695765e-05,6.0198784630695765e-05
speciation:42:Jakobsen:40:0.21,speciation,Jakobsen,40.0,0.21,CO2,4.929175255754503e-07,4.93141144320351e-07,2.2361874490071206e-10
speciation:42:Jakobsen:40:0.21,speciation,Jakobsen,40.0,0.21,CO3^2-,0.0,0.0026018433539878342,0.0026018433539878342
speciation:42:Jakobsen:40:0.21,speciation,Jakobsen,40.0,0.21,H2O,7.9063835520131125,7.903763117082938,-0.002620434930174831
speciation:42:Jakobsen:40:0.21,speciation,Jakobsen,40.0,0.21,H3O+,0.0,1.0131807118682683e-11,1.0131807118682683e-11
speciation:42:Jakobsen:40:0.21,speciation,Jakobsen,40.0,0.21,HCO3-,0.003124402111939286,0.003085189685899241,-3.92124260400451e-05
speciation:42:Jakobsen:40:0.21,speciation,Jakobsen,40.0,0.21,MEA,0.5831253879469903,0.5830283719862283,-9.70159607620591e-05
speciation:42:Jakobsen:40:0.21,speciation,Jakobsen,40.0,0.21,MEACOO-,0.20687510497053518,0.20431247381896867,-0.002562631151566519
speciation:42:Jakobsen:40:0.21,speciation,Jakobsen,40.0,0.21,MEAH+,0.2099995070824745,0.21265915419480313,0.0026596471123286336
speciation:42:Jakobsen:40:0.21,speciation,Jakobsen,40.0,0.21,OH-,0.0,5.78039920913655e-05,5.78039920913655e-05
speciation:43:Bottinger:40:0.236,speciation,Bottinger,40.0,0.236,CO2,7.472916300458573e-07,7.47602648972107e-07,3.110189262497658e-10
speciation:43:Bottinger:40:0.236,speciation,Bottinger,40.0,0.236,CO3^2-,0.0,0.0026051136494760034,0.0026051136494760034
speciation:43:Bottinger:40:0.236,speciation,Bottinger,40.0,0.236,H2O,7.90566403394441,7.903054978956624,-0.0026090549877855196
speciation:43:Bottinger:40:0.236,speciation,Bottinger,40.0,0.236,H3O+,0.0,1.2465381397044929e-11,1.2465381397044929e-11
speciation:43:Bottinger:40:0.236,speciation,Bottinger,40.0,0.236,HCO3-,0.003843920180640487,0.00380088709468217,-4.3033085958317334e-05
speciation:43:Bottinger:40:0.236,speciation,Bottinger,40.0,0.236,MEA,0.5318454147639006,0.5317554079006467,-9.000686325388862e-05
speciation:43:Bottinger:40:0.236,speciation,Bottinger,40.0,0.236,MEACOO-,0.23215533252772938,0.2295932516531929,-0.002562080874536493
speciation:43:Bottinger:40:0.236,speciation,Bottinger,40.0,0.236,MEAH+,0.23599925270837008,0.2386513404461605,0.0026520877377904095
speciation:43:Bottinger:40:0.236,speciation,Bottinger,40.0,0.236,OH-,0.0,4.697441179874113e-05,4.697441179874113e-05
speciation:44:Jakobsen:40:0.25,speciation,Jakobsen,40.0,0.25,CO2,9.318929619928876e-07,9.32272662294248e-07,3.797003013604304e-10
speciation:44:Jakobsen:40:0.25,speciation,Jakobsen,40.0,0.25,CO3^2-,0.0,0.002605937010229897,0.002605937010229897
speciation:44:Jakobsen:40:0.25,speciation,Jakobsen,40.0,0.25,H2O,7.905217583220511,7.902614947588396,-0.00260263563211538
speciation:44:Jakobsen:40:0.25,speciation,Jakobsen,40.0,0.25,H3O+,0.0,1.3916714990955046e-11,1.3916714990955046e-11
speciation:44:Jakobsen:40:0.25,speciation,Jakobsen,40.0,0.25,HCO3-,0.0042903709045363355,0.004244998610323751,-4.537229421258497e-05
speciation:44:Jakobsen:40:0.25,speciation,Jakobsen,40.0,0.25,MEA,0.5042922346904603,0.5042047922673821,-8.744242307812122e-05
speciation:44:Jakobsen:40:0.25,speciation,Jakobsen,40.0,0.25,MEACOO-,0.2457086972025016,0.2431481321067843,-0.00256056509571731
speciation:44:Jakobsen:40:0.25,speciation,Jakobsen,40.0,0.25,MEAH+,0.24999906810703806,0.2526470756258336,0.002648007518795542
speciation:44:Jakobsen:40:0.25,speciation,Jakobsen,40.0,0.25,OH-,0.0,4.2070902182775035e-05,4.2070902182775035e-05
speciation:45:Bottinger:40:0.28,speciation,Bottinger,40.0,0.28,CO2,1.4949391980402167e-06,1.4955563775579473e-06,6.171795177306768e-10
speciation:45:Bottinger:40:0.28,speciation,Bottinger,40.0,0.28,CO3^2-,0.0,0.002605626020847608,0.002605626020847608
speciation:45:Bottinger:40:0.28,speciation,Bottinger,40.0,0.28,H2O,7.904080829107092,7.90149322181198,-0.002587607295112093
speciation:45:Bottinger:40:0.28,speciation,Bottinger,40.0,0.28,H3O+,0.0,1.7623821294815748e-11,1.7623821294815748e-11
speciation:45:Bottinger:40:0.28,speciation,Bottinger,40.0,0.28,HCO3-,0.005427125017955913,0.005375894263178975,-5.12307547769382e-05
speciation:45:Bottinger:40:0.28,speciation,Bottinger,40.0,0.28,MEA,0.4454301148963519,0.4453456733821383,-8.44415142136068e-05
speciation:45:Bottinger:40:0.28,speciation,Bottinger,40.0,0.28,MEACOO-,0.27457138004284604,0.27201698415959596,-0.0025543958832500713
speciation:45:Bottinger:40:0.28,speciation,Bottinger,40.0,0.28,MEAH+,0.2799985050608019,0.2826373424582658,0.0026388373974638446
speciation:45:Bottinger:40:0.28,speciation,Bottinger,40.0,0.28,OH-,0.0,3.321201141953286e-05,3.321201141953286e-05
speciation:46:Jakobsen:40:0.29,speciation,Jakobsen,40.0,0.29,CO2,1.7527011955067944e-06,1.753440986348917e-06,7.397908421226687e-10
speciation:46:Jakobsen:40:0.29,speciation,Jakobsen,40.0,0.29,CO3^2-,0.0,0.0026048846509523285,0.0026048846509523285
speciation:46:Jakobsen:40:0.29,speciation,Jakobsen,40.0,0.29,H2O,7.903634486708724,7.901052428814084,-0.0025820578946404993
speciation:46:Jakobsen:40:0.29,speciation,Jakobsen,40.0,0.29,H3O+,0.0,1.908401314824975e-11,1.908401314824975e-11
speciation:46:Jakobsen:40:0.29,speciation,Jakobsen,40.0,0.29,HCO3-,0.005873467416322173,0.005819973231205942,-5.349418511623079e-05
speciation:46:Jakobsen:40:0.29,speciation,Jakobsen,40.0,0.29,MEA,0.4258769728187132,0.425792812722545,-8.416009616818432e-05
speciation:46:Jakobsen:40:0.29,speciation,Jakobsen,40.0,0.29,MEACOO-,0.2841247798824823,0.28157338867685555,-0.002551391205626752
speciation:46:Jakobsen:40:0.29,speciation,Jakobsen,40.0,0.29,MEAH+,0.2899982472988045,0.29263379860059946,0.002635551301794936
speciation:46:Jakobsen:40:0.29,speciation,Jakobsen,40.0,0.29,OH-,0.0,3.0667409717356386e-05,3.0667409717356386e-05
speciation:47:Bottinger:40:0.343,speciation,Bottinger,40.0,0.343,CO2,4.232505177635692e-06,4.2348392800794295e-06,2.334102443737902e-09
speciation:47:Bottinger:40:0.343,speciation,Bottinger,40.0,0.343,CO3^2-,0.0,0.002594662770671178,0.002594662770671178
speciation:47:Bottinger:40:0.343,speciation,Bottinger,40.0,0.343,H2O,7.9004136349001355,7.897868490518749,-0.0025451443813864216
speciation:47:Bottinger:40:0.343,speciation,Bottinger,40.0,0.343,H3O+,0.0,2.969844808847512e-11,2.969844808847512e-11
speciation:47:Bottinger:40:0.343,speciation,Bottinger,40.0,0.343,HCO3-,0.0090943192249107,0.009025110024311375,-6.920920059932424e-05
speciation:47:Bottinger:40:0.343,speciation,Bottinger,40.0,0.343,MEA,0.32310278423526584,0.32301388895095895,-8.889528430688909e-05
speciation:47:Bottinger:40:0.343,speciation,Bottinger,40.0,0.343,MEACOO-,0.3339014482699117,0.33137599236573756,-0.0025254559041741342
speciation:47:Bottinger:40:0.343,speciation,Bottinger,40.0,0.343,MEAH+,0.34299576749482236,0.34561011868330344,0.002614351188481079
speciation:47:Bottinger:40:0.343,speciation,Bottinger,40.0,0.343,OH-,0.0,1.9690781610995035e-05,1.9690781610995035e-05
speciation:48:Bottinger:40:0.354,speciation,Bottinger,40.0,0.354,CO2,5.149795508739825e-06,5.152896470328645e-06,3.100961588819625e-09
speciation:48:Bottinger:40:0.354,speciation,Bottinger,40.0,0.354,CO3^2-,0.0,0.0025908693758999175,0.0025908693758999175
speciation:48:Bottinger:40:0.354,speciation,Bottinger,40.0,0.354,H2O,7.899486865985277,7.896951682416298,-0.0025351835689786384
speciation:48:Bottinger:40:0.354,speciation,Bottinger,40.0,0.354,H3O+,0.0,3.277804529117247e-11,3.277804529117247e-11
speciation:48:Bottinger:40:0.354,speciation,Bottinger,40.0,0.354,HCO3-,0.010021088139769735,0.009947565669157502,-7.352247061223269e-05
speciation:48:Bottinger:40:0.354,speciation,Bottinger,40.0,0.354,MEA,0.3020313877307872,0.3019400348639588,-9.135286682837584e-05
speciation:48:Bottinger:40:0.354,speciation,Bottinger,40.0,0.354,MEACOO-,0.3439737620647216,0.3414564120584723,-0.0025173500062492526
speciation:48:Bottinger:40:0.354,speciation,Bottinger,40.0,0.354,MEAH+,0.35399485020449134,0.35660355307756886,0.0026087028730775175
speciation:48:Bottinger:40:0.354,speciation,Bottinger,40.0,0.354,OH-,0.0,1.783663091744046e-05,1.783663091744046e-05
speciation:49:Jakobsen:40:0.4,speciation,Jakobsen,40.0,0.4,CO2,1.274796935853608e-05,1.276058280769277e-05,1.2613449156690583e-08
speciation:49:Jakobsen:40:0.4,speciation,Jakobsen,40.0,0.4,CO3^2-,0.0,0.002564781635530825,0.002564781635530825
speciation:49:Jakobsen:40:0.4,speciation,Jakobsen,40.0,0.4,H2O,7.8938408401044935,7.891362391847803,-0.002478448256690413
speciation:49:Jakobsen:40:0.4,speciation,Jakobsen,40.0,0.4,H3O+,0.0,5.178795164502978e-11,5.178795164502978e-11
speciation:49:Jakobsen:40:0.4,speciation,Jakobsen,40.0,0.4,HCO3-,0.015667114020551227,0.015569507261558254,-9.760675899297272e-05
speciation:49:Jakobsen:40:0.4,speciation,Jakobsen,40.0,0.4,MEA,0.21569260995926823,0.21558375515060157,-0.00010885480866665298
speciation:49:Jakobsen:40:0.4,speciation,Jakobsen,40.0,0.4,MEACOO-,0.3843201380100903,0.3818529505201033,-0.0024671874899869772
speciation:49:Jakobsen:40:0.4,speciation,Jakobsen,40.0,0.4,MEAH+,0.3999872520306415,0.40256329432929505,0.002576042298653547
speciation:49:Jakobsen:40:0.4,speciation,Jakobsen,40.0,0.4,OH-,0.0,1.1273328359966615e-05,1.1273328359966615e-05
speciation:4:Matin:20:0.15,speciation,Matin,20.0,0.15,CO2,2.9966220226026966e-08,2.995060350630258e-08,-1.5616719724386587e-11
speciation:4:Matin:20:0.15,speciation,Matin,20.0,0.15,CO3^2-,0.0,0.006258837633185414,0.006258837633185414
speciation:4:Matin:20:0.15,speciation,Matin,20.0,0.15,H2O,7.908174448679511,7.901857827185256,-0.006316621494255159
speciation:4:Matin:20:0.15,speciation,Matin,20.0,0.15,H3O+,0.0,1.2080251164814207e-12,1.2080251164814207e-12
speciation:4:Matin:20:0.15,speciation,Matin,20.0,0.15,HCO3-,0.0013335054455571836,0.0012771602028149717,-5.634524274221193e-05
speciation:4:Matin:20:0.15,speciation,Matin,20.0,0.15,MEA,0.7013335653779977,0.7011630910026774,-0.00017047437532036191
speciation:4:Matin:20:0.15,speciation,Matin,20.0,0.15,MEACOO-,0.1486664645882226,0.14246397221339768,-0.006202492374824925
speciation:4:Matin:20:0.15,speciation,Matin,20.0,0.15,MEAH+,0.14999997003377957,0.15637293678392503,0.0063729667501454534
speciation:4:Matin:20:0.15,speciation,Matin,20.0,0.15,OH-,0.0,0.00011412910255176513,0.00011412910255176513
speciation:50:Bottinger:40:0.46,speciation,Bottinger,40.0,0.46,CO2,5.9109598534118074e-05,5.926230356349668e-05,1.5270502937860908e-07
speciation:50:Bottinger:40:0.46,speciation,Bottinger,40.0,0.46,CO3^2-,0.0,0.002476869982851509,0.002476869982851509
speciation:50:Bottinger:40:0.46,speciation,Bottinger,40.0,0.46,H2O,7.876424997023649,7.874089382104919,-0.0023356149187296893
speciation:50:Bottinger:40:0.46,speciation,Bottinger,40.0,0.46,H3O+,0.0,1.1319512706786132e-10,1.1319512706786132e-10
speciation:50:Bottinger:40:0.46,speciation,Bottinger,40.0,0.46,HCO3-,0.03308295710139072,0.03293656681263585,-0.00014639028875487042
speciation:50:Bottinger:40:0.46,speciation,Bottinger,40.0,0.46,MEA,0.11320117629845831,0.11304995642161586,-0.00015121987684245386
speciation:50:Bottinger:40:0.46,speciation,Bottinger,40.0,0.46,MEACOO-,0.42685793330007543,0.42452730090094976,-0.002330632399125676
speciation:50:Bottinger:40:0.46,speciation,Bottinger,40.0,0.46,MEAH+,0.4599408904014663,0.46242274267743433,0.002481852275968033
speciation:50:Bottinger:40:0.46,speciation,Bottinger,40.0,0.46,OH-,0.0,5.13511134157464e-06,5.13511134157464e-06
speciation:51:Bottinger:40:0.466,speciation,Bottinger,40.0,0.466,CO2,7.10391579425293e-05,7.124347188964031e-05,2.0431394711101106e-07
speciation:51:Bottinger:40:0.466,speciation,Bottinger,40.0,0.466,CO3^2-,0.0,0.0024613190455667995,0.0024613190455667995
speciation:51:Bottinger:40:0.466,speciation,Bottinger,40.0,0.466,H2O,7.873364432225018,7.871049649203953,-0.0023147830210650255
speciation:51:Bottinger:40:0.466,speciation,Bottinger,40.0,0.466,H3O+,0.0,1.24430495026696e-10,1.24430495026696e-10
speciation:51:Bottinger:40:0.466,speciation,Bottinger,40.0,0.466,HCO3-,0.03614352190002767,0.0359923179171947,-0.00015120398283297032
speciation:51:Bottinger:40:0.466,speciation,Bottinger,40.0,0.466,MEA,0.10428560021591261,0.10413013715154423,-0.0001554630643683802
speciation:51:Bottinger:40:0.466,speciation,Bottinger,40.0,0.466,MEACOO-,0.42978543894202986,0.427475119565349,-0.0023103193766808583
speciation:51:Bottinger:40:0.466,speciation,Bottinger,40.0,0.466,MEAH+,0.46592896084205754,0.46839474328310665,0.0024657824410491136
speciation:51:Bottinger:40:0.466,speciation,Bottinger,40.0,0.466,OH-,0.0,4.667833860429227e-06,4.667833860429227e-06
speciation:52:Bottinger:40:0.487,speciation,Bottinger,40.0,0.487,CO2,0.00014071168027943623,0.00014128953575960046,5.778554801642247e-07
speciation:52:Bottinger:40:0.487,speciation,Bottinger,40.0,0.487,CO3^2-,0.0,0.002391183241359831,0.002391183241359831
speciation:52:Bottinger:40:0.487,speciation,Bottinger,40.0,0.487,H2O,7.859430718645386,7.857198563271872,-0.0022321553735134003
speciation:52:Bottinger:40:0.487,speciation,Bottinger,40.0,0.487,H3O+,0.0,1.773118352705324e-10,1.773118352705324e-10
speciation:52:Bottinger:40:0.487,speciation,Bottinger,40.0,0.487,HCO3-,0.050077235479665104,0.04991494325038916,-0.00016229222927594683
speciation:52:Bottinger:40:0.487,speciation,Bottinger,40.0,0.487,MEA,0.07635865884022414,0.07619425831510238,-0.00016440052512176062
speciation:52:Bottinger:40:0.487,speciation,Bottinger,40.0,0.487,MEACOO-,0.43678205284005533,0.4345525839724914,-0.002229468867563922
speciation:52:Bottinger:40:0.487,speciation,Bottinger,40.0,0.487,MEAH+,0.4868592883197205,0.48925315771240624,0.0023938693926857657
speciation:52:Bottinger:40:0.487,speciation,Bottinger,40.0,0.487,OH-,0.0,3.264184117785034e-06,3.264184117785034e-06
speciation:53:Bottinger:40:0.508,speciation,Bottinger,40.0,0.508,CO2,0.00028770515917319077,0.0002892649837998563,1.5598246266655528e-06
speciation:53:Bottinger:40:0.508,speciation,Bottinger,40.0,0.508,CO3^2-,0.0,0.0022933992095867557,0.0022933992095867557
speciation:53:Bottinger:40:0.508,speciation,Bottinger,40.0,0.508,H2O,7.839493141734081,7.837356239010853,-0.0021369027232287507
speciation:53:Bottinger:40:0.508,speciation,Bottinger,40.0,0.508,H3O+,0.0,2.5807529961384216e-10,2.5807529961384216e-10
speciation:53:Bottinger:40:0.508,speciation,Bottinger,40.0,0.508,HCO3-,0.07001481239096327,0.06985608428649191,-0.000158728104471359
speciation:53:Bottinger:40:0.508,speciation,Bottinger,40.0,0.508,MEA,0.05459022270930961,0.05443238315213235,-0.00015783955717726256
speciation:53:Bottinger:40:0.508,speciation,Bottinger,40.0,0.508,MEACOO-,0.43769748244986356,0.4355612515201215,-0.002136230929742078
speciation:53:Bottinger:40:0.508,speciation,Bottinger,40.0,0.508,MEAH+,0.5077122948408269,0.5100063653277461,0.0022940704869192086
speciation:53:Bottinger:40:0.508,speciation,Bottinger,40.0,0.508,OH-,0.0,2.231360034699994e-06,2.231360034699994e-06
speciation:54:Jakobsen:40:0.6,speciation,Jakobsen,40.0,0.6,CO2,0.003521907075621023,0.00354450601372469,2.2598938103667206e-05
speciation:54:Jakobsen:40:0.6,speciation,Jakobsen,40.0,0.6,CO3^2-,0.0,0.00170226895915318,0.00170226895915318
speciation:54:Jakobsen:40:0.6,speciation,Jakobsen,40.0,0.6,H2O,7.700634288666054,7.699037810035997,-0.0015964786300566303
speciation:54:Jakobsen:40:0.6,speciation,Jakobsen,40.0,0.6,H3O+,0.0,1.0207586806578723e-09,1.0207586806578723e-09
speciation:54:Jakobsen:40:0.6,speciation,Jakobsen,40.0,0.6,HCO3-,0.20887366545899447,0.2087673296983362,-0.00010633576065827155
speciation:54:Jakobsen:40:0.6,speciation,Jakobsen,40.0,0.6,MEA,0.015917479610236304,0.015855798335736943,-6.168127449936167e-05
speciation:54:Jakobsen:40:0.6,speciation,Jakobsen,40.0,0.6,MEACOO-,0.3876044274653847,0.3859858953287858,-0.0016185321365989047
speciation:54:Jakobsen:40:0.6,speciation,Jakobsen,40.0,0.6,MEAH+,0.596478092924379,0.5981583063354772,0.0016802134110981415
speciation:54:Jakobsen:40:0.6,speciation,Jakobsen,40.0,0.6,OH-,0.0,5.444108076583644e-07,5.444108076583644e-07
speciation:55:Bottinger:40:0.663,speciation,Bottinger,40.0,0.663,CO2,0.010301330494089168,0.010354446779374867,5.3116285285698464e-05
speciation:55:Bottinger:40:0.663,speciation,Bottinger,40.0,0.663,CO3^2-,0.0,0.0013405688155291781,0.0013405688155291781
speciation:55:Bottinger:40:0.663,speciation,Bottinger,40.0,0.663,H2O,7.5950128331937075,7.5938092144075116,-0.0012036187861959036
speciation:55:Bottinger:40:0.663,speciation,Bottinger,40.0,0.663,H3O+,0.0,1.9250730084653502e-09,1.9250730084653502e-09
speciation:55:Bottinger:40:0.663,speciation,Bottinger,40.0,0.663,HCO3-,0.3144951209313379,0.3143578881433321,-0.0001372327880058144
speciation:55:Bottinger:40:0.663,speciation,Bottinger,40.0,0.663,MEA,0.009097781919516197,0.009066502793550799,-3.127912596539821e-05
speciation:55:Bottinger:40:0.663,speciation,Bottinger,40.0,0.663,MEACOO-,0.3382035485745728,0.3369470962617636,-0.0012564523128091865
speciation:55:Bottinger:40:0.663,speciation,Bottinger,40.0,0.663,MEAH+,0.652698669505911,0.6539864009446856,0.0012877314387745864
speciation:55:Bottinger:40:0.663,speciation,Bottinger,40.0,0.663,OH-,0.0,2.808336044156335e-07,2.808336044156335e-07
speciation:56:Bottinger:40:0.683,speciation,Bottinger,40.0,0.683,CO2,0.013574654011561405,0.013639152244968448,6.449823340704333e-05
speciation:56:Bottinger:40:0.683,speciation,Bottinger,40.0,0.683,CO3^2-,0.0,0.0012424554459461716,0.0012424554459461716
speciation:56:Bottinger:40:0.683,speciation,Bottinger,40.0,0.683,H2O,7.562815302835697,7.561727021952361,-0.0010882808833354574
speciation:56:Bottinger:40:0.683,speciation,Bottinger,40.0,0.683,H3O+,0.0,2.2800459992117037e-09,2.2800459992117037e-09
speciation:56:Bottinger:40:0.683,speciation,Bottinger,40.0,0.683,HCO3-,0.34669265128934745,0.34653823933442407,-0.00015441195492338355
speciation:56:Bottinger:40:0.683,speciation,Bottinger,40.0,0.683,MEA,0.007841959312470049,0.007816310992134975,-2.5648320335074082e-05
speciation:56:Bottinger:40:0.683,speciation,Bottinger,40.0,0.683,MEACOO-,0.32273269469909116,0.3215801529746617,-0.0011525417244294678
speciation:56:Bottinger:40:0.683,speciation,Bottinger,40.0,0.683,MEAH+,0.669425345988439,0.6706035360332034,0.0011781900447644933
speciation:56:Bottinger:40:0.683,speciation,Bottinger,40.0,0.683,OH-,0.0,2.3511227128598686e-07,2.3511227128598686e-07
speciation:57:Bottinger:40:0.762,speciation,Bottinger,40.0,0.762,CO2,0.03300279489842368,0.033113221468243526,0.00011042656981984783
speciation:57:Bottinger:40:0.762,speciation,Bottinger,40.0,0.762,CO3^2-,0.0,0.0009278812432386651,0.0009278812432386651
speciation:57:Bottinger:40:0.762,speciation,Bottinger,40.0,0.762,H2O,7.446741489788189,7.446046679081184,-0.0006948107070048337
speciation:57:Bottinger:40:0.762,speciation,Bottinger,40.0,0.762,H3O+,0.0,4.012625230951471e-09,4.012625230951471e-09
speciation:57:Bottinger:40:0.762,speciation,Bottinger,40.0,0.762,HCO3-,0.4627664643368613,0.46253326024917013,-0.0002332040876911745
speciation:57:Bottinger:40:0.762,speciation,Bottinger,40.0,0.762,MEA,0.004772054133708716,0.004759577659494783,-1.2476474213933726e-05
speciation:57:Bottinger:40:0.762,speciation,Bottinger,40.0,0.762,MEACOO-,0.26623074076471503,0.2654256370393488,-0.0008051037253662408
speciation:57:Bottinger:40:0.762,speciation,Bottinger,40.0,0.762,MEAH+,0.7289972051015763,0.7298147853011563,0.0008175801995800036
speciation:57:Bottinger:40:0.762,speciation,Bottinger,40.0,0.762,OH-,0.0,1.2953878656667203e-07,1.2953878656667203e-07
speciation:58:Jakobsen:40:0.78,speciation,Jakobsen,40.0,0.78,CO2,0.03900239792075666,0.039122409702165364,0.00012001178140870483
speciation:58:Jakobsen:40:0.78,speciation,Jakobsen,40.0,0.78,CO3^2-,0.0,0.0008706662887259063,0.0008706662887259063
speciation:58:Jakobsen:40:0.78,speciation,Jakobsen,40.0,0.78,H2O,7.423182748818174,7.422562592696697,-0.0006201561214771445
speciation:58:Jakobsen:40:0.78,speciation,Jakobsen,40.0,0.78,H3O+,0.0,4.47978651073871e-09,4.47978651073871e-09
speciation:58:Jakobsen:40:0.78,speciation,Jakobsen,40.0,0.78,HCO3-,0.4863252053068707,0.48607457536031695,-0.0002506299465537265
speciation:58:Jakobsen:40:0.78,speciation,Jakobsen,40.0,0.78,MEA,0.004330001148384218,0.004319283944954625,-1.071720342959298e-05
speciation:58:Jakobsen:40:0.78,speciation,Jakobsen,40.0,0.78,MEACOO-,0.2546723967723724,0.25393234864879516,-0.0007400481235772527
speciation:58:Jakobsen:40:0.78,speciation,Jakobsen,40.0,0.78,MEAH+,0.7409976020792434,0.7417483674062502,0.0007507653270067971
speciation:58:Jakobsen:40:0.78,speciation,Jakobsen,40.0,0.78,OH-,0.0,1.1529947630150798e-07,1.1529947630150798e-07
speciation:59:Jakobsen:40:0.99,speciation,Jakobsen,40.0,0.99,CO2,0.14983112022660966,0.15000679812243228,0.0001756778958226235
speciation:59:Jakobsen:40:0.99,speciation,Jakobsen,40.0,0.99,CO3^2-,0.0,0.0004645883354976448,0.0004645883354976448
speciation:59:Jakobsen:40:0.99,speciation,Jakobsen,40.0,0.99,H2O,7.227306079640585,7.227195205690279,-0.00011087395030617841
speciation:59:Jakobsen:40:0.99,speciation,Jakobsen,40.0,0.99,H3O+,0.0,1.1466777745731143e-08,1.1466777745731143e-08
speciation:59:Jakobsen:40:0.99,speciation,Jakobsen,40.0,0.99,HCO3-,0.6822018744844585,0.6818481059278388,-0.0003537685566196158
speciation:59:Jakobsen:40:0.99,speciation,Jakobsen,40.0,0.99,MEA,0.0018641149376778996,0.001861670934838834,-2.4440028390656718e-06
speciation:59:Jakobsen:40:0.99,speciation,Jakobsen,40.0,0.99,MEACOO-,0.15796700528893184,0.157680507614231,-0.0002864976747008474
speciation:59:Jakobsen:40:0.99,speciation,Jakobsen,40.0,0.99,MEAH+,0.8401688797733902,0.8404578214509303,0.0002889416775401221
speciation:59:Jakobsen:40:0.99,speciation,Jakobsen,40.0,0.99,OH-,0.0,4.270464250310261e-08,4.270464250310261e-08
speciation:5:Bottinger:20:0.15,speciation,Bottinger,20.0,0.15,CO2,2.9966220226026966e-08,2.995060350630258e-08,-1.5616719724386587e-11
speciation:5:Bottinger:20:0.15,speciation,Bottinger,20.0,0.15,CO3^2-,0.0,0.006258837633185414,0.006258837633185414
speciation:5:Bottinger:20:0.15,speciation,Bottinger,20.0,0.15,H2O,7.908174448679511,7.901857827185256,-0.006316621494255159
speciation:5:Bottinger:20:0.15,speciation,Bottinger,20.0,0.15,H3O+,0.0,1.2080251164814207e-12,1.2080251164814207e-12
speciation:5:Bottinger:20:0.15,speciation,Bottinger,20.0,0.15,HCO3-,0.0013335054455571836,0.0012771602028149717,-5.634524274221193e-05
speciation:5:Bottinger:20:0.15,speciation,Bottinger,20.0,0.15,MEA,0.7013335653779977,0.7011630910026774,-0.00017047437532036191
speciation:5:Bottinger:20:0.15,speciation,Bottinger,20.0,0.15,MEACOO-,0.1486664645882226,0.14246397221339768,-0.006202492374824925
speciation:5:Bottinger:20:0.15,speciation,Bottinger,20.0,0.15,MEAH+,0.14999997003377957,0.15637293678392503,0.0063729667501454534
speciation:5:Bottinger:20:0.15,speciation,Bottinger,20.0,0.15,OH-,0.0,0.00011412910255176513,0.00011412910255176513
speciation:60:Bottinger:60:0.131,speciation,Bottinger,60.0,0.131,CO2,6.355628480329275e-07,6.361620077778472e-07,5.991597449196963e-10
speciation:60:Bottinger:60:0.131,speciation,Bottinger,60.0,0.131,CO3^2-,0.0,0.0010271836345097638,0.0010271836345097638
speciation:60:Bottinger:60:0.131,speciation,Bottinger,60.0,0.131,H2O,7.9074442868454184,7.906339808234993,-0.0011044786104257298
speciation:60:Bottinger:60:0.131,speciation,Bottinger,60.0,0.131,H3O+,0.0,2.0531337969632276e-11,2.0531337969632276e-11
speciation:60:Bottinger:60:0.131,speciation,Bottinger,60.0,0.131,HCO3-,0.0020636672796412047,0.002047502808657011,-1.6164470984193855e-05
speciation:60:Bottinger:60:0.131,speciation,Bottinger,60.0,0.131,MEA,0.7400649384053373,0.7399553157268433,-0.00010962267849401464
speciation:60:Bottinger:60:0.131,speciation,Bottinger,60.0,0.131,MEACOO-,0.1289356971575108,0.12792467739482546,-0.0010110197626853334
speciation:60:Bottinger:60:0.131,speciation,Bottinger,60.0,0.131,MEAH+,0.13099936443715202,0.13212000687833123,0.0011206424411792093
speciation:60:Bottinger:60:0.131,speciation,Bottinger,60.0,0.131,OH-,0.0,9.345942636055172e-05,9.345942636055172e-05
speciation:61:Bottinger:60:0.203,speciation,Bottinger,60.0,0.203,CO2,2.3291404902196945e-06,2.330176632566752e-06,1.0361423470574522e-09
speciation:61:Bottinger:60:0.203,speciation,Bottinger,60.0,0.203,CO3^2-,0.0,0.0010292872763681992,0.0010292872763681992
speciation:61:Bottinger:60:0.203,speciation,Bottinger,60.0,0.203,H2O,7.905565700860611,7.904507596672505,-0.0010581041881057018
speciation:61:Bottinger:60:0.203,speciation,Bottinger,60.0,0.203,H3O+,0.0,3.924031896697704e-11,3.924031896697704e-11
speciation:61:Bottinger:60:0.203,speciation,Bottinger,60.0,0.203,HCO3-,0.0039422532644317575,0.0039221929137862165,-2.0060350645540945e-05
speciation:61:Bottinger:60:0.203,speciation,Bottinger,60.0,0.203,MEA,0.5979469115454124,0.5978779760831417,-6.893546227060288e-05
speciation:61:Bottinger:60:0.203,speciation,Bottinger,60.0,0.203,MEACOO-,0.199055417595078,0.19804618963321305,-0.0010092279618649502
speciation:61:Bottinger:60:0.203,speciation,Bottinger,60.0,0.203,MEAH+,0.20299767085950976,0.20407583428364534,0.0010781634241355809
speciation:61:Bottinger:60:0.203,speciation,Bottinger,60.0,0.203,OH-,0.0,4.8877223149960085e-05,4.8877223149960085e-05
speciation:62:Bottinger:60:0.277,speciation,Bottinger,60.0,0.277,CO2,7.5069622326661995e-06,7.50936394952851e-06,2.401716862310086e-09
speciation:62:Bottinger:60:0.277,speciation,Bottinger,60.0,0.277,CO3^2-,0.0,0.0010254939128162654,0.0010254939128162654
speciation:62:Bottinger:60:0.277,speciation,Bottinger,60.0,0.277,H2O,7.902455088635637,7.9014286176498505,-0.001026470985786787
speciation:62:Bottinger:60:0.277,speciation,Bottinger,60.0,0.277,H3O+,0.0,7.053221398691822e-11,7.053221398691822e-11
speciation:62:Bottinger:60:0.277,speciation,Bottinger,60.0,0.277,HCO3-,0.007052865489404787,0.0070266710217304984,-2.6194467674288402e-05
speciation:62:Bottinger:60:0.277,speciation,Bottinger,60.0,0.277,MEA,0.45306787941387017,0.45301451835004836,-5.336106382181072e-05
speciation:62:Bottinger:60:0.277,speciation,Bottinger,60.0,0.277,MEACOO-,0.2699396275483625,0.2689403257015036,-0.0009993018468588688
speciation:62:Bottinger:60:0.277,speciation,Bottinger,60.0,0.277,MEAH+,0.2769924930377673,0.27804515594844803,0.001052662910680735
speciation:62:Bottinger:60:0.277,speciation,Bottinger,60.0,0.277,OH-,0.0,2.717147011340971e-05,2.717147011340971e-05
speciation:63:Bottinger:60:0.415,speciation,Bottinger,60.0,0.415,CO2,8.886505661679835e-05,8.892051627521503e-05,5.5459658416674696e-08
speciation:63:Bottinger:60:0.415,speciation,Bottinger,60.0,0.415,CO3^2-,0.0,0.0009924602859340548,0.0009924602859340548
speciation:63:Bottinger:60:0.415,speciation,Bottinger,60.0,0.415,H2O,7.8856935298848985,7.884746000601498,-0.0009475292834002502
speciation:63:Bottinger:60:0.415,speciation,Bottinger,60.0,0.415,H3O+,0.0,2.459337024243161e-10,2.459337024243161e-10
speciation:63:Bottinger:60:0.415,speciation,Bottinger,60.0,0.415,HCO3-,0.02381442423960519,0.023761733258682635,-5.269098092255606e-05
speciation:63:Bottinger:60:0.415,speciation,Bottinger,60.0,0.415,MEA,0.19399215435283643,0.1939318148041672,-6.033954866921376e-05
speciation:63:Bottinger:60:0.415,speciation,Bottinger,60.0,0.415,MEACOO-,0.3910967107037796,0.3901568859391082,-0.0009398247646714153
speciation:63:Bottinger:60:0.415,speciation,Bottinger,60.0,0.415,MEAH+,0.4149111349433839,0.4159112992567246,0.0010001643133407123
speciation:63:Bottinger:60:0.415,speciation,Bottinger,60.0,0.415,OH-,0.0,7.759732999531533e-06,7.759732999531533e-06
speciation:64:Bottinger:60:0.489,speciation,Bottinger,60.0,0.489,CO2,0.0006178924416722128,0.0006189225635605147,1.0301218883019235e-06
speciation:64:Bottinger:60:0.489,speciation,Bottinger,60.0,0.489,CO3^2-,0.0,0.0009195605984841503,0.0009195605984841503
speciation:64:Bottinger:60:0.489,speciation,Bottinger,60.0,0.489,H2O,7.849232949202587,7.848383386604772,-0.0008495625978151011
speciation:64:Bottinger:60:0.489,speciation,Bottinger,60.0,0.489,H3O+,0.0,6.693872653019481e-10,6.693872653019481e-10
speciation:64:Bottinger:60:0.489,speciation,Bottinger,60.0,0.489,HCO3-,0.060275004922458846,0.06020218155204121,-7.28233704176337e-05
speciation:64:Bottinger:60:0.489,speciation,Bottinger,60.0,0.489,MEA,0.08351078980580336,0.0834372026481933,-7.358715761004997e-05
speciation:64:Bottinger:60:0.489,speciation,Bottinger,60.0,0.489,MEACOO-,0.428107102635869,0.42725933528591453,-0.0008477673499544536
speciation:64:Bottinger:60:0.489,speciation,Bottinger,60.0,0.489,MEAH+,0.4883821075583278,0.48930346206589226,0.0009213545075644758
speciation:64:Bottinger:60:0.489,speciation,Bottinger,60.0,0.489,OH-,0.0,2.8247003562176195e-06,2.8247003562176195e-06
speciation:65:Bottinger:60:0.559,speciation,Bottinger,60.0,0.559,CO2,0.004202124481288235,0.00421215857209538,1.0034090807145568e-05
speciation:65:Bottinger:60:0.559,speciation,Bottinger,60.0,0.559,CO3^2-,0.0,0.0007708827438456843,0.0007708827438456843
speciation:65:Bottinger:60:0.559,speciation,Bottinger,60.0,0.559,H2O,7.766433694421178,7.765726937296545,-0.0007067571246324178
speciation:65:Bottinger:60:0.559,speciation,Bottinger,60.0,0.559,H3O+,0.0,1.8768214810057587e-09,1.8768214810057587e-09
speciation:65:Bottinger:60:0.559,speciation,Bottinger,60.0,0.559,HCO3-,0.14307425970387133,0.1430091458586605,-6.511384521082353e-05
speciation:65:Bottinger:60:0.559,speciation,Bottinger,60.0,0.559,MEA,0.03347850866644777,0.03343247853051804,-4.6030135929728266e-05
speciation:65:Bottinger:60:0.559,speciation,Bottinger,60.0,0.559,MEACOO-,0.41172361581484057,0.41100781282539867,-0.0007158029894419049
speciation:65:Bottinger:60:0.559,speciation,Bottinger,60.0,0.559,MEAH+,0.5547978755187116,0.5555597086440832,0.0007618331253715915
speciation:65:Bottinger:60:0.559,speciation,Bottinger,60.0,0.559,OH-,0.0,9.863491546561058e-07,9.863491546561058e-07
speciation:66:Bottinger:60:0.613,speciation,Bottinger,60.0,0.613,CO2,0.012095562831171754,0.012120825301069121,2.52624698973674e-05
speciation:66:Bottinger:60:0.613,speciation,Bottinger,60.0,0.613,CO3^2-,0.0,0.00064951765791457,0.00064951765791457
speciation:66:Bottinger:60:0.613,speciation,Bottinger,60.0,0.613,H2O,7.687977313233415,7.687403119183947,-0.0005741940494683462
speciation:66:Bottinger:60:0.613,speciation,Bottinger,60.0,0.613,H3O+,0.0,3.4145943576648264e-09,3.4145943576648264e-09
speciation:66:Bottinger:60:0.613,speciation,Bottinger,60.0,0.613,HCO3-,0.22153064089092675,0.22145478260555443,-7.585828537232109e-05
speciation:66:Bottinger:60:0.613,speciation,Bottinger,60.0,0.613,MEA,0.019721766553272096,0.019695905359246126,-2.5861194025970924e-05
speciation:66:Bottinger:60:0.613,speciation,Bottinger,60.0,0.613,MEACOO-,0.3793737962779012,0.3787748744354619,-0.000598921842439315
speciation:66:Bottinger:60:0.613,speciation,Bottinger,60.0,0.613,MEAH+,0.6009044371688268,0.601529220205292,0.0006247830364651819
speciation:66:Bottinger:60:0.613,speciation,Bottinger,60.0,0.613,OH-,0.0,5.312630409878935e-07,5.312630409878935e-07
speciation:67:Bottinger:60:0.766,speciation,Bottinger,60.0,0.766,CO2,0.06581421846242448,0.06588321540610541,6.899694368092679e-05
speciation:67:Bottinger:60:0.766,speciation,Bottinger,60.0,0.766,CO3^2-,0.0,0.00041871661319576984,0.00041871661319576984
speciation:67:Bottinger:60:0.766,speciation,Bottinger,60.0,0.766,H2O,7.501108430229811,7.500834233035907,-0.00027419719390398
speciation:67:Bottinger:60:0.766,speciation,Bottinger,60.0,0.766,H3O+,0.0,9.527655611154873e-09,9.527655611154873e-09
speciation:67:Bottinger:60:0.766,speciation,Bottinger,60.0,0.766,HCO3-,0.4083995238952422,0.4082548136796823,-0.0001447102155598956
speciation:67:Bottinger:60:0.766,speciation,Bottinger,60.0,0.766,MEA,0.008027960820090854,0.008021072750979968,-6.88806911088545e-06
speciation:67:Bottinger:60:0.766,speciation,Bottinger,60.0,0.766,MEACOO-,0.2917862576423335,0.29144325430101997,-0.0003430033413135414
speciation:67:Bottinger:60:0.766,speciation,Bottinger,60.0,0.766,MEAH+,0.7001857815375756,0.700535672948,0.00034989141042440774
speciation:67:Bottinger:60:0.766,speciation,Bottinger,60.0,0.766,OH-,0.0,1.8126856465241234e-07,1.8126856465241234e-07
speciation:68:Bottinger:80:0.064,speciation,Bottinger,80.0,0.064,CO2,5.356919860421332e-07,5.373270746502746e-07,1.6350886081414155e-09
speciation:68:Bottinger:80:0.064,speciation,Bottinger,80.0,0.064,CO3^2-,0.0,0.00040310733840101824,0.00040310733840101824
speciation:68:Bottinger:80:0.064,speciation,Bottinger,80.0,0.064,H2O,7.908398307684232,7.907829322366864,-0.0005689853173675985
speciation:68:Bottinger:80:0.064,speciation,Bottinger,80.0,0.064,H3O+,0.0,2.947233850405337e-11,2.947233850405337e-11
speciation:68:Bottinger:80:0.064,speciation,Bottinger,80.0,0.064,HCO3-,0.0011096464408170317,0.0011028020999431715,-6.844340873860162e-06
speciation:68:Bottinger:80:0.064,speciation,Bottinger,80.0,0.064,MEA,0.8731107178247891,0.8729311544931987,-0.0001795633315904155
speciation:68:Bottinger:80:0.064,speciation,Bottinger,80.0,0.064,MEACOO-,0.0628898178671969,0.06249355323458123,-0.0003962646326156685
speciation:68:Bottinger:80:0.064,speciation,Bottinger,80.0,0.064,MEAH+,0.06399946430801393,0.06457529227222007,0.0005758279642061465
speciation:68:Bottinger:80:0.064,speciation,Bottinger,80.0,0.064,OH-,0.0,0.00017272229036596163,0.00017272229036596163
speciation:69:Bottinger:80:0.141,speciation,Bottinger,80.0,0.141,CO2,3.799387363459519e-06,3.8018759871606764e-06,2.4886237011572496e-09
speciation:69:Bottinger:80:0.141,speciation,Bottinger,80.0,0.141,CO3^2-,0.0,0.00040520988962395416,0.00040520988962395416
speciation:69:Bottinger:80:0.141,speciation,Bottinger,80.0,0.141,H2O,7.9065588462508725,7.906096891219465,-0.00046195503140733507
speciation:69:Bottinger:80:0.141,speciation,Bottinger,80.0,0.141,H3O+,0.0,7.816669146867698e-11,7.816669146867698e-11
speciation:69:Bottinger:80:0.141,speciation,Bottinger,80.0,0.141,HCO3-,0.002949107874174467,0.0029407574410882176,-8.350433086249439e-06
speciation:69:Bottinger:80:0.141,speciation,Bottinger,80.0,0.141,MEA,0.7209567066489015,0.7208832657745187,-7.34408743828796e-05
speciation:69:Bottinger:80:0.141,speciation,Bottinger,80.0,0.141,MEACOO-,0.13804709273846197,0.1376502307933007,-0.0003968619451612809
speciation:69:Bottinger:80:0.141,speciation,Bottinger,80.0,0.141,MEAH+,0.1409962006126365,0.14146650343218065,0.0004703028195441328
speciation:69:Bottinger:80:0.141,speciation,Bottinger,80.0,0.141,OH-,0.0,6.509549671049593e-05,6.509549671049593e-05
speciation:6:Matin:20:0.173,speciation,Matin,20.0,0.173,CO2,4.55811888338383e-08,4.556557902077961e-08,-1.560981305869004e-11
speciation:6:Matin:20:0.173,speciation,Matin,20.0,0.173,CO3^2-,0.0,0.006321343261249666,0.006321343261249666
speciation:6:Matin:20:0.173,speciation,Matin,20.0,0.173,H2O,7.907863884615405,7.901510518811763,-0.006353365803641431
speciation:6:Matin:20:0.173,speciation,Matin,20.0,0.173,H3O+,0.0,1.482535643790275e-12,1.482535643790275e-12
speciation:6:Matin:20:0.173,speciation,Matin,20.0,0.173,HCO3-,0.0016440695096620773,0.0015831035927897936,-6.096591687228367e-05
speciation:6:Matin:20:0.173,speciation,Matin,20.0,0.173,MEA,0.6556441606720398,0.6554902062676854,-0.000153954404354395
speciation:6:Matin:20:0.173,speciation,Matin,20.0,0.173,MEACOO-,0.17135588490914913,0.16509550758038222,-0.006260377328766914
speciation:6:Matin:20:0.173,speciation,Matin,20.0,0.173,MEAH+,0.1729999544188111,0.1794142861519324,0.006414331733121281
speciation:6:Matin:20:0.173,speciation,Matin,20.0,0.173,OH-,0.0,9.29884577443371e-05,9.29884577443371e-05
speciation:70:Bottinger:80:0.245,speciation,Bottinger,80.0,0.245,CO2,2.2111589421999675e-05,2.2117222867931238e-05,5.633445931563111e-09
speciation:70:Bottinger:80:0.245,speciation,Bottinger,80.0,0.245,CO3^2-,0.0,0.00040282511319974666,0.00040282511319974666
speciation:70:Bottinger:80:0.245,speciation,Bottinger,80.0,0.245,H2O,7.902426267025688,7.90200803780578,-0.00041822921990775086
speciation:70:Bottinger:80:0.245,speciation,Bottinger,80.0,0.245,H3O+,0.0,1.8894367524895322e-10,1.8894367524895322e-10
speciation:70:Bottinger:80:0.245,speciation,Bottinger,80.0,0.245,HCO3-,0.007081687099357852,0.00707018861959061,-1.149847976724197e-05
speciation:70:Bottinger:80:0.245,speciation,Bottinger,80.0,0.245,MEA,0.517125910278202,0.5170875208567374,-3.8389421464612994e-05
speciation:70:Bottinger:80:0.245,speciation,Bottinger,80.0,0.245,MEACOO-,0.23789620131122013,0.23750486904434187,-0.0003913322668782637
speciation:70:Bottinger:80:0.245,speciation,Bottinger,80.0,0.245,MEAH+,0.244977888410578,0.24540761009892084,0.00042972168834284896
speciation:70:Bottinger:80:0.245,speciation,Bottinger,80.0,0.245,OH-,0.0,2.6902397532491623e-05,2.6902397532491623e-05
speciation:71:Bottinger:80:0.336,speciation,Bottinger,80.0,0.336,CO2,9.333634915234767e-05,9.335575012357078e-05,1.9400971223103823e-08
speciation:71:Bottinger:80:0.336,speciation,Bottinger,80.0,0.336,CO3^2-,0.0,0.00039702277354823216,0.00039702277354823216
speciation:71:Bottinger:80:0.336,speciation,Bottinger,80.0,0.336,H2O,7.895077462110204,7.89468400129569,-0.0003934608145144125
speciation:71:Bottinger:80:0.336,speciation,Bottinger,80.0,0.336,H3O+,0.0,3.9046521252067907e-10,3.9046521252067907e-10
speciation:71:Bottinger:80:0.336,speciation,Bottinger,80.0,0.336,HCO3-,0.014430492014842464,0.014413935883671425,-1.6556131171038477e-05
speciation:71:Bottinger:80:0.336,speciation,Bottinger,80.0,0.336,MEA,0.3426171647131471,0.34258765399270513,-2.951072044199421e-05
speciation:71:Bottinger:80:0.336,speciation,Bottinger,80.0,0.336,MEACOO-,0.32147617163600517,0.3210956855926568,-0.00038048604334839364
speciation:71:Bottinger:80:0.336,speciation,Bottinger,80.0,0.336,MEAH+,0.3359066636508477,0.3363166604146381,0.00040999676379038785
speciation:71:Bottinger:80:0.336,speciation,Bottinger,80.0,0.336,OH-,0.0,1.2993781678433564e-05,1.2993781678433564e-05
speciation:72:Bottinger:80:0.398,speciation,Bottinger,80.0,0.398,CO2,0.0002855582917652245,0.0002856355001085338,7.720834330931289e-08
speciation:72:Bottinger:80:0.398,speciation,Bottinger,80.0,0.398,CO3^2-,0.0,0.0003884736435548682,0.0003884736435548682
speciation:72:Bottinger:80:0.398,speciation,Bottinger,80.0,0.398,H2O,7.884562646873907,7.88418928845743,-0.00037335841647756496
speciation:72:Bottinger:80:0.398,speciation,Bottinger,80.0,0.398,H3O+,0.0,6.890862484154302e-10,6.890862484154302e-10
speciation:72:Bottinger:80:0.398,speciation,Bottinger,80.0,0.398,HCO3-,0.02494530725098287,0.024922848074427188,-2.2459176555682248e-05
speciation:72:Bottinger:80:0.398,speciation,Bottinger,80.0,0.398,MEA,0.2295164238345125,0.22948677650361196,-2.9647330900550717e-05
speciation:72:Bottinger:80:0.398,speciation,Bottinger,80.0,0.398,MEACOO-,0.3727691344572522,0.3724030427819085,-0.0003660916753436827
speciation:72:Bottinger:80:0.398,speciation,Bottinger,80.0,0.398,MEAH+,0.39771444170823533,0.3981101807144795,0.0003957390062441779
speciation:72:Bottinger:80:0.398,speciation,Bottinger,80.0,0.398,OH-,0.0,7.3432601200349145e-06,7.3432601200349145e-06
speciation:73:Bottinger:80:0.51,speciation,Bottinger,80.0,0.51,CO2,0.003923381892603052,0.003926221689633319,2.839797030266579e-06
speciation:73:Bottinger:80:0.51,speciation,Bottinger,80.0,0.51,CO3^2-,0.0,0.000341319316891396,0.000341319316891396
speciation:73:Bottinger:80:0.51,speciation,Bottinger,80.0,0.51,H2O,7.823217536878487,7.822907551792109,-0.00030998508637836153
speciation:73:Bottinger:80:0.51,speciation,Bottinger,80.0,0.51,H3O+,0.0,2.693290939699984e-09,2.693290939699984e-09
speciation:73:Bottinger:80:0.51,speciation,Bottinger,80.0,0.51,HCO3-,0.08629041724656934,0.08625723062169714,-3.318662487220014e-05
speciation:73:Bottinger:80:0.51,speciation,Bottinger,80.0,0.51,MEA,0.07413718103177581,0.07410782699323314,-2.9354038542678262e-05
speciation:73:Bottinger:80:0.51,speciation,Bottinger,80.0,0.51,MEACOO-,0.41978620086082724,0.4194752283717789,-0.0003109724890483223
speciation:73:Bottinger:80:0.51,speciation,Bottinger,80.0,0.51,MEAH+,0.5060766181073969,0.506416944634988,0.00034032652759108384
speciation:73:Bottinger:80:0.51,speciation,Bottinger,80.0,0.51,OH-,0.0,1.849701020990648e-06,1.849701020990648e-06
speciation:7:Matin:20:0.195,speciation,Matin,20.0,0.195,CO2,6.642393958092586e-08,6.641005100379613e-08,-1.3888577129730137e-11
speciation:7:Matin:20:0.195,speciation,Matin,20.0,0.195,CO3^2-,0.0,0.006367004416352032,0.006367004416352032
speciation:7:Matin:20:0.195,speciation,Matin,20.0,0.195,H2O,7.907524035185374,7.901145595781616,-0.006378439403758485
speciation:7:Matin:20:0.195,speciation,Matin,20.0,0.195,H3O+,0.0,1.7832434107793051e-12,1.7832434107793051e-12
speciation:7:Matin:20:0.195,speciation,Matin,20.0,0.195,HCO3-,0.001983918939678464,0.0019180532220816817,-6.586571759678215e-05
speciation:7:Matin:20:0.195,speciation,Matin,20.0,0.195,MEA,0.6119840517875575,0.611840885340761,-0.0001431664467965721
speciation:7:Matin:20:0.195,speciation,Matin,20.0,0.195,MEACOO-,0.19301601463638202,0.18671487595151562,-0.0063011386848663975
speciation:7:Matin:20:0.195,speciation,Matin,20.0,0.195,MEAH+,0.19499993357606038,0.20144423870772335,0.00644430513166297
speciation:7:Matin:20:0.195,speciation,Matin,20.0,0.195,OH-,0.0,7.730070320560415e-05,7.730070320560415e-05
speciation:8:Jakobsen:20:0.21,speciation,Jakobsen,20.0,0.21,CO2,8.506242493405353e-08,8.50513181782041e-08,-1.1106755849426907e-11
speciation:8:Jakobsen:20:0.21,speciation,Jakobsen,20.0,0.21,CO3^2-,0.0,0.006392161678721479,0.006392161678721479
speciation:8:Jakobsen:20:0.21,speciation,Jakobsen,20.0,0.21,H2O,7.907263537669876,7.900872483852456,-0.006391053817419667
speciation:8:Jakobsen:20:0.21,speciation,Jakobsen,20.0,0.21,H3O+,0.0,2.0139812678773753e-12,2.0139812678773753e-12
speciation:8:Jakobsen:20:0.21,speciation,Jakobsen,20.0,0.21,HCO3-,0.0022444164551728013,0.00217486880921287,-6.954764595993148e-05
speciation:8:Jakobsen:20:0.21,speciation,Jakobsen,20.0,0.21,MEA,0.5822445865800226,0.5821065991312282,-0.00013798744879445213
speciation:8:Jakobsen:20:0.21,speciation,Jakobsen,20.0,0.21,MEACOO-,0.20775549848240227,0.2014328844607475,-0.0063226140216547655
speciation:8:Jakobsen:20:0.21,speciation,Jakobsen,20.0,0.21,MEAH+,0.20999991493757517,0.21646051640802433,0.006460601470449162
speciation:8:Jakobsen:20:0.21,speciation,Jakobsen,20.0,0.21,OH-,0.0,6.84397826350848e-05,6.84397826350848e-05
speciation:9:Matin:20:0.218,speciation,Matin,20.0,0.218,CO2,9.684007731699628e-08,9.683123925794978e-08,-8.838059046499586e-12
speciation:9:Matin:20:0.218,speciation,Matin,20.0,0.218,CO3^2-,0.0,0.006403932666423072,0.006403932666423072
speciation:9:Matin:20:0.218,speciation,Matin,20.0,0.218,H2O,7.907113596587811,7.900717108395579,-0.006396488192232042
speciation:9:Matin:20:0.218,speciation,Matin,20.0,0.218,H3O+,0.0,2.1468926694343293e-12,2.1468926694343293e-12
speciation:9:Matin:20:0.218,speciation,Matin,20.0,0.218,HCO3-,0.002394357537242127,0.00232271282351699,-7.164471372513677e-05
speciation:9:Matin:20:0.218,speciation,Matin,20.0,0.218,MEA,0.5663945512173969,0.5662587062507733,-0.00013584496662355505
speciation:9:Matin:20:0.218,speciation,Matin,20.0,0.218,MEACOO-,0.21560554562268047,0.20927325767882082,-0.006332287943859649
speciation:9:Matin:20:0.218,speciation,Matin,20.0,0.218,MEAH+,0.21799990315992268,0.2244680360704058,0.006468132910483121
speciation:9:Matin:20:0.218,speciation,Matin,20.0,0.218,OH-,0.0,6.420023736893607e-05,6.420023736893607e-05
vle:0:Aronu2011:40:0.102,vle,Aronu2011,40.0,0.102,CO2,6.248219748008217e-08,6.256882451041674e-08,8.662703033456886e-11
vle:0:Aronu2011:40:0.102,vle,Aronu2011,40.0,0.102,CO3^2-,0.0,0.002544856120584406,0.002544856120584406
vle:0:Aronu2011:40:0.102,vle,Aronu2011,40.0,0.102,H2O,7.908393051951287,7.905715609441737,-0.002677442509550154
vle:0:Aronu2011:40:0.102,vle,Aronu2011,40.0,0.102,H3O+,0.0,3.650481624934369e-12,3.650481624934369e-12
vle:0:Aronu2011:40:0.102,vle,Aronu2011,40.0,0.102,HCO3-,0.0011149021737929588,0.001086975961301338,-2.792621249162082e-05
vle:0:Aronu2011:40:0.102,vle,Aronu2011,40.0,0.102,MEA,0.7971150271381882,0.7969265885048241,-0.00018843863336404088
vle:0:Aronu2011:40:0.102,vle,Aronu2011,40.0,0.102,MEACOO-,0.10088503534400955,0.09836810534929033,-0.0025169299947192247
vle:0:Aronu2011:40:0.102,vle,Aronu2011,40.0,0.102,MEAH+,0.10199993751780234,0.10470530614588551,0.0027053686280831685
vle:0:Aronu2011:40:0.102,vle,Aronu2011,40.0,0.102,OH-,0.0,0.00016051259777607788,0.00016051259777607788
vle:100:Jou1995:80:0.517,vle,Jou1995,80.0,0.517,CO2,0.004648060805457038,0.00465152473566963,3.463930212592274e-06
vle:100:Jou1995:80:0.517,vle,Jou1995,80.0,0.517,CO3^2-,0.0,0.0003363508269712797,0.0003363508269712797
vle:100:Jou1995:80:0.517,vle,Jou1995,80.0,0.517,H2O,7.816318181828244,7.816013562913104,-0.0003046189151403311
vle:100:Jou1995:80:0.517,vle,Jou1995,80.0,0.517,H3O+,0.0,2.9490742232317254e-09,2.9490742232317254e-09
vle:100:Jou1995:80:0.517,vle,Jou1995,80.0,0.517,HCO3-,0.0931897722968232,0.09315635114150786,-3.342115531533574e-05
vle:100:Jou1995:80:0.517,vle,Jou1995,80.0,0.517,MEA,0.0684858939077364,0.06845771726783514,-2.8176639901261735e-05
vle:100:Jou1995:80:0.517,vle,Jou1995,80.0,0.517,MEACOO-,0.41916216689772046,0.4188557732958569,-0.0003063936018635749
vle:100:Jou1995:80:0.517,vle,Jou1995,80.0,0.517,MEAH+,0.5123519391945431,0.512686509436308,0.0003345702417648644
vle:100:Jou1995:80:0.517,vle,Jou1995,80.0,0.517,OH-,0.0,1.6862940825541133e-06,1.6862940825541133e-06
vle:101:Jou1995:80:0.5785,vle,Jou1995,80.0,0.5785,CO2,0.016367987281275254,0.016379922644221504,1.1935362946250555e-05
vle:101:Jou1995:80:0.5785,vle,Jou1995,80.0,0.5785,CO3^2-,0.0,0.0002904031228558367,0.0002904031228558367
vle:101:Jou1995:80:0.5785,vle,Jou1995,80.0,0.5785,H2O,7.747853724217582,7.747602108413149,-0.000251615804432781
vle:101:Jou1995:80:0.5785,vle,Jou1995,80.0,0.5785,H3O+,0.0,5.873906923206157e-09,5.873906923206157e-09
vle:101:Jou1995:80:0.5785,vle,Jou1995,80.0,0.5785,HCO3-,0.1616542299074653,0.1616146048441662,-3.9625063299103536e-05
vle:101:Jou1995:80:0.5785,vle,Jou1995,80.0,0.5785,MEA,0.03739020447001576,0.03737362413554913,-1.6580334466630153e-05
vle:101:Jou1995:80:0.5785,vle,Jou1995,80.0,0.5785,MEACOO-,0.4004777828112594,0.40021506938875645,-0.00026271342250294705
vle:101:Jou1995:80:0.5785,vle,Jou1995,80.0,0.5785,MEAH+,0.5621320127187249,0.5624113064756945,0.0002792937569695564
vle:101:Jou1995:80:0.5785,vle,Jou1995,80.0,0.5785,OH-,0.0,8.31870967062524e-07,8.31870967062524e-07
vle:102:Jou1995:80:0.64,vle,Jou1995,80.0,0.64,CO2,0.038163781457713514,0.03818544184370693,2.166038599341752e-05
vle:102:Jou1995:80:0.64,vle,Jou1995,80.0,0.64,CO3^2-,0.0,0.0002509553744465677,0.0002509553744465677
vle:102:Jou1995:80:0.64,vle,Jou1995,80.0,0.64,H2O,7.681331989138593,7.681132814011393,-0.0001991751272001352
vle:102:Jou1995:80:0.64,vle,Jou1995,80.0,0.64,H3O+,0.0,9.512168905807771e-09,9.512168905807771e-09
vle:102:Jou1995:80:0.64,vle,Jou1995,80.0,0.64,HCO3-,0.22817596498647405,0.22812367031012012,-5.2294676353925595e-05
vle:102:Jou1995:80:0.64,vle,Jou1995,80.0,0.64,MEA,0.024503527901879103,0.024494058593341337,-9.469308537766313e-06
vle:102:Jou1995:80:0.64,vle,Jou1995,80.0,0.64,MEACOO-,0.37366025355582805,0.37343993247176605,-0.0002203210840620029
vle:102:Jou1995:80:0.64,vle,Jou1995,80.0,0.64,MEAH+,0.6018362185422927,0.6020660089348927,0.00022979039259996004
vle:102:Jou1995:80:0.64,vle,Jou1995,80.0,0.64,OH-,0.0,5.049163176045595e-07,5.049163176045595e-07
vle:103:Jou1995:80:0.689,vle,Jou1995,80.0,0.689,CO2,0.061571260327321284,0.061599221794359824,2.7961467038539745e-05
vle:103:Jou1995:80:0.689,vle,Jou1995,80.0,0.689,CO3^2-,0.0,0.00022632767720631193,0.00022632767720631193
vle:103:Jou1995:80:0.689,vle,Jou1995,80.0,0.689,H2O,7.635469764858605,7.635305110559489,-0.00016465429911605156
vle:103:Jou1995:80:0.689,vle,Jou1995,80.0,0.689,H3O+,0.0,1.2591627881952454e-08,1.2591627881952454e-08
vle:103:Jou1995:80:0.689,vle,Jou1995,80.0,0.689,HCO3-,0.2740381892664421,0.2739761264026364,-6.20628638056675e-05
vle:103:Jou1995:80:0.689,vle,Jou1995,80.0,0.689,MEA,0.01918070992108483,0.01917420568889861,-6.504232186219094e-06
vle:103:Jou1995:80:0.689,vle,Jou1995,80.0,0.689,MEACOO-,0.35339055040623646,0.35319832412579716,-0.00019222628043930046
vle:103:Jou1995:80:0.689,vle,Jou1995,80.0,0.689,MEAH+,0.6274287396726788,0.6276274701853041,0.00019873051262531138
vle:103:Jou1995:80:0.689,vle,Jou1995,80.0,0.689,OH-,0.0,3.768940858566626e-07,3.768940858566626e-07
vle:104:Jou1995:100:0.0117,vle,Jou1995,100.0,0.0117,CO2,6.516784094042653e-08,6.93356827834517e-08,4.167841843025165e-09
vle:104:Jou1995:100:0.0117,vle,Jou1995,100.0,0.0117,CO3^2-,0.0,0.00014837350830141955,0.00014837350830141955
vle:104:Jou1995:100:0.0117,vle,Jou1995,100.0,0.0117,H2O,7.909279200946937,7.908392810130087,-0.0008863908168503798
vle:104:Jou1995:100:0.0117,vle,Jou1995,100.0,0.0117,H3O+,0.0,1.5333716124600872e-11,1.5333716124600872e-11
vle:104:Jou1995:100:0.0117,vle,Jou1995,100.0,0.0117,HCO3-,0.00022875317811136016,0.00022599598775626306,-2.7571903550970966e-06
vle:104:Jou1995:100:0.0117,vle,Jou1995,100.0,0.0117,MEA,0.9768288835137932,0.976085360190887,-0.00074352332290617
vle:104:Jou1995:100:0.0117,vle,Jou1995,100.0,0.0117,MEACOO-,0.011471181654047695,0.011325561168259536,-0.00014562048578815878
vle:104:Jou1995:100:0.0117,vle,Jou1995,100.0,0.0117,MEAH+,0.01169993483215905,0.012589078640853395,0.0008891438086943444
vle:104:Jou1995:100:0.0117,vle,Jou1995,100.0,0.0117,OH-,0.0,0.0007407744835684774,0.0007407744835684774
vle:105:Jou1995:100:0.0566,vle,Jou1995,100.0,0.0566,CO2,1.8416918363181944e-06,1.8471416541154321e-06,5.4498177972377435e-09
vle:105:Jou1995:100:0.0566,vle,Jou1995,100.0,0.0566,CO3^2-,0.0,0.000160047671548946,0.000160047671548946
vle:105:Jou1995:100:0.0566,vle,Jou1995,100.0,0.0566,H2O,7.9082932201997025,7.907987393987124,-0.00030582621257835285
vle:105:Jou1995:100:0.0566,vle,Jou1995,100.0,0.0566,H3O+,0.0,7.619723015241776e-11,7.619723015241776e-11
vle:105:Jou1995:100:0.0566,vle,Jou1995,100.0,0.0566,HCO3-,0.0012147339253475785,0.0012114563017604522,-3.277623587126261e-06
vle:105:Jou1995:100:0.0566,vle,Jou1995,100.0,0.0566,MEA,0.8880184173090202,0.8878660945728492,-0.00015232273617105108
vle:105:Jou1995:100:0.0566,vle,Jou1995,100.0,0.0566,MEACOO-,0.055383424382816064,0.0552266488850365,-0.00015677549777956545
vle:105:Jou1995:100:0.0566,vle,Jou1995,100.0,0.0566,MEAH+,0.056598158308163664,0.056907256542114454,0.00030909823395079
vle:105:Jou1995:100:0.0566,vle,Jou1995,100.0,0.0566,OH-,0.0,0.00014905608841685105,0.00014905608841685105
vle:106:Jou1995:100:0.188,vle,Jou1995,100.0,0.188,CO2,4.004052740620576e-05,4.0051900764898367e-05,1.1373358692605851e-08
vle:106:Jou1995:100:0.188,vle,Jou1995,100.0,0.188,CO3^2-,0.0,0.00015958733758223017,0.00015958733758223017
vle:106:Jou1995:100:0.188,vle,Jou1995,100.0,0.188,H2O,7.903871848909202,7.903684903703387,-0.00018694520581519214
vle:106:Jou1995:100:0.188,vle,Jou1995,100.0,0.188,H3O+,0.0,3.550345824142225e-10,3.550345824142225e-10
vle:106:Jou1995:100:0.188,vle,Jou1995,100.0,0.188,HCO3-,0.005636105215840686,0.0056315072342836715,-4.597981557014769e-06
vle:106:Jou1995:100:0.188,vle,Jou1995,100.0,0.188,MEA,0.6297161862706531,0.6296796558960949,-3.6530374558196854e-05
vle:106:Jou1995:100:0.188,vle,Jou1995,100.0,0.188,MEACOO-,0.1823238542567531,0.18216885352736914,-0.00015500072938395837
vle:106:Jou1995:100:0.188,vle,Jou1995,100.0,0.188,MEAH+,0.18795995947259375,0.188151490576536,0.0001915311039422385
vle:106:Jou1995:100:0.188,vle,Jou1995,100.0,0.188,OH-,0.0,3.195549475327308e-05,3.195549475327308e-05
vle:107:Jou1995:100:0.381,vle,Jou1995,100.0,0.381,CO2,0.0008840445586367487,0.0008841625189636745,1.1796032692583565e-07
vle:107:Jou1995:100:0.381,vle,Jou1995,100.0,0.381,CO3^2-,0.0,0.00015308261650030287,0.00015308261650030287
vle:107:Jou1995:100:0.381,vle,Jou1995,100.0,0.381,H2O,7.883618389824872,7.883468106007614,-0.00015028381725823436
vle:107:Jou1995:100:0.381,vle,Jou1995,100.0,0.381,H3O+,0.0,1.6965723795787987e-09,1.6965723795787987e-09
vle:107:Jou1995:100:0.381,vle,Jou1995,100.0,0.381,HCO3-,0.025889564300119645,0.025880110778363344,-9.453521756300903e-06
vle:107:Jou1995:100:0.381,vle,Jou1995,100.0,0.381,MEA,0.26565765341739256,0.26564178448709547,-1.5868930297091577e-05
vle:107:Jou1995:100:0.381,vle,Jou1995,100.0,0.381,MEACOO-,0.35422639114124377,0.35408264408617224,-0.0001437470550715303
vle:107:Jou1995:100:0.381,vle,Jou1995,100.0,0.381,MEAH+,0.38011595544136373,0.38027557142673224,0.00015961598536851085
vle:107:Jou1995:100:0.381,vle,Jou1995,100.0,0.381,OH-,0.0,6.653025768657962e-06,6.653025768657962e-06
vle:108:Jou1995:100:0.422,vle,Jou1995,100.0,0.422,CO2,0.0019111894423066514,0.001911491613962622,3.0217165597067226e-07
vle:108:Jou1995:100:0.422,vle,Jou1995,100.0,0.422,CO3^2-,0.0,0.00014937289726003872,0.00014937289726003872
vle:108:Jou1995:100:0.422,vle,Jou1995,100.0,0.422,H2O,7.8719377234695065,7.871795248337965,-0.00014247513154153069
vle:108:Jou1995:100:0.422,vle,Jou1995,100.0,0.422,H3O+,0.0,2.519586387228131e-09,2.519586387228131e-09
vle:108:Jou1995:100:0.422,vle,Jou1995,100.0,0.422,HCO3-,0.03757023065553968,0.037558863788391655,-1.1366867148025761e-05
vle:108:Jou1995:100:0.422,vle,Jou1995,100.0,0.422,MEA,0.19739260954015292,0.1973773829540912,-1.5226586061706238e-05
vle:108:Jou1995:100:0.422,vle,Jou1995,100.0,0.422,MEACOO-,0.3825185799021537,0.3823802717003857,-0.0001383082017680226
vle:108:Jou1995:100:0.422,vle,Jou1995,100.0,0.422,MEAH+,0.4200888105576933,0.420242345345523,0.0001535347878297011
vle:108:Jou1995:100:0.422,vle,Jou1995,100.0,0.422,OH-,0.0,4.466581812565799e-06,4.466581812565799e-06
vle:109:Jou1995:100:0.477,vle,Jou1995,100.0,0.477,CO2,0.005948069674305962,0.0059493462802508515,1.2766059448894584e-06
vle:109:Jou1995:100:0.477,vle,Jou1995,100.0,0.477,CO3^2-,0.0,0.0001411827576096561,0.0001411827576096561
vle:109:Jou1995:100:0.477,vle,Jou1995,100.0,0.477,H2O,7.845198664251555,7.845069054464342,-0.000129609787212992
vle:109:Jou1995:100:0.477,vle,Jou1995,100.0,0.477,H3O+,0.0,4.547878500175367e-09,4.547878500175367e-09
vle:109:Jou1995:100:0.477,vle,Jou1995,100.0,0.477,HCO3-,0.06430928987348822,0.0642952545828361,-1.4035290652122945e-05
vle:109:Jou1995:100:0.477,vle,Jou1995,100.0,0.477,MEA,0.12220542922209997,0.1221914939188568,-1.393530324317327e-05
vle:109:Jou1995:100:0.477,vle,Jou1995,100.0,0.477,MEACOO-,0.40674264045220576,0.4066142163793034,-0.00012842407290236668
vle:109:Jou1995:100:0.477,vle,Jou1995,100.0,0.477,MEAH+,0.47105193032569426,0.4711942897018398,0.00014235937614553995
vle:109:Jou1995:100:0.477,vle,Jou1995,100.0,0.477,OH-,0.0,2.4577723595852246e-06,2.4577723595852246e-06
vle:10:Aronu2011:40:0.464,vle,Aronu2011,40.0,0.464,CO2,6.67740665306616e-05,6.695937858815432e-05,1.8531205749271965e-07
vle:10:Aronu2011:40:0.464,vle,Aronu2011,40.0,0.464,CO3^2-,0.0,0.0024667009711794676,0.0024667009711794676
vle:10:Aronu2011:40:0.464,vle,Aronu2011,40.0,0.464,H2O,7.874424456359743,7.87210258407177,-0.0023218722879727594
vle:10:Aronu2011:40:0.464,vle,Aronu2011,40.0,0.464,H3O+,0.0,1.2052383606175793e-10,1.2052383606175793e-10
vle:10:Aronu2011:40:0.464,vle,Aronu2011,40.0,0.464,HCO3-,0.035083497765302916,0.03493384853509354,-0.0001496492302093741
vle:10:Aronu2011:40:0.464,vle,Aronu2011,40.0,0.464,MEA,0.10721704589836402,0.10706294698636323,-0.00015409891200078574
vle:10:Aronu2011:40:0.464,vle,Aronu2011,40.0,0.464,MEACOO-,0.4288497281681666,0.42653249111513897,-0.00231723705302761
vle:10:Aronu2011:40:0.464,vle,Aronu2011,40.0,0.464,MEAH+,0.46393322593346936,0.4664045618984979,0.0024713359650285205
vle:10:Aronu2011:40:0.464,vle,Aronu2011,40.0,0.464,OH-,0.0,4.8204264299522434e-06,4.8204264299522434e-06
vle:110:Jou1995:100:0.481,vle,Jou1995,100.0,0.481,CO2,0.006465432883006966,0.00646684467316521,1.4117901582432965e-06
vle:110:Jou1995:100:0.481,vle,Jou1995,100.0,0.481,CO3^2-,0.0,0.00014042500649228518,0.00014042500649228518
vle:110:Jou1995:100:0.481,vle,Jou1995,100.0,0.481,H2O,7.842653357847957,7.842524800059527,-0.00012855778842979504
vle:110:Jou1995:100:0.481,vle,Jou1995,100.0,0.481,H3O+,0.0,4.751876442301199e-09,4.751876442301199e-09
vle:110:Jou1995:100:0.481,vle,Jou1995,100.0,0.481,HCO3-,0.0668545962770762,0.066840373572355,-1.4222704721192359e-05
vle:110:Jou1995:100:0.481,vle,Jou1995,100.0,0.481,MEA,0.11778546204309014,0.1177717169357992,-1.3745107290935588e-05
vle:110:Jou1995:100:0.481,vle,Jou1995,100.0,0.481,MEACOO-,0.4076799708399168,0.40755235674798723,-0.00012761409192957318
vle:110:Jou1995:100:0.481,vle,Jou1995,100.0,0.481,MEAH+,0.4745345671169931,0.4746759263162136,0.000141359199220481
vle:110:Jou1995:100:0.481,vle,Jou1995,100.0,0.481,OH-,0.0,2.3507347632488144e-06,2.3507347632488144e-06
vle:111:Jou1995:100:0.571,vle,Jou1995,100.0,0.571,CO2,0.031384802592059106,0.03139151679680872,6.714204749611041e-06
vle:111:Jou1995:100:0.571,vle,Jou1995,100.0,0.571,CO3^2-,0.0,0.00012118615486244863,0.00012118615486244863
vle:111:Jou1995:100:0.571,vle,Jou1995,100.0,0.571,H2O,7.773477022631764,7.773374858744553,-0.00010216388721051572
vle:111:Jou1995:100:0.571,vle,Jou1995,100.0,0.571,H3O+,0.0,1.1105680490856184e-08,1.1105680490856184e-08
vle:111:Jou1995:100:0.571,vle,Jou1995,100.0,0.571,HCO3-,0.13603093149328097,0.13601090995143028,-2.0021541850684388e-05
vle:111:Jou1995:100:0.571,vle,Jou1995,100.0,0.571,MEA,0.05680053667739928,0.056792966482204596,-7.570195194685214e-06
vle:111:Jou1995:100:0.571,vle,Jou1995,100.0,0.571,MEACOO-,0.4035842659146598,0.4034763870968985,-0.00010787881776130881
vle:111:Jou1995:100:0.571,vle,Jou1995,100.0,0.571,MEAH+,0.5396151974079408,0.5397306464208969,0.00011544901295601484
vle:111:Jou1995:100:0.571,vle,Jou1995,100.0,0.571,OH-,0.0,9.88168523590917e-07,9.88168523590917e-07
vle:112:Jou1995:100:0.589,vle,Jou1995,100.0,0.589,CO2,0.03944229360593153,0.039450193977072216,7.900371140685813e-06
vle:112:Jou1995:100:0.589,vle,Jou1995,100.0,0.589,CO3^2-,0.0,0.0001175928367860561,0.0001175928367860561
vle:112:Jou1995:100:0.589,vle,Jou1995,100.0,0.589,H2O,7.75949389530649,7.759396945979693,-9.694932679682466e-05
vle:112:Jou1995:100:0.589,vle,Jou1995,100.0,0.589,H3O+,0.0,1.2598869276075896e-08,1.2598869276075896e-08
vle:112:Jou1995:100:0.589,vle,Jou1995,100.0,0.589,HCO3-,0.1500140588185537,0.1499925347864231,-2.1524032130598725e-05
vle:112:Jou1995:100:0.589,vle,Jou1995,100.0,0.589,MEA,0.050898646030416946,0.050892067416157406,-6.578614259539206e-06
vle:112:Jou1995:100:0.589,vle,Jou1995,100.0,0.589,MEACOO-,0.3995436475755148,0.3994396783997185,-0.00010396917579630349
vle:112:Jou1995:100:0.589,vle,Jou1995,100.0,0.589,MEAH+,0.5495577063940683,0.5496682541841241,0.00011054779005581494
vle:112:Jou1995:100:0.589,vle,Jou1995,100.0,0.589,OH-,0.0,8.679232798111717e-07,8.679232798111717e-07
vle:113:Jou1995:100:0.6135,vle,Jou1995,100.0,0.6135,CO2,0.05173606344721751,0.05174545483376559,9.391386548075753e-06
vle:113:Jou1995:100:0.6135,vle,Jou1995,100.0,0.6135,CO3^2-,0.0,0.00011306656870702893,0.00011306656870702893
vle:113:Jou1995:100:0.6135,vle,Jou1995,100.0,0.6135,H2O,7.7413519394601105,7.741261658307817,-9.028115229359202e-05
vle:113:Jou1995:100:0.6135,vle,Jou1995,100.0,0.6135,H3O+,0.0,1.4653587281278773e-08,1.4653587281278773e-08
vle:113:Jou1995:100:0.6135,vle,Jou1995,100.0,0.6135,HCO3-,0.16815601466493463,0.1681324718554451,-2.354280948951848e-05
vle:113:Jou1995:100:0.6135,vle,Jou1995,100.0,0.6135,MEA,0.04462814155936982,0.044622653437087496,-5.488122282321095e-06
vle:113:Jou1995:100:0.6135,vle,Jou1995,100.0,0.6135,MEACOO-,0.39360792188784766,0.39350900674208267,-9.891514576498839e-05
vle:113:Jou1995:100:0.6135,vle,Jou1995,100.0,0.6135,MEAH+,0.5617639365527826,0.5618683398208298,0.00010440326804728173
vle:113:Jou1995:100:0.6135,vle,Jou1995,100.0,0.6135,OH-,0.0,7.427394756088515e-07,7.427394756088515e-07
vle:114:Xu2011:100:0.388,vle,Xu2011,100.0,0.388,CO2,0.0010028672731687992,0.00100300386661622,1.3659344742073497e-07
vle:114:Xu2011:100:0.388,vle,Xu2011,100.0,0.388,CO3^2-,0.0,0.00015255888298330636,0.00015255888298330636
vle:114:Xu2011:100:0.388,vle,Xu2011,100.0,0.388,H2O,7.8819838422947885,7.881834805157536,-0.00014903713725278322
vle:114:Xu2011:100:0.388,vle,Xu2011,100.0,0.388,H3O+,0.0,1.8095223756694066e-09,1.8095223756694066e-09
vle:114:Xu2011:100:0.388,vle,Xu2011,100.0,0.388,HCO3-,0.027524111830224886,0.027514353113911278,-9.758716313607724e-06
vle:114:Xu2011:100:0.388,vle,Xu2011,100.0,0.388,MEA,0.2535298463765621,0.2535141274957403,-1.5718880821802284e-05
vle:114:Xu2011:100:0.388,vle,Xu2011,100.0,0.388,MEACOO-,0.3594730208966064,0.35933008413648926,-0.0001429367601171183
vle:114:Xu2011:100:0.388,vle,Xu2011,100.0,0.388,MEAH+,0.3869971327268315,0.38715578836777037,0.00015865564093886508
vle:114:Xu2011:100:0.388,vle,Xu2011,100.0,0.388,OH-,0.0,6.235160925657047e-06,6.235160925657047e-06
vle:115:Xu2011:100:0.424,vle,Xu2011,100.0,0.424,CO2,0.001988442761706041,0.0019887605838885985,3.1782218255739167e-07
vle:115:Xu2011:100:0.424,vle,Xu2011,100.0,0.424,CO3^2-,0.0,0.00014914657547320556,0.00014914657547320556
vle:115:Xu2011:100:0.424,vle,Xu2011,100.0,0.424,H2O,7.8712169681294,7.871074909363154,-0.00014205876624640013
vle:115:Xu2011:100:0.424,vle,Xu2011,100.0,0.424,H3O+,0.0,2.571592010506224e-09,2.571592010506224e-09
vle:115:Xu2011:100:0.424,vle,Xu2011,100.0,0.424,HCO3-,0.03829098599564642,0.03827952016211716,-1.1465833529261671e-05
vle:115:Xu2011:100:0.424,vle,Xu2011,100.0,0.424,MEA,0.19426787151905883,0.19425266844880562,-1.5203070253211326e-05
vle:115:Xu2011:100:0.424,vle,Xu2011,100.0,0.424,MEACOO-,0.3837205712426474,0.38358257267852114,-0.00013799856412627376
vle:115:Xu2011:100:0.424,vle,Xu2011,100.0,0.424,MEAH+,0.4220115572382937,0.42216475887267313,0.00015320163437942957
vle:115:Xu2011:100:0.424,vle,Xu2011,100.0,0.424,OH-,0.0,4.375452680884797e-06,4.375452680884797e-06
vle:116:Xu2011:100:0.425,vle,Xu2011,100.0,0.425,CO2,0.002028369950543259,0.002028695942143304,3.2599160004493505e-07
vle:116:Xu2011:100:0.425,vle,Xu2011,100.0,0.425,CO3^2-,0.0,0.00014903158397132693,0.00014903158397132693
vle:116:Xu2011:100:0.425,vle,Xu2011,100.0,0.425,H2O,7.870850385446272,7.870708536249431,-0.00014184919684101516
vle:116:Xu2011:100:0.425,vle,Xu2011,100.0,0.425,H3O+,0.0,2.5980977341506513e-09,2.5980977341506513e-09
vle:116:Xu2011:100:0.425,vle,Xu2011,100.0,0.425,HCO3-,0.0386575686787736,0.03864605328224345,-1.15153965301526e-05
vle:116:Xu2011:100:0.425,vle,Xu2011,100.0,0.425,MEA,0.1927143085798601,0.19269911735335965,-1.5191226500455013e-05
vle:116:Xu2011:100:0.425,vle,Xu2011,100.0,0.425,MEACOO-,0.3843140613706831,0.38417621919164174,-0.00013784217904133644
vle:116:Xu2011:100:0.425,vle,Xu2011,100.0,0.425,MEAH+,0.42297163004945676,0.4231246634549986,0.00015303340554184697
vle:116:Xu2011:100:0.425,vle,Xu2011,100.0,0.425,OH-,0.0,4.330411268113711e-06,4.330411268113711e-06
vle:117:Xu2011:100:0.501,vle,Xu2011,100.0,0.501,CO2,0.009717995257697863,0.009720254135895574,2.2588781977105066e-06
vle:117:Xu2011:100:0.501,vle,Xu2011,100.0,0.501,CO3^2-,0.0,0.00013637235090609013,0.00013637235090609013
vle:117:Xu2011:100:0.501,vle,Xu2011,100.0,0.501,H2O,7.8288231292735055,7.8287000593997975,-0.00012306987370802602
vle:117:Xu2011:100:0.501,vle,Xu2011,100.0,0.501,H3O+,0.0,5.895059674848138e-09,5.895059674848138e-09
vle:117:Xu2011:100:0.501,vle,Xu2011,100.0,0.501,HCO3-,0.08068482485153745,0.08066962827895716,-1.5196572580297718e-05
vle:117:Xu2011:100:0.501,vle,Xu2011,100.0,0.501,MEA,0.09812081536693315,0.09810825424547087,-1.2561121462278946e-05
vle:117:Xu2011:100:0.501,vle,Xu2011,100.0,0.501,MEACOO-,0.41059717989076466,0.41047374523424124,-0.00012343465652342456
vle:117:Xu2011:100:0.501,vle,Xu2011,100.0,0.501,MEAH+,0.4912820047423022,0.49141800052028795,0.00013599577798573126
vle:117:Xu2011:100:0.501,vle,Xu2011,100.0,0.501,OH-,0.0,1.8882003371211092e-06,1.8882003371211092e-06
vle:118:Xu2011:100:0.52,vle,Xu2011,100.0,0.52,CO2,0.013971440823804086,0.013974751115544663,3.310291740577301e-06
vle:118:Xu2011:100:0.52,vle,Xu2011,100.0,0.52,CO3^2-,0.0,0.00013224579132842118,0.00013224579132842118
vle:118:Xu2011:100:0.52,vle,Xu2011,100.0,0.52,H2O,7.814351099891288,7.814233556175699,-0.00011754371558936327
vle:118:Xu2011:100:0.52,vle,Xu2011,100.0,0.52,H3O+,0.0,7.156245244935735e-09,7.156245244935735e-09
vle:118:Xu2011:100:0.52,vle,Xu2011,100.0,0.52,HCO3-,0.0951568542337621,0.09514059531286283,-1.6258920899278606e-05
vle:118:Xu2011:100:0.52,vle,Xu2011,100.0,0.52,MEA,0.08309973588137035,0.0830885550112787,-1.118087009165103e-05
vle:118:Xu2011:100:0.52,vle,Xu2011,100.0,0.52,MEACOO-,0.41087170494243386,0.4107524077802643,-0.00011929716216957376
vle:118:Xu2011:100:0.52,vle,Xu2011,100.0,0.52,MEAH+,0.5060285591761958,0.5061590372084571,0.00013047803226129417
vle:118:Xu2011:100:0.52,vle,Xu2011,100.0,0.52,OH-,0.0,1.5496889189266373e-06,1.5496889189266373e-06
vle:119:Xu2011:100:0.315,vle,Xu2011,100.0,0.315,CO2,0.00029367504341746946,0.0002937139002302524,3.885681278294325e-08
vle:119:Xu2011:100:0.315,vle,Xu2011,100.0,0.315,CO3^2-,0.0,0.00015656871813863162,0.00015656871813863162
vle:119:Xu2011:100:0.315,vle,Xu2011,100.0,0.315,H2O,7.894404807590998,7.8942436683022,-0.00016113928879857298
vle:119:Xu2011:100:0.315,vle,Xu2011,100.0,0.315,H3O+,0.0,9.689095602519729e-10,9.689095602519729e-10
vle:119:Xu2011:100:0.315,vle,Xu2011,100.0,0.315,HCO3-,0.015103146534049632,0.01509603473886114,-7.111795188492059e-06
vle:119:Xu2011:100:0.315,vle,Xu2011,100.0,0.315,MEA,0.38569049662088456,0.3856717821112891,-1.8714509595452178e-05
vle:119:Xu2011:100:0.315,vle,Xu2011,100.0,0.315,MEACOO-,0.29960317842253287,0.2994536826427699,-0.0001494957797629759
vle:119:Xu2011:100:0.315,vle,Xu2011,100.0,0.315,MEAH+,0.3147063249565826,0.3148745352459409,0.00016821028935831706
vle:119:Xu2011:100:0.315,vle,Xu2011,100.0,0.315,OH-,0.0,1.1681396942052352e-05,1.1681396942052352e-05
vle:11:Aronu2011:40:0.476,vle,Aronu2011,40.0,0.476,CO2,9.76883502264432e-05,9.802318094789101e-05,3.348307214478082e-07
vle:11:Aronu2011:40:0.476,vle,Aronu2011,40.0,0.476,CO3^2-,0.0,0.0024311780513587003,0.0024311780513587003
vle:11:Aronu2011:40:0.476,vle,Aronu2011,40.0,0.476,H2O,7.867406799432296,7.8651295738879865,-0.0022772255443097578
vle:11:Aronu2011:40:0.476,vle,Aronu2011,40.0,0.476,H3O+,0.0,1.46690994230706e-10,1.46690994230706e-10
vle:11:Aronu2011:40:0.476,vle,Aronu2011,40.0,0.476,HCO3-,0.042101154692752975,0.041943248507293404,-0.00015790618545957064
vle:11:Aronu2011:40:0.476,vle,Aronu2011,40.0,0.476,MEA,0.09029653139320588,0.0901353414841683,-0.00016118990903758734
vle:11:Aronu2011:40:0.476,vle,Aronu2011,40.0,0.476,MEACOO-,0.43380115695702065,0.43152755026039985,-0.0022736066966208
vle:11:Aronu2011:40:0.476,vle,Aronu2011,40.0,0.476,MEAH+,0.4759023116497736,0.47833710825543174,0.0024347966056581516
vle:11:Aronu2011:40:0.476,vle,Aronu2011,40.0,0.476,OH-,0.0,3.953531712012836e-06,3.953531712012836e-06
vle:120:Xu2011:100:0.475,vle,Xu2011,100.0,0.475,CO2,0.005704355672914599,0.0057055688365360005,1.2131636214010588e-06
vle:120:Xu2011:100:0.475,vle,Xu2011,100.0,0.475,CO3^2-,0.0,0.00014155403235383587,0.00014155403235383587
vle:120:Xu2011:100:0.475,vle,Xu2011,100.0,0.475,H2O,7.846441212374412,7.846311082449909,-0.00013012992450267546
vle:120:Xu2011:100:0.475,vle,Xu2011,100.0,0.475,H3O+,0.0,4.449000734810052e-09,4.449000734810052e-09
vle:120:Xu2011:100:0.475,vle,Xu2011,100.0,0.475,HCO3-,0.06306674175062746,0.06305280000252915,-1.3941748098308948e-05
vle:120:Xu2011:100:0.475,vle,Xu2011,100.0,0.475,MEA,0.12447545309645676,0.12446142893337084,-1.4024163085921137e-05
vle:120:Xu2011:100:0.475,vle,Xu2011,100.0,0.475,MEACOO-,0.40622890257645805,0.40610007712858104,-0.00012882544787701233
vle:120:Xu2011:100:0.475,vle,Xu2011,100.0,0.475,MEAH+,0.46929564432708515,0.46943849393804815,0.00014284961096300286
vle:120:Xu2011:100:0.475,vle,Xu2011,100.0,0.475,OH-,0.0,2.513191231178817e-06,2.513191231178817e-06
vle:122:Jou1995:120:0.00333,vle,Jou1995,120.0,0.00333,CO2,2.1654334497667204e-08,3.101877946810844e-08,9.364444970441233e-09
vle:122:Jou1995:120:0.00333,vle,Jou1995,120.0,0.00333,CO3^2-,0.0,4.4015361592041565e-05,4.4015361592041565e-05
vle:122:Jou1995:120:0.00333,vle,Jou1995,120.0,0.00333,H2O,7.909429249656458,7.907940149567457,-0.0014891000890013828
vle:122:Jou1995:120:0.00333,vle,Jou1995,120.0,0.00333,H3O+,0.0,1.518896620139372e-11,1.518896620139372e-11
vle:122:Jou1995:120:0.00333,vle,Jou1995,120.0,0.00333,HCO3-,7.870446858935613e-05,7.776024679850855e-05,-9.442217908475791e-07
vle:122:Jou1995:120:0.00333,vle,Jou1995,120.0,0.00333,MEA,0.9934187477772585,0.9919717933655448,-0.001446954411713719
vle:122:Jou1995:120:0.00333,vle,Jou1995,120.0,0.00333,MEACOO-,0.003251273877076143,0.003208193372829981,-4.308050424616178e-05
vle:122:Jou1995:120:0.00333,vle,Jou1995,120.0,0.00333,MEAH+,0.003329978345665504,0.0048200132616252125,0.0014900349159597086
vle:122:Jou1995:120:0.00333,vle,Jou1995,120.0,0.00333,OH-,0.0,0.0014460289340015998,0.0014460289340015998
vle:123:Jou1995:120:0.0112,vle,Jou1995,120.0,0.0112,CO2,2.527077771514093e-07,2.660282921313525e-07,1.3320514979943191e-08
vle:123:Jou1995:120:0.0112,vle,Jou1995,120.0,0.0112,CO3^2-,0.0,6.0722659671062566e-05,6.0722659671062566e-05
vle:123:Jou1995:120:0.0112,vle,Jou1995,120.0,0.0112,H2O,7.9092391447815675,7.908599760692336,-0.0006393840892311431
vle:123:Jou1995:120:0.0112,vle,Jou1995,120.0,0.0112,H3O+,0.0,3.787571588302988e-11,3.787571588302988e-11
vle:123:Jou1995:120:0.0112,vle,Jou1995,120.0,0.0112,HCO3-,0.00026880934347648077,0.000267485689820329,-1.3236536561517893e-06
vle:123:Jou1995:120:0.0112,vle,Jou1995,120.0,0.0112,MEA,0.9778693147590308,0.9772880327389296,-0.0005812820201012148
vle:123:Jou1995:120:0.0112,vle,Jou1995,120.0,0.0112,MEACOO-,0.010930937948746361,0.010871525622216488,-5.941232652987259e-05
vle:123:Jou1995:120:0.0112,vle,Jou1995,120.0,0.0112,MEAH+,0.011199747292222851,0.011840441638853866,0.0006406943466310145
vle:123:Jou1995:120:0.0112,vle,Jou1995,120.0,0.0112,OH-,0.0,0.0005799850453506472,0.0005799850453506472
vle:124:Jou1995:120:0.0247,vle,Jou1995,120.0,0.0247,CO2,1.2979748878045144e-06,1.3126916202081044e-06,1.471673240358999e-08
vle:124:Jou1995:120:0.0247,vle,Jou1995,120.0,0.0247,CO3^2-,0.0,6.348799508246777e-05,6.348799508246777e-05
vle:124:Jou1995:120:0.0247,vle,Jou1995,120.0,0.0247,H2O,7.908898973165155,7.908569934295382,-0.0003290388697729796
vle:124:Jou1995:120:0.0247,vle,Jou1995,120.0,0.0247,H3O+,0.0,8.228210574728937e-11,8.228210574728937e-11
vle:124:Jou1995:120:0.0247,vle,Jou1995,120.0,0.0247,HCO3-,0.0006089809598932884,0.0006075577498727303,-1.4232100205580902e-06
vle:124:Jou1995:120:0.0247,vle,Jou1995,120.0,0.0247,MEA,0.951211576909669,0.9509432092129663,-0.0002683676967026871
vle:124:Jou1995:120:0.0247,vle,Jou1995,120.0,0.0247,MEACOO-,0.024089721065218936,0.024027641563424608,-6.207950179432792e-05
vle:124:Jou1995:120:0.0247,vle,Jou1995,120.0,0.0247,MEAH+,0.024698702025112203,0.025029149223609094,0.00033044719849689014
vle:124:Jou1995:120:0.0247,vle,Jou1995,120.0,0.0247,OH-,0.0,0.0002669740024289459,0.0002669740024289459
vle:125:Jou1995:120:0.119,vle,Jou1995,120.0,0.119,CO2,4.6186804373387716e-05,4.6209897081117985e-05,2.3092707730269194e-08
vle:125:Jou1995:120:0.119,vle,Jou1995,120.0,0.119,CO3^2-,0.0,6.400542886637471e-05,6.400542886637471e-05
vle:125:Jou1995:120:0.119,vle,Jou1995,120.0,0.119,H2O,7.9058874224572016,7.905780026007857,-0.00010739644934432135
vle:125:Jou1995:120:0.119,vle,Jou1995,120.0,0.119,H3O+,0.0,4.859571741585523e-10,4.859571741585523e-10
vle:125:Jou1995:120:0.119,vle,Jou1995,120.0,0.119,HCO3-,0.003620531667843913,0.003618750141407288,-1.7815264366253733e-06
vle:125:Jou1995:120:0.119,vle,Jou1995,120.0,0.119,MEA,0.7657129052765906,0.7656659983605657,-4.6906916024935796e-05
vle:125:Jou1995:120:0.119,vle,Jou1995,120.0,0.119,MEACOO-,0.11533328152778266,0.1152710345326452,-6.224699513746046e-05
vle:125:Jou1995:120:0.119,vle,Jou1995,120.0,0.119,MEAH+,0.1189538131956266,0.11906296710678904,0.00010915391116243789
vle:125:Jou1995:120:0.119,vle,Jou1995,120.0,0.119,OH-,0.0,4.5172060960965856e-05,4.5172060960965856e-05
vle:126:Jou1995:120:0.349,vle,Jou1995,120.0,0.349,CO2,0.0020393310043180873,0.002039489188812681,1.5818449459375009e-07
vle:126:Jou1995:120:0.349,vle,Jou1995,120.0,0.349,CO3^2-,0.0,6.14500293745169e-05,6.14500293745169e-05
vle:126:Jou1995:120:0.349,vle,Jou1995,120.0,0.349,H2O,7.885980350681549,7.885915932474434,-6.441820711433621e-05
vle:126:Jou1995:120:0.349,vle,Jou1995,120.0,0.349,H3O+,0.0,3.282094710975358e-09,3.282094710975358e-09
vle:126:Jou1995:120:0.349,vle,Jou1995,120.0,0.349,HCO3-,0.02352760344340912,0.023523913590581678,-3.6898528274417752e-06
vle:126:Jou1995:120:0.349,vle,Jou1995,120.0,0.349,MEA,0.3296062654520455,0.32959624050209624,-1.0024949949283268e-05
vle:126:Jou1995:120:0.349,vle,Jou1995,120.0,0.349,MEACOO-,0.32343306555227264,0.32337514719123067,-5.791836104196424e-05
vle:126:Jou1995:120:0.349,vle,Jou1995,120.0,0.349,MEAH+,0.3469606689956819,0.3470286123066731,6.7943310991192e-05
vle:126:Jou1995:120:0.349,vle,Jou1995,120.0,0.349,OH-,0.0,6.654748206758747e-06,6.654748206758747e-06
vle:127:Jou1995:120:0.4115,vle,Jou1995,120.0,0.4115,CO2,0.005705296357874112,0.005705718413846143,4.2205597203161943e-07
vle:127:Jou1995:120:0.4115,vle,Jou1995,120.0,0.4115,CO3^2-,0.0,5.952542070852983e-05,5.952542070852983e-05
vle:127:Jou1995:120:0.4115,vle,Jou1995,120.0,0.4115,H2O,7.870823111111104,7.870764436105233,-5.867500587086738e-05
vle:127:Jou1995:120:0.4115,vle,Jou1995,120.0,0.4115,H3O+,0.0,5.560492054423431e-09,5.560492054423431e-09
vle:127:Jou1995:120:0.4115,vle,Jou1995,120.0,0.4115,HCO3-,0.038684843013914935,0.038680074135675466,-4.768878239469476e-06
vle:127:Jou1995:120:0.4115,vle,Jou1995,120.0,0.4115,MEA,0.22709543572966304,0.22708760362109448,-7.832108568556206e-06
vle:127:Jou1995:120:0.4115,vle,Jou1995,120.0,0.4115,MEACOO-,0.36710986062821105,0.3670546820297701,-5.517859844095252e-05
vle:127:Jou1995:120:0.4115,vle,Jou1995,120.0,0.4115,MEAH+,0.4057947036421259,0.4058577143491354,6.301070700953648e-05
vle:127:Jou1995:120:0.4115,vle,Jou1995,120.0,0.4115,OH-,0.0,3.912902765072233e-06,3.912902765072233e-06
vle:128:Jou1995:120:0.444,vle,Jou1995,120.0,0.444,CO2,0.009918556652613842,0.009919304143560152,7.474909463102419e-07
vle:128:Jou1995:120:0.444,vle,Jou1995,120.0,0.444,CO3^2-,0.0,5.808374330029748e-05,5.808374330029748e-05
vle:128:Jou1995:120:0.444,vle,Jou1995,120.0,0.444,H2O,7.859172767008706,7.859117201248705,-5.5565760001208275e-05
vle:128:Jou1995:120:0.444,vle,Jou1995,120.0,0.444,H3O+,0.0,7.403810064375428e-09,7.403810064375428e-09
vle:128:Jou1995:120:0.444,vle,Jou1995,120.0,0.444,HCO3-,0.050335187115770355,0.050329731707697084,-5.455408073271051e-06
vle:128:Jou1995:120:0.444,vle,Jou1995,120.0,0.444,MEA,0.1821723004209916,0.18216541737776165,-6.883043229960473e-06
vle:128:Jou1995:120:0.444,vle,Jou1995,120.0,0.444,MEACOO-,0.38374625623162,0.3836928804054449,-5.3375826175094954e-05
vle:128:Jou1995:120:0.444,vle,Jou1995,120.0,0.444,MEAH+,0.4340814433473884,0.43414170221679343,6.025886940502767e-05
vle:128:Jou1995:120:0.444,vle,Jou1995,120.0,0.444,OH-,0.0,2.9300208646921345e-06,2.9300208646921345e-06
vle:129:Jou1995:120:0.473,vle,Jou1995,120.0,0.473,CO2,0.016017792354605737,0.01601900260281052,1.210248204784603e-06
vle:129:Jou1995:120:0.473,vle,Jou1995,120.0,0.473,CO3^2-,0.0,5.654831505587858e-05,5.654831505587858e-05
vle:129:Jou1995:120:0.473,vle,Jou1995,120.0,0.473,H2O,7.846466399741701,7.84641371648626,-5.2683255440832966e-05
vle:129:Jou1995:120:0.473,vle,Jou1995,120.0,0.473,H3O+,0.0,9.509278651874925e-09,9.509278651874925e-09
vle:129:Jou1995:120:0.473,vle,Jou1995,120.0,0.473,HCO3-,0.06304155438334588,0.06303540590439148,-6.148478954401404e-06
vle:129:Jou1995:120:0.473,vle,Jou1995,120.0,0.473,MEA,0.1490771390925573,0.14907114670922564,-5.992383331654416e-06
vle:129:Jou1995:120:0.473,vle,Jou1995,120.0,0.473,MEACOO-,0.3939406532620484,0.39388904317774226,-5.161008430615288e-05
vle:129:Jou1995:120:0.473,vle,Jou1995,120.0,0.473,MEAH+,0.45698220764539427,0.4570398101130322,5.760246763791832e-05
vle:129:Jou1995:120:0.473,vle,Jou1995,120.0,0.473,OH-,0.0,2.273910065818148e-06,2.273910065818148e-06
vle:12:Aronu2011:40:0.477,vle,Aronu2011,40.0,0.477,CO2,0.00010092698407192361,0.00010127887983246104,3.5189576053742445e-07
vle:12:Aronu2011:40:0.477,vle,Aronu2011,40.0,0.477,CO3^2-,0.0,0.002427849763465916,0.002427849763465916
vle:12:Aronu2011:40:0.477,vle,Aronu2011,40.0,0.477,H2O,7.866746378898016,7.864473095261849,-0.0022732836361667452
vle:12:Aronu2011:40:0.477,vle,Aronu2011,40.0,0.477,H3O+,0.0,1.4919062183918664e-10,1.4919062183918664e-10
vle:12:Aronu2011:40:0.477,vle,Aronu2011,40.0,0.477,HCO3-,0.04276157522702868,0.04260312230751232,-0.00015845291951635532
vle:12:Aronu2011:40:0.477,vle,Aronu2011,40.0,0.477,MEA,0.08896342919517244,0.08880179357335048,-0.00016163562182196223
vle:12:Aronu2011:40:0.477,vle,Aronu2011,40.0,0.477,MEACOO-,0.43413749778889943,0.43186774904918945,-0.002269748739709976
vle:12:Aronu2011:40:0.477,vle,Aronu2011,40.0,0.477,MEAH+,0.47689907301592815,0.47933045737746005,0.0024313843615318964
vle:12:Aronu2011:40:0.477,vle,Aronu2011,40.0,0.477,OH-,0.0,3.886643017607585e-06,3.886643017607585e-06
vle:130:Jou1995:120:0.536,vle,Jou1995,120.0,0.536,CO2,0.03900028245476267,0.039002898467361956,2.6160125992866212e-06
vle:130:Jou1995:120:0.536,vle,Jou1995,120.0,0.536,CO3^2-,0.0,5.2872039286605224e-05,5.2872039286605224e-05
vle:130:Jou1995:120:0.536,vle,Jou1995,120.0,0.536,H2O,7.814706332881796,7.814659965384647,-4.636749714936883e-05
vle:130:Jou1995:120:0.536,vle,Jou1995,120.0,0.536,H3O+,0.0,1.5232632148437326e-08,1.5232632148437326e-08
vle:130:Jou1995:120:0.536,vle,Jou1995,120.0,0.536,HCO3-,0.09480162124325442,0.0947936934003518,-7.927842902613613e-06
vle:130:Jou1995:120:0.536,vle,Jou1995,120.0,0.536,MEA,0.1008021861527796,0.10079809749958082,-4.088653198772163e-06
vle:130:Jou1995:120:0.536,vle,Jou1995,120.0,0.536,MEACOO-,0.40219809630198305,0.4021505360929996,-4.756020898344371e-05
vle:130:Jou1995:120:0.536,vle,Jou1995,120.0,0.536,MEAH+,0.4969997175452373,0.4970513664074196,5.164886218228526e-05
vle:130:Jou1995:120:0.536,vle,Jou1995,120.0,0.536,OH-,0.0,1.408068126832386e-06,1.408068126832386e-06
vle:131:Jou1995:120:0.639,vle,Jou1995,120.0,0.639,CO2,0.10001140865162897,0.1000160545428811,4.645891252125223e-06
vle:131:Jou1995:120:0.639,vle,Jou1995,120.0,0.639,CO3^2-,0.0,4.767770090768928e-05,4.767770090768928e-05
vle:131:Jou1995:120:0.639,vle,Jou1995,120.0,0.639,H2O,7.7662832058189215,7.7662454213722585,-3.778444666302505e-05
vle:131:Jou1995:120:0.639,vle,Jou1995,120.0,0.639,H3O+,0.0,2.5362540258049245e-08,2.5362540258049245e-08
vle:131:Jou1995:120:0.639,vle,Jou1995,120.0,0.639,HCO3-,0.14322474830612617,0.1432139944558013,-1.0753850324868308e-05
vle:131:Jou1995:120:0.639,vle,Jou1995,120.0,0.639,MEA,0.06524756560938413,0.06524529367056897,-2.271938815162633e-06
vle:131:Jou1995:120:0.639,vle,Jou1995,120.0,0.639,MEACOO-,0.3957638430422448,0.3957222733004099,-4.1569741834945884e-05
vle:131:Jou1995:120:0.639,vle,Jou1995,120.0,0.639,MEAH+,0.5389885913483711,0.5390324330290213,4.384168065019178e-05
vle:131:Jou1995:120:0.639,vle,Jou1995,120.0,0.639,OH-,0.0,8.352335346795261e-07,8.352335346795261e-07
vle:132:Mamun2005:120:0.155,vle,Mamun2005,120.0,0.155,CO2,9.468280225413781e-05,9.471098410710973e-05,2.818185297192438e-08
vle:132:Mamun2005:120:0.155,vle,Mamun2005,120.0,0.155,CO3^2-,0.0,6.382428025165312e-05,6.382428025165312e-05
vle:132:Mamun2005:120:0.155,vle,Mamun2005,120.0,0.155,H2O,7.904333122948662,7.904239744869348,-9.337807931419917e-05
vle:132:Mamun2005:120:0.155,vle,Mamun2005,120.0,0.155,H3O+,0.0,6.96494995510342e-10,6.96494995510342e-10
vle:132:Mamun2005:120:0.155,vle,Mamun2005,120.0,0.155,HCO3-,0.005174831176383936,0.005172879193657177,-1.9519827267585124e-06
vle:132:Mamun2005:120:0.155,vle,Mamun2005,120.0,0.155,MEA,0.6953641967808921,0.6953307967730651,-3.340000782703356e-05
vle:132:Mamun2005:120:0.155,vle,Mamun2005,120.0,0.155,MEACOO-,0.149730486021362,0.14966858554198412,-6.190047937787435e-05
vle:132:Mamun2005:120:0.155,vle,Mamun2005,120.0,0.155,MEAH+,0.15490531719774586,0.15500061768495077,9.530048720490791e-05
vle:132:Mamun2005:120:0.155,vle,Mamun2005,120.0,0.155,OH-,0.0,3.150508530116668e-05,3.150508530116668e-05
vle:133:Mamun2005:120:0.1766,vle,Mamun2005,120.0,0.1766,CO2,0.00013888579272620065,0.00013891791324774868,3.2120521548025536e-08
vle:133:Mamun2005:120:0.1766,vle,Mamun2005,120.0,0.1766,CO3^2-,0.0,6.368912205603387e-05,6.368912205603387e-05
vle:133:Mamun2005:120:0.1766,vle,Mamun2005,120.0,0.1766,H2O,7.9032481062455675,7.903160500681805,-8.760556376241624e-05
vle:133:Mamun2005:120:0.1766,vle,Mamun2005,120.0,0.1766,H3O+,0.0,8.442425787212552e-10,8.442425787212552e-10
vle:133:Mamun2005:120:0.1766,vle,Mamun2005,120.0,0.1766,HCO3-,0.006259847879476918,0.006257779070352578,-2.06880912434048e-06
vle:133:Mamun2005:120:0.1766,vle,Mamun2005,120.0,0.1766,MEA,0.6533376194649293,0.6533096313344995,-2.7988130429812408e-05
vle:133:Mamun2005:120:0.1766,vle,Mamun2005,120.0,0.1766,MEACOO-,0.1702012663277969,0.17013961389434354,-6.165243345335192e-05
vle:133:Mamun2005:120:0.1766,vle,Mamun2005,120.0,0.1766,MEAH+,0.17646111420727378,0.17655075477115695,8.964056388316433e-05
vle:133:Mamun2005:120:0.1766,vle,Mamun2005,120.0,0.1766,OH-,0.0,2.5984406591447197e-05,2.5984406591447197e-05
vle:134:Mamun2005:120:0.1843,vle,Mamun2005,120.0,0.1843,CO2,0.00015827079257985628,0.00015830452635883126,3.373377897497782e-08
vle:134:Mamun2005:120:0.1843,vle,Mamun2005,120.0,0.1843,CO3^2-,0.0,6.363596077117694e-05,6.363596077117694e-05
vle:134:Mamun2005:120:0.1843,vle,Mamun2005,120.0,0.1843,H2O,7.902828639012441,7.902742785054253,-8.585395818805353e-05
vle:134:Mamun2005:120:0.1843,vle,Mamun2005,120.0,0.1843,H3O+,0.0,9.015321441085544e-10,9.015321441085544e-10
vle:134:Mamun2005:120:0.1843,vle,Mamun2005,120.0,0.1843,HCO3-,0.006679315112605206,0.006677201602322737,-2.1135102824696925e-06
vle:134:Mamun2005:120:0.1843,vle,Mamun2005,120.0,0.1843,MEA,0.638395856697765,0.6383694809504045,-2.6375747360529722e-05
vle:134:Mamun2005:120:0.1843,vle,Mamun2005,120.0,0.1843,MEACOO-,0.17746241409481492,0.1774008579105473,-6.155618426761933e-05
vle:134:Mamun2005:120:0.1843,vle,Mamun2005,120.0,0.1843,MEAH+,0.18414172920742006,0.18422966113904832,8.793193162826007e-05
vle:134:Mamun2005:120:0.1843,vle,Mamun2005,120.0,0.1843,OH-,0.0,2.433060616803639e-05,2.433060616803639e-05
vle:135:Mamun2005:120:0.2085,vle,Mamun2005,120.0,0.2085,CO2,0.00023508167986665347,0.00023512139370770213,3.971384104865393e-08
vle:135:Mamun2005:120:0.2085,vle,Mamun2005,120.0,0.2085,CO3^2-,0.0,6.345025955978133e-05,6.345025955978133e-05
vle:135:Mamun2005:120:0.2085,vle,Mamun2005,120.0,0.2085,H2O,7.901380793137836,7.901299674207218,-8.111893061801823e-05
vle:135:Mamun2005:120:0.2085,vle,Mamun2005,120.0,0.2085,H3O+,0.0,1.1000042993018114e-09,1.1000042993018114e-09
vle:135:Mamun2005:120:0.2085,vle,Mamun2005,120.0,0.2085,HCO3-,0.008127160987213717,0.00812489516955116,-2.2658176625570126e-06
vle:135:Mamun2005:120:0.2085,vle,Mamun2005,120.0,0.2085,MEA,0.5915973243469469,0.5915752056682511,-2.211867869583717e-05
vle:135:Mamun2005:120:0.2085,vle,Mamun2005,120.0,0.2085,MEACOO-,0.2001377573329197,0.20007653317718138,-6.122415573830975e-05
vle:135:Mamun2005:120:0.2085,vle,Mamun2005,120.0,0.2085,MEAH+,0.2082649183201334,0.20834826115456756,8.334283443414692e-05
vle:135:Mamun2005:120:0.2085,vle,Mamun2005,120.0,0.2085,OH-,0.0,1.9933388719719987e-05,1.9933388719719987e-05
vle:136:Mamun2005:120:0.2326,vle,Mamun2005,120.0,0.2326,CO2,0.00034300621137962255,0.00034305368092064003,4.746954101748479e-08
vle:136:Mamun2005:120:0.2326,vle,Mamun2005,120.0,0.2326,CO3^2-,0.0,6.323353973246244e-05,6.323353973246244e-05
vle:136:Mamun2005:120:0.2326,vle,Mamun2005,120.0,0.2326,H2O,7.899709233573296,7.899631963988118,-7.726958517828564e-05
vle:136:Mamun2005:120:0.2326,vle,Mamun2005,120.0,0.2326,H3O+,0.0,1.3305529491690804e-09,1.3305529491690804e-09
vle:136:Mamun2005:120:0.2326,vle,Mamun2005,120.0,0.2326,HCO3-,0.009798720551752819,0.00979628274806876,-2.4378036840595058e-06
vle:136:Mamun2005:120:0.2326,vle,Mamun2005,120.0,0.2326,MEA,0.5452847329745121,0.545265918921882,-1.8814052630045097e-05
vle:136:Mamun2005:120:0.2326,vle,Mamun2005,120.0,0.2326,MEACOO-,0.22245827323686762,0.22239743003127813,-6.084320558949474e-05
vle:136:Mamun2005:120:0.2326,vle,Mamun2005,120.0,0.2326,MEAH+,0.23225699378862044,0.23233665104683981,7.96572582193733e-05
vle:136:Mamun2005:120:0.2326,vle,Mamun2005,120.0,0.2326,OH-,0.0,1.6472518580961075e-05,1.6472518580961075e-05
vle:137:Mamun2005:120:0.2381,vle,Mamun2005,120.0,0.2381,CO2,0.00037332238625581497,0.0003733719533610767,4.956710526174326e-08
vle:137:Mamun2005:120:0.2381,vle,Mamun2005,120.0,0.2381,CO3^2-,0.0,6.317900637354519e-05,6.317900637354519e-05
vle:137:Mamun2005:120:0.2381,vle,Mamun2005,120.0,0.2381,H2O,7.899290164399583,7.89921368190685,-7.648249273373153e-05
vle:137:Mamun2005:120:0.2381,vle,Mamun2005,120.0,0.2381,H3O+,0.0,1.3885901614946603e-09,1.3885901614946603e-09
vle:137:Mamun2005:120:0.2381,vle,Mamun2005,120.0,0.2381,HCO3-,0.010217789725462936,0.010215309457931579,-2.4802675313573275e-06
vle:137:Mamun2005:120:0.2381,vle,Mamun2005,120.0,0.2381,MEA,0.5347644344979746,0.5347462723879377,-1.816211003691226e-05
vle:137:Mamun2005:120:0.2381,vle,Mamun2005,120.0,0.2381,MEACOO-,0.22750888788828122,0.22744813958233373,-6.074830594748892e-05
vle:137:Mamun2005:120:0.2381,vle,Mamun2005,120.0,0.2381,MEAH+,0.23772667761374414,0.23780558802972848,7.891041598434567e-05
vle:137:Mamun2005:120:0.2381,vle,Mamun2005,120.0,0.2381,OH-,0.0,1.5782365306138484e-05,1.5782365306138484e-05
vle:138:Mamun2005:120:0.256,vle,Mamun2005,120.0,0.256,CO2,0.0004905645700589148,0.0004906220464951952,5.74764362804318e-08
vle:138:Mamun2005:120:0.256,vle,Mamun2005,120.0,0.256,CO3^2-,0.0,6.298665846767972e-05,6.298665846767972e-05
vle:138:Mamun2005:120:0.256,vle,Mamun2005,120.0,0.256,H2O,7.897814405154958,7.897740298811532,-7.41063434261946e-05
vle:138:Mamun2005:120:0.256,vle,Mamun2005,120.0,0.256,H3O+,0.0,1.593729095747072e-09,1.593729095747072e-09
vle:138:Mamun2005:120:0.256,vle,Mamun2005,120.0,0.256,HCO3-,0.011693548970088261,0.011690921273135873,-2.6276969523880006e-06
vle:138:Mamun2005:120:0.256,vle,Mamun2005,120.0,0.256,MEA,0.5006746781102062,0.5006584211716725,-1.625693853368748e-05
vle:138:Mamun2005:120:0.256,vle,Mamun2005,120.0,0.256,MEACOO-,0.2438158864598528,0.24375547002190143,-6.041643795137719e-05
vle:138:Mamun2005:120:0.256,vle,Mamun2005,120.0,0.256,MEAH+,0.25550943542994103,0.25558610880642607,7.667337648503691e-05
vle:138:Mamun2005:120:0.256,vle,Mamun2005,120.0,0.256,OH-,0.0,1.3745788182764587e-05,1.3745788182764587e-05
vle:139:Mamun2005:120:0.2901,vle,Mamun2005,120.0,0.2901,CO2,0.0008217321003463153,0.0008218110927891525,7.89924428372564e-08
vle:139:Mamun2005:120:0.2901,vle,Mamun2005,120.0,0.2901,CO3^2-,0.0,6.254532424544402e-05,6.254532424544402e-05
vle:139:Mamun2005:120:0.2901,vle,Mamun2005,120.0,0.2901,H2O,7.894430833620466,7.89436065796177,-7.017565869560372e-05
vle:139:Mamun2005:120:0.2901,vle,Mamun2005,120.0,0.2901,H3O+,0.0,2.068554330910356e-09,2.068554330910356e-09
vle:139:Mamun2005:120:0.2901,vle,Mamun2005,120.0,0.2901,HCO3-,0.01507712050458458,0.015074167314093887,-2.9531904906926476e-06
vle:139:Mamun2005:120:0.2901,vle,Mamun2005,120.0,0.2901,MEA,0.43652058470527727,0.43650721011184695,-1.3374593430315329e-05
vle:139:Mamun2005:120:0.2901,vle,Mamun2005,120.0,0.2901,MEACOO-,0.27420114739506907,0.27414147626887153,-5.9671126197535784e-05
vle:139:Mamun2005:120:0.2901,vle,Mamun2005,120.0,0.2901,MEAH+,0.28927826789965366,0.2893513136192815,7.304571962785111e-05
vle:139:Mamun2005:120:0.2901,vle,Mamun2005,120.0,0.2901,OH-,0.0,1.0581456379484074e-05,1.0581456379484074e-05
vle:13:Aronu2011:40:0.485,vle,Aronu2011,40.0,0.485,CO2,0.00013156018961086086,0.0001320837097355235,5.23520124662627e-07
vle:13:Aronu2011:40:0.485,vle,Aronu2011,40.0,0.485,CO3^2-,0.0,0.002399020287226967,0.002399020287226967
vle:13:Aronu2011:40:0.485,vle,Aronu2011,40.0,0.485,H2O,7.861000886297827,7.858760266951982,-0.002240619345845296
vle:13:Aronu2011:40:0.485,vle,Aronu2011,40.0,0.485,H3O+,0.0,1.7120897075994263e-10,1.7120897075994263e-10
vle:13:Aronu2011:40:0.485,vle,Aronu2011,40.0,0.485,HCO3-,0.048507067827214735,0.048345284832397535,-0.00016178299481720004
vle:13:Aronu2011:40:0.485,vle,Aronu2011,40.0,0.485,MEA,0.07877018820643644,0.07860607054084363,-0.00016411766559280838
vle:13:Aronu2011:40:0.485,vle,Aronu2011,40.0,0.485,MEACOO-,0.4363613719831743,0.4341236111706402,-0.0022377608125341286
vle:13:Aronu2011:40:0.485,vle,Aronu2011,40.0,0.485,MEAH+,0.48486843981038913,0.48727031828851614,0.0024018784781270064
vle:13:Aronu2011:40:0.485,vle,Aronu2011,40.0,0.485,OH-,0.0,3.381882233834627e-06,3.381882233834627e-06
vle:140:Mamun2005:120:0.2967,vle,Mamun2005,120.0,0.2967,CO2,0.000908201089179428,0.0009082856262134919,8.453703406383333e-08
vle:140:Mamun2005:120:0.2967,vle,Mamun2005,120.0,0.2967,CO3^2-,0.0,6.244632036625123e-05,6.244632036625123e-05
vle:140:Mamun2005:120:0.2967,vle,Mamun2005,120.0,0.2967,H2O,7.893670896645959,7.89360141528345,-6.948136250883863e-05
vle:140:Mamun2005:120:0.2967,vle,Mamun2005,120.0,0.2967,H3O+,0.0,2.176062616726687e-09,2.176062616726687e-09
vle:140:Mamun2005:120:0.2967,vle,Mamun2005,120.0,0.2967,HCO3-,0.015837057479085613,0.015834033599918754,-3.023879166858673e-06
vle:140:Mamun2005:120:0.2967,vle,Mamun2005,120.0,0.2967,MEA,0.4242534596574445,0.42424055028315544,-1.2909374289049591e-05
vle:140:Mamun2005:120:0.2967,vle,Mamun2005,120.0,0.2967,MEACOO-,0.27995474143173493,0.27989523445350123,-5.950697823370321e-05
vle:140:Mamun2005:120:0.2967,vle,Mamun2005,120.0,0.2967,MEAH+,0.2957917989108205,0.2958642152633432,7.241635252269729e-05
vle:140:Mamun2005:120:0.2967,vle,Mamun2005,120.0,0.2967,OH-,0.0,1.0056745253290317e-05,1.0056745253290317e-05
vle:141:Mamun2005:120:0.3004,vle,Mamun2005,120.0,0.3004,CO2,0.0009607091162335935,0.0009607970172725658,8.790103897223563e-08
vle:141:Mamun2005:120:0.3004,vle,Mamun2005,120.0,0.3004,CO3^2-,0.0,6.238860401042464e-05,6.238860401042464e-05
vle:141:Mamun2005:120:0.3004,vle,Mamun2005,120.0,0.3004,H2O,7.893227606653191,7.8931585072165005,-6.909943669075602e-05
vle:141:Mamun2005:120:0.3004,vle,Mamun2005,120.0,0.3004,H3O+,0.0,2.238921928120366e-09,2.238921928120366e-09
vle:141:Mamun2005:120:0.3004,vle,Mamun2005,120.0,0.3004,HCO3-,0.016280347471157607,0.016277282767419483,-3.0647037381238695e-06
vle:141:Mamun2005:120:0.3004,vle,Mamun2005,120.0,0.3004,MEA,0.417401765703625,0.41738910574269256,-1.2659960932470682e-05
vle:141:Mamun2005:120:0.3004,vle,Mamun2005,120.0,0.3004,MEACOO-,0.2831589434126129,0.2830995316112973,-5.941180131557866e-05
vle:141:Mamun2005:120:0.3004,vle,Mamun2005,120.0,0.3004,MEAH+,0.2994392908837621,0.29951136264601,7.207176224793832e-05
vle:141:Mamun2005:120:0.3004,vle,Mamun2005,120.0,0.3004,OH-,0.0,9.773298193987146e-06,9.773298193987146e-06
vle:142:Mamun2005:120:0.3125,vle,Mamun2005,120.0,0.3125,CO2,0.0011554761688888626,0.0011555765585763043,1.0038968744166023e-07
vle:142:Mamun2005:120:0.3125,vle,Mamun2005,120.0,0.3125,CO3^2-,0.0,6.21879000920273e-05,6.21879000920273e-05
vle:142:Mamun2005:120:0.3125,vle,Mamun2005,120.0,0.3125,H2O,7.891684303039853,7.891616420641324,-6.788239852895117e-05
vle:142:Mamun2005:120:0.3125,vle,Mamun2005,120.0,0.3125,H3O+,0.0,2.458612838496927e-09,2.458612838496927e-09
vle:142:Mamun2005:120:0.3125,vle,Mamun2005,120.0,0.3125,HCO3-,0.017823651084779082,0.017820446603333703,-3.2044814453797976e-06
vle:142:Mamun2005:120:0.3125,vle,Mamun2005,120.0,0.3125,MEA,0.395134603422557,0.3951227056574136,-1.1897765143431549e-05
vle:142:Mamun2005:120:0.3125,vle,Mamun2005,120.0,0.3125,MEACOO-,0.2935208727463338,0.29346178893799796,-5.9083808335858023e-05
vle:142:Mamun2005:120:0.3125,vle,Mamun2005,120.0,0.3125,MEAH+,0.3113445238311093,0.3114155054045884,7.098157347912304e-05
vle:142:Mamun2005:120:0.3125,vle,Mamun2005,120.0,0.3125,OH-,0.0,8.896521685579172e-06,8.896521685579172e-06
vle:143:Mamun2005:120:0.3191,vle,Mamun2005,120.0,0.3191,CO2,0.0012786892039175406,0.0012787975217179316,1.0831780039100361e-07
vle:143:Mamun2005:120:0.3191,vle,Mamun2005,120.0,0.3191,CO3^2-,0.0,6.207011461526812e-05,6.207011461526812e-05
vle:143:Mamun2005:120:0.3191,vle,Mamun2005,120.0,0.3191,H2O,7.890777139478844,7.890709903113586,-6.723636525851617e-05
vle:143:Mamun2005:120:0.3191,vle,Mamun2005,120.0,0.3191,H3O+,0.0,2.588364948413156e-09,2.588364948413156e-09
vle:143:Mamun2005:120:0.3191,vle,Mamun2005,120.0,0.3191,HCO3-,0.018730814645875442,0.018727529701738917,-3.2849441365251364e-06
vle:143:Mamun2005:120:0.3191,vle,Mamun2005,120.0,0.3191,MEA,0.38308819305371133,0.3830766787267979,-1.1514326913431017e-05
vle:143:Mamun2005:120:0.3191,vle,Mamun2005,120.0,0.3191,MEACOO-,0.2990904961502074,0.2990316026619278,-5.8893488279587736e-05
vle:143:Mamun2005:120:0.3191,vle,Mamun2005,120.0,0.3191,MEAH+,0.3178213107960812,0.3178917186112743,7.040781519307426e-05
vle:143:Mamun2005:120:0.3191,vle,Mamun2005,120.0,0.3191,OH-,0.0,8.448606742166659e-06,8.448606742166659e-06
vle:144:Mamun2005:120:0.3298,vle,Mamun2005,120.0,0.3298,CO2,0.0015087550706158845,0.0015088782865905574,1.232159746729182e-07
vle:144:Mamun2005:120:0.3298,vle,Mamun2005,120.0,0.3298,CO3^2-,0.0,6.186542397878514e-05,6.186542397878514e-05
vle:144:Mamun2005:120:0.3298,vle,Mamun2005,120.0,0.3298,H2O,7.889197783888459,7.889131573371506,-6.621051695354652e-05
vle:144:Mamun2005:120:0.3298,vle,Mamun2005,120.0,0.3298,H3O+,0.0,2.815354416611093e-09,2.815354416611093e-09
vle:144:Mamun2005:120:0.3298,vle,Mamun2005,120.0,0.3298,HCO3-,0.020310170236376143,0.02030674818741425,-3.4220489618930205e-06
vle:144:Mamun2005:120:0.3298,vle,Mamun2005,120.0,0.3298,MEA,0.3637276803776085,0.36371674324971,-1.0937127898513754e-05
vle:144:Mamun2005:120:0.3298,vle,Mamun2005,120.0,0.3298,MEACOO-,0.30798107469300784,0.30792250810202015,-5.856659098768535e-05
vle:144:Mamun2005:120:0.3298,vle,Mamun2005,120.0,0.3298,MEAH+,0.32829124492938366,0.3283607486482698,6.95037188861436e-05
vle:144:Mamun2005:120:0.3298,vle,Mamun2005,120.0,0.3298,OH-,0.0,7.764326234940164e-06,7.764326234940164e-06
vle:145:Mamun2005:120:0.3424,vle,Mamun2005,120.0,0.3424,CO2,0.0018373542821692038,0.0018374990464066208,1.447642374169389e-07
vle:145:Mamun2005:120:0.3424,vle,Mamun2005,120.0,0.3424,CO3^2-,0.0,6.160033197986288e-05,6.160033197986288e-05
vle:145:Mamun2005:120:0.3424,vle,Mamun2005,120.0,0.3424,H2O,7.887146515342273,7.887081486453899,-6.502888837456311e-05
vle:145:Mamun2005:120:0.3424,vle,Mamun2005,120.0,0.3424,H3O+,0.0,3.1122515147258745e-09,3.1122515147258745e-09
vle:145:Mamun2005:120:0.3424,vle,Mamun2005,120.0,0.3424,HCO3-,0.022361438782657585,0.022357844237698925,-3.594544958660656e-06
vle:145:Mamun2005:120:0.3424,vle,Mamun2005,120.0,0.3424,MEA,0.3412361473469965,0.3412258254539526,-1.0321893043896413e-05
vle:145:Mamun2005:120:0.3424,vle,Mamun2005,120.0,0.3424,MEACOO-,0.31820120693517284,0.3181430563839152,-5.815055125762969e-05
vle:145:Mamun2005:120:0.3424,vle,Mamun2005,120.0,0.3424,MEAH+,0.3405626457178307,0.3406311181621322,6.84724443015261e-05
vle:145:Mamun2005:120:0.3424,vle,Mamun2005,120.0,0.3424,OH-,0.0,7.019988810025118e-06,7.019988810025118e-06
vle:147:Mamun2005:120:0.35,vle,Mamun2005,120.0,0.35,CO2,0.0020719567637437963,0.0020721171289873647,1.6036524356837986e-07
vle:147:Mamun2005:120:0.35,vle,Mamun2005,120.0,0.35,CO3^2-,0.0,6.142652412365517e-05,6.142652412365517e-05
vle:147:Mamun2005:120:0.35,vle,Mamun2005,120.0,0.35,H2O,7.885797766720683,7.885733440664637,-6.432605604533848e-05
vle:147:Mamun2005:120:0.35,vle,Mamun2005,120.0,0.35,H3O+,0.0,3.308756155561482e-09,3.308756155561482e-09
vle:147:Mamun2005:120:0.35,vle,Mamun2005,120.0,0.35,HCO3-,0.02371018740428264,0.02370648280742263,-3.7045968600095402e-06
vle:147:Mamun2005:120:0.35,vle,Mamun2005,120.0,0.35,MEA,0.3278541009317702,0.32784411955439435,-9.981377375845035e-06
vle:147:Mamun2005:120:0.35,vle,Mamun2005,120.0,0.35,MEACOO-,0.3242178558319735,0.32415997353946635,-5.788229250713872e-05
vle:147:Mamun2005:120:0.35,vle,Mamun2005,120.0,0.35,MEAH+,0.34792804323625626,0.34799590690613924,6.786366988298376e-05
vle:147:Mamun2005:120:0.35,vle,Mamun2005,120.0,0.35,OH-,0.0,6.600819760351484e-06,6.600819760351484e-06
vle:148:Mamun2005:120:0.3594,vle,Mamun2005,120.0,0.3594,CO2,0.002407567187935347,0.002407750195691322,1.8300775597463598e-07
vle:148:Mamun2005:120:0.3594,vle,Mamun2005,120.0,0.3594,CO3^2-,0.0,6.119563745030645e-05,6.119563745030645e-05
vle:148:Mamun2005:120:0.3594,vle,Mamun2005,120.0,0.3594,H2O,7.884001163027388,7.883937699572561,-6.346345482644011e-05
vle:148:Mamun2005:120:0.3594,vle,Mamun2005,120.0,0.3594,H3O+,0.0,3.5721075212471846e-09,3.5721075212471846e-09
vle:148:Mamun2005:120:0.3594,vle,Mamun2005,120.0,0.3594,HCO3-,0.025506791097588178,0.02550294394849286,-3.8471490953172205e-06
vle:148:Mamun2005:120:0.3594,vle,Mamun2005,120.0,0.3594,MEA,0.31152192547345975,0.3115123365178073,-9.588955652450881e-06
vle:148:Mamun2005:120:0.3594,vle,Mamun2005,120.0,0.3594,MEACOO-,0.33148564171447603,0.3314281102183661,-5.753149610993047e-05
vle:148:Mamun2005:120:0.3594,vle,Mamun2005,120.0,0.3594,MEAH+,0.3569924328120642,0.35705955326382666,6.712045176243686e-05
vle:148:Mamun2005:120:0.3594,vle,Mamun2005,120.0,0.3594,OH-,0.0,6.111394174859259e-06,6.111394174859259e-06
vle:149:Mamun2005:120:0.3882,vle,Mamun2005,120.0,0.3882,CO2,0.003855398832163776,0.0038556835914248487,2.847592610725515e-07
vle:149:Mamun2005:120:0.3882,vle,Mamun2005,120.0,0.3882,CO3^2-,0.0,6.036230948213119e-05,6.036230948213119e-05
vle:149:Mamun2005:120:0.3882,vle,Mamun2005,120.0,0.3882,H2O,7.877467295779057,7.877406463281951,-6.0832497105423045e-05
vle:149:Mamun2005:120:0.3882,vle,Mamun2005,120.0,0.3882,H3O+,0.0,4.545395107980886e-09,4.545395107980886e-09
vle:149:Mamun2005:120:0.3882,vle,Mamun2005,120.0,0.3882,HCO3-,0.032040658345959955,0.03203632915687468,-4.329189085272578e-06
vle:149:Mamun2005:120:0.3882,vle,Mamun2005,120.0,0.3882,MEA,0.26335145601028764,0.26334290605393695,-8.54995635068967e-06
vle:149:Mamun2005:120:0.3882,vle,Mamun2005,120.0,0.3882,MEACOO-,0.3523039428218762,0.35224762494221823,-5.6317879657985515e-05
vle:149:Mamun2005:120:0.3882,vle,Mamun2005,120.0,0.3882,MEAH+,0.38434460116783614,0.38440946900384493,6.48678360087862e-05
vle:149:Mamun2005:120:0.3882,vle,Mamun2005,120.0,0.3882,OH-,0.0,4.794831182983212e-06,4.794831182983212e-06
vle:14:Aronu2011:40:0.489,vle,Aronu2011,40.0,0.489,CO2,0.00015054627468104182,0.0001511838353516853,6.375606706434853e-07
vle:14:Aronu2011:40:0.489,vle,Aronu2011,40.0,0.489,CO3^2-,0.0,0.002383088692330167,0.002383088692330167
vle:14:Aronu2011:40:0.489,vle,Aronu2011,40.0,0.489,H2O,7.857804987699812,7.8555814088178995,-0.0022235788819129354
vle:14:Aronu2011:40:0.489,vle,Aronu2011,40.0,0.489,H3O+,0.0,1.83669649796054e-10,1.83669649796054e-10
vle:14:Aronu2011:40:0.489,vle,Aronu2011,40.0,0.489,HCO3-,0.05170296642523133,0.051540306535370894,-0.00016265988986043783
vle:14:Aronu2011:40:0.489,vle,Aronu2011,40.0,0.489,MEA,0.07400405897459345,0.07383952449396411,-0.00016453448062933584
vle:14:Aronu2011:40:0.489,vle,Aronu2011,40.0,0.489,MEACOO-,0.4371464873000876,0.43492542093694697,-0.0022210663631406224
vle:14:Aronu2011:40:0.489,vle,Aronu2011,40.0,0.489,MEAH+,0.48884945372531896,0.49123505456908884,0.002385600843769875
vle:14:Aronu2011:40:0.489,vle,Aronu2011,40.0,0.489,OH-,0.0,3.149895780052307e-06,3.149895780052307e-06
vle:150:Mamun2005:120:0.4182,vle,Mamun2005,120.0,0.4182,CO2,0.006393822108025944,0.0063942966225254624,4.7451449951881747e-07
vle:150:Mamun2005:120:0.4182,vle,Mamun2005,120.0,0.4182,CO3^2-,0.0,5.9254749872625215e-05,5.9254749872625215e-05
vle:150:Mamun2005:120:0.4182,vle,Mamun2005,120.0,0.4182,H2O,7.8686558487676725,7.868597804045147,-5.80447225253522e-05
vle:150:Mamun2005:120:0.4182,vle,Mamun2005,120.0,0.4182,H3O+,0.0,5.8972287855922665e-09,5.8972287855922665e-09
vle:150:Mamun2005:120:0.4182,vle,Mamun2005,120.0,0.4182,HCO3-,0.04085210535733508,0.04084720199086296,-4.903366472117088e-06
vle:150:Mamun2005:120:0.4182,vle,Mamun2005,120.0,0.4182,MEA,0.21723974957338726,0.2172321136913879,-7.635881999368266e-06
vle:150:Mamun2005:120:0.4182,vle,Mamun2005,120.0,0.4182,MEACOO-,0.3709540725346389,0.37089924663673945,-5.4825897899457576e-05
vle:150:Mamun2005:120:0.4182,vle,Mamun2005,120.0,0.4182,MEAH+,0.41180617789197377,0.4118686396718727,6.246177989893686e-05
vle:150:Mamun2005:120:0.4182,vle,Mamun2005,120.0,0.4182,OH-,0.0,3.6874417546168375e-06,3.6874417546168375e-06
vle:151:Xu2011:120:0.37,vle,Xu2011,120.0,0.37,CO2,0.002857629346186042,0.0028578433064845475,2.1396029850542092e-07
vle:151:Xu2011:120:0.37,vle,Xu2011,120.0,0.37,CO3^2-,0.0,6.0912285115862284e-05,6.0912285115862284e-05
vle:151:Xu2011:120:0.37,vle,Xu2011,120.0,0.37,H2O,7.881788347542866,7.881725852059407,-6.249548345849121e-05
vle:151:Xu2011:120:0.37,vle,Xu2011,120.0,0.37,H3O+,0.0,3.8989893258224535e-09,3.8989893258224535e-09
vle:151:Xu2011:120:0.37,vle,Xu2011,120.0,0.37,HCO3-,0.027719606582143813,0.027715589992800924,-4.016589342889509e-06
vle:151:Xu2011:120:0.37,vle,Xu2011,120.0,0.37,MEA,0.29343486527451595,0.2934256846162292,-9.18065828675596e-06
vle:151:Xu2011:120:0.37,vle,Xu2011,120.0,0.37,MEACOO-,0.33942276407167005,0.3393656544155997,-5.7109656070364334e-05
vle:151:Xu2011:120:0.37,vle,Xu2011,120.0,0.37,MEAH+,0.36714237065381405,0.367208660968171,6.629031435695376e-05
vle:151:Xu2011:120:0.37,vle,Xu2011,120.0,0.37,OH-,0.0,5.5958885285490315e-06,5.5958885285490315e-06
vle:152:Xu2011:120:0.385,vle,Xu2011,120.0,0.385,CO2,0.0036559310718175773,0.0036562014585916594,2.7038677408207715e-07
vle:152:Xu2011:120:0.385,vle,Xu2011,120.0,0.385,CO3^2-,0.0,6.046522443791258e-05,6.046522443791258e-05
vle:152:Xu2011:120:0.385,vle,Xu2011,120.0,0.385,H2O,7.878278553205306,7.878217427511957,-6.112569334959517e-05
vle:152:Xu2011:120:0.385,vle,Xu2011,120.0,0.385,H3O+,0.0,4.42321465330767e-09,4.42321465330767e-09
vle:152:Xu2011:120:0.385,vle,Xu2011,120.0,0.385,HCO3-,0.031229400919710396,0.03122512867407852,-4.27224563187556e-06
vle:152:Xu2011:120:0.385,vle,Xu2011,120.0,0.385,MEA,0.2685412630633461,0.26853260772328474,-8.655340061336503e-06
vle:152:Xu2011:120:0.385,vle,Xu2011,120.0,0.385,MEACOO-,0.35011466800847185,0.3500582046428914,-5.646336558046139e-05
vle:152:Xu2011:120:0.385,vle,Xu2011,120.0,0.385,MEAH+,0.3813440689281821,0.3814091876338239,6.511870564179789e-05
vle:152:Xu2011:120:0.385,vle,Xu2011,120.0,0.385,OH-,0.0,4.928291192723257e-06,4.928291192723257e-06
vle:153:Xu2011:120:0.387,vle,Xu2011,120.0,0.387,CO2,0.0037792689996556657,0.003779548261525617,2.7926186995123545e-07
vle:153:Xu2011:120:0.387,vle,Xu2011,120.0,0.387,CO3^2-,0.0,6.040122640629211e-05,6.040122640629211e-05
vle:153:Xu2011:120:0.387,vle,Xu2011,120.0,0.387,H2O,7.877774216567373,7.877713274059892,-6.0942507481343e-05
vle:153:Xu2011:120:0.387,vle,Xu2011,120.0,0.387,H3O+,0.0,4.499126109124477e-09,4.499126109124477e-09
vle:153:Xu2011:120:0.387,vle,Xu2011,120.0,0.387,HCO3-,0.03173373755764492,0.031729429820904896,-4.307736740025159e-06
vle:153:Xu2011:120:0.387,vle,Xu2011,120.0,0.387,MEA,0.26529227555695645,0.26528368632452204,-8.589232434408345e-06
vle:153:Xu2011:120:0.387,vle,Xu2011,120.0,0.387,MEACOO-,0.35148699344269935,0.35143062069116304,-5.637275153630439e-05
vle:153:Xu2011:120:0.387,vle,Xu2011,120.0,0.387,MEAH+,0.38322073100034415,0.3832856929843149,6.496198397076824e-05
vle:153:Xu2011:120:0.387,vle,Xu2011,120.0,0.387,OH-,0.0,4.844518560375503e-06,4.844518560375503e-06
vle:154:Xu2011:120:0.422,vle,Xu2011,120.0,0.422,CO2,0.006821504786637098,0.006822012129207349,5.073425702510972e-07
vle:154:Xu2011:120:0.422,vle,Xu2011,120.0,0.422,CO3^2-,0.0,5.909507910061232e-05,5.909507910061232e-05
vle:154:Xu2011:120:0.422,vle,Xu2011,120.0,0.422,H2O,7.86737307256048,7.867315387662215,-5.7684898265186746e-05
vle:154:Xu2011:120:0.422,vle,Xu2011,120.0,0.422,H3O+,0.0,6.097855934556576e-09,6.097855934556576e-09
vle:154:Xu2011:120:0.422,vle,Xu2011,120.0,0.422,HCO3-,0.042134881564518244,0.04212990032770041,-4.981236817830359e-06
vle:154:Xu2011:120:0.422,vle,Xu2011,120.0,0.422,MEA,0.21177789113779305,0.21177036572601005,-7.5254117830048095e-06
vle:154:Xu2011:120:0.422,vle,Xu2011,120.0,0.422,MEACOO-,0.37304361364884436,0.37298899246399253,-5.462118485183298e-05
vle:154:Xu2011:120:0.422,vle,Xu2011,120.0,0.422,MEAH+,0.4151784952133626,0.4152406418099974,6.214659663483779e-05
vle:154:Xu2011:120:0.422,vle,Xu2011,120.0,0.422,OH-,0.0,3.564957960564424e-06,3.564957960564424e-06
vle:155:Xu2011:120:0.423,vle,Xu2011,120.0,0.423,CO2,0.006938794333917811,0.0069393107057818156,5.163718640047513e-07
vle:155:Xu2011:120:0.423,vle,Xu2011,120.0,0.423,CO3^2-,0.0,5.9052317412336144e-05,5.9052317412336144e-05
vle:155:Xu2011:120:0.423,vle,Xu2011,120.0,0.423,H2O,7.867028986027541,7.8669713961134455,-5.758991409532399e-05
vle:155:Xu2011:120:0.423,vle,Xu2011,120.0,0.423,H3O+,0.0,6.151838534739249e-09,6.151838534739249e-09
vle:155:Xu2011:120:0.423,vle,Xu2011,120.0,0.423,HCO3-,0.042478968097443955,0.042473966175800425,-5.001921643529861e-06
vle:155:Xu2011:120:0.423,vle,Xu2011,120.0,0.423,MEA,0.21035655676527976,0.21034906037288215,-7.49639239761013e-06
vle:155:Xu2011:120:0.423,vle,Xu2011,120.0,0.423,MEACOO-,0.3735822375686385,0.3735276708010051,-5.456676763343493e-05
vle:155:Xu2011:120:0.423,vle,Xu2011,120.0,0.423,MEAH+,0.41606120566608173,0.4161232688261128,6.206316003104506e-05
vle:155:Xu2011:120:0.423,vle,Xu2011,120.0,0.423,OH-,0.0,3.5333663216583683e-06,3.5333663216583683e-06
vle:156:Xu2011:120:0.492,vle,Xu2011,120.0,0.492,CO2,0.021506967470220028,0.021508564448239422,1.5969780193941796e-06
vle:156:Xu2011:120:0.492,vle,Xu2011,120.0,0.492,CO3^2-,0.0,5.5456153450604564e-05,5.5456153450604564e-05
vle:156:Xu2011:120:0.492,vle,Xu2011,120.0,0.492,H2O,7.837232906803591,7.837182146935038,-5.075986855285208e-05
vle:156:Xu2011:120:0.492,vle,Xu2011,120.0,0.492,H3O+,0.0,1.1103761012504285e-08,1.1103761012504285e-08
vle:156:Xu2011:120:0.492,vle,Xu2011,120.0,0.492,HCO3-,0.07227504732145784,0.07226839713219918,-6.650189258661232e-06
vle:156:Xu2011:120:0.492,vle,Xu2011,120.0,0.492,MEA,0.13128898226189792,0.13128359433185066,-5.387930047257017e-06
vle:156:Xu2011:120:0.492,vle,Xu2011,120.0,0.492,MEACOO-,0.39821798520832224,0.3981675822661106,-5.0402942211646984e-05
vle:156:Xu2011:120:0.492,vle,Xu2011,120.0,0.492,MEAH+,0.47049303252977986,0.4705488234020388,5.5790872258931756e-05
vle:156:Xu2011:120:0.492,vle,Xu2011,120.0,0.492,OH-,0.0,1.9428005883975556e-06,1.9428005883975556e-06
vle:157:Xu2011:120:0.508,vle,Xu2011,120.0,0.508,CO2,0.027108906936004998,0.027110864306369786,1.957370364787797e-06
vle:157:Xu2011:120:0.508,vle,Xu2011,120.0,0.508,CO3^2-,0.0,5.451305061906734e-05,5.451305061906734e-05
vle:157:Xu2011:120:0.508,vle,Xu2011,120.0,0.508,H2O,7.829124397177747,7.82907525660744,-4.914057030713792e-05
vle:157:Xu2011:120:0.508,vle,Xu2011,120.0,0.508,H3O+,0.0,1.2550190651575672e-08,1.2550190651575672e-08
vle:157:Xu2011:120:0.508,vle,Xu2011,120.0,0.508,HCO3-,0.08038355694741317,0.08037645658108408,-7.100366329088059e-06
vle:157:Xu2011:120:0.508,vle,Xu2011,120.0,0.508,MEA,0.11860137081941304,0.1185964824085562,-4.888410856829228e-06
vle:157:Xu2011:120:0.508,vle,Xu2011,120.0,0.508,MEACOO-,0.4005075361165879,0.4004581660619324,-4.937005465549538e-05
vle:157:Xu2011:120:0.508,vle,Xu2011,120.0,0.508,MEAH+,0.4808910930639992,0.4809453515295114,5.425846551221358e-05
vle:157:Xu2011:120:0.508,vle,Xu2011,120.0,0.508,OH-,0.0,1.7153354511250223e-06,1.7153354511250223e-06
vle:158:Xu2011:120:0.314,vle,Xu2011,120.0,0.314,CO2,0.0011823412469609672,0.001182443362851927,1.0211589095967741e-07
vle:158:Xu2011:120:0.314,vle,Xu2011,120.0,0.314,CO3^2-,0.0,6.216166910805316e-05,6.216166910805316e-05
vle:158:Xu2011:120:0.314,vle,Xu2011,120.0,0.314,H2O,7.891482375109064,7.891414640537439,-6.773457162445595e-05
vle:158:Xu2011:120:0.314,vle,Xu2011,120.0,0.314,H3O+,0.0,2.487455145909936e-09,2.487455145909936e-09
vle:158:Xu2011:120:0.314,vle,Xu2011,120.0,0.314,HCO3-,0.018025579015570812,0.01802235651514233,-3.222500428480546e-06
vle:158:Xu2011:120:0.314,vle,Xu2011,120.0,0.314,MEA,0.39239026150949396,0.3923784528124006,-1.1808697093385057e-05
vle:158:Xu2011:120:0.314,vle,Xu2011,120.0,0.314,MEACOO-,0.2947920797374689,0.29473303845289767,-5.904128457123736e-05
vle:158:Xu2011:120:0.314,vle,Xu2011,120.0,0.314,MEAH+,0.3128176587530371,0.3128885087347017,7.084998166462242e-05
vle:158:Xu2011:120:0.314,vle,Xu2011,120.0,0.314,OH-,0.0,8.792915900899882e-06,8.792915900899882e-06
vle:159:Xu2011:120:0.467,vle,Xu2011,120.0,0.467,CO2,0.01454014785940434,0.014541248655714524,1.100796310184865e-06
vle:159:Xu2011:120:0.467,vle,Xu2011,120.0,0.467,CO3^2-,0.0,5.688166981118929e-05,5.688166981118929e-05
vle:159:Xu2011:120:0.467,vle,Xu2011,120.0,0.467,H2O,7.849251960899584,7.849198674339419,-5.3286560164345076e-05
vle:159:Xu2011:120:0.467,vle,Xu2011,120.0,0.467,H3O+,0.0,9.03902290512218e-09,9.03902290512218e-09
vle:159:Xu2011:120:0.467,vle,Xu2011,120.0,0.467,HCO3-,0.06025599322546558,0.0602499951679596,-5.9980575059792596e-06
vle:159:Xu2011:120:0.467,vle,Xu2011,120.0,0.467,MEA,0.15533628894427431,0.1553301076095742,-6.18133470012272e-06
vle:159:Xu2011:120:0.467,vle,Xu2011,120.0,0.467,MEACOO-,0.39220385891513015,0.3921518745065147,-5.1984408615479705e-05
vle:159:Xu2011:120:0.467,vle,Xu2011,120.0,0.467,MEAH+,0.4524598521405956,0.45251801788391116,5.816574331557467e-05
vle:159:Xu2011:120:0.467,vle,Xu2011,120.0,0.467,OH-,0.0,2.393908837192301e-06,2.393908837192301e-06
vle:15:Aronu2011:40:0.516,vle,Aronu2011,40.0,0.516,CO2,0.000376519287892145,0.00037872143760705,2.2021497149050007e-06
vle:15:Aronu2011:40:0.516,vle,Aronu2011,40.0,0.516,CO3^2-,0.0,0.00224918196027854,0.00224918196027854
vle:15:Aronu2011:40:0.516,vle,Aronu2011,40.0,0.516,H2O,7.830244524615979,7.828146870741659,-0.002097653874320038
vle:15:Aronu2011:40:0.516,vle,Aronu2011,40.0,0.516,H3O+,0.0,2.976582144458844e-10,2.976582144458844e-10
vle:15:Aronu2011:40:0.516,vle,Aronu2011,40.0,0.516,HCO3-,0.07926342950906706,0.07910997103805707,-0.0001534584710099901
vle:15:Aronu2011:40:0.516,vle,Aronu2011,40.0,0.516,MEA,0.048016468084851445,0.04786548412353857,-0.0001509839613128769
vle:15:Aronu2011:40:0.516,vle,Aronu2011,40.0,0.516,MEACOO-,0.4363600512030407,0.4342621255640575,-0.0020979256389832
vle:15:Aronu2011:40:0.516,vle,Aronu2011,40.0,0.516,MEAH+,0.5156234807121077,0.5178723903124041,0.002248909600296334
vle:15:Aronu2011:40:0.516,vle,Aronu2011,40.0,0.516,OH-,0.0,1.930087390681713e-06,1.930087390681713e-06
vle:16:Aronu2011:40:0.524,vle,Aronu2011,40.0,0.524,CO2,0.0004894715659333213,0.0004925075825277913,3.0360165944700365e-06
vle:16:Aronu2011:40:0.524,vle,Aronu2011,40.0,0.524,CO3^2-,0.0,0.002201805673244367,0.002201805673244367
vle:16:Aronu2011:40:0.524,vle,Aronu2011,40.0,0.524,H2O,7.820159398015431,7.818102725647496,-0.0020566723679342758
vle:16:Aronu2011:40:0.524,vle,Aronu2011,40.0,0.524,H3O+,0.0,3.4241125280264533e-10,3.4241125280264533e-10
vle:16:Aronu2011:40:0.524,vle,Aronu2011,40.0,0.524,HCO3-,0.08934855610962117,0.08920174893910161,-0.0001468071705195556
vle:16:Aronu2011:40:0.524,vle,Aronu2011,40.0,0.524,MEA,0.042327499241487654,0.04218509092377551,-0.0001424083177121449
vle:16:Aronu2011:40:0.524,vle,Aronu2011,40.0,0.524,MEACOO-,0.43416197232444553,0.4321039378051264,-0.0020580345193191296
vle:16:Aronu2011:40:0.524,vle,Aronu2011,40.0,0.524,MEAH+,0.5235105284340669,0.5257109712710981,0.0022004428370312468
vle:16:Aronu2011:40:0.524,vle,Aronu2011,40.0,0.524,OH-,0.0,1.6735227927077537e-06,1.6735227927077537e-06
vle:17:Hilliard2008:40:0.153,vle,Hilliard2008,40.0,0.153,CO2,1.8415416761710082e-07,1.8428066482058978e-07,1.2649720348895876e-10
vle:17:Hilliard2008:40:0.153,vle,Hilliard2008,40.0,0.153,CO3^2-,0.0,0.0025842737159802046,0.0025842737159802046
vle:17:Hilliard2008:40:0.153,vle,Hilliard2008,40.0,0.153,H2O,7.907595632319463,7.904949695542255,-0.0026459367772080356
vle:17:Hilliard2008:40:0.153,vle,Hilliard2008,40.0,0.153,H3O+,0.0,6.215989856338348e-12,6.215989856338348e-12
vle:17:Hilliard2008:40:0.153,vle,Hilliard2008,40.0,0.153,HCO3-,0.001912321805584425,0.001879738445581171,-3.258336000325386e-05
vle:17:Hilliard2008:40:0.153,vle,Hilliard2008,40.0,0.153,MEA,0.6959126901139198,0.6957858605981164,-0.00012682951580333945
vle:17:Hilliard2008:40:0.153,vle,Hilliard2008,40.0,0.153,MEACOO-,0.15108749404024793,0.1485358035577739,-0.0025516904824740283
vle:17:Hilliard2008:40:0.153,vle,Hilliard2008,40.0,0.153,MEAH+,0.1529998158458324,0.1556783358441096,0.0026785199982772012
vle:17:Hilliard2008:40:0.153,vle,Hilliard2008,40.0,0.153,OH-,0.0,9.42464150102614e-05,9.42464150102614e-05
vle:18:Hilliard2008:40:0.163,vle,Hilliard2008,40.0,0.163,CO2,2.2136388783486398e-07,2.2150187867157812e-07,1.3799083671414152e-10
vle:18:Hilliard2008:40:0.163,vle,Hilliard2008,40.0,0.163,CO3^2-,0.0,0.0025887125799150777,0.0025887125799150777
vle:18:Hilliard2008:40:0.163,vle,Hilliard2008,40.0,0.163,H2O,7.907411747839685,7.904770609708673,-0.0026411381310120774
vle:18:Hilliard2008:40:0.163,vle,Hilliard2008,40.0,0.163,H3O+,0.0,6.808817561676739e-12,6.808817561676739e-12
vle:18:Hilliard2008:40:0.163,vle,Hilliard2008,40.0,0.163,HCO3-,0.0020962062853628425,0.002062595126403749,-3.3611158959093515e-05
vle:18:Hilliard2008:40:0.163,vle,Hilliard2008,40.0,0.163,MEA,0.6760966490131386,0.6759770014337333,-0.00011964757940530202
vle:18:Hilliard2008:40:0.163,vle,Hilliard2008,40.0,0.163,MEACOO-,0.16090357235074929,0.15834847079180256,-0.0025551015589467263
vle:18:Hilliard2008:40:0.163,vle,Hilliard2008,40.0,0.163,MEAH+,0.16299977863611212,0.1656745277744642,0.002674749138352084
vle:18:Hilliard2008:40:0.163,vle,Hilliard2008,40.0,0.163,OH-,0.0,8.603670323666812e-05,8.603670323666812e-05
vle:19:Hilliard2008:40:0.17,vle,Hilliard2008,40.0,0.17,CO2,2.5090534301925095e-07,2.510524331579657e-07,1.4709013871476436e-10
vle:19:Hilliard2008:40:0.17,vle,Hilliard2008,40.0,0.17,CO3^2-,0.0,0.002591411252668784,0.002591411252668784
vle:19:Hilliard2008:40:0.17,vle,Hilliard2008,40.0,0.17,H2O,7.907276593560091,7.904638686399148,-0.0026379071609436977
vle:19:Hilliard2008:40:0.17,vle,Hilliard2008,40.0,0.17,H3O+,0.0,7.244828048913708e-12,7.244828048913708e-12
vle:19:Hilliard2008:40:0.17,vle,Hilliard2008,40.0,0.17,HCO3-,0.00223136056496489,0.0021970003491877427,-3.4360215777147225e-05
vle:19:Hilliard2008:40:0.17,vle,Hilliard2008,40.0,0.17,MEA,0.662231862375651,0.6621166463444992,-0.00011521603115183243
vle:19:Hilliard2008:40:0.17,vle,Hilliard2008,40.0,0.17,MEACOO-,0.16776838852969214,0.16521133734571053,-0.0025570511839816124
vle:19:Hilliard2008:40:0.17,vle,Hilliard2008,40.0,0.17,MEAH+,0.1699997490946569,0.17267201630979037,0.0026722672151334725
vle:19:Hilliard2008:40:0.17,vle,Hilliard2008,40.0,0.17,OH-,0.0,8.085611679950048e-05,8.085611679950048e-05
vle:1:Aronu2011:40:0.206,vle,Aronu2011,40.0,0.206,CO2,4.618149438103324e-07,4.6202841660913457e-07,2.134727988021715e-10
vle:1:Aronu2011:40:0.206,vle,Aronu2011,40.0,0.206,CO3^2-,0.0,0.002601121497721242,0.002601121497721242
vle:1:Aronu2011:40:0.206,vle,Aronu2011,40.0,0.206,H2O,7.906483392640219,7.903861237271328,-0.002622155368890766
vle:1:Aronu2011:40:0.206,vle,Aronu2011,40.0,0.206,H3O+,0.0,9.808531236004151e-12,9.808531236004151e-12
vle:1:Aronu2011:40:0.206,vle,Aronu2011,40.0,0.206,HCO3-,0.0030245614848335746,0.002985884730425422,-3.8676754408152776e-05
vle:1:Aronu2011:40:0.206,vle,Aronu2011,40.0,0.206,MEA,0.5910254851147212,0.5909270981813058,-9.838693341535087e-05
vle:1:Aronu2011:40:0.206,vle,Aronu2011,40.0,0.206,MEACOO-,0.2029749767002227,0.20041253174343665,-0.0025624449567860363
vle:1:Aronu2011:40:0.206,vle,Aronu2011,40.0,0.206,MEAH+,0.20599953818505615,0.20866037007525748,0.0026608318902013317
vle:1:Aronu2011:40:0.206,vle,Aronu2011,40.0,0.206,OH-,0.0,5.971061576119748e-05,5.971061576119748e-05
vle:20:Hilliard2008:40:0.191,vle,Hilliard2008,40.0,0.191,CO2,3.6023971449538004e-07,3.60420765031571e-07,1.8105053619095636e-10
vle:20:Hilliard2008:40:0.191,vle,Hilliard2008,40.0,0.191,CO3^2-,0.0,0.0025978272817664544,0.0025978272817664544
vle:20:Hilliard2008:40:0.191,vle,Hilliard2008,40.0,0.191,H2O,7.906835589099885,7.904206972456587,-0.00262861664329872
vle:20:Hilliard2008:40:0.191,vle,Hilliard2008,40.0,0.191,H3O+,0.0,8.669183945948914e-12,8.669183945948914e-12
vle:20:Hilliard2008:40:0.191,vle,Hilliard2008,40.0,0.191,HCO3-,0.002672365025163767,0.002635590385569086,-3.677463959468087e-05
vle:20:Hilliard2008:40:0.191,vle,Hilliard2008,40.0,0.191,MEA,0.6206730855045927,0.6205687472433205,-0.00010433826127220769
vle:20:Hilliard2008:40:0.191,vle,Hilliard2008,40.0,0.191,MEACOO-,0.18832727473512176,0.18576622191189932,-0.0025610528232224428
vle:20:Hilliard2008:40:0.191,vle,Hilliard2008,40.0,0.191,MEAH+,0.1909996397602855,0.1936650308447802,0.002665391084494706
vle:20:Hilliard2008:40:0.191,vle,Hilliard2008,40.0,0.191,OH-,0.0,6.756399244813221e-05,6.756399244813221e-05
vle:21:Hilliard2008:40:0.194,vle,Hilliard2008,40.0,0.194,CO2,3.78801152769496e-07,3.7898805307300493e-07,1.8690030350893318e-10
vle:21:Hilliard2008:40:0.194,vle,Hilliard2008,40.0,0.194,CO3^2-,0.0,0.00259856429038351,0.00259856429038351
vle:21:Hilliard2008:40:0.194,vle,Hilliard2008,40.0,0.194,H2O,7.906767814978866,7.904140495721605,-0.002627319257261007
vle:21:Hilliard2008:40:0.194,vle,Hilliard2008,40.0,0.194,H3O+,0.0,8.888306050928755e-12,8.888306050928755e-12
vle:21:Hilliard2008:40:0.194,vle,Hilliard2008,40.0,0.194,HCO3-,0.0027401391461795415,0.0027029968653645375,-3.7142280815004054e-05
vle:21:Hilliard2008:40:0.194,vle,Hilliard2008,40.0,0.194,MEA,0.6147408967484852,0.6146378576115482,-0.00010303913693698874
vle:21:Hilliard2008:40:0.194,vle,Hilliard2008,40.0,0.194,MEACOO-,0.1912594820526676,0.18869805985619903,-0.0025614221964685713
vle:21:Hilliard2008:40:0.194,vle,Hilliard2008,40.0,0.194,MEAH+,0.19399962119884714,0.1966640825322527,0.00266446133340556
vle:21:Hilliard2008:40:0.194,vle,Hilliard2008,40.0,0.194,OH-,0.0,6.589723881051228e-05,6.589723881051228e-05
vle:22:Hilliard2008:40:0.232,vle,Hilliard2008,40.0,0.232,CO2,7.01406281140545e-07,7.017009258793819e-07,2.9464473883695154e-10
vle:22:Hilliard2008:40:0.232,vle,Hilliard2008,40.0,0.232,CO3^2-,0.0,0.002604762035386502,0.002604762035386502
vle:22:Hilliard2008:40:0.232,vle,Hilliard2008,40.0,0.232,H2O,7.905783417221388,7.903172575258249,-0.002610841963138988
vle:22:Hilliard2008:40:0.232,vle,Hilliard2008,40.0,0.232,H3O+,0.0,1.2077726334928273e-11,1.2077726334928273e-11
vle:22:Hilliard2008:40:0.232,vle,Hilliard2008,40.0,0.232,HCO3-,0.0037245369036565984,0.0036821332414899337,-4.24036621666647e-05
vle:22:Hilliard2008:40:0.232,vle,Hilliard2008,40.0,0.232,MEA,0.5397259397162187,0.5396350530775686,-9.08866386500895e-05
vle:22:Hilliard2008:40:0.232,vle,Hilliard2008,40.0,0.232,MEACOO-,0.22827476169006236,0.2257124030221978,-0.002562358667864556
vle:22:Hilliard2008:40:0.232,vle,Hilliard2008,40.0,0.232,MEAH+,0.23199929859371887,0.23465254390023352,0.0026532453065146455
vle:22:Hilliard2008:40:0.232,vle,Hilliard2008,40.0,0.232,OH-,0.0,4.8483577850559994e-05,4.8483577850559994e-05
vle:23:Hilliard2008:40:0.246,vle,Hilliard2008,40.0,0.246,CO2,8.750328659121066e-07,8.75390929091458e-07,3.5806317935144367e-10
vle:23:Hilliard2008:40:0.246,vle,Hilliard2008,40.0,0.246,CO3^2-,0.0,0.002605765457149629,0.002605765457149629
vle:23:Hilliard2008:40:0.246,vle,Hilliard2008,40.0,0.246,H2O,7.905349915981669,7.902745416612732,-0.002604499368937141
vle:23:Hilliard2008:40:0.246,vle,Hilliard2008,40.0,0.246,H3O+,0.0,1.3486253894437473e-11,1.3486253894437473e-11
vle:23:Hilliard2008:40:0.246,vle,Hilliard2008,40.0,0.246,HCO3-,0.004158038143377352,0.004113356865583175,-4.468127779417696e-05
vle:23:Hilliard2008:40:0.246,vle,Hilliard2008,40.0,0.246,MEA,0.5121597882091093,0.5120716924848376,-8.809572427170842e-05
vle:23:Hilliard2008:40:0.246,vle,Hilliard2008,40.0,0.246,MEACOO-,0.24184108682375674,0.23928000228633825,-0.00256108453741849
vle:23:Hilliard2008:40:0.246,vle,Hilliard2008,40.0,0.246,MEAH+,0.24599912496713408,0.24864830522882417,0.0026491802616900872
vle:23:Hilliard2008:40:0.246,vle,Hilliard2008,40.0,0.246,OH-,0.0,4.341517609002478e-05,4.341517609002478e-05
vle:24:Hilliard2008:40:0.269,vle,Hilliard2008,40.0,0.269,CO2,1.2564995869122572e-06,1.2570110680815129e-06,5.114811692556802e-10
vle:24:Hilliard2008:40:0.269,vle,Hilliard2008,40.0,0.269,CO3^2-,0.0,0.0026060681628507737,0.0026060681628507737
vle:24:Hilliard2008:40:0.269,vle,Hilliard2008,40.0,0.269,H2O,7.904529918391761,7.90193655214371,-0.0025933662480506214
vle:24:Hilliard2008:40:0.269,vle,Hilliard2008,40.0,0.269,H3O+,0.0,1.6157268719442236e-11,1.6157268719442236e-11
vle:24:Hilliard2008:40:0.269,vle,Hilliard2008,40.0,0.269,HCO3-,0.004978035733282189,0.004929103159159031,-4.8932574123157664e-05
vle:24:Hilliard2008:40:0.269,vle,Hilliard2008,40.0,0.269,MEA,0.46698054873245604,0.46689538655428653,-8.516217816950666e-05
vle:24:Hilliard2008:40:0.269,vle,Hilliard2008,40.0,0.269,MEACOO-,0.2640207077671309,0.2614635716669221,-0.002557136100208801
vle:24:Hilliard2008:40:0.269,vle,Hilliard2008,40.0,0.269,MEAH+,0.2689987435004131,0.2716410417787914,0.0026422982783783078
vle:24:Hilliard2008:40:0.269,vle,Hilliard2008,40.0,0.269,OH-,0.0,3.6230643166065135e-05,3.6230643166065135e-05
vle:25:Hilliard2008:40:0.272,vle,Hilliard2008,40.0,0.272,CO2,1.3173527455797776e-06,1.3178904905701696e-06,5.377449903919491e-10
vle:25:Hilliard2008:40:0.272,vle,Hilliard2008,40.0,0.272,CO3^2-,0.0,0.0026059856489445794,0.0026059856489445794
vle:25:Hilliard2008:40:0.272,vle,Hilliard2008,40.0,0.272,H2O,7.90441147586119,7.9018196478321725,-0.0025918280290175844
vle:25:Hilliard2008:40:0.272,vle,Hilliard2008,40.0,0.272,H3O+,0.0,1.6543800926534893e-11,1.6543800926534893e-11
vle:25:Hilliard2008:40:0.272,vle,Hilliard2008,40.0,0.272,HCO3-,0.005096478263856396,0.005046937530162227,-4.9540733694168615e-05
vle:25:Hilliard2008:40:0.272,vle,Hilliard2008,40.0,0.272,MEA,0.4610991129693474,0.4610141902304585,-8.492273888893731e-05
vle:25:Hilliard2008:40:0.272,vle,Hilliard2008,40.0,0.272,MEACOO-,0.2669022043833981,0.2643457589304026,-0.0025564454529955483
vle:25:Hilliard2008:40:0.272,vle,Hilliard2008,40.0,0.272,MEAH+,0.27199868264725446,0.27464005083913895,0.0026413681918844856
vle:25:Hilliard2008:40:0.272,vle,Hilliard2008,40.0,0.272,OH-,0.0,3.5383097228926736e-05,3.5383097228926736e-05
vle:26:Hilliard2008:40:0.326,vle,Hilliard2008,40.0,0.326,CO2,3.159328499620168e-06,3.1608836660326886e-06,1.5551664125206191e-09
vle:26:Hilliard2008:40:0.326,vle,Hilliard2008,40.0,0.326,CO3^2-,0.0,0.0025992479584112083,0.0025992479584112083
vle:26:Hilliard2008:40:0.326,vle,Hilliard2008,40.0,0.326,H2O,7.901639918819501,7.8990812133316055,-0.002558705487895274
vle:26:Hilliard2008:40:0.326,vle,Hilliard2008,40.0,0.326,H3O+,0.0,2.5641073146079547e-11,2.5641073146079547e-11
vle:26:Hilliard2008:40:0.326,vle,Hilliard2008,40.0,0.326,HCO3-,0.00786803530554155,0.007804679206603553,-6.335609893799634e-05
vle:26:Hilliard2008:40:0.326,vle,Hilliard2008,40.0,0.326,MEA,0.3558743539625408,0.3557881873967923,-8.616656574850223e-05
vle:26:Hilliard2008:40:0.326,vle,Hilliard2008,40.0,0.326,MEACOO-,0.3181288053659587,0.3155929119513195,-0.002535893414639223
vle:26:Hilliard2008:40:0.326,vle,Hilliard2008,40.0,0.326,MEAH+,0.32599684067150037,0.32861890065188815,0.002622059980387781
vle:26:Hilliard2008:40:0.326,vle,Hilliard2008,40.0,0.326,OH-,0.0,2.281360278417161e-05,2.281360278417161e-05
vle:27:Hilliard2008:40:0.348,vle,Hilliard2008,40.0,0.348,CO2,4.623738357049331e-06,4.626388410937323e-06,2.6500538879920403e-09
vle:27:Hilliard2008:40:0.348,vle,Hilliard2008,40.0,0.348,CO3^2-,0.0,0.0025930267552270055,0.0025930267552270055
vle:27:Hilliard2008:40:0.348,vle,Hilliard2008,40.0,0.348,H2O,7.900006941020269,7.897466195404419,-0.0025407456158497155
vle:27:Hilliard2008:40:0.348,vle,Hilliard2008,40.0,0.348,H3O+,0.0,3.104846279507307e-11,3.104846279507307e-11
vle:27:Hilliard2008:40:0.348,vle,Hilliard2008,40.0,0.348,HCO3-,0.009501013104776662,0.009429899244109485,-7.111386066717754e-05
vle:27:Hilliard2008:40:0.348,vle,Hilliard2008,40.0,0.348,MEA,0.31351026058149095,0.31342031936173687,-8.994121975408609e-05
vle:27:Hilliard2008:40:0.348,vle,Hilliard2008,40.0,0.348,MEACOO-,0.33849436315686615,0.3359724476122525,-0.002521915544613673
vle:27:Hilliard2008:40:0.348,vle,Hilliard2008,40.0,0.348,MEAH+,0.34799537626164284,0.3506072330260107,0.0026118567643678703
vle:27:Hilliard2008:40:0.348,vle,Hilliard2008,40.0,0.348,OH-,0.0,1.8832690243409808e-05,1.8832690243409808e-05
vle:28:Hilliard2008:40:0.35,vle,Hilliard2008,40.0,0.35,CO2,4.791831730496831e-06,4.794622641417326e-06,2.790910920494903e-09
vle:28:Hilliard2008:40:0.35,vle,Hilliard2008,40.0,0.35,CO3^2-,0.0,0.0025923319144638525,0.0025923319144638525
vle:28:Hilliard2008:40:0.35,vle,Hilliard2008,40.0,0.35,H2O,7.899837617976116,7.897298690759313,-0.002538927216803266
vle:28:Hilliard2008:40:0.35,vle,Hilliard2008,40.0,0.35,H3O+,0.0,3.1611175641663887e-11,3.1611175641663887e-11
vle:28:Hilliard2008:40:0.35,vle,Hilliard2008,40.0,0.35,HCO3-,0.009670336148927946,0.00959843475616632,-7.190139276162626e-05
vle:28:Hilliard2008:40:0.35,vle,Hilliard2008,40.0,0.35,MEA,0.30967991981238896,0.3095895273695626,-9.039244282638137e-05
vle:28:Hilliard2008:40:0.35,vle,Hilliard2008,40.0,0.35,MEACOO-,0.34032487201934153,0.33780443870672816,-0.0025204333126133682
vle:28:Hilliard2008:40:0.35,vle,Hilliard2008,40.0,0.35,MEAH+,0.3499952081682695,0.35260603392370937,0.0026108257554398606
vle:28:Hilliard2008:40:0.35,vle,Hilliard2008,40.0,0.35,OH-,0.0,1.8496663498221514e-05,1.8496663498221514e-05
vle:29:Hilliard2008:40:0.36,vle,Hilliard2008,40.0,0.36,CO2,5.747036316017125e-06,5.750684641770086e-06,3.6483257529615955e-09
vle:29:Hilliard2008:40:0.36,vle,Hilliard2008,40.0,0.36,CO3^2-,0.0,0.002588482778822736,0.002588482778822736
vle:29:Hilliard2008:40:0.36,vle,Hilliard2008,40.0,0.36,H2O,7.898928342663855,7.896399058955762,-0.002529283708093466
vle:29:Hilliard2008:40:0.36,vle,Hilliard2008,40.0,0.36,H3O+,0.0,3.46395015370623e-11,3.46395015370623e-11
vle:29:Hilliard2008:40:0.36,vle,Hilliard2008,40.0,0.36,HCO3-,0.01057961146119111,0.010503536591267376,-7.607486992373437e-05
vle:29:Hilliard2008:40:0.36,vle,Hilliard2008,40.0,0.36,MEA,0.29059110553382317,0.29049816223063996,-9.294330318321276e-05
vle:29:Hilliard2008:40:0.36,vle,Hilliard2008,40.0,0.36,MEACOO-,0.34941464150249285,0.34690222994526804,-0.002512411557224814
vle:29:Hilliard2008:40:0.36,vle,Hilliard2008,40.0,0.36,MEAH+,0.35999425296368404,0.362599607824092,0.0026053548604079713
vle:29:Hilliard2008:40:0.36,vle,Hilliard2008,40.0,0.36,OH-,0.0,1.687576455061382e-05,1.687576455061382e-05
vle:2:Aronu2011:40:0.25,vle,Aronu2011,40.0,0.25,CO2,9.318929619928876e-07,9.32272662294248e-07,3.797003013604304e-10
vle:2:Aronu2011:40:0.25,vle,Aronu2011,40.0,0.25,CO3^2-,0.0,0.002605937010229897,0.002605937010229897
vle:2:Aronu2011:40:0.25,vle,Aronu2011,40.0,0.25,H2O,7.905217583220511,7.902614947588396,-0.00260263563211538
vle:2:Aronu2011:40:0.25,vle,Aronu2011,40.0,0.25,H3O+,0.0,1.3916714990955046e-11,1.3916714990955046e-11
vle:2:Aronu2011:40:0.25,vle,Aronu2011,40.0,0.25,HCO3-,0.0042903709045363355,0.004244998610323751,-4.537229421258497e-05
vle:2:Aronu2011:40:0.25,vle,Aronu2011,40.0,0.25,MEA,0.5042922346904603,0.5042047922673821,-8.744242307812122e-05
vle:2:Aronu2011:40:0.25,vle,Aronu2011,40.0,0.25,MEACOO-,0.2457086972025016,0.2431481321067843,-0.00256056509571731
vle:2:Aronu2011:40:0.25,vle,Aronu2011,40.0,0.25,MEAH+,0.24999906810703806,0.2526470756258336,0.002648007518795542
vle:2:Aronu2011:40:0.25,vle,Aronu2011,40.0,0.25,OH-,0.0,4.2070902182775035e-05,4.2070902182775035e-05
vle:30:Hilliard2008:40:0.382,vle,Hilliard2008,40.0,0.382,CO2,8.766733624525863e-06,8.773695964485112e-06,6.962339959249532e-09
vle:30:Hilliard2008:40:0.382,vle,Hilliard2008,40.0,0.382,CO3^2-,0.0,0.002577395489911087,0.002577395489911087
vle:30:Hilliard2008:40:0.382,vle,Hilliard2008,40.0,0.382,H2O,7.89647712046357,7.893972937742033,-0.0025041827215366297
vle:30:Hilliard2008:40:0.382,vle,Hilliard2008,40.0,0.382,H3O+,0.0,4.285830587072994e-11,4.285830587072994e-11
vle:30:Hilliard2008:40:0.382,vle,Hilliard2008,40.0,0.382,HCO3-,0.01303083366147796,0.012943989678745067,-8.684398273289297e-05
vle:30:Hilliard2008:40:0.382,vle,Hilliard2008,40.0,0.382,MEA,0.24904836712872688,0.24894790594203953,-0.00010046118668735615
vle:30:Hilliard2008:40:0.382,vle,Hilliard2008,40.0,0.382,MEACOO-,0.36896039960489757,0.3664698411353795,-0.002490558469518067
vle:30:Hilliard2008:40:0.382,vle,Hilliard2008,40.0,0.382,MEAH+,0.38199123326637546,0.384582252922581,0.002591019656205562
vle:30:Hilliard2008:40:0.382,vle,Hilliard2008,40.0,0.382,OH-,0.0,1.3631171492686961e-05,1.3631171492686961e-05
vle:31:Hilliard2008:40:0.386,vle,Hilliard2008,40.0,0.386,CO2,9.503403565061935e-06,9.511305892289845e-06,7.902327227910343e-09
vle:31:Hilliard2008:40:0.386,vle,Hilliard2008,40.0,0.386,CO3^2-,0.0,0.002574910696746893,0.002574910696746893
vle:31:Hilliard2008:40:0.386,vle,Hilliard2008,40.0,0.386,H2O,7.895948713254055,7.893449787873126,-0.0024989253809284406
vle:31:Hilliard2008:40:0.386,vle,Hilliard2008,40.0,0.386,H3O+,0.0,4.464060161178657e-11,4.464060161178657e-11
vle:31:Hilliard2008:40:0.386,vle,Hilliard2008,40.0,0.386,HCO3-,0.013559240870995318,0.013470170304114617,-8.907056688070049e-05
vle:31:Hilliard2008:40:0.386,vle,Hilliard2008,40.0,0.386,MEA,0.2415782476781255,0.24147610775413056,-0.00010213992399493721
vle:31:Hilliard2008:40:0.386,vle,Hilliard2008,40.0,0.386,MEACOO-,0.3724312557254396,0.3699454076932464,-0.0024858480321932053
vle:31:Hilliard2008:40:0.386,vle,Hilliard2008,40.0,0.386,MEAH+,0.385990496596435,0.38857848455262306,0.002587987956188087
vle:31:Hilliard2008:40:0.386,vle,Hilliard2008,40.0,0.386,OH-,0.0,1.3085206409083445e-05,1.3085206409083445e-05
vle:32:Hilliard2008:40:0.389,vle,Hilliard2008,40.0,0.389,CO2,1.0105319899761851e-05,1.0114026799765666e-05,8.706900003814673e-09
vle:32:Hilliard2008:40:0.389,vle,Hilliard2008,40.0,0.389,CO3^2-,0.0,0.0025729357357309173,0.0025729357357309173
vle:32:Hilliard2008:40:0.389,vle,Hilliard2008,40.0,0.389,H2O,7.895532434801167,7.893037615306026,-0.002494819495140632
vle:32:Hilliard2008:40:0.389,vle,Hilliard2008,40.0,0.389,H3O+,0.0,4.60473454133441e-11,4.60473454133441e-11
vle:32:Hilliard2008:40:0.389,vle,Hilliard2008,40.0,0.389,HCO3-,0.013975519323881991,0.013884718907905411,-9.080041597657983e-05
vle:32:Hilliard2008:40:0.389,vle,Hilliard2008,40.0,0.389,MEA,0.23599572996368148,0.23589226287821902,-0.00010346708546246641
vle:32:Hilliard2008:40:0.389,vle,Hilliard2008,40.0,0.389,MEACOO-,0.37501437535621823,0.37253223132956387,-0.002482144026654365
vle:32:Hilliard2008:40:0.389,vle,Hilliard2008,40.0,0.389,MEAH+,0.38898989468010037,0.39157550579221706,0.0025856111121166925
vle:32:Hilliard2008:40:0.389,vle,Hilliard2008,40.0,0.389,OH-,0.0,1.2684129333270167e-05,1.2684129333270167e-05
vle:33:Hilliard2008:40:0.4,vle,Hilliard2008,40.0,0.4,CO2,1.274796935853608e-05,1.276058280769277e-05,1.2613449156690583e-08
vle:33:Hilliard2008:40:0.4,vle,Hilliard2008,40.0,0.4,CO3^2-,0.0,0.002564781635530825,0.002564781635530825
vle:33:Hilliard2008:40:0.4,vle,Hilliard2008,40.0,0.4,H2O,7.8938408401044935,7.891362391847803,-0.002478448256690413
vle:33:Hilliard2008:40:0.4,vle,Hilliard2008,40.0,0.4,H3O+,0.0,5.178795164502978e-11,5.178795164502978e-11
vle:33:Hilliard2008:40:0.4,vle,Hilliard2008,40.0,0.4,HCO3-,0.015667114020551227,0.015569507261558254,-9.760675899297272e-05
vle:33:Hilliard2008:40:0.4,vle,Hilliard2008,40.0,0.4,MEA,0.21569260995926823,0.21558375515060157,-0.00010885480866665298
vle:33:Hilliard2008:40:0.4,vle,Hilliard2008,40.0,0.4,MEACOO-,0.3843201380100903,0.3818529505201033,-0.0024671874899869772
vle:33:Hilliard2008:40:0.4,vle,Hilliard2008,40.0,0.4,MEAH+,0.3999872520306415,0.40256329432929505,0.002576042298653547
vle:33:Hilliard2008:40:0.4,vle,Hilliard2008,40.0,0.4,OH-,0.0,1.1273328359966615e-05,1.1273328359966615e-05
vle:34:Hilliard2008:40:0.464,vle,Hilliard2008,40.0,0.464,CO2,6.67740665306616e-05,6.695937858815432e-05,1.8531205749271965e-07
vle:34:Hilliard2008:40:0.464,vle,Hilliard2008,40.0,0.464,CO3^2-,0.0,0.0024667009711794676,0.0024667009711794676
vle:34:Hilliard2008:40:0.464,vle,Hilliard2008,40.0,0.464,H2O,7.874424456359743,7.87210258407177,-0.0023218722879727594
vle:34:Hilliard2008:40:0.464,vle,Hilliard2008,40.0,0.464,H3O+,0.0,1.2052383606175793e-10,1.2052383606175793e-10
vle:34:Hilliard2008:40:0.464,vle,Hilliard2008,40.0,0.464,HCO3-,0.035083497765302916,0.03493384853509354,-0.0001496492302093741
vle:34:Hilliard2008:40:0.464,vle,Hilliard2008,40.0,0.464,MEA,0.10721704589836402,0.10706294698636323,-0.00015409891200078574
vle:34:Hilliard2008:40:0.464,vle,Hilliard2008,40.0,0.464,MEACOO-,0.4288497281681666,0.42653249111513897,-0.00231723705302761
vle:34:Hilliard2008:40:0.464,vle,Hilliard2008,40.0,0.464,MEAH+,0.46393322593346936,0.4664045618984979,0.0024713359650285205
vle:34:Hilliard2008:40:0.464,vle,Hilliard2008,40.0,0.464,OH-,0.0,4.8204264299522434e-06,4.8204264299522434e-06
vle:35:Hilliard2008:40:0.466,vle,Hilliard2008,40.0,0.466,CO2,7.10391579425293e-05,7.124347188964031e-05,2.0431394711101106e-07
vle:35:Hilliard2008:40:0.466,vle,Hilliard2008,40.0,0.466,CO3^2-,0.0,0.0024613190455667995,0.0024613190455667995
vle:35:Hilliard2008:40:0.466,vle,Hilliard2008,40.0,0.466,H2O,7.873364432225018,7.871049649203953,-0.0023147830210650255
vle:35:Hilliard2008:40:0.466,vle,Hilliard2008,40.0,0.466,H3O+,0.0,1.24430495026696e-10,1.24430495026696e-10
vle:35:Hilliard2008:40:0.466,vle,Hilliard2008,40.0,0.466,HCO3-,0.03614352190002767,0.0359923179171947,-0.00015120398283297032
vle:35:Hilliard2008:40:0.466,vle,Hilliard2008,40.0,0.466,MEA,0.10428560021591261,0.10413013715154423,-0.0001554630643683802
vle:35:Hilliard2008:40:0.466,vle,Hilliard2008,40.0,0.466,MEACOO-,0.42978543894202986,0.427475119565349,-0.0023103193766808583
vle:35:Hilliard2008:40:0.466,vle,Hilliard2008,40.0,0.466,MEAH+,0.46592896084205754,0.46839474328310665,0.0024657824410491136
vle:35:Hilliard2008:40:0.466,vle,Hilliard2008,40.0,0.466,OH-,0.0,4.667833860429227e-06,4.667833860429227e-06
vle:36:Hilliard2008:40:0.481,vle,Hilliard2008,40.0,0.481,CO2,0.00011513063860772241,0.00011555996165362976,4.29323045907345e-07
vle:36:Hilliard2008:40:0.481,vle,Hilliard2008,40.0,0.481,CO3^2-,0.0,0.0024139317885198686,0.0024139317885198686
vle:36:Hilliard2008:40:0.481,vle,Hilliard2008,40.0,0.481,H2O,7.863978411622411,7.861721214953741,-0.0022571966686699696
vle:36:Hilliard2008:40:0.481,vle,Hilliard2008,40.0,0.481,H3O+,0.0,1.597371184220629e-10,1.597371184220629e-10
vle:36:Hilliard2008:40:0.481,vle,Hilliard2008,40.0,0.481,HCO3-,0.045529542502638555,0.045369179732006715,-0.0001603627706318403
vle:36:Hilliard2008:40:0.481,vle,Hilliard2008,40.0,0.481,MEA,0.08375980377985397,0.08359667232401498,-0.00016313145583898847
vle:36:Hilliard2008:40:0.481,vle,Hilliard2008,40.0,0.481,MEACOO-,0.4353553268587538,0.4331013285178196,-0.0022539983409342046
vle:36:Hilliard2008:40:0.481,vle,Hilliard2008,40.0,0.481,MEAH+,0.48088486936139224,0.4833019991581654,0.0024171297967731653
vle:36:Hilliard2008:40:0.481,vle,Hilliard2008,40.0,0.481,OH-,0.0,3.6274910362304727e-06,3.6274910362304727e-06
vle:37:Hilliard2008:40:0.491,vle,Hilliard2008,40.0,0.491,CO2,0.00016111053226114448,0.00016181359928334744,7.03067022202956e-07
vle:37:Hilliard2008:40:0.491,vle,Hilliard2008,40.0,0.491,CO3^2-,0.0,0.0023747351018117914,0.0023747351018117914
vle:37:Hilliard2008:40:0.491,vle,Hilliard2008,40.0,0.491,H2O,7.85612287687927,7.853907984021957,-0.002214892857312911
vle:37:Hilliard2008:40:0.491,vle,Hilliard2008,40.0,0.491,H3O+,0.0,1.9028988270245805e-10,1.9028988270245805e-10
vle:37:Hilliard2008:40:0.491,vle,Hilliard2008,40.0,0.491,HCO3-,0.053385077245775306,0.053222195796050385,-0.00016288144972492064
vle:37:Hilliard2008:40:0.491,vle,Hilliard2008,40.0,0.491,MEA,0.07170729831029764,0.07154278416997178,-0.00016451414032585265
vle:37:Hilliard2008:40:0.491,vle,Hilliard2008,40.0,0.491,MEACOO-,0.4374538122219635,0.4352412555028547,-0.0022125567191088047
vle:37:Hilliard2008:40:0.491,vle,Hilliard2008,40.0,0.491,MEAH+,0.4908388894677389,0.49321596032717346,0.00237707085943456
vle:37:Hilliard2008:40:0.491,vle,Hilliard2008,40.0,0.491,OH-,0.0,3.0390149350997963e-06,3.0390149350997963e-06
vle:38:Hilliard2008:40:0.501,vle,Hilliard2008,40.0,0.501,CO2,0.0002266421445275265,0.000227775815690992,1.1336711634655204e-06
vle:38:Hilliard2008:40:0.501,vle,Hilliard2008,40.0,0.501,CO3^2-,0.0,0.0023290863306263685,0.0023290863306263685
vle:38:Hilliard2008:40:0.501,vle,Hilliard2008,40.0,0.501,H2O,7.846848054871085,7.844678155985354,-0.0021698988857314916
vle:38:Hilliard2008:40:0.501,vle,Hilliard2008,40.0,0.501,H3O+,0.0,2.275669359838078e-10,2.275669359838078e-10
vle:38:Hilliard2008:40:0.501,vle,Hilliard2008,40.0,0.501,HCO3-,0.06265989925395969,0.06249817634772007,-0.0001617229062396211
vle:38:Hilliard2008:40:0.501,vle,Hilliard2008,40.0,0.501,MEA,0.061113183543014496,0.060951192972881964,-0.0001619905701325322
vle:38:Hilliard2008:40:0.501,vle,Hilliard2008,40.0,0.501,MEACOO-,0.43811345860151274,0.4359449615059625,-0.002168497095550226
vle:38:Hilliard2008:40:0.501,vle,Hilliard2008,40.0,0.501,MEAH+,0.5007733578554727,0.5031038455211555,0.002330487665682779
vle:38:Hilliard2008:40:0.501,vle,Hilliard2008,40.0,0.501,OH-,0.0,2.5352337870450483e-06,2.5352337870450483e-06
vle:39:Hilliard2008:40:0.518,vle,Hilliard2008,40.0,0.518,CO2,0.0004023356429019571,0.00040472734689114197,2.391703989184843e-06
vle:39:Hilliard2008:40:0.518,vle,Hilliard2008,40.0,0.518,CO3^2-,0.0,0.0022376108423334054,0.0022376108423334054
vle:39:Hilliard2008:40:0.518,vle,Hilliard2008,40.0,0.518,H2O,7.827798477459893,7.8257109025344205,-0.002087574925472957
vle:39:Hilliard2008:40:0.518,vle,Hilliard2008,40.0,0.518,H3O+,0.0,3.0835843878591603e-10,3.0835843878591603e-10
vle:39:Hilliard2008:40:0.518,vle,Hilliard2008,40.0,0.518,HCO3-,0.08170947666515965,0.0815575784870864,-0.00015189817807324812
vle:39:Hilliard2008:40:0.518,vle,Hilliard2008,40.0,0.518,MEA,0.04651414795096349,0.04636517153638505,-0.00014897641457843613
vle:39:Hilliard2008:40:0.518,vle,Hilliard2008,40.0,0.518,MEACOO-,0.4358881876919385,0.43380008332368913,-0.002088104368249355
vle:39:Hilliard2008:40:0.518,vle,Hilliard2008,40.0,0.518,MEAH+,0.5175976643570981,0.5198347451399258,0.002237080782827694
vle:39:Hilliard2008:40:0.518,vle,Hilliard2008,40.0,0.518,OH-,0.0,1.8619528420970233e-06,1.8619528420970233e-06
vle:3:Aronu2011:40:0.337,vle,Aronu2011,40.0,0.337,CO2,3.8122746173217506e-06,3.8142881742628086e-06,2.0135569410580362e-09
vle:3:Aronu2011:40:0.337,vle,Aronu2011,40.0,0.337,CO3^2-,0.0,0.0025964458140270725,0.0025964458140270725
vle:3:Aronu2011:40:0.337,vle,Aronu2011,40.0,0.337,H2O,7.900872462153127,7.898322299057386,-0.002550163095740743
vle:3:Aronu2011:40:0.337,vle,Aronu2011,40.0,0.337,H3O+,0.0,2.8178009364329136e-11,2.8178009364329136e-11
vle:3:Aronu2011:40:0.337,vle,Aronu2011,40.0,0.337,HCO3-,0.008635491971921065,0.00856845357685771,-6.703839506335546e-05
vle:3:Aronu2011:40:0.337,vle,Aronu2011,40.0,0.337,MEA,0.33464311652115564,0.3345553265327865,-8.778998836911356e-05
vle:3:Aronu2011:40:0.337,vle,Aronu2011,40.0,0.337,MEACOO-,0.32836069575346166,0.3258312863209409,-0.0025294094325207794
vle:3:Aronu2011:40:0.337,vle,Aronu2011,40.0,0.337,MEAH+,0.33699618772538276,0.33961338714627276,0.002617199420890004
vle:3:Aronu2011:40:0.337,vle,Aronu2011,40.0,0.337,OH-,0.0,2.0755648597812262e-05,2.0755648597812262e-05
vle:40:Hilliard2008:40:0.591,vle,Hilliard2008,40.0,0.591,CO2,0.002921622883530808,0.002940798635370939,1.9175751840131133e-05
vle:40:Hilliard2008:40:0.591,vle,Hilliard2008,40.0,0.591,CO3^2-,0.0,0.0017600200383492723,0.0017600200383492723
vle:40:Hilliard2008:40:0.591,vle,Hilliard2008,40.0,0.591,H2O,7.715847066304754,7.714192608061031,-0.0016544582437232336
vle:40:Hilliard2008:40:0.591,vle,Hilliard2008,40.0,0.591,H3O+,0.0,9.171257727203466e-10,9.171257727203466e-10
vle:40:Hilliard2008:40:0.591,vle,Hilliard2008,40.0,0.591,HCO3-,0.1936608878202945,0.19355471679292677,-0.0001061710273677352
vle:40:Hilliard2008:40:0.591,vle,Hilliard2008,40.0,0.591,MEA,0.01750413358735627,0.01743570666516729,-6.842692218897786e-05
vle:40:Hilliard2008:40:0.591,vle,Hilliard2008,40.0,0.591,MEACOO-,0.39441748929617465,0.3927444645333528,-0.0016730247628218287
vle:40:Hilliard2008:40:0.591,vle,Hilliard2008,40.0,0.591,MEAH+,0.588078377116469,0.5898198288014799,0.0017414516850108308
vle:40:Hilliard2008:40:0.591,vle,Hilliard2008,40.0,0.591,OH-,0.0,6.08315627454485e-07,6.08315627454485e-07
vle:41:Idris2014:40:0.242,vle,Idris2014,40.0,0.242,CO2,8.215766685252496e-07,8.219147821775411e-07,3.3811365229149555e-10
vle:41:Idris2014:40:0.242,vle,Idris2014,40.0,0.242,CO3^2-,0.0,0.0026055432311432587,0.0026055432311432587
vle:41:Idris2014:40:0.242,vle,Idris2014,40.0,0.242,H2O,7.9054783452279915,7.902872007024562,-0.0026063382034298144
vle:41:Idris2014:40:0.242,vle,Idris2014,40.0,0.242,H3O+,0.0,1.3068708231604841e-11,1.3068708231604841e-11
vle:41:Idris2014:40:0.242,vle,Idris2014,40.0,0.242,HCO3-,0.004029608897055679,0.003985600128521449,-4.4008768534230074e-05
vle:41:Idris2014:40:0.242,vle,Idris2014,40.0,0.242,MEA,0.5200312520503927,0.519942440243398,-8.881180699471525e-05
vle:41:Idris2014:40:0.242,vle,Idris2014,40.0,0.242,MEACOO-,0.2379695695262758,0.23540803472555327,-0.0025615348007225203
vle:41:Idris2014:40:0.242,vle,Idris2014,40.0,0.242,MEAH+,0.24199917842333155,0.2446495250310487,0.0026503466077171522
vle:41:Idris2014:40:0.242,vle,Idris2014,40.0,0.242,OH-,0.0,4.4803727756408967e-05,4.4803727756408967e-05
vle:42:Idris2014:40:0.321,vle,Idris2014,40.0,0.321,CO2,2.904956790113252e-06,2.906346766866506e-06,1.38997675325386e-09
vle:42:Idris2014:40:0.321,vle,Idris2014,40.0,0.321,CO3^2-,0.0,0.0026003379792004376,0.0026003379792004376
vle:42:Idris2014:40:0.321,vle,Idris2014,40.0,0.321,H2O,7.901960595638394,7.899398259258206,-0.0025623363801878796
vle:42:Idris2014:40:0.321,vle,Idris2014,40.0,0.321,H3O+,0.0,2.4583333080723107e-11,2.4583333080723107e-11
vle:42:Idris2014:40:0.321,vle,Idris2014,40.0,0.321,HCO3-,0.007547358486655951,0.00748555975571233,-6.179873094362166e-05
vle:42:Idris2014:40:0.321,vle,Idris2014,40.0,0.321,MEA,0.36555316840023616,0.3654675753664835,-8.559303375266225e-05
vle:42:Idris2014:40:0.321,vle,Idris2014,40.0,0.321,MEACOO-,0.31344973655655395,0.3109111959183204,-0.002538540638233555
vle:42:Idris2014:40:0.321,vle,Idris2014,40.0,0.321,MEAH+,0.3209970950432099,0.32362122871519605,0.002624133671986162
vle:42:Idris2014:40:0.321,vle,Idris2014,40.0,0.321,OH-,0.0,2.3797107345520418e-05,2.3797107345520418e-05
vle:43:Idris2014:40:0.33,vle,Idris2014,40.0,0.33,CO2,3.380892111501821e-06,3.3825973291113424e-06,1.7052176095216207e-09
vle:43:Idris2014:40:0.33,vle,Idris2014,40.0,0.33,CO3^2-,0.0,0.0025982954046500323,0.0025982954046500323
vle:43:Idris2014:40:0.33,vle,Idris2014,40.0,0.33,H2O,7.901371154512545,7.898815463107251,-0.0025556914052939916
vle:43:Idris2014:40:0.33,vle,Idris2014,40.0,0.33,H3O+,0.0,2.6528626364869894e-11,2.6528626364869894e-11
vle:43:Idris2014:40:0.33,vle,Idris2014,40.0,0.33,HCO3-,0.008136799612503541,0.008072146729273586,-6.465288322995456e-05
vle:43:Idris2014:40:0.33,vle,Idris2014,40.0,0.33,MEA,0.3481435613967266,0.3480568630931188,-8.669830360780173e-05
vle:43:Idris2014:40:0.33,vle,Idris2014,40.0,0.33,MEACOO-,0.32185981949538495,0.31932617526874724,-0.00253364422663771
vle:43:Idris2014:40:0.33,vle,Idris2014,40.0,0.33,MEAH+,0.32999661910788847,0.33261696163813403,0.0026203425302455674
vle:43:Idris2014:40:0.33,vle,Idris2014,40.0,0.33,OH-,0.0,2.2048857341756063e-05,2.2048857341756063e-05
vle:44:Idris2014:40:0.345,vle,Idris2014,40.0,0.345,CO2,4.384228056090418e-06,4.3866826994364234e-06,2.4546433460056333e-09
vle:44:Idris2014:40:0.345,vle,Idris2014,40.0,0.345,CO3^2-,0.0,0.0025940253116274216,0.0025940253116274216
vle:44:Idris2014:40:0.345,vle,Idris2014,40.0,0.345,H2O,7.900253728091321,7.897710318620758,-0.00254340947056253
vle:44:Idris2014:40:0.345,vle,Idris2014,40.0,0.345,H3O+,0.0,3.022899475635124e-11,3.022899475635124e-11
vle:44:Idris2014:40:0.345,vle,Idris2014,40.0,0.345,HCO3-,0.00925422603372529,0.009184265747010657,-6.996028671463379e-05
vle:44:Idris2014:40:0.345,vle,Idris2014,40.0,0.345,MEA,0.3192629944898376,0.3191736947272106,-8.929976262700423e-05
vle:44:Idris2014:40:0.345,vle,Idris2014,40.0,0.345,MEACOO-,0.33574138973821865,0.33321732225866246,-0.0025240674795561913
vle:44:Idris2014:40:0.345,vle,Idris2014,40.0,0.345,MEAH+,0.3449956157719439,0.3476089830141269,0.002613367242183029
vle:44:Idris2014:40:0.345,vle,Idris2014,40.0,0.345,OH-,0.0,1.9344415427915453e-05,1.9344415427915453e-05
vle:45:Idris2014:40:0.352,vle,Idris2014,40.0,0.352,CO2,4.967061771609282e-06,4.970002751633985e-06,2.940980024702452e-09
vle:45:Idris2014:40:0.352,vle,Idris2014,40.0,0.352,CO3^2-,0.0,0.002591613013820972,0.002591613013820972
vle:45:Idris2014:40:0.352,vle,Idris2014,40.0,0.352,H2O,7.899664304962787,7.8971272313909076,-0.002537073571879489
vle:45:Idris2014:40:0.352,vle,Idris2014,40.0,0.352,H3O+,0.0,3.218754293860111e-11,3.218754293860111e-11
vle:45:Idris2014:40:0.352,vle,Idris2014,40.0,0.352,HCO3-,0.009843649162257617,0.009770945024528192,-7.270413772942491e-05
vle:45:Idris2014:40:0.352,vle,Idris2014,40.0,0.352,MEA,0.3058535832858009,0.30576272039861113,-9.086288718979096e-05
vle:45:Idris2014:40:0.352,vle,Idris2014,40.0,0.352,MEACOO-,0.34215138377597065,0.33963247195889934,-0.002518911817071312
vle:45:Idris2014:40:0.352,vle,Idris2014,40.0,0.352,MEAH+,0.3519950329382284,0.3546048076424894,0.002609774704260992
vle:45:Idris2014:40:0.352,vle,Idris2014,40.0,0.352,OH-,0.0,1.816466360770953e-05,1.816466360770953e-05
vle:46:Idris2014:40:0.355,vle,Idris2014,40.0,0.355,CO2,5.2440970679943175e-06,5.247281972760703e-06,3.184904766385783e-09
vle:46:Idris2014:40:0.355,vle,Idris2014,40.0,0.355,CO3^2-,0.0,0.002590488060129234,0.002590488060129234
vle:46:Idris2014:40:0.355,vle,Idris2014,40.0,0.355,H2O,7.899396555150886,7.896862330575559,-0.0025342245753261494
vle:46:Idris2014:40:0.355,vle,Idris2014,40.0,0.355,H3O+,0.0,3.307875320821583e-11,3.307875320821583e-11
vle:46:Idris2014:40:0.355,vle,Idris2014,40.0,0.355,HCO3-,0.010111398974162893,0.010037461372186179,-7.393760197671462e-05
vle:46:Idris2014:40:0.355,vle,Idris2014,40.0,0.355,MEA,0.3001218871682991,0.3000302818851196,-9.160528317947447e-05
vle:46:Idris2014:40:0.355,vle,Idris2014,40.0,0.355,MEACOO-,0.34488335692876904,0.34236680328571156,-0.002516553643057473
vle:46:Idris2014:40:0.355,vle,Idris2014,40.0,0.355,MEAH+,0.354994755902932,0.35760291482916884,0.0026081589262368365
vle:46:Idris2014:40:0.355,vle,Idris2014,40.0,0.355,OH-,0.0,1.7674084090848763e-05,1.7674084090848763e-05
vle:47:Idris2014:40:0.375,vle,Idris2014,40.0,0.375,CO2,7.635861161501938e-06,7.64147875670113e-06,5.617595199191634e-09
vle:47:Idris2014:40:0.375,vle,Idris2014,40.0,0.375,CO3^2-,0.0,0.0025813676206776067,0.0025813676206776067
vle:47:Idris2014:40:0.375,vle,Idris2014,40.0,0.375,H2O,7.897334879076125,7.894822050330738,-0.0025128287453863862
vle:47:Idris2014:40:0.375,vle,Idris2014,40.0,0.375,H3O+,0.0,3.997312610453926e-11,3.997312610453926e-11
vle:47:Idris2014:40:0.375,vle,Idris2014,40.0,0.375,HCO3-,0.012173075048922222,0.012089917947363601,-8.315710155862126e-05
vle:47:Idris2014:40:0.375,vle,Idris2014,40.0,0.375,MEA,0.26218834677124514,0.26209058275854863,-9.77640126965107e-05
vle:47:Idris2014:40:0.375,vle,Idris2014,40.0,0.375,MEACOO-,0.3628192890899163,0.3603210729532021,-0.002498216136714193
vle:47:Idris2014:40:0.375,vle,Idris2014,40.0,0.375,MEAH+,0.3749923641388386,0.37758834428824933,0.0025959801494107593
vle:47:Idris2014:40:0.375,vle,Idris2014,40.0,0.375,OH-,0.0,1.4618186301445541e-05,1.4618186301445541e-05
vle:48:Idris2014:40:0.377,vle,Idris2014,40.0,0.377,CO2,7.94013286295537e-06,7.946100376800924e-06,5.96751384555384e-09
vle:48:Idris2014:40:0.377,vle,Idris2014,40.0,0.377,CO3^2-,0.0,0.002580279097474602,0.002580279097474602
vle:48:Idris2014:40:0.377,vle,Idris2014,40.0,0.377,H2O,7.897098012246761,7.894587585213837,-0.002510427032923701
vle:48:Idris2014:40:0.377,vle,Idris2014,40.0,0.377,H3O+,0.0,4.076886908092188e-11,4.076886908092188e-11
vle:48:Idris2014:40:0.377,vle,Idris2014,40.0,0.377,HCO3-,0.01240994187828573,0.012325757761542395,-8.418411674333479e-05
vle:48:Idris2014:40:0.377,vle,Idris2014,40.0,0.377,MEA,0.25842582214401166,0.2583273179916479,-9.850415236378751e-05
vle:48:Idris2014:40:0.377,vle,Idris2014,40.0,0.377,MEACOO-,0.36458211798885126,0.36208601704060606,-0.0024961009482452057
vle:48:Idris2014:40:0.377,vle,Idris2014,40.0,0.377,MEAH+,0.376992059867137,0.37958666496774596,0.0025946051006089377
vle:48:Idris2014:40:0.377,vle,Idris2014,40.0,0.377,OH-,0.0,1.4332011417100525e-05,1.4332011417100525e-05
vle:49:Idris2014:40:0.436,vle,Idris2014,40.0,0.436,CO2,3.0046451524735807e-05,3.0097469892804724e-05,5.1018368068916876e-08
vle:49:Idris2014:40:0.436,vle,Idris2014,40.0,0.436,CO3^2-,0.0,0.0025239354615427495,0.0025239354615427495
vle:49:Idris2014:40:0.436,vle,Idris2014,40.0,0.436,H2O,7.885674663367013,7.883268720726922,-0.0024059426400908634
vle:49:Idris2014:40:0.436,vle,Idris2014,40.0,0.436,H3O+,0.0,8.005263654209013e-11,8.005263654209013e-11
vle:49:Idris2014:40:0.436,vle,Idris2014,40.0,0.436,HCO3-,0.023833290758033414,0.0237080198249243,-0.00012527093310911452
vle:49:Idris2014:40:0.436,vle,Idris2014,40.0,0.436,MEA,0.15189338366108285,0.15176093681316324,-0.00013244684791960393
vle:49:Idris2014:40:0.436,vle,Idris2014,40.0,0.436,MEACOO-,0.4121366627904418,0.40973794724364015,-0.0023987155468016552
vle:49:Idris2014:40:0.436,vle,Idris2014,40.0,0.436,MEAH+,0.4359699535484753,0.4385011159431966,0.002531162394721287
vle:49:Idris2014:40:0.436,vle,Idris2014,40.0,0.436,OH-,0.0,7.278031599207647e-06,7.278031599207647e-06
vle:4:Aronu2011:40:0.353,vle,Aronu2011,40.0,0.353,CO2,5.057466878275172e-06,5.060486563957233e-06,3.0196856820613748e-09
vle:4:Aronu2011:40:0.353,vle,Aronu2011,40.0,0.353,CO3^2-,0.0,0.0025912443305808708,0.0025912443305808708
vle:4:Aronu2011:40:0.353,vle,Aronu2011,40.0,0.353,H2O,7.899576109947016,7.8970399767608415,-0.002536133186174183
vle:4:Aronu2011:40:0.353,vle,Aronu2011,40.0,0.353,H3O+,0.0,3.248099636030502e-11,3.248099636030502e-11
vle:4:Aronu2011:40:0.353,vle,Aronu2011,40.0,0.353,HCO3-,0.00993184417803036,0.009858732846111808,-7.311133191855237e-05
vle:4:Aronu2011:40:0.353,vle,Aronu2011,40.0,0.353,MEA,0.30394195911178695,0.30385085369669546,-9.110541509149694e-05
vle:4:Aronu2011:40:0.353,vle,Aronu2011,40.0,0.353,MEACOO-,0.34306309835509136,0.34054496233674353,-0.0025181360183478274
vle:4:Aronu2011:40:0.353,vle,Aronu2011,40.0,0.353,MEAH+,0.35299494253312175,0.355604183966561,0.002609241433439269
vle:4:Aronu2011:40:0.353,vle,Aronu2011,40.0,0.353,OH-,0.0,1.8000155024935702e-05,1.8000155024935702e-05
vle:50:Idris2014:40:0.46,vle,Idris2014,40.0,0.46,CO2,5.9109598534118074e-05,5.926230356349668e-05,1.5270502937860908e-07
vle:50:Idris2014:40:0.46,vle,Idris2014,40.0,0.46,CO3^2-,0.0,0.002476869982851509,0.002476869982851509
vle:50:Idris2014:40:0.46,vle,Idris2014,40.0,0.46,H2O,7.876424997023649,7.874089382104919,-0.0023356149187296893
vle:50:Idris2014:40:0.46,vle,Idris2014,40.0,0.46,H3O+,0.0,1.1319512706786132e-10,1.1319512706786132e-10
vle:50:Idris2014:40:0.46,vle,Idris2014,40.0,0.46,HCO3-,0.03308295710139072,0.03293656681263585,-0.00014639028875487042
vle:50:Idris2014:40:0.46,vle,Idris2014,40.0,0.46,MEA,0.11320117629845831,0.11304995642161586,-0.00015121987684245386
vle:50:Idris2014:40:0.46,vle,Idris2014,40.0,0.46,MEACOO-,0.42685793330007543,0.42452730090094976,-0.002330632399125676
vle:50:Idris2014:40:0.46,vle,Idris2014,40.0,0.46,MEAH+,0.4599408904014663,0.46242274267743433,0.002481852275968033
vle:50:Idris2014:40:0.46,vle,Idris2014,40.0,0.46,OH-,0.0,5.13511134157464e-06,5.13511134157464e-06
vle:51:Jou1995:40:0.0888,vle,Jou1995,40.0,0.0888,CO2,4.4403430221904205e-08,4.448306098626185e-08,7.963076435764717e-11
vle:51:Jou1995:40:0.0888,vle,Jou1995,40.0,0.0888,CO3^2-,0.0,0.0025266380337289874,0.0025266380337289874
vle:51:Jou1995:40:0.0888,vle,Jou1995,40.0,0.0888,H2O,7.908567901771198,7.905878394939189,-0.002689506832008526
vle:51:Jou1995:40:0.0888,vle,Jou1995,40.0,0.0888,H3O+,0.0,3.089171483269497e-12,3.089171483269497e-12
vle:51:Jou1995:40:0.0888,vle,Jou1995,40.0,0.0888,HCO3-,0.0009400523538964142,0.000913235201674368,-2.681715222204611e-05
vle:51:Jou1995:40:0.0888,vle,Jou1995,40.0,0.0888,MEA,0.8233401411607572,0.8231236382235251,-0.00021650293723207703
vle:51:Jou1995:40:0.0888,vle,Jou1995,40.0,0.0888,MEACOO-,0.08785990324267332,0.08536008228153644,-0.0024998209611368782
vle:51:Jou1995:40:0.0888,vle,Jou1995,40.0,0.0888,MEAH+,0.08879995559656952,0.09151627949493849,0.002716323898368969
vle:51:Jou1995:40:0.0888,vle,Jou1995,40.0,0.0888,OH-,0.0,0.0001896859473598196,0.0001896859473598196
vle:52:Jou1995:40:0.203,vle,Jou1995,40.0,0.203,CO2,4.3966526060809123e-07,4.3987157342238973e-07,2.063128142985009e-10
vle:52:Jou1995:40:0.203,vle,Jou1995,40.0,0.203,CO3^2-,0.0,0.0026005384782174412,0.0026005384782174412
vle:52:Jou1995:40:0.203,vle,Jou1995,40.0,0.203,H2O,7.906556573989871,7.903933129263346,-0.0026234447265247596
vle:52:Jou1995:40:0.203,vle,Jou1995,40.0,0.203,H3O+,0.0,9.571658322341539e-12,9.571658322341539e-12
vle:52:Jou1995:40:0.203,vle,Jou1995,40.0,0.203,HCO3-,0.002951380135175412,0.0029130969671812136,-3.828316799419848e-05
vle:52:Jou1995:40:0.203,vle,Jou1995,40.0,0.203,MEA,0.5969522594656966,0.5968527873131653,-9.947215253136577e-05
vle:52:Jou1995:40:0.203,vle,Jou1995,40.0,0.203,MEACOO-,0.20004818019956397,0.19748592468302806,-0.0025622555165359107
vle:52:Jou1995:40:0.203,vle,Jou1995,40.0,0.203,MEAH+,0.20299956033473934,0.2056612880038067,0.0026617276690673597
vle:52:Jou1995:40:0.203,vle,Jou1995,40.0,0.203,OH-,0.0,6.118940673432093e-05,6.118940673432093e-05
vle:53:Jou1995:40:0.365,vle,Jou1995,40.0,0.365,CO2,6.3076403712647355e-06,6.311835974120333e-06,4.1956028555971176e-09
vle:53:Jou1995:40:0.365,vle,Jou1995,40.0,0.365,CO3^2-,0.0,0.0025863037664293643,0.0025863037664293643
vle:53:Jou1995:40:0.365,vle,Jou1995,40.0,0.365,H2O,7.898430533552639,7.895906448357977,-0.0025240851946621845
vle:53:Jou1995:40:0.365,vle,Jou1995,40.0,0.365,H3O+,0.0,3.630211507668003e-11,3.630211507668003e-11
vle:53:Jou1995:40:0.365,vle,Jou1995,40.0,0.365,HCO3-,0.011077420572412684,0.01099910110803106,-7.831946438162374e-05
vle:53:Jou1995:40:0.365,vle,Jou1995,40.0,0.365,MEA,0.2810900358531552,0.28099562395996747,-9.441189318770693e-05
vle:53:Jou1995:40:0.365,vle,Jou1995,40.0,0.365,MEACOO-,0.353916271787216,0.35140828328956564,-0.002507988497650382
vle:53:Jou1995:40:0.365,vle,Jou1995,40.0,0.365,MEAH+,0.36499369235962875,0.3675960927504669,0.0026024003908381443
vle:53:Jou1995:40:0.365,vle,Jou1995,40.0,0.365,OH-,0.0,1.6100856313705604e-05,1.6100856313705604e-05
vle:54:Jou1995:40:0.4735,vle,Jou1995,40.0,0.4735,CO2,9.009059237938717e-05,9.038633452328188e-05,2.957421438947019e-07
vle:54:Jou1995:40:0.4735,vle,Jou1995,40.0,0.4735,CO3^2-,0.0,0.002439241026168946,0.002439241026168946
vle:54:Jou1995:40:0.4735,vle,Jou1995,40.0,0.4735,H2O,7.869004449944528,7.866717513821601,-0.0022869361229274077
vle:54:Jou1995:40:0.4735,vle,Jou1995,40.0,0.4735,H3O+,0.0,1.4067054344014717e-10,1.4067054344014717e-10
vle:54:Jou1995:40:0.4735,vle,Jou1995,40.0,0.4735,HCO3-,0.04050350418051961,0.040347074735801444,-0.00015642944471816467
vle:54:Jou1995:40:0.4735,vle,Jou1995,40.0,0.4735,MEA,0.09368368536527846,0.09352372314473484,-0.00015996222054362463
vle:54:Jou1995:40:0.4735,vle,Jou1995,40.0,0.4735,MEACOO-,0.43290640522710094,0.4306232979035063,-0.0022831073235946575
vle:54:Jou1995:40:0.4735,vle,Jou1995,40.0,0.4735,MEAH+,0.4734099094076205,0.47585297895175893,0.002443069544138421
vle:54:Jou1995:40:0.4735,vle,Jou1995,40.0,0.4735,OH-,0.0,4.1244007837365145e-06,4.1244007837365145e-06
vle:55:Jou1995:40:0.513,vle,Jou1995,40.0,0.513,CO2,0.0003406030660734517,0.0003425432568137116,1.940190740259875e-06
vle:55:Jou1995:40:0.513,vle,Jou1995,40.0,0.513,CO3^2-,0.0,0.002266164618360053,0.002266164618360053
vle:55:Jou1995:40:0.513,vle,Jou1995,40.0,0.513,H2O,7.833814942546521,7.83170237290547,-0.0021125696410511097
vle:55:Jou1995:40:0.513,vle,Jou1995,40.0,0.513,H3O+,0.0,2.8221422676472604e-10,2.8221422676472604e-10
vle:55:Jou1995:40:0.513,vle,Jou1995,40.0,0.513,HCO3-,0.07569301157852533,0.075537378759206,-0.0001556328193193235
vle:55:Jou1995:40:0.513,vle,Jou1995,40.0,0.513,MEA,0.05037421771067234,0.05022042799525856,-0.00015378971541377823
vle:55:Jou1995:40:0.513,vle,Jou1995,40.0,0.513,MEACOO-,0.4369663853554011,0.4348539133656204,-0.0021124719897807065
vle:55:Jou1995:40:0.513,vle,Jou1995,40.0,0.513,MEAH+,0.5126593969339265,0.5149256586391211,0.0022662617051946166
vle:55:Jou1995:40:0.513,vle,Jou1995,40.0,0.513,OH-,0.0,2.0375597890320885e-06,2.0375597890320885e-06
vle:56:Jou1995:40:0.557,vle,Jou1995,40.0,0.557,CO2,0.0012975998472757554,0.0013064719320825926,8.872084806837164e-06
vle:56:Jou1995:40:0.557,vle,Jou1995,40.0,0.557,CO3^2-,0.0,0.0019865822838583155,0.0019865822838583155
vle:56:Jou1995:40:0.557,vle,Jou1995,40.0,0.557,H2O,7.7718208009001195,7.769951779762612,-0.0018690211375078647
vle:56:Jou1995:40:0.557,vle,Jou1995,40.0,0.557,H3O+,0.0,5.81679039266915e-10,5.81679039266915e-10
vle:56:Jou1995:40:0.557,vle,Jou1995,40.0,0.557,HCO3-,0.13768715322513508,0.13756861845812415,-0.00011853476701093046
vle:56:Jou1995:40:0.557,vle,Jou1995,40.0,0.557,MEA,0.02628235291963681,0.026180589865190854,-0.00010176305444595593
vle:56:Jou1995:40:0.557,vle,Jou1995,40.0,0.557,MEACOO-,0.4180152469276442,0.416138327325935,-0.001876919601709215
vle:56:Jou1995:40:0.557,vle,Jou1995,40.0,0.557,MEAH+,0.5557024001527189,0.5576810828088742,0.001978682656155306
vle:56:Jou1995:40:0.557,vle,Jou1995,40.0,0.557,OH-,0.0,9.730387774247902e-07,9.730387774247902e-07
vle:57:Jou1995:40:0.609,vle,Jou1995,40.0,0.609,CO2,0.004203732729499409,0.004230023360686186,2.6290631186777318e-05
vle:57:Jou1995:40:0.609,vle,Jou1995,40.0,0.609,CO3^2-,0.0,0.001645877190720416,0.001645877190720416
vle:57:Jou1995:40:0.609,vle,Jou1995,40.0,0.609,H2O,7.685376024271715,7.683837434752744,-0.001538589518971456
vle:57:Jou1995:40:0.609,vle,Jou1995,40.0,0.609,H3O+,0.0,1.130649136764537e-09,1.130649136764537e-09
vle:57:Jou1995:40:0.609,vle,Jou1995,40.0,0.609,HCO3-,0.22413192985333197,0.22402415149152302,-0.00010777836180894673
vle:57:Jou1995:40:0.609,vle,Jou1995,40.0,0.609,MEA,0.014539395312331012,0.014483709784142323,-5.568552818868873e-05
vle:57:Jou1995:40:0.609,vle,Jou1995,40.0,0.609,MEACOO-,0.38066433741716854,0.3790999479570703,-0.0015643894600982367
vle:57:Jou1995:40:0.609,vle,Jou1995,40.0,0.609,MEAH+,0.6047962672705004,0.6064163422587875,0.0016200749882870902
vle:57:Jou1995:40:0.609,vle,Jou1995,40.0,0.609,OH-,0.0,4.895594021671411e-07,4.895594021671411e-07
vle:58:Jou1995:40:0.642,vle,Jou1995,40.0,0.642,CO2,0.007486793481260424,0.00752865443536744,4.186095410701595e-05
vle:58:Jou1995:40:0.642,vle,Jou1995,40.0,0.642,CO3^2-,0.0,0.0014523028049110267,0.0014523028049110267
vle:58:Jou1995:40:0.642,vle,Jou1995,40.0,0.642,H2O,7.629707490477051,7.628377075284515,-0.0013304151925357388
vle:58:Jou1995:40:0.642,vle,Jou1995,40.0,0.642,H3O+,0.0,1.588129500521499e-09,1.588129500521499e-09
vle:58:Jou1995:40:0.642,vle,Jou1995,40.0,0.642,HCO3-,0.27980046364799716,0.2796782309248978,-0.00012223272309935806
vle:58:Jou1995:40:0.642,vle,Jou1995,40.0,0.642,MEA,0.0107740506105179,0.01073519786116815,-3.8852749349749596e-05
vle:58:Jou1995:40:0.642,vle,Jou1995,40.0,0.642,MEACOO-,0.35471274287074256,0.3533408118348236,-0.001371931035918983
vle:58:Jou1995:40:0.642,vle,Jou1995,40.0,0.642,MEAH+,0.6345132065187395,0.6359239903040083,0.00141078378526871
vle:58:Jou1995:40:0.642,vle,Jou1995,40.0,0.642,OH-,0.0,3.4352259420322727e-07,3.4352259420322727e-07
vle:59:Aronu2011:60:0.053,vle,Aronu2011,60.0,0.053,CO2,7.137489947126698e-08,7.175872733690732e-08,3.838278656403352e-10
vle:59:Aronu2011:60:0.053,vle,Aronu2011,60.0,0.053,CO3^2-,0.0,0.0010031519550037973,0.0010031519550037973
vle:59:Aronu2011:60:0.053,vle,Aronu2011,60.0,0.053,H2O,7.9088153261804575,7.9075501565846125,-0.0012651695958449949
vle:59:Aronu2011:60:0.053,vle,Aronu2011,60.0,0.053,H3O+,0.0,6.979288770438683e-12,6.979288770438683e-12
vle:59:Aronu2011:60:0.053,vle,Aronu2011,60.0,0.053,HCO3-,0.0006926279446264696,0.0006796269234281034,-1.3001021198366203e-05
vle:59:Aronu2011:60:0.053,vle,Aronu2011,60.0,0.053,MEA,0.8946927706944257,0.8944047517928624,-0.0002880189015632695
vle:59:Aronu2011:60:0.053,vle,Aronu2011,60.0,0.053,MEACOO-,0.05230730068047402,0.051317149362840896,-0.0009901513176331228
vle:59:Aronu2011:60:0.053,vle,Aronu2011,60.0,0.053,MEAH+,0.05299992862510041,0.054278098844296775,0.0012781702191963645
vle:59:Aronu2011:60:0.053,vle,Aronu2011,60.0,0.053,OH-,0.0,0.0002750186549996136,0.0002750186549996136
vle:5:Aronu2011:40:0.401,vle,Aronu2011,40.0,0.401,CO2,1.3027783180736474e-05,1.3040844820713776e-05,1.3061639977301746e-08
vle:5:Aronu2011:40:0.401,vle,Aronu2011,40.0,0.401,CO3^2-,0.0,0.0025639622651266575,0.0025639622651266575
vle:5:Aronu2011:40:0.401,vle,Aronu2011,40.0,0.401,H2O,7.893672815622331,7.891195966733092,-0.002476848889238603
vle:5:Aronu2011:40:0.401,vle,Aronu2011,40.0,0.401,H3O+,0.0,5.23602823488311e-11,5.23602823488311e-11
vle:5:Aronu2011:40:0.401,vle,Aronu2011,40.0,0.401,HCO3-,0.01583513850271707,0.015736875440939404,-9.826306177766753e-05
vle:5:Aronu2011:40:0.401,vle,Aronu2011,40.0,0.401,MEA,0.21386119406907844,0.21375180754942164,-0.00010938651965680668
vle:5:Aronu2011:40:0.401,vle,Aronu2011,40.0,0.401,MEACOO-,0.38515183371410233,0.38268612144911324,-0.002465712264989095
vle:5:Aronu2011:40:0.401,vle,Aronu2011,40.0,0.401,MEAH+,0.4009869722168192,0.40356207100146513,0.0025750987846459017
vle:5:Aronu2011:40:0.401,vle,Aronu2011,40.0,0.401,OH-,0.0,1.1149633519322537e-05,1.1149633519322537e-05
vle:60:Aronu2011:60:0.105,vle,Aronu2011,60.0,0.105,CO2,3.5729316725249067e-07,3.5780435318230516e-07,5.111859298144895e-10
vle:60:Aronu2011:60:0.105,vle,Aronu2011,60.0,0.105,CO3^2-,0.0,0.0010239010750717839,0.0010239010750717839
vle:60:Aronu2011:60:0.105,vle,Aronu2011,60.0,0.105,H2O,7.907959766829044,7.906826489643439,-0.0011332771856045198
vle:60:Aronu2011:60:0.105,vle,Aronu2011,60.0,0.105,H3O+,0.0,1.5423798730215643e-11,1.5423798730215643e-11
vle:60:Aronu2011:60:0.105,vle,Aronu2011,60.0,0.105,HCO3-,0.001548187296009422,0.00153313987246838,-1.5047423541041886e-05
vle:60:Aronu2011:60:0.105,vle,Aronu2011,60.0,0.105,MEA,0.791548901882344,0.7914094319779574,-0.0001394699043865133
vle:60:Aronu2011:60:0.105,vle,Aronu2011,60.0,0.105,MEACOO-,0.10345145541082332,0.10244260124810674,-0.0010088541627165798
vle:60:Aronu2011:60:0.105,vle,Aronu2011,60.0,0.105,MEAH+,0.10499964270683267,0.1061479667739358,0.0011483240671031347
vle:60:Aronu2011:60:0.105,vle,Aronu2011,60.0,0.105,OH-,0.0,0.00012442351864095697,0.00012442351864095697
vle:61:Aronu2011:60:0.162,vle,Aronu2011,60.0,0.162,CO2,1.1537409680233176e-06,1.1544822115100393e-06,7.412434867217028e-10
vle:61:Aronu2011:60:0.162,vle,Aronu2011,60.0,0.162,CO3^2-,0.0,0.0010289866540679254,0.0010289866540679254
vle:61:Aronu2011:60:0.162,vle,Aronu2011,60.0,0.162,H2O,7.906729731573311,7.905648979875351,-0.0010807516979598475
vle:61:Aronu2011:60:0.162,vle,Aronu2011,60.0,0.162,H3O+,0.0,2.7630532145152516e-11,2.7630532145152516e-11
vle:61:Aronu2011:60:0.162,vle,Aronu2011,60.0,0.162,HCO3-,0.0027782225517394106,0.002760553083372485,-1.7669468366925643e-05
vle:61:Aronu2011:60:0.162,vle,Aronu2011,60.0,0.162,MEA,0.6787805300336753,0.6786934275908015,-8.710244287379876e-05
vle:61:Aronu2011:60:0.162,vle,Aronu2011,60.0,0.162,MEACOO-,0.15922062370729265,0.15820930578034814,-0.001011317926944505
vle:61:Aronu2011:60:0.162,vle,Aronu2011,60.0,0.162,MEAH+,0.16199884625903202,0.16309726662885027,0.0010984203698182482
vle:61:Aronu2011:60:0.162,vle,Aronu2011,60.0,0.162,OH-,0.0,6.943448462436116e-05,6.943448462436116e-05
vle:62:Aronu2011:60:0.244,vle,Aronu2011,60.0,0.244,CO2,4.479501633076813e-06,4.481077605442438e-06,1.5759723656249395e-09
vle:62:Aronu2011:60:0.244,vle,Aronu2011,60.0,0.244,CO3^2-,0.0,0.0010278581522443649,0.0010278581522443649
vle:62:Aronu2011:60:0.244,vle,Aronu2011,60.0,0.244,H2O,7.904050070607895,7.903010086615348,-0.0010399839925474552
vle:62:Aronu2011:60:0.244,vle,Aronu2011,60.0,0.244,H3O+,0.0,5.4438677989650866e-11,5.4438677989650866e-11
vle:62:Aronu2011:60:0.244,vle,Aronu2011,60.0,0.244,HCO3-,0.005457883517147208,0.005434791122643655,-2.309239450355282e-05
vle:62:Aronu2011:60:0.244,vle,Aronu2011,60.0,0.244,MEA,0.5174668425204133,0.5174085351519202,-5.830736849310458e-05
vle:62:Aronu2011:60:0.244,vle,Aronu2011,60.0,0.244,MEACOO-,0.23853763698121974,0.23753286964750642,-0.0010047673337133245
vle:62:Aronu2011:60:0.244,vle,Aronu2011,60.0,0.244,MEAH+,0.24399552049836687,0.24505859520057344,0.0010630747022065679
vle:62:Aronu2011:60:0.244,vle,Aronu2011,60.0,0.244,OH-,0.0,3.5218180373083596e-05,3.5218180373083596e-05
vle:63:Aronu2011:60:0.303,vle,Aronu2011,60.0,0.303,CO2,1.1335013193023067e-05,1.1338595387069591e-05,3.5821940465239737e-09
vle:63:Aronu2011:60:0.303,vle,Aronu2011,60.0,0.303,CO3^2-,0.0,0.0010227305831785178,0.0010227305831785178
vle:63:Aronu2011:60:0.303,vle,Aronu2011,60.0,0.303,H2O,7.900856941090769,7.899841341378018,-0.001015599712751225
vle:63:Aronu2011:60:0.303,vle,Aronu2011,60.0,0.303,H3O+,0.0,8.676019499767598e-11,8.676019499767598e-11
vle:63:Aronu2011:60:0.303,vle,Aronu2011,60.0,0.303,HCO3-,0.008651013034277828,0.008621801743527552,-2.921129075027576e-05
vle:63:Aronu2011:60:0.303,vle,Aronu2011,60.0,0.303,MEA,0.40267368306066403,0.4026223986875044,-5.128437315965462e-05
vle:63:Aronu2011:60:0.303,vle,Aronu2011,60.0,0.303,MEACOO-,0.29433765195252903,0.29334412907790686,-0.000993522874622177
vle:63:Aronu2011:60:0.303,vle,Aronu2011,60.0,0.303,MEAH+,0.302988664986807,0.30403347223458876,0.001044807247781776
vle:63:Aronu2011:60:0.303,vle,Aronu2011,60.0,0.303,OH-,0.0,2.208033355761592e-05,2.208033355761592e-05
vle:64:Aronu2011:60:0.36,vle,Aronu2011,60.0,0.36,CO2,2.970440721037188e-05,2.9715741446115234e-05,1.1334235743354413e-08
vle:64:Aronu2011:60:0.36,vle,Aronu2011,60.0,0.36,CO3^2-,0.0,0.0010125733262188567,0.0010125733262188567
vle:64:Aronu2011:60:0.36,vle,Aronu2011,60.0,0.36,H2O,7.895585960650799,7.89459829042857,-0.00098767022222912
vle:64:Aronu2011:60:0.36,vle,Aronu2011,60.0,0.36,H3O+,0.0,1.4101607057115442e-10,1.4101607057115442e-10
vle:64:Aronu2011:60:0.36,vle,Aronu2011,60.0,0.36,HCO3-,0.013921993474243529,0.013883523321413753,-3.8470152829775395e-05
vle:64:Aronu2011:60:0.36,vle,Aronu2011,60.0,0.36,MEA,0.29398140228866426,0.29392938803748886,-5.2014251175402926e-05
vle:64:Aronu2011:60:0.36,vle,Aronu2011,60.0,0.36,MEACOO-,0.34604830211854604,0.34507418761092146,-0.0009741145076245794
vle:64:Aronu2011:60:0.36,vle,Aronu2011,60.0,0.36,MEAH+,0.35997029559278965,0.3609964243515896,0.0010261287587999268
vle:64:Aronu2011:60:0.36,vle,Aronu2011,60.0,0.36,OH-,0.0,1.3566907832924129e-05,1.3566907832924129e-05
vle:65:Aronu2011:60:0.393,vle,Aronu2011,60.0,0.393,CO2,5.574929106106682e-05,5.577681893203277e-05,2.7527870965951117e-08
vle:65:Aronu2011:60:0.393,vle,Aronu2011,60.0,0.393,CO3^2-,0.0,0.0010023697852605147,0.0010023697852605147
vle:65:Aronu2011:60:0.393,vle,Aronu2011,60.0,0.393,H2O,7.8905428287416575,7.889576863364492,-0.0009659653771656451
vle:65:Aronu2011:60:0.393,vle,Aronu2011,60.0,0.393,H3O+,0.0,1.9399312097478175e-10,1.9399312097478175e-10
vle:65:Aronu2011:60:0.393,vle,Aronu2011,60.0,0.393,HCO3-,0.01896512538338797,0.01891887136477049,-4.62540186174816e-05
vle:65:Aronu2011:60:0.393,vle,Aronu2011,60.0,0.393,MEA,0.23307662396551004,0.23302057578009555,-5.60481854144923e-05
vle:65:Aronu2011:60:0.393,vle,Aronu2011,60.0,0.393,MEACOO-,0.373979125325551,0.3730229820310372,-0.0009561432945138226
vle:65:Aronu2011:60:0.393,vle,Aronu2011,60.0,0.393,MEAH+,0.392944250708939,0.3939564421888672,0.001012191479928204
vle:65:Aronu2011:60:0.393,vle,Aronu2011,60.0,0.393,OH-,0.0,9.849416532051152e-06,9.849416532051152e-06
vle:66:Aronu2011:60:0.428,vle,Aronu2011,60.0,0.428,CO2,0.00011967087843302243,0.00011975851650311247,8.763807009003796e-08
vle:66:Aronu2011:60:0.428,vle,Aronu2011,60.0,0.428,CO3^2-,0.0,0.0009848854950475659,0.0009848854950475659
vle:66:Aronu2011:60:0.428,vle,Aronu2011,60.0,0.428,H2O,7.881987018252091,7.881052387150692,-0.0009346311013986863
vle:66:Aronu2011:60:0.428,vle,Aronu2011,60.0,0.428,H3O+,0.0,2.8630436578774084e-10,2.8630436578774084e-10
vle:66:Aronu2011:60:0.428,vle,Aronu2011,60.0,0.428,HCO3-,0.02752093587285384,0.02746402187295535,-5.691399989849258e-05
vle:66:Aronu2011:60:0.428,vle,Aronu2011,60.0,0.428,MEA,0.17176027762971793,0.1716968798725008,-6.339775721714291e-05
vle:66:Aronu2011:60:0.428,vle,Aronu2011,60.0,0.428,MEACOO-,0.40035939324871395,0.3994313341154939,-0.0009280591332200272
vle:66:Aronu2011:60:0.428,vle,Aronu2011,60.0,0.428,MEAH+,0.4278803291215681,0.4288717860120053,0.0009914568904372256
vle:66:Aronu2011:60:0.428,vle,Aronu2011,60.0,0.428,OH-,0.0,6.659319765577591e-06,6.659319765577591e-06
vle:67:Aronu2011:60:0.491,vle,Aronu2011,60.0,0.491,CO2,0.0006554417491505759,0.0006565598695175966,1.1181203670207517e-06
vle:67:Aronu2011:60:0.491,vle,Aronu2011,60.0,0.491,CO3^2-,0.0,0.0009162954322909278,0.0009162954322909278
vle:67:Aronu2011:60:0.491,vle,Aronu2011,60.0,0.491,H2O,7.847546345583235,7.84670022486963,-0.0008461207136054583
vle:67:Aronu2011:60:0.491,vle,Aronu2011,60.0,0.491,H3O+,0.0,6.904436363930323e-10,6.904436363930323e-10
vle:67:Aronu2011:60:0.491,vle,Aronu2011,60.0,0.491,HCO3-,0.061961608541808946,0.061888695751350434,-7.291279045851251e-05
vle:67:Aronu2011:60:0.491,vle,Aronu2011,60.0,0.491,MEA,0.08127249204011008,0.08119907879949156,-7.34132406185195e-05
vle:67:Aronu2011:60:0.491,vle,Aronu2011,60.0,0.491,MEACOO-,0.4283829497090406,0.42753844894684123,-0.000844500762199385
vle:67:Aronu2011:60:0.491,vle,Aronu2011,60.0,0.491,MEAH+,0.4903445582508493,0.49126247225366715,0.0009179140028178212
vle:67:Aronu2011:60:0.491,vle,Aronu2011,60.0,0.491,OH-,0.0,2.7373813378483787e-06,2.7373813378483787e-06
vle:68:Hilliard2008:60:0.114,vle,Hilliard2008,60.0,0.114,CO2,4.406522718733155e-07,4.411914250272633e-07,5.391531539478426e-10
vle:68:Hilliard2008:60:0.114,vle,Hilliard2008,60.0,0.114,CO3^2-,0.0,0.001025288998765329,0.001025288998765329
vle:68:Hilliard2008:60:0.114,vle,Hilliard2008,60.0,0.114,H2O,7.9077889533526005,7.906666961395769,-0.0011219919568317138
vle:68:Hilliard2008:60:0.114,vle,Hilliard2008,60.0,0.114,H3O+,0.0,1.711491615497816e-11,1.711491615497816e-11
vle:68:Hilliard2008:60:0.114,vle,Hilliard2008,60.0,0.114,HCO3-,0.0017190007724538848,0.0017035789531320514,-1.5421819321833306e-05
vle:68:Hilliard2008:60:0.114,vle,Hilliard2008,60.0,0.114,MEA,0.7737198820769978,0.7735923365928399,-0.00012754548415794265
vle:68:Hilliard2008:60:0.114,vle,Hilliard2008,60.0,0.114,MEACOO-,0.11228055857527419,0.11127069085667757,-0.0010098677185966243
vle:68:Hilliard2008:60:0.114,vle,Hilliard2008,60.0,0.114,MEAH+,0.11399955934772805,0.1151369725504825,0.001137413202754442
vle:68:Hilliard2008:60:0.114,vle,Hilliard2008,60.0,0.114,OH-,0.0,0.00011212476025716252,0.00011212476025716252
vle:69:Hilliard2008:60:0.191,vle,Hilliard2008,60.0,0.191,CO2,1.909546979192297e-06,1.910479374210965e-06,9.323950186679195e-10
vle:69:Hilliard2008:60:0.191,vle,Hilliard2008,60.0,0.191,CO3^2-,0.0,0.0010293943048505939,0.0010293943048505939
vle:69:Hilliard2008:60:0.191,vle,Hilliard2008,60.0,0.191,H2O,7.905936932937188,7.904872859325716,-0.0010640736114719829
vle:69:Hilliard2008:60:0.191,vle,Hilliard2008,60.0,0.191,H3O+,0.0,3.5531768018619446e-11,3.5531768018619446e-11
vle:69:Hilliard2008:60:0.191,vle,Hilliard2008,60.0,0.191,HCO3-,0.0035710211878598667,0.003551716793250406,-1.930439460946093e-05
vle:69:Hilliard2008:60:0.191,vle,Hilliard2008,60.0,0.191,MEA,0.6215748402818183,0.6215015541218397,-7.328615997859167e-05
vle:69:Hilliard2008:60:0.191,vle,Hilliard2008,60.0,0.191,MEACOO-,0.18742706926516084,0.1864169784225246,-0.0010100908426362298
vle:69:Hilliard2008:60:0.191,vle,Hilliard2008,60.0,0.191,MEAH+,0.19099809045302074,0.19208146745563567,0.0010833770026149325
vle:69:Hilliard2008:60:0.191,vle,Hilliard2008,60.0,0.191,OH-,0.0,5.398366569105408e-05,5.398366569105408e-05
vle:6:Aronu2011:40:0.417,vle,Aronu2011,40.0,0.417,CO2,1.8720407672174993e-05,1.8743924676115963e-05,2.3517003940970406e-08
vle:6:Aronu2011:40:0.417,vle,Aronu2011,40.0,0.417,CO3^2-,0.0,0.0025487252297360825,0.0025487252297360825
vle:6:Aronu2011:40:0.417,vle,Aronu2011,40.0,0.417,H2O,7.8905913898804965,7.888143048607882,-0.00244834127261484
vle:6:Aronu2011:40:0.417,vle,Aronu2011,40.0,0.417,H3O+,0.0,6.292474608756316e-11,6.292474608756316e-11
vle:6:Aronu2011:40:0.417,vle,Aronu2011,40.0,0.417,HCO3-,0.01891656424455403,0.01880690968520888,-0.00010965455934515075
vle:6:Aronu2011:40:0.417,vle,Aronu2011,40.0,0.417,MEA,0.1849540050598984,0.18483512705819233,-0.00011887800170606866
vle:6:Aronu2011:40:0.417,vle,Aronu2011,40.0,0.417,MEACOO-,0.3980647153477738,0.3956256211603791,-0.0024390941873947414
vle:6:Aronu2011:40:0.417,vle,Aronu2011,40.0,0.417,MEAH+,0.4169812795923278,0.4195392517814286,0.00255797218910081
vle:6:Aronu2011:40:0.417,vle,Aronu2011,40.0,0.417,OH-,0.0,9.270539293477288e-06,9.270539293477288e-06
vle:70:Hilliard2008:60:0.291,vle,Hilliard2008,60.0,0.291,CO2,9.360942238700719e-06,9.3638961961022e-06,2.9539574014804523e-09
vle:70:Hilliard2008:60:0.291,vle,Hilliard2008,60.0,0.291,CO3^2-,0.0,0.0010241171648872921,0.0010241171648872921
vle:70:Hilliard2008:60:0.291,vle,Hilliard2008,60.0,0.291,H2O,7.9016393732427845,7.900618686996365,-0.0010206862464192668
vle:70:Hilliard2008:60:0.291,vle,Hilliard2008,60.0,0.291,H3O+,0.0,7.880234322335487e-11,7.880234322335487e-11
vle:70:Hilliard2008:60:0.291,vle,Hilliard2008,60.0,0.291,HCO3-,0.007868580882264893,0.007840834985271704,-2.7745896993188954e-05
vle:70:Hilliard2008:60:0.291,vle,Hilliard2008,60.0,0.291,MEA,0.4258873027667424,0.4258352479567512,-5.205480999120882e-05
vle:70:Hilliard2008:60:0.291,vle,Hilliard2008,60.0,0.291,MEACOO-,0.2831220581754964,0.28212568395364473,-0.0009963742218516702
vle:70:Hilliard2008:60:0.291,vle,Hilliard2008,60.0,0.291,MEAH+,0.2909906390577613,0.2920390680896041,0.0010484290318428235
vle:70:Hilliard2008:60:0.291,vle,Hilliard2008,60.0,0.291,OH-,0.0,2.4314899715295475e-05,2.4314899715295475e-05
vle:71:Hilliard2008:60:0.386,vle,Hilliard2008,60.0,0.386,CO2,4.847702637431965e-05,4.849947559547014e-05,2.24492211504929e-08
vle:71:Hilliard2008:60:0.386,vle,Hilliard2008,60.0,0.386,CO3^2-,0.0,0.001004925992720509,0.001004925992720509
vle:71:Hilliard2008:60:0.386,vle,Hilliard2008,60.0,0.386,H2O,7.891798092779718,7.890827008882242,-0.0009710838974754665
vle:71:Hilliard2008:60:0.386,vle,Hilliard2008,60.0,0.386,H3O+,0.0,1.8070839052331388e-10,1.8070839052331388e-10
vle:71:Hilliard2008:60:0.386,vle,Hilliard2008,60.0,0.386,HCO3-,0.017709861345327375,0.017665442224428268,-4.44191208991071e-05
vle:71:Hilliard2008:60:0.386,vle,Hilliard2008,60.0,0.386,MEA,0.24580681539807614,0.24575186451137598,-5.49508867001558e-05
vle:71:Hilliard2008:60:0.386,vle,Hilliard2008,60.0,0.386,MEACOO-,0.3682416616282982,0.36728113230725584,-0.0009605293210423471
vle:71:Hilliard2008:60:0.386,vle,Hilliard2008,60.0,0.386,MEAH+,0.38595152297362567,0.38696700318136823,0.0010154802077425584
vle:71:Hilliard2008:60:0.386,vle,Hilliard2008,60.0,0.386,OH-,0.0,1.0576844951774421e-05,1.0576844951774421e-05
vle:72:Hilliard2008:60:0.485,vle,Hilliard2008,60.0,0.485,CO2,0.0005493382847062411,0.0005502113886261558,8.731039199146419e-07
vle:72:Hilliard2008:60:0.485,vle,Hilliard2008,60.0,0.485,CO3^2-,0.0,0.0009258509769573538,0.0009258509769573538
vle:72:Hilliard2008:60:0.485,vle,Hilliard2008,60.0,0.485,H2O,7.852467537140058,7.851611198603992,-0.0008563385360655928
vle:72:Hilliard2008:60:0.485,vle,Hilliard2008,60.0,0.485,H3O+,0.0,6.293804474510015e-10,6.293804474510015e-10
vle:72:Hilliard2008:60:0.485,vle,Hilliard2008,60.0,0.485,HCO3-,0.057040416984991876,0.05696789718953144,-7.251979546043369e-05
vle:72:Hilliard2008:60:0.485,vle,Hilliard2008,60.0,0.485,MEA,0.0881390935544044,0.08806531387097642,-7.377968342797692e-05
vle:72:Hilliard2008:60:0.485,vle,Hilliard2008,60.0,0.485,MEACOO-,0.42741024473030187,0.4265560404448854,-0.0008542042854164933
vle:72:Hilliard2008:60:0.485,vle,Hilliard2008,60.0,0.485,MEAH+,0.48445066171529366,0.4853786456841382,0.0009279839688445257
vle:72:Hilliard2008:60:0.485,vle,Hilliard2008,60.0,0.485,OH-,0.0,3.006725187577106e-06,3.006725187577106e-06
vle:73:Hilliard2008:60:0.544,vle,Hilliard2008,60.0,0.544,CO2,0.002920255868599593,0.002927188369481528,6.932500881935179e-06
vle:73:Hilliard2008:60:0.544,vle,Hilliard2008,60.0,0.544,CO3^2-,0.0,0.0008062794159415899,0.0008062794159415899
vle:73:Hilliard2008:60:0.544,vle,Hilliard2008,60.0,0.544,H2O,7.78734627510053,7.786604940028481,-0.0007413350720488765
vle:73:Hilliard2008:60:0.544,vle,Hilliard2008,60.0,0.544,H3O+,0.0,1.536128914822933e-09,1.536128914822933e-09
vle:73:Hilliard2008:60:0.544,vle,Hilliard2008,60.0,0.544,HCO3-,0.1221616790245168,0.12209552154793234,-6.615747658446358e-05
vle:73:Hilliard2008:60:0.544,vle,Hilliard2008,60.0,0.544,MEA,0.04000219076171618,0.0399486882264715,-5.350253524468579e-05
vle:73:Hilliard2008:60:0.544,vle,Hilliard2008,60.0,0.544,MEACOO-,0.41891806510688345,0.41817101066664497,-0.0007470544402384816
vle:73:Hilliard2008:60:0.544,vle,Hilliard2008,60.0,0.544,MEAH+,0.5410797441314003,0.5418803011068836,0.0008005569754833131
vle:73:Hilliard2008:60:0.544,vle,Hilliard2008,60.0,0.544,OH-,0.0,1.211596552488276e-06,1.211596552488276e-06
vle:74:Jou1995:60:0.0564,vle,Jou1995,60.0,0.0564,CO2,8.205153386181893e-08,8.244253217578051e-08,3.9099831396158893e-10
vle:74:Jou1995:60:0.0564,vle,Jou1995,60.0,0.0564,CO3^2-,0.0,0.001005861464589557,0.001005861464589557
vle:74:Jou1995:60:0.0564,vle,Jou1995,60.0,0.0564,H2O,7.908765368889841,7.907515719466457,-0.0012496494233840139
vle:74:Jou1995:60:0.0564,vle,Jou1995,60.0,0.0564,H3O+,0.0,7.470693253167277e-12,7.470693253167277e-12
vle:74:Jou1995:60:0.0564,vle,Jou1995,60.0,0.0564,HCO3-,0.0007425852352351731,0.0007294468441641567,-1.3138391071016386e-05
vle:74:Jou1995:60:0.0564,vle,Jou1995,60.0,0.0564,MEA,0.8879427493383031,0.8876726853943445,-0.00027006394395856503
vle:74:Jou1995:60:0.0564,vle,Jou1995,60.0,0.0564,MEACOO-,0.05565733271323097,0.05466460924871426,-0.0009927234645167107
vle:74:Jou1995:60:0.0564,vle,Jou1995,60.0,0.0564,MEAH+,0.056399917948466036,0.05766270535694118,0.001262787408475144
vle:74:Jou1995:60:0.0564,vle,Jou1995,60.0,0.0564,OH-,0.0,0.00025692634235447527,0.00025692634235447527
vle:75:Jou1995:60:0.119,vle,Jou1995,60.0,0.119,CO2,4.92586643695494e-07,4.931424015338914e-07,5.557578383974071e-10
vle:75:Jou1995:60:0.119,vle,Jou1995,60.0,0.119,CO3^2-,0.0,0.0010259340128856874,0.0010259340128856874
vle:75:Jou1995:60:0.119,vle,Jou1995,60.0,0.119,H2O,7.907690675238009,7.9065742891348,-0.0011163861032095213
vle:75:Jou1995:60:0.119,vle,Jou1995,60.0,0.119,H3O+,0.0,1.808852753096662e-11,1.808852753096662e-11
vle:75:Jou1995:60:0.119,vle,Jou1995,60.0,0.119,HCO3-,0.0018172788870469876,0.001801643778700173,-1.5635108346814548e-05
vle:75:Jou1995:60:0.119,vle,Jou1995,60.0,0.119,MEA,0.7638182640603345,0.7636965429010181,-0.00012172115931641247
vle:75:Jou1995:60:0.119,vle,Jou1995,60.0,0.119,MEACOO-,0.11718222852630926,0.1161719290660126,-0.0010102994602966542
vle:75:Jou1995:60:0.119,vle,Jou1995,60.0,0.119,MEAH+,0.11899950741335624,0.12013152803296936,0.0011320206196131222
vle:75:Jou1995:60:0.119,vle,Jou1995,60.0,0.119,OH-,0.0,0.0001060871805737894,0.0001060871805737894
vle:76:Jou1995:60:0.206,vle,Jou1995,60.0,0.206,CO2,2.4460782871426453e-06,2.447143285640785e-06,1.0649984981398208e-09
vle:76:Jou1995:60:0.206,vle,Jou1995,60.0,0.206,CO3^2-,0.0,0.0010292377474846088,0.0010292377474846088
vle:76:Jou1995:60:0.206,vle,Jou1995,60.0,0.206,H2O,7.905468389869654,7.904411716290248,-0.0010566735794057536
vle:76:Jou1995:60:0.206,vle,Jou1995,60.0,0.206,H3O+,0.0,4.021335904941997e-11,4.021335904941997e-11
vle:76:Jou1995:60:0.206,vle,Jou1995,60.0,0.206,HCO3-,0.004039564255394201,0.0040193066600445315,-2.0257595349669824e-05
vle:76:Jou1995:60:0.206,vle,Jou1995,60.0,0.206,MEA,0.5920444564119686,0.5919765075997754,-6.794881219318594e-05
vle:76:Jou1995:60:0.206,vle,Jou1995,60.0,0.206,MEACOO-,0.2019579896663186,0.2009490084491851,-0.0010089812171334978
vle:76:Jou1995:60:0.206,vle,Jou1995,60.0,0.206,MEAH+,0.2059975539217128,0.20707448395103947,0.0010769300293266837
vle:76:Jou1995:60:0.206,vle,Jou1995,60.0,0.206,OH-,0.0,4.769338705382067e-05,4.769338705382067e-05
vle:77:Jou1995:60:0.389,vle,Jou1995,60.0,0.389,CO2,5.144603920885616e-05,5.147051233435892e-05,2.4473125502756578e-08
vle:77:Jou1995:60:0.389,vle,Jou1995,60.0,0.389,CO3^2-,0.0,0.0010038606374454292,0.0010038606374454292
vle:77:Jou1995:60:0.389,vle,Jou1995,60.0,0.389,H2O,7.891274529134764,7.890305599865019,-0.0009689292697450114
vle:77:Jou1995:60:0.389,vle,Jou1995,60.0,0.389,H3O+,0.0,1.8624140936388637e-10,1.8624140936388637e-10
vle:77:Jou1995:60:0.389,vle,Jou1995,60.0,0.389,HCO3-,0.018233424990280293,0.018188232173548622,-4.519281673167133e-05
vle:77:Jou1995:60:0.389,vle,Jou1995,60.0,0.389,MEA,0.240336317068698,0.2402809121216688,-5.540494702921395e-05
vle:77:Jou1995:60:0.389,vle,Jou1995,60.0,0.389,MEACOO-,0.37071512897051084,0.36975643667667135,-0.0009586922938394915
vle:77:Jou1995:60:0.389,vle,Jou1995,60.0,0.389,MEAH+,0.38894855396079114,0.3899626512016599,0.001014097240868761
vle:77:Jou1995:60:0.389,vle,Jou1995,60.0,0.389,OH-,0.0,1.026126279012587e-05,1.026126279012587e-05
vle:78:Jou1995:60:0.438,vle,Jou1995,60.0,0.438,CO2,0.00015236427138380187,0.0001524916088067346,1.2733742293274172e-07
vle:78:Jou1995:60:0.438,vle,Jou1995,60.0,0.438,CO3^2-,0.0,0.000977927602245319,0.000977927602245319
vle:78:Jou1995:60:0.438,vle,Jou1995,60.0,0.438,H2O,7.878573180414831,7.877649655382047,-0.0009235250327837008
vle:78:Jou1995:60:0.438,vle,Jou1995,60.0,0.438,H3O+,0.0,3.2400755184981066e-10,3.2400755184981066e-10
vle:78:Jou1995:60:0.438,vle,Jou1995,60.0,0.438,HCO3-,0.030934773710186818,0.030874491489809846,-6.028222037697192e-05
vle:78:Jou1995:60:0.438,vle,Jou1995,60.0,0.438,MEA,0.15523950225295413,0.1551735957046012,-6.590654835292309e-05
vle:78:Jou1995:60:0.438,vle,Jou1995,60.0,0.438,MEACOO-,0.4069128620184295,0.4059950892991378,-0.0009177727192917207
vle:78:Jou1995:60:0.438,vle,Jou1995,60.0,0.438,MEAH+,0.43784763572861635,0.4388313149962609,0.0009836792676445327
vle:78:Jou1995:60:0.438,vle,Jou1995,60.0,0.438,OH-,0.0,5.8793268300388965e-06,5.8793268300388965e-06
vle:79:Jou1995:60:0.504,vle,Jou1995,60.0,0.504,CO2,0.0009623036629266557,0.0009641772881601873,1.8736252335316153e-06
vle:79:Jou1995:60:0.504,vle,Jou1995,60.0,0.504,CO3^2-,0.0,0.0008931710780585376,0.0008931710780585376
vle:79:Jou1995:60:0.504,vle,Jou1995,60.0,0.504,H2O,7.835447621101148,7.8346247306325925,-0.0008228904685552152
vle:79:Jou1995:60:0.504,vle,Jou1995,60.0,0.504,H3O+,0.0,8.454913288195165e-10,8.454913288195165e-10
vle:79:Jou1995:60:0.504,vle,Jou1995,60.0,0.504,HCO3-,0.07406033302390007,0.07398782304831589,-7.250997558418126e-05
vle:79:Jou1995:60:0.504,vle,Jou1995,60.0,0.504,MEA,0.06798494034975341,0.06791394994953615,-7.099040021726899e-05
vle:79:Jou1995:60:0.504,vle,Jou1995,60.0,0.504,MEACOO-,0.42897736331317327,0.4281548285854655,-0.0008225347277077688
vle:79:Jou1995:60:0.504,vle,Jou1995,60.0,0.504,MEAH+,0.5030376963370732,0.5039312214649984,0.0008935251279251766
vle:79:Jou1995:60:0.504,vle,Jou1995,60.0,0.504,OH-,0.0,2.2285205914748096e-06,2.2285205914748096e-06
vle:7:Aronu2011:40:0.421,vle,Aronu2011,40.0,0.421,CO2,2.059586031672833e-05,2.0623347552899738e-05,2.7487236171407303e-08
vle:7:Aronu2011:40:0.421,vle,Aronu2011,40.0,0.421,CO3^2-,0.0,0.002544194957874258,0.002544194957874258
vle:7:Aronu2011:40:0.421,vle,Aronu2011,40.0,0.421,H2O,7.889686592107733,7.887246332538919,-0.002440259568813552
vle:7:Aronu2011:40:0.421,vle,Aronu2011,40.0,0.421,H3O+,0.0,6.605154748905244e-11,6.605154748905244e-11
vle:7:Aronu2011:40:0.421,vle,Aronu2011,40.0,0.421,HCO3-,0.01982136201731304,0.01970859688700533,-0.00011276513030770985
vle:7:Aronu2011:40:0.421,vle,Aronu2011,40.0,0.421,MEA,0.17786255373794657,0.17774101397297096,-0.00012153976497561447
vle:7:Aronu2011:40:0.421,vle,Aronu2011,40.0,0.421,MEACOO-,0.40115804212237033,0.3987265848075677,-0.002431457314802654
vle:7:Aronu2011:40:0.421,vle,Aronu2011,40.0,0.421,MEAH+,0.4209794041396832,0.4235324012194614,0.0025529970797781854
vle:7:Aronu2011:40:0.421,vle,Aronu2011,40.0,0.421,OH-,0.0,8.829675191762523e-06,8.829675191762523e-06
vle:80:Jou1995:60:0.561,vle,Jou1995,60.0,0.561,CO2,0.004400165173649999,0.004410659266084231,1.0494092434231925e-05
vle:80:Jou1995:60:0.561,vle,Jou1995,60.0,0.561,CO3^2-,0.0,0.0007661586805028315,0.0007661586805028315
vle:80:Jou1995:60:0.561,vle,Jou1995,60.0,0.561,H2O,7.763580261610348,7.76287824768305,-0.000702013927297962
vle:80:Jou1995:60:0.561,vle,Jou1995,60.0,0.561,H3O+,0.0,1.9253660768831593e-09,1.9253660768831593e-09
vle:80:Jou1995:60:0.561,vle,Jou1995,60.0,0.561,HCO3-,0.14592769251469964,0.14586258506121627,-6.510745348337066e-05
vle:80:Jou1995:60:0.561,vle,Jou1995,60.0,0.561,MEA,0.03272802286199949,0.03268294474385877,-4.507811814071644e-05
vle:80:Jou1995:60:0.561,vle,Jou1995,60.0,0.561,MEACOO-,0.4106721423116504,0.4099605969921969,-0.0007115453194534993
vle:80:Jou1995:60:0.561,vle,Jou1995,60.0,0.561,MEAH+,0.5565998348263501,0.5573564582639442,0.0007566234375940839
vle:80:Jou1995:60:0.561,vle,Jou1995,60.0,0.561,OH-,0.0,9.607748915557284e-07,9.607748915557284e-07
vle:81:Jou1995:60:0.579,vle,Jou1995,60.0,0.579,CO2,0.006492555825449917,0.006507621496080731,1.5065670630813773e-05
vle:81:Jou1995:60:0.579,vle,Jou1995,60.0,0.579,CO3^2-,0.0,0.000724117348663973,0.000724117348663973
vle:81:Jou1995:60:0.579,vle,Jou1995,60.0,0.579,H2O,7.737504956459176,7.736846624090275,-0.0006583323689008935
vle:81:Jou1995:60:0.579,vle,Jou1995,60.0,0.579,H3O+,0.0,2.393251461453883e-09,2.393251461453883e-09
vle:81:Jou1995:60:0.579,vle,Jou1995,60.0,0.579,HCO3-,0.17200299766586935,0.1719364425264601,-6.655513940925784e-05
vle:81:Jou1995:60:0.579,vle,Jou1995,60.0,0.579,MEA,0.026988109316769225,0.02695092014555832,-3.7189171210906535e-05
vle:81:Jou1995:60:0.579,vle,Jou1995,60.0,0.579,MEACOO-,0.40050444650868056,0.39983181862879713,-0.0006726278798834251
vle:81:Jou1995:60:0.579,vle,Jou1995,60.0,0.579,MEAH+,0.5725074441745502,0.5732172612256445,0.0007098170510942969
vle:81:Jou1995:60:0.579,vle,Jou1995,60.0,0.579,OH-,0.0,7.677663135646175e-07,7.677663135646175e-07
vle:82:Aronu2011:80:0.017,vle,Aronu2011,80.0,0.017,CO2,3.091213499715531e-08,3.215707337773122e-08,1.244938380575909e-09
vle:82:Aronu2011:80:0.017,vle,Aronu2011,80.0,0.017,CO3^2-,0.0,0.00037736961809639466,0.00037736961809639466
vle:82:Aronu2011:80:0.017,vle,Aronu2011,80.0,0.017,H2O,7.909241144949388,7.908186404875658,-0.001054740073730187
vle:82:Aronu2011:80:0.017,vle,Aronu2011,80.0,0.017,H3O+,0.0,7.45229102882024e-12,7.45229102882024e-12
vle:82:Aronu2011:80:0.017,vle,Aronu2011,80.0,0.017,HCO3-,0.00026680917567539373,0.0002610354026778189,-5.773772997574845e-06
vle:82:Aronu2011:80:0.017,vle,Aronu2011,80.0,0.017,MEA,0.9662668709999455,0.9655779555031158,-0.0006889154968297007
vle:82:Aronu2011:80:0.017,vle,Aronu2011,80.0,0.017,MEACOO-,0.01673315991218959,0.016361562822152443,-0.0003715970900371457
vle:82:Aronu2011:80:0.017,vle,Aronu2011,80.0,0.017,MEAH+,0.016999969087864976,0.018060481674731947,0.0010605125868669713
vle:82:Aronu2011:80:0.017,vle,Aronu2011,80.0,0.017,OH-,0.0,0.00068314422116122,0.00068314422116122
vle:83:Aronu2011:80:0.04,vle,Aronu2011,80.0,0.04,CO2,1.883685101120019e-07,1.898184164776302e-07,1.4499063656282894e-09
vle:83:Aronu2011:80:0.04,vle,Aronu2011,80.0,0.04,CO3^2-,0.0,0.0003987549952139618,0.0003987549952139618
vle:83:Aronu2011:80:0.04,vle,Aronu2011,80.0,0.04,H2O,7.908849614007629,7.908168236320985,-0.0006813776866438914
vle:83:Aronu2011:80:0.04,vle,Aronu2011,80.0,0.04,H3O+,0.0,1.761366040757666e-11,1.761366040757666e-11
vle:83:Aronu2011:80:0.04,vle,Aronu2011,80.0,0.04,HCO3-,0.0006583401174399117,0.0006519276877720699,-6.412429667841798e-06
vle:83:Aronu2011:80:0.04,vle,Aronu2011,80.0,0.04,MEA,0.9206587168544602,0.920363272238752,-0.0002954446157081847
vle:83:Aronu2011:80:0.04,vle,Aronu2011,80.0,0.04,MEACOO-,0.03934147151404995,0.03894912749859755,-0.0003923440154523991
vle:83:Aronu2011:80:0.04,vle,Aronu2011,80.0,0.04,MEAH+,0.03999981163148987,0.040687600262650406,0.0006877886311605352
vle:83:Aronu2011:80:0.04,vle,Aronu2011,80.0,0.04,OH-,0.0,0.00028903510346654164,0.00028903510346654164
vle:84:Aronu2011:80:0.075,vle,Aronu2011,80.0,0.075,CO2,7.734314573264995e-07,7.751589693294218e-07,1.727512002922347e-09
vle:84:Aronu2011:80:0.075,vle,Aronu2011,80.0,0.075,CO3^2-,0.0,0.0004039662747157006,0.0004039662747157006
vle:84:Aronu2011:80:0.075,vle,Aronu2011,80.0,0.075,H2O,7.908174956054627,7.907634071931827,-0.0005408841227998451
vle:84:Aronu2011:80:0.075,vle,Aronu2011,80.0,0.075,H3O+,0.0,3.5360005975312567e-11,3.5360005975312567e-11
vle:84:Aronu2011:80:0.075,vle,Aronu2011,80.0,0.075,HCO3-,0.0013329980704186103,0.0013259600694169478,-7.038001001662521e-06
vle:84:Aronu2011:80:0.075,vle,Aronu2011,80.0,0.075,MEA,0.8513345449333333,0.8511835546089844,-0.00015099032434884307
vle:84:Aronu2011:80:0.075,vle,Aronu2011,80.0,0.075,MEACOO-,0.07366622849812408,0.07326929849689809,-0.0003969300012259952
vle:84:Aronu2011:80:0.075,vle,Aronu2011,80.0,0.075,MEAH+,0.07499922656854262,0.07554714689411743,0.0005479203255748105
vle:84:Aronu2011:80:0.075,vle,Aronu2011,80.0,0.075,OH-,0.0,0.0001439558137310661,0.0001439558137310661
vle:85:Aronu2011:80:0.122,vle,Aronu2011,80.0,0.122,CO2,2.5729537362391365e-06,2.5751760740651683e-06,2.2223378260318074e-09
vle:85:Aronu2011:80:0.122,vle,Aronu2011,80.0,0.122,CO3^2-,0.0,0.0004052162368737349,0.0004052162368737349
vle:85:Aronu2011:80:0.122,vle,Aronu2011,80.0,0.122,H2O,7.907079651785689,7.90660327419541,-0.00047637759027896465
vle:85:Aronu2011:80:0.122,vle,Aronu2011,80.0,0.122,H3O+,0.0,6.433755803159714e-11,6.433755803159714e-11
vle:85:Aronu2011:80:0.122,vle,Aronu2011,80.0,0.122,HCO3-,0.002428302339363859,0.002420365950607114,-7.936388756744732e-06
vle:85:Aronu2011:80:0.122,vle,Aronu2011,80.0,0.122,MEA,0.7584334482468363,0.7583464186892843,-8.70295575520208e-05
vle:85:Aronu2011:80:0.122,vle,Aronu2011,80.0,0.122,MEACOO-,0.11956912470689993,0.11917184263644502,-0.0003972820704549046
vle:85:Aronu2011:80:0.122,vle,Aronu2011,80.0,0.122,MEAH+,0.1219974270462637,0.12248173867427058,0.0004843116280068699
vle:85:Aronu2011:80:0.122,vle,Aronu2011,80.0,0.122,OH-,0.0,7.909767780846789e-05,7.909767780846789e-05
vle:86:Aronu2011:80:0.155,vle,Aronu2011,80.0,0.155,CO2,4.959664113075259e-06,4.962383742588182e-06,2.719629512923281e-09
vle:86:Aronu2011:80:0.155,vle,Aronu2011,80.0,0.155,CO3^2-,0.0,0.00040510132211216387,0.00040510132211216387
vle:86:Aronu2011:80:0.155,vle,Aronu2011,80.0,0.155,H2O,7.906140073842453,7.905686683685146,-0.00045339015730672116
vle:86:Aronu2011:80:0.155,vle,Aronu2011,80.0,0.155,H3O+,0.0,8.930839574981825e-11,8.930839574981825e-11
vle:86:Aronu2011:80:0.155,vle,Aronu2011,80.0,0.155,HCO3-,0.0033678802825952625,0.0033592004583260474,-8.6798242692151e-06
vle:86:Aronu2011:80:0.155,vle,Aronu2011,80.0,0.155,MEA,0.6933777996108214,0.6933121567449658,-6.564286585553081e-05
vle:86:Aronu2011:80:0.155,vle,Aronu2011,80.0,0.155,MEACOO-,0.1516271600532917,0.15123073583581909,-0.0003964242174726018
vle:86:Aronu2011:80:0.155,vle,Aronu2011,80.0,0.155,MEAH+,0.15499504033588693,0.15545710741921503,0.00046206708332810487
vle:86:Aronu2011:80:0.155,vle,Aronu2011,80.0,0.155,OH-,0.0,5.696857015391585e-05,5.696857015391585e-05
vle:87:Aronu2011:80:0.216,vle,Aronu2011,80.0,0.216,CO2,1.4006110319772651e-05,1.401040522678313e-05,4.294907010479022e-09
vle:87:Aronu2011:80:0.216,vle,Aronu2011,80.0,0.216,CO3^2-,0.0,0.0004038462402824637,0.0004038462402824637
vle:87:Aronu2011:80:0.216,vle,Aronu2011,80.0,0.216,H2O,7.903862703155311,7.903435438486157,-0.0004272646691543258
vle:87:Aronu2011:80:0.216,vle,Aronu2011,80.0,0.216,H3O+,0.0,1.5023133233514202e-10,1.5023133233514202e-10
vle:87:Aronu2011:80:0.216,vle,Aronu2011,80.0,0.216,HCO3-,0.0056452509697324646,0.005634822284989471,-1.0428684742993903e-05
vle:87:Aronu2011:80:0.216,vle,Aronu2011,80.0,0.216,MEA,0.573673263190372,0.5736289962822859,-4.4266908086121326e-05
vle:87:Aronu2011:80:0.216,vle,Aronu2011,80.0,0.216,MEACOO-,0.21034074291994775,0.20994732106950134,-0.00039342185044641265
vle:87:Aronu2011:80:0.216,vle,Aronu2011,80.0,0.216,MEAH+,0.2159859938896802,0.21642368264821282,0.00043768875853261724
vle:87:Aronu2011:80:0.216,vle,Aronu2011,80.0,0.216,OH-,0.0,3.384696338849369e-05,3.384696338849369e-05
vle:88:Aronu2011:80:0.271,vle,Aronu2011,80.0,0.271,CO2,3.310810336598198e-05,3.3115589672385326e-05,7.486306403344824e-09
vle:88:Aronu2011:80:0.271,vle,Aronu2011,80.0,0.271,CO3^2-,0.0,0.00040163619849585455,0.00040163619849585455
vle:88:Aronu2011:80:0.271,vle,Aronu2011,80.0,0.271,H2O,7.900857640281827,7.900446690301249,-0.0004109499805782235
vle:88:Aronu2011:80:0.271,vle,Aronu2011,80.0,0.271,H3O+,0.0,2.3147076915335585e-10,2.3147076915335585e-10
vle:88:Aronu2011:80:0.271,vle,Aronu2011,80.0,0.271,HCO3-,0.00865031384321728,0.00863767633115828,-1.2637512059000475e-05
vle:88:Aronu2011:80:0.271,vle,Aronu2011,80.0,0.271,MEA,0.4667165300499492,0.4666819566793058,-3.457337064338706e-05
vle:88:Aronu2011:80:0.271,vle,Aronu2011,80.0,0.271,MEACOO-,0.2623165780534168,0.2619275718806734,-0.0003890061727434002
vle:88:Aronu2011:80:0.271,vle,Aronu2011,80.0,0.271,MEAH+,0.270966891896634,0.2713904714400208,0.0004235795433868428
vle:88:Aronu2011:80:0.271,vle,Aronu2011,80.0,0.271,OH-,0.0,2.195106266822485e-05,2.195106266822485e-05
vle:89:Aronu2011:80:0.347,vle,Aronu2011,80.0,0.347,CO2,0.00011236240471365862,0.00011238623727452981,2.3832560871192912e-08
vle:89:Aronu2011:80:0.347,vle,Aronu2011,80.0,0.347,CO3^2-,0.0,0.00039590362755169954,0.00039590362755169954
vle:89:Aronu2011:80:0.347,vle,Aronu2011,80.0,0.347,H2O,7.893699251058024,7.89330894428081,-0.00039030677721374474
vle:89:Aronu2011:80:0.347,vle,Aronu2011,80.0,0.347,H3O+,0.0,4.2891121985940466e-10,4.2891121985940466e-10
vle:89:Aronu2011:80:0.347,vle,Aronu2011,80.0,0.347,HCO3-,0.01580870306701844,0.01579128084067158,-1.742222634686097e-05
vle:89:Aronu2011:80:0.347,vle,Aronu2011,80.0,0.347,MEA,0.32203342787644595,0.322004228797039,-2.919907940696076e-05
vle:89:Aronu2011:80:0.347,vle,Aronu2011,80.0,0.347,MEACOO-,0.3310789345282677,0.33070042929450205,-0.00037850523376564693
vle:89:Aronu2011:80:0.347,vle,Aronu2011,80.0,0.347,MEAH+,0.34688763759528624,0.3472953419084589,0.0004077043131726632
vle:89:Aronu2011:80:0.347,vle,Aronu2011,80.0,0.347,OH-,0.0,1.1824947093049152e-05,1.1824947093049152e-05
vle:8:Aronu2011:40:0.433,vle,Aronu2011,40.0,0.433,CO2,2.778795052401266e-05,2.7832841148578975e-05,4.489062456631613e-08
vle:8:Aronu2011:40:0.433,vle,Aronu2011,40.0,0.433,CO3^2-,0.0,0.0025284489731005415,0.0025284489731005415
vle:8:Aronu2011:40:0.433,vle,Aronu2011,40.0,0.433,H2O,7.886564974846091,7.884151626604828,-0.002413348241263158
vle:8:Aronu2011:40:0.433,vle,Aronu2011,40.0,0.433,H3O+,0.0,7.692623071322348e-11,7.692623071322348e-11
vle:8:Aronu2011:40:0.433,vle,Aronu2011,40.0,0.433,HCO3-,0.02294297927896004,0.02282030295108038,-0.00012267632787966304
vle:8:Aronu2011:40:0.433,vle,Aronu2011,40.0,0.433,MEA,0.15699855518000813,0.15686839319119397,-0.0001301619888141592
vle:8:Aronu2011:40:0.433,vle,Aronu2011,40.0,0.433,MEACOO-,0.4100292327705159,0.4076234152346707,-0.0024058175358451783
vle:8:Aronu2011:40:0.433,vle,Aronu2011,40.0,0.433,MEAH+,0.432972212049476,0.43550819157413534,0.0025359795246593375
vle:8:Aronu2011:40:0.433,vle,Aronu2011,40.0,0.433,OH-,0.0,7.575519109778315e-06,7.575519109778315e-06
vle:90:Aronu2011:80:0.4,vle,Aronu2011,80.0,0.4,CO2,0.0002971129271380418,0.00029719443914200653,8.151200396475317e-08
vle:90:Aronu2011:80:0.4,vle,Aronu2011,80.0,0.4,CO3^2-,0.0,0.00038807994009946084,0.00038807994009946084
vle:90:Aronu2011:80:0.4,vle,Aronu2011,80.0,0.4,H2O,7.884076816389863,7.883704232862742,-0.0003725835271204403
vle:90:Aronu2011:80:0.4,vle,Aronu2011,80.0,0.4,H3O+,0.0,7.031818494136244e-10,7.031818494136244e-10
vle:90:Aronu2011:80:0.4,vle,Aronu2011,80.0,0.4,HCO3-,0.02543113773505578,0.025408445442923065,-2.2692292132715092e-05
vle:90:Aronu2011:80:0.4,vle,Aronu2011,80.0,0.4,MEA,0.22602536358933084,0.22599563984868248,-2.9723740648357477e-05
vle:90:Aronu2011:80:0.4,vle,Aronu2011,80.0,0.4,MEACOO-,0.3742717493378068,0.3739062801778351,-0.0003654691599717097
vle:90:Aronu2011:80:0.4,vle,Aronu2011,80.0,0.4,MEAH+,0.3997028870728622,0.40009807997348235,0.0003951929006201227
vle:90:Aronu2011:80:0.4,vle,Aronu2011,80.0,0.4,OH-,0.0,7.195175707442104e-06,7.195175707442104e-06
vle:91:Aronu2011:80:0.398,vle,Aronu2011,80.0,0.398,CO2,0.0002855582917652245,0.0002856355001085338,7.720834330931289e-08
vle:91:Aronu2011:80:0.398,vle,Aronu2011,80.0,0.398,CO3^2-,0.0,0.0003884736435548682,0.0003884736435548682
vle:91:Aronu2011:80:0.398,vle,Aronu2011,80.0,0.398,H2O,7.884562646873907,7.88418928845743,-0.00037335841647756496
vle:91:Aronu2011:80:0.398,vle,Aronu2011,80.0,0.398,H3O+,0.0,6.890862484154302e-10,6.890862484154302e-10
vle:91:Aronu2011:80:0.398,vle,Aronu2011,80.0,0.398,HCO3-,0.02494530725098287,0.024922848074427188,-2.2459176555682248e-05
vle:91:Aronu2011:80:0.398,vle,Aronu2011,80.0,0.398,MEA,0.2295164238345125,0.22948677650361196,-2.9647330900550717e-05
vle:91:Aronu2011:80:0.398,vle,Aronu2011,80.0,0.398,MEACOO-,0.3727691344572522,0.3724030427819085,-0.0003660916753436827
vle:91:Aronu2011:80:0.398,vle,Aronu2011,80.0,0.398,MEAH+,0.39771444170823533,0.3981101807144795,0.0003957390062441779
vle:91:Aronu2011:80:0.398,vle,Aronu2011,80.0,0.398,OH-,0.0,7.3432601200349145e-06,7.3432601200349145e-06
vle:92:Jou1995:60:0.668,vle,Jou1995,60.0,0.668,CO2,0.026103511589847087,0.026146604209367413,4.309261952032545e-05
vle:92:Jou1995:60:0.668,vle,Jou1995,60.0,0.668,CO3^2-,0.0,0.000547534793902373,0.000547534793902373
vle:92:Jou1995:60:0.668,vle,Jou1995,60.0,0.668,H2O,7.612475520699464,7.612028591022266,-0.0004469296771976161
vle:92:Jou1995:60:0.668,vle,Jou1995,60.0,0.668,H3O+,0.0,5.3778701345507256e-09,5.3778701345507256e-09
vle:92:Jou1995:60:0.668,vle,Jou1995,60.0,0.668,HCO3-,0.2970324334255827,0.2969314921961895,-0.00010094122939324768
vle:92:Jou1995:60:0.668,vle,Jou1995,60.0,0.668,MEA,0.01323945660527684,0.013224375257973283,-1.5081347303555828e-05
vle:92:Jou1995:60:0.668,vle,Jou1995,60.0,0.668,MEACOO-,0.3448640549845701,0.34437436880054073,-0.000489686184029392
vle:92:Jou1995:60:0.668,vle,Jou1995,60.0,0.668,MEAH+,0.641896488410153,0.642401255941486,0.0005047675313329947
vle:92:Jou1995:60:0.668,vle,Jou1995,60.0,0.668,OH-,0.0,3.307348214728983e-07,3.307348214728983e-07
vle:93:Jou1995:80:0.0174,vle,Jou1995,80.0,0.0174,CO2,3.243676970563961e-08,3.368691132586285e-08,1.2501416202232426e-09
vle:93:Jou1995:80:0.0174,vle,Jou1995,80.0,0.0174,CO3^2-,0.0,0.000378335342020989,0.000378335342020989
vle:93:Jou1995:80:0.0174,vle,Jou1995,80.0,0.0174,H2O,7.909234646402002,7.908193798675327,-0.0010408477266752314
vle:93:Jou1995:80:0.0174,vle,Jou1995,80.0,0.0174,H3O+,0.0,7.617768385078891e-12,7.617768385078891e-12
vle:93:Jou1995:80:0.0174,vle,Jou1995,80.0,0.0174,HCO3-,0.0002733077230602071,0.0002675142638825687,-5.793459177638434e-06
vle:93:Jou1995:80:0.0174,vle,Jou1995,80.0,0.0174,MEA,0.9654733725965997,0.9647992758091387,-0.0006740967874609982
vle:93:Jou1995:80:0.0174,vle,Jou1995,80.0,0.0174,MEACOO-,0.017126659840170047,0.01675411670718514,-0.0003725431329849073
vle:93:Jou1995:80:0.0174,vle,Jou1995,80.0,0.0174,MEAH+,0.01739996756323025,0.01844660748367616,0.001046639920445909
vle:93:Jou1995:80:0.0174,vle,Jou1995,80.0,0.0174,OH-,0.0,0.000668305836184297,0.000668305836184297
vle:94:Jou1995:80:0.0236,vle,Jou1995,80.0,0.0236,CO2,6.120817123967186e-08,6.252532100124884e-08,1.31714976157698e-09
vle:94:Jou1995:80:0.0236,vle,Jou1995,80.0,0.0236,CO3^2-,0.0,0.0003885944488401608,0.0003885944488401608
vle:94:Jou1995:80:0.0236,vle,Jou1995,80.0,0.0236,H2O,7.909132559332534,7.908252842459955,-0.0008797168725784843
vle:94:Jou1995:80:0.0236,vle,Jou1995,80.0,0.0236,H3O+,0.0,1.024047626991719e-11,1.024047626991719e-11
vle:94:Jou1995:80:0.0236,vle,Jou1995,80.0,0.0236,HCO3-,0.0003753947925306184,0.00036936502706197595,-6.029765468642471e-06
vle:94:Jou1995:80:0.0236,vle,Jou1995,80.0,0.0236,MEA,0.9531755172088732,0.9526723379089932,-0.0005031792998799745
vle:94:Jou1995:80:0.0236,vle,Jou1995,80.0,0.0236,MEACOO-,0.023224543999298127,0.0228419779987769,-0.0003825660005212263
vle:94:Jou1995:80:0.0236,vle,Jou1995,80.0,0.0236,MEAH+,0.02359993879182872,0.024485684092229957,0.0008857453004012354
vle:94:Jou1995:80:0.0236,vle,Jou1995,80.0,0.0236,OH-,0.0,0.0004971521789512542,0.0004971521789512542
vle:95:Jou1995:80:0.0781,vle,Jou1995,80.0,0.0781,CO2,8.507986189548178e-07,8.525534251447939e-07,1.7548061899760327e-09
vle:95:Jou1995:80:0.0781,vle,Jou1995,80.0,0.0781,CO3^2-,0.0,0.00040414678618293145,0.00040414678618293145
vle:95:Jou1995:80:0.0781,vle,Jou1995,80.0,0.0781,H2O,7.908109975785649,7.9075756257605185,-0.0005343500251306921
vle:95:Jou1995:80:0.0781,vle,Jou1995,80.0,0.0781,H3O+,0.0,3.707455238258942e-11,3.707455238258942e-11
vle:95:Jou1995:80:0.0781,vle,Jou1995,80.0,0.0781,HCO3-,0.0013979783394000988,0.0013908851246981439,-7.093214701954899e-06
vle:95:Jou1995:80:0.0781,vle,Jou1995,80.0,0.0781,MEA,0.845199679936638,0.8450552938520438,-0.00014438608459421687
vle:95:Jou1995:80:0.0781,vle,Jou1995,80.0,0.0781,MEACOO-,0.07670117086198092,0.07630411553569381,-0.00039705532628710183
vle:95:Jou1995:80:0.0781,vle,Jou1995,80.0,0.0781,MEAH+,0.07809914920138103,0.07864059061226233,0.0005414414108813048
vle:95:Jou1995:80:0.0781,vle,Jou1995,80.0,0.0781,OH-,0.0,0.00013729641657905838,0.00013729641657905838
vle:96:Jou1995:80:0.118,vle,Jou1995,80.0,0.118,CO2,2.3581415955470458e-06,2.360313693923625e-06,2.172098376579373e-09
vle:96:Jou1995:80:0.118,vle,Jou1995,80.0,0.118,CO3^2-,0.0,0.00040519238124686656,0.00040519238124686656
vle:96:Jou1995:80:0.118,vle,Jou1995,80.0,0.118,H2O,7.907182959928369,7.906703003501973,-0.00047995642639619973
vle:96:Jou1995:80:0.118,vle,Jou1995,80.0,0.118,H3O+,0.0,6.159805197314324e-11,6.159805197314324e-11
vle:96:Jou1995:80:0.118,vle,Jou1995,80.0,0.118,HCO3-,0.002324994196669945,0.002317140635470459,-7.853561199486127e-06
vle:96:Jou1995:80:0.118,vle,Jou1995,80.0,0.118,MEA,0.7663297104798612,0.7662392437797108,-9.046670015044889e-05
vle:96:Jou1995:80:0.118,vle,Jou1995,80.0,0.118,MEACOO-,0.1156726476617345,0.11527530666958867,-0.00039734099214583374
vle:96:Jou1995:80:0.118,vle,Jou1995,80.0,0.118,MEAH+,0.11799764185840433,0.1184854495507005,0.0004878076922961716
vle:96:Jou1995:80:0.118,vle,Jou1995,80.0,0.118,OH-,0.0,8.261754474569019e-05,8.261754474569019e-05
vle:97:Jou1995:80:0.187,vle,Jou1995,80.0,0.187,CO2,8.712118130246766e-06,8.715519055663131e-06,3.400925416365515e-09
vle:97:Jou1995:80:0.187,vle,Jou1995,80.0,0.187,CO3^2-,0.0,0.00040459087021145745,0.00040459087021145745
vle:97:Jou1995:80:0.187,vle,Jou1995,80.0,0.187,H2O,7.905049719978296,7.9046116978049525,-0.0004380221733431
vle:97:Jou1995:80:0.187,vle,Jou1995,80.0,0.187,H3O+,0.0,1.1840740323879767e-10,1.1840740323879767e-10
vle:97:Jou1995:80:0.187,vle,Jou1995,80.0,0.187,HCO3-,0.004458234146747187,0.00444870865874371,-9.52548800347685e-06
vle:97:Jou1995:80:0.187,vle,Jou1995,80.0,0.187,MEA,0.6304756583830077,0.6304231831425288,-5.2475240478910834e-05
vle:97:Jou1995:80:0.187,vle,Jou1995,80.0,0.187,MEACOO-,0.18253305373512255,0.1821379849519892,-0.0003950687831333344
vle:97:Jou1995:80:0.187,vle,Jou1995,80.0,0.187,MEAH+,0.1869912878818697,0.18743883190548186,0.00044754402361216195
vle:97:Jou1995:80:0.187,vle,Jou1995,80.0,0.187,OH-,0.0,4.295667273344418e-05,4.295667273344418e-05
vle:98:Jou1995:80:0.348,vle,Jou1995,80.0,0.348,CO2,0.00011429861782498695,0.00011432291889265983,2.4301067672879246e-08
vle:98:Jou1995:80:0.348,vle,Jou1995,80.0,0.348,CO3^2-,0.0,0.00039579529632917116,0.00039579529632917116
vle:98:Jou1995:80:0.348,vle,Jou1995,80.0,0.348,H2O,7.893566004325795,7.893175990456158,-0.0003900138696364408
vle:98:Jou1995:80:0.348,vle,Jou1995,80.0,0.348,H3O+,0.0,4.326392327712148e-10,4.326392327712148e-10
vle:98:Jou1995:80:0.348,vle,Jou1995,80.0,0.348,HCO3-,0.01594194979925103,0.015924445282237763,-1.750451701326705e-05
vle:98:Jou1995:80:0.348,vle,Jou1995,80.0,0.348,MEA,0.32017054703490094,0.32014136889498224,-2.9178139918706325e-05
vle:98:Jou1995:80:0.348,vle,Jou1995,80.0,0.348,MEACOO-,0.33194375158292394,0.33156543650254044,-0.0003783150803834956
vle:98:Jou1995:80:0.348,vle,Jou1995,80.0,0.348,MEAH+,0.347885701382175,0.34829319460247743,0.00040749322030242396
vle:98:Jou1995:80:0.348,vle,Jou1995,80.0,0.348,OH-,0.0,1.1722657679969943e-05,1.1722657679969943e-05
vle:99:Jou1995:80:0.46,vle,Jou1995,80.0,0.46,CO2,0.0011236250475769594,0.0011241674095434806,5.423619665212865e-07
vle:99:Jou1995:80:0.46,vle,Jou1995,80.0,0.46,CO3^2-,0.0,0.0003699587182623194,0.0003699587182623194
vle:99:Jou1995:80:0.46,vle,Jou1995,80.0,0.46,H2O,7.861300695834704,7.8609571724853105,-0.0003435233493931378
vle:99:Jou1995:80:0.46,vle,Jou1995,80.0,0.46,H3O+,0.0,1.3945827193822666e-09,1.3945827193822666e-09
vle:99:Jou1995:80:0.46,vle,Jou1995,80.0,0.46,HCO3-,0.04820725829034157,0.04817721445339267,-3.0043836948906444e-05
vle:99:Jou1995:80:0.46,vle,Jou1995,80.0,0.46,MEA,0.1304545083854955,0.1304219435935658,-3.256479192970119e-05
vle:99:Jou1995:80:0.46,vle,Jou1995,80.0,0.46,MEACOO-,0.4106691166620814,0.4103286594188018,-0.0003404572432795794
vle:99:Jou1995:80:0.46,vle,Jou1995,80.0,0.46,MEAH+,0.45887637495242306,0.45924939698763245,0.0003730220352093916
vle:99:Jou1995:80:0.46,vle,Jou1995,80.0,0.46,OH-,0.0,3.6070734963724685e-06,3.6070734963724685e-06
vle:9:Aronu2011:40:0.447,vle,Aronu2011,40.0,0.447,CO2,4.0497971653841386e-05,4.05810107880718e-05,8.303913423041474e-08
vle:9:Aronu2011:40:0.447,vle,Aronu2011,40.0,0.447,CO3^2-,0.0,0.002505016728371979,0.002505016728371979
vle:9:Aronu2011:40:0.447,vle,Aronu2011,40.0,0.447,H2O,7.881953659605553,7.879577420397647,-0.0023762392079058614
vle:9:Aronu2011:40:0.447,vle,Aronu2011,40.0,0.447,H3O+,0.0,9.323962585482433e-11,9.323962585482433e-11
vle:9:Aronu2011:40:0.447,vle,Aronu2011,40.0,0.447,HCO3-,0.02755429451933253,0.027419274064640908,-0.00013502045469162074
vle:9:Aronu2011:40:0.447,vle,Aronu2011,40.0,0.447,MEA,0.1336352904626399,0.1334941933388453,-0.00014109712379459238
vle:9:Aronu2011:40:0.447,vle,Aronu2011,40.0,0.447,MEACOO-,0.41940520750901406,0.4170351281961982,-0.0023700793128158537
vle:9:Aronu2011:40:0.447,vle,Aronu2011,40.0,0.447,MEAH+,0.4469595020283461,0.4494706784649564,0.0025111764366103073
vle:9:Aronu2011:40:0.447,vle,Aronu2011,40.0,0.447,OH-,0.0,6.2428406143529035e-06,6.2428406143529035e-06
