source,temperature_C,MEA_weight_fraction,CO2_loading,species,observed_mole_fraction,observation_role,six_model_mole_fraction,six_log10_model_over_data,nine_model_mole_fraction,nine_log10_model_over_data,six_solver_success,six_solver_max_abs_residual,six_R_carbamate_ln_residual,six_R_bicarbonate_ln_residual,six_carbon_loading_residual,six_water_amine_ratio_residual,six_electroneutrality_residual,six_normalization_residual,nine_solver_success,nine_solver_max_abs_reaction_residual
Bottinger,20.0,0.3,0.075,CO2,,not_observed,9.812135362575666e-11,,2.2275170487698813e-11,,True,3.552713678800501e-15,0.0,3.552713678800501e-15,-9.273319565363586e-17,-1.500706379272926e-15,4.457049589277127e-17,0.0,True,8.939919027284304e-08
Matin,20.0,0.3,0.106,CO2,,not_observed,2.2800171075631704e-10,,5.1125049405365113e-11,,True,1.7763568394002505e-15,0.0,-1.7763568394002505e-15,6.18221304437868e-17,-3.7517659486695963e-16,-3.89406973986743e-17,-2.220446049250313e-16,True,8.36826785644007e-08
Jakobsen,20.0,0.3,0.11,CO2,,not_observed,2.505880190418675e-10,,5.622256275326051e-11,,True,1.2505886495847778e-16,0.0,0.0,-6.182213044518315e-17,1.2505886495847778e-16,1.1440716522814654e-17,2.220446049250313e-16,True,5.568007210854376e-08
Matin,20.0,0.3,0.128,CO2,,not_observed,3.7287754493224143e-10,,8.425631325823894e-11,,True,8.881784197001252e-15,7.105427357601002e-15,8.881784197001252e-15,3.091106522637168e-17,3.7517659492131353e-16,-5.240391526658324e-17,-1.1102230246251565e-16,True,7.29469871174615e-08
Bottinger,20.0,0.3,0.15,CO2,,not_observed,5.783292233662996e-10,,1.3290797928788094e-10,,True,3.552713678800501e-15,-3.552713678800501e-15,-1.7763568394002505e-15,-6.182213046544474e-17,-7.503531899967884e-16,-6.013168158553025e-17,0.0,True,7.755791742170004e-08
Matin,20.0,0.3,0.15,CO2,,not_observed,5.783292233662996e-10,,1.3290799914843422e-10,,True,3.552713678800501e-15,-3.552713678800501e-15,-1.7763568394002505e-15,-6.182213046544474e-17,-7.503531899967884e-16,-6.013168158553025e-17,0.0,True,8.186214373040458e-08
Matin,20.0,0.3,0.173,CO2,,not_observed,8.810371124872761e-10,,2.0768895367081211e-10,,True,3.552713678800501e-15,-3.552713678800501e-15,-3.552713678800501e-15,-6.182213048415889e-17,7.503531902239262e-16,-4.020853408442365e-17,-1.1102230246251565e-16,True,7.036199534127263e-08
Matin,20.0,0.3,0.195,CO2,,not_observed,1.2862128337806249e-09,,3.1262190025827917e-10,,True,3.552713678800501e-15,3.552713678800501e-15,3.552713678800501e-15,6.182213050920765e-17,-1.2505886508799185e-16,-2.7288674795079942e-17,2.220446049250313e-16,True,6.216354009325188e-08
Jakobsen,20.0,0.3,0.21,CO2,,not_observed,1.649529521616936e-09,,4.1067760748722406e-10,,True,3.552713678800501e-15,0.0,-3.552713678800501e-15,1.236442610633374e-16,3.751765954002835e-16,-1.1748619727990947e-16,-2.220446049250313e-16,True,7.233035859144367e-08
Matin,20.0,0.3,0.218,CO2,,not_observed,1.879562829157574e-09,,4.744554091767761e-10,,True,3.552713678800501e-15,3.552713678800501e-15,0.0,3.0911065272944905e-17,-2.50117730324391e-16,6.97310163872097e-17,0.0,True,9.885382112884145e-08
Bottinger,20.0,0.3,0.235,CO2,,not_observed,2.472308068300854e-09,,6.440956776674376e-10,,True,5.329070518200751e-15,0.0,-5.329070518200751e-15,-9.273319587380181e-17,-1.250588652363236e-15,4.286495382187454e-17,0.0,True,9.470033646152842e-08
Matin,20.0,0.3,0.241,CO2,,not_observed,2.721570958116175e-09,,7.174828702928644e-10,,True,3.7517659580248837e-16,0.0,0.0,-9.27331958969169e-17,3.7517659580248837e-16,1.636113026566698e-17,-1.1102230246251565e-16,True,9.723741101197449e-08
Jakobsen,20.0,0.3,0.25,CO2,,not_observed,3.1424241696201274e-09,,8.438587970908753e-10,,True,5.329070518200751e-15,0.0,-5.329070518200751e-15,0.0,-2.5011773064025507e-16,3.5257933871478664e-17,0.0,True,8.395986128562073e-08
Matin,20.0,0.3,0.264,CO2,,not_observed,3.930371288004819e-09,,1.0879461277821992e-09,,True,5.329070518200751e-15,0.0,-5.329070518200751e-15,0.0,7.503531925120039e-16,7.86058731795148e-17,0.0,True,9.039054305048921e-08
Matin,20.0,0.3,0.287,CO2,,not_observed,5.696460990619033e-09,,1.6643897393342674e-09,,True,3.552713678800501e-15,3.552713678800501e-15,3.552713678800501e-15,1.2364426156371716e-16,-5.0023546255813e-16,-3.1756289835212516e-17,0.0,True,9.691010305346027e-08
Jakobsen,20.0,0.3,0.29,CO2,,not_observed,5.9825770125818254e-09,,1.761044242384015e-09,,True,3.552713678800501e-15,0.0,3.552713678800501e-15,-6.182213079954691e-17,-1.2505886567531386e-16,-7.981333683300881e-17,-1.1102230246251565e-16,True,7.770372789650537e-08
Bottinger,20.0,0.3,0.309,CO2,,not_observed,8.200901334105836e-09,,2.5358349197360917e-09,,True,7.105427357601002e-15,0.0,-7.105427357601002e-15,1.23644261873377e-16,8.754120616691446e-16,-2.174641754237812e-16,0.0,True,6.195360136018735e-08
Matin,20.0,0.3,0.31,CO2,,not_observed,8.340572100331973e-09,,2.585962171109506e-09,,True,5.329070518200751e-15,0.0,-5.329070518200751e-15,0.0,6.252943298510101e-16,5.2041676635613894e-17,0.0,True,9.46818552449713e-08
Matin,20.0,0.3,0.334,CO2,,not_observed,1.265658776311659e-08,,4.198856534678132e-09,,True,3.552713678800501e-15,-3.552713678800501e-15,-1.7763568394002505e-15,0.0,-8.754120655697063e-16,-9.65970800189819e-19,2.220446049250313e-16,True,7.37123748706381e-08
Matin,20.0,0.3,0.358,CO2,,not_observed,1.9805213406082613e-08,,7.072493007016885e-09,,True,3.552713678800501e-15,3.552713678800501e-15,1.7763568394002505e-15,-6.18221316540918e-17,6.252943370197855e-16,7.945109888357892e-17,-1.1102230246251565e-16,True,8.034572474002745e-08
Matin,20.0,0.3,0.382,CO2,,not_observed,3.24748290326545e-08,,1.2559362298525582e-08,,True,3.552713678800501e-15,3.552713678800501e-15,3.552713678800501e-15,-1.2364426487470887e-16,-1.2505886898840494e-16,3.245661952961108e-16,0.0,True,8.670692253076595e-08
Bottinger,20.0,0.3,0.388,CO2,,not_observed,3.7115984607874784e-08,,1.4657299552936538e-08,,True,1.7763568394002505e-15,0.0,1.7763568394002505e-15,1.8546639817284164e-16,-3.7517660870646783e-16,-3.0911066362140274e-16,2.220446049250313e-16,True,7.156238268635208e-08
Jakobsen,20.0,0.3,0.4,CO2,,not_observed,4.923585416100335e-08,,2.029618646402633e-08,,True,1.7763568394002505e-15,0.0,-1.7763568394002505e-15,-6.182213347355676e-17,-7.503532265071192e-16,1.4489562532864863e-18,2.220446049250313e-16,True,9.738141670823097e-08
Matin,20.0,0.3,0.406,CO2,,not_observed,5.722101221020947e-08,,2.4112981566707667e-08,,True,3.552713678800501e-15,3.552713678800501e-15,-3.552713678800501e-15,-6.182213396721637e-17,8.754121045819432e-16,1.1519202305610238e-16,0.0,True,9.451456151055029e-08
Matin,20.0,0.3,0.431,CO2,,not_observed,1.1692421528968321e-07,,5.4201283951516464e-08,,True,3.552713678800501e-15,-3.552713678800501e-15,-3.552713678800501e-15,-1.2364427531639243e-16,3.751766386486527e-16,2.4583959428142087e-16,-1.1102230246251565e-16,True,5.181995987868505e-08
Matin,20.0,0.3,0.455,CO2,,not_observed,2.873864719941855e-07,,1.4637639252778086e-07,,True,3.552713678800501e-15,3.552713678800501e-15,0.0,6.182214819654031e-17,0.0,1.3813386237664477e-16,0.0,True,5.62796493852602e-08
Bottinger,20.0,0.3,0.474,CO2,,not_observed,7.761619266685137e-07,,4.22135092743259e-07,,True,1.0658141036401503e-14,-1.0658141036401503e-14,-5.329070518200751e-15,1.8546653524113643e-16,-3.876827821787479e-15,-3.4678378203941656e-16,0.0,True,9.91513928738641e-08
Matin,20.0,0.3,0.48,CO2,,not_observed,1.1551302565007968e-06,,6.369209665365716e-07,,True,3.552713678800501e-15,3.552713678800501e-15,0.0,6.182220184238714e-17,5.002360375463404e-16,-2.5115269498469776e-17,2.220446049250313e-16,True,6.038481004111418e-08
Matin,20.0,0.3,0.505,CO2,,not_observed,9.76178274253328e-06,,5.15376068958258e-06,,True,3.7518025720957875e-16,0.0,0.0,0.0,-3.7518025720957875e-16,3.09113669648942e-17,0.0,True,6.54634320085279e-08
Bottinger,20.0,0.3,0.524,CO2,,not_observed,4.2802274741616747e-05,,2.121515679200075e-05,,True,3.552713678800501e-15,0.0,-3.552713678800501e-15,0.0,-3.7519265388047114e-16,1.9320242709615045e-16,-2.220446049250313e-16,True,8.448203914213083e-08
Matin,20.0,0.3,0.531,CO2,,not_observed,6.497594396431365e-05,,3.1864394014408914e-05,,True,3.552713678800501e-15,3.552713678800501e-15,1.7763568394002505e-15,-6.182614764199598e-17,2.501339825459125e-16,1.5456536910498994e-17,0.0,True,7.955080505439582e-08
Jakobsen,20.0,0.3,0.6,CO2,,not_observed,0.0006768241480156175,,0.0003351155906196,,True,9.237055564881302e-14,-9.237055564881302e-14,5.329070518200751e-15,1.3486352322593435e-14,1.3890935727651473e-14,-1.9177840458733784e-14,0.0,True,6.184500023209695e-08
Bottinger,20.0,0.3,0.609,CO2,,not_observed,0.0008186986195641275,,0.0004081512669643,,True,6.039613253960852e-14,4.263256414560601e-14,6.039613253960852e-14,8.662189983138435e-15,8.260648066359835e-15,-4.114540241990757e-15,0.0,True,8.676316554101504e-08
Bottinger,20.0,0.3,0.704,CO2,,not_observed,0.003353919539581964,,0.0018524814140444,,True,1.4210854715202004e-14,1.4210854715202004e-14,8.881784197001252e-15,7.44362095733701e-16,8.783579965373112e-16,-5.582715718002758e-16,0.0,True,7.407690816307878e-08
Jakobsen,20.0,0.3,0.78,CO2,0.0005,direct_positive,0.006753432290633273,1.1305545456844404,0.0041161882267228,0.9155252218024759,True,3.552713678800501e-15,-3.552713678800501e-15,0.0,2.4896992323775534e-16,0.0,-1.8672744242831653e-16,0.0,True,5.9414865916096466e-08
Bottinger,20.0,0.3,0.832,CO2,,not_observed,0.009691040252731766,,0.0062984871850271,,True,1.7763568394002505e-15,0.0,1.7763568394002505e-15,0.0,0.0,6.242711410534808e-17,-2.220446049250313e-16,True,4.51205472984384e-08
Bottinger,20.0,0.3,0.929,CO2,0.0046,direct_positive,0.016190571339735393,0.5465043429097409,0.0116377881643229,0.40311261604581866,True,1.8851861538025596e-16,0.0,0.0,0.0,0.0,-1.8851861538025596e-16,-2.220446049250313e-16,True,6.903736604613188e-08
Bottinger,20.0,0.3,0.974,CO2,0.0066,direct_positive,0.019546605253328256,0.4715274068669759,0.0145857070777923,0.3443835519124632,True,1.0658141036401503e-14,-1.0658141036401503e-14,-3.552713678800501e-15,3.7832780687550076e-16,1.1479686748752283e-15,-3.7832780687550076e-16,-1.1102230246251565e-16,True,5.664326607757175e-08
Jakobsen,20.0,0.3,0.99,CO2,0.0018,direct_positive,0.020780202731471284,1.062377275111587,0.015693182706757,0.940438525915663,True,7.105427357601002e-15,-7.105427357601002e-15,0.0,-3.7880441511991564e-16,-3.8313828603950806e-16,2.525362767466104e-16,-1.1102230246251565e-16,True,4.2425540414114955e-08
Bottinger,20.0,0.3,0.075,CO3^2-,,not_observed,,,0.0004613732483494,,True,3.552713678800501e-15,0.0,3.552713678800501e-15,-9.273319565363586e-17,-1.500706379272926e-15,4.457049589277127e-17,0.0,True,8.939919027284304e-08
Matin,20.0,0.3,0.106,CO3^2-,,not_observed,,,0.0005150790766576,,True,1.7763568394002505e-15,0.0,-1.7763568394002505e-15,6.18221304437868e-17,-3.7517659486695963e-16,-3.89406973986743e-17,-2.220446049250313e-16,True,8.36826785644007e-08
Jakobsen,20.0,0.3,0.11,CO3^2-,0.0001,direct_positive,,,0.0005201584046743,0.7161356201730241,True,1.2505886495847778e-16,0.0,0.0,-6.182213044518315e-17,1.2505886495847778e-16,1.1440716522814654e-17,2.220446049250313e-16,True,5.568007210854376e-08
Matin,20.0,0.3,0.128,CO3^2-,,not_observed,,,0.0005390462104589,,True,8.881784197001252e-15,7.105427357601002e-15,8.881784197001252e-15,3.091106522637168e-17,3.7517659492131353e-16,-5.240391526658324e-17,-1.1102230246251565e-16,True,7.29469871174615e-08
Bottinger,20.0,0.3,0.15,CO3^2-,,not_observed,,,0.0005552374002044,,True,3.552713678800501e-15,-3.552713678800501e-15,-1.7763568394002505e-15,-6.182213046544474e-17,-7.503531899967884e-16,-6.013168158553025e-17,0.0,True,7.755791742170004e-08
Matin,20.0,0.3,0.15,CO3^2-,,not_observed,,,0.0005552373239993,,True,3.552713678800501e-15,-3.552713678800501e-15,-1.7763568394002505e-15,-6.182213046544474e-17,-7.503531899967884e-16,-6.013168158553025e-17,0.0,True,8.186214373040458e-08
Matin,20.0,0.3,0.173,CO3^2-,,not_observed,,,0.0005662362310917,,True,3.552713678800501e-15,-3.552713678800501e-15,-3.552713678800501e-15,-6.182213048415889e-17,7.503531902239262e-16,-4.020853408442365e-17,-1.1102230246251565e-16,True,7.036199534127263e-08
Matin,20.0,0.3,0.195,CO3^2-,,not_observed,,,0.0005726993830216,,True,3.552713678800501e-15,3.552713678800501e-15,3.552713678800501e-15,6.182213050920765e-17,-1.2505886508799185e-16,-2.7288674795079942e-17,2.220446049250313e-16,True,6.216354009325188e-08
Jakobsen,20.0,0.3,0.21,CO3^2-,0.0004,direct_positive,,,0.000575432612977,0.15793448081545808,True,3.552713678800501e-15,0.0,-3.552713678800501e-15,1.236442610633374e-16,3.751765954002835e-16,-1.1748619727990947e-16,-2.220446049250313e-16,True,7.233035859144367e-08
Matin,20.0,0.3,0.218,CO3^2-,,not_observed,,,0.0005764601971915,,True,3.552713678800501e-15,3.552713678800501e-15,0.0,3.0911065272944905e-17,-2.50117730324391e-16,6.97310163872097e-17,0.0,True,9.885382112884145e-08
Bottinger,20.0,0.3,0.235,CO3^2-,,not_observed,,,0.0005777827547741,,True,5.329070518200751e-15,0.0,-5.329070518200751e-15,-9.273319587380181e-17,-1.250588652363236e-15,4.286495382187454e-17,0.0,True,9.470033646152842e-08
Matin,20.0,0.3,0.241,CO3^2-,,not_observed,,,0.0005780162455003,,True,3.7517659580248837e-16,0.0,0.0,-9.27331958969169e-17,3.7517659580248837e-16,1.636113026566698e-17,-1.1102230246251565e-16,True,9.723741101197449e-08
Jakobsen,20.0,0.3,0.25,CO3^2-,0.0006,direct_positive,,,0.0005781809349906,-0.016087483292671807,True,5.329070518200751e-15,0.0,-5.329070518200751e-15,0.0,-2.5011773064025507e-16,3.5257933871478664e-17,0.0,True,8.395986128562073e-08
Matin,20.0,0.3,0.264,CO3^2-,,not_observed,,,0.0005780588679826,,True,5.329070518200751e-15,0.0,-5.329070518200751e-15,0.0,7.503531925120039e-16,7.86058731795148e-17,0.0,True,9.039054305048921e-08
Matin,20.0,0.3,0.287,CO3^2-,,not_observed,,,0.0005770434088559,,True,3.552713678800501e-15,3.552713678800501e-15,3.552713678800501e-15,1.2364426156371716e-16,-5.0023546255813e-16,-3.1756289835212516e-17,0.0,True,9.691010305346027e-08
Jakobsen,20.0,0.3,0.29,CO3^2-,0.0006,direct_positive,,,0.0005768561010777,-0.017083760108334355,True,3.552713678800501e-15,0.0,3.552713678800501e-15,-6.182213079954691e-17,-1.2505886567531386e-16,-7.981333683300881e-17,-1.1102230246251565e-16,True,7.770372789650537e-08
Bottinger,20.0,0.3,0.309,CO3^2-,,not_observed,,,0.0005754400648519,,True,7.105427357601002e-15,0.0,-7.105427357601002e-15,1.23644261873377e-16,8.754120616691446e-16,-2.174641754237812e-16,0.0,True,6.195360136018735e-08
Matin,20.0,0.3,0.31,CO3^2-,,not_observed,,,0.0005753470465775,,True,5.329070518200751e-15,0.0,-5.329070518200751e-15,0.0,6.252943298510101e-16,5.2041676635613894e-17,0.0,True,9.46818552449713e-08
Matin,20.0,0.3,0.334,CO3^2-,,not_observed,,,0.0005730966479401,,True,3.552713678800501e-15,-3.552713678800501e-15,-1.7763568394002505e-15,0.0,-8.754120655697063e-16,-9.65970800189819e-19,2.220446049250313e-16,True,7.37123748706381e-08
Matin,20.0,0.3,0.358,CO3^2-,,not_observed,,,0.0005705356991898,,True,3.552713678800501e-15,3.552713678800501e-15,1.7763568394002505e-15,-6.18221316540918e-17,6.252943370197855e-16,7.945109888357892e-17,-1.1102230246251565e-16,True,8.034572474002745e-08
Matin,20.0,0.3,0.382,CO3^2-,,not_observed,,,0.0005677604678039,,True,3.552713678800501e-15,3.552713678800501e-15,3.552713678800501e-15,-1.2364426487470887e-16,-1.2505886898840494e-16,3.245661952961108e-16,0.0,True,8.670692253076595e-08
Bottinger,20.0,0.3,0.388,CO3^2-,,not_observed,,,0.0005670275041396,,True,1.7763568394002505e-15,0.0,1.7763568394002505e-15,1.8546639817284164e-16,-3.7517660870646783e-16,-3.0911066362140274e-16,2.220446049250313e-16,True,7.156238268635208e-08
Jakobsen,20.0,0.3,0.4,CO3^2-,0.0012,direct_positive,,,0.0005655193792101,-0.32673375413397765,True,1.7763568394002505e-15,0.0,-1.7763568394002505e-15,-6.182213347355676e-17,-7.503532265071192e-16,1.4489562532864863e-18,2.220446049250313e-16,True,9.738141670823097e-08
Matin,20.0,0.3,0.406,CO3^2-,,not_observed,,,0.0005647346916603,,True,3.552713678800501e-15,3.552713678800501e-15,-3.552713678800501e-15,-6.182213396721637e-17,8.754121045819432e-16,1.1519202305610238e-16,0.0,True,9.451456151055029e-08
Matin,20.0,0.3,0.431,CO3^2-,,not_observed,,,0.0005610810915405,,True,3.552713678800501e-15,-3.552713678800501e-15,-3.552713678800501e-15,-1.2364427531639243e-16,3.751766386486527e-16,2.4583959428142087e-16,-1.1102230246251565e-16,True,5.181995987868505e-08
Matin,20.0,0.3,0.455,CO3^2-,,not_observed,,,0.000556241300535,,True,3.552713678800501e-15,3.552713678800501e-15,0.0,6.182214819654031e-17,0.0,1.3813386237664477e-16,0.0,True,5.62796493852602e-08
Bottinger,20.0,0.3,0.474,CO3^2-,,not_observed,,,0.0005495401223369,,True,1.0658141036401503e-14,-1.0658141036401503e-14,-5.329070518200751e-15,1.8546653524113643e-16,-3.876827821787479e-15,-3.4678378203941656e-16,0.0,True,9.91513928738641e-08
Matin,20.0,0.3,0.48,CO3^2-,,not_observed,,,0.0005461886500561,,True,3.552713678800501e-15,3.552713678800501e-15,0.0,6.182220184238714e-17,5.002360375463404e-16,-2.5115269498469776e-17,2.220446049250313e-16,True,6.038481004111418e-08
Matin,20.0,0.3,0.505,CO3^2-,,not_observed,,,0.0005165028925867,,True,3.7518025720957875e-16,0.0,0.0,0.0,-3.7518025720957875e-16,3.09113669648942e-17,0.0,True,6.54634320085279e-08
Bottinger,20.0,0.3,0.524,CO3^2-,,not_observed,,,0.0004755586145946,,True,3.552713678800501e-15,0.0,-3.552713678800501e-15,0.0,-3.7519265388047114e-16,1.9320242709615045e-16,-2.220446049250313e-16,True,8.448203914213083e-08
Matin,20.0,0.3,0.531,CO3^2-,,not_observed,,,0.0004591250156194,,True,3.552713678800501e-15,3.552713678800501e-15,1.7763568394002505e-15,-6.182614764199598e-17,2.501339825459125e-16,1.5456536910498994e-17,0.0,True,7.955080505439582e-08
Jakobsen,20.0,0.3,0.6,CO3^2-,0.0014,direct_positive,,,0.0003161423466979,-0.6462453629786351,True,9.237055564881302e-14,-9.237055564881302e-14,5.329070518200751e-15,1.3486352322593435e-14,1.3890935727651473e-14,-1.9177840458733784e-14,0.0,True,6.184500023209695e-08
Bottinger,20.0,0.3,0.609,CO3^2-,,not_observed,,,0.0003010222464556,,True,6.039613253960852e-14,4.263256414560601e-14,6.039613253960852e-14,8.662189983138435e-15,8.260648066359835e-15,-4.114540241990757e-15,0.0,True,8.676316554101504e-08
Bottinger,20.0,0.3,0.704,CO3^2-,,not_observed,,,0.0001823941577146,,True,1.4210854715202004e-14,1.4210854715202004e-14,8.881784197001252e-15,7.44362095733701e-16,8.783579965373112e-16,-5.582715718002758e-16,0.0,True,7.407690816307878e-08
Jakobsen,20.0,0.3,0.78,CO3^2-,0.0014,direct_positive,,,0.00012637687446,-1.0444604254443852,True,3.552713678800501e-15,-3.552713678800501e-15,0.0,2.4896992323775534e-16,0.0,-1.8672744242831653e-16,0.0,True,5.9414865916096466e-08
Bottinger,20.0,0.3,0.832,CO3^2-,,not_observed,,,0.0001005689327981,,True,1.7763568394002505e-15,0.0,1.7763568394002505e-15,0.0,0.0,6.242711410534808e-17,-2.220446049250313e-16,True,4.51205472984384e-08
Bottinger,20.0,0.3,0.929,CO3^2-,,not_observed,,,6.914755060202607e-05,,True,1.8851861538025596e-16,0.0,0.0,0.0,0.0,-1.8851861538025596e-16,-2.220446049250313e-16,True,6.903736604613188e-08
Bottinger,20.0,0.3,0.974,CO3^2-,,not_observed,,,5.936427408356256e-05,,True,1.0658141036401503e-14,-1.0658141036401503e-14,-3.552713678800501e-15,3.7832780687550076e-16,1.1479686748752283e-15,-3.7832780687550076e-16,-1.1102230246251565e-16,True,5.664326607757175e-08
Jakobsen,20.0,0.3,0.99,CO3^2-,0.0017,direct_positive,,,5.639447681829401e-05,-1.4792123493948492,True,7.105427357601002e-15,-7.105427357601002e-15,0.0,-3.7880441511991564e-16,-3.8313828603950806e-16,2.525362767466104e-16,-1.1102230246251565e-16,True,4.2425540414114955e-08
Bottinger,20.0,0.3,0.075,H2O,,not_observed,0.8877502709057387,,,,True,3.552713678800501e-15,0.0,3.552713678800501e-15,-9.273319565363586e-17,-1.500706379272926e-15,4.457049589277127e-17,0.0,True,8.939919027284304e-08
Matin,20.0,0.3,0.106,H2O,,not_observed,0.8877449833824727,,,,True,1.7763568394002505e-15,0.0,-1.7763568394002505e-15,6.18221304437868e-17,-3.7517659486695963e-16,-3.89406973986743e-17,-2.220446049250313e-16,True,8.36826785644007e-08
Jakobsen,20.0,0.3,0.11,H2O,,not_observed,0.8877442400428751,,,,True,1.2505886495847778e-16,0.0,0.0,-6.182213044518315e-17,1.2505886495847778e-16,1.1440716522814654e-17,2.220446049250313e-16,True,5.568007210854376e-08
Matin,20.0,0.3,0.128,H2O,,not_observed,0.8877406977211312,,,,True,8.881784197001252e-15,7.105427357601002e-15,8.881784197001252e-15,3.091106522637168e-17,3.7517659492131353e-16,-5.240391526658324e-17,-1.1102230246251565e-16,True,7.29469871174615e-08
Bottinger,20.0,0.3,0.15,H2O,,not_observed,0.8877358748839383,,,,True,3.552713678800501e-15,-3.552713678800501e-15,-1.7763568394002505e-15,-6.182213046544474e-17,-7.503531899967884e-16,-6.013168158553025e-17,0.0,True,7.755791742170004e-08
Matin,20.0,0.3,0.15,H2O,,not_observed,0.8877358748839383,,,,True,3.552713678800501e-15,-3.552713678800501e-15,-1.7763568394002505e-15,-6.182213046544474e-17,-7.503531899967884e-16,-6.013168158553025e-17,0.0,True,8.186214373040458e-08
Matin,20.0,0.3,0.173,H2O,,not_observed,0.8877301413007493,,,,True,3.552713678800501e-15,-3.552713678800501e-15,-3.552713678800501e-15,-6.182213048415889e-17,7.503531902239262e-16,-4.020853408442365e-17,-1.1102230246251565e-16,True,7.036199534127263e-08
Matin,20.0,0.3,0.195,H2O,,not_observed,0.8877238509617044,,,,True,3.552713678800501e-15,3.552713678800501e-15,3.552713678800501e-15,6.182213050920765e-17,-1.2505886508799185e-16,-2.7288674795079942e-17,2.220446049250313e-16,True,6.216354009325188e-08
Jakobsen,20.0,0.3,0.21,H2O,,not_observed,0.8877190172506648,,,,True,3.552713678800501e-15,0.0,-3.552713678800501e-15,1.236442610633374e-16,3.751765954002835e-16,-1.1748619727990947e-16,-2.220446049250313e-16,True,7.233035859144367e-08
Matin,20.0,0.3,0.218,H2O,,not_observed,0.8877162299877721,,,,True,3.552713678800501e-15,3.552713678800501e-15,0.0,3.0911065272944905e-17,-2.50117730324391e-16,6.97310163872097e-17,0.0,True,9.885382112884145e-08
Bottinger,20.0,0.3,0.235,H2O,,not_observed,0.8877097511803639,,,,True,5.329070518200751e-15,0.0,-5.329070518200751e-15,-9.273319587380181e-17,-1.250588652363236e-15,4.286495382187454e-17,0.0,True,9.470033646152842e-08
Matin,20.0,0.3,0.241,H2O,,not_observed,0.8877072625984094,,,,True,3.7517659580248837e-16,0.0,0.0,-9.27331958969169e-17,3.7517659580248837e-16,1.636113026566698e-17,-1.1102230246251565e-16,True,9.723741101197449e-08
Jakobsen,20.0,0.3,0.25,H2O,,not_observed,0.8877033070797029,,,,True,5.329070518200751e-15,0.0,-5.329070518200751e-15,0.0,-2.5011773064025507e-16,3.5257933871478664e-17,0.0,True,8.395986128562073e-08
Matin,20.0,0.3,0.264,H2O,,not_observed,0.8876965582999335,,,,True,5.329070518200751e-15,0.0,-5.329070518200751e-15,0.0,7.503531925120039e-16,7.86058731795148e-17,0.0,True,9.039054305048921e-08
Matin,20.0,0.3,0.287,H2O,,not_observed,0.8876835599025066,,,,True,3.552713678800501e-15,3.552713678800501e-15,3.552713678800501e-15,1.2364426156371716e-16,-5.0023546255813e-16,-3.1756289835212516e-17,0.0,True,9.691010305346027e-08
Jakobsen,20.0,0.3,0.29,H2O,,not_observed,0.887681656283192,,,,True,3.552713678800501e-15,0.0,3.552713678800501e-15,-6.182213079954691e-17,-1.2505886567531386e-16,-7.981333683300881e-17,-1.1102230246251565e-16,True,7.770372789650537e-08
Bottinger,20.0,0.3,0.309,H2O,,not_observed,0.8876682248676104,,,,True,7.105427357601002e-15,0.0,-7.105427357601002e-15,1.23644261873377e-16,8.754120616691446e-16,-2.174641754237812e-16,0.0,True,6.195360136018735e-08
Matin,20.0,0.3,0.31,H2O,,not_observed,0.887667444294557,,,,True,5.329070518200751e-15,0.0,-5.329070518200751e-15,0.0,6.252943298510101e-16,5.2041676635613894e-17,0.0,True,9.46818552449713e-08
Matin,20.0,0.3,0.334,H2O,,not_observed,0.887645924596032,,,,True,3.552713678800501e-15,-3.552713678800501e-15,-1.7763568394002505e-15,0.0,-8.754120655697063e-16,-9.65970800189819e-19,2.220446049250313e-16,True,7.37123748706381e-08
Matin,20.0,0.3,0.358,H2O,,not_observed,0.8876172484419432,,,,True,3.552713678800501e-15,3.552713678800501e-15,1.7763568394002505e-15,-6.18221316540918e-17,6.252943370197855e-16,7.945109888357892e-17,-1.1102230246251565e-16,True,8.034572474002745e-08
Matin,20.0,0.3,0.382,H2O,,not_observed,0.8875771723251508,,,,True,3.552713678800501e-15,3.552713678800501e-15,3.552713678800501e-15,-1.2364426487470887e-16,-1.2505886898840494e-16,3.245661952961108e-16,0.0,True,8.670692253076595e-08
Bottinger,20.0,0.3,0.388,H2O,,not_observed,0.8875645420791504,,,,True,1.7763568394002505e-15,0.0,1.7763568394002505e-15,1.8546639817284164e-16,-3.7517660870646783e-16,-3.0911066362140274e-16,2.220446049250313e-16,True,7.156238268635208e-08
Jakobsen,20.0,0.3,0.4,H2O,,not_observed,0.8875348875346951,,,,True,1.7763568394002505e-15,0.0,-1.7763568394002505e-15,-6.182213347355676e-17,-7.503532265071192e-16,1.4489562532864863e-18,2.220446049250313e-16,True,9.738141670823097e-08
Matin,20.0,0.3,0.406,H2O,,not_observed,0.8875173298660262,,,,True,3.552713678800501e-15,3.552713678800501e-15,-3.552713678800501e-15,-6.182213396721637e-17,8.754121045819432e-16,1.1519202305610238e-16,0.0,True,9.451456151055029e-08
Matin,20.0,0.3,0.431,H2O,,not_observed,0.8874132888032227,,,,True,3.552713678800501e-15,-3.552713678800501e-15,-3.552713678800501e-15,-1.2364427531639243e-16,3.751766386486527e-16,2.4583959428142087e-16,-1.1102230246251565e-16,True,5.181995987868505e-08
Matin,20.0,0.3,0.455,H2O,,not_observed,0.8872172119427154,,,,True,3.552713678800501e-15,3.552713678800501e-15,0.0,6.182214819654031e-17,0.0,1.3813386237664477e-16,0.0,True,5.62796493852602e-08
Bottinger,20.0,0.3,0.474,H2O,,not_observed,0.8868705775301639,,,,True,1.0658141036401503e-14,-1.0658141036401503e-14,-5.329070518200751e-15,1.8546653524113643e-16,-3.876827821787479e-15,-3.4678378203941656e-16,0.0,True,9.91513928738641e-08
Matin,20.0,0.3,0.48,H2O,,not_observed,0.8866767960920742,,,,True,3.552713678800501e-15,3.552713678800501e-15,0.0,6.182220184238714e-17,5.002360375463404e-16,-2.5115269498469776e-17,2.220446049250313e-16,True,6.038481004111418e-08
Matin,20.0,0.3,0.505,H2O,,not_observed,0.8846673577630385,,,,True,3.7518025720957875e-16,0.0,0.0,0.0,-3.7518025720957875e-16,3.09113669648942e-17,0.0,True,6.54634320085279e-08
Bottinger,20.0,0.3,0.524,H2O,,not_observed,0.8814667621425747,,,,True,3.552713678800501e-15,0.0,-3.552713678800501e-15,0.0,-3.7519265388047114e-16,1.9320242709615045e-16,-2.220446049250313e-16,True,8.448203914213083e-08
Matin,20.0,0.3,0.531,H2O,,not_observed,0.880099337024614,,,,True,3.552713678800501e-15,3.552713678800501e-15,1.7763568394002505e-15,-6.182614764199598e-17,2.501339825459125e-16,1.5456536910498994e-17,0.0,True,7.955080505439582e-08
Jakobsen,20.0,0.3,0.6,H2O,,not_observed,0.8658431713031642,,,,True,9.237055564881302e-14,-9.237055564881302e-14,5.329070518200751e-15,1.3486352322593435e-14,1.3890935727651473e-14,-1.9177840458733784e-14,0.0,True,6.184500023209695e-08
Bottinger,20.0,0.3,0.609,H2O,,not_observed,0.8640076938146083,,,,True,6.039613253960852e-14,4.263256414560601e-14,6.039613253960852e-14,8.662189983138435e-15,8.260648066359835e-15,-4.114540241990757e-15,0.0,True,8.676316554101504e-08
Bottinger,20.0,0.3,0.704,H2O,,not_observed,0.845748958084345,,,,True,1.4210854715202004e-14,1.4210854715202004e-14,8.881784197001252e-15,7.44362095733701e-16,8.783579965373112e-16,-5.582715718002758e-16,0.0,True,7.407690816307878e-08
Jakobsen,20.0,0.3,0.78,H2O,,not_observed,0.8327736762836515,,,,True,3.552713678800501e-15,-3.552713678800501e-15,0.0,2.4896992323775534e-16,0.0,-1.8672744242831653e-16,0.0,True,5.9414865916096466e-08
Bottinger,20.0,0.3,0.832,H2O,,not_observed,0.8246789902772519,,,,True,1.7763568394002505e-15,0.0,1.7763568394002505e-15,0.0,0.0,6.242711410534808e-17,-2.220446049250313e-16,True,4.51205472984384e-08
Bottinger,20.0,0.3,0.929,H2O,,not_observed,0.8109855203553816,,,,True,1.8851861538025596e-16,0.0,0.0,0.0,0.0,-1.8851861538025596e-16,-2.220446049250313e-16,True,6.903736604613188e-08
Bottinger,20.0,0.3,0.974,H2O,,not_observed,0.8051419235962671,,,,True,1.0658141036401503e-14,-1.0658141036401503e-14,-3.552713678800501e-15,3.7832780687550076e-16,1.1479686748752283e-15,-3.7832780687550076e-16,-1.1102230246251565e-16,True,5.664326607757175e-08
Jakobsen,20.0,0.3,0.99,H2O,,not_observed,0.803129610712883,,,,True,7.105427357601002e-15,-7.105427357601002e-15,0.0,-3.7880441511991564e-16,-3.8313828603950806e-16,2.525362767466104e-16,-1.1102230246251565e-16,True,4.2425540414114955e-08
Bottinger,20.0,0.3,0.075,H3O+,,not_observed,,,4.02416505299932e-14,,True,3.552713678800501e-15,0.0,3.552713678800501e-15,-9.273319565363586e-17,-1.500706379272926e-15,4.457049589277127e-17,0.0,True,8.939919027284304e-08
Matin,20.0,0.3,0.106,H3O+,,not_observed,,,5.3250847859436295e-14,,True,1.7763568394002505e-15,0.0,-1.7763568394002505e-15,6.18221304437868e-17,-3.7517659486695963e-16,-3.89406973986743e-17,-2.220446049250313e-16,True,8.36826785644007e-08
Jakobsen,20.0,0.3,0.11,H3O+,,not_observed,,,5.487246274190666e-14,,True,1.2505886495847778e-16,0.0,0.0,-6.182213044518315e-17,1.2505886495847778e-16,1.1440716522814654e-17,2.220446049250313e-16,True,5.568007210854376e-08
Matin,20.0,0.3,0.128,H3O+,,not_observed,,,6.208306181065864e-14,,True,8.881784197001252e-15,7.105427357601002e-15,8.881784197001252e-15,3.091106522637168e-17,3.7517659492131353e-16,-5.240391526658324e-17,-1.1102230246251565e-16,True,7.29469871174615e-08
Bottinger,20.0,0.3,0.15,H3O+,,not_observed,,,7.084501629445332e-14,,True,3.552713678800501e-15,-3.552713678800501e-15,-1.7763568394002505e-15,-6.182213046544474e-17,-7.503531899967884e-16,-6.013168158553025e-17,0.0,True,7.755791742170004e-08
Matin,20.0,0.3,0.15,H3O+,,not_observed,,,7.084502508995516e-14,,True,3.552713678800501e-15,-3.552713678800501e-15,-1.7763568394002505e-15,-6.182213046544474e-17,-7.503531899967884e-16,-6.013168158553025e-17,0.0,True,8.186214373040458e-08
Matin,20.0,0.3,0.173,H3O+,,not_observed,,,8.018848786403263e-14,,True,3.552713678800501e-15,-3.552713678800501e-15,-3.552713678800501e-15,-6.182213048415889e-17,7.503531902239262e-16,-4.020853408442365e-17,-1.1102230246251565e-16,True,7.036199534127263e-08
Matin,20.0,0.3,0.195,H3O+,,not_observed,,,8.957088597919811e-14,,True,3.552713678800501e-15,3.552713678800501e-15,3.552713678800501e-15,6.182213050920765e-17,-1.2505886508799185e-16,-2.7288674795079942e-17,2.220446049250313e-16,True,6.216354009325188e-08
Jakobsen,20.0,0.3,0.21,H3O+,,not_observed,,,9.637113935866113e-14,,True,3.552713678800501e-15,0.0,-3.552713678800501e-15,1.236442610633374e-16,3.751765954002835e-16,-1.1748619727990947e-16,-2.220446049250313e-16,True,7.233035859144367e-08
Matin,20.0,0.3,0.218,H3O+,,not_observed,,,1.0017592233714971e-13,,True,3.552713678800501e-15,3.552713678800501e-15,0.0,3.0911065272944905e-17,-2.50117730324391e-16,6.97310163872097e-17,0.0,True,9.885382112884145e-08
Bottinger,20.0,0.3,0.235,H3O+,,not_observed,,,1.0877711710022581e-13,,True,5.329070518200751e-15,0.0,-5.329070518200751e-15,-9.273319587380181e-17,-1.250588652363236e-15,4.286495382187454e-17,0.0,True,9.470033646152842e-08
Matin,20.0,0.3,0.241,H3O+,,not_observed,,,1.1201067526680157e-13,,True,3.7517659580248837e-16,0.0,0.0,-9.27331958969169e-17,3.7517659580248837e-16,1.636113026566698e-17,-1.1102230246251565e-16,True,9.723741101197449e-08
Jakobsen,20.0,0.3,0.25,H3O+,,not_observed,,,1.1708927194395252e-13,,True,5.329070518200751e-15,0.0,-5.329070518200751e-15,0.0,-2.5011773064025507e-16,3.5257933871478664e-17,0.0,True,8.395986128562073e-08
Matin,20.0,0.3,0.264,H3O+,,not_observed,,,1.2562231595027688e-13,,True,5.329070518200751e-15,0.0,-5.329070518200751e-15,0.0,7.503531925120039e-16,7.86058731795148e-17,0.0,True,9.039054305048921e-08
Matin,20.0,0.3,0.287,H3O+,,not_observed,,,1.4175919185984472e-13,,True,3.552713678800501e-15,3.552713678800501e-15,3.552713678800501e-15,1.2364426156371716e-16,-5.0023546255813e-16,-3.1756289835212516e-17,0.0,True,9.691010305346027e-08
Jakobsen,20.0,0.3,0.29,H3O+,,not_observed,,,1.4410131792517049e-13,,True,3.552713678800501e-15,0.0,3.552713678800501e-15,-6.182213079954691e-17,-1.2505886567531386e-16,-7.981333683300881e-17,-1.1102230246251565e-16,True,7.770372789650537e-08
Bottinger,20.0,0.3,0.309,H3O+,,not_observed,,,1.6054538211690918e-13,,True,7.105427357601002e-15,0.0,-7.105427357601002e-15,1.23644261873377e-16,8.754120616691446e-16,-2.174641754237812e-16,0.0,True,6.195360136018735e-08
Matin,20.0,0.3,0.31,H3O+,,not_observed,,,1.614978152657599e-13,,True,5.329070518200751e-15,0.0,-5.329070518200751e-15,0.0,6.252943298510101e-16,5.2041676635613894e-17,0.0,True,9.46818552449713e-08
Matin,20.0,0.3,0.334,H3O+,,not_observed,,,1.8771470211349445e-13,,True,3.552713678800501e-15,-3.552713678800501e-15,-1.7763568394002505e-15,0.0,-8.754120655697063e-16,-9.65970800189819e-19,2.220446049250313e-16,True,7.37123748706381e-08
Matin,20.0,0.3,0.358,H3O+,,not_observed,,,2.2267901160806845e-13,,True,3.552713678800501e-15,3.552713678800501e-15,1.7763568394002505e-15,-6.18221316540918e-17,6.252943370197855e-16,7.945109888357892e-17,-1.1102230246251565e-16,True,8.034572474002745e-08
Matin,20.0,0.3,0.382,H3O+,,not_observed,,,2.717927949442285e-13,,True,3.552713678800501e-15,3.552713678800501e-15,3.552713678800501e-15,-1.2364426487470887e-16,-1.2505886898840494e-16,3.245661952961108e-16,0.0,True,8.670692253076595e-08
Bottinger,20.0,0.3,0.388,H3O+,,not_observed,,,2.873375378204608e-13,,True,1.7763568394002505e-15,0.0,1.7763568394002505e-15,1.8546639817284164e-16,-3.7517660870646783e-16,-3.0911066362140274e-16,2.220446049250313e-16,True,7.156238268635208e-08
Jakobsen,20.0,0.3,0.4,H3O+,,not_observed,,,3.239430966575307e-13,,True,1.7763568394002505e-15,0.0,-1.7763568394002505e-15,-6.182213347355676e-17,-7.503532265071192e-16,1.4489562532864863e-18,2.220446049250313e-16,True,9.738141670823097e-08
Matin,20.0,0.3,0.406,H3O+,,not_observed,,,3.456811667660018e-13,,True,3.552713678800501e-15,3.552713678800501e-15,-3.552713678800501e-15,-6.182213396721637e-17,8.754121045819432e-16,1.1519202305610238e-16,0.0,True,9.451456151055029e-08
Matin,20.0,0.3,0.431,H3O+,,not_observed,,,4.751801261183926e-13,,True,3.552713678800501e-15,-3.552713678800501e-15,-3.552713678800501e-15,-1.2364427531639243e-16,3.751766386486527e-16,2.4583959428142087e-16,-1.1102230246251565e-16,True,5.181995987868505e-08
Matin,20.0,0.3,0.455,H3O+,,not_observed,,,7.203712115830721e-13,,True,3.552713678800501e-15,3.552713678800501e-15,0.0,6.182214819654031e-17,0.0,1.3813386237664477e-16,0.0,True,5.62796493852602e-08
Bottinger,20.0,0.3,0.474,H3O+,,not_observed,,,1.1505754552321152e-12,,True,1.0658141036401503e-14,-1.0658141036401503e-14,-5.329070518200751e-15,1.8546653524113643e-16,-3.876827821787479e-15,-3.4678378203941656e-16,0.0,True,9.91513928738641e-08
Matin,20.0,0.3,0.48,H3O+,,not_observed,,,1.3871851309978217e-12,,True,3.552713678800501e-15,3.552713678800501e-15,0.0,6.182220184238714e-17,5.002360375463404e-16,-2.5115269498469776e-17,2.220446049250313e-16,True,6.038481004111418e-08
Matin,20.0,0.3,0.505,H3O+,,not_observed,,,3.676738264103304e-12,,True,3.7518025720957875e-16,0.0,0.0,0.0,-3.7518025720957875e-16,3.09113669648942e-17,0.0,True,6.54634320085279e-08
Bottinger,20.0,0.3,0.524,H3O+,,not_observed,,,7.129919821053713e-12,,True,3.552713678800501e-15,0.0,-3.552713678800501e-15,0.0,-3.7519265388047114e-16,1.9320242709615045e-16,-2.220446049250313e-16,True,8.448203914213083e-08
Matin,20.0,0.3,0.531,H3O+,,not_observed,,,8.60239508576274e-12,,True,3.552713678800501e-15,3.552713678800501e-15,1.7763568394002505e-15,-6.182614764199598e-17,2.501339825459125e-16,1.5456536910498994e-17,0.0,True,7.955080505439582e-08
Jakobsen,20.0,0.3,0.6,H3O+,,not_observed,,,2.4131454450679157e-11,,True,9.237055564881302e-14,-9.237055564881302e-14,5.329070518200751e-15,1.3486352322593435e-14,1.3890935727651473e-14,-1.9177840458733784e-14,0.0,True,6.184500023209695e-08
Bottinger,20.0,0.3,0.609,H3O+,,not_observed,,,2.6154270748888983e-11,,True,6.039613253960852e-14,4.263256414560601e-14,6.039613253960852e-14,8.662189983138435e-15,8.260648066359835e-15,-4.114540241990757e-15,0.0,True,8.676316554101504e-08
Bottinger,20.0,0.3,0.704,H3O+,,not_observed,,,4.668509172678976e-11,,True,1.4210854715202004e-14,1.4210854715202004e-14,8.881784197001252e-15,7.44362095733701e-16,8.783579965373112e-16,-5.582715718002758e-16,0.0,True,7.407690816307878e-08
Jakobsen,20.0,0.3,0.78,H3O+,,not_observed,,,6.179673299435809e-11,,True,3.552713678800501e-15,-3.552713678800501e-15,0.0,2.4896992323775534e-16,0.0,-1.8672744242831653e-16,0.0,True,5.9414865916096466e-08
Bottinger,20.0,0.3,0.832,H3O+,,not_observed,,,7.13736393536281e-11,,True,1.7763568394002505e-15,0.0,1.7763568394002505e-15,0.0,0.0,6.242711410534808e-17,-2.220446049250313e-16,True,4.51205472984384e-08
Bottinger,20.0,0.3,0.929,H3O+,,not_observed,,,8.746510486430316e-11,,True,1.8851861538025596e-16,0.0,0.0,0.0,0.0,-1.8851861538025596e-16,-2.220446049250313e-16,True,6.903736604613188e-08
Bottinger,20.0,0.3,0.974,H3O+,,not_observed,,,9.41428777696266e-11,,True,1.0658141036401503e-14,-1.0658141036401503e-14,-3.552713678800501e-15,3.7832780687550076e-16,1.1479686748752283e-15,-3.7832780687550076e-16,-1.1102230246251565e-16,True,5.664326607757175e-08
Jakobsen,20.0,0.3,0.99,H3O+,,not_observed,,,9.64006430853451e-11,,True,7.105427357601002e-15,-7.105427357601002e-15,0.0,-3.7880441511991564e-16,-3.8313828603950806e-16,2.525362767466104e-16,-1.1102230246251565e-16,True,4.2425540414114955e-08
Bottinger,20.0,0.3,0.075,HCO3-,,not_observed,1.008511783960455e-05,,5.708698150376452e-06,,True,3.552713678800501e-15,0.0,3.552713678800501e-15,-9.273319565363586e-17,-1.500706379272926e-15,4.457049589277127e-17,0.0,True,8.939919027284304e-08
Matin,20.0,0.3,0.106,HCO3-,0.0024,direct_positive,1.537252580285142e-05,-2.1934660110291313,9.018021427911892e-06,-2.425099978803503,True,1.7763568394002505e-15,0.0,-1.7763568394002505e-15,6.18221304437868e-17,-3.7517659486695963e-16,-3.89406973986743e-17,-2.220446049250313e-16,True,8.36826785644007e-08
Jakobsen,20.0,0.3,0.11,HCO3-,0.0,direct_zero,1.6115845349454656e-05,,9.496908411722023e-06,,True,1.2505886495847778e-16,0.0,0.0,-6.182213044518315e-17,1.2505886495847778e-16,1.1440716522814654e-17,2.220446049250313e-16,True,5.568007210854376e-08
Matin,20.0,0.3,0.128,HCO3-,0.0022,direct_positive,1.9658058529588627e-05,-2.0488820570270896,1.182307261026381e-05,-2.2696923240509417,True,8.881784197001252e-15,7.105427357601002e-15,8.881784197001252e-15,3.091106522637168e-17,3.7517659492131353e-16,-5.240391526658324e-17,-1.1102230246251565e-16,True,7.29469871174615e-08
Bottinger,20.0,0.3,0.15,HCO3-,,not_observed,2.4480713330526737e-05,,1.510262619598624e-05,,True,3.552713678800501e-15,-3.552713678800501e-15,-1.7763568394002505e-15,-6.182213046544474e-17,-7.503531899967884e-16,-6.013168158553025e-17,0.0,True,7.755791742170004e-08
Matin,20.0,0.3,0.15,HCO3-,0.002,direct_positive,2.4480713330526737e-05,-1.9122059273294278,1.5102626509425248e-05,-2.1219775133141123,True,3.552713678800501e-15,-3.552713678800501e-15,-1.7763568394002505e-15,-6.182213046544474e-17,-7.503531899967884e-16,-6.013168158553025e-17,0.0,True,8.186214373040458e-08
Matin,20.0,0.3,0.173,HCO3-,0.002,direct_positive,3.021402778743028e-05,-1.8208213713752959,1.916052624218179e-05,-2.0186225628975936,True,3.552713678800501e-15,-3.552713678800501e-15,-3.552713678800501e-15,-6.182213048415889e-17,7.503531902239262e-16,-4.020853408442365e-17,-1.1102230246251565e-16,True,7.036199534127263e-08
Matin,20.0,0.3,0.195,HCO3-,0.002,direct_positive,3.6504007133650605e-05,-1.7386894550290943,2.379712748337266e-05,-1.9245054584986645,True,3.552713678800501e-15,3.552713678800501e-15,3.552713678800501e-15,6.182213050920765e-17,-1.2505886508799185e-16,-2.7288674795079942e-17,2.220446049250313e-16,True,6.216354009325188e-08
Jakobsen,20.0,0.3,0.21,HCO3-,0.0001,direct_positive,4.1337395634807875e-05,-0.3836568885471675,2.748156155827637e-05,-0.560958593414723,True,3.552713678800501e-15,0.0,-3.552713678800501e-15,1.236442610633374e-16,3.751765954002835e-16,-1.1748619727990947e-16,-2.220446049250313e-16,True,7.233035859144367e-08
Matin,20.0,0.3,0.218,HCO3-,0.0021,direct_positive,4.412445431317949e-05,-1.6775399472216757,2.965134369471061e-05,-1.8501749158877507,True,3.552713678800501e-15,3.552713678800501e-15,0.0,3.0911065272944905e-17,-2.50117730324391e-16,6.97310163872097e-17,0.0,True,9.885382112884145e-08
Bottinger,20.0,0.3,0.235,HCO3-,,not_observed,5.060273550554777e-05,,3.4814562540750644e-05,,True,5.329070518200751e-15,0.0,-5.329070518200751e-15,-9.273319587380181e-17,-1.250588652363236e-15,4.286495382187454e-17,0.0,True,9.470033646152842e-08
Matin,20.0,0.3,0.241,HCO3-,0.0023,direct_positive,5.309109617437382e-05,-1.6367061436851555,3.683998282003338e-05,-1.7954084170217295,True,3.7517659580248837e-16,0.0,0.0,-9.27331958969169e-17,3.7517659580248837e-16,1.636113026566698e-17,-1.1102230246251565e-16,True,9.723741101197449e-08
Jakobsen,20.0,0.3,0.25,HCO3-,0.0002,direct_positive,5.70462412641972e-05,-0.5448029613180857,4.010465496286514e-05,-0.6978352113890389,True,5.329070518200751e-15,0.0,-5.329070518200751e-15,0.0,-2.5011773064025507e-16,3.5257933871478664e-17,0.0,True,8.395986128562073e-08
Matin,20.0,0.3,0.264,HCO3-,0.0026,direct_positive,6.379432152525489e-05,-1.6101913250490607,4.579566998301822e-05,-1.7541489309141198,True,5.329070518200751e-15,0.0,-5.329070518200751e-15,0.0,7.503531925120039e-16,7.86058731795148e-17,0.0,True,9.039054305048921e-08
Matin,20.0,0.3,0.287,HCO3-,0.003,direct_positive,7.679115108774277e-05,-1.5918100770732904,5.714471937695201e-05,-1.720145150371723,True,3.552713678800501e-15,3.552713678800501e-15,3.552713678800501e-15,1.2364426156371716e-16,-5.0023546255813e-16,-3.1756289835212516e-17,0.0,True,9.691010305346027e-08
Jakobsen,20.0,0.3,0.29,HCO3-,0.0002,direct_positive,7.869451639990124e-05,-0.4050855248072776,5.884537512576744e-05,-0.5313176599422436,True,3.552713678800501e-15,0.0,3.552713678800501e-15,-6.182213079954691e-17,-1.2505886567531386e-16,-7.981333683300881e-17,-1.1102230246251565e-16,True,7.770372789650537e-08
Bottinger,20.0,0.3,0.309,HCO3-,,not_observed,9.212396264127535e-05,,7.109581675940056e-05,,True,7.105427357601002e-15,0.0,-7.105427357601002e-15,1.23644261873377e-16,8.754120616691446e-16,-2.174641754237812e-16,0.0,True,6.195360136018735e-08
Matin,20.0,0.3,0.31,HCO3-,0.0034,direct_positive,9.29044117003741e-05,-1.5634425794572668,7.182054197604475e-05,-1.6752302389434086,True,5.329070518200751e-15,0.0,-5.329070518200751e-15,0.0,6.252943298510101e-16,5.2041676635613894e-17,0.0,True,9.46818552449713e-08
Matin,20.0,0.3,0.334,HCO3-,0.004,direct_positive,0.00011442027863790155,-1.543556990296882,9.226227581173026e-05,-1.6370358282843485,True,3.552713678800501e-15,-3.552713678800501e-15,-1.7763568394002505e-15,0.0,-8.754120655697063e-16,-9.65970800189819e-19,2.220446049250313e-16,True,7.37123748706381e-08
Matin,20.0,0.3,0.358,HCO3-,0.0046,direct_positive,0.0001430900864601203,-1.5071482855864045,0.0001206567945824,-1.5812060481922146,True,3.552713678800501e-15,3.552713678800501e-15,1.7763568394002505e-15,-6.18221316540918e-17,6.252943370197855e-16,7.945109888357892e-17,-1.1102230246251565e-16,True,8.034572474002745e-08
Matin,20.0,0.3,0.382,HCO3-,0.0053,direct_positive,0.00018315495566995597,-1.4614571956256188,0.0001619312839952,-1.5149451100753497,True,3.552713678800501e-15,3.552713678800501e-15,3.552713678800501e-15,-1.2364426487470887e-16,-1.2505886898840494e-16,3.245661952961108e-16,0.0,True,8.670692253076595e-08
Bottinger,20.0,0.3,0.388,HCO3-,,not_observed,0.00019578108143661344,,0.000175229132727,,True,1.7763568394002505e-15,0.0,1.7763568394002505e-15,1.8546639817284164e-16,-3.7517660870646783e-16,-3.0911066362140274e-16,2.220446049250313e-16,True,7.156238268635208e-08
Jakobsen,20.0,0.3,0.4,HCO3-,0.0006,direct_positive,0.00022542486635212367,-0.4251494295171213,0.0002068704891872,-0.46245270895552826,True,1.7763568394002505e-15,0.0,-1.7763568394002505e-15,-6.182213347355676e-17,-7.503532265071192e-16,1.4489562532864863e-18,2.220446049250313e-16,True,9.738141670823097e-08
Matin,20.0,0.3,0.406,HCO3-,0.0061,direct_positive,0.0002429754461144999,-1.3997674468271453,0.0002258363006198,-1.431536083906469,True,3.552713678800501e-15,3.552713678800501e-15,-3.552713678800501e-15,-6.182213396721637e-17,8.754121045819432e-16,1.1519202305610238e-16,0.0,True,9.451456151055029e-08
Matin,20.0,0.3,0.431,HCO3-,0.007,direct_positive,0.00034696350678082454,-1.3048142414111785,0.0003405826053518,-1.3128755766361724,True,3.552713678800501e-15,-3.552713678800501e-15,-3.552713678800501e-15,-1.2364427531639243e-16,3.751766386486527e-16,2.4583959428142087e-16,-1.1102230246251565e-16,True,5.181995987868505e-08
Matin,20.0,0.3,0.455,HCO3-,0.008,direct_positive,0.0005428890376545076,-1.1683789147859287,0.0005619929677771,-1.1533591057195172,True,3.552713678800501e-15,3.552713678800501e-15,0.0,6.182214819654031e-17,0.0,1.3813386237664477e-16,0.0,True,5.62796493852602e-08
Bottinger,20.0,0.3,0.474,HCO3-,,not_observed,0.0008890895347339445,,0.000955030982231,,True,1.0658141036401503e-14,-1.0658141036401503e-14,-5.329070518200751e-15,1.8546653524113643e-16,-3.876827821787479e-15,-3.4678378203941656e-16,0.0,True,9.91513928738641e-08
Matin,20.0,0.3,0.48,HCO3-,0.0091,direct_positive,0.0010825345397648082,-0.9245996303072793,0.0011721460701359,-0.8900596564913141,True,3.552713678800501e-15,3.552713678800501e-15,0.0,6.182220184238714e-17,5.002360375463404e-16,-2.5115269498469776e-17,2.220446049250313e-16,True,6.038481004111418e-08
Matin,20.0,0.3,0.505,HCO3-,0.0102,direct_positive,0.003084332223924322,-0.5194390205262528,0.0032803878062407,-0.4926749828811558,True,3.7518025720957875e-16,0.0,0.0,0.0,-3.7518025720957875e-16,3.09113669648942e-17,0.0,True,6.54634320085279e-08
Bottinger,20.0,0.3,0.524,HCO3-,0.0106,direct_positive,0.006255595805444824,-0.22903718549684954,0.0064636286724183,-0.21482946646975593,True,3.552713678800501e-15,0.0,-3.552713678800501e-15,0.0,-3.7519265388047114e-16,1.9320242709615045e-16,-2.220446049250313e-16,True,8.448203914213083e-08
Matin,20.0,0.3,0.531,HCO3-,0.0114,direct_positive,0.0076033360189203866,-0.1759006673815779,0.0078208948331291,-0.16364840532813765,True,3.552713678800501e-15,3.552713678800501e-15,1.7763568394002505e-15,-6.182614764199598e-17,2.501339825459125e-16,1.5456536910498994e-17,0.0,True,7.955080505439582e-08
Jakobsen,20.0,0.3,0.6,HCO3-,0.0139,direct_positive,0.02131632716085719,0.18569757687420027,0.0220918098627341,0.2012164964774859,True,9.237055564881302e-14,-9.237055564881302e-14,5.329070518200751e-15,1.3486352322593435e-14,1.3890935727651473e-14,-1.9177840458733784e-14,0.0,True,6.184500023209695e-08
Bottinger,20.0,0.3,0.609,HCO3-,0.0254,direct_positive,0.023025854118027576,-0.04261796778942684,0.023937444569632,-0.025755930973279734,True,6.039613253960852e-14,4.263256414560601e-14,6.039613253960852e-14,8.662189983138435e-15,8.260648066359835e-15,-4.114540241990757e-15,0.0,True,8.676316554101504e-08
Bottinger,20.0,0.3,0.704,HCO3-,0.041,direct_positive,0.03903392122151584,-0.021341675427556443,0.0421608940757424,0.012125955352975315,True,1.4210854715202004e-14,1.4210854715202004e-14,8.881784197001252e-15,7.44362095733701e-16,8.783579965373112e-16,-5.582715718002758e-16,0.0,True,7.407690816307878e-08
Jakobsen,20.0,0.3,0.78,HCO3-,0.0442,direct_positive,0.048991250371733165,0.04469625446352131,0.0544753793651124,0.09077799399510793,True,3.552713678800501e-15,-3.552713678800501e-15,0.0,2.4896992323775534e-16,0.0,-1.8672744242831653e-16,0.0,True,5.9414865916096466e-08
Bottinger,20.0,0.3,0.832,HCO3-,0.0625,direct_positive,0.05447804448758641,-0.05965850734339849,0.061553808944938,-0.006625085136262621,True,1.7763568394002505e-15,0.0,1.7763568394002505e-15,0.0,0.0,6.242711410534808e-17,-2.220446049250313e-16,True,4.51205472984384e-08
Bottinger,20.0,0.3,0.929,HCO3-,0.0785,direct_positive,0.06240148837710592,-0.09967470830873788,0.0719744810777598,-0.03769111436398141,True,1.8851861538025596e-16,0.0,0.0,0.0,0.0,-1.8851861538025596e-16,-2.220446049250313e-16,True,6.903736604613188e-08
Bottinger,20.0,0.3,0.974,HCO3-,0.0876,direct_positive,0.06526573127396983,-0.12781889771272426,0.0757411280027604,-0.0631723374439216,True,1.0658141036401503e-14,-1.0658141036401503e-14,-3.552713678800501e-15,3.7832780687550076e-16,1.1479686748752283e-15,-3.7832780687550076e-16,-1.1102230246251565e-16,True,5.664326607757175e-08
Jakobsen,20.0,0.3,0.99,HCO3-,0.0671,direct_positive,0.06618290522086039,-0.00597669276831935,0.0769411962734573,0.059436414218265426,True,7.105427357601002e-15,-7.105427357601002e-15,0.0,-3.7880441511991564e-16,-3.8313828603950806e-16,2.525362767466104e-16,-1.1102230246251565e-16,True,4.2425540414114955e-08
Bottinger,20.0,0.3,0.075,MEA,,not_observed,0.09541378261063765,,0.0953429287558414,,True,3.552713678800501e-15,0.0,3.552713678800501e-15,-9.273319565363586e-17,-1.500706379272926e-15,4.457049589277127e-17,0.0,True,8.939919027284304e-08
Matin,20.0,0.3,0.106,MEA,0.0915,direct_positive,0.08846021234641963,-0.014673116519098764,0.0884110247769705,-0.01491466953685463,True,1.7763568394002505e-15,0.0,-1.7763568394002505e-15,6.18221304437868e-17,-3.7517659486695963e-16,-3.89406973986743e-17,-2.220446049250313e-16,True,8.36826785644007e-08
Jakobsen,20.0,0.3,0.11,MEA,0.102,direct_positive,0.08756303855825169,-0.0662793479867988,0.0875157635286569,-0.06651388563200872,True,1.2505886495847778e-16,0.0,0.0,-6.182213044518315e-17,1.2505886495847778e-16,1.1440716522814654e-17,2.220446049250313e-16,True,5.568007210854376e-08
Matin,20.0,0.3,0.128,MEA,0.0867,direct_positive,0.08352595382679615,-0.016197653700623538,0.0834856988785187,-0.016407010376778282,True,8.881784197001252e-15,7.105427357601002e-15,8.881784197001252e-15,3.091106522637168e-17,3.7517659492131353e-16,-5.240391526658324e-17,-1.1102230246251565e-16,True,7.29469871174615e-08
Bottinger,20.0,0.3,0.15,MEA,,not_observed,0.07859223254707037,,0.0785579509907045,,True,3.552713678800501e-15,-3.552713678800501e-15,-1.7763568394002505e-15,-6.182213046544474e-17,-7.503531899967884e-16,-6.013168158553025e-17,0.0,True,7.755791742170004e-08
Matin,20.0,0.3,0.15,MEA,0.0817,direct_positive,0.07859223254707037,-0.016842430704698264,0.0785579507301268,-0.017031910651255158,True,3.552713678800501e-15,-3.552713678800501e-15,-1.7763568394002505e-15,-6.182213046544474e-17,-7.503531899967884e-16,-6.013168158553025e-17,0.0,True,8.186214373040458e-08
Matin,20.0,0.3,0.173,MEA,0.0768,direct_positive,0.07343494282880027,-0.01945845893486196,0.0734048283714723,-0.019636592457129128,True,3.552713678800501e-15,-3.552713678800501e-15,-3.552713678800501e-15,-6.182213048415889e-17,7.503531902239262e-16,-4.020853408442365e-17,-1.1102230246251565e-16,True,7.036199534127263e-08
Matin,20.0,0.3,0.195,MEA,0.0718,direct_positive,0.06850268926397837,-0.020416822974974574,0.0684751822534184,-0.020591247397373502,True,3.552713678800501e-15,3.552713678800501e-15,3.552713678800501e-15,6.182213050920765e-17,-1.2505886508799185e-16,-2.7288674795079942e-17,2.220446049250313e-16,True,6.216354009325188e-08
Jakobsen,20.0,0.3,0.21,MEA,0.0732,direct_positive,0.06514033404311284,-0.05066109973852355,0.0651140313754059,-0.05083649660239097,True,3.552713678800501e-15,0.0,-3.552713678800501e-15,1.236442610633374e-16,3.751765954002835e-16,-1.1748619727990947e-16,-2.220446049250313e-16,True,7.233035859144367e-08
Matin,20.0,0.3,0.218,MEA,0.0668,direct_positive,0.0633472872480293,-0.023048440863617917,0.0633214737479942,-0.023225448370297372,True,3.552713678800501e-15,3.552713678800501e-15,0.0,3.0911065272944905e-17,-2.50117730324391e-16,6.97310163872097e-17,0.0,True,9.885382112884145e-08
Bottinger,20.0,0.3,0.235,MEA,,not_observed,0.059537618794387605,,0.059512550544078,,True,5.329070518200751e-15,0.0,-5.329070518200751e-15,-9.273319587380181e-17,-1.250588652363236e-15,4.286495382187454e-17,0.0,True,9.470033646152842e-08
Matin,20.0,0.3,0.241,MEA,0.0618,direct_positive,0.05819323191574808,-0.02611599752767468,0.0581683444367248,-0.026301771823828306,True,3.7517659580248837e-16,0.0,0.0,-9.27331958969169e-17,3.7517659580248837e-16,1.636113026566698e-17,-1.1102230246251565e-16,True,9.723741101197449e-08
Jakobsen,20.0,0.3,0.25,MEA,0.0591,direct_positive,0.05617687429441694,-0.022029909676275876,0.0561521897458877,-0.022220783934486406,True,5.329070518200751e-15,0.0,-5.329070518200751e-15,0.0,-2.5011773064025507e-16,3.5257933871478664e-17,0.0,True,8.395986128562073e-08
Matin,20.0,0.3,0.264,MEA,0.0568,direct_positive,0.05304091388980395,-0.029737337398019155,0.0530164075306203,-0.029938039746746675,True,5.329070518200751e-15,0.0,-5.329070518200751e-15,0.0,7.503531925120039e-16,7.86058731795148e-17,0.0,True,9.039054305048921e-08
Matin,20.0,0.3,0.287,MEA,0.0518,direct_positive,0.04789089056848614,-0.03407684658270196,0.0478664166948118,-0.034298842560299185,True,3.552713678800501e-15,3.552713678800501e-15,3.552713678800501e-15,1.2364426156371716e-16,-5.0023546255813e-16,-3.1756289835212516e-17,0.0,True,9.691010305346027e-08
Jakobsen,20.0,0.3,0.29,MEA,0.0556,direct_positive,0.047219356633042976,-0.07095472609099603,0.047194871188561,-0.0711799864973824,True,3.552713678800501e-15,0.0,3.552713678800501e-15,-6.182213079954691e-17,-1.2505886567531386e-16,-7.981333683300881e-17,-1.1102230246251565e-16,True,7.770372789650537e-08
Bottinger,20.0,0.3,0.309,MEA,,not_observed,0.04296768397854351,,0.0429431005280229,,True,7.105427357601002e-15,0.0,-7.105427357601002e-15,1.23644261873377e-16,8.754120616691446e-16,-2.174641754237812e-16,0.0,True,6.195360136018735e-08
Matin,20.0,0.3,0.31,MEA,0.0469,direct_positive,0.04274398541504933,-0.040297829728626784,0.042719397180348,-0.04054772704419923,True,5.329070518200751e-15,0.0,-5.329070518200751e-15,0.0,6.252943298510101e-16,5.2041676635613894e-17,0.0,True,9.46818552449713e-08
Matin,20.0,0.3,0.334,MEA,0.0419,direct_positive,0.03737800689143595,-0.049597883203548715,0.037353417225926,-0.04988368416490736,True,3.552713678800501e-15,-3.552713678800501e-15,-1.7763568394002505e-15,0.0,-8.754120655697063e-16,-9.65970800189819e-19,2.220446049250313e-16,True,7.37123748706381e-08
Matin,20.0,0.3,0.358,MEA,0.0371,direct_positive,0.03201918793013977,-0.06396359645810722,0.031995137479908,-0.0642899289859434,True,3.552713678800501e-15,3.552713678800501e-15,1.7763568394002505e-15,-6.18221316540918e-17,6.252943370197855e-16,7.945109888357892e-17,-1.1102230246251565e-16,True,8.034572474002745e-08
Matin,20.0,0.3,0.382,MEA,0.0322,direct_positive,0.026671775002994655,-0.08180395280555762,0.0266495326650441,-0.08216627419710976,True,3.552713678800501e-15,3.552713678800501e-15,3.552713678800501e-15,-1.2364426487470887e-16,-1.2505886898840494e-16,3.245661952961108e-16,0.0,True,8.670692253076595e-08
Bottinger,20.0,0.3,0.388,MEA,,not_observed,0.025337534611453796,,0.0253160835999214,,True,1.7763568394002505e-15,0.0,1.7763568394002505e-15,1.8546639817284164e-16,-3.7517660870646783e-16,-3.0911066362140274e-16,2.220446049250313e-16,True,7.156238268635208e-08
Jakobsen,20.0,0.3,0.4,MEA,0.0331,direct_positive,0.022673451010680176,-0.16431036686355194,0.0226542030000793,-0.16467920595202729,True,1.7763568394002505e-15,0.0,-1.7763568394002505e-15,-6.182213347355676e-17,-7.503532265071192e-16,1.4489562532864863e-18,2.220446049250313e-16,True,9.738141670823097e-08
Matin,20.0,0.3,0.406,MEA,0.0274,direct_positive,0.0213441417319062,-0.10847186672053329,0.0213263951021226,-0.10883311194516006,True,3.552713678800501e-15,3.552713678800501e-15,-3.552713678800501e-15,-6.182213396721637e-17,8.754121045819432e-16,1.1519202305610238e-16,0.0,True,9.451456151055029e-08
Matin,20.0,0.3,0.431,MEA,0.0227,direct_positive,0.01583626640088919,-0.15637305826154063,0.0158295175910615,-0.15655817737387354,True,3.552713678800501e-15,-3.552713678800501e-15,-3.552713678800501e-15,-1.2364427531639243e-16,3.751766386486527e-16,2.4583959428142087e-16,-1.1102230246251565e-16,True,5.181995987868505e-08
Matin,20.0,0.3,0.455,MEA,0.0181,direct_positive,0.01064502885758271,-0.23053173176539793,0.0106637652413464,-0.22976799918263083,True,3.552713678800501e-15,3.552713678800501e-15,0.0,6.182214819654031e-17,0.0,1.3813386237664477e-16,0.0,True,5.62796493852602e-08
Bottinger,20.0,0.3,0.474,MEA,,not_observed,0.00672709881079241,,0.0067922873412992,,True,1.0658141036401503e-14,-1.0658141036401503e-14,-5.329070518200751e-15,1.8546653524113643e-16,-3.876827821787479e-15,-3.4678378203941656e-16,0.0,True,9.91513928738641e-08
Matin,20.0,0.3,0.48,MEA,0.0135,direct_positive,0.005574425369793995,-0.3841336629792617,0.0056629522648013,-0.3772908676879654,True,3.552713678800501e-15,3.552713678800501e-15,0.0,6.182220184238714e-17,5.002360375463404e-16,-2.5115269498469776e-17,2.220446049250313e-16,True,6.038481004111418e-08
Matin,20.0,0.3,0.505,MEA,0.009,direct_positive,0.001981470307106436,-0.6572549407461273,0.0021681346178155,-0.6181562657245371,True,3.7518025720957875e-16,0.0,0.0,0.0,-3.7518025720957875e-16,3.09113669648942e-17,0.0,True,6.54634320085279e-08
Bottinger,20.0,0.3,0.524,MEA,,not_observed,0.0009539280456205743,,0.0011183074973734,,True,3.552713678800501e-15,0.0,-3.552713678800501e-15,0.0,-3.7519265388047114e-16,1.9320242709615045e-16,-2.220446049250313e-16,True,8.448203914213083e-08
Matin,20.0,0.3,0.531,MEA,0.0046,direct_positive,0.0007748821440739215,-0.7735221782986115,0.0009255429704136,-0.6963612450266906,True,3.552713678800501e-15,3.552713678800501e-15,1.7763568394002505e-15,-6.182614764199598e-17,2.501339825459125e-16,1.5456536910498994e-17,0.0,True,7.955080505439582e-08
Jakobsen,20.0,0.3,0.6,MEA,0.0009,direct_positive,0.00023723997929496455,-0.5790546319809237,0.0003203195969199,-0.4486590001422648,True,9.237055564881302e-14,-9.237055564881302e-14,5.329070518200751e-15,1.3486352322593435e-14,1.3890935727651473e-14,-1.9177840458733784e-14,0.0,True,6.184500023209695e-08
Bottinger,20.0,0.3,0.609,MEA,,not_observed,0.0002150411055339568,,0.0002940600409572,,True,6.039613253960852e-14,4.263256414560601e-14,6.039613253960852e-14,8.662189983138435e-15,8.260648066359835e-15,-4.114540241990757e-15,0.0,True,8.676316554101504e-08
Bottinger,20.0,0.3,0.704,MEA,,not_observed,0.00010157422962034394,,0.0001542531481674,,True,1.4210854715202004e-14,1.4210854715202004e-14,8.881784197001252e-15,7.44362095733701e-16,8.783579965373112e-16,-5.582715718002758e-16,0.0,True,7.407690816307878e-08
Jakobsen,20.0,0.3,0.78,MEA,0.0003,direct_positive,6.83959627697179e-05,-0.6420907874817151,0.0001086332178729,-0.44115861056229716,True,3.552713678800501e-15,-3.552713678800501e-15,0.0,2.4896992323775534e-16,0.0,-1.8672744242831653e-16,0.0,True,5.9414865916096466e-08
Bottinger,20.0,0.3,0.832,MEA,,not_observed,5.524680471663441e-05,,8.876076791204673e-05,,True,1.7763568394002505e-15,0.0,1.7763568394002505e-15,0.0,0.0,6.242711410534808e-17,-2.220446049250313e-16,True,4.51205472984384e-08
Bottinger,20.0,0.3,0.929,MEA,,not_observed,4.019475854412253e-05,,6.364613905620947e-05,,True,1.8851861538025596e-16,0.0,0.0,0.0,0.0,-1.8851861538025596e-16,-2.220446049250313e-16,True,6.903736604613188e-08
Bottinger,20.0,0.3,0.974,MEA,,not_observed,3.558037776622077e-05,,5.522874127793051e-05,,True,1.0658141036401503e-14,-1.0658141036401503e-14,-3.552713678800501e-15,3.7832780687550076e-16,1.1479686748752283e-15,-3.7832780687550076e-16,-1.1102230246251565e-16,True,5.664326607757175e-08
Jakobsen,20.0,0.3,0.99,MEA,0.0006,direct_positive,3.4174975713409856e-05,-1.2444430357768732,5.258468554485348e-05,-1.0572919691912384,True,7.105427357601002e-15,-7.105427357601002e-15,0.0,-3.7880441511991564e-16,-3.8313828603950806e-16,2.525362767466104e-16,-1.1102230246251565e-16,True,4.2425540414114955e-08
Bottinger,20.0,0.3,0.075,MEA + MEAH+,0.1054,direct_positive,0.10383175580338883,-0.006510412845827636,0.1042947893023351,-0.004577999801601648,True,3.552713678800501e-15,0.0,3.552713678800501e-15,-9.273319565363586e-17,-1.500706379272926e-15,4.457049589277127e-17,0.0,True,8.939919027284304e-08
Matin,20.0,0.3,0.106,MEA + MEAH+,0.103,direct_positive,0.1003576143679725,-0.011286895688940724,0.1008721724688484,-0.009065850441088045,True,1.7763568394002505e-15,0.0,-1.7763568394002505e-15,6.18221304437868e-17,-3.7517659486695963e-16,-3.89406973986743e-17,-2.220446049250313e-16,True,8.36826785644007e-08
Jakobsen,20.0,0.3,0.11,MEA + MEAH+,0.1101,direct_positive,0.09990939913239429,-0.04218097189374095,0.1004287459330205,-0.039929279337771885,True,1.2505886495847778e-16,0.0,0.0,-6.182213044518315e-17,1.2505886495847778e-16,1.1440716522814654e-17,2.220446049250313e-16,True,5.568007210854376e-08
Matin,20.0,0.3,0.128,MEA + MEAH+,0.1006,direct_positive,0.09789262786639369,-0.011847993692037094,0.0984295289564645,-0.009472573965287603,True,8.881784197001252e-15,7.105427357601002e-15,8.881784197001252e-15,3.091106522637168e-17,3.7517659492131353e-16,-5.240391526658324e-17,-1.1102230246251565e-16,True,7.29469871174615e-08
Bottinger,20.0,0.3,0.15,MEA + MEAH+,0.0966,direct_positive,0.09542817854240143,-0.005300491978947376,0.0959795843401605,-0.002798261618898332,True,3.552713678800501e-15,-3.552713678800501e-15,-1.7763568394002505e-15,-6.182213046544474e-17,-7.503531899967884e-16,-6.013168158553025e-17,0.0,True,7.755791742170004e-08
Matin,20.0,0.3,0.15,MEA + MEAH+,0.0979,direct_positive,0.09542817854240143,-0.01110605736659184,0.0959795839344503,-0.00860382884232595,True,3.552713678800501e-15,-3.552713678800501e-15,-1.7763568394002505e-15,-6.182213046544474e-17,-7.503531899967884e-16,-6.013168158553025e-17,0.0,True,8.186214373040458e-08
Matin,20.0,0.3,0.173,MEA + MEAH+,0.0954,direct_positive,0.09285240032350683,-0.01175523955474117,0.0934129789105412,-0.009141152889116795,True,3.552713678800501e-15,-3.552713678800501e-15,-3.552713678800501e-15,-6.182213048415889e-17,7.503531902239262e-16,-4.020853408442365e-17,-1.1102230246251565e-16,True,7.036199534127263e-08
Matin,20.0,0.3,0.195,MEA + MEAH+,0.0928,direct_positive,0.09038941850803066,-0.011430383714169353,0.0909546630291289,-0.008723007003999486,True,3.552713678800501e-15,3.552713678800501e-15,3.552713678800501e-15,6.182213050920765e-17,-1.2505886508799185e-16,-2.7288674795079942e-17,2.220446049250313e-16,True,6.216354009325188e-08
Jakobsen,20.0,0.3,0.21,MEA + MEAH+,0.091,direct_positive,0.08871065757145917,-0.0110655938373726,0.0892773881998131,-0.008299915779120266,True,3.552713678800501e-15,0.0,-3.552713678800501e-15,1.236442610633374e-16,3.751765954002835e-16,-1.1748619727990947e-16,-2.220446049250313e-16,True,7.233035859144367e-08
Matin,20.0,0.3,0.218,MEA + MEAH+,0.0902,direct_positive,0.0878155276903472,-0.011635222159838896,0.0883826163060847,-0.008839684121078282,True,3.552713678800501e-15,3.552713678800501e-15,0.0,3.0911065272944905e-17,-2.50117730324391e-16,6.97310163872097e-17,0.0,True,9.885382112884145e-08
Bottinger,20.0,0.3,0.235,MEA + MEAH+,0.0871,direct_positive,0.08591393257085782,-0.005954556391942103,0.0864809173554117,-0.0030978672136558953,True,5.329070518200751e-15,0.0,-5.329070518200751e-15,-9.273319587380181e-17,-1.250588652363236e-15,4.286495382187454e-17,0.0,True,9.470033646152842e-08
Matin,20.0,0.3,0.241,MEA + MEAH+,0.0875,direct_positive,0.0852429832978838,-0.011349412459541294,0.0858096993317528,-0.008471672770564386,True,3.7517659580248837e-16,0.0,0.0,-9.27331958969169e-17,3.7517659580248837e-16,1.636113026566698e-17,-1.1102230246251565e-16,True,9.723741101197449e-08
Jakobsen,20.0,0.3,0.25,MEA + MEAH+,0.0836,direct_positive,0.08423678203614497,0.003295490393696969,0.0848029132470322,0.006204494456592837,True,5.329070518200751e-15,0.0,-5.329070518200751e-15,0.0,-2.5011773064025507e-16,3.5257933871478664e-17,0.0,True,8.395986128562073e-08
Matin,20.0,0.3,0.264,MEA + MEAH+,0.0849,direct_positive,0.08267217582974949,-0.011548322370400403,0.0832370360544424,-0.008591083001794078,True,5.329070518200751e-15,0.0,-5.329070518200751e-15,0.0,7.503531925120039e-16,7.86058731795148e-17,0.0,True,9.039054305048921e-08
Matin,20.0,0.3,0.287,MEA + MEAH+,0.0822,direct_positive,0.08010366248475925,-0.011219444270320133,0.0806657082755188,-0.008182866111425283,True,3.552713678800501e-15,3.552713678800501e-15,3.552713678800501e-15,1.2364426156371716e-16,-5.0023546255813e-16,-3.1756289835212516e-17,0.0,True,9.691010305346027e-08
Jakobsen,20.0,0.3,0.29,MEA + MEAH+,0.0792,direct_positive,0.07976884718363694,0.0031081340996589797,0.0803304831598177,0.006155197511489372,True,3.552713678800501e-15,0.0,3.552713678800501e-15,-6.182213079954691e-17,-1.2505886567531386e-16,-7.981333683300881e-17,-1.1102230246251565e-16,True,7.770372789650537e-08
Bottinger,20.0,0.3,0.309,MEA + MEAH+,0.078,direct_positive,0.07764972545501589,-0.001954678151755204,0.0782086411356074,0.001160137456119851,True,7.105427357601002e-15,0.0,-7.105427357601002e-15,1.23644261873377e-16,8.754120616691446e-16,-2.174641754237812e-16,0.0,True,6.195360136018735e-08
Matin,20.0,0.3,0.31,MEA + MEAH+,0.0796,direct_positive,0.07753826638996007,-0.011396980967054772,0.0780970267067069,-0.00827856791223456,True,5.329070518200751e-15,0.0,-5.329070518200751e-15,0.0,6.252943298510101e-16,5.2041676635613894e-17,0.0,True,9.46818552449713e-08
Matin,20.0,0.3,0.334,MEA + MEAH+,0.0768,direct_positive,0.0748660348194082,-0.011076388127637197,0.0754213114457277,-0.007867140268844401,True,3.552713678800501e-15,-3.552713678800501e-15,-1.7763568394002505e-15,0.0,-8.754120655697063e-16,-9.65970800189819e-19,2.220446049250313e-16,True,7.37123748706381e-08
Matin,20.0,0.3,0.358,MEA + MEAH+,0.0743,direct_positive,0.07220095984149154,-0.012445842630099182,0.0727532396215148,-0.009136477017793234,True,3.552713678800501e-15,3.552713678800501e-15,1.7763568394002505e-15,-6.18221316540918e-17,6.252943370197855e-16,7.945109888357892e-17,-1.1102230246251565e-16,True,8.034572474002745e-08
Matin,20.0,0.3,0.382,MEA + MEAH+,0.0716,direct_positive,0.06954728510150737,-0.012632841084713456,0.0700978359286866,-0.009208411741157151,True,3.552713678800501e-15,3.552713678800501e-15,3.552713678800501e-15,-1.2364426487470887e-16,-1.2505886898840494e-16,3.245661952961108e-16,0.0,True,8.670692253076595e-08
Bottinger,20.0,0.3,0.388,MEA + MEAH+,0.0678,direct_positive,0.06888647770815944,0.006904285180078901,0.069436925810788,0.010360791156135168,True,1.7763568394002505e-15,0.0,1.7763568394002505e-15,1.8546639817284164e-16,-3.7517660870646783e-16,-3.0911066362140274e-16,2.220446049250313e-16,True,7.156238268635208e-08
Jakobsen,20.0,0.3,0.4,MEA + MEAH+,0.0778,direct_positive,0.06756925712006549,-0.06123045282318376,0.0681201104641756,-0.057704253442768874,True,1.7763568394002505e-15,0.0,-1.7763568394002505e-15,-6.182213347355676e-17,-7.503532265071192e-16,1.4489562532864863e-18,2.220446049250313e-16,True,9.738141670823097e-08
Matin,20.0,0.3,0.406,MEA + MEAH+,0.0689,direct_positive,0.06691337732243398,-0.012706271306623818,0.0674648179114723,-0.009141869376230778,True,3.552713678800501e-15,3.552713678800501e-15,-3.552713678800501e-15,-6.182213396721637e-17,8.754121045819432e-16,1.1519202305610238e-16,0.0,True,9.451456151055029e-08
Matin,20.0,0.3,0.431,MEA + MEAH+,0.0663,direct_positive,0.06421143033672552,-0.013901184287554314,0.0647697846529992,-0.010141075293594391,True,3.552713678800501e-15,-3.552713678800501e-15,-3.552713678800501e-15,-1.2364427531639243e-16,3.751766386486527e-16,2.4583959428142087e-16,-1.1102230246251565e-16,True,5.181995987868505e-08
Matin,20.0,0.3,0.455,MEA + MEAH+,0.0638,direct_positive,0.061713764764197654,-0.01443863795505453,0.0622925338404227,-0.01038468192099088,True,3.552713678800501e-15,3.552713678800501e-15,0.0,6.182214819654031e-17,0.0,1.3813386237664477e-16,0.0,True,5.62796493852602e-08
Bottinger,20.0,0.3,0.474,MEA + MEAH+,0.062,direct_positive,0.059927872559350906,-0.014762828990725283,0.060546453408077,-0.010302980671741369,True,1.0658141036401503e-14,-1.0658141036401503e-14,-5.329070518200751e-15,1.8546653524113643e-16,-3.876827821787479e-15,-3.4678378203941656e-16,0.0,True,9.91513928738641e-08
Matin,20.0,0.3,0.48,MEA + MEAH+,0.0612,direct_positive,0.059448237073731744,-0.012612441920917873,0.0600869423798134,-0.007971317339521257,True,3.552713678800501e-15,3.552713678800501e-15,0.0,6.182220184238714e-17,5.002360375463404e-16,-2.5115269498469776e-17,2.220446049250313e-16,True,6.038481004111418e-08
Matin,20.0,0.3,0.505,MEA + MEAH+,0.0586,direct_positive,0.058652175380662704,0.0003865085033187853,0.0593636117895464,0.005622700318769442,True,3.7518025720957875e-16,0.0,0.0,0.0,-3.7518025720957875e-16,3.09113669648942e-17,0.0,True,6.54634320085279e-08
Bottinger,20.0,0.3,0.524,MEA + MEAH+,0.0637,direct_positive,0.059722181814152064,-0.028003767030884464,0.0603884455487666,-0.023185581701725945,True,3.552713678800501e-15,0.0,-3.552713678800501e-15,0.0,-3.7519265388047114e-16,1.9320242709615045e-16,-2.220446049250313e-16,True,8.448203914213083e-08
Matin,20.0,0.3,0.531,MEA + MEAH+,0.0561,direct_positive,0.06030528458774785,0.03139251003384126,0.0609536600722719,0.03603692747537513,True,3.552713678800501e-15,3.552713678800501e-15,1.7763568394002505e-15,-6.182614764199598e-17,2.501339825459125e-16,1.5456536910498994e-17,0.0,True,7.955080505439582e-08
Jakobsen,20.0,0.3,0.6,MEA + MEAH+,0.0641,direct_positive,0.0668586222640565,0.01829939345142237,0.0676264893383932,0.023258813169907234,True,9.237055564881302e-14,-9.237055564881302e-14,5.329070518200751e-15,1.3486352322593435e-14,1.3890935727651473e-14,-1.9177840458733784e-14,0.0,True,6.184500023209695e-08
Bottinger,20.0,0.3,0.609,MEA + MEAH+,0.0696,direct_positive,0.06769432433568053,-0.012056981752956065,0.0685169572388101,-0.006811171419486176,True,6.039613253960852e-14,4.263256414560601e-14,6.039613253960852e-14,8.662189983138435e-15,8.260648066359835e-15,-4.114540241990757e-15,0.0,True,8.676316554101504e-08
Bottinger,20.0,0.3,0.704,MEA + MEAH+,0.0747,direct_positive,0.07549934830284664,0.004622601076053023,0.0773590872937508,0.015190735350214186,True,1.4210854715202004e-14,1.4210854715202004e-14,8.881784197001252e-15,7.44362095733701e-16,8.783579965373112e-16,-5.582715718002758e-16,0.0,True,7.407690816307878e-08
Jakobsen,20.0,0.3,0.78,MEA + MEAH+,0.0752,direct_positive,0.08027064369424247,0.028338905027919404,0.0833104557559503,0.044481669724549554,True,3.552713678800501e-15,-3.552713678800501e-15,0.0,2.4896992323775534e-16,0.0,-1.8672744242831653e-16,0.0,True,5.9414865916096466e-08
Bottinger,20.0,0.3,0.832,MEA + MEAH+,0.0835,direct_positive,0.08284260813736638,-0.003432712135247678,0.0866914486654206,0.016289784846343632,True,1.7763568394002505e-15,0.0,1.7763568394002505e-15,0.0,0.0,6.242711410534808e-17,-2.220446049250313e-16,True,4.51205472984384e-08
Bottinger,20.0,0.3,0.929,MEA + MEAH+,0.0883,direct_positive,0.08643205153171346,-0.009285882139119923,0.0915581477039864,0.015736294382180462,True,1.8851861538025596e-16,0.0,0.0,0.0,0.0,-1.8851861538025596e-16,-2.220446049250313e-16,True,6.903736604613188e-08
Bottinger,20.0,0.3,0.974,MEA + MEAH+,0.0885,direct_positive,0.08767352576408534,-0.004074798772237046,0.0932620328132144,0.02276160675069445,True,1.0658141036401503e-14,-1.0658141036401503e-14,-3.552713678800501e-15,3.7832780687550076e-16,1.1479686748752283e-15,-3.7832780687550076e-16,-1.1102230246251565e-16,True,5.664326607757175e-08
Jakobsen,20.0,0.3,0.99,MEA + MEAH+,0.0832,direct_positive,0.08806218076567957,0.024666109804097697,0.093795620137973,0.052059232831194055,True,7.105427357601002e-15,-7.105427357601002e-15,0.0,-3.7880441511991564e-16,-3.8313828603950806e-16,2.525362767466104e-16,-1.1102230246251565e-16,True,4.2425540414114955e-08
Bottinger,20.0,0.3,0.075,MEACOO-,0.0086,direct_positive,0.008407888074911562,-0.009811529475978176,0.0079513807968182,-0.03405589864147372,True,3.552713678800501e-15,0.0,3.552713678800501e-15,-9.273319565363586e-17,-1.500706379272926e-15,4.457049589277127e-17,0.0,True,8.939919027284304e-08
Matin,20.0,0.3,0.106,MEACOO-,0.0097,direct_positive,0.01188202949575003,0.08811889186107355,0.011373996807307,0.06914136774299806,True,1.7763568394002505e-15,0.0,-1.7763568394002505e-15,6.18221304437868e-17,-3.7517659486695963e-16,-3.89406973986743e-17,-2.220446049250313e-16,True,8.36826785644007e-08
Jakobsen,20.0,0.3,0.11,MEACOO-,0.0106,direct_positive,0.012330244728793138,0.06566583122631073,0.0118174232396894,0.04721692475079124,True,1.2505886495847778e-16,0.0,0.0,-6.182213044518315e-17,1.2505886495847778e-16,1.1440716522814654e-17,2.220446049250313e-16,True,5.568007210854376e-08
Matin,20.0,0.3,0.128,MEACOO-,0.0124,direct_positive,0.014347015981067962,0.06333989690306806,0.0138166403133989,0.04698076665049717,True,8.881784197001252e-15,7.105427357601002e-15,8.881784197001252e-15,3.091106522637168e-17,3.7517659492131353e-16,-5.240391526658324e-17,-1.1102230246251565e-16,True,7.29469871174615e-08
Bottinger,20.0,0.3,0.15,MEACOO-,0.0171,direct_positive,0.016811465282000535,-0.0073905423331813,0.0162665852906733,-0.021699715725905528,True,3.552713678800501e-15,-3.552713678800501e-15,-1.7763568394002505e-15,-6.182213046544474e-17,-7.503531899967884e-16,-6.013168158553025e-17,0.0,True,7.755791742170004e-08
Matin,20.0,0.3,0.15,MEACOO-,0.0151,direct_positive,0.016811465282000535,0.046628620765803104,0.0162665853194654,0.032319448141786514,True,3.552713678800501e-15,-3.552713678800501e-15,-1.7763568394002505e-15,-6.182213046544474e-17,-7.503531899967884e-16,-6.013168158553025e-17,0.0,True,8.186214373040458e-08
Matin,20.0,0.3,0.173,MEACOO-,0.0177,direct_positive,0.019387243466919144,0.03954279788920164,0.018833190328563,0.026950629052034842,True,3.552713678800501e-15,-3.552713678800501e-15,-3.552713678800501e-15,-6.182213048415889e-17,7.503531902239262e-16,-4.020853408442365e-17,-1.1102230246251565e-16,True,7.036199534127263e-08
Matin,20.0,0.3,0.195,MEACOO-,0.0203,direct_positive,0.021850225236918635,0.03195988021916419,0.0212915061900928,0.02071034719389456,True,3.552713678800501e-15,3.552713678800501e-15,3.552713678800501e-15,6.182213050920765e-17,-1.2505886508799185e-16,-2.7288674795079942e-17,2.220446049250313e-16,True,6.216354009325188e-08
Jakobsen,20.0,0.3,0.21,MEACOO-,0.0206,direct_positive,0.02352898613271153,0.057735993400353264,0.022968780933774,0.047270725292367935,True,3.552713678800501e-15,0.0,-3.552713678800501e-15,1.236442610633374e-16,3.751765954002835e-16,-1.1748619727990947e-16,-2.220446049250313e-16,True,7.233035859144367e-08
Matin,20.0,0.3,0.218,MEACOO-,0.0228,direct_positive,0.024424115988004712,0.029884006721809214,0.0238635528836116,0.019800256327096123,True,3.552713678800501e-15,3.552713678800501e-15,0.0,3.0911065272944905e-17,-2.50117730324391e-16,6.97310163872097e-17,0.0,True,9.885382112884145e-08
Bottinger,20.0,0.3,0.235,MEACOO-,0.0267,direct_positive,0.026325711040964657,-0.006131151326726057,0.0257652517797507,-0.015476870592239622,True,5.329070518200751e-15,0.0,-5.329070518200751e-15,-9.273319587380181e-17,-1.250588652363236e-15,4.286495382187454e-17,0.0,True,9.470033646152842e-08
Matin,20.0,0.3,0.241,MEACOO-,0.0252,direct_positive,0.026996660285961337,0.02990950081859252,0.0264364698608592,0.02080292129130056,True,3.7517659580248837e-16,0.0,0.0,-9.27331958969169e-17,3.7517659580248837e-16,1.636113026566698e-17,-1.1102230246251565e-16,True,9.723741101197449e-08
Jakobsen,20.0,0.3,0.25,MEACOO-,0.0274,direct_positive,0.028002861500463837,0.009451849606268535,0.0274432558372655,0.0006850714839266361,True,5.329070518200751e-15,0.0,-5.329070518200751e-15,0.0,-2.5011773064025507e-16,3.5257933871478664e-17,0.0,True,8.395986128562073e-08
Matin,20.0,0.3,0.264,MEACOO-,0.0276,direct_positive,0.02956746761842028,0.029905047789193173,0.0290091330120788,0.021625667292544917,True,5.329070518200751e-15,0.0,-5.329070518200751e-15,0.0,7.503531925120039e-16,7.86058731795148e-17,0.0,True,9.039054305048921e-08
Matin,20.0,0.3,0.287,MEACOO-,0.0299,direct_positive,0.03213598076518538,0.03132037045468857,0.0315804607416735,0.023747273513353016,True,3.552713678800501e-15,3.552713678800501e-15,3.552713678800501e-15,1.2364426156371716e-16,-5.0023546255813e-16,-3.1756289835212516e-17,0.0,True,9.691010305346027e-08
Jakobsen,20.0,0.3,0.29,MEACOO-,0.0307,direct_positive,0.03247079603419408,0.02435456017746333,0.0319156857664963,0.016865804994905535,True,3.552713678800501e-15,0.0,3.552713678800501e-15,-6.182213079954691e-17,-1.2505886567531386e-16,-7.981333683300881e-17,-1.1102230246251565e-16,True,7.770372789650537e-08
Bottinger,20.0,0.3,0.309,MEACOO-,0.0349,direct_positive,0.03458991751383113,-0.003875900600519166,0.0340375277762625,-0.01086741820579401,True,7.105427357601002e-15,0.0,-7.105427357601002e-15,1.23644261873377e-16,8.754120616691446e-16,-2.174641754237812e-16,0.0,True,6.195360136018735e-08
Matin,20.0,0.3,0.31,MEACOO-,0.0321,direct_positive,0.03470137656321036,0.033841670684226735,0.0341491421818318,0.026874766377656893,True,5.329070518200751e-15,0.0,-5.329070518200751e-15,0.0,6.252943298510101e-16,5.2041676635613894e-17,0.0,True,9.46818552449713e-08
Matin,20.0,0.3,0.334,MEACOO-,0.0342,direct_positive,0.03737360764933435,0.038538915972681005,0.0368248572306496,0.03211496570941584,True,3.552713678800501e-15,-3.552713678800501e-15,-1.7763568394002505e-15,0.0,-8.754120655697063e-16,-9.65970800189819e-19,2.220446049250313e-16,True,7.37123748706381e-08
Matin,20.0,0.3,0.358,MEACOO-,0.0362,direct_positive,0.04003868182489164,0.04377120043197428,0.0394929287126543,0.037810770764332646,True,3.552713678800501e-15,3.552713678800501e-15,1.7763568394002505e-15,-6.18221316540918e-17,6.252943370197855e-16,7.945109888357892e-17,-1.1102230246251565e-16,True,8.034572474002745e-08
Matin,20.0,0.3,0.382,MEACOO-,0.0381,direct_positive,0.04269235514284273,0.04942513783827966,0.0421483317620678,0.043855414177993324,True,3.552713678800501e-15,3.552713678800501e-15,3.552713678800501e-15,-1.2364426487470887e-16,-1.2505886898840494e-16,3.245661952961108e-16,0.0,True,8.670692253076595e-08
Bottinger,20.0,0.3,0.388,MEACOO-,0.043,direct_positive,0.043353162015269064,0.003552323180789334,0.0428092417227542,-0.0019309203063646889,True,1.7763568394002505e-15,0.0,1.7763568394002505e-15,1.8546639817284164e-16,-3.7517660870646783e-16,-3.0911066362140274e-16,2.220446049250313e-16,True,7.156238268635208e-08
Jakobsen,20.0,0.3,0.4,MEACOO-,0.0427,direct_positive,0.04467038124303319,0.019591783984514142,0.0441260567300202,0.014267243971905338,True,1.7763568394002505e-15,0.0,-1.7763568394002505e-15,-6.182213347355676e-17,-7.503532265071192e-16,1.4489562532864863e-18,2.220446049250313e-16,True,9.738141670823097e-08
Matin,20.0,0.3,0.406,MEACOO-,0.04,direct_positive,0.045326260144413266,0.05428989570670928,0.044781348455229,0.049037175580251564,True,3.552713678800501e-15,3.552713678800501e-15,-3.552713678800501e-15,-6.182213396721637e-17,8.754121045819432e-16,1.1519202305610238e-16,0.0,True,9.451456151055029e-08
Matin,20.0,0.3,0.431,MEACOO-,0.0417,direct_positive,0.048028200429055486,0.061360259369292465,0.0474763783747705,0.05634152742670169,True,3.552713678800501e-15,-3.552713678800501e-15,-3.552713678800501e-15,-1.2364427531639243e-16,3.751766386486527e-16,2.4583959428142087e-16,-1.1102230246251565e-16,True,5.181995987868505e-08
Matin,20.0,0.3,0.455,MEACOO-,0.0433,direct_positive,0.050525846868960424,0.06702570514984164,0.0499536188275889,0.062079059270173396,True,3.552713678800501e-15,3.552713678800501e-15,0.0,6.182214819654031e-17,0.0,1.3813386237664477e-16,0.0,True,5.62796493852602e-08
Bottinger,20.0,0.3,0.474,MEACOO-,0.0493,direct_positive,0.05231168421382459,0.025751783411179674,0.0516996685930701,0.020640839896746827,True,1.0658141036401503e-14,-1.0658141036401503e-14,-5.329070518200751e-15,1.8546653524113643e-16,-3.876827821787479e-15,-3.4678378203941656e-16,0.0,True,9.91513928738641e-08
Matin,20.0,0.3,0.48,MEACOO-,0.0448,direct_positive,0.052791277164172944,0.07128415489130302,0.0521591552115187,0.06605253479268858,True,3.552713678800501e-15,3.552713678800501e-15,0.0,6.182220184238714e-17,5.002360375463404e-16,-2.5115269498469776e-17,2.220446049250313e-16,True,6.038481004111418e-08
Matin,20.0,0.3,0.505,MEACOO-,0.0462,direct_positive,0.05358637284963194,0.06441238599016542,0.0528819787903781,0.058665722087557534,True,3.7518025720957875e-16,0.0,0.0,0.0,-3.7518025720957875e-16,3.09113669648942e-17,0.0,True,6.54634320085279e-08
Bottinger,20.0,0.3,0.524,MEACOO-,0.0467,direct_positive,0.05251265796308664,0.05094712038114913,0.0518553424934017,0.04547662646324073,True,3.552713678800501e-15,0.0,-3.552713678800501e-15,0.0,-3.7519265388047114e-16,1.9320242709615045e-16,-2.220446049250313e-16,True,8.448203914213083e-08
Matin,20.0,0.3,0.531,MEACOO-,0.0475,direct_positive,0.05192706642475354,0.038700178567553804,0.0512889323278571,0.03333004890771629,True,3.552713678800501e-15,3.552713678800501e-15,1.7763568394002505e-15,-6.182614764199598e-17,2.501339825459125e-16,1.5456536910498994e-17,0.0,True,7.955080505439582e-08
Jakobsen,20.0,0.3,0.6,MEACOO-,0.0519,direct_positive,0.0453050551239065,-0.05902069468923175,0.0445820645693686,-0.06600718131476525,True,9.237055564881302e-14,-9.237055564881302e-14,5.329070518200751e-15,1.3486352322593435e-14,1.3890935727651473e-14,-1.9177840458733784e-14,0.0,True,6.184500023209695e-08
Bottinger,20.0,0.3,0.609,MEACOO-,0.04,direct_positive,0.044453429112119455,0.04584527649863219,0.0436833986811607,0.03825642891480223,True,6.039613253960852e-14,4.263256414560601e-14,6.039613253960852e-14,8.662189983138435e-15,8.260648066359835e-15,-4.114540241990757e-15,0.0,True,8.676316554101504e-08
Bottinger,20.0,0.3,0.704,MEACOO-,0.0324,direct_positive,0.036363852851710524,0.05012488149376904,0.0346791480675959,0.029523409794601406,True,1.4210854715202004e-14,1.4210854715202004e-14,8.881784197001252e-15,7.44362095733701e-16,8.783579965373112e-16,-5.582715718002758e-16,0.0,True,7.407690816307878e-08
Jakobsen,20.0,0.3,0.78,MEACOO-,0.0385,direct_positive,0.031210997359739607,-0.09115308256983876,0.0284736873420484,-0.13101701759126472,True,3.552713678800501e-15,-3.552713678800501e-15,0.0,2.4896992323775534e-16,0.0,-1.8672744242831653e-16,0.0,True,5.9414865916096466e-08
Bottinger,20.0,0.3,0.832,MEACOO-,0.0198,direct_positive,0.028309316845063322,0.1552641989199232,0.0248477394713231,0.09862169456693469,True,1.7763568394002505e-15,0.0,1.7763568394002505e-15,0.0,0.0,6.242711410534808e-17,-2.220446049250313e-16,True,4.51205472984384e-08
Bottinger,20.0,0.3,0.929,MEACOO-,0.0118,direct_positive,0.023990368396063437,0.3081549097383654,0.0193817243522002,0.21551040541540176,True,1.8851861538025596e-16,0.0,0.0,0.0,0.0,-1.8851861538025596e-16,-2.220446049250313e-16,True,6.903736604613188e-08
Bottinger,20.0,0.3,0.974,MEACOO-,0.0114,direct_positive,0.022372214112349336,0.29280411573699416,0.0173469466531407,0.18231819157203963,True,1.0658141036401503e-14,-1.0658141036401503e-14,-3.552713678800501e-15,3.7832780687550076e-16,1.1479686748752283e-15,-3.7832780687550076e-16,-1.1102230246251565e-16,True,5.664326607757175e-08
Jakobsen,20.0,0.3,0.99,MEACOO-,0.0276,direct_positive,0.021845100569105744,-0.10155503363729411,0.0166890494125101,-0.21847748155484387,True,7.105427357601002e-15,-7.105427357601002e-15,0.0,-3.7880441511991564e-16,-3.8313828603950806e-16,2.525362767466104e-16,-1.1102230246251565e-16,True,4.2425540414114955e-08
Bottinger,20.0,0.3,0.075,MEAH+,,not_observed,0.008417973192751171,,0.0089518605464937,,True,3.552713678800501e-15,0.0,3.552713678800501e-15,-9.273319565363586e-17,-1.500706379272926e-15,4.457049589277127e-17,0.0,True,8.939919027284304e-08
Matin,20.0,0.3,0.106,MEAH+,0.0115,direct_positive,0.011897402021552877,0.014754296594876867,0.0124611476918779,0.03486020303658563,True,1.7763568394002505e-15,0.0,-1.7763568394002505e-15,6.18221304437868e-17,-3.7517659486695963e-16,-3.89406973986743e-17,-2.220446049250313e-16,True,8.36826785644007e-08
Jakobsen,20.0,0.3,0.11,MEAH+,0.0081,direct_positive,0.012346360574142594,0.18305393746163817,0.0129129824043636,0.20254154036459318,True,1.2505886495847778e-16,0.0,0.0,-6.182213044518315e-17,1.2505886495847778e-16,1.1440716522814654e-17,2.220446049250313e-16,True,5.568007210854376e-08
Matin,20.0,0.3,0.128,MEAH+,0.0139,direct_positive,0.014366674039597545,0.014341438065561632,0.0149438300779457,0.03144712042059465,True,8.881784197001252e-15,7.105427357601002e-15,8.881784197001252e-15,3.091106522637168e-17,3.7517659492131353e-16,-5.240391526658324e-17,-1.1102230246251565e-16,True,7.29469871174615e-08
Bottinger,20.0,0.3,0.15,MEAH+,,not_observed,0.016835945995331055,,0.017421633349456,,True,3.552713678800501e-15,-3.552713678800501e-15,-1.7763568394002505e-15,-6.182213046544474e-17,-7.503531899967884e-16,-6.013168158553025e-17,0.0,True,7.755791742170004e-08
Matin,20.0,0.3,0.15,MEAH+,0.0162,direct_positive,0.016835945995331055,0.016722509449050123,0.0174216332043235,0.03157385130570321,True,3.552713678800501e-15,-3.552713678800501e-15,-1.7763568394002505e-15,-6.182213046544474e-17,-7.503531899967884e-16,-6.013168158553025e-17,0.0,True,8.186214373040458e-08
Matin,20.0,0.3,0.173,MEAH+,0.0186,direct_positive,0.01941745749470657,0.01867941892836263,0.0200081505390688,0.03169400209953885,True,3.552713678800501e-15,-3.552713678800501e-15,-3.552713678800501e-15,-6.182213048415889e-17,7.503531902239262e-16,-4.020853408442365e-17,-1.1102230246251565e-16,True,7.036199534127263e-08
Matin,20.0,0.3,0.195,MEAH+,0.021,direct_positive,0.021886729244052282,0.017961570653465396,0.0224794807757105,0.02956698107555958,True,3.552713678800501e-15,3.552713678800501e-15,3.552713678800501e-15,6.182213050920765e-17,-1.2505886508799185e-16,-2.7288674795079942e-17,2.220446049250313e-16,True,6.216354009325188e-08
Jakobsen,20.0,0.3,0.21,MEAH+,0.0178,direct_positive,0.023570323528346326,0.12194554142082827,0.0241633568244071,0.1327372649352422,True,3.552713678800501e-15,0.0,-3.552713678800501e-15,1.236442610633374e-16,3.751765954002835e-16,-1.1748619727990947e-16,-2.220446049250313e-16,True,7.233035859144367e-08
Matin,20.0,0.3,0.218,MEAH+,0.0234,direct_positive,0.0244682404423179,0.019386882122782882,0.0250611425580904,0.029785009541783487,True,3.552713678800501e-15,3.552713678800501e-15,0.0,3.0911065272944905e-17,-2.50117730324391e-16,6.97310163872097e-17,0.0,True,9.885382112884145e-08
Bottinger,20.0,0.3,0.235,MEAH+,,not_observed,0.02637631377647021,,0.0269683668113336,,True,5.329070518200751e-15,0.0,-5.329070518200751e-15,-9.273319587380181e-17,-1.250588652363236e-15,4.286495382187454e-17,0.0,True,9.470033646152842e-08
Matin,20.0,0.3,0.241,MEAH+,0.0257,direct_positive,0.027049751382135712,0.02223015447126557,0.0276413548950279,0.0316262036853589,True,3.7517659580248837e-16,0.0,0.0,-9.27331958969169e-17,3.7517659580248837e-16,1.636113026566698e-17,-1.1102230246251565e-16,True,9.723741101197449e-08
Jakobsen,20.0,0.3,0.25,MEAH+,0.0245,direct_positive,0.02805990774172804,0.0589201544117612,0.0286507235011444,0.06796950907979467,True,5.329070518200751e-15,0.0,-5.329070518200751e-15,0.0,-2.5011773064025507e-16,3.5257933871478664e-17,0.0,True,8.395986128562073e-08
Matin,20.0,0.3,0.264,MEAH+,0.0281,direct_positive,0.029631261939945544,0.023043827757367054,0.0302206285238221,0.03159717257936701,True,5.329070518200751e-15,0.0,-5.329070518200751e-15,0.0,7.503531925120039e-16,7.86058731795148e-17,0.0,True,9.039054305048921e-08
Matin,20.0,0.3,0.287,MEAH+,0.0304,direct_positive,0.03221277191627312,0.025154513956836315,0.0327992915807069,0.032990880044620856,True,3.552713678800501e-15,3.552713678800501e-15,3.552713678800501e-15,1.2364426156371716e-16,-5.0023546255813e-16,-3.1756289835212516e-17,0.0,True,9.691010305346027e-08
Jakobsen,20.0,0.3,0.29,MEAH+,0.0236,direct_positive,0.032549490550593974,0.1396321926131427,0.0331356119712566,0.1473829928800681,True,3.552713678800501e-15,0.0,3.552713678800501e-15,-6.182213079954691e-17,-1.2505886567531386e-16,-7.981333683300881e-17,-1.1102230246251565e-16,True,7.770372789650537e-08
Bottinger,20.0,0.3,0.309,MEAH+,,not_observed,0.03468204147647238,,0.0352655406075844,,True,7.105427357601002e-15,0.0,-7.105427357601002e-15,1.23644261873377e-16,8.754120616691446e-16,-2.174641754237812e-16,0.0,True,6.195360136018735e-08
Matin,20.0,0.3,0.31,MEAH+,0.0327,direct_positive,0.03479428097491074,0.02696011355212102,0.0353776295263588,0.03418097704085435,True,5.329070518200751e-15,0.0,-5.329070518200751e-15,0.0,6.252943298510101e-16,5.2041676635613894e-17,0.0,True,9.46818552449713e-08
Matin,20.0,0.3,0.334,MEAH+,0.0349,direct_positive,0.037488027927972255,0.031067167836167142,0.0380678942198016,0.03773342689710914,True,3.552713678800501e-15,-3.552713678800501e-15,-1.7763568394002505e-15,0.0,-8.754120655697063e-16,-9.65970800189819e-19,2.220446049250313e-16,True,7.37123748706381e-08
Matin,20.0,0.3,0.358,MEAH+,0.0372,direct_positive,0.04018177191135177,0.03348614420666647,0.0407581021416067,0.03967101345501742,True,3.552713678800501e-15,3.552713678800501e-15,1.7763568394002505e-15,-6.18221316540918e-17,6.252943370197855e-16,7.945109888357892e-17,-1.1102230246251565e-16,True,8.034572474002745e-08
Matin,20.0,0.3,0.382,MEAH+,0.0394,direct_positive,0.042875510098512724,0.03671307814423795,0.0434483032636424,0.04247659928994003,True,3.552713678800501e-15,3.552713678800501e-15,3.552713678800501e-15,-1.2364426487470887e-16,-1.2505886898840494e-16,3.245661952961108e-16,0.0,True,8.670692253076595e-08
Bottinger,20.0,0.3,0.388,MEAH+,,not_observed,0.04354894309670564,,0.0441208422108665,,True,1.7763568394002505e-15,0.0,1.7763568394002505e-15,1.8546639817284164e-16,-3.7517660870646783e-16,-3.0911066362140274e-16,2.220446049250313e-16,True,7.156238268635208e-08
Jakobsen,20.0,0.3,0.4,MEAH+,0.0447,direct_positive,0.04489580610938532,0.001898250641537107,0.0454659074640963,0.007378340557428675,True,1.7763568394002505e-15,0.0,-1.7763568394002505e-15,-6.182213347355676e-17,-7.503532265071192e-16,1.4489562532864863e-18,2.220446049250313e-16,True,9.738141670823097e-08
Matin,20.0,0.3,0.406,MEAH+,0.0415,direct_positive,0.04556923559052778,0.040623646779285115,0.0461384228093497,0.04601464785305155,True,3.552713678800501e-15,3.552713678800501e-15,-3.552713678800501e-15,-6.182213396721637e-17,8.754121045819432e-16,1.1519202305610238e-16,0.0,True,9.451456151055029e-08
Matin,20.0,0.3,0.431,MEAH+,0.0436,direct_positive,0.04837516393583634,0.045135960516696425,0.0489402670619377,0.05017984565338407,True,3.552713678800501e-15,-3.552713678800501e-15,-3.552713678800501e-15,-1.2364427531639243e-16,3.751766386486527e-16,2.4583959428142087e-16,-1.1102230246251565e-16,True,5.181995987868505e-08
Matin,20.0,0.3,0.455,MEAH+,0.0457,direct_positive,0.05106873590661495,0.048238907921264895,0.0516287685990762,0.05297556671659721,True,3.552713678800501e-15,3.552713678800501e-15,0.0,6.182214819654031e-17,0.0,1.3813386237664477e-16,0.0,True,5.62796493852602e-08
Bottinger,20.0,0.3,0.474,MEAH+,,not_observed,0.05320077374855849,,0.0537541660667778,,True,1.0658141036401503e-14,-1.0658141036401503e-14,-5.329070518200751e-15,1.8546653524113643e-16,-3.876827821787479e-15,-3.4678378203941656e-16,0.0,True,9.91513928738641e-08
Matin,20.0,0.3,0.48,MEAH+,0.0477,direct_positive,0.05387381170393775,0.05285932498966436,0.054423990115012,0.0572720000318272,True,3.552713678800501e-15,3.552713678800501e-15,0.0,6.182220184238714e-17,5.002360375463404e-16,-2.5115269498469776e-17,2.220446049250313e-16,True,6.038481004111418e-08
Matin,20.0,0.3,0.505,MEAH+,0.0496,direct_positive,0.05667070507355627,0.057876939497865536,0.0571954771717308,0.061880011096172464,True,3.7518025720957875e-16,0.0,0.0,0.0,-3.7518025720957875e-16,3.09113669648942e-17,0.0,True,6.54634320085279e-08
Bottinger,20.0,0.3,0.524,MEAH+,,not_observed,0.05876825376853149,,0.0592701380513932,,True,3.552713678800501e-15,0.0,-3.552713678800501e-15,0.0,-3.7519265388047114e-16,1.9320242709615045e-16,-2.220446049250313e-16,True,8.448203914213083e-08
Matin,20.0,0.3,0.531,MEAH+,0.0515,direct_positive,0.05953040244367393,0.06293158948361931,0.0600281171018583,0.06654749204085857,True,3.552713678800501e-15,3.552713678800501e-15,1.7763568394002505e-15,-6.182614764199598e-17,2.501339825459125e-16,1.5456536910498994e-17,0.0,True,7.955080505439582e-08
Jakobsen,20.0,0.3,0.6,MEAH+,0.0632,direct_positive,0.06662138228476154,0.0228965610667162,0.0673061697414733,0.027337798153522982,True,9.237055564881302e-14,-9.237055564881302e-14,5.329070518200751e-15,1.3486352322593435e-14,1.3890935727651473e-14,-1.9177840458733784e-14,0.0,True,6.184500023209695e-08
Bottinger,20.0,0.3,0.609,MEAH+,,not_observed,0.06747928323014657,,0.0682228971978528,,True,6.039613253960852e-14,4.263256414560601e-14,6.039613253960852e-14,8.662189983138435e-15,8.260648066359835e-15,-4.114540241990757e-15,0.0,True,8.676316554101504e-08
Bottinger,20.0,0.3,0.704,MEAH+,,not_observed,0.0753977740732263,,0.0772048341455834,,True,1.4210854715202004e-14,1.4210854715202004e-14,8.881784197001252e-15,7.44362095733701e-16,8.783579965373112e-16,-5.582715718002758e-16,0.0,True,7.407690816307878e-08
Jakobsen,20.0,0.3,0.78,MEAH+,0.0749,direct_positive,0.08020224773147275,0.029704722201856815,0.0832018225380773,0.04565102192732545,True,3.552713678800501e-15,-3.552713678800501e-15,0.0,2.4896992323775534e-16,0.0,-1.8672744242831653e-16,0.0,True,5.9414865916096466e-08
Bottinger,20.0,0.3,0.832,MEAH+,,not_observed,0.08278736133264974,,0.0866026878975086,,True,1.7763568394002505e-15,0.0,1.7763568394002505e-15,0.0,0.0,6.242711410534808e-17,-2.220446049250313e-16,True,4.51205472984384e-08
Bottinger,20.0,0.3,0.929,MEAH+,,not_observed,0.08639185677316934,,0.0914945015649302,,True,1.8851861538025596e-16,0.0,0.0,0.0,0.0,-1.8851861538025596e-16,-2.220446049250313e-16,True,6.903736604613188e-08
Bottinger,20.0,0.3,0.974,MEAH+,,not_observed,0.08763794538631912,,0.0932068040719365,,True,1.0658141036401503e-14,-1.0658141036401503e-14,-3.552713678800501e-15,3.7832780687550076e-16,1.1479686748752283e-15,-3.7832780687550076e-16,-1.1102230246251565e-16,True,5.664326607757175e-08
Jakobsen,20.0,0.3,0.99,MEAH+,0.0826,direct_positive,0.08802800578996615,0.027640816023757866,0.0937430354524281,0.054958964792079235,True,7.105427357601002e-15,-7.105427357601002e-15,0.0,-3.7880441511991564e-16,-3.8313828603950806e-16,2.525362767466104e-16,-1.1102230246251565e-16,True,4.2425540414114955e-08
Bottinger,20.0,0.3,0.075,OH-,,not_observed,,,7.202457113642078e-05,,True,3.552713678800501e-15,0.0,3.552713678800501e-15,-9.273319565363586e-17,-1.500706379272926e-15,4.457049589277127e-17,0.0,True,8.939919027284304e-08
Matin,20.0,0.3,0.106,OH-,,not_observed,,,4.797473565781466e-05,,True,1.7763568394002505e-15,0.0,-1.7763568394002505e-15,6.18221304437868e-17,-3.7517659486695963e-16,-3.89406973986743e-17,-2.220446049250313e-16,True,8.36826785644007e-08
Jakobsen,20.0,0.3,0.11,OH-,,not_observed,,,4.57454469686192e-05,,True,1.2505886495847778e-16,0.0,0.0,-6.182213044518315e-17,1.2505886495847778e-16,1.1440716522814654e-17,2.220446049250313e-16,True,5.568007210854376e-08
Matin,20.0,0.3,0.128,OH-,,not_observed,,,3.727429867835357e-05,,True,8.881784197001252e-15,7.105427357601002e-15,8.881784197001252e-15,3.091106522637168e-17,3.7517659492131353e-16,-5.240391526658324e-17,-1.1102230246251565e-16,True,7.29469871174615e-08
Bottinger,20.0,0.3,0.15,OH-,,not_observed,,,2.947064283857766e-05,,True,3.552713678800501e-15,-3.552713678800501e-15,-1.7763568394002505e-15,-6.182213046544474e-17,-7.503531899967884e-16,-6.013168158553025e-17,0.0,True,7.755791742170004e-08
Matin,20.0,0.3,0.15,OH-,,not_observed,,,2.947063919931597e-05,,True,3.552713678800501e-15,-3.552713678800501e-15,-1.7763568394002505e-15,-6.182213046544474e-17,-7.503531899967884e-16,-6.013168158553025e-17,0.0,True,8.186214373040458e-08
Matin,20.0,0.3,0.173,OH-,,not_observed,,,2.33272517477486e-05,,True,3.552713678800501e-15,-3.552713678800501e-15,-3.552713678800501e-15,-6.182213048415889e-17,7.503531902239262e-16,-4.020853408442365e-17,-1.1102230246251565e-16,True,7.036199534127263e-08
Matin,20.0,0.3,0.195,OH-,,not_observed,,,1.877872220870252e-05,,True,3.552713678800501e-15,3.552713678800501e-15,3.552713678800501e-15,6.182213050920765e-17,-1.2505886508799185e-16,-2.7288674795079942e-17,2.220446049250313e-16,True,6.216354009325188e-08
Jakobsen,20.0,0.3,0.21,OH-,,not_observed,,,1.62291050501952e-05,,True,3.552713678800501e-15,0.0,-3.552713678800501e-15,1.236442610633374e-16,3.751765954002835e-16,-1.1748619727990947e-16,-2.220446049250313e-16,True,7.233035859144367e-08
Matin,20.0,0.3,0.218,OH-,,not_observed,,,1.50179667311823e-05,,True,3.552713678800501e-15,3.552713678800501e-15,0.0,3.0911065272944905e-17,-2.50117730324391e-16,6.97310163872097e-17,0.0,True,9.885382112884145e-08
Bottinger,20.0,0.3,0.235,OH-,,not_observed,,,1.273501316398119e-05,,True,5.329070518200751e-15,0.0,-5.329070518200751e-15,-9.273319587380181e-17,-1.250588652363236e-15,4.286495382187454e-17,0.0,True,9.470033646152842e-08
Matin,20.0,0.3,0.241,OH-,,not_observed,,,1.201262087821102e-05,,True,3.7517659580248837e-16,0.0,0.0,-9.27331958969169e-17,3.7517659580248837e-16,1.636113026566698e-17,-1.1102230246251565e-16,True,9.723741101197449e-08
Jakobsen,20.0,0.3,0.25,OH-,,not_observed,,,1.100113905840518e-05,,True,5.329070518200751e-15,0.0,-5.329070518200751e-15,0.0,-2.5011773064025507e-16,3.5257933871478664e-17,0.0,True,8.395986128562073e-08
Matin,20.0,0.3,0.264,OH-,,not_observed,,,9.582114460480996e-06,,True,5.329070518200751e-15,0.0,-5.329070518200751e-15,0.0,7.503531925120039e-16,7.86058731795148e-17,0.0,True,9.039054305048921e-08
Matin,20.0,0.3,0.287,OH-,,not_observed,,,7.599352732832337e-06,,True,3.552713678800501e-15,3.552713678800501e-15,3.552713678800501e-15,1.2364426156371716e-16,-5.0023546255813e-16,-3.1756289835212516e-17,0.0,True,9.691010305346027e-08
Jakobsen,20.0,0.3,0.29,OH-,,not_observed,,,7.368656841516671e-06,,True,3.552713678800501e-15,0.0,3.552713678800501e-15,-6.182213079954691e-17,-1.2505886567531386e-16,-7.981333683300881e-17,-1.1102230246251565e-16,True,7.770372789650537e-08
Bottinger,20.0,0.3,0.309,OH-,,not_observed,,,6.036987309773602e-06,,True,7.105427357601002e-15,0.0,-7.105427357601002e-15,1.23644261873377e-16,8.754120616691446e-16,-2.174641754237812e-16,0.0,True,6.195360136018735e-08
Matin,20.0,0.3,0.31,OH-,,not_observed,,,5.972711281225489e-06,,True,5.329070518200751e-15,0.0,-5.329070518200751e-15,0.0,6.252943298510101e-16,5.2041676635613894e-17,0.0,True,9.46818552449713e-08
Matin,20.0,0.3,0.334,OH-,,not_observed,,,4.58144688214806e-06,,True,3.552713678800501e-15,-3.552713678800501e-15,-1.7763568394002505e-15,0.0,-8.754120655697063e-16,-9.65970800189819e-19,2.220446049250313e-16,True,7.37123748706381e-08
Matin,20.0,0.3,0.358,OH-,,not_observed,,,3.445265154715363e-06,,True,3.552713678800501e-15,3.552713678800501e-15,1.7763568394002505e-15,-6.18221316540918e-17,6.252943370197855e-16,7.945109888357892e-17,-1.1102230246251565e-16,True,8.034572474002745e-08
Matin,20.0,0.3,0.382,OH-,,not_observed,,,2.519310857746823e-06,,True,3.552713678800501e-15,3.552713678800501e-15,3.552713678800501e-15,-1.2364426487470887e-16,-1.2505886898840494e-16,3.245661952961108e-16,0.0,True,8.670692253076595e-08
Bottinger,20.0,0.3,0.388,OH-,,not_observed,,,2.3164050550910948e-06,,True,1.7763568394002505e-15,0.0,1.7763568394002505e-15,1.8546639817284164e-16,-3.7517660870646783e-16,-3.0911066362140274e-16,2.220446049250313e-16,True,7.156238268635208e-08
Jakobsen,20.0,0.3,0.4,OH-,,not_observed,,,1.941518905960896e-06,,True,1.7763568394002505e-15,0.0,-1.7763568394002505e-15,-6.182213347355676e-17,-7.503532265071192e-16,1.4489562532864863e-18,2.220446049250313e-16,True,9.738141670823097e-08
Matin,20.0,0.3,0.406,OH-,,not_observed,,,1.7686988919038424e-06,,True,3.552713678800501e-15,3.552713678800501e-15,-3.552713678800501e-15,-6.182213396721637e-17,8.754121045819432e-16,1.1519202305610238e-16,0.0,True,9.451456151055029e-08
Matin,20.0,0.3,0.431,OH-,,not_observed,,,1.143913338480736e-06,,True,3.552713678800501e-15,-3.552713678800501e-15,-3.552713678800501e-15,-1.2364427531639243e-16,3.751766386486527e-16,2.4583959428142087e-16,-1.1102230246251565e-16,True,5.181995987868505e-08
Matin,20.0,0.3,0.455,OH-,,not_observed,,,6.742175966769533e-07,,True,3.552713678800501e-15,3.552713678800501e-15,0.0,6.182214819654031e-17,0.0,1.3813386237664477e-16,0.0,True,5.62796493852602e-08
Bottinger,20.0,0.3,0.474,OH-,,not_observed,,,3.8625475484795213e-07,,True,1.0658141036401503e-14,-1.0658141036401503e-14,-5.329070518200751e-15,1.8546653524113643e-16,-3.876827821787479e-15,-3.4678378203941656e-16,0.0,True,9.91513928738641e-08
Matin,20.0,0.3,0.48,OH-,,not_observed,,,3.115491756674792e-07,,True,3.552713678800501e-15,3.552713678800501e-15,0.0,6.182220184238714e-17,5.002360375463404e-16,-2.5115269498469776e-17,2.220446049250313e-16,True,6.038481004111418e-08
Matin,20.0,0.3,0.505,OH-,,not_observed,,,1.0480663295125357e-07,,True,3.7518025720957875e-16,0.0,0.0,0.0,-3.7518025720957875e-16,3.09113669648942e-17,0.0,True,6.54634320085279e-08
Bottinger,20.0,0.3,0.524,OH-,,not_observed,,,4.9671111216787185e-08,,True,3.552713678800501e-15,0.0,-3.552713678800501e-15,0.0,-3.7519265388047114e-16,1.9320242709615045e-16,-2.220446049250313e-16,True,8.448203914213083e-08
Matin,20.0,0.3,0.531,OH-,,not_observed,,,3.9928767938184275e-08,,True,3.552713678800501e-15,3.552713678800501e-15,1.7763568394002505e-15,-6.182614764199598e-17,2.501339825459125e-16,1.5456536910498994e-17,0.0,True,7.955080505439582e-08
Jakobsen,20.0,0.3,0.6,OH-,,not_observed,,,1.0658185318416132e-08,,True,9.237055564881302e-14,-9.237055564881302e-14,5.329070518200751e-15,1.3486352322593435e-14,1.3890935727651473e-14,-1.9177840458733784e-14,0.0,True,6.184500023209695e-08
Bottinger,20.0,0.3,0.609,OH-,,not_observed,,,9.485866874794788e-09,,True,6.039613253960852e-14,4.263256414560601e-14,6.039613253960852e-14,8.662189983138435e-15,8.260648066359835e-15,-4.114540241990757e-15,0.0,True,8.676316554101504e-08
Bottinger,20.0,0.3,0.704,OH-,,not_observed,,,3.742130347578086e-09,,True,1.4210854715202004e-14,1.4210854715202004e-14,8.881784197001252e-15,7.44362095733701e-16,8.783579965373112e-16,-5.582715718002758e-16,0.0,True,7.407690816307878e-08
Jakobsen,20.0,0.3,0.78,OH-,,not_observed,,,2.23501776547487e-09,,True,3.552713678800501e-15,-3.552713678800501e-15,0.0,2.4896992323775534e-16,0.0,-1.8672744242831653e-16,0.0,True,5.9414865916096466e-08
Bottinger,20.0,0.3,0.832,OH-,,not_observed,,,1.6895404152260447e-09,,True,1.7763568394002505e-15,0.0,1.7763568394002505e-15,0.0,0.0,6.242711410534808e-17,-2.220446049250313e-16,True,4.51205472984384e-08
Bottinger,20.0,0.3,0.929,OH-,,not_observed,,,1.125002135015509e-09,,True,1.8851861538025596e-16,0.0,0.0,0.0,0.0,-1.8851861538025596e-16,-2.220446049250313e-16,True,6.903736604613188e-08
Bottinger,20.0,0.3,0.974,OH-,,not_observed,,,9.690368666001495e-10,,True,1.0658141036401503e-14,-1.0658141036401503e-14,-3.552713678800501e-15,3.7832780687550076e-16,1.1479686748752283e-15,-3.7832780687550076e-16,-1.1102230246251565e-16,True,5.664326607757175e-08
Jakobsen,20.0,0.3,0.99,OH-,,not_observed,,,9.234437163611895e-10,,True,7.105427357601002e-15,-7.105427357601002e-15,0.0,-3.7880441511991564e-16,-3.8313828603950806e-16,2.525362767466104e-16,-1.1102230246251565e-16,True,4.2425540414114955e-08
Jakobsen,40.0,0.3,0.11,CO2,,not_observed,2.469643060273064e-09,,5.829331740603899e-10,,True,8.881784197001252e-14,-4.796163466380676e-14,-8.881784197001252e-14,5.458894130423479e-14,4.5521426945900235e-14,-6.944587392568313e-14,0.0,True,8.120420602608648e-08
Bottinger,40.0,0.3,0.125,CO2,,not_observed,3.4480825013501684e-09,,8.189006217179608e-10,,True,5.03987227394159e-14,-4.263256414560601e-14,4.440892098500626e-14,3.033921061298444e-14,5.03987227394159e-14,-3.9666201961505025e-14,0.0,True,7.89723415550725e-08
Bottinger,40.0,0.3,0.205,CO2,,not_observed,1.4941633696821072e-08,,3.8790918534288165e-09,,True,3.552713678800501e-15,-1.7763568394002505e-15,-3.552713678800501e-15,5.563991821807356e-16,3.1264716698930823e-15,-7.801421692859664e-16,-2.220446049250313e-16,True,8.766321002440237e-08
Jakobsen,40.0,0.3,0.21,CO2,,not_observed,1.6220339490983698e-08,,4.244955403324382e-09,,True,2.6262362060683726e-15,1.7763568394002505e-15,1.7763568394002505e-15,4.94577051459739e-16,2.6262362060683726e-15,-7.162673508933523e-16,-1.1102230246251565e-16,True,6.667615082278644e-08
Bottinger,40.0,0.3,0.236,CO2,,not_observed,2.4678274601313635e-08,,6.760006109548391e-09,,True,7.105427357601002e-15,-3.552713678800501e-15,-7.105427357601002e-15,1.8546639586606437e-16,-3.7517660404012996e-16,-2.2217328671455626e-17,-2.220446049250313e-16,True,5.6917539126288836e-08
Jakobsen,40.0,0.3,0.25,CO2,,not_observed,3.084725137196005e-08,,8.683477864326442e-09,,True,5.329070518200751e-15,-3.552713678800501e-15,-5.329070518200751e-15,3.091106616836697e-17,-2.876353982051824e-15,-6.133914692785321e-17,0.0,True,9.109026066767001e-08
Bottinger,40.0,0.3,0.28,CO2,,not_observed,4.9811648166445643e-08,,1.4959677150832543e-08,,True,3.552713678800501e-15,3.552713678800501e-15,-1.7763568394002505e-15,0.0,-2.501177423130561e-15,-5.819974287385151e-17,0.0,True,6.282397890799984e-08
Jakobsen,40.0,0.3,0.29,CO2,,not_observed,5.8564352628022845e-08,,1.8006224299202002e-08,,True,7.105427357601002e-15,7.105427357601002e-15,7.105427357601002e-15,1.2364426810052864e-16,-3.5016484230316815e-15,2.7047183646990637e-17,-1.1102230246251565e-16,True,7.361801124261548e-08
Bottinger,40.0,0.3,0.343,CO2,,not_observed,1.4485225026781545e-07,,5.1280572008616526e-08,,True,3.552713678800501e-15,1.7763568394002505e-15,-3.552713678800501e-15,1.8546641815430146e-16,-1.6257654795486022e-15,-3.7672866187592486e-17,2.220446049250313e-16,True,8.603040058119404e-08
Bottinger,40.0,0.3,0.354,CO2,,not_observed,1.776790773616591e-07,,6.500756084492332e-08,,True,1.3756477586223593e-15,0.0,8.881784197001252e-16,0.0,-1.3756477586223593e-15,1.8353448232338313e-17,2.220446049250313e-16,True,9.459455441174215e-08
Jakobsen,40.0,0.3,0.4,CO2,,not_observed,4.6751822267080796e-07,,1.9932864168596682e-07,,True,3.552713678800501e-15,1.7763568394002505e-15,-3.552713678800501e-15,0.0,-1.7508249275225121e-15,2.8979137187192436e-17,0.0,True,8.577321963798569e-08
Bottinger,40.0,0.3,0.46,CO2,,not_observed,2.9570670548668456e-06,,1.616183365747912e-06,,True,2.6645352591003757e-15,-1.7763568394002505e-15,-2.6645352591003757e-15,6.182231324241699e-17,0.0,7.148204968654466e-17,0.0,True,7.77108475347177e-08
Bottinger,40.0,0.3,0.466,CO2,,not_observed,3.8170136143197495e-06,,2.1480573447504548e-06,,True,3.552713678800501e-15,3.552713678800501e-15,2.6645352591003757e-15,0.0,-1.2505934228035164e-16,-1.255766817632143e-16,-1.1102230246251565e-16,True,5.99487179897551e-08
Bottinger,40.0,0.3,0.487,CO2,,not_observed,1.0841319274427266e-05,,6.788097419510499e-06,,True,6.215492971022626e-14,1.4210854715202004e-14,2.1316282072803006e-14,-6.182280067040835e-17,-6.215492971022626e-14,-4.984463304051674e-16,0.0,True,6.168896504732403e-08
Bottinger,40.0,0.3,0.508,CO2,,not_observed,3.589300055831597e-05,,2.4515577608096937e-05,,True,4.139597011646189e-14,-7.105427357601002e-15,-1.7763568394002505e-15,3.7094609694659875e-16,-4.139597011646189e-14,-1.0973822034670213e-15,-1.1102230246251565e-16,True,6.020253451310964e-08
Jakobsen,40.0,0.3,0.6,CO2,,not_observed,0.0009259030082559678,,0.0006788526062266,,True,1.7763568394002505e-15,0.0,1.7763568394002505e-15,0.0,2.5034952923651463e-16,3.0939712387619904e-17,0.0,True,8.193726941385648e-08
Bottinger,40.0,0.3,0.663,CO2,,not_observed,0.0025914654545679434,,0.0019553267415407,,True,3.552713678800501e-15,-3.552713678800501e-15,-1.7763568394002505e-15,0.0,-2.507675853889399e-16,1.239655132044095e-16,0.0,True,7.81676163796874e-08
Bottinger,40.0,0.3,0.683,CO2,,not_observed,0.0033126207065017647,,0.0025253058535822,,True,1.860828130687695e-16,0.0,0.0,1.24055208712513e-16,0.0,1.860828130687695e-16,-1.1102230246251565e-16,True,6.805083430094784e-08
Bottinger,40.0,0.3,0.762,CO2,,not_observed,0.00698845229780488,,0.0055498632218686,,True,2.6645352591003757e-14,2.6645352591003757e-14,7.105427357601002e-15,4.85606253489621e-15,3.274413571150899e-15,-2.116745207518861e-15,2.220446049250313e-16,True,5.55092292131576e-08
Jakobsen,40.0,0.3,0.78,CO2,0.0009,direct_positive,0.007990361304936695,0.9483239080714913,0.0064014836698331,0.8520381325047747,True,5.329070518200751e-15,-5.329070518200751e-15,-2.6645352591003757e-15,-1.2464018093819137e-16,2.5213235849532255e-16,4.985607237527655e-16,-1.1102230246251565e-16,True,8.946773277784814e-08
Jakobsen,40.0,0.3,0.99,CO2,0.0032,direct_positive,0.022698832011123608,0.8508535324338224,0.0196228125888149,0.7876112777443188,True,7.105427357601002e-15,-7.105427357601002e-15,-2.6645352591003757e-15,0.0,2.5592697322666647e-16,1.8977404035107504e-16,0.0,True,6.472841818094821e-08
Jakobsen,40.0,0.3,0.11,CO3^2-,0.0001,direct_positive,,,0.0002656388323433,0.42429156256222844,True,8.881784197001252e-14,-4.796163466380676e-14,-8.881784197001252e-14,5.458894130423479e-14,4.5521426945900235e-14,-6.944587392568313e-14,0.0,True,8.120420602608648e-08
Bottinger,40.0,0.3,0.125,CO3^2-,,not_observed,,,0.0002724321179618,,True,5.03987227394159e-14,-4.263256414560601e-14,4.440892098500626e-14,3.033921061298444e-14,5.03987227394159e-14,-3.9666201961505025e-14,0.0,True,7.89723415550725e-08
Bottinger,40.0,0.3,0.205,CO3^2-,,not_observed,,,0.0002872216485776,,True,3.552713678800501e-15,-1.7763568394002505e-15,-3.552713678800501e-15,5.563991821807356e-16,3.1264716698930823e-15,-7.801421692859664e-16,-2.220446049250313e-16,True,8.766321002440237e-08
Jakobsen,40.0,0.3,0.21,CO3^2-,0.0027,direct_positive,,,0.0002874411733835,-0.9728147870952253,True,2.6262362060683726e-15,1.7763568394002505e-15,1.7763568394002505e-15,4.94577051459739e-16,2.6262362060683726e-15,-7.162673508933523e-16,-1.1102230246251565e-16,True,6.667615082278644e-08
Bottinger,40.0,0.3,0.236,CO3^2-,,not_observed,,,0.0002878564558949,,True,7.105427357601002e-15,-3.552713678800501e-15,-7.105427357601002e-15,1.8546639586606437e-16,-3.7517660404012996e-16,-2.2217328671455626e-17,-2.220446049250313e-16,True,5.6917539126288836e-08
Jakobsen,40.0,0.3,0.25,CO3^2-,0.0004,direct_positive,,,0.0002876931460141,-0.14313047592256126,True,5.329070518200751e-15,-3.552713678800501e-15,-5.329070518200751e-15,3.091106616836697e-17,-2.876353982051824e-15,-6.133914692785321e-17,0.0,True,9.109026066767001e-08
Bottinger,40.0,0.3,0.28,CO3^2-,,not_observed,,,0.0002867310314953,,True,3.552713678800501e-15,3.552713678800501e-15,-1.7763568394002505e-15,0.0,-2.501177423130561e-15,-5.819974287385151e-17,0.0,True,6.282397890799984e-08
Jakobsen,40.0,0.3,0.29,CO3^2-,0.0004,direct_positive,,,0.0002862710367633,-0.14528258047076775,True,7.105427357601002e-15,7.105427357601002e-15,7.105427357601002e-15,1.2364426810052864e-16,-3.5016484230316815e-15,2.7047183646990637e-17,-1.1102230246251565e-16,True,7.361801124261548e-08
Bottinger,40.0,0.3,0.343,CO3^2-,,not_observed,,,0.0002831876754119,,True,3.552713678800501e-15,1.7763568394002505e-15,-3.552713678800501e-15,1.8546641815430146e-16,-1.6257654795486022e-15,-3.7672866187592486e-17,2.220446049250313e-16,True,8.603040058119404e-08
Bottinger,40.0,0.3,0.354,CO3^2-,,not_observed,,,0.000282455601635,,True,1.3756477586223593e-15,0.0,8.881784197001252e-16,0.0,-1.3756477586223593e-15,1.8353448232338313e-17,2.220446049250313e-16,True,9.459455441174215e-08
Jakobsen,40.0,0.3,0.4,CO3^2-,0.001,direct_positive,,,0.0002790178673153,-0.5543679851565644,True,3.552713678800501e-15,1.7763568394002505e-15,-3.552713678800501e-15,0.0,-1.7508249275225121e-15,2.8979137187192436e-17,0.0,True,8.577321963798569e-08
Bottinger,40.0,0.3,0.46,CO3^2-,,not_observed,,,0.0002712575953475,,True,2.6645352591003757e-15,-1.7763568394002505e-15,-2.6645352591003757e-15,6.182231324241699e-17,0.0,7.148204968654466e-17,0.0,True,7.77108475347177e-08
Bottinger,40.0,0.3,0.466,CO3^2-,,not_observed,,,0.0002697871526451,,True,3.552713678800501e-15,3.552713678800501e-15,2.6645352591003757e-15,0.0,-1.2505934228035164e-16,-1.255766817632143e-16,-1.1102230246251565e-16,True,5.99487179897551e-08
Bottinger,40.0,0.3,0.487,CO3^2-,,not_observed,,,0.0002618392150014,,True,6.215492971022626e-14,1.4210854715202004e-14,2.1316282072803006e-14,-6.182280067040835e-17,-6.215492971022626e-14,-4.984463304051674e-16,0.0,True,6.168896504732403e-08
Bottinger,40.0,0.3,0.508,CO3^2-,,not_observed,,,0.0002471619863481,,True,4.139597011646189e-14,-7.105427357601002e-15,-1.7763568394002505e-15,3.7094609694659875e-16,-4.139597011646189e-14,-1.0973822034670213e-15,-1.1102230246251565e-16,True,6.020253451310964e-08
Jakobsen,40.0,0.3,0.6,CO3^2-,0.0009,direct_positive,,,0.0001602881320263,-0.749341141709614,True,1.7763568394002505e-15,0.0,1.7763568394002505e-15,0.0,2.5034952923651463e-16,3.0939712387619904e-17,0.0,True,8.193726941385648e-08
Bottinger,40.0,0.3,0.663,CO3^2-,,not_observed,,,0.0001190747622748,,True,3.552713678800501e-15,-3.552713678800501e-15,-1.7763568394002505e-15,0.0,-2.507675853889399e-16,1.239655132044095e-16,0.0,True,7.81676163796874e-08
Bottinger,40.0,0.3,0.683,CO3^2-,,not_observed,,,0.0001089896249751,,True,1.860828130687695e-16,0.0,0.0,1.24055208712513e-16,0.0,1.860828130687695e-16,-1.1102230246251565e-16,True,6.805083430094784e-08
Bottinger,40.0,0.3,0.762,CO3^2-,,not_observed,,,7.924398700876184e-05,,True,2.6645352591003757e-14,2.6645352591003757e-14,7.105427357601002e-15,4.85606253489621e-15,3.274413571150899e-15,-2.116745207518861e-15,2.220446049250313e-16,True,5.55092292131576e-08
Jakobsen,40.0,0.3,0.78,CO3^2-,0.0009,direct_positive,,,7.419527957559605e-05,-1.083866233802931,True,5.329070518200751e-15,-5.329070518200751e-15,-2.6645352591003757e-15,-1.2464018093819137e-16,2.5213235849532255e-16,4.985607237527655e-16,-1.1102230246251565e-16,True,8.946773277784814e-08
Jakobsen,40.0,0.3,0.99,CO3^2-,0.0011,direct_positive,,,4.003340064790686e-05,-1.4389702022254414,True,7.105427357601002e-15,-7.105427357601002e-15,-2.6645352591003757e-15,0.0,2.5592697322666647e-16,1.8977404035107504e-16,0.0,True,6.472841818094821e-08
Jakobsen,40.0,0.3,0.11,H2O,,not_observed,0.8877173649299984,,,,True,8.881784197001252e-14,-4.796163466380676e-14,-8.881784197001252e-14,5.458894130423479e-14,4.5521426945900235e-14,-6.944587392568313e-14,0.0,True,8.120420602608648e-08
Bottinger,40.0,0.3,0.125,H2O,,not_observed,0.8877095610875515,,,,True,5.03987227394159e-14,-4.263256414560601e-14,4.440892098500626e-14,3.033921061298444e-14,5.03987227394159e-14,-3.9666201961505025e-14,0.0,True,7.89723415550725e-08
Bottinger,40.0,0.3,0.205,H2O,,not_observed,0.8876546692903217,,,,True,3.552713678800501e-15,-1.7763568394002505e-15,-3.552713678800501e-15,5.563991821807356e-16,3.1264716698930823e-15,-7.801421692859664e-16,-2.220446049250313e-16,True,8.766321002440237e-08
Jakobsen,40.0,0.3,0.21,H2O,,not_observed,0.8876502440756352,,,,True,2.6262362060683726e-15,1.7763568394002505e-15,1.7763568394002505e-15,4.94577051459739e-16,2.6262362060683726e-15,-7.162673508933523e-16,-1.1102230246251565e-16,True,6.667615082278644e-08
Bottinger,40.0,0.3,0.236,H2O,,not_observed,0.8876245673706258,,,,True,7.105427357601002e-15,-3.552713678800501e-15,-7.105427357601002e-15,1.8546639586606437e-16,-3.7517660404012996e-16,-2.2217328671455626e-17,-2.220446049250313e-16,True,5.6917539126288836e-08
Jakobsen,40.0,0.3,0.25,H2O,,not_observed,0.8876085625887082,,,,True,5.329070518200751e-15,-3.552713678800501e-15,-5.329070518200751e-15,3.091106616836697e-17,-2.876353982051824e-15,-6.133914692785321e-17,0.0,True,9.109026066767001e-08
Bottinger,40.0,0.3,0.28,H2O,,not_observed,0.8875675356147157,,,,True,3.552713678800501e-15,3.552713678800501e-15,-1.7763568394002505e-15,0.0,-2.501177423130561e-15,-5.819974287385151e-17,0.0,True,6.282397890799984e-08
Jakobsen,40.0,0.3,0.29,H2O,,not_observed,0.8875513099332103,,,,True,7.105427357601002e-15,7.105427357601002e-15,7.105427357601002e-15,1.2364426810052864e-16,-3.5016484230316815e-15,2.7047183646990637e-17,-1.1102230246251565e-16,True,7.361801124261548e-08
Bottinger,40.0,0.3,0.343,H2O,,not_observed,0.8874319351133231,,,,True,3.552713678800501e-15,1.7763568394002505e-15,-3.552713678800501e-15,1.8546641815430146e-16,-1.6257654795486022e-15,-3.7672866187592486e-17,2.220446049250313e-16,True,8.603040058119404e-08
Bottinger,40.0,0.3,0.354,H2O,,not_observed,0.8873967328390465,,,,True,1.3756477586223593e-15,0.0,8.881784197001252e-16,0.0,-1.3756477586223593e-15,1.8353448232338313e-17,2.220446049250313e-16,True,9.459455441174215e-08
Jakobsen,40.0,0.3,0.4,H2O,,not_observed,0.8871716859346583,,,,True,3.552713678800501e-15,1.7763568394002505e-15,-3.552713678800501e-15,0.0,-1.7508249275225121e-15,2.8979137187192436e-17,0.0,True,8.577321963798569e-08
Bottinger,40.0,0.3,0.46,H2O,,not_observed,0.8862912631967876,,,,True,2.6645352591003757e-15,-1.7763568394002505e-15,-2.6645352591003757e-15,6.182231324241699e-17,0.0,7.148204968654466e-17,0.0,True,7.77108475347177e-08
Bottinger,40.0,0.3,0.466,H2O,,not_observed,0.8860941355979709,,,,True,3.552713678800501e-15,3.552713678800501e-15,2.6645352591003757e-15,0.0,-1.2505934228035164e-16,-1.255766817632143e-16,-1.1102230246251565e-16,True,5.99487179897551e-08
Bottinger,40.0,0.3,0.487,H2O,,not_observed,0.8849793521206151,,,,True,6.215492971022626e-14,1.4210854715202004e-14,2.1316282072803006e-14,-6.182280067040835e-17,-6.215492971022626e-14,-4.984463304051674e-16,0.0,True,6.168896504732403e-08
Bottinger,40.0,0.3,0.508,H2O,,not_observed,0.882794269913838,,,,True,4.139597011646189e-14,-7.105427357601002e-15,-1.7763568394002505e-15,3.7094609694659875e-16,-4.139597011646189e-14,-1.0973822034670213e-15,-1.1102230246251565e-16,True,6.020253451310964e-08
Jakobsen,40.0,0.3,0.6,H2O,,not_observed,0.8657277800979414,,,,True,1.7763568394002505e-15,0.0,1.7763568394002505e-15,0.0,2.5034952923651463e-16,3.0939712387619904e-17,0.0,True,8.193726941385648e-08
Bottinger,40.0,0.3,0.663,H2O,,not_observed,0.8537762696035922,,,,True,3.552713678800501e-15,-3.552713678800501e-15,-1.7763568394002505e-15,0.0,-2.507675853889399e-16,1.239655132044095e-16,0.0,True,7.81676163796874e-08
Bottinger,40.0,0.3,0.683,H2O,,not_observed,0.8501758538077862,,,,True,1.860828130687695e-16,0.0,0.0,1.24055208712513e-16,0.0,1.860828130687695e-16,-1.1102230246251565e-16,True,6.805083430094784e-08
Bottinger,40.0,0.3,0.762,H2O,,not_observed,0.8369154036202361,,,,True,2.6645352591003757e-14,2.6645352591003757e-14,7.105427357601002e-15,4.85606253489621e-15,3.274413571150899e-15,-2.116745207518861e-15,2.220446049250313e-16,True,5.55092292131576e-08
Jakobsen,40.0,0.3,0.78,H2O,,not_observed,0.8340962205359567,,,,True,5.329070518200751e-15,-5.329070518200751e-15,-2.6645352591003757e-15,-1.2464018093819137e-16,2.5213235849532255e-16,4.985607237527655e-16,-1.1102230246251565e-16,True,8.946773277784814e-08
Jakobsen,40.0,0.3,0.99,H2O,,not_observed,0.8054030561454041,,,,True,7.105427357601002e-15,-7.105427357601002e-15,-2.6645352591003757e-15,0.0,2.5592697322666647e-16,1.8977404035107504e-16,0.0,True,6.472841818094821e-08
Jakobsen,40.0,0.3,0.11,H3O+,,not_observed,,,2.875909360937105e-13,,True,8.881784197001252e-14,-4.796163466380676e-14,-8.881784197001252e-14,5.458894130423479e-14,4.5521426945900235e-14,-6.944587392568313e-14,0.0,True,8.120420602608648e-08
Bottinger,40.0,0.3,0.125,H3O+,,not_observed,,,3.210642565612024e-13,,True,5.03987227394159e-14,-4.263256414560601e-14,4.440892098500626e-14,3.033921061298444e-14,5.03987227394159e-14,-3.9666201961505025e-14,0.0,True,7.89723415550725e-08
Bottinger,40.0,0.3,0.205,H3O+,,not_observed,,,5.091208605246982e-13,,True,3.552713678800501e-15,-1.7763568394002505e-15,-3.552713678800501e-15,5.563991821807356e-16,3.1264716698930823e-15,-7.801421692859664e-16,-2.220446049250313e-16,True,8.766321002440237e-08
Jakobsen,40.0,0.3,0.21,H3O+,,not_observed,,,5.22347674127175e-13,,True,2.6262362060683726e-15,1.7763568394002505e-15,1.7763568394002505e-15,4.94577051459739e-16,2.6262362060683726e-15,-7.162673508933523e-16,-1.1102230246251565e-16,True,6.667615082278644e-08
Bottinger,40.0,0.3,0.236,H3O+,,not_observed,,,5.964649747522966e-13,,True,7.105427357601002e-15,-3.552713678800501e-15,-7.105427357601002e-15,1.8546639586606437e-16,-3.7517660404012996e-16,-2.2217328671455626e-17,-2.220446049250313e-16,True,5.6917539126288836e-08
Jakobsen,40.0,0.3,0.25,H3O+,,not_observed,,,6.410658840281923e-13,,True,5.329070518200751e-15,-3.552713678800501e-15,-5.329070518200751e-15,3.091106616836697e-17,-2.876353982051824e-15,-6.133914692785321e-17,0.0,True,9.109026066767001e-08
Bottinger,40.0,0.3,0.28,H3O+,,not_observed,,,7.523584501800785e-13,,True,3.552713678800501e-15,3.552713678800501e-15,-1.7763568394002505e-15,0.0,-2.501177423130561e-15,-5.819974287385151e-17,0.0,True,6.282397890799984e-08
Jakobsen,40.0,0.3,0.29,H3O+,,not_observed,,,7.956782037406466e-13,,True,7.105427357601002e-15,7.105427357601002e-15,7.105427357601002e-15,1.2364426810052864e-16,-3.5016484230316815e-15,2.7047183646990637e-17,-1.1102230246251565e-16,True,7.361801124261548e-08
Bottinger,40.0,0.3,0.343,H3O+,,not_observed,,,1.1112316143705197e-12,,True,3.552713678800501e-15,1.7763568394002505e-15,-3.552713678800501e-15,1.8546641815430146e-16,-1.6257654795486022e-15,-3.7672866187592486e-17,2.220446049250313e-16,True,8.603040058119404e-08
Bottinger,40.0,0.3,0.354,H3O+,,not_observed,,,1.2043409464582574e-12,,True,1.3756477586223593e-15,0.0,8.881784197001252e-16,0.0,-1.3756477586223593e-15,1.8353448232338313e-17,2.220446049250313e-16,True,9.459455441174215e-08
Jakobsen,40.0,0.3,0.4,H3O+,,not_observed,,,1.806385235115252e-12,,True,3.552713678800501e-15,1.7763568394002505e-15,-3.552713678800501e-15,0.0,-1.7508249275225121e-15,2.8979137187192436e-17,0.0,True,8.577321963798569e-08
Bottinger,40.0,0.3,0.46,H3O+,,not_observed,,,4.25989347387459e-12,,True,2.6645352591003757e-15,-1.7763568394002505e-15,-2.6645352591003757e-15,6.182231324241699e-17,0.0,7.148204968654466e-17,0.0,True,7.77108475347177e-08
Bottinger,40.0,0.3,0.466,H3O+,,not_observed,,,4.8252372550908715e-12,,True,3.552713678800501e-15,3.552713678800501e-15,2.6645352591003757e-15,0.0,-1.2505934228035164e-16,-1.255766817632143e-16,-1.1102230246251565e-16,True,5.99487179897551e-08
Bottinger,40.0,0.3,0.487,H3O+,,not_observed,,,8.089556862435227e-12,,True,6.215492971022626e-14,1.4210854715202004e-14,2.1316282072803006e-14,-6.182280067040835e-17,-6.215492971022626e-14,-4.984463304051674e-16,0.0,True,6.168896504732403e-08
Bottinger,40.0,0.3,0.508,H3O+,,not_observed,,,1.4598314185717298e-11,,True,4.139597011646189e-14,-7.105427357601002e-15,-1.7763568394002505e-15,3.7094609694659875e-16,-4.139597011646189e-14,-1.0973822034670213e-15,-1.1102230246251565e-16,True,6.020253451310964e-08
Jakobsen,40.0,0.3,0.6,H3O+,,not_observed,,,6.436302487053339e-11,,True,1.7763568394002505e-15,0.0,1.7763568394002505e-15,0.0,2.5034952923651463e-16,3.0939712387619904e-17,0.0,True,8.193726941385648e-08
Bottinger,40.0,0.3,0.663,H3O+,,not_observed,,,9.854201982518783e-11,,True,3.552713678800501e-15,-3.552713678800501e-15,-1.7763568394002505e-15,0.0,-2.507675853889399e-16,1.239655132044095e-16,0.0,True,7.81676163796874e-08
Bottinger,40.0,0.3,0.683,H3O+,,not_observed,,,1.0866249952477027e-10,,True,1.860828130687695e-16,0.0,0.0,1.24055208712513e-16,0.0,1.860828130687695e-16,-1.1102230246251565e-16,True,6.805083430094784e-08
Bottinger,40.0,0.3,0.762,H3O+,,not_observed,,,1.4468507278465468e-10,,True,2.6645352591003757e-14,2.6645352591003757e-14,7.105427357601002e-15,4.85606253489621e-15,3.274413571150899e-15,-2.116745207518861e-15,2.220446049250313e-16,True,5.55092292131576e-08
Jakobsen,40.0,0.3,0.78,H3O+,,not_observed,,,1.5200091494657327e-10,,True,5.329070518200751e-15,-5.329070518200751e-15,-2.6645352591003757e-15,-1.2464018093819137e-16,2.5213235849532255e-16,4.985607237527655e-16,-1.1102230246251565e-16,True,8.946773277784814e-08
Jakobsen,40.0,0.3,0.99,H3O+,,not_observed,,,2.1592634674350366e-10,,True,7.105427357601002e-15,-7.105427357601002e-15,-2.6645352591003757e-15,0.0,2.5592697322666647e-16,1.8977404035107504e-16,0.0,True,6.472841818094821e-08
Jakobsen,40.0,0.3,0.11,HCO3-,0.0001,direct_positive,4.298898824151588e-05,-0.36664277601110085,2.1427040479297103e-05,-0.6690378099320331,True,8.881784197001252e-14,-4.796163466380676e-14,-8.881784197001252e-14,5.458894130423479e-14,4.5521426945900235e-14,-6.944587392568313e-14,0.0,True,8.120420602608648e-08
Bottinger,40.0,0.3,0.125,HCO3-,0.0,direct_zero,5.079196206923381e-05,,2.5691708471159653e-05,,True,5.03987227394159e-14,-4.263256414560601e-14,4.440892098500626e-14,3.033921061298444e-14,5.03987227394159e-14,-3.9666201961505025e-14,0.0,True,7.89723415550725e-08
Bottinger,40.0,0.3,0.205,HCO3-,0.0,direct_zero,0.00010567355577506626,,5.83404375738149e-05,,True,3.552713678800501e-15,-1.7763568394002505e-15,-3.552713678800501e-15,5.563991821807356e-16,3.1264716698930823e-15,-7.801421692859664e-16,-2.220446049250313e-16,True,8.766321002440237e-08
Jakobsen,40.0,0.3,0.21,HCO3-,0.002,direct_positive,0.0001100976352772862,-1.259252004549221,6.115524028614181e-05,-1.5145963187586213,True,2.6262362060683726e-15,1.7763568394002505e-15,1.7763568394002505e-15,4.94577051459739e-16,2.6262362060683726e-15,-7.162673508933523e-16,-1.1102230246251565e-16,True,6.667615082278644e-08
Bottinger,40.0,0.3,0.236,HCO3-,0.0,direct_zero,0.00013576683166680286,,7.79565569236988e-05,,True,7.105427357601002e-15,-3.552713678800501e-15,-7.105427357601002e-15,1.8546639586606437e-16,-3.7517660404012996e-16,-2.2217328671455626e-17,-2.220446049250313e-16,True,5.6917539126288836e-08
Jakobsen,40.0,0.3,0.25,HCO3-,0.0004,direct_positive,0.0001517661370113651,-0.42088511140016094,8.880385965058913e-05,-0.653628149552449,True,5.329070518200751e-15,-3.552713678800501e-15,-5.329070518200751e-15,3.091106616836697e-17,-2.876353982051824e-15,-6.133914692785321e-17,0.0,True,9.109026066767001e-08
Bottinger,40.0,0.3,0.28,HCO3-,0.0,direct_zero,0.00019277627516422647,,0.000117758949899,,True,3.552713678800501e-15,3.552713678800501e-15,-1.7763568394002505e-15,0.0,-2.501177423130561e-15,-5.819974287385151e-17,0.0,True,6.282397890799984e-08
Jakobsen,40.0,0.3,0.29,HCO3-,0.0003,direct_positive,0.000208994186365431,-0.15698704930013782,0.0001296150703738,-0.364465754730816,True,7.105427357601002e-15,7.105427357601002e-15,7.105427357601002e-15,1.2364426810052864e-16,-3.5016484230316815e-15,2.7047183646990637e-17,-1.1102230246251565e-16,True,7.361801124261548e-08
Bottinger,40.0,0.3,0.343,HCO3-,0.0,direct_zero,0.00032829240327829085,,0.0002222644915936,,True,3.552713678800501e-15,1.7763568394002505e-15,-3.552713678800501e-15,1.8546641815430146e-16,-1.6257654795486022e-15,-3.7672866187592486e-17,2.220446049250313e-16,True,8.603040058119404e-08
Bottinger,40.0,0.3,0.354,HCO3-,0.0,direct_zero,0.0003634655351991263,,0.0002510169615452,,True,1.3756477586223593e-15,0.0,8.881784197001252e-16,0.0,-1.3756477586223593e-15,1.8353448232338313e-17,2.220446049250313e-16,True,9.459455441174215e-08
Jakobsen,40.0,0.3,0.4,HCO3-,0.0012,direct_positive,0.000588255131884267,-0.3096155214374798,0.0004446311722796,-0.4311813390241782,True,3.552713678800501e-15,1.7763568394002505e-15,-3.552713678800501e-15,0.0,-1.7508249275225121e-15,2.8979137187192436e-17,0.0,True,8.577321963798569e-08
Bottinger,40.0,0.3,0.46,HCO3-,0.0,direct_zero,0.001466467746997323,,0.0012758413981048,,True,2.6645352591003757e-15,-1.7763568394002505e-15,-2.6645352591003757e-15,6.182231324241699e-17,0.0,7.148204968654466e-17,0.0,True,7.77108475347177e-08
Bottinger,40.0,0.3,0.466,HCO3-,0.004,direct_positive,0.0016628319193500373,-0.3812116387939196,0.0014701741212263,-0.4346912175256794,True,3.552713678800501e-15,3.552713678800501e-15,2.6645352591003757e-15,0.0,-1.2505934228035164e-16,-1.255766817632143e-16,-1.1102230246251565e-16,True,5.99487179897551e-08
Bottinger,40.0,0.3,0.487,HCO3-,0.0052,direct_positive,0.00277137949660556,-0.27330734401752804,0.0025967029197257,-0.30158107737242973,True,6.215492971022626e-14,1.4210854715202004e-14,2.1316282072803006e-14,-6.182280067040835e-17,-6.215492971022626e-14,-4.984463304051674e-16,0.0,True,6.168896504732403e-08
Bottinger,40.0,0.3,0.508,HCO3-,0.0091,direct_positive,0.004934221813886848,-0.2658227233769913,0.0048451628090401,-0.2737330173574792,True,4.139597011646189e-14,-7.105427357601002e-15,-1.7763568394002505e-15,3.7094609694659875e-16,-4.139597011646189e-14,-1.0973822034670213e-15,-1.1102230246251565e-16,True,6.020253451310964e-08
Jakobsen,40.0,0.3,0.6,HCO3-,0.0151,direct_positive,0.021210596028412073,0.1475759252881474,0.0217687939938843,0.15885742220225174,True,1.7763568394002505e-15,0.0,1.7763568394002505e-15,0.0,2.5034952923651463e-16,3.0939712387619904e-17,0.0,True,8.193726941385648e-08
Bottinger,40.0,0.3,0.663,HCO3-,0.0428,direct_positive,0.0316834862122987,-0.1306108069712186,0.0330471874913035,-0.11230926461609039,True,3.552713678800501e-15,-3.552713678800501e-15,-1.7763568394002505e-15,0.0,-2.507675853889399e-16,1.239655132044095e-16,0.0,True,7.81676163796874e-08
Bottinger,40.0,0.3,0.683,HCO3-,0.0382,direct_positive,0.0346436889648367,-0.04243923211341426,0.0363187770450975,-0.021932146727525293,True,1.860828130687695e-16,0.0,0.0,1.24055208712513e-16,0.0,1.860828130687695e-16,-1.1102230246251565e-16,True,6.805083430094784e-08
Bottinger,40.0,0.3,0.762,HCO3-,0.0596,direct_positive,0.044640881589889214,-0.1255134970669055,0.0476655450570189,-0.09704169618249862,True,2.6645352591003757e-14,2.6645352591003757e-14,7.105427357601002e-15,4.85606253489621e-15,3.274413571150899e-15,-2.116745207518861e-15,2.220446049250313e-16,True,5.55092292131576e-08
Jakobsen,40.0,0.3,0.78,HCO3-,0.0448,direct_positive,0.0465706095772063,0.01683390858746205,0.0499093464536435,0.04690386896285661,True,5.329070518200751e-15,-5.329070518200751e-15,-2.6645352591003757e-15,-1.2464018093819137e-16,2.5213235849532255e-16,4.985607237527655e-16,-1.1102230246251565e-16,True,8.946773277784814e-08
Jakobsen,40.0,0.3,0.99,HCO3-,0.0696,direct_positive,0.06220617677579083,-0.04877572941402272,0.0687354575689693,-0.005428411517167595,True,7.105427357601002e-15,-7.105427357601002e-15,-2.6645352591003757e-15,0.0,2.5592697322666647e-16,1.8977404035107504e-16,0.0,True,6.472841818094821e-08
Jakobsen,40.0,0.3,0.11,MEA,0.0985,direct_positive,0.08758991594497438,-0.050982120922474713,0.0875389156407759,-0.05123506786575489,True,8.881784197001252e-14,-4.796163466380676e-14,-8.881784197001252e-14,5.458894130423479e-14,4.5521426945900235e-14,-6.944587392568313e-14,0.0,True,8.120420602608648e-08
Bottinger,40.0,0.3,0.125,MEA,,not_observed,0.08423053148495445,,0.0841813005843382,,True,5.03987227394159e-14,-4.263256414560601e-14,4.440892098500626e-14,3.033921061298444e-14,5.03987227394159e-14,-3.9666201961505025e-14,0.0,True,7.89723415550725e-08
Bottinger,40.0,0.3,0.205,MEA,,not_observed,0.06632709234428136,,0.0662707954850505,,True,3.552713678800501e-15,-1.7763568394002505e-15,-3.552713678800501e-15,5.563991821807356e-16,3.1264716698930823e-15,-7.801421692859664e-16,-2.220446049250313e-16,True,8.766321002440237e-08
Jakobsen,40.0,0.3,0.21,MEA,0.0715,direct_positive,0.06520912247583005,-0.0399976858884992,0.0651517534227781,-0.040379933470209003,True,2.6262362060683726e-15,1.7763568394002505e-15,1.7763568394002505e-15,4.94577051459739e-16,2.6262362060683726e-15,-7.162673508933523e-16,-1.1102230246251565e-16,True,6.667615082278644e-08
Bottinger,40.0,0.3,0.236,MEA,,not_observed,0.0593983466992764,,0.0593344641159626,,True,7.105427357601002e-15,-3.552713678800501e-15,-7.105427357601002e-15,1.8546639586606437e-16,-3.7517660404012996e-16,-2.2217328671455626e-17,-2.220446049250313e-16,True,5.6917539126288836e-08
Jakobsen,40.0,0.3,0.25,MEA,0.0559,direct_positive,0.05627164804502867,0.0028778267696268787,0.0562036255142858,0.0023525235200580956,True,5.329070518200751e-15,-3.552713678800501e-15,-5.329070518200751e-15,3.091106616836697e-17,-2.876353982051824e-15,-6.133914692785321e-17,0.0,True,9.109026066767001e-08
Bottinger,40.0,0.3,0.28,MEA,,not_observed,0.04957831674978822,,0.0494999430694444,,True,3.552713678800501e-15,3.552713678800501e-15,-1.7763568394002505e-15,0.0,-2.501177423130561e-15,-5.819974287385151e-17,0.0,True,6.282397890799984e-08
Jakobsen,40.0,0.3,0.29,MEA,0.0563,direct_positive,0.04734975898782074,-0.07519062208282304,0.0472674735460854,-0.0759460050366235,True,7.105427357601002e-15,7.105427357601002e-15,7.105427357601002e-15,1.2364426810052864e-16,-3.5016484230316815e-15,2.7047183646990637e-17,-1.1102230246251565e-16,True,7.361801124261548e-08
Bottinger,40.0,0.3,0.343,MEA,,not_observed,0.03557182518395944,,0.0354645168305802,,True,3.552713678800501e-15,1.7763568394002505e-15,-3.552713678800501e-15,1.8546641815430146e-16,-1.6257654795486022e-15,-3.7672866187592486e-17,2.220446049250313e-16,True,8.603040058119404e-08
Bottinger,40.0,0.3,0.354,MEA,,not_observed,0.033137791085783574,,0.0330242621334808,,True,1.3756477586223593e-15,0.0,8.881784197001252e-16,0.0,-1.3756477586223593e-15,1.8353448232338313e-17,2.220446049250313e-16,True,9.459455441174215e-08
Jakobsen,40.0,0.3,0.4,MEA,0.0376,direct_positive,0.023037108451376537,-0.21275987809398317,0.0228927546090234,-0.2154897918983045,True,3.552713678800501e-15,1.7763568394002505e-15,-3.552713678800501e-15,0.0,-1.7508249275225121e-15,2.8979137187192436e-17,0.0,True,8.577321963798569e-08
Bottinger,40.0,0.3,0.46,MEA,,not_observed,0.01045152684023985,,0.0102582617606164,,True,2.6645352591003757e-15,-1.7763568394002505e-15,-2.6645352591003757e-15,6.182231324241699e-17,0.0,7.148204968654466e-17,0.0,True,7.77108475347177e-08
Bottinger,40.0,0.3,0.466,MEA,,not_observed,0.009302732598475067,,0.0091067709684978,,True,3.552713678800501e-15,3.552713678800501e-15,2.6645352591003757e-15,0.0,-1.2505934228035164e-16,-1.255766817632143e-16,-1.1102230246251565e-16,True,5.99487179897551e-08
Bottinger,40.0,0.3,0.487,MEA,,not_observed,0.005711261238805604,,0.0055284295510315,,True,6.215492971022626e-14,1.4210854715202004e-14,2.1316282072803006e-14,-6.182280067040835e-17,-6.215492971022626e-14,-4.984463304051674e-16,0.0,True,6.168896504732403e-08
Bottinger,40.0,0.3,0.508,MEA,,not_observed,0.0032102379706560632,,0.0030981825937887,,True,4.139597011646189e-14,-7.105427357601002e-15,-1.7763568394002505e-15,3.7094609694659875e-16,-4.139597011646189e-14,-1.0973822034670213e-15,-1.1102230246251565e-16,True,6.020253451310964e-08
Jakobsen,40.0,0.3,0.6,MEA,0.0028,direct_positive,0.0006352578718458809,-0.644207975993607,0.0006924864777256,-0.6067467340483212,True,1.7763568394002505e-15,0.0,1.7763568394002505e-15,0.0,2.5034952923651463e-16,3.0939712387619904e-17,0.0,True,8.193726941385648e-08
Bottinger,40.0,0.3,0.663,MEA,,not_observed,0.00037111525560411685,,0.0004371298580428,,True,3.552713678800501e-15,-3.552713678800501e-15,-1.7763568394002505e-15,0.0,-2.507675853889399e-16,1.239655132044095e-16,0.0,True,7.81676163796874e-08
Bottinger,40.0,0.3,0.683,MEA,,not_observed,0.0003253022111998832,,0.0003910273515571,,True,1.860828130687695e-16,0.0,0.0,1.24055208712513e-16,0.0,1.860828130687695e-16,-1.1102230246251565e-16,True,6.805083430094784e-08
Bottinger,40.0,0.3,0.762,MEA,,not_observed,0.00021522863965346684,,0.00027470005268,,True,2.6645352591003757e-14,2.6645352591003757e-14,7.105427357601002e-15,4.85606253489621e-15,3.274413571150899e-15,-2.116745207518861e-15,2.220446049250313e-16,True,5.55092292131576e-08
Jakobsen,40.0,0.3,0.78,MEA,0.0012,direct_positive,0.00019935938121551852,-0.7795445690576285,0.0002568371764492,-0.6695233592124195,True,5.329070518200751e-15,-5.329070518200751e-15,-2.6645352591003757e-15,-1.2464018093819137e-16,2.5213235849532255e-16,4.985607237527655e-16,-1.1102230246251565e-16,True,8.946773277784814e-08
Jakobsen,40.0,0.3,0.99,MEA,0.0014,direct_positive,0.00010574443171018638,-1.1218705281059516,0.0001383685361793,-1.005090689178845,True,7.105427357601002e-15,-7.105427357601002e-15,-2.6645352591003757e-15,0.0,2.5592697322666647e-16,1.8977404035107504e-16,0.0,True,6.472841818094821e-08
Jakobsen,40.0,0.3,0.11,MEA + MEAH+,0.105,direct_positive,0.09993627427266252,-0.021466144607605486,0.1001861570567955,-0.020381580823817056,True,8.881784197001252e-14,-4.796163466380676e-14,-8.881784197001252e-14,5.458894130423479e-14,4.5521426945900235e-14,-6.944587392568313e-14,0.0,True,8.120420602608648e-08
Bottinger,40.0,0.3,0.125,MEA + MEAH+,0.1009,direct_positive,0.098260483474658,-0.011512269557794637,0.0985135227139796,-0.010395317089878009,True,5.03987227394159e-14,-4.263256414560601e-14,4.440892098500626e-14,3.033921061298444e-14,5.03987227394159e-14,-3.9666201961505025e-14,0.0,True,7.89723415550725e-08
Bottinger,40.0,0.3,0.205,MEA + MEAH+,0.0934,direct_positive,0.08933620405616285,-0.019319381110678754,0.0895812701440308,-0.018129660355927717,True,3.552713678800501e-15,-1.7763568394002505e-15,-3.552713678800501e-15,5.563991821807356e-16,3.1264716698930823e-15,-7.801421692859664e-16,-2.220446049250313e-16,True,8.766321002440237e-08
Jakobsen,40.0,0.3,0.21,MEA + MEAH+,0.0875,direct_positive,0.0887794310899276,0.006304304660763088,0.0890230738074624,0.007494532594518338,True,2.6262362060683726e-15,1.7763568394002505e-15,1.7763568394002505e-15,4.94577051459739e-16,2.6262362060683726e-15,-7.162673508933523e-16,-1.1102230246251565e-16,True,6.667615082278644e-08
Bottinger,40.0,0.3,0.236,MEA + MEAH+,0.0876,direct_positive,0.0858868773251879,-0.008577293217167884,0.0861218924475721,-0.007390541699076898,True,7.105427357601002e-15,-3.552713678800501e-15,-7.105427357601002e-15,1.8546639586606437e-16,-3.7517660404012996e-16,-2.2217328671455626e-17,-2.220446049250313e-16,True,5.6917539126288836e-08
Jakobsen,40.0,0.3,0.25,MEA + MEAH+,0.0777,direct_positive,0.08433152730453458,0.03556894698243336,0.0845611316587451,0.036749767582889684,True,5.329070518200751e-15,-3.552713678800501e-15,-5.329070518200751e-15,3.091106616836697e-17,-2.876353982051824e-15,-6.133914692785321e-17,0.0,True,9.109026066767001e-08
Bottinger,40.0,0.3,0.28,MEA + MEAH+,0.084,direct_positive,0.0810053656617122,-0.015765499280826982,0.0812217455399644,-0.014606967366513186,True,3.552713678800501e-15,3.552713678800501e-15,-1.7763568394002505e-15,0.0,-2.501177423130561e-15,-5.819974287385151e-17,0.0,True,6.282397890799984e-08
Jakobsen,40.0,0.3,0.29,MEA + MEAH+,0.0788,direct_positive,0.0798991952451289,0.006016187577128125,0.0801106826935469,0.007164215267755037,True,7.105427357601002e-15,7.105427357601002e-15,7.105427357601002e-15,1.2364426810052864e-16,-3.5016484230316815e-15,2.7047183646990637e-17,-1.1102230246251565e-16,True,7.361801124261548e-08
Bottinger,40.0,0.3,0.343,MEA + MEAH+,0.0758,direct_positive,0.07406987260919314,-0.010027607911362618,0.0742512329616751,-0.008965536006358191,True,3.552713678800501e-15,1.7763568394002505e-15,-3.552713678800501e-15,1.8546641815430146e-16,-1.6257654795486022e-15,-3.7672866187592486e-17,2.220446049250313e-16,True,8.603040058119404e-08
Bottinger,40.0,0.3,0.354,MEA + MEAH+,0.0749,direct_positive,0.07287044028382991,-0.011930424155733605,0.0730445582921997,-0.010893950498266072,True,1.3756477586223593e-15,0.0,8.881784197001252e-16,0.0,-1.3756477586223593e-15,1.8353448232338313e-17,2.220446049250313e-16,True,9.459455441174215e-08
Jakobsen,40.0,0.3,0.4,MEA + MEAH+,0.0849,direct_positive,0.06793247749924776,-0.0968302366331792,0.0680715365662661,-0.09594213627930252,True,3.552713678800501e-15,1.7763568394002505e-15,-3.552713678800501e-15,0.0,-1.7508249275225121e-15,2.8979137187192436e-17,0.0,True,8.577321963798569e-08
Bottinger,40.0,0.3,0.46,MEA + MEAH+,0.065,direct_positive,0.06207865328819867,-0.01997106971759404,0.0621615486575477,-0.019391530948948837,True,2.6645352591003757e-15,-1.7763568394002505e-15,-2.6645352591003757e-15,6.182231324241699e-17,0.0,7.148204968654466e-17,0.0,True,7.77108475347177e-08
Bottinger,40.0,0.3,0.466,MEA + MEAH+,0.0663,direct_positive,0.06160238999344481,-0.03191596655155425,0.0616814349821713,-0.031359059639607265,True,3.552713678800501e-15,3.552713678800501e-15,2.6645352591003757e-15,0.0,-1.2505934228035164e-16,-1.255766817632143e-16,-1.1102230246251565e-16,True,5.99487179897551e-08
Bottinger,40.0,0.3,0.487,MEA + MEAH+,0.0646,direct_positive,0.060360533899457995,-0.029479445464046274,0.0604472242058362,-0.028856155557051812,True,6.215492971022626e-14,1.4210854715202004e-14,2.1316282072803006e-14,-6.182280067040835e-17,-6.215492971022626e-14,-4.984463304051674e-16,0.0,True,6.168896504732403e-08
Bottinger,40.0,0.3,0.508,MEA + MEAH+,0.0647,direct_positive,0.06019003752812973,-0.03137966656380449,0.0603406017856634,-0.030294643525626486,True,4.139597011646189e-14,-7.105427357601002e-15,-1.7763568394002505e-15,3.7094609694659875e-16,-4.139597011646189e-14,-1.0973822034670213e-15,-1.1102230246251565e-16,True,6.020253451310964e-08
Jakobsen,40.0,0.3,0.6,MEA + MEAH+,0.0638,direct_positive,0.0669907873828243,0.021194403622947878,0.0674759229817182,0.024328155124295692,True,1.7763568394002505e-15,0.0,1.7763568394002505e-15,0.0,2.5034952923651463e-16,3.0939712387619904e-17,0.0,True,8.193726941385648e-08
Bottinger,40.0,0.3,0.663,MEA + MEAH+,0.0759,direct_positive,0.07200169009872202,-0.0228990851317929,0.0728745839728507,-0.01766568742598777,True,3.552713678800501e-15,-3.552713678800501e-15,-1.7763568394002505e-15,0.0,-2.507675853889399e-16,1.239655132044095e-16,0.0,True,7.81676163796874e-08
Bottinger,40.0,0.3,0.683,MEA + MEAH+,0.0739,direct_positive,0.0734184138484559,-0.002839440742577366,0.0744452526492115,0.003192569751284206,True,1.860828130687695e-16,0.0,0.0,1.24055208712513e-16,0.0,1.860828130687695e-16,-1.1102230246251565e-16,True,6.805083430094784e-08
Bottinger,40.0,0.3,0.762,MEA + MEAH+,0.0807,direct_positive,0.0781556863608062,-0.013912953322980448,0.079860978220117,-0.004538909141776017,True,2.6645352591003757e-14,2.6645352591003757e-14,7.105427357601002e-15,4.85606253489621e-15,3.274413571150899e-15,-2.116745207518861e-15,2.220446049250313e-16,True,5.55092292131576e-08
Jakobsen,40.0,0.3,0.78,MEA + MEAH+,0.0755,direct_positive,0.07905638877016107,0.01999002062148289,0.0809211031501016,0.030114842992765106,True,5.329070518200751e-15,-5.329070518200751e-15,-2.6645352591003757e-15,-1.2464018093819137e-16,2.5213235849532255e-16,4.985607237527655e-16,-1.1102230246251565e-16,True,8.946773277784814e-08
Jakobsen,40.0,0.3,0.99,MEA + MEAH+,0.0857,direct_positive,0.08600192813759125,0.0015273661823377422,0.0894987393475239,0.018836096093609114,True,7.105427357601002e-15,-7.105427357601002e-15,-2.6645352591003757e-15,0.0,2.5592697322666647e-16,1.8977404035107504e-16,0.0,True,6.472841818094821e-08
Jakobsen,40.0,0.3,0.11,MEACOO-,0.0103,direct_positive,0.012303369339454416,0.07718683674645131,0.0120600121644041,0.0685105211529331,True,8.881784197001252e-14,-4.796163466380676e-14,-8.881784197001252e-14,5.458894130423479e-14,4.5521426945900235e-14,-6.944587392568313e-14,0.0,True,8.120420602608648e-08
Bottinger,40.0,0.3,0.125,MEACOO-,0.0144,direct_positive,0.013979160027638767,-0.012881415558336001,0.0137326464918139,-0.020608251578471678,True,5.03987227394159e-14,-4.263256414560601e-14,4.440892098500626e-14,3.033921061298444e-14,5.03987227394159e-14,-3.9666201961505025e-14,0.0,True,7.89723415550725e-08
Bottinger,40.0,0.3,0.205,MEACOO-,0.0241,direct_positive,0.022903438156106518,-0.022116361101993963,0.0226648986312651,-0.026663261557424243,True,3.552713678800501e-15,-1.7763568394002505e-15,-3.552713678800501e-15,5.563991821807356e-16,3.1264716698930823e-15,-7.801421692859664e-16,-2.220446049250313e-16,True,8.766321002440237e-08
Jakobsen,40.0,0.3,0.21,MEACOO-,0.018,direct_positive,0.023460210978820343,0.1150594083252014,0.023223094743467,0.11064758887172726,True,2.6262362060683726e-15,1.7763568394002505e-15,1.7763568394002505e-15,4.94577051459739e-16,2.6262362060683726e-15,-7.162673508933523e-16,-1.1102230246251565e-16,True,6.667615082278644e-08
Bottinger,40.0,0.3,0.236,MEACOO-,0.0271,direct_positive,0.026352763794244713,-0.012143121510070451,0.0261242759756362,-0.015925027894748343,True,7.105427357601002e-15,-3.552713678800501e-15,-7.105427357601002e-15,1.8546639586606437e-16,-3.7517660404012996e-16,-2.2217328671455626e-17,-2.220446049250313e-16,True,5.6917539126288836e-08
Jakobsen,40.0,0.3,0.25,MEACOO-,0.0261,direct_positive,0.02790811312249455,0.029089967337737083,0.0276850363090924,0.0256045900898819,True,5.329070518200751e-15,-3.552713678800501e-15,-5.329070518200751e-15,3.091106616836697e-17,-2.876353982051824e-15,-6.133914692785321e-17,0.0,True,9.109026066767001e-08
Bottinger,40.0,0.3,0.28,MEACOO-,0.0327,direct_positive,0.031234272636759753,-0.01991635582532948,0.0310244219644967,-0.02284405402756964,True,3.552713678800501e-15,3.552713678800501e-15,-1.7763568394002505e-15,0.0,-2.501177423130561e-15,-5.819974287385151e-17,0.0,True,6.282397890799984e-08
Jakobsen,40.0,0.3,0.29,MEACOO-,0.0284,direct_positive,0.032340442070942714,0.05642761206196083,0.0321354843298282,0.05366650971631647,True,7.105427357601002e-15,7.105427357601002e-15,7.105427357601002e-15,1.2364426810052864e-16,-3.5016484230316815e-15,2.7047183646990637e-17,-1.1102230246251565e-16,True,7.361801124261548e-08
Bottinger,40.0,0.3,0.343,MEACOO-,0.0396,direct_positive,0.03816975502195541,-0.015975813321301515,0.0379949306858063,-0.017969529362459918,True,3.552713678800501e-15,1.7763568394002505e-15,-3.552713678800501e-15,1.8546641815430146e-16,-1.6257654795486022e-15,-3.7672866187592486e-17,2.220446049250313e-16,True,8.603040058119404e-08
Bottinger,40.0,0.3,0.354,MEACOO-,0.041,direct_positive,0.03936918366284722,-0.017627447121186836,0.0392016038189658,-0.019480021447278603,True,1.3756477586223593e-15,0.0,8.881784197001252e-16,0.0,-1.3756477586223593e-15,1.8353448232338313e-17,2.220446049250313e-16,True,9.459455441174215e-08
Jakobsen,40.0,0.3,0.4,MEACOO-,0.0495,direct_positive,0.04430711391598695,-0.048131737125443955,0.0441746104350444,-0.049432470673421526,True,3.552713678800501e-15,1.7763568394002505e-15,-3.552713678800501e-15,0.0,-1.7508249275225121e-15,2.8979137187192436e-17,0.0,True,8.577321963798569e-08
Bottinger,40.0,0.3,0.46,MEACOO-,0.0492,direct_positive,0.05016065870096149,0.008398128171617069,0.050084439276487,0.007737713198522127,True,2.6645352591003757e-15,-1.7763568394002505e-15,-2.6645352591003757e-15,6.182231324241699e-17,0.0,7.148204968654466e-17,0.0,True,7.77108475347177e-08
Bottinger,40.0,0.3,0.466,MEACOO-,0.0502,direct_positive,0.05063682547561972,0.003762753923596502,0.0505644932074839,0.003141941652118469,True,3.552713678800501e-15,3.552713678800501e-15,2.6645352591003757e-15,0.0,-1.2505934228035164e-16,-1.255766817632143e-16,-1.1102230246251565e-16,True,5.99487179897551e-08
Bottinger,40.0,0.3,0.487,MEACOO-,0.0511,direct_positive,0.05187789316404689,0.006561430311101199,0.0517981831552028,0.0058936268014892716,True,6.215492971022626e-14,1.4210854715202004e-14,2.1316282072803006e-14,-6.182280067040835e-17,-6.215492971022626e-14,-4.984463304051674e-16,0.0,True,6.168896504732403e-08
Bottinger,40.0,0.3,0.508,MEACOO-,0.0483,direct_positive,0.052045577743586945,0.03243670313059593,0.0519028157220198,0.031243788163715754,True,4.139597011646189e-14,-7.105427357601002e-15,-1.7763568394002505e-15,3.7094609694659875e-16,-4.139597011646189e-14,-1.0973822034670213e-15,-1.1102230246251565e-16,True,6.020253451310964e-08
Jakobsen,40.0,0.3,0.6,MEACOO-,0.0494,direct_positive,0.04514493348256633,-0.03911793146194342,0.0446940478150767,-0.0434772596438395,True,1.7763568394002505e-15,0.0,1.7763568394002505e-15,0.0,2.5034952923651463e-16,3.0939712387619904e-17,0.0,True,8.193726941385648e-08
Bottinger,40.0,0.3,0.663,MEACOO-,0.0347,direct_positive,0.039947088630819194,0.06115565835491321,0.0391521073863578,0.052425668400909106,True,3.552713678800501e-15,-3.552713678800501e-15,-1.7763568394002505e-15,0.0,-2.507675853889399e-16,1.239655132044095e-16,0.0,True,7.81676163796874e-08
Bottinger,40.0,0.3,0.683,MEACOO-,0.0323,direct_positive,0.038449422672419305,0.07568730081636191,0.0375174607374732,0.06503091438492785,True,1.860828130687695e-16,0.0,0.0,1.24055208712513e-16,0.0,1.860828130687695e-16,-1.1102230246251565e-16,True,6.805083430094784e-08
Bottinger,40.0,0.3,0.762,MEACOO-,0.0188,direct_positive,0.03329957613126376,0.24828085616381743,0.0317622401852862,0.22775327628603223,True,2.6645352591003757e-14,2.6645352591003757e-14,7.105427357601002e-15,4.85606253489621e-15,3.274413571150899e-15,-2.116745207518861e-15,2.220446049250313e-16,True,5.55092292131576e-08
Jakobsen,40.0,0.3,0.78,MEACOO-,0.0388,direct_positive,0.03228641981173919,-0.07981183611158807,0.0306065246555965,-0.10301770696012204,True,5.329070518200751e-15,-5.329070518200751e-15,-2.6645352591003757e-15,-1.2464018093819137e-16,2.5213235849532255e-16,4.985607237527655e-16,-1.1102230246251565e-16,True,8.946773277784814e-08
Jakobsen,40.0,0.3,0.99,MEACOO-,0.0312,direct_positive,0.023690006930090216,-0.11958940625053208,0.0205448444122233,-0.1814517373555116,True,7.105427357601002e-15,-7.105427357601002e-15,-2.6645352591003757e-15,0.0,2.5592697322666647e-16,1.8977404035107504e-16,0.0,True,6.472841818094821e-08
Jakobsen,40.0,0.3,0.11,MEAH+,0.0065,direct_positive,0.012346358327688137,0.2786255206763429,0.0126472414160195,0.2890824519956554,True,8.881784197001252e-14,-4.796163466380676e-14,-8.881784197001252e-14,5.458894130423479e-14,4.5521426945900235e-14,-6.944587392568313e-14,0.0,True,8.120420602608648e-08
Bottinger,40.0,0.3,0.125,MEAH+,,not_observed,0.014029951989703549,,0.0143322221296414,,True,5.03987227394159e-14,-4.263256414560601e-14,4.440892098500626e-14,3.033921061298444e-14,5.03987227394159e-14,-3.9666201961505025e-14,0.0,True,7.89723415550725e-08
Bottinger,40.0,0.3,0.205,MEAH+,,not_observed,0.023009111711881497,,0.0233104746589803,,True,3.552713678800501e-15,-1.7763568394002505e-15,-3.552713678800501e-15,5.563991821807356e-16,3.1264716698930823e-15,-7.801421692859664e-16,-2.220446049250313e-16,True,8.766321002440237e-08
Jakobsen,40.0,0.3,0.21,MEAH+,0.016,direct_positive,0.02357030861409755,0.16824528627154503,0.0238713203846843,0.17375645897014177,True,2.6262362060683726e-15,1.7763568394002505e-15,1.7763568394002505e-15,4.94577051459739e-16,2.6262362060683726e-15,-7.162673508933523e-16,-1.1102230246251565e-16,True,6.667615082278644e-08
Bottinger,40.0,0.3,0.236,MEAH+,,not_observed,0.026488530625911513,,0.0267874283316094,,True,7.105427357601002e-15,-3.552713678800501e-15,-7.105427357601002e-15,1.8546639586606437e-16,-3.7517660404012996e-16,-2.2217328671455626e-17,-2.220446049250313e-16,True,5.6917539126288836e-08
Jakobsen,40.0,0.3,0.25,MEAH+,0.0218,direct_positive,0.02805987925950591,0.10962930434065349,0.0283575061444593,0.11421154125187817,True,5.329070518200751e-15,-3.552713678800501e-15,-5.329070518200751e-15,3.091106616836697e-17,-2.876353982051824e-15,-6.133914692785321e-17,0.0,True,9.109026066767001e-08
Bottinger,40.0,0.3,0.28,MEAH+,,not_observed,0.03142704891192397,,0.03172180247052,,True,3.552713678800501e-15,3.552713678800501e-15,-1.7763568394002505e-15,0.0,-2.501177423130561e-15,-5.819974287385151e-17,0.0,True,6.282397890799984e-08
Jakobsen,40.0,0.3,0.29,MEAH+,0.0225,direct_positive,0.03254943625730815,0.16036095305827217,0.0328432091474614,0.164263067819023,True,7.105427357601002e-15,7.105427357601002e-15,7.105427357601002e-15,1.2364426810052864e-16,-3.5016484230316815e-15,2.7047183646990637e-17,-1.1102230246251565e-16,True,7.361801124261548e-08
Bottinger,40.0,0.3,0.343,MEAH+,,not_observed,0.038498047425233696,,0.0387867161310949,,True,3.552713678800501e-15,1.7763568394002505e-15,-3.552713678800501e-15,1.8546641815430146e-16,-1.6257654795486022e-15,-3.7672866187592486e-17,2.220446049250313e-16,True,8.603040058119404e-08
Bottinger,40.0,0.3,0.354,MEAH+,,not_observed,0.039732649198046345,,0.0400202961587189,,True,1.3756477586223593e-15,0.0,8.881784197001252e-16,0.0,-1.3756477586223593e-15,1.8353448232338313e-17,2.220446049250313e-16,True,9.459455441174215e-08
Jakobsen,40.0,0.3,0.4,MEAH+,0.0473,direct_positive,0.04489536904787122,-0.02265959484984006,0.0451787819572427,-0.01992662279399551,True,3.552713678800501e-15,1.7763568394002505e-15,-3.552713678800501e-15,0.0,-1.7508249275225121e-15,2.8979137187192436e-17,0.0,True,8.577321963798569e-08
Bottinger,40.0,0.3,0.46,MEAH+,,not_observed,0.05162712644795882,,0.0519032868969312,,True,2.6645352591003757e-15,-1.7763568394002505e-15,-2.6645352591003757e-15,6.182231324241699e-17,0.0,7.148204968654466e-17,0.0,True,7.77108475347177e-08
Bottinger,40.0,0.3,0.466,MEAH+,,not_observed,0.052299657394969744,,0.0525746640136735,,True,3.552713678800501e-15,3.552713678800501e-15,2.6645352591003757e-15,0.0,-1.2505934228035164e-16,-1.255766817632143e-16,-1.1102230246251565e-16,True,5.99487179897551e-08
Bottinger,40.0,0.3,0.487,MEAH+,,not_observed,0.05464927266065239,,0.0549187946548046,,True,6.215492971022626e-14,1.4210854715202004e-14,2.1316282072803006e-14,-6.182280067040835e-17,-6.215492971022626e-14,-4.984463304051674e-16,0.0,True,6.168896504732403e-08
Bottinger,40.0,0.3,0.508,MEAH+,,not_observed,0.05697979955747367,,0.0572424191918746,,True,4.139597011646189e-14,-7.105427357601002e-15,-1.7763568394002505e-15,3.7094609694659875e-16,-4.139597011646189e-14,-1.0973822034670213e-15,-1.1102230246251565e-16,True,6.020253451310964e-08
Jakobsen,40.0,0.3,0.6,MEAH+,0.061,direct_positive,0.06635552951097841,0.036547284142136954,0.0667834365039926,0.03933892796037655,True,1.7763568394002505e-15,0.0,1.7763568394002505e-15,0.0,2.5034952923651463e-16,3.0939712387619904e-17,0.0,True,8.193726941385648e-08
Bottinger,40.0,0.3,0.663,MEAH+,,not_observed,0.07163057484311791,,0.0724374541148078,,True,3.552713678800501e-15,-3.552713678800501e-15,-1.7763568394002505e-15,0.0,-2.507675853889399e-16,1.239655132044095e-16,0.0,True,7.81676163796874e-08
Bottinger,40.0,0.3,0.683,MEAH+,,not_observed,0.07309311163725603,,0.0740542252976543,,True,1.860828130687695e-16,0.0,0.0,1.24055208712513e-16,0.0,1.860828130687695e-16,-1.1102230246251565e-16,True,6.805083430094784e-08
Bottinger,40.0,0.3,0.762,MEAH+,,not_observed,0.07794045772115274,,0.0795862781674369,,True,2.6645352591003757e-14,2.6645352591003757e-14,7.105427357601002e-15,4.85606253489621e-15,3.274413571150899e-15,-2.116745207518861e-15,2.220446049250313e-16,True,5.55092292131576e-08
Jakobsen,40.0,0.3,0.78,MEAH+,0.0743,direct_positive,0.07885702938894555,0.02585159904398285,0.0806642659736523,0.035692372418662056,True,5.329070518200751e-15,-5.329070518200751e-15,-2.6645352591003757e-15,-1.2464018093819137e-16,2.5213235849532255e-16,4.985607237527655e-16,-1.1102230246251565e-16,True,8.946773277784814e-08
Jakobsen,40.0,0.3,0.99,MEAH+,0.0843,direct_positive,0.08589618370588106,0.008146294302018436,0.0893603708113446,0.02531738764246406,True,7.105427357601002e-15,-7.105427357601002e-15,-2.6645352591003757e-15,0.0,2.5592697322666647e-16,1.8977404035107504e-16,0.0,True,6.472841818094821e-08
Jakobsen,40.0,0.3,0.11,OH-,,not_observed,,,3.452455841153317e-05,,True,8.881784197001252e-14,-4.796163466380676e-14,-8.881784197001252e-14,5.458894130423479e-14,4.5521426945900235e-14,-6.944587392568313e-14,0.0,True,8.120420602608648e-08
Bottinger,40.0,0.3,0.125,OH-,,not_observed,,,2.901982296273257e-05,,True,5.03987227394159e-14,-4.263256414560601e-14,4.440892098500626e-14,3.033921061298444e-14,5.03987227394159e-14,-3.9666201961505025e-14,0.0,True,7.89723415550725e-08
Bottinger,40.0,0.3,0.205,OH-,,not_observed,,,1.2792453592940024e-05,,True,3.552713678800501e-15,-1.7763568394002505e-15,-3.552713678800501e-15,5.563991821807356e-16,3.1264716698930823e-15,-7.801421692859664e-16,-2.220446049250313e-16,True,8.766321002440237e-08
Jakobsen,40.0,0.3,0.21,OH-,,not_observed,,,1.2188066821345028e-05,,True,2.6262362060683726e-15,1.7763568394002505e-15,1.7763568394002505e-15,4.94577051459739e-16,2.6262362060683726e-15,-7.162673508933523e-16,-1.1102230246251565e-16,True,6.667615082278644e-08
Bottinger,40.0,0.3,0.236,OH-,,not_observed,,,9.482917329424735e-06,,True,7.105427357601002e-15,-3.552713678800501e-15,-7.105427357601002e-15,1.8546639586606437e-16,-3.7517660404012996e-16,-2.2217328671455626e-17,-2.220446049250313e-16,True,5.6917539126288836e-08
Jakobsen,40.0,0.3,0.25,OH-,,not_observed,,,8.279696102792704e-06,,True,5.329070518200751e-15,-3.552713678800501e-15,-5.329070518200751e-15,3.091106616836697e-17,-2.876353982051824e-15,-6.133914692785321e-17,0.0,True,9.109026066767001e-08
Bottinger,40.0,0.3,0.28,OH-,,not_observed,,,6.159579155633752e-06,,True,3.552713678800501e-15,3.552713678800501e-15,-1.7763568394002505e-15,0.0,-2.501177423130561e-15,-5.819974287385151e-17,0.0,True,6.282397890799984e-08
Jakobsen,40.0,0.3,0.29,OH-,,not_observed,,,5.567686693984799e-06,,True,7.105427357601002e-15,7.105427357601002e-15,7.105427357601002e-15,1.2364426810052864e-16,-3.5016484230316815e-15,2.7047183646990637e-17,-1.1102230246251565e-16,True,7.361801124261548e-08
Bottinger,40.0,0.3,0.343,OH-,,not_observed,,,3.1456083069167898e-06,,True,3.552713678800501e-15,1.7763568394002505e-15,-3.552713678800501e-15,1.8546641815430146e-16,-1.6257654795486022e-15,-3.7672866187592486e-17,2.220446049250313e-16,True,8.603040058119404e-08
Bottinger,40.0,0.3,0.354,OH-,,not_observed,,,2.764180526173728e-06,,True,1.3756477586223593e-15,0.0,8.881784197001252e-16,0.0,-1.3756477586223593e-15,1.8353448232338313e-17,2.220446049250313e-16,True,9.459455441174215e-08
Jakobsen,40.0,0.3,0.4,OH-,,not_observed,,,1.504621591371797e-06,,True,3.552713678800501e-15,1.7763568394002505e-15,-3.552713678800501e-15,0.0,-1.7508249275225121e-15,2.8979137187192436e-17,0.0,True,8.577321963798569e-08
Bottinger,40.0,0.3,0.46,OH-,,not_observed,,,4.910414668621569e-07,,True,2.6645352591003757e-15,-1.7763568394002505e-15,-2.6645352591003757e-15,6.182231324241699e-17,0.0,7.148204968654466e-17,0.0,True,7.77108475347177e-08
Bottinger,40.0,0.3,0.466,OH-,,not_observed,,,4.223878785630556e-07,,True,3.552713678800501e-15,3.552713678800501e-15,2.6645352591003757e-15,0.0,-1.2505934228035164e-16,-1.255766817632143e-16,-1.1102230246251565e-16,True,5.99487179897551e-08
Bottinger,40.0,0.3,0.487,OH-,,not_observed,,,2.3016179727484798e-07,,True,6.215492971022626e-14,1.4210854715202004e-14,2.1316282072803006e-14,-6.182280067040835e-17,-6.215492971022626e-14,-4.984463304051674e-16,0.0,True,6.168896504732403e-08
Bottinger,40.0,0.3,0.508,OH-,,not_observed,,,1.1670559419759046e-07,,True,4.139597011646189e-14,-7.105427357601002e-15,-1.7763568394002505e-15,3.7094609694659875e-16,-4.139597011646189e-14,-1.0973822034670213e-15,-1.1102230246251565e-16,True,6.020253451310964e-08
Jakobsen,40.0,0.3,0.6,OH-,,not_observed,,,1.8530997891881477e-08,,True,1.7763568394002505e-15,0.0,1.7763568394002505e-15,0.0,2.5034952923651463e-16,3.0939712387619904e-17,0.0,True,8.193726941385648e-08
Bottinger,40.0,0.3,0.663,OH-,,not_observed,,,9.815840753511441e-09,,True,3.552713678800501e-15,-3.552713678800501e-15,-1.7763568394002505e-15,0.0,-2.507675853889399e-16,1.239655132044095e-16,0.0,True,7.81676163796874e-08
Bottinger,40.0,0.3,0.683,OH-,,not_observed,,,8.382037715920291e-09,,True,1.860828130687695e-16,0.0,0.0,1.24055208712513e-16,0.0,1.860828130687695e-16,-1.1102230246251565e-16,True,6.805083430094784e-08
Bottinger,40.0,0.3,0.762,OH-,,not_observed,,,5.110343086515335e-09,,True,2.6645352591003757e-14,2.6645352591003757e-14,7.105427357601002e-15,4.85606253489621e-15,3.274413571150899e-15,-2.116745207518861e-15,2.220446049250313e-16,True,5.55092292131576e-08
Jakobsen,40.0,0.3,0.78,OH-,,not_observed,,,4.666877836735228e-09,,True,5.329070518200751e-15,-5.329070518200751e-15,-2.6645352591003757e-15,-1.2464018093819137e-16,2.5213235849532255e-16,4.985607237527655e-16,-1.1102230246251565e-16,True,8.946773277784814e-08
Jakobsen,40.0,0.3,0.99,OH-,,not_observed,,,2.292710442352791e-09,,True,7.105427357601002e-15,-7.105427357601002e-15,-2.6645352591003757e-15,0.0,2.5592697322666647e-16,1.8977404035107504e-16,0.0,True,6.472841818094821e-08
Bottinger,60.0,0.3,0.131,CO2,,not_observed,3.3660317435430194e-08,,8.129038155831467e-09,,True,4.8772958963297676e-15,0.0,-1.7763568394002505e-15,7.727766563830515e-17,4.8772958963297676e-15,-4.0063639779358824e-16,0.0,True,7.219253816970196e-08
Bottinger,60.0,0.3,0.203,CO2,,not_observed,1.2395130726788303e-07,,3.2522962362831666e-08,,True,1.7763568394002505e-15,1.7763568394002505e-15,1.7763568394002505e-15,0.0,5.002355217134049e-16,9.659709076972829e-17,0.0,True,8.163369003000298e-08
Bottinger,60.0,0.3,0.277,CO2,,not_observed,4.035879007201546e-07,,1.2183639708835164e-07,,True,2.6645352591003757e-15,1.7763568394002505e-15,2.6645352591003757e-15,-6.182215538036514e-17,0.0,1.091547430934572e-16,2.220446049250313e-16,True,9.714498716562049e-08
Bottinger,60.0,0.3,0.415,CO2,,not_observed,5.269973327170245e-06,,2.446663368913544e-06,,True,1.7763568394002505e-15,-1.7763568394002505e-15,1.7763568394002505e-15,-1.2364491246477325e-16,0.0,7.53461185332212e-17,-1.1102230246251565e-16,True,7.966781367940713e-08
Bottinger,60.0,0.3,0.489,CO2,,not_observed,5.2037420208925134e-05,,3.832800152172892e-05,,True,1.7763568394002505e-15,0.0,-1.7763568394002505e-15,6.182534766128708e-17,3.7519611901952475e-16,-7.728168457660885e-17,0.0,True,5.5056535330777485e-08
Bottinger,60.0,0.3,0.559,CO2,,not_observed,0.0005447588573346836,,0.0005457821562951,,True,8.881784197001252e-16,0.0,8.881784197001252e-16,0.0,2.502540579689416e-16,1.546395673482355e-17,0.0,True,9.72131566356893e-08
Bottinger,60.0,0.3,0.613,CO2,,not_observed,0.0016791361140544086,,0.0017118124438778,,True,5.329070518200751e-15,5.329070518200751e-15,1.7763568394002505e-15,1.238522256042005e-16,-2.505384179598335e-16,-3.0963056401050125e-17,-1.1102230246251565e-16,True,9.794593580636501e-08
Bottinger,60.0,0.3,0.766,CO2,,not_observed,0.008642280527170764,,0.0085706168658775,,True,8.881784197001252e-15,8.881784197001252e-15,7.105427357601002e-15,3.741664338634467e-16,5.045963226821561e-16,-1.247221446211489e-16,0.0,True,9.821055968473048e-08
Bottinger,60.0,0.3,0.131,CO3^2-,,not_observed,,,0.0001345094421912,,True,4.8772958963297676e-15,0.0,-1.7763568394002505e-15,7.727766563830515e-17,4.8772958963297676e-15,-4.0063639779358824e-16,0.0,True,7.219253816970196e-08
Bottinger,60.0,0.3,0.203,CO3^2-,,not_observed,,,0.0001389006594557,,True,1.7763568394002505e-15,1.7763568394002505e-15,1.7763568394002505e-15,0.0,5.002355217134049e-16,9.659709076972829e-17,0.0,True,8.163369003000298e-08
Bottinger,60.0,0.3,0.277,CO3^2-,,not_observed,,,0.0001378516185545,,True,2.6645352591003757e-15,1.7763568394002505e-15,2.6645352591003757e-15,-6.182215538036514e-17,0.0,1.091547430934572e-16,2.220446049250313e-16,True,9.714498716562049e-08
Bottinger,60.0,0.3,0.415,CO3^2-,,not_observed,,,0.000131820025466,,True,1.7763568394002505e-15,-1.7763568394002505e-15,1.7763568394002505e-15,-1.2364491246477325e-16,0.0,7.53461185332212e-17,-1.1102230246251565e-16,True,7.966781367940713e-08
Bottinger,60.0,0.3,0.489,CO3^2-,,not_observed,,,0.0001213502681414,,True,1.7763568394002505e-15,0.0,-1.7763568394002505e-15,6.182534766128708e-17,3.7519611901952475e-16,-7.728168457660885e-17,0.0,True,5.5056535330777485e-08
Bottinger,60.0,0.3,0.559,CO3^2-,,not_observed,,,9.421889395550698e-05,,True,8.881784197001252e-16,0.0,8.881784197001252e-16,0.0,2.502540579689416e-16,1.546395673482355e-17,0.0,True,9.72131566356893e-08
Bottinger,60.0,0.3,0.613,CO3^2-,,not_observed,,,7.515225483740911e-05,,True,5.329070518200751e-15,5.329070518200751e-15,1.7763568394002505e-15,1.238522256042005e-16,-2.505384179598335e-16,-3.0963056401050125e-17,-1.1102230246251565e-16,True,9.794593580636501e-08
Bottinger,60.0,0.3,0.766,CO3^2-,,not_observed,,,4.483856945831845e-05,,True,8.881784197001252e-15,8.881784197001252e-15,7.105427357601002e-15,3.741664338634467e-16,5.045963226821561e-16,-1.247221446211489e-16,0.0,True,9.821055968473048e-08
Bottinger,60.0,0.3,0.131,H2O,,not_observed,0.8876277875931169,,,,True,4.8772958963297676e-15,0.0,-1.7763568394002505e-15,7.727766563830515e-17,4.8772958963297676e-15,-4.0063639779358824e-16,0.0,True,7.219253816970196e-08
Bottinger,60.0,0.3,0.203,H2O,,not_observed,0.8875062183350245,,,,True,1.7763568394002505e-15,1.7763568394002505e-15,1.7763568394002505e-15,0.0,5.002355217134049e-16,9.659709076972829e-17,0.0,True,8.163369003000298e-08
Bottinger,60.0,0.3,0.277,H2O,,not_observed,0.8873025507930106,,,,True,2.6645352591003757e-15,1.7763568394002505e-15,2.6645352591003757e-15,-6.182215538036514e-17,0.0,1.091547430934572e-16,2.220446049250313e-16,True,9.714498716562049e-08
Bottinger,60.0,0.3,0.415,H2O,,not_observed,0.8861220130745618,,,,True,1.7763568394002505e-15,-1.7763568394002505e-15,1.7763568394002505e-15,-1.2364491246477325e-16,0.0,7.53461185332212e-17,-1.1102230246251565e-16,True,7.966781367940713e-08
Bottinger,60.0,0.3,0.489,H2O,,not_observed,0.8827493367513479,,,,True,1.7763568394002505e-15,0.0,-1.7763568394002505e-15,6.182534766128708e-17,3.7519611901952475e-16,-7.728168457660885e-17,0.0,True,5.5056535330777485e-08
Bottinger,60.0,0.3,0.559,H2O,,not_observed,0.8727057286273602,,,,True,8.881784197001252e-16,0.0,8.881784197001252e-16,0.0,2.502540579689416e-16,1.546395673482355e-17,0.0,True,9.72131566356893e-08
Bottinger,60.0,0.3,0.613,H2O,,not_observed,0.862931553249126,,,,True,5.329070518200751e-15,5.329070518200751e-15,1.7763568394002505e-15,1.238522256042005e-16,-2.505384179598335e-16,-3.0963056401050125e-17,-1.1102230246251565e-16,True,9.794593580636501e-08
Bottinger,60.0,0.3,0.766,H2O,,not_observed,0.8376054482352757,,,,True,8.881784197001252e-15,8.881784197001252e-15,7.105427357601002e-15,3.741664338634467e-16,5.045963226821561e-16,-1.247221446211489e-16,0.0,True,9.821055968473048e-08
Bottinger,60.0,0.3,0.131,H3O+,,not_observed,,,1.4242775810516997e-12,,True,4.8772958963297676e-15,0.0,-1.7763568394002505e-15,7.727766563830515e-17,4.8772958963297676e-15,-4.0063639779358824e-16,0.0,True,7.219253816970196e-08
Bottinger,60.0,0.3,0.203,H3O+,,not_observed,,,2.1857935088956087e-12,,True,1.7763568394002505e-15,1.7763568394002505e-15,1.7763568394002505e-15,0.0,5.002355217134049e-16,9.659709076972829e-17,0.0,True,8.163369003000298e-08
Bottinger,60.0,0.3,0.277,H3O+,,not_observed,,,3.2552686715428885e-12,,True,2.6645352591003757e-15,1.7763568394002505e-15,2.6645352591003757e-15,-6.182215538036514e-17,0.0,1.091547430934572e-16,2.220446049250313e-16,True,9.714498716562049e-08
Bottinger,60.0,0.3,0.415,H3O+,,not_observed,,,9.348811991066544e-12,,True,1.7763568394002505e-15,-1.7763568394002505e-15,1.7763568394002505e-15,-1.2364491246477325e-16,0.0,7.53461185332212e-17,-1.1102230246251565e-16,True,7.966781367940713e-08
Bottinger,60.0,0.3,0.489,H3O+,,not_observed,,,3.026614413530983e-11,,True,1.7763568394002505e-15,0.0,-1.7763568394002505e-15,6.182534766128708e-17,3.7519611901952475e-16,-7.728168457660885e-17,0.0,True,5.5056535330777485e-08
Bottinger,60.0,0.3,0.559,H3O+,,not_observed,,,9.974443572501665e-11,,True,8.881784197001252e-16,0.0,8.881784197001252e-16,0.0,2.502540579689416e-16,1.546395673482355e-17,0.0,True,9.72131566356893e-08
Bottinger,60.0,0.3,0.613,H3O+,,not_observed,,,1.62733948764877e-10,,True,5.329070518200751e-15,5.329070518200751e-15,1.7763568394002505e-15,1.238522256042005e-16,-2.505384179598335e-16,-3.0963056401050125e-17,-1.1102230246251565e-16,True,9.794593580636501e-08
Bottinger,60.0,0.3,0.766,H3O+,,not_observed,,,3.0264973268065917e-10,,True,8.881784197001252e-15,8.881784197001252e-15,7.105427357601002e-15,3.741664338634467e-16,5.045963226821561e-16,-1.247221446211489e-16,0.0,True,9.821055968473048e-08
Bottinger,60.0,0.3,0.131,HCO3-,0.0,direct_zero,0.00013253863527486879,,5.5556450094848987e-05,,True,4.8772958963297676e-15,0.0,-1.7763568394002505e-15,7.727766563830515e-17,4.8772958963297676e-15,-4.0063639779358824e-16,0.0,True,7.219253816970196e-08
Bottinger,60.0,0.3,0.203,HCO3-,0.0,direct_zero,0.000254027736605589,,0.0001146804738224,,True,1.7763568394002505e-15,1.7763568394002505e-15,1.7763568394002505e-15,0.0,5.002355217134049e-16,9.659709076972829e-17,0.0,True,8.163369003000298e-08
Bottinger,60.0,0.3,0.277,HCO3-,0.0,direct_zero,0.00045744702833785424,,0.0002272431649497,,True,2.6645352591003757e-15,1.7763568394002505e-15,2.6645352591003757e-15,-6.182215538036514e-17,0.0,1.091547430934572e-16,2.220446049250313e-16,True,9.714498716562049e-08
Bottinger,60.0,0.3,0.415,HCO3-,0.0042,direct_positive,0.001633664562727044,-0.410086401917292,0.0010508281769532,-0.6017175809362971,True,1.7763568394002505e-15,-1.7763568394002505e-15,1.7763568394002505e-15,-1.2364491246477325e-16,0.0,7.53461185332212e-17,-1.1102230246251565e-16,True,7.966781367940713e-08
Bottinger,60.0,0.3,0.489,HCO3-,0.0072,direct_positive,0.004964822600642982,-0.16142876121079724,0.0041091539339716,-0.2435800856580232,True,1.7763568394002505e-15,0.0,-1.7763568394002505e-15,6.182534766128708e-17,3.7519611901952475e-16,-7.728168457660885e-17,0.0,True,5.5056535330777485e-08
Bottinger,60.0,0.3,0.559,HCO3-,0.0163,direct_positive,0.014571012166144611,-0.04869788359460519,0.0141999524706023,-0.05990071366806287,True,8.881784197001252e-16,0.0,8.881784197001252e-16,0.0,2.502540579689416e-16,1.546395673482355e-17,0.0,True,9.72131566356893e-08
Bottinger,60.0,0.3,0.613,HCO3-,0.0304,direct_positive,0.023338132386989372,-0.11480748453340045,0.0231397012666625,-0.11851583569472965,True,5.329070518200751e-15,5.329070518200751e-15,1.7763568394002505e-15,1.238522256042005e-16,-2.505384179598335e-16,-3.0963056401050125e-17,-1.1102230246251565e-16,True,9.794593580636501e-08
Bottinger,60.0,0.3,0.766,HCO3-,0.0229,direct_positive,0.04248263383700136,0.26837595194389813,0.0426579818943198,0.2701648232298625,True,8.881784197001252e-15,8.881784197001252e-15,7.105427357601002e-15,3.741664338634467e-16,5.045963226821561e-16,-1.247221446211489e-16,0.0,True,9.821055968473048e-08
Bottinger,60.0,0.3,0.131,MEA,,not_observed,0.08296546035804239,,0.0828733845996098,,True,4.8772958963297676e-15,0.0,-1.7763568394002505e-15,7.727766563830515e-17,4.8772958963297676e-15,-4.0063639779358824e-16,0.0,True,7.219253816970196e-08
Bottinger,60.0,0.3,0.203,MEA,,not_observed,0.06692461584559536,,0.0667794274525591,,True,1.7763568394002505e-15,1.7763568394002505e-15,1.7763568394002505e-15,0.0,5.002355217134049e-16,9.659709076972829e-17,0.0,True,8.163369003000298e-08
Bottinger,60.0,0.3,0.277,MEA,,not_observed,0.05051711517561429,,0.050284601264436,,True,2.6645352591003757e-15,1.7763568394002505e-15,2.6645352591003757e-15,-6.182215538036514e-17,0.0,1.091547430934572e-16,2.220446049250313e-16,True,9.714498716562049e-08
Bottinger,60.0,0.3,0.415,MEA,,not_observed,0.02072484341557665,,0.0201366068203189,,True,1.7763568394002505e-15,-1.7763568394002505e-15,1.7763568394002505e-15,-1.2364491246477325e-16,0.0,7.53461185332212e-17,-1.1102230246251565e-16,True,7.966781367940713e-08
Bottinger,60.0,0.3,0.489,MEA,,not_observed,0.007538041112072429,,0.006654920862161,,True,1.7763568394002505e-15,0.0,-1.7763568394002505e-15,6.182534766128708e-17,3.7519611901952475e-16,-7.728168457660885e-17,0.0,True,5.5056535330777485e-08
Bottinger,60.0,0.3,0.559,MEA,,not_observed,0.002423466839613001,,0.0020536485819425,,True,8.881784197001252e-16,0.0,8.881784197001252e-16,0.0,2.502540579689416e-16,1.546395673482355e-17,0.0,True,9.72131566356893e-08
Bottinger,60.0,0.3,0.613,MEA,,not_observed,0.0013728383306365567,,0.0012390912004592,,True,5.329070518200751e-15,5.329070518200751e-15,1.7763568394002505e-15,1.238522256042005e-16,-2.505384179598335e-16,-3.0963056401050125e-17,-1.1102230246251565e-16,True,9.794593580636501e-08
Bottinger,60.0,0.3,0.766,MEA,,not_observed,0.0005717477942491289,,0.0005960383970632,,True,8.881784197001252e-15,8.881784197001252e-15,7.105427357601002e-15,3.741664338634467e-16,5.045963226821561e-16,-1.247221446211489e-16,0.0,True,9.821055968473048e-08
Bottinger,60.0,0.3,0.131,MEA + MEAH+,0.0974,direct_positive,0.09766881955230403,0.001196981889424503,0.0977319943119801,0.0014778041637666772,True,4.8772958963297676e-15,0.0,-1.7763568394002505e-15,7.727766563830515e-17,4.8772958963297676e-15,-4.0063639779358824e-16,0.0,True,7.219253816970196e-08
Bottinger,60.0,0.3,0.203,MEA + MEAH+,0.0905,direct_positive,0.08970913677963184,-0.0038119014799669866,0.0897138075880013,-0.0037892900318215197,True,1.7763568394002505e-15,1.7763568394002505e-15,1.7763568394002505e-15,0.0,5.002355217134049e-16,9.659709076972829e-17,0.0,True,8.163369003000298e-08
Bottinger,60.0,0.3,0.277,MEA + MEAH+,0.0791,direct_positive,0.08160708039735164,0.013551357169174353,0.0815191872829478,0.01308335776209487,True,2.6645352591003757e-15,1.7763568394002505e-15,2.6645352591003757e-15,-6.182215538036514e-17,0.0,1.091547430934572e-16,2.220446049250313e-16,True,9.714498716562049e-08
Bottinger,60.0,0.3,0.415,MEA + MEAH+,0.0687,direct_positive,0.06729878018384375,-0.008949544517989839,0.0668489432848336,-0.01186219052052895,True,1.7763568394002505e-15,-1.7763568394002505e-15,1.7763568394002505e-15,-1.2364491246477325e-16,0.0,7.53461185332212e-17,-1.1102230246251565e-16,True,7.966781367940713e-08
Bottinger,60.0,0.3,0.489,MEA + MEAH+,0.068,direct_positive,0.062368333470257775,-0.037544773181971226,0.0616244263002539,-0.04275602351699474,True,1.7763568394002505e-15,0.0,-1.7763568394002505e-15,6.182534766128708e-17,3.7519611901952475e-16,-7.728168457660885e-17,0.0,True,5.5056535330777485e-08
Bottinger,60.0,0.3,0.559,MEA + MEAH+,0.0652,direct_positive,0.06458648967745907,-0.004105914767307283,0.0643134976868567,-0.005945466419803047,True,8.881784197001252e-16,0.0,8.881784197001252e-16,0.0,2.502540579689416e-16,1.546395673482355e-17,0.0,True,9.72131566356893e-08
Bottinger,60.0,0.3,0.613,MEA + MEAH+,0.0678,direct_positive,0.06838107448372807,0.003706226791929566,0.0682915736186042,0.003137426260955603,True,5.329070518200751e-15,5.329070518200751e-15,1.7763568394002505e-15,1.238522256042005e-16,-2.505384179598335e-16,-3.0963056401050125e-17,-1.1102230246251565e-16,True,9.794593580636501e-08
Bottinger,60.0,0.3,0.766,MEA + MEAH+,0.0702,direct_positive,0.07716200951590128,0.04106641723995589,0.0773139284626316,0.04192062900128775,True,8.881784197001252e-15,8.881784197001252e-15,7.105427357601002e-15,3.741664338634467e-16,5.045963226821561e-16,-1.247221446211489e-16,0.0,True,9.821055968473048e-08
Bottinger,60.0,0.3,0.131,MEACOO-,0.0147,direct_positive,0.014570820558986803,-0.003833324899566131,0.0145141740218729,-0.005525008872567681,True,4.8772958963297676e-15,0.0,-1.7763568394002505e-15,7.727766563830515e-17,4.8772958963297676e-15,-4.0063639779358824e-16,0.0,True,7.219253816970196e-08
Bottinger,60.0,0.3,0.203,MEACOO-,0.0231,direct_positive,0.022530493197430876,-0.010841281262927936,0.0225323579465168,-0.010805338120492254,True,1.7763568394002505e-15,1.7763568394002505e-15,1.7763568394002505e-15,0.0,5.002355217134049e-16,9.659709076972829e-17,0.0,True,8.163369003000298e-08
Bottinger,60.0,0.3,0.277,MEACOO-,0.0302,direct_positive,0.030632518193399485,0.006175757164617965,0.030726968546893,0.007512772902938071,True,2.6645352591003757e-15,1.7763568394002505e-15,2.6645352591003757e-15,-6.182215538036514e-17,0.0,1.091547430934572e-16,2.220446049250313e-16,True,9.714498716562049e-08
Bottinger,60.0,0.3,0.415,MEACOO-,0.0417,direct_positive,0.04494027220554004,0.032499643661332095,0.0453969514522834,0.03689063462553968,True,1.7763568394002505e-15,-1.7763568394002505e-15,1.7763568394002505e-15,-1.2364491246477325e-16,0.0,7.53461185332212e-17,-1.1102230246251565e-16,True,7.966781367940713e-08
Bottinger,60.0,0.3,0.489,MEACOO-,0.0424,direct_positive,0.04986546975754237,0.07043405807300425,0.0506174408221921,0.0769343271987562,True,1.7763568394002505e-15,0.0,-1.7763568394002505e-15,6.182534766128708e-17,3.7519611901952475e-16,-7.728168457660885e-17,0.0,True,5.5056535330777485e-08
Bottinger,60.0,0.3,0.559,MEACOO-,0.0455,direct_positive,0.04759201067170146,0.019522656642981234,0.0478714097285795,0.022064820219620238,True,8.881784197001252e-16,0.0,8.881784197001252e-16,0.0,2.502540579689416e-16,1.546395673482355e-17,0.0,True,9.72131566356893e-08
Bottinger,60.0,0.3,0.613,MEACOO-,0.0375,direct_positive,0.04367010376610214,0.06615295613756517,0.0437624513550326,0.0670703732975232,True,5.329070518200751e-15,5.329070518200751e-15,1.7763568394002505e-15,1.238522256042005e-16,-2.505384179598335e-16,-3.0963056401050125e-17,-1.1102230246251565e-16,True,9.794593580636501e-08
Bottinger,60.0,0.3,0.766,MEACOO-,0.0357,direct_positive,0.03410762788465081,-0.019816699942256762,0.033970221735487,-0.021569834441336352,True,8.881784197001252e-15,8.881784197001252e-15,7.105427357601002e-15,3.741664338634467e-16,5.045963226821561e-16,-1.247221446211489e-16,0.0,True,9.821055968473048e-08
Bottinger,60.0,0.3,0.131,MEAH+,,not_observed,0.014703359194261627,,0.0148586097123702,,True,4.8772958963297676e-15,0.0,-1.7763568394002505e-15,7.727766563830515e-17,4.8772958963297676e-15,-4.0063639779358824e-16,0.0,True,7.219253816970196e-08
Bottinger,60.0,0.3,0.203,MEAH+,,not_observed,0.022784520934036476,,0.0229343801354421,,True,1.7763568394002505e-15,1.7763568394002505e-15,1.7763568394002505e-15,0.0,5.002355217134049e-16,9.659709076972829e-17,0.0,True,8.163369003000298e-08
Bottinger,60.0,0.3,0.277,MEAH+,,not_observed,0.03108996522173735,,0.0312345860185117,,True,2.6645352591003757e-15,1.7763568394002505e-15,2.6645352591003757e-15,-6.182215538036514e-17,0.0,1.091547430934572e-16,2.220446049250313e-16,True,9.714498716562049e-08
Bottinger,60.0,0.3,0.415,MEAH+,,not_observed,0.04657393676826709,,0.0467123364645146,,True,1.7763568394002505e-15,-1.7763568394002505e-15,1.7763568394002505e-15,-1.2364491246477325e-16,0.0,7.53461185332212e-17,-1.1102230246251565e-16,True,7.966781367940713e-08
Bottinger,60.0,0.3,0.489,MEAH+,,not_observed,0.054830292358185345,,0.0549695054380928,,True,1.7763568394002505e-15,0.0,-1.7763568394002505e-15,6.182534766128708e-17,3.7519611901952475e-16,-7.728168457660885e-17,0.0,True,5.5056535330777485e-08
Bottinger,60.0,0.3,0.559,MEAH+,,not_observed,0.062163022837846076,,0.0622598491049142,,True,8.881784197001252e-16,0.0,8.881784197001252e-16,0.0,2.502540579689416e-16,1.546395673482355e-17,0.0,True,9.72131566356893e-08
Bottinger,60.0,0.3,0.613,MEAH+,,not_observed,0.06700823615309151,,0.067052482418145,,True,5.329070518200751e-15,5.329070518200751e-15,1.7763568394002505e-15,1.238522256042005e-16,-2.505384179598335e-16,-3.0963056401050125e-17,-1.1102230246251565e-16,True,9.794593580636501e-08
Bottinger,60.0,0.3,0.766,MEAH+,,not_observed,0.07659026172165216,,0.0767178900655684,,True,8.881784197001252e-15,8.881784197001252e-15,7.105427357601002e-15,3.741664338634467e-16,5.045963226821561e-16,-1.247221446211489e-16,0.0,True,9.821055968473048e-08
Bottinger,60.0,0.3,0.131,OH-,,not_observed,,,1.986049772052362e-05,,True,4.8772958963297676e-15,0.0,-1.7763568394002505e-15,7.727766563830515e-17,4.8772958963297676e-15,-4.0063639779358824e-16,0.0,True,7.219253816970196e-08
Bottinger,60.0,0.3,0.203,OH-,,not_observed,,,9.540437726918484e-06,,True,1.7763568394002505e-15,1.7763568394002505e-15,1.7763568394002505e-15,0.0,5.002355217134049e-16,9.659709076972829e-17,0.0,True,8.163369003000298e-08
Bottinger,60.0,0.3,0.277,OH-,,not_observed,,,4.671076391905555e-06,,True,2.6645352591003757e-15,1.7763568394002505e-15,2.6645352591003757e-15,-6.182215538036514e-17,0.0,1.091547430934572e-16,2.220446049250313e-16,True,9.714498716562049e-08
Bottinger,60.0,0.3,0.415,OH-,,not_observed,,,9.167966897271928e-07,,True,1.7763568394002505e-15,-1.7763568394002505e-15,1.7763568394002505e-15,-1.2364491246477325e-16,0.0,7.53461185332212e-17,-1.1102230246251565e-16,True,7.966781367940713e-08
Bottinger,60.0,0.3,0.489,OH-,,not_observed,,,2.101803887557661e-07,,True,1.7763568394002505e-15,0.0,-1.7763568394002505e-15,6.182534766128708e-17,3.7519611901952475e-16,-7.728168457660885e-17,0.0,True,5.5056535330777485e-08
Bottinger,60.0,0.3,0.559,OH-,,not_observed,,,4.9221342604014216e-08,,True,8.881784197001252e-16,0.0,8.881784197001252e-16,0.0,2.502540579689416e-16,1.546395673482355e-17,0.0,True,9.72131566356893e-08
Bottinger,60.0,0.3,0.613,OH-,,not_observed,,,2.5455920607850716e-08,,True,5.329070518200751e-15,5.329070518200751e-15,1.7763568394002505e-15,1.238522256042005e-16,-2.505384179598335e-16,-3.0963056401050125e-17,-1.1102230246251565e-16,True,9.794593580636501e-08
Bottinger,60.0,0.3,0.766,OH-,,not_observed,,,9.608361019267725e-09,,True,8.881784197001252e-15,8.881784197001252e-15,7.105427357601002e-15,3.741664338634467e-16,5.045963226821561e-16,-1.247221446211489e-16,0.0,True,9.821055968473048e-08
Bottinger,80.0,0.3,0.064,CO2,,not_observed,4.4043709324985045e-08,,1.0490602780330276e-08,,True,3.552713678800501e-15,-3.552713678800501e-15,-1.7763568394002505e-15,-3.0911066576283704e-17,1.7508241860927447e-15,-2.439076347034886e-17,2.220446049250313e-16,True,6.704406629864934e-08
Bottinger,80.0,0.3,0.141,CO2,,not_observed,3.1237198695287817e-07,,7.541006243843996e-08,,True,3.552713678800501e-15,3.552713678800501e-15,1.7763568394002505e-15,-3.091107487059951e-17,2.5011780798407573e-16,-1.448956634559352e-17,-1.1102230246251565e-16,True,5.8935913926916335e-08
Bottinger,80.0,0.3,0.245,CO2,,not_observed,1.817863944467804e-06,,5.120278206675576e-07,,True,3.552713678800501e-15,0.0,3.552713678800501e-15,-6.18222428141174e-17,-2.5011818453510853e-16,1.6421533247499935e-17,4.440892098500626e-16,True,7.72257706671553e-08
Bottinger,80.0,0.3,0.336,CO2,,not_observed,7.673838276599236e-06,,2.7237178722697566e-06,,True,1.7763568394002505e-15,-1.7763568394002505e-15,-1.7763568394002505e-15,0.0,-3.751794738480256e-16,6.761847405070915e-17,2.220446049250313e-16,True,6.844720701337792e-08
Bottinger,80.0,0.3,0.398,CO2,,not_observed,2.3490888360850624e-05,,1.060313310968301e-05,,True,1.688334336989813e-14,-1.2434497875801753e-14,-1.1546319456101628e-14,0.0,-1.688334336989813e-14,-6.723314620861996e-16,0.0,True,8.872160606188119e-08
Bottinger,80.0,0.3,0.51,CO2,,not_observed,0.0003296710991280673,,0.000332955807379,,True,2.6645352591003757e-15,-1.7763568394002505e-15,2.6645352591003757e-15,-6.184251812061294e-17,2.5020021363370974e-16,2.1644881342214525e-16,0.0,True,9.00676937476419e-08
Bottinger,80.0,0.3,0.064,CO3^2-,,not_observed,,,5.632590522016841e-05,,True,3.552713678800501e-15,-3.552713678800501e-15,-1.7763568394002505e-15,-3.0911066576283704e-17,1.7508241860927447e-15,-2.439076347034886e-17,2.220446049250313e-16,True,6.704406629864934e-08
Bottinger,80.0,0.3,0.141,CO3^2-,,not_observed,,,6.487462720284636e-05,,True,3.552713678800501e-15,3.552713678800501e-15,1.7763568394002505e-15,-3.091107487059951e-17,2.5011780798407573e-16,-1.448956634559352e-17,-1.1102230246251565e-16,True,5.8935913926916335e-08
Bottinger,80.0,0.3,0.245,CO3^2-,,not_observed,,,6.539580920992012e-05,,True,3.552713678800501e-15,0.0,3.552713678800501e-15,-6.18222428141174e-17,-2.5011818453510853e-16,1.6421533247499935e-17,4.440892098500626e-16,True,7.72257706671553e-08
Bottinger,80.0,0.3,0.336,CO3^2-,,not_observed,,,6.35275290645558e-05,,True,1.7763568394002505e-15,-1.7763568394002505e-15,-1.7763568394002505e-15,0.0,-3.751794738480256e-16,6.761847405070915e-17,2.220446049250313e-16,True,6.844720701337792e-08
Bottinger,80.0,0.3,0.398,CO3^2-,,not_observed,,,6.167867059602764e-05,,True,1.688334336989813e-14,-1.2434497875801753e-14,-1.1546319456101628e-14,0.0,-1.688334336989813e-14,-6.723314620861996e-16,0.0,True,8.872160606188119e-08
Bottinger,80.0,0.3,0.51,CO3^2-,,not_observed,,,5.221328557009201e-05,,True,2.6645352591003757e-15,-1.7763568394002505e-15,2.6645352591003757e-15,-6.184251812061294e-17,2.5020021363370974e-16,2.1644881342214525e-16,0.0,True,9.00676937476419e-08
Bottinger,80.0,0.3,0.064,H2O,,not_observed,0.8876352540102301,,,,True,3.552713678800501e-15,-3.552713678800501e-15,-1.7763568394002505e-15,-3.0911066576283704e-17,1.7508241860927447e-15,-2.439076347034886e-17,2.220446049250313e-16,True,6.704406629864934e-08
Bottinger,80.0,0.3,0.141,H2O,,not_observed,0.8874277055398665,,,,True,3.552713678800501e-15,3.552713678800501e-15,1.7763568394002505e-15,-3.091107487059951e-17,2.5011780798407573e-16,-1.448956634559352e-17,-1.1102230246251565e-16,True,5.8935913926916335e-08
Bottinger,80.0,0.3,0.245,H2O,,not_observed,0.8869606459715466,,,,True,3.552713678800501e-15,0.0,3.552713678800501e-15,-6.18222428141174e-17,-2.5011818453510853e-16,1.6421533247499935e-17,4.440892098500626e-16,True,7.72257706671553e-08
Bottinger,80.0,0.3,0.336,H2O,,not_observed,0.88612726608177,,,,True,1.7763568394002505e-15,-1.7763568394002505e-15,-1.7763568394002505e-15,0.0,-3.751794738480256e-16,6.761847405070915e-17,2.220446049250313e-16,True,6.844720701337792e-08
Bottinger,80.0,0.3,0.398,H2O,,not_observed,0.8849276140353152,,,,True,1.688334336989813e-14,-1.2434497875801753e-14,-1.1546319456101628e-14,0.0,-1.688334336989813e-14,-6.723314620861996e-16,0.0,True,8.872160606188119e-08
Bottinger,80.0,0.3,0.51,H2O,,not_observed,0.8776502720233381,,,,True,2.6645352591003757e-15,-1.7763568394002505e-15,2.6645352591003757e-15,-6.184251812061294e-17,2.5020021363370974e-16,2.1644881342214525e-16,0.0,True,9.00676937476419e-08
Bottinger,80.0,0.3,0.064,H3O+,,not_observed,,,2.62842089259722e-12,,True,3.552713678800501e-15,-3.552713678800501e-15,-1.7763568394002505e-15,-3.0911066576283704e-17,1.7508241860927447e-15,-2.439076347034886e-17,2.220446049250313e-16,True,6.704406629864934e-08
Bottinger,80.0,0.3,0.141,H3O+,,not_observed,,,5.433391251615575e-12,,True,3.552713678800501e-15,3.552713678800501e-15,1.7763568394002505e-15,-3.091107487059951e-17,2.5011780798407573e-16,-1.448956634559352e-17,-1.1102230246251565e-16,True,5.8935913926916335e-08
Bottinger,80.0,0.3,0.245,H3O+,,not_observed,,,9.931891886818866e-12,,True,3.552713678800501e-15,0.0,3.552713678800501e-15,-6.18222428141174e-17,-2.5011818453510853e-16,1.6421533247499935e-17,4.440892098500626e-16,True,7.72257706671553e-08
Bottinger,80.0,0.3,0.336,H3O+,,not_observed,,,1.7148887037147997e-11,,True,1.7763568394002505e-15,-1.7763568394002505e-15,-1.7763568394002505e-15,0.0,-3.751794738480256e-16,6.761847405070915e-17,2.220446049250313e-16,True,6.844720701337792e-08
Bottinger,80.0,0.3,0.398,H3O+,,not_observed,,,2.8215209871510948e-11,,True,1.688334336989813e-14,-1.2434497875801753e-14,-1.1546319456101628e-14,0.0,-1.688334336989813e-14,-6.723314620861996e-16,0.0,True,8.872160606188119e-08
Bottinger,80.0,0.3,0.51,H3O+,,not_observed,,,1.2074628357197278e-10,,True,2.6645352591003757e-15,-1.7763568394002505e-15,2.6645352591003757e-15,-6.184251812061294e-17,2.5020021363370974e-16,2.1644881342214525e-16,0.0,True,9.00676937476419e-08
Bottinger,80.0,0.3,0.064,HCO3-,0.0,direct_zero,0.00012506300019769954,,4.051151097237025e-05,,True,3.552713678800501e-15,-3.552713678800501e-15,-1.7763568394002505e-15,-3.0911066576283704e-17,1.7508241860927447e-15,-2.439076347034886e-17,2.220446049250313e-16,True,6.704406629864934e-08
Bottinger,80.0,0.3,0.141,HCO3-,0.0,direct_zero,0.00033237325935371934,,0.0001146850595673,,True,3.552713678800501e-15,3.552713678800501e-15,1.7763568394002505e-15,-3.091107487059951e-17,2.5011780798407573e-16,-1.448956634559352e-17,-1.1102230246251565e-16,True,5.8935913926916335e-08
Bottinger,80.0,0.3,0.245,HCO3-,0.0,direct_zero,0.000798096311597567,,0.000309239012941,,True,3.552713678800501e-15,0.0,3.552713678800501e-15,-6.18222428141174e-17,-2.5011818453510853e-16,1.6421533247499935e-17,4.440892098500626e-16,True,7.72257706671553e-08
Bottinger,80.0,0.3,0.336,HCO3-,0.0,direct_zero,0.001626277499515639,,0.0007286735063368,,True,1.7763568394002505e-15,-1.7763568394002505e-15,-1.7763568394002505e-15,0.0,-3.751794738480256e-16,6.761847405070915e-17,2.220446049250313e-16,True,6.844720701337792e-08
Bottinger,80.0,0.3,0.398,HCO3-,0.0046,direct_positive,0.002811887795953239,-0.21375984483968474,0.0014514071745187,-0.5009685661493753,True,1.688334336989813e-14,-1.2434497875801753e-14,-1.1546319456101628e-14,0.0,-1.688334336989813e-14,-6.723314620861996e-16,0.0,True,8.872160606188119e-08
Bottinger,80.0,0.3,0.51,HCO3-,0.0166,direct_positive,0.00981741515498719,-0.22811093138306954,0.007843242181094,-0.3256124628184506,True,2.6645352591003757e-15,-1.7763568394002505e-15,2.6645352591003757e-15,-6.184251812061294e-17,2.5020021363370974e-16,2.1644881342214525e-16,0.0,True,9.00676937476419e-08
Bottinger,80.0,0.3,0.064,MEA,,not_observed,0.09799811624840885,,0.0978844225592567,,True,3.552713678800501e-15,-3.552713678800501e-15,-1.7763568394002505e-15,-3.0911066576283704e-17,1.7508241860927447e-15,-2.439076347034886e-17,2.220446049250313e-16,True,6.704406629864934e-08
Bottinger,80.0,0.3,0.141,MEA,,not_observed,0.08092103714240081,,0.0806948182573686,,True,3.552713678800501e-15,3.552713678800501e-15,1.7763568394002505e-15,-3.091107487059951e-17,2.5011780798407573e-16,-1.448956634559352e-17,-1.1102230246251565e-16,True,5.8935913926916335e-08
Bottinger,80.0,0.3,0.245,MEA,,not_observed,0.05804384636447144,,0.05755119045724,,True,3.552713678800501e-15,0.0,3.552713678800501e-15,-6.18222428141174e-17,-2.5011818453510853e-16,1.6421533247499935e-17,4.440892098500626e-16,True,7.72257706671553e-08
Bottinger,80.0,0.3,0.336,MEA,,not_observed,0.03845594586245248,,0.0375489119825265,,True,1.7763568394002505e-15,-1.7763568394002505e-15,-1.7763568394002505e-15,0.0,-3.751794738480256e-16,6.761847405070915e-17,2.220446049250313e-16,True,6.844720701337792e-08
Bottinger,80.0,0.3,0.398,MEA,,not_observed,0.025755219057870645,,0.0243697034483248,,True,1.688334336989813e-14,-1.2434497875801753e-14,-1.1546319456101628e-14,0.0,-1.688334336989813e-14,-6.723314620861996e-16,0.0,True,8.872160606188119e-08
Bottinger,80.0,0.3,0.51,MEA,,not_observed,0.008232704518792397,,0.0062648411172287,,True,2.6645352591003757e-15,-1.7763568394002505e-15,2.6645352591003757e-15,-6.184251812061294e-17,2.5020021363370974e-16,2.1644881342214525e-16,0.0,True,9.00676937476419e-08
Bottinger,80.0,0.3,0.064,MEA + MEAH+,0.1084,direct_positive,0.10518140909723474,-0.01309029751752972,0.1051592614417846,-0.013181754909578453,True,3.552713678800501e-15,-3.552713678800501e-15,-1.7763568394002505e-15,-3.0911066576283704e-17,1.7508241860927447e-15,-2.439076347034886e-17,2.220446049250313e-16,True,6.704406629864934e-08
Bottinger,80.0,0.3,0.141,MEA + MEAH+,0.1005,direct_positive,0.09674650961527363,-0.016530756098326396,0.096599087408275,-0.01719303819217912,True,3.552713678800501e-15,3.552713678800501e-15,1.7763568394002505e-15,-3.091107487059951e-17,2.5011780798407573e-16,-1.448956634559352e-17,-1.1102230246251565e-16,True,5.8935913926916335e-08
Bottinger,80.0,0.3,0.245,MEA + MEAH+,0.0906,direct_positive,0.08554069126449032,-0.02495544215652755,0.0851209613165781,-0.027091677978098933,True,3.552713678800501e-15,0.0,3.552713678800501e-15,-6.18222428141174e-17,-2.5011818453510853e-16,1.6421533247499935e-17,4.440892098500626e-16,True,7.72257706671553e-08
Bottinger,80.0,0.3,0.336,MEA + MEAH+,0.0858,direct_positive,0.07616050297120305,-0.051757484340765096,0.0753261782130112,-0.05654135444114748,True,1.7763568394002505e-15,-1.7763568394002505e-15,-1.7763568394002505e-15,0.0,-3.751794738480256e-16,6.761847405070915e-17,2.220446049250313e-16,True,6.844720701337792e-08
Bottinger,80.0,0.3,0.398,MEA + MEAH+,0.0872,direct_positive,0.07040205706709729,-0.09293113602003646,0.0690951664949653,-0.10106881726872942,True,1.688334336989813e-14,-1.2434497875801753e-14,-1.1546319456101628e-14,0.0,-1.688334336989813e-14,-6.723314620861996e-16,0.0,True,8.872160606188119e-08
Bottinger,80.0,0.3,0.51,MEA + MEAH+,0.0721,direct_positive,0.06512638069816311,-0.04417832114524993,0.0632107214857399,-0.057144517336020224,True,2.6645352591003757e-15,-1.7763568394002505e-15,2.6645352591003757e-15,-6.184251812061294e-17,2.5020021363370974e-16,2.1644881342214525e-16,0.0,True,9.00676937476419e-08
Bottinger,80.0,0.3,0.064,MEACOO-,0.0068,direct_positive,0.007058229848628201,0.01618688418616834,0.0070869068459821,0.017947811498510203,True,3.552713678800501e-15,-3.552713678800501e-15,-1.7763568394002505e-15,-3.0911066576283704e-17,1.7508241860927447e-15,-2.439076347034886e-17,2.220446049250313e-16,True,6.704406629864934e-08
Bottinger,80.0,0.3,0.141,MEACOO-,0.014,direct_positive,0.0154930992135191,0.044010266309353153,0.0156470736076678,0.04830508991791474,True,3.552713678800501e-15,3.552713678800501e-15,1.7763568394002505e-15,-3.091107487059951e-17,2.5011780798407573e-16,-1.448956634559352e-17,-1.1102230246251565e-16,True,5.8935913926916335e-08
Bottinger,80.0,0.3,0.245,MEACOO-,0.0224,direct_positive,0.026698748588421306,0.07624288745438555,0.0271251505632092,0.08312413916166578,True,3.552713678800501e-15,0.0,3.552713678800501e-15,-6.18222428141174e-17,-2.5011818453510853e-16,1.6421533247499935e-17,4.440892098500626e-16,True,7.72257706671553e-08
Bottinger,80.0,0.3,0.336,MEACOO-,0.0337,direct_positive,0.03607827960923492,0.029615919183993412,0.0369196854333234,0.03962809118042759,True,1.7763568394002505e-15,-1.7763568394002505e-15,-1.7763568394002505e-15,0.0,-3.751794738480256e-16,6.761847405070915e-17,2.220446049250313e-16,True,6.844720701337792e-08
Bottinger,80.0,0.3,0.398,MEACOO-,0.0336,direct_positive,0.04183495021327348,0.09519997908920828,0.0431498127768324,0.10863963830066664,True,1.688334336989813e-14,-1.2434497875801753e-14,-1.1546319456101628e-14,0.0,-1.688334336989813e-14,-6.723314620861996e-16,0.0,True,8.872160606188119e-08
Bottinger,80.0,0.3,0.51,MEACOO-,0.0503,direct_positive,0.047076261024383496,-0.028766022833581924,0.0489980748692056,-0.011388968090788652,True,2.6645352591003757e-15,-1.7763568394002505e-15,2.6645352591003757e-15,-6.184251812061294e-17,2.5020021363370974e-16,2.1644881342214525e-16,0.0,True,9.00676937476419e-08
Bottinger,80.0,0.3,0.064,MEAH+,,not_observed,0.007183292848825898,,0.0072748388825278,,True,3.552713678800501e-15,-3.552713678800501e-15,-1.7763568394002505e-15,-3.0911066576283704e-17,1.7508241860927447e-15,-2.439076347034886e-17,2.220446049250313e-16,True,6.704406629864934e-08
Bottinger,80.0,0.3,0.141,MEAH+,,not_observed,0.015825472472872817,,0.0159042691509063,,True,3.552713678800501e-15,3.552713678800501e-15,1.7763568394002505e-15,-3.091107487059951e-17,2.5011780798407573e-16,-1.448956634559352e-17,-1.1102230246251565e-16,True,5.8935913926916335e-08
Bottinger,80.0,0.3,0.245,MEAH+,,not_observed,0.027496844900018875,,0.027569770859338,,True,3.552713678800501e-15,0.0,3.552713678800501e-15,-6.18222428141174e-17,-2.5011818453510853e-16,1.6421533247499935e-17,4.440892098500626e-16,True,7.72257706671553e-08
Bottinger,80.0,0.3,0.336,MEAH+,,not_observed,0.037704557108750564,,0.0377772662304847,,True,1.7763568394002505e-15,-1.7763568394002505e-15,-1.7763568394002505e-15,0.0,-3.751794738480256e-16,6.761847405070915e-17,2.220446049250313e-16,True,6.844720701337792e-08
Bottinger,80.0,0.3,0.398,MEAH+,,not_observed,0.04464683800922664,,0.0447254630466404,,True,1.688334336989813e-14,-1.2434497875801753e-14,-1.1546319456101628e-14,0.0,-1.688334336989813e-14,-6.723314620861996e-16,0.0,True,8.872160606188119e-08
Bottinger,80.0,0.3,0.51,MEAH+,,not_observed,0.05689367617937071,,0.0569458803685112,,True,2.6645352591003757e-15,-1.7763568394002505e-15,2.6645352591003757e-15,-6.184251812061294e-17,2.5020021363370974e-16,2.1644881342214525e-16,0.0,True,9.00676937476419e-08
Bottinger,80.0,0.3,0.064,OH-,,not_observed,,,3.4768586043801374e-05,,True,3.552713678800501e-15,-3.552713678800501e-15,-1.7763568394002505e-15,-3.0911066576283704e-17,1.7508241860927447e-15,-2.439076347034886e-17,2.220446049250313e-16,True,6.704406629864934e-08
Bottinger,80.0,0.3,0.141,OH-,,not_observed,,,1.2761237199462427e-05,,True,3.552713678800501e-15,3.552713678800501e-15,1.7763568394002505e-15,-3.091107487059951e-17,2.5011780798407573e-16,-1.448956634559352e-17,-1.1102230246251565e-16,True,5.8935913926916335e-08
Bottinger,80.0,0.3,0.245,OH-,,not_observed,,,4.5896796235205066e-06,,True,3.552713678800501e-15,0.0,3.552713678800501e-15,-6.18222428141174e-17,-2.5011818453510853e-16,1.6421533247499935e-17,4.440892098500626e-16,True,7.72257706671553e-08
Bottinger,80.0,0.3,0.336,OH-,,not_observed,,,1.8522518976685425e-06,,True,1.7763568394002505e-15,-1.7763568394002505e-15,-1.7763568394002505e-15,0.0,-3.751794738480256e-16,6.761847405070915e-17,2.220446049250313e-16,True,6.844720701337792e-08
Bottinger,80.0,0.3,0.398,OH-,,not_observed,,,8.857884386972997e-07,,True,1.688334336989813e-14,-1.2434497875801753e-14,-1.1546319456101628e-14,0.0,-1.688334336989813e-14,-6.723314620861996e-16,0.0,True,8.872160606188119e-08
Bottinger,80.0,0.3,0.51,OH-,,not_observed,,,1.3687198354922352e-07,,True,2.6645352591003757e-15,-1.7763568394002505e-15,2.6645352591003757e-15,-6.184251812061294e-17,2.5020021363370974e-16,2.1644881342214525e-16,0.0,True,9.00676937476419e-08
