observation_id,data_family,source_key,source_file,source_row_id,observed_quantity,temperature_K,mea_mass_fraction,co2_loading_mol_per_mol_mea,composition_value,composition_basis,value_reported,reported_unit,uncertainty_value,uncertainty_unit,uncertainty_type,measurement_role,source_lifecycle_status,contract_lifecycle_status,objective_role,target_eligible,group_id,system,uncertainty_status,uncertainty_scope,admission_reason,measurement_identity,linear_coefficients
AMU-DENS-001,unloaded_mea_density,Amundsen2009,data/reference/MEA/observations/density_viscosity/Amundsen_2009_density_viscosity.csv,1,density,298.15,0.20,,0.20,MEA mass fraction in unloaded solution,1.0053,g/cm^3,0.0005,g/cm^3,combined_absolute,direct_positive,property_target_candidate,diagnostic_only,contextual,no,Amundsen2009|unloaded|w=0.20|T=25,binary,unloaded_source_estimate,Unloaded source estimate; not a loaded-row weight.,Measurement pressure unreported; loaded uncertainty scope unbound.,,
AMU-DENS-002,unloaded_mea_density,Amundsen2009,data/reference/MEA/observations/density_viscosity/Amundsen_2009_density_viscosity.csv,2,density,298.15,0.30,,0.30,MEA mass fraction in unloaded solution,1.0106,g/cm^3,0.0005,g/cm^3,combined_absolute,direct_positive,property_target_candidate,diagnostic_only,contextual,no,Amundsen2009|unloaded|w=0.30|T=25,binary,unloaded_source_estimate,Unloaded source estimate; not a loaded-row weight.,Measurement pressure unreported; loaded uncertainty scope unbound.,,
AMU-DENS-003,unloaded_mea_density,Amundsen2009,data/reference/MEA/observations/density_viscosity/Amundsen_2009_density_viscosity.csv,3,density,298.15,0.40,,0.40,MEA mass fraction in unloaded solution,1.0158,g/cm^3,0.0005,g/cm^3,combined_absolute,direct_positive,property_target_candidate,diagnostic_only,contextual,no,Amundsen2009|unloaded|w=0.40|T=25,binary,unloaded_source_estimate,Unloaded source estimate; not a loaded-row weight.,Measurement pressure unreported; loaded uncertainty scope unbound.,,
AMU-DENS-004,unloaded_mea_density,Amundsen2009,data/reference/MEA/observations/density_viscosity/Amundsen_2009_density_viscosity.csv,4,density,298.15,0.50,,0.50,MEA mass fraction in unloaded solution,1.0208,g/cm^3,0.0005,g/cm^3,combined_absolute,direct_positive,property_target_candidate,diagnostic_only,contextual,no,Amundsen2009|unloaded|w=0.50|T=25,binary,unloaded_source_estimate,Unloaded source estimate; not a loaded-row weight.,Measurement pressure unreported; loaded uncertainty scope unbound.,,
AMU-DENS-005,unloaded_mea_density,Amundsen2009,data/reference/MEA/observations/density_viscosity/Amundsen_2009_density_viscosity.csv,5,density,298.15,0.70,,0.70,MEA mass fraction in unloaded solution,1.0262,g/cm^3,0.0005,g/cm^3,combined_absolute,direct_positive,property_target_candidate,diagnostic_only,contextual,no,Amundsen2009|unloaded|w=0.70|T=25,binary,unloaded_source_estimate,Unloaded source estimate; not a loaded-row weight.,Measurement pressure unreported; loaded uncertainty scope unbound.,,
AMU-DENS-006,unloaded_mea_density,Amundsen2009,data/reference/MEA/observations/density_viscosity/Amundsen_2009_density_viscosity.csv,6,density,298.15,0.90,,0.90,MEA mass fraction in unloaded solution,1.0200,g/cm^3,0.0005,g/cm^3,combined_absolute,direct_positive,property_target_candidate,diagnostic_only,contextual,no,Amundsen2009|unloaded|w=0.90|T=25,binary,unloaded_source_estimate,Unloaded source estimate; not a loaded-row weight.,Measurement pressure unreported; loaded uncertainty scope unbound.,,
AMU-DENS-007,unloaded_mea_density,Amundsen2009,data/reference/MEA/observations/density_viscosity/Amundsen_2009_density_viscosity.csv,7,density,298.15,1.00,,1.00,pure MEA endpoint,1.0123,g/cm^3,0.0005,g/cm^3,combined_absolute,direct_positive,property_target_candidate,diagnostic_only,contextual,no,Amundsen2009|unloaded|w=1.00|T=25,pure_mea,unloaded_source_estimate,Unloaded source estimate; not a loaded-row weight.,Measurement pressure unreported; loaded uncertainty scope unbound.,,
AMU-DENS-008,unloaded_mea_density,Amundsen2009,data/reference/MEA/observations/density_viscosity/Amundsen_2009_density_viscosity.csv,8,density,313.15,0.20,,0.20,MEA mass fraction in unloaded solution,0.9991,g/cm^3,0.0005,g/cm^3,combined_absolute,direct_positive,property_target_candidate,diagnostic_only,contextual,no,Amundsen2009|unloaded|w=0.20|T=40,binary,unloaded_source_estimate,Unloaded source estimate; not a loaded-row weight.,Measurement pressure unreported; loaded uncertainty scope unbound.,,
AMU-DENS-009,unloaded_mea_density,Amundsen2009,data/reference/MEA/observations/density_viscosity/Amundsen_2009_density_viscosity.csv,9,density,313.15,0.30,,0.30,MEA mass fraction in unloaded solution,1.0034,g/cm^3,0.0005,g/cm^3,combined_absolute,direct_positive,property_target_candidate,diagnostic_only,contextual,no,Amundsen2009|unloaded|w=0.30|T=40,binary,unloaded_source_estimate,Unloaded source estimate; not a loaded-row weight.,Measurement pressure unreported; loaded uncertainty scope unbound.,,
AMU-DENS-010,unloaded_mea_density,Amundsen2009,data/reference/MEA/observations/density_viscosity/Amundsen_2009_density_viscosity.csv,10,density,313.15,0.40,,0.40,MEA mass fraction in unloaded solution,1.0077,g/cm^3,0.0005,g/cm^3,combined_absolute,direct_positive,property_target_candidate,diagnostic_only,contextual,no,Amundsen2009|unloaded|w=0.40|T=40,binary,unloaded_source_estimate,Unloaded source estimate; not a loaded-row weight.,Measurement pressure unreported; loaded uncertainty scope unbound.,,
AMU-DENS-011,unloaded_mea_density,Amundsen2009,data/reference/MEA/observations/density_viscosity/Amundsen_2009_density_viscosity.csv,11,density,313.15,0.50,,0.50,MEA mass fraction in unloaded solution,1.0117,g/cm^3,0.0005,g/cm^3,combined_absolute,direct_positive,property_target_candidate,diagnostic_only,contextual,no,Amundsen2009|unloaded|w=0.50|T=40,binary,unloaded_source_estimate,Unloaded source estimate; not a loaded-row weight.,Measurement pressure unreported; loaded uncertainty scope unbound.,,
AMU-DENS-012,unloaded_mea_density,Amundsen2009,data/reference/MEA/observations/density_viscosity/Amundsen_2009_density_viscosity.csv,12,density,313.15,0.70,,0.70,MEA mass fraction in unloaded solution,1.0155,g/cm^3,0.0005,g/cm^3,combined_absolute,direct_positive,property_target_candidate,diagnostic_only,contextual,no,Amundsen2009|unloaded|w=0.70|T=40,binary,unloaded_source_estimate,Unloaded source estimate; not a loaded-row weight.,Measurement pressure unreported; loaded uncertainty scope unbound.,,
AMU-DENS-013,unloaded_mea_density,Amundsen2009,data/reference/MEA/observations/density_viscosity/Amundsen_2009_density_viscosity.csv,13,density,313.15,0.90,,0.90,MEA mass fraction in unloaded solution,1.0084,g/cm^3,0.0005,g/cm^3,combined_absolute,direct_positive,property_target_candidate,diagnostic_only,contextual,no,Amundsen2009|unloaded|w=0.90|T=40,binary,unloaded_source_estimate,Unloaded source estimate; not a loaded-row weight.,Measurement pressure unreported; loaded uncertainty scope unbound.,,
AMU-DENS-014,unloaded_mea_density,Amundsen2009,data/reference/MEA/observations/density_viscosity/Amundsen_2009_density_viscosity.csv,14,density,313.15,1.00,,1.00,pure MEA endpoint,1.0003,g/cm^3,0.0005,g/cm^3,combined_absolute,direct_positive,property_target_candidate,diagnostic_only,contextual,no,Amundsen2009|unloaded|w=1.00|T=40,pure_mea,unloaded_source_estimate,Unloaded source estimate; not a loaded-row weight.,Measurement pressure unreported; loaded uncertainty scope unbound.,,
AMU-DENS-015,unloaded_mea_density,Amundsen2009,data/reference/MEA/observations/density_viscosity/Amundsen_2009_density_viscosity.csv,15,density,323.15,0.20,,0.20,MEA mass fraction in unloaded solution,0.9943,g/cm^3,0.0005,g/cm^3,combined_absolute,direct_positive,property_target_candidate,diagnostic_only,contextual,no,Amundsen2009|unloaded|w=0.20|T=50,binary,unloaded_source_estimate,Unloaded source estimate; not a loaded-row weight.,Measurement pressure unreported; loaded uncertainty scope unbound.,,
AMU-DENS-016,unloaded_mea_density,Amundsen2009,data/reference/MEA/observations/density_viscosity/Amundsen_2009_density_viscosity.csv,16,density,323.15,0.30,,0.30,MEA mass fraction in unloaded solution,0.9981,g/cm^3,0.0005,g/cm^3,combined_absolute,direct_positive,property_target_candidate,diagnostic_only,contextual,no,Amundsen2009|unloaded|w=0.30|T=50,binary,unloaded_source_estimate,Unloaded source estimate; not a loaded-row weight.,Measurement pressure unreported; loaded uncertainty scope unbound.,,
AMU-DENS-017,unloaded_mea_density,Amundsen2009,data/reference/MEA/observations/density_viscosity/Amundsen_2009_density_viscosity.csv,17,density,323.15,0.40,,0.40,MEA mass fraction in unloaded solution,1.0018,g/cm^3,0.0005,g/cm^3,combined_absolute,direct_positive,property_target_candidate,diagnostic_only,contextual,no,Amundsen2009|unloaded|w=0.40|T=50,binary,unloaded_source_estimate,Unloaded source estimate; not a loaded-row weight.,Measurement pressure unreported; loaded uncertainty scope unbound.,,
AMU-DENS-018,unloaded_mea_density,Amundsen2009,data/reference/MEA/observations/density_viscosity/Amundsen_2009_density_viscosity.csv,18,density,323.15,0.50,,0.50,MEA mass fraction in unloaded solution,1.0053,g/cm^3,0.0005,g/cm^3,combined_absolute,direct_positive,property_target_candidate,diagnostic_only,contextual,no,Amundsen2009|unloaded|w=0.50|T=50,binary,unloaded_source_estimate,Unloaded source estimate; not a loaded-row weight.,Measurement pressure unreported; loaded uncertainty scope unbound.,,
AMU-DENS-019,unloaded_mea_density,Amundsen2009,data/reference/MEA/observations/density_viscosity/Amundsen_2009_density_viscosity.csv,19,density,323.15,0.70,,0.70,MEA mass fraction in unloaded solution,1.0082,g/cm^3,0.0005,g/cm^3,combined_absolute,direct_positive,property_target_candidate,diagnostic_only,contextual,no,Amundsen2009|unloaded|w=0.70|T=50,binary,unloaded_source_estimate,Unloaded source estimate; not a loaded-row weight.,Measurement pressure unreported; loaded uncertainty scope unbound.,,
AMU-DENS-020,unloaded_mea_density,Amundsen2009,data/reference/MEA/observations/density_viscosity/Amundsen_2009_density_viscosity.csv,20,density,323.15,0.90,,0.90,MEA mass fraction in unloaded solution,1.0006,g/cm^3,0.0005,g/cm^3,combined_absolute,direct_positive,property_target_candidate,diagnostic_only,contextual,no,Amundsen2009|unloaded|w=0.90|T=50,binary,unloaded_source_estimate,Unloaded source estimate; not a loaded-row weight.,Measurement pressure unreported; loaded uncertainty scope unbound.,,
AMU-DENS-021,unloaded_mea_density,Amundsen2009,data/reference/MEA/observations/density_viscosity/Amundsen_2009_density_viscosity.csv,21,density,323.15,1.00,,1.00,pure MEA endpoint,0.9923,g/cm^3,0.0005,g/cm^3,combined_absolute,direct_positive,property_target_candidate,diagnostic_only,contextual,no,Amundsen2009|unloaded|w=1.00|T=50,pure_mea,unloaded_source_estimate,Unloaded source estimate; not a loaded-row weight.,Measurement pressure unreported; loaded uncertainty scope unbound.,,
AMU-DENS-022,unloaded_mea_density,Amundsen2009,data/reference/MEA/observations/density_viscosity/Amundsen_2009_density_viscosity.csv,22,density,343.15,0.20,,0.20,MEA mass fraction in unloaded solution,0.9830,g/cm^3,0.0005,g/cm^3,combined_absolute,direct_positive,property_target_candidate,diagnostic_only,contextual,no,Amundsen2009|unloaded|w=0.20|T=70,binary,unloaded_source_estimate,Unloaded source estimate; not a loaded-row weight.,Measurement pressure unreported; loaded uncertainty scope unbound.,,
AMU-DENS-023,unloaded_mea_density,Amundsen2009,data/reference/MEA/observations/density_viscosity/Amundsen_2009_density_viscosity.csv,23,density,343.15,0.30,,0.30,MEA mass fraction in unloaded solution,0.9858,g/cm^3,0.0005,g/cm^3,combined_absolute,direct_positive,property_target_candidate,diagnostic_only,contextual,no,Amundsen2009|unloaded|w=0.30|T=70,binary,unloaded_source_estimate,Unloaded source estimate; not a loaded-row weight.,Measurement pressure unreported; loaded uncertainty scope unbound.,,
AMU-DENS-024,unloaded_mea_density,Amundsen2009,data/reference/MEA/observations/density_viscosity/Amundsen_2009_density_viscosity.csv,24,density,343.15,0.40,,0.40,MEA mass fraction in unloaded solution,0.9889,g/cm^3,0.0005,g/cm^3,combined_absolute,direct_positive,property_target_candidate,diagnostic_only,contextual,no,Amundsen2009|unloaded|w=0.40|T=70,binary,unloaded_source_estimate,Unloaded source estimate; not a loaded-row weight.,Measurement pressure unreported; loaded uncertainty scope unbound.,,
AMU-DENS-025,unloaded_mea_density,Amundsen2009,data/reference/MEA/observations/density_viscosity/Amundsen_2009_density_viscosity.csv,25,density,343.15,0.50,,0.50,MEA mass fraction in unloaded solution,0.9915,g/cm^3,0.0005,g/cm^3,combined_absolute,direct_positive,property_target_candidate,diagnostic_only,contextual,no,Amundsen2009|unloaded|w=0.50|T=70,binary,unloaded_source_estimate,Unloaded source estimate; not a loaded-row weight.,Measurement pressure unreported; loaded uncertainty scope unbound.,,
AMU-DENS-026,unloaded_mea_density,Amundsen2009,data/reference/MEA/observations/density_viscosity/Amundsen_2009_density_viscosity.csv,26,density,343.15,0.70,,0.70,MEA mass fraction in unloaded solution,0.9930,g/cm^3,0.0005,g/cm^3,combined_absolute,direct_positive,property_target_candidate,diagnostic_only,contextual,no,Amundsen2009|unloaded|w=0.70|T=70,binary,unloaded_source_estimate,Unloaded source estimate; not a loaded-row weight.,Measurement pressure unreported; loaded uncertainty scope unbound.,,
AMU-DENS-027,unloaded_mea_density,Amundsen2009,data/reference/MEA/observations/density_viscosity/Amundsen_2009_density_viscosity.csv,27,density,343.15,0.90,,0.90,MEA mass fraction in unloaded solution,0.9846,g/cm^3,0.0005,g/cm^3,combined_absolute,direct_positive,property_target_candidate,diagnostic_only,contextual,no,Amundsen2009|unloaded|w=0.90|T=70,binary,unloaded_source_estimate,Unloaded source estimate; not a loaded-row weight.,Measurement pressure unreported; loaded uncertainty scope unbound.,,
AMU-DENS-028,unloaded_mea_density,Amundsen2009,data/reference/MEA/observations/density_viscosity/Amundsen_2009_density_viscosity.csv,28,density,343.15,1.00,,1.00,pure MEA endpoint,0.9760,g/cm^3,0.0005,g/cm^3,combined_absolute,direct_positive,property_target_candidate,diagnostic_only,contextual,no,Amundsen2009|unloaded|w=1.00|T=70,pure_mea,unloaded_source_estimate,Unloaded source estimate; not a loaded-row weight.,Measurement pressure unreported; loaded uncertainty scope unbound.,,
AMU-DENS-029,unloaded_mea_density,Amundsen2009,data/reference/MEA/observations/density_viscosity/Amundsen_2009_density_viscosity.csv,29,density,353.15,0.20,,0.20,MEA mass fraction in unloaded solution,0.9766,g/cm^3,0.0005,g/cm^3,combined_absolute,direct_positive,property_target_candidate,diagnostic_only,contextual,no,Amundsen2009|unloaded|w=0.20|T=80,binary,unloaded_source_estimate,Unloaded source estimate; not a loaded-row weight.,Measurement pressure unreported; loaded uncertainty scope unbound.,,
AMU-DENS-030,unloaded_mea_density,Amundsen2009,data/reference/MEA/observations/density_viscosity/Amundsen_2009_density_viscosity.csv,30,density,353.15,0.30,,0.30,MEA mass fraction in unloaded solution,0.9794,g/cm^3,0.0005,g/cm^3,combined_absolute,direct_positive,property_target_candidate,diagnostic_only,contextual,no,Amundsen2009|unloaded|w=0.30|T=80,binary,unloaded_source_estimate,Unloaded source estimate; not a loaded-row weight.,Measurement pressure unreported; loaded uncertainty scope unbound.,,
AMU-DENS-031,unloaded_mea_density,Amundsen2009,data/reference/MEA/observations/density_viscosity/Amundsen_2009_density_viscosity.csv,31,density,353.15,0.40,,0.40,MEA mass fraction in unloaded solution,0.9819,g/cm^3,0.0005,g/cm^3,combined_absolute,direct_positive,property_target_candidate,diagnostic_only,contextual,no,Amundsen2009|unloaded|w=0.40|T=80,binary,unloaded_source_estimate,Unloaded source estimate; not a loaded-row weight.,Measurement pressure unreported; loaded uncertainty scope unbound.,,
AMU-DENS-032,unloaded_mea_density,Amundsen2009,data/reference/MEA/observations/density_viscosity/Amundsen_2009_density_viscosity.csv,32,density,353.15,0.50,,0.50,MEA mass fraction in unloaded solution,0.9842,g/cm^3,0.0005,g/cm^3,combined_absolute,direct_positive,property_target_candidate,diagnostic_only,contextual,no,Amundsen2009|unloaded|w=0.50|T=80,binary,unloaded_source_estimate,Unloaded source estimate; not a loaded-row weight.,Measurement pressure unreported; loaded uncertainty scope unbound.,,
AMU-DENS-033,unloaded_mea_density,Amundsen2009,data/reference/MEA/observations/density_viscosity/Amundsen_2009_density_viscosity.csv,33,density,353.15,0.70,,0.70,MEA mass fraction in unloaded solution,0.9850,g/cm^3,0.0005,g/cm^3,combined_absolute,direct_positive,property_target_candidate,diagnostic_only,contextual,no,Amundsen2009|unloaded|w=0.70|T=80,binary,unloaded_source_estimate,Unloaded source estimate; not a loaded-row weight.,Measurement pressure unreported; loaded uncertainty scope unbound.,,
AMU-DENS-034,unloaded_mea_density,Amundsen2009,data/reference/MEA/observations/density_viscosity/Amundsen_2009_density_viscosity.csv,34,density,353.15,0.90,,0.90,MEA mass fraction in unloaded solution,0.9764,g/cm^3,0.0005,g/cm^3,combined_absolute,direct_positive,property_target_candidate,diagnostic_only,contextual,no,Amundsen2009|unloaded|w=0.90|T=80,binary,unloaded_source_estimate,Unloaded source estimate; not a loaded-row weight.,Measurement pressure unreported; loaded uncertainty scope unbound.,,
AMU-DENS-035,unloaded_mea_density,Amundsen2009,data/reference/MEA/observations/density_viscosity/Amundsen_2009_density_viscosity.csv,35,density,353.15,1.00,,1.00,pure MEA endpoint,0.9678,g/cm^3,0.0005,g/cm^3,combined_absolute,direct_positive,property_target_candidate,diagnostic_only,contextual,no,Amundsen2009|unloaded|w=1.00|T=80,pure_mea,unloaded_source_estimate,Unloaded source estimate; not a loaded-row weight.,Measurement pressure unreported; loaded uncertainty scope unbound.,,
AMU-DENS-036,reactive_mea_density,Amundsen2009,data/reference/MEA/observations/density_viscosity/Amundsen_2009_density_viscosity.csv,36,density,298.15,0.20,0.1,0.20,MEA mass fraction in unloaded solution,1.0188,g/cm^3,,g/cm^3,unbound_source_scope,direct_positive,property_target_candidate,diagnostic_only,contextual,no,Amundsen2009|loaded|w=0.20|T=25,ternary,loaded_scope_unbound,Loaded general estimates exclude highest T/loadings; exact per-row boundary unresolved (pp.3099-3100).,Measurement pressure unreported; loaded uncertainty scope unbound.,,
AMU-DENS-037,reactive_mea_density,Amundsen2009,data/reference/MEA/observations/density_viscosity/Amundsen_2009_density_viscosity.csv,37,density,298.15,0.20,0.2,0.20,MEA mass fraction in unloaded solution,1.0327,g/cm^3,,g/cm^3,unbound_source_scope,direct_positive,property_target_candidate,diagnostic_only,contextual,no,Amundsen2009|loaded|w=0.20|T=25,ternary,loaded_scope_unbound,Loaded general estimates exclude highest T/loadings; exact per-row boundary unresolved (pp.3099-3100).,Measurement pressure unreported; loaded uncertainty scope unbound.,,
AMU-DENS-038,reactive_mea_density,Amundsen2009,data/reference/MEA/observations/density_viscosity/Amundsen_2009_density_viscosity.csv,38,density,298.15,0.20,0.3,0.20,MEA mass fraction in unloaded solution,1.0476,g/cm^3,,g/cm^3,unbound_source_scope,direct_positive,property_target_candidate,diagnostic_only,contextual,no,Amundsen2009|loaded|w=0.20|T=25,ternary,loaded_scope_unbound,Loaded general estimates exclude highest T/loadings; exact per-row boundary unresolved (pp.3099-3100).,Measurement pressure unreported; loaded uncertainty scope unbound.,,
AMU-DENS-039,reactive_mea_density,Amundsen2009,data/reference/MEA/observations/density_viscosity/Amundsen_2009_density_viscosity.csv,39,density,298.15,0.20,0.4,0.20,MEA mass fraction in unloaded solution,1.0640,g/cm^3,,g/cm^3,unbound_source_scope,direct_positive,property_target_candidate,diagnostic_only,contextual,no,Amundsen2009|loaded|w=0.20|T=25,ternary,loaded_scope_unbound,Loaded general estimates exclude highest T/loadings; exact per-row boundary unresolved (pp.3099-3100).,Measurement pressure unreported; loaded uncertainty scope unbound.,,
AMU-DENS-040,reactive_mea_density,Amundsen2009,data/reference/MEA/observations/density_viscosity/Amundsen_2009_density_viscosity.csv,40,density,298.15,0.20,0.5,0.20,MEA mass fraction in unloaded solution,1.0800,g/cm^3,,g/cm^3,unbound_source_scope,direct_positive,property_target_candidate,diagnostic_only,contextual,no,Amundsen2009|loaded|w=0.20|T=25,ternary,loaded_scope_unbound,Loaded general estimates exclude highest T/loadings; exact per-row boundary unresolved (pp.3099-3100).,Measurement pressure unreported; loaded uncertainty scope unbound.,,
AMU-DENS-041,reactive_mea_density,Amundsen2009,data/reference/MEA/observations/density_viscosity/Amundsen_2009_density_viscosity.csv,41,density,313.15,0.20,0.1,0.20,MEA mass fraction in unloaded solution,1.0125,g/cm^3,,g/cm^3,unbound_source_scope,direct_positive,property_target_candidate,diagnostic_only,contextual,no,Amundsen2009|loaded|w=0.20|T=40,ternary,loaded_scope_unbound,Loaded general estimates exclude highest T/loadings; exact per-row boundary unresolved (pp.3099-3100).,Measurement pressure unreported; loaded uncertainty scope unbound.,,
AMU-DENS-042,reactive_mea_density,Amundsen2009,data/reference/MEA/observations/density_viscosity/Amundsen_2009_density_viscosity.csv,42,density,313.15,0.20,0.2,0.20,MEA mass fraction in unloaded solution,1.0264,g/cm^3,,g/cm^3,unbound_source_scope,direct_positive,property_target_candidate,diagnostic_only,contextual,no,Amundsen2009|loaded|w=0.20|T=40,ternary,loaded_scope_unbound,Loaded general estimates exclude highest T/loadings; exact per-row boundary unresolved (pp.3099-3100).,Measurement pressure unreported; loaded uncertainty scope unbound.,,
AMU-DENS-043,reactive_mea_density,Amundsen2009,data/reference/MEA/observations/density_viscosity/Amundsen_2009_density_viscosity.csv,43,density,313.15,0.20,0.3,0.20,MEA mass fraction in unloaded solution,1.0413,g/cm^3,,g/cm^3,unbound_source_scope,direct_positive,property_target_candidate,diagnostic_only,contextual,no,Amundsen2009|loaded|w=0.20|T=40,ternary,loaded_scope_unbound,Loaded general estimates exclude highest T/loadings; exact per-row boundary unresolved (pp.3099-3100).,Measurement pressure unreported; loaded uncertainty scope unbound.,,
AMU-DENS-044,reactive_mea_density,Amundsen2009,data/reference/MEA/observations/density_viscosity/Amundsen_2009_density_viscosity.csv,44,density,313.15,0.20,0.4,0.20,MEA mass fraction in unloaded solution,1.0579,g/cm^3,,g/cm^3,unbound_source_scope,direct_positive,property_target_candidate,diagnostic_only,contextual,no,Amundsen2009|loaded|w=0.20|T=40,ternary,loaded_scope_unbound,Loaded general estimates exclude highest T/loadings; exact per-row boundary unresolved (pp.3099-3100).,Measurement pressure unreported; loaded uncertainty scope unbound.,,
AMU-DENS-045,reactive_mea_density,Amundsen2009,data/reference/MEA/observations/density_viscosity/Amundsen_2009_density_viscosity.csv,45,density,313.15,0.20,0.5,0.20,MEA mass fraction in unloaded solution,1.0735,g/cm^3,,g/cm^3,unbound_source_scope,direct_positive,property_target_candidate,diagnostic_only,contextual,no,Amundsen2009|loaded|w=0.20|T=40,ternary,loaded_scope_unbound,Loaded general estimates exclude highest T/loadings; exact per-row boundary unresolved (pp.3099-3100).,Measurement pressure unreported; loaded uncertainty scope unbound.,,
AMU-DENS-046,reactive_mea_density,Amundsen2009,data/reference/MEA/observations/density_viscosity/Amundsen_2009_density_viscosity.csv,46,density,323.15,0.20,0.1,0.20,MEA mass fraction in unloaded solution,1.0076,g/cm^3,,g/cm^3,unbound_source_scope,direct_positive,property_target_candidate,diagnostic_only,contextual,no,Amundsen2009|loaded|w=0.20|T=50,ternary,loaded_scope_unbound,Loaded general estimates exclude highest T/loadings; exact per-row boundary unresolved (pp.3099-3100).,Measurement pressure unreported; loaded uncertainty scope unbound.,,
AMU-DENS-047,reactive_mea_density,Amundsen2009,data/reference/MEA/observations/density_viscosity/Amundsen_2009_density_viscosity.csv,47,density,323.15,0.20,0.2,0.20,MEA mass fraction in unloaded solution,1.0215,g/cm^3,,g/cm^3,unbound_source_scope,direct_positive,property_target_candidate,diagnostic_only,contextual,no,Amundsen2009|loaded|w=0.20|T=50,ternary,loaded_scope_unbound,Loaded general estimates exclude highest T/loadings; exact per-row boundary unresolved (pp.3099-3100).,Measurement pressure unreported; loaded uncertainty scope unbound.,,
AMU-DENS-048,reactive_mea_density,Amundsen2009,data/reference/MEA/observations/density_viscosity/Amundsen_2009_density_viscosity.csv,48,density,323.15,0.20,0.3,0.20,MEA mass fraction in unloaded solution,1.0364,g/cm^3,,g/cm^3,unbound_source_scope,direct_positive,property_target_candidate,diagnostic_only,contextual,no,Amundsen2009|loaded|w=0.20|T=50,ternary,loaded_scope_unbound,Loaded general estimates exclude highest T/loadings; exact per-row boundary unresolved (pp.3099-3100).,Measurement pressure unreported; loaded uncertainty scope unbound.,,
AMU-DENS-049,reactive_mea_density,Amundsen2009,data/reference/MEA/observations/density_viscosity/Amundsen_2009_density_viscosity.csv,49,density,323.15,0.20,0.4,0.20,MEA mass fraction in unloaded solution,1.0530,g/cm^3,,g/cm^3,unbound_source_scope,direct_positive,property_target_candidate,diagnostic_only,contextual,no,Amundsen2009|loaded|w=0.20|T=50,ternary,loaded_scope_unbound,Loaded general estimates exclude highest T/loadings; exact per-row boundary unresolved (pp.3099-3100).,Measurement pressure unreported; loaded uncertainty scope unbound.,,
AMU-DENS-050,reactive_mea_density,Amundsen2009,data/reference/MEA/observations/density_viscosity/Amundsen_2009_density_viscosity.csv,50,density,323.15,0.20,0.5,0.20,MEA mass fraction in unloaded solution,1.0680,g/cm^3,,g/cm^3,unbound_source_scope,direct_positive,property_target_candidate,diagnostic_only,contextual,no,Amundsen2009|loaded|w=0.20|T=50,ternary,loaded_scope_unbound,Loaded general estimates exclude highest T/loadings; exact per-row boundary unresolved (pp.3099-3100).,Measurement pressure unreported; loaded uncertainty scope unbound.,,
AMU-DENS-051,reactive_mea_density,Amundsen2009,data/reference/MEA/observations/density_viscosity/Amundsen_2009_density_viscosity.csv,51,density,343.15,0.20,0.1,0.20,MEA mass fraction in unloaded solution,0.9965,g/cm^3,,g/cm^3,unbound_source_scope,direct_positive,property_target_candidate,diagnostic_only,contextual,no,Amundsen2009|loaded|w=0.20|T=70,ternary,loaded_scope_unbound,Loaded general estimates exclude highest T/loadings; exact per-row boundary unresolved (pp.3099-3100).,Measurement pressure unreported; loaded uncertainty scope unbound.,,
AMU-DENS-052,reactive_mea_density,Amundsen2009,data/reference/MEA/observations/density_viscosity/Amundsen_2009_density_viscosity.csv,52,density,343.15,0.20,0.2,0.20,MEA mass fraction in unloaded solution,1.0105,g/cm^3,,g/cm^3,unbound_source_scope,direct_positive,property_target_candidate,diagnostic_only,contextual,no,Amundsen2009|loaded|w=0.20|T=70,ternary,loaded_scope_unbound,Loaded general estimates exclude highest T/loadings; exact per-row boundary unresolved (pp.3099-3100).,Measurement pressure unreported; loaded uncertainty scope unbound.,,
AMU-DENS-053,reactive_mea_density,Amundsen2009,data/reference/MEA/observations/density_viscosity/Amundsen_2009_density_viscosity.csv,53,density,343.15,0.20,0.3,0.20,MEA mass fraction in unloaded solution,1.0254,g/cm^3,,g/cm^3,unbound_source_scope,direct_positive,property_target_candidate,diagnostic_only,contextual,no,Amundsen2009|loaded|w=0.20|T=70,ternary,loaded_scope_unbound,Loaded general estimates exclude highest T/loadings; exact per-row boundary unresolved (pp.3099-3100).,Measurement pressure unreported; loaded uncertainty scope unbound.,,
AMU-DENS-054,reactive_mea_density,Amundsen2009,data/reference/MEA/observations/density_viscosity/Amundsen_2009_density_viscosity.csv,54,density,343.15,0.20,0.4,0.20,MEA mass fraction in unloaded solution,1.0419,g/cm^3,,g/cm^3,unbound_source_scope,direct_positive,property_target_candidate,diagnostic_only,contextual,no,Amundsen2009|loaded|w=0.20|T=70,ternary,loaded_scope_unbound,Loaded general estimates exclude highest T/loadings; exact per-row boundary unresolved (pp.3099-3100).,Measurement pressure unreported; loaded uncertainty scope unbound.,,
AMU-DENS-055,reactive_mea_density,Amundsen2009,data/reference/MEA/observations/density_viscosity/Amundsen_2009_density_viscosity.csv,55,density,343.15,0.20,0.5,0.20,MEA mass fraction in unloaded solution,1.0570,g/cm^3,,g/cm^3,unbound_source_scope,direct_positive,property_target_candidate,diagnostic_only,contextual,no,Amundsen2009|loaded|w=0.20|T=70,ternary,loaded_scope_unbound,Loaded general estimates exclude highest T/loadings; exact per-row boundary unresolved (pp.3099-3100).,Measurement pressure unreported; loaded uncertainty scope unbound.,,
AMU-DENS-056,reactive_mea_density,Amundsen2009,data/reference/MEA/observations/density_viscosity/Amundsen_2009_density_viscosity.csv,56,density,353.15,0.20,0.1,0.20,MEA mass fraction in unloaded solution,0.9902,g/cm^3,,g/cm^3,unbound_source_scope,direct_positive,property_target_candidate,diagnostic_only,contextual,no,Amundsen2009|loaded|w=0.20|T=80,ternary,loaded_scope_unbound,Loaded general estimates exclude highest T/loadings; exact per-row boundary unresolved (pp.3099-3100).,Measurement pressure unreported; loaded uncertainty scope unbound.,,
AMU-DENS-057,reactive_mea_density,Amundsen2009,data/reference/MEA/observations/density_viscosity/Amundsen_2009_density_viscosity.csv,57,density,353.15,0.20,0.2,0.20,MEA mass fraction in unloaded solution,1.0043,g/cm^3,,g/cm^3,unbound_source_scope,direct_positive,property_target_candidate,diagnostic_only,contextual,no,Amundsen2009|loaded|w=0.20|T=80,ternary,loaded_scope_unbound,Loaded general estimates exclude highest T/loadings; exact per-row boundary unresolved (pp.3099-3100).,Measurement pressure unreported; loaded uncertainty scope unbound.,,
AMU-DENS-058,reactive_mea_density,Amundsen2009,data/reference/MEA/observations/density_viscosity/Amundsen_2009_density_viscosity.csv,58,density,353.15,0.20,0.3,0.20,MEA mass fraction in unloaded solution,1.0192,g/cm^3,,g/cm^3,unbound_source_scope,direct_positive,property_target_candidate,diagnostic_only,contextual,no,Amundsen2009|loaded|w=0.20|T=80,ternary,loaded_scope_unbound,Loaded general estimates exclude highest T/loadings; exact per-row boundary unresolved (pp.3099-3100).,Measurement pressure unreported; loaded uncertainty scope unbound.,,
AMU-DENS-059,reactive_mea_density,Amundsen2009,data/reference/MEA/observations/density_viscosity/Amundsen_2009_density_viscosity.csv,59,density,353.15,0.20,0.4,0.20,MEA mass fraction in unloaded solution,1.0360,g/cm^3,,g/cm^3,unbound_source_scope,direct_positive,property_target_candidate,diagnostic_only,contextual,no,Amundsen2009|loaded|w=0.20|T=80,ternary,loaded_scope_unbound,Loaded general estimates exclude highest T/loadings; exact per-row boundary unresolved (pp.3099-3100).,Measurement pressure unreported; loaded uncertainty scope unbound.,,
AMU-DENS-060,reactive_mea_density,Amundsen2009,data/reference/MEA/observations/density_viscosity/Amundsen_2009_density_viscosity.csv,60,density,298.15,0.30,0.1,0.30,MEA mass fraction in unloaded solution,1.0280,g/cm^3,,g/cm^3,unbound_source_scope,direct_positive,property_target_candidate,diagnostic_only,contextual,no,Amundsen2009|loaded|w=0.30|T=25,ternary,loaded_scope_unbound,Loaded general estimates exclude highest T/loadings; exact per-row boundary unresolved (pp.3099-3100).,Measurement pressure unreported; loaded uncertainty scope unbound.,,
AMU-DENS-061,reactive_mea_density,Amundsen2009,data/reference/MEA/observations/density_viscosity/Amundsen_2009_density_viscosity.csv,61,density,298.15,0.30,0.2,0.30,MEA mass fraction in unloaded solution,1.0480,g/cm^3,,g/cm^3,unbound_source_scope,direct_positive,property_target_candidate,diagnostic_only,contextual,no,Amundsen2009|loaded|w=0.30|T=25,ternary,loaded_scope_unbound,Loaded general estimates exclude highest T/loadings; exact per-row boundary unresolved (pp.3099-3100).,Measurement pressure unreported; loaded uncertainty scope unbound.,,
AMU-DENS-062,reactive_mea_density,Amundsen2009,data/reference/MEA/observations/density_viscosity/Amundsen_2009_density_viscosity.csv,62,density,298.15,0.30,0.3,0.30,MEA mass fraction in unloaded solution,1.0700,g/cm^3,,g/cm^3,unbound_source_scope,direct_positive,property_target_candidate,diagnostic_only,contextual,no,Amundsen2009|loaded|w=0.30|T=25,ternary,loaded_scope_unbound,Loaded general estimates exclude highest T/loadings; exact per-row boundary unresolved (pp.3099-3100).,Measurement pressure unreported; loaded uncertainty scope unbound.,,
AMU-DENS-063,reactive_mea_density,Amundsen2009,data/reference/MEA/observations/density_viscosity/Amundsen_2009_density_viscosity.csv,63,density,298.15,0.30,0.4,0.30,MEA mass fraction in unloaded solution,1.0957,g/cm^3,,g/cm^3,unbound_source_scope,direct_positive,property_target_candidate,diagnostic_only,contextual,no,Amundsen2009|loaded|w=0.30|T=25,ternary,loaded_scope_unbound,Loaded general estimates exclude highest T/loadings; exact per-row boundary unresolved (pp.3099-3100).,Measurement pressure unreported; loaded uncertainty scope unbound.,,
AMU-DENS-064,reactive_mea_density,Amundsen2009,data/reference/MEA/observations/density_viscosity/Amundsen_2009_density_viscosity.csv,64,density,298.15,0.30,0.5,0.30,MEA mass fraction in unloaded solution,1.1211,g/cm^3,,g/cm^3,unbound_source_scope,direct_positive,property_target_candidate,diagnostic_only,contextual,no,Amundsen2009|loaded|w=0.30|T=25,ternary,loaded_scope_unbound,Loaded general estimates exclude highest T/loadings; exact per-row boundary unresolved (pp.3099-3100).,Measurement pressure unreported; loaded uncertainty scope unbound.,,
AMU-DENS-065,reactive_mea_density,Amundsen2009,data/reference/MEA/observations/density_viscosity/Amundsen_2009_density_viscosity.csv,65,density,313.15,0.30,0.1,0.30,MEA mass fraction in unloaded solution,1.0210,g/cm^3,,g/cm^3,unbound_source_scope,direct_positive,property_target_candidate,diagnostic_only,contextual,no,Amundsen2009|loaded|w=0.30|T=40,ternary,loaded_scope_unbound,Loaded general estimates exclude highest T/loadings; exact per-row boundary unresolved (pp.3099-3100).,Measurement pressure unreported; loaded uncertainty scope unbound.,,
AMU-DENS-066,reactive_mea_density,Amundsen2009,data/reference/MEA/observations/density_viscosity/Amundsen_2009_density_viscosity.csv,66,density,313.15,0.30,0.2,0.30,MEA mass fraction in unloaded solution,1.0410,g/cm^3,,g/cm^3,unbound_source_scope,direct_positive,property_target_candidate,diagnostic_only,contextual,no,Amundsen2009|loaded|w=0.30|T=40,ternary,loaded_scope_unbound,Loaded general estimates exclude highest T/loadings; exact per-row boundary unresolved (pp.3099-3100).,Measurement pressure unreported; loaded uncertainty scope unbound.,,
AMU-DENS-067,reactive_mea_density,Amundsen2009,data/reference/MEA/observations/density_viscosity/Amundsen_2009_density_viscosity.csv,67,density,313.15,0.30,0.3,0.30,MEA mass fraction in unloaded solution,1.0629,g/cm^3,,g/cm^3,unbound_source_scope,direct_positive,property_target_candidate,diagnostic_only,contextual,no,Amundsen2009|loaded|w=0.30|T=40,ternary,loaded_scope_unbound,Loaded general estimates exclude highest T/loadings; exact per-row boundary unresolved (pp.3099-3100).,Measurement pressure unreported; loaded uncertainty scope unbound.,,
AMU-DENS-068,reactive_mea_density,Amundsen2009,data/reference/MEA/observations/density_viscosity/Amundsen_2009_density_viscosity.csv,68,density,313.15,0.30,0.4,0.30,MEA mass fraction in unloaded solution,1.0885,g/cm^3,,g/cm^3,unbound_source_scope,direct_positive,property_target_candidate,diagnostic_only,contextual,no,Amundsen2009|loaded|w=0.30|T=40,ternary,loaded_scope_unbound,Loaded general estimates exclude highest T/loadings; exact per-row boundary unresolved (pp.3099-3100).,Measurement pressure unreported; loaded uncertainty scope unbound.,,
AMU-DENS-069,reactive_mea_density,Amundsen2009,data/reference/MEA/observations/density_viscosity/Amundsen_2009_density_viscosity.csv,69,density,313.15,0.30,0.5,0.30,MEA mass fraction in unloaded solution,1.1140,g/cm^3,,g/cm^3,unbound_source_scope,direct_positive,property_target_candidate,diagnostic_only,contextual,no,Amundsen2009|loaded|w=0.30|T=40,ternary,loaded_scope_unbound,Loaded general estimates exclude highest T/loadings; exact per-row boundary unresolved (pp.3099-3100).,Measurement pressure unreported; loaded uncertainty scope unbound.,,
AMU-DENS-070,reactive_mea_density,Amundsen2009,data/reference/MEA/observations/density_viscosity/Amundsen_2009_density_viscosity.csv,70,density,323.15,0.30,0.1,0.30,MEA mass fraction in unloaded solution,1.0160,g/cm^3,,g/cm^3,unbound_source_scope,direct_positive,property_target_candidate,diagnostic_only,contextual,no,Amundsen2009|loaded|w=0.30|T=50,ternary,loaded_scope_unbound,Loaded general estimates exclude highest T/loadings; exact per-row boundary unresolved (pp.3099-3100).,Measurement pressure unreported; loaded uncertainty scope unbound.,,
AMU-DENS-071,reactive_mea_density,Amundsen2009,data/reference/MEA/observations/density_viscosity/Amundsen_2009_density_viscosity.csv,71,density,323.15,0.30,0.2,0.30,MEA mass fraction in unloaded solution,1.0355,g/cm^3,,g/cm^3,unbound_source_scope,direct_positive,property_target_candidate,diagnostic_only,contextual,no,Amundsen2009|loaded|w=0.30|T=50,ternary,loaded_scope_unbound,Loaded general estimates exclude highest T/loadings; exact per-row boundary unresolved (pp.3099-3100).,Measurement pressure unreported; loaded uncertainty scope unbound.,,
AMU-DENS-072,reactive_mea_density,Amundsen2009,data/reference/MEA/observations/density_viscosity/Amundsen_2009_density_viscosity.csv,72,density,323.15,0.30,0.3,0.30,MEA mass fraction in unloaded solution,1.0580,g/cm^3,,g/cm^3,unbound_source_scope,direct_positive,property_target_candidate,diagnostic_only,contextual,no,Amundsen2009|loaded|w=0.30|T=50,ternary,loaded_scope_unbound,Loaded general estimates exclude highest T/loadings; exact per-row boundary unresolved (pp.3099-3100).,Measurement pressure unreported; loaded uncertainty scope unbound.,,
AMU-DENS-073,reactive_mea_density,Amundsen2009,data/reference/MEA/observations/density_viscosity/Amundsen_2009_density_viscosity.csv,73,density,323.15,0.30,0.4,0.30,MEA mass fraction in unloaded solution,1.0830,g/cm^3,,g/cm^3,unbound_source_scope,direct_positive,property_target_candidate,diagnostic_only,contextual,no,Amundsen2009|loaded|w=0.30|T=50,ternary,loaded_scope_unbound,Loaded general estimates exclude highest T/loadings; exact per-row boundary unresolved (pp.3099-3100).,Measurement pressure unreported; loaded uncertainty scope unbound.,,
AMU-DENS-074,reactive_mea_density,Amundsen2009,data/reference/MEA/observations/density_viscosity/Amundsen_2009_density_viscosity.csv,74,density,323.15,0.30,0.5,0.30,MEA mass fraction in unloaded solution,1.1080,g/cm^3,,g/cm^3,unbound_source_scope,direct_positive,property_target_candidate,diagnostic_only,contextual,no,Amundsen2009|loaded|w=0.30|T=50,ternary,loaded_scope_unbound,Loaded general estimates exclude highest T/loadings; exact per-row boundary unresolved (pp.3099-3100).,Measurement pressure unreported; loaded uncertainty scope unbound.,,
AMU-DENS-075,reactive_mea_density,Amundsen2009,data/reference/MEA/observations/density_viscosity/Amundsen_2009_density_viscosity.csv,75,density,343.15,0.30,0.1,0.30,MEA mass fraction in unloaded solution,1.0040,g/cm^3,,g/cm^3,unbound_source_scope,direct_positive,property_target_candidate,diagnostic_only,contextual,no,Amundsen2009|loaded|w=0.30|T=70,ternary,loaded_scope_unbound,Loaded general estimates exclude highest T/loadings; exact per-row boundary unresolved (pp.3099-3100).,Measurement pressure unreported; loaded uncertainty scope unbound.,,
AMU-DENS-076,reactive_mea_density,Amundsen2009,data/reference/MEA/observations/density_viscosity/Amundsen_2009_density_viscosity.csv,76,density,343.15,0.30,0.2,0.30,MEA mass fraction in unloaded solution,1.0240,g/cm^3,,g/cm^3,unbound_source_scope,direct_positive,property_target_candidate,diagnostic_only,contextual,no,Amundsen2009|loaded|w=0.30|T=70,ternary,loaded_scope_unbound,Loaded general estimates exclude highest T/loadings; exact per-row boundary unresolved (pp.3099-3100).,Measurement pressure unreported; loaded uncertainty scope unbound.,,
AMU-DENS-077,reactive_mea_density,Amundsen2009,data/reference/MEA/observations/density_viscosity/Amundsen_2009_density_viscosity.csv,77,density,343.15,0.30,0.3,0.30,MEA mass fraction in unloaded solution,1.0464,g/cm^3,,g/cm^3,unbound_source_scope,direct_positive,property_target_candidate,diagnostic_only,contextual,no,Amundsen2009|loaded|w=0.30|T=70,ternary,loaded_scope_unbound,Loaded general estimates exclude highest T/loadings; exact per-row boundary unresolved (pp.3099-3100).,Measurement pressure unreported; loaded uncertainty scope unbound.,,
AMU-DENS-078,reactive_mea_density,Amundsen2009,data/reference/MEA/observations/density_viscosity/Amundsen_2009_density_viscosity.csv,78,density,343.15,0.30,0.4,0.30,MEA mass fraction in unloaded solution,1.0719,g/cm^3,,g/cm^3,unbound_source_scope,direct_positive,property_target_candidate,diagnostic_only,contextual,no,Amundsen2009|loaded|w=0.30|T=70,ternary,loaded_scope_unbound,Loaded general estimates exclude highest T/loadings; exact per-row boundary unresolved (pp.3099-3100).,Measurement pressure unreported; loaded uncertainty scope unbound.,,
AMU-DENS-079,reactive_mea_density,Amundsen2009,data/reference/MEA/observations/density_viscosity/Amundsen_2009_density_viscosity.csv,79,density,353.15,0.30,0.1,0.30,MEA mass fraction in unloaded solution,0.9970,g/cm^3,,g/cm^3,unbound_source_scope,direct_positive,property_target_candidate,diagnostic_only,contextual,no,Amundsen2009|loaded|w=0.30|T=80,ternary,loaded_scope_unbound,Loaded general estimates exclude highest T/loadings; exact per-row boundary unresolved (pp.3099-3100).,Measurement pressure unreported; loaded uncertainty scope unbound.,,
AMU-DENS-080,reactive_mea_density,Amundsen2009,data/reference/MEA/observations/density_viscosity/Amundsen_2009_density_viscosity.csv,80,density,353.15,0.30,0.2,0.30,MEA mass fraction in unloaded solution,1.0176,g/cm^3,,g/cm^3,unbound_source_scope,direct_positive,property_target_candidate,diagnostic_only,contextual,no,Amundsen2009|loaded|w=0.30|T=80,ternary,loaded_scope_unbound,Loaded general estimates exclude highest T/loadings; exact per-row boundary unresolved (pp.3099-3100).,Measurement pressure unreported; loaded uncertainty scope unbound.,,
AMU-DENS-081,reactive_mea_density,Amundsen2009,data/reference/MEA/observations/density_viscosity/Amundsen_2009_density_viscosity.csv,81,density,353.15,0.30,0.3,0.30,MEA mass fraction in unloaded solution,1.0402,g/cm^3,,g/cm^3,unbound_source_scope,direct_positive,property_target_candidate,diagnostic_only,contextual,no,Amundsen2009|loaded|w=0.30|T=80,ternary,loaded_scope_unbound,Loaded general estimates exclude highest T/loadings; exact per-row boundary unresolved (pp.3099-3100).,Measurement pressure unreported; loaded uncertainty scope unbound.,,
AMU-DENS-082,reactive_mea_density,Amundsen2009,data/reference/MEA/observations/density_viscosity/Amundsen_2009_density_viscosity.csv,82,density,353.15,0.30,0.4,0.30,MEA mass fraction in unloaded solution,1.0660,g/cm^3,,g/cm^3,unbound_source_scope,direct_positive,property_target_candidate,diagnostic_only,contextual,no,Amundsen2009|loaded|w=0.30|T=80,ternary,loaded_scope_unbound,Loaded general estimates exclude highest T/loadings; exact per-row boundary unresolved (pp.3099-3100).,Measurement pressure unreported; loaded uncertainty scope unbound.,,
AMU-DENS-083,reactive_mea_density,Amundsen2009,data/reference/MEA/observations/density_viscosity/Amundsen_2009_density_viscosity.csv,83,density,298.15,0.40,0.1,0.40,MEA mass fraction in unloaded solution,1.0380,g/cm^3,,g/cm^3,unbound_source_scope,direct_positive,property_target_candidate,diagnostic_only,contextual,no,Amundsen2009|loaded|w=0.40|T=25,ternary,loaded_scope_unbound,Loaded general estimates exclude highest T/loadings; exact per-row boundary unresolved (pp.3099-3100).,Measurement pressure unreported; loaded uncertainty scope unbound.,,
AMU-DENS-084,reactive_mea_density,Amundsen2009,data/reference/MEA/observations/density_viscosity/Amundsen_2009_density_viscosity.csv,84,density,298.15,0.40,0.2,0.40,MEA mass fraction in unloaded solution,1.0630,g/cm^3,,g/cm^3,unbound_source_scope,direct_positive,property_target_candidate,diagnostic_only,contextual,no,Amundsen2009|loaded|w=0.40|T=25,ternary,loaded_scope_unbound,Loaded general estimates exclude highest T/loadings; exact per-row boundary unresolved (pp.3099-3100).,Measurement pressure unreported; loaded uncertainty scope unbound.,,
AMU-DENS-085,reactive_mea_density,Amundsen2009,data/reference/MEA/observations/density_viscosity/Amundsen_2009_density_viscosity.csv,85,density,298.15,0.40,0.3,0.40,MEA mass fraction in unloaded solution,1.0930,g/cm^3,,g/cm^3,unbound_source_scope,direct_positive,property_target_candidate,diagnostic_only,contextual,no,Amundsen2009|loaded|w=0.40|T=25,ternary,loaded_scope_unbound,Loaded general estimates exclude highest T/loadings; exact per-row boundary unresolved (pp.3099-3100).,Measurement pressure unreported; loaded uncertainty scope unbound.,,
AMU-DENS-086,reactive_mea_density,Amundsen2009,data/reference/MEA/observations/density_viscosity/Amundsen_2009_density_viscosity.csv,86,density,298.15,0.40,0.4,0.40,MEA mass fraction in unloaded solution,1.1285,g/cm^3,,g/cm^3,unbound_source_scope,direct_positive,property_target_candidate,diagnostic_only,contextual,no,Amundsen2009|loaded|w=0.40|T=25,ternary,loaded_scope_unbound,Loaded general estimates exclude highest T/loadings; exact per-row boundary unresolved (pp.3099-3100).,Measurement pressure unreported; loaded uncertainty scope unbound.,,
AMU-DENS-087,reactive_mea_density,Amundsen2009,data/reference/MEA/observations/density_viscosity/Amundsen_2009_density_viscosity.csv,87,density,298.15,0.40,0.5,0.40,MEA mass fraction in unloaded solution,1.1597,g/cm^3,,g/cm^3,unbound_source_scope,direct_positive,property_target_candidate,diagnostic_only,contextual,no,Amundsen2009|loaded|w=0.40|T=25,ternary,loaded_scope_unbound,Loaded general estimates exclude highest T/loadings; exact per-row boundary unresolved (pp.3099-3100).,Measurement pressure unreported; loaded uncertainty scope unbound.,,
AMU-DENS-088,reactive_mea_density,Amundsen2009,data/reference/MEA/observations/density_viscosity/Amundsen_2009_density_viscosity.csv,88,density,313.15,0.40,0.1,0.40,MEA mass fraction in unloaded solution,1.0300,g/cm^3,,g/cm^3,unbound_source_scope,direct_positive,property_target_candidate,diagnostic_only,contextual,no,Amundsen2009|loaded|w=0.40|T=40,ternary,loaded_scope_unbound,Loaded general estimates exclude highest T/loadings; exact per-row boundary unresolved (pp.3099-3100).,Measurement pressure unreported; loaded uncertainty scope unbound.,,
AMU-DENS-089,reactive_mea_density,Amundsen2009,data/reference/MEA/observations/density_viscosity/Amundsen_2009_density_viscosity.csv,89,density,313.15,0.40,0.2,0.40,MEA mass fraction in unloaded solution,1.0550,g/cm^3,,g/cm^3,unbound_source_scope,direct_positive,property_target_candidate,diagnostic_only,contextual,no,Amundsen2009|loaded|w=0.40|T=40,ternary,loaded_scope_unbound,Loaded general estimates exclude highest T/loadings; exact per-row boundary unresolved (pp.3099-3100).,Measurement pressure unreported; loaded uncertainty scope unbound.,,
AMU-DENS-090,reactive_mea_density,Amundsen2009,data/reference/MEA/observations/density_viscosity/Amundsen_2009_density_viscosity.csv,90,density,313.15,0.40,0.3,0.40,MEA mass fraction in unloaded solution,1.0850,g/cm^3,,g/cm^3,unbound_source_scope,direct_positive,property_target_candidate,diagnostic_only,contextual,no,Amundsen2009|loaded|w=0.40|T=40,ternary,loaded_scope_unbound,Loaded general estimates exclude highest T/loadings; exact per-row boundary unresolved (pp.3099-3100).,Measurement pressure unreported; loaded uncertainty scope unbound.,,
AMU-DENS-091,reactive_mea_density,Amundsen2009,data/reference/MEA/observations/density_viscosity/Amundsen_2009_density_viscosity.csv,91,density,313.15,0.40,0.4,0.40,MEA mass fraction in unloaded solution,1.1210,g/cm^3,,g/cm^3,unbound_source_scope,direct_positive,property_target_candidate,diagnostic_only,contextual,no,Amundsen2009|loaded|w=0.40|T=40,ternary,loaded_scope_unbound,Loaded general estimates exclude highest T/loadings; exact per-row boundary unresolved (pp.3099-3100).,Measurement pressure unreported; loaded uncertainty scope unbound.,,
AMU-DENS-092,reactive_mea_density,Amundsen2009,data/reference/MEA/observations/density_viscosity/Amundsen_2009_density_viscosity.csv,92,density,323.15,0.40,0.1,0.40,MEA mass fraction in unloaded solution,1.0240,g/cm^3,,g/cm^3,unbound_source_scope,direct_positive,property_target_candidate,diagnostic_only,contextual,no,Amundsen2009|loaded|w=0.40|T=50,ternary,loaded_scope_unbound,Loaded general estimates exclude highest T/loadings; exact per-row boundary unresolved (pp.3099-3100).,Measurement pressure unreported; loaded uncertainty scope unbound.,,
AMU-DENS-093,reactive_mea_density,Amundsen2009,data/reference/MEA/observations/density_viscosity/Amundsen_2009_density_viscosity.csv,93,density,323.15,0.40,0.2,0.40,MEA mass fraction in unloaded solution,1.0490,g/cm^3,,g/cm^3,unbound_source_scope,direct_positive,property_target_candidate,diagnostic_only,contextual,no,Amundsen2009|loaded|w=0.40|T=50,ternary,loaded_scope_unbound,Loaded general estimates exclude highest T/loadings; exact per-row boundary unresolved (pp.3099-3100).,Measurement pressure unreported; loaded uncertainty scope unbound.,,
AMU-DENS-094,reactive_mea_density,Amundsen2009,data/reference/MEA/observations/density_viscosity/Amundsen_2009_density_viscosity.csv,94,density,323.15,0.40,0.3,0.40,MEA mass fraction in unloaded solution,1.0797,g/cm^3,,g/cm^3,unbound_source_scope,direct_positive,property_target_candidate,diagnostic_only,contextual,no,Amundsen2009|loaded|w=0.40|T=50,ternary,loaded_scope_unbound,Loaded general estimates exclude highest T/loadings; exact per-row boundary unresolved (pp.3099-3100).,Measurement pressure unreported; loaded uncertainty scope unbound.,,
AMU-DENS-095,reactive_mea_density,Amundsen2009,data/reference/MEA/observations/density_viscosity/Amundsen_2009_density_viscosity.csv,95,density,323.15,0.40,0.4,0.40,MEA mass fraction in unloaded solution,1.1150,g/cm^3,,g/cm^3,unbound_source_scope,direct_positive,property_target_candidate,diagnostic_only,contextual,no,Amundsen2009|loaded|w=0.40|T=50,ternary,loaded_scope_unbound,Loaded general estimates exclude highest T/loadings; exact per-row boundary unresolved (pp.3099-3100).,Measurement pressure unreported; loaded uncertainty scope unbound.,,
AMU-DENS-096,reactive_mea_density,Amundsen2009,data/reference/MEA/observations/density_viscosity/Amundsen_2009_density_viscosity.csv,96,density,343.15,0.40,0.1,0.40,MEA mass fraction in unloaded solution,1.0120,g/cm^3,,g/cm^3,unbound_source_scope,direct_positive,property_target_candidate,diagnostic_only,contextual,no,Amundsen2009|loaded|w=0.40|T=70,ternary,loaded_scope_unbound,Loaded general estimates exclude highest T/loadings; exact per-row boundary unresolved (pp.3099-3100).,Measurement pressure unreported; loaded uncertainty scope unbound.,,
AMU-DENS-097,reactive_mea_density,Amundsen2009,data/reference/MEA/observations/density_viscosity/Amundsen_2009_density_viscosity.csv,97,density,343.15,0.40,0.2,0.40,MEA mass fraction in unloaded solution,1.0370,g/cm^3,,g/cm^3,unbound_source_scope,direct_positive,property_target_candidate,diagnostic_only,contextual,no,Amundsen2009|loaded|w=0.40|T=70,ternary,loaded_scope_unbound,Loaded general estimates exclude highest T/loadings; exact per-row boundary unresolved (pp.3099-3100).,Measurement pressure unreported; loaded uncertainty scope unbound.,,
AMU-DENS-098,reactive_mea_density,Amundsen2009,data/reference/MEA/observations/density_viscosity/Amundsen_2009_density_viscosity.csv,98,density,343.15,0.40,0.3,0.40,MEA mass fraction in unloaded solution,1.0680,g/cm^3,,g/cm^3,unbound_source_scope,direct_positive,property_target_candidate,diagnostic_only,contextual,no,Amundsen2009|loaded|w=0.40|T=70,ternary,loaded_scope_unbound,Loaded general estimates exclude highest T/loadings; exact per-row boundary unresolved (pp.3099-3100).,Measurement pressure unreported; loaded uncertainty scope unbound.,,
AMU-DENS-099,reactive_mea_density,Amundsen2009,data/reference/MEA/observations/density_viscosity/Amundsen_2009_density_viscosity.csv,99,density,343.15,0.40,0.4,0.40,MEA mass fraction in unloaded solution,1.1040,g/cm^3,,g/cm^3,unbound_source_scope,direct_positive,property_target_candidate,diagnostic_only,contextual,no,Amundsen2009|loaded|w=0.40|T=70,ternary,loaded_scope_unbound,Loaded general estimates exclude highest T/loadings; exact per-row boundary unresolved (pp.3099-3100).,Measurement pressure unreported; loaded uncertainty scope unbound.,,
AMU-DENS-100,reactive_mea_density,Amundsen2009,data/reference/MEA/observations/density_viscosity/Amundsen_2009_density_viscosity.csv,100,density,353.15,0.40,0.1,0.40,MEA mass fraction in unloaded solution,1.0050,g/cm^3,,g/cm^3,unbound_source_scope,direct_positive,property_target_candidate,diagnostic_only,contextual,no,Amundsen2009|loaded|w=0.40|T=80,ternary,loaded_scope_unbound,Loaded general estimates exclude highest T/loadings; exact per-row boundary unresolved (pp.3099-3100).,Measurement pressure unreported; loaded uncertainty scope unbound.,,
AMU-DENS-101,reactive_mea_density,Amundsen2009,data/reference/MEA/observations/density_viscosity/Amundsen_2009_density_viscosity.csv,101,density,353.15,0.40,0.2,0.40,MEA mass fraction in unloaded solution,1.0310,g/cm^3,,g/cm^3,unbound_source_scope,direct_positive,property_target_candidate,diagnostic_only,contextual,no,Amundsen2009|loaded|w=0.40|T=80,ternary,loaded_scope_unbound,Loaded general estimates exclude highest T/loadings; exact per-row boundary unresolved (pp.3099-3100).,Measurement pressure unreported; loaded uncertainty scope unbound.,,
AMU-DENS-102,reactive_mea_density,Amundsen2009,data/reference/MEA/observations/density_viscosity/Amundsen_2009_density_viscosity.csv,102,density,353.15,0.40,0.3,0.40,MEA mass fraction in unloaded solution,1.0620,g/cm^3,,g/cm^3,unbound_source_scope,direct_positive,property_target_candidate,diagnostic_only,contextual,no,Amundsen2009|loaded|w=0.40|T=80,ternary,loaded_scope_unbound,Loaded general estimates exclude highest T/loadings; exact per-row boundary unresolved (pp.3099-3100).,Measurement pressure unreported; loaded uncertainty scope unbound.,,
AMU-DENS-103,reactive_mea_density,Amundsen2009,data/reference/MEA/observations/density_viscosity/Amundsen_2009_density_viscosity.csv,103,density,353.15,0.40,0.4,0.40,MEA mass fraction in unloaded solution,1.0977,g/cm^3,,g/cm^3,unbound_source_scope,direct_positive,property_target_candidate,diagnostic_only,contextual,no,Amundsen2009|loaded|w=0.40|T=80,ternary,loaded_scope_unbound,Loaded general estimates exclude highest T/loadings; exact per-row boundary unresolved (pp.3099-3100).,Measurement pressure unreported; loaded uncertainty scope unbound.,,
AUG-ACE-29815-001,ethanolammonium_carboxylate_density,Augusto2022,data/reference/MEA/observations/ionic_analog_volumetrics/ethanolammonium_carboxylate_density.csv,AUG-ACE-29815-001,density,298.15,,,0.0104,mole fraction of dry ionic liquid in binary mixture,1.00974,g/cm^3,0.0019,relative,reported_relative_standard,analog,canonical_eligible,diagnostic_only,contextual,no,Augusto2022|acetate|T=298.15,,,Legacy estimates retained; exact PDF/salt-to-row binding unverified.,source binding unverified,,
AUG-ACE-29815-002,ethanolammonium_carboxylate_density,Augusto2022,data/reference/MEA/observations/ionic_analog_volumetrics/ethanolammonium_carboxylate_density.csv,AUG-ACE-29815-002,density,298.15,,,0.0503,mole fraction of dry ionic liquid in binary mixture,1.05294,g/cm^3,0.0019,relative,reported_relative_standard,analog,canonical_eligible,diagnostic_only,contextual,no,Augusto2022|acetate|T=298.15,,,Legacy estimates retained; exact PDF/salt-to-row binding unverified.,source binding unverified,,
AUG-ACE-29815-003,ethanolammonium_carboxylate_density,Augusto2022,data/reference/MEA/observations/ionic_analog_volumetrics/ethanolammonium_carboxylate_density.csv,AUG-ACE-29815-003,density,298.15,,,0.0993,mole fraction of dry ionic liquid in binary mixture,1.08647,g/cm^3,0.0019,relative,reported_relative_standard,analog,canonical_eligible,diagnostic_only,contextual,no,Augusto2022|acetate|T=298.15,,,Legacy estimates retained; exact PDF/salt-to-row binding unverified.,source binding unverified,,
AUG-ACE-29815-004,ethanolammonium_carboxylate_density,Augusto2022,data/reference/MEA/observations/ionic_analog_volumetrics/ethanolammonium_carboxylate_density.csv,AUG-ACE-29815-004,density,298.15,,,0.2506,mole fraction of dry ionic liquid in binary mixture,1.12866,g/cm^3,0.0019,relative,reported_relative_standard,analog,canonical_eligible,diagnostic_only,contextual,no,Augusto2022|acetate|T=298.15,,,Legacy estimates retained; exact PDF/salt-to-row binding unverified.,source binding unverified,,
AUG-ACE-29815-005,ethanolammonium_carboxylate_density,Augusto2022,data/reference/MEA/observations/ionic_analog_volumetrics/ethanolammonium_carboxylate_density.csv,AUG-ACE-29815-005,density,298.15,,,0.5011,mole fraction of dry ionic liquid in binary mixture,1.14590,g/cm^3,0.0019,relative,reported_relative_standard,analog,canonical_eligible,diagnostic_only,contextual,no,Augusto2022|acetate|T=298.15,,,Legacy estimates retained; exact PDF/salt-to-row binding unverified.,source binding unverified,,
AUG-ACE-29815-006,ethanolammonium_carboxylate_density,Augusto2022,data/reference/MEA/observations/ionic_analog_volumetrics/ethanolammonium_carboxylate_density.csv,AUG-ACE-29815-006,density,298.15,,,0.7489,mole fraction of dry ionic liquid in binary mixture,1.15091,g/cm^3,0.0019,relative,reported_relative_standard,analog,canonical_eligible,diagnostic_only,contextual,no,Augusto2022|acetate|T=298.15,,,Legacy estimates retained; exact PDF/salt-to-row binding unverified.,source binding unverified,,
AUG-ACE-29815-007,ethanolammonium_carboxylate_density,Augusto2022,data/reference/MEA/observations/ionic_analog_volumetrics/ethanolammonium_carboxylate_density.csv,AUG-ACE-29815-007,density,298.15,,,0.9810,mole fraction of dry ionic liquid in binary mixture,1.15285,g/cm^3,0.0019,relative,reported_relative_standard,analog,canonical_eligible,diagnostic_only,contextual,no,Augusto2022|acetate|T=298.15,,,Legacy estimates retained; exact PDF/salt-to-row binding unverified.,source binding unverified,,
AUG-ACE-30315-001,ethanolammonium_carboxylate_density,Augusto2022,data/reference/MEA/observations/ionic_analog_volumetrics/ethanolammonium_carboxylate_density.csv,AUG-ACE-30315-001,density,303.15,,,0.0104,mole fraction of dry ionic liquid in binary mixture,1.00769,g/cm^3,0.0019,relative,reported_relative_standard,analog,canonical_eligible,diagnostic_only,contextual,no,Augusto2022|acetate|T=303.15,,,Legacy estimates retained; exact PDF/salt-to-row binding unverified.,source binding unverified,,
AUG-ACE-30315-002,ethanolammonium_carboxylate_density,Augusto2022,data/reference/MEA/observations/ionic_analog_volumetrics/ethanolammonium_carboxylate_density.csv,AUG-ACE-30315-002,density,303.15,,,0.0503,mole fraction of dry ionic liquid in binary mixture,1.05034,g/cm^3,0.0019,relative,reported_relative_standard,analog,canonical_eligible,diagnostic_only,contextual,no,Augusto2022|acetate|T=303.15,,,Legacy estimates retained; exact PDF/salt-to-row binding unverified.,source binding unverified,,
AUG-ACE-30315-003,ethanolammonium_carboxylate_density,Augusto2022,data/reference/MEA/observations/ionic_analog_volumetrics/ethanolammonium_carboxylate_density.csv,AUG-ACE-30315-003,density,303.15,,,0.0993,mole fraction of dry ionic liquid in binary mixture,1.08344,g/cm^3,0.0019,relative,reported_relative_standard,analog,canonical_eligible,diagnostic_only,contextual,no,Augusto2022|acetate|T=303.15,,,Legacy estimates retained; exact PDF/salt-to-row binding unverified.,source binding unverified,,
AUG-ACE-30315-004,ethanolammonium_carboxylate_density,Augusto2022,data/reference/MEA/observations/ionic_analog_volumetrics/ethanolammonium_carboxylate_density.csv,AUG-ACE-30315-004,density,303.15,,,0.2506,mole fraction of dry ionic liquid in binary mixture,1.12515,g/cm^3,0.0019,relative,reported_relative_standard,analog,canonical_eligible,diagnostic_only,contextual,no,Augusto2022|acetate|T=303.15,,,Legacy estimates retained; exact PDF/salt-to-row binding unverified.,source binding unverified,,
AUG-ACE-30315-005,ethanolammonium_carboxylate_density,Augusto2022,data/reference/MEA/observations/ionic_analog_volumetrics/ethanolammonium_carboxylate_density.csv,AUG-ACE-30315-005,density,303.15,,,0.5011,mole fraction of dry ionic liquid in binary mixture,1.14179,g/cm^3,0.0019,relative,reported_relative_standard,analog,canonical_eligible,diagnostic_only,contextual,no,Augusto2022|acetate|T=303.15,,,Legacy estimates retained; exact PDF/salt-to-row binding unverified.,source binding unverified,,
AUG-ACE-30315-006,ethanolammonium_carboxylate_density,Augusto2022,data/reference/MEA/observations/ionic_analog_volumetrics/ethanolammonium_carboxylate_density.csv,AUG-ACE-30315-006,density,303.15,,,0.7489,mole fraction of dry ionic liquid in binary mixture,1.14675,g/cm^3,0.0019,relative,reported_relative_standard,analog,canonical_eligible,diagnostic_only,contextual,no,Augusto2022|acetate|T=303.15,,,Legacy estimates retained; exact PDF/salt-to-row binding unverified.,source binding unverified,,
AUG-ACE-30315-007,ethanolammonium_carboxylate_density,Augusto2022,data/reference/MEA/observations/ionic_analog_volumetrics/ethanolammonium_carboxylate_density.csv,AUG-ACE-30315-007,density,303.15,,,0.9810,mole fraction of dry ionic liquid in binary mixture,1.14935,g/cm^3,0.0019,relative,reported_relative_standard,analog,canonical_eligible,diagnostic_only,contextual,no,Augusto2022|acetate|T=303.15,,,Legacy estimates retained; exact PDF/salt-to-row binding unverified.,source binding unverified,,
AUG-ACE-31815-001,ethanolammonium_carboxylate_density,Augusto2022,data/reference/MEA/observations/ionic_analog_volumetrics/ethanolammonium_carboxylate_density.csv,AUG-ACE-31815-001,density,318.15,,,0.0104,mole fraction of dry ionic liquid in binary mixture,1.00014,g/cm^3,0.0019,relative,reported_relative_standard,analog,canonical_eligible,diagnostic_only,contextual,no,Augusto2022|acetate|T=318.15,,,Legacy estimates retained; exact PDF/salt-to-row binding unverified.,source binding unverified,,
AUG-ACE-31815-002,ethanolammonium_carboxylate_density,Augusto2022,data/reference/MEA/observations/ionic_analog_volumetrics/ethanolammonium_carboxylate_density.csv,AUG-ACE-31815-002,density,318.15,,,0.0503,mole fraction of dry ionic liquid in binary mixture,1.04412,g/cm^3,0.0019,relative,reported_relative_standard,analog,canonical_eligible,diagnostic_only,contextual,no,Augusto2022|acetate|T=318.15,,,Legacy estimates retained; exact PDF/salt-to-row binding unverified.,source binding unverified,,
AUG-ACE-31815-003,ethanolammonium_carboxylate_density,Augusto2022,data/reference/MEA/observations/ionic_analog_volumetrics/ethanolammonium_carboxylate_density.csv,AUG-ACE-31815-003,density,318.15,,,0.0993,mole fraction of dry ionic liquid in binary mixture,1.07699,g/cm^3,0.0019,relative,reported_relative_standard,analog,canonical_eligible,diagnostic_only,contextual,no,Augusto2022|acetate|T=318.15,,,Legacy estimates retained; exact PDF/salt-to-row binding unverified.,source binding unverified,,
AUG-ACE-31815-004,ethanolammonium_carboxylate_density,Augusto2022,data/reference/MEA/observations/ionic_analog_volumetrics/ethanolammonium_carboxylate_density.csv,AUG-ACE-31815-004,density,318.15,,,0.2506,mole fraction of dry ionic liquid in binary mixture,1.11798,g/cm^3,0.0019,relative,reported_relative_standard,analog,canonical_eligible,diagnostic_only,contextual,no,Augusto2022|acetate|T=318.15,,,Legacy estimates retained; exact PDF/salt-to-row binding unverified.,source binding unverified,,
AUG-ACE-31815-005,ethanolammonium_carboxylate_density,Augusto2022,data/reference/MEA/observations/ionic_analog_volumetrics/ethanolammonium_carboxylate_density.csv,AUG-ACE-31815-005,density,318.15,,,0.5011,mole fraction of dry ionic liquid in binary mixture,1.13493,g/cm^3,0.0019,relative,reported_relative_standard,analog,canonical_eligible,diagnostic_only,contextual,no,Augusto2022|acetate|T=318.15,,,Legacy estimates retained; exact PDF/salt-to-row binding unverified.,source binding unverified,,
AUG-ACE-31815-006,ethanolammonium_carboxylate_density,Augusto2022,data/reference/MEA/observations/ionic_analog_volumetrics/ethanolammonium_carboxylate_density.csv,AUG-ACE-31815-006,density,318.15,,,0.7489,mole fraction of dry ionic liquid in binary mixture,1.13979,g/cm^3,0.0019,relative,reported_relative_standard,analog,canonical_eligible,diagnostic_only,contextual,no,Augusto2022|acetate|T=318.15,,,Legacy estimates retained; exact PDF/salt-to-row binding unverified.,source binding unverified,,
AUG-ACE-31815-007,ethanolammonium_carboxylate_density,Augusto2022,data/reference/MEA/observations/ionic_analog_volumetrics/ethanolammonium_carboxylate_density.csv,AUG-ACE-31815-007,density,318.15,,,0.9810,mole fraction of dry ionic liquid in binary mixture,1.14163,g/cm^3,0.0019,relative,reported_relative_standard,analog,canonical_eligible,diagnostic_only,contextual,no,Augusto2022|acetate|T=318.15,,,Legacy estimates retained; exact PDF/salt-to-row binding unverified.,source binding unverified,,
AUG-ACE-32315-001,ethanolammonium_carboxylate_density,Augusto2022,data/reference/MEA/observations/ionic_analog_volumetrics/ethanolammonium_carboxylate_density.csv,AUG-ACE-32315-001,density,323.15,,,0.0104,mole fraction of dry ionic liquid in binary mixture,0.99562,g/cm^3,0.0019,relative,reported_relative_standard,analog,canonical_eligible,diagnostic_only,contextual,no,Augusto2022|acetate|T=323.15,,,Legacy estimates retained; exact PDF/salt-to-row binding unverified.,source binding unverified,,
AUG-ACE-32315-002,ethanolammonium_carboxylate_density,Augusto2022,data/reference/MEA/observations/ionic_analog_volumetrics/ethanolammonium_carboxylate_density.csv,AUG-ACE-32315-002,density,323.15,,,0.0503,mole fraction of dry ionic liquid in binary mixture,1.04047,g/cm^3,0.0019,relative,reported_relative_standard,analog,canonical_eligible,diagnostic_only,contextual,no,Augusto2022|acetate|T=323.15,,,Legacy estimates retained; exact PDF/salt-to-row binding unverified.,source binding unverified,,
AUG-ACE-32315-003,ethanolammonium_carboxylate_density,Augusto2022,data/reference/MEA/observations/ionic_analog_volumetrics/ethanolammonium_carboxylate_density.csv,AUG-ACE-32315-003,density,323.15,,,0.0993,mole fraction of dry ionic liquid in binary mixture,1.07354,g/cm^3,0.0019,relative,reported_relative_standard,analog,canonical_eligible,diagnostic_only,contextual,no,Augusto2022|acetate|T=323.15,,,Legacy estimates retained; exact PDF/salt-to-row binding unverified.,source binding unverified,,
AUG-ACE-32315-004,ethanolammonium_carboxylate_density,Augusto2022,data/reference/MEA/observations/ionic_analog_volumetrics/ethanolammonium_carboxylate_density.csv,AUG-ACE-32315-004,density,323.15,,,0.2506,mole fraction of dry ionic liquid in binary mixture,1.11430,g/cm^3,0.0019,relative,reported_relative_standard,analog,canonical_eligible,diagnostic_only,contextual,no,Augusto2022|acetate|T=323.15,,,Legacy estimates retained; exact PDF/salt-to-row binding unverified.,source binding unverified,,
AUG-ACE-32315-005,ethanolammonium_carboxylate_density,Augusto2022,data/reference/MEA/observations/ionic_analog_volumetrics/ethanolammonium_carboxylate_density.csv,AUG-ACE-32315-005,density,323.15,,,0.5011,mole fraction of dry ionic liquid in binary mixture,1.13099,g/cm^3,0.0019,relative,reported_relative_standard,analog,canonical_eligible,diagnostic_only,contextual,no,Augusto2022|acetate|T=323.15,,,Legacy estimates retained; exact PDF/salt-to-row binding unverified.,source binding unverified,,
AUG-ACE-32315-006,ethanolammonium_carboxylate_density,Augusto2022,data/reference/MEA/observations/ionic_analog_volumetrics/ethanolammonium_carboxylate_density.csv,AUG-ACE-32315-006,density,323.15,,,0.7489,mole fraction of dry ionic liquid in binary mixture,1.13558,g/cm^3,0.0019,relative,reported_relative_standard,analog,canonical_eligible,diagnostic_only,contextual,no,Augusto2022|acetate|T=323.15,,,Legacy estimates retained; exact PDF/salt-to-row binding unverified.,source binding unverified,,
AUG-ACE-32315-007,ethanolammonium_carboxylate_density,Augusto2022,data/reference/MEA/observations/ionic_analog_volumetrics/ethanolammonium_carboxylate_density.csv,AUG-ACE-32315-007,density,323.15,,,0.9810,mole fraction of dry ionic liquid in binary mixture,1.13810,g/cm^3,0.0019,relative,reported_relative_standard,analog,canonical_eligible,diagnostic_only,contextual,no,Augusto2022|acetate|T=323.15,,,Legacy estimates retained; exact PDF/salt-to-row binding unverified.,source binding unverified,,
AUG-ACE-34815-001,ethanolammonium_carboxylate_density,Augusto2022,data/reference/MEA/observations/ionic_analog_volumetrics/ethanolammonium_carboxylate_density.csv,AUG-ACE-34815-001,density,348.15,,,0.0104,mole fraction of dry ionic liquid in binary mixture,0.99417,g/cm^3,0.0019,relative,reported_relative_standard,analog,canonical_eligible,diagnostic_only,contextual,no,Augusto2022|acetate|T=348.15,,,Legacy estimates retained; exact PDF/salt-to-row binding unverified.,source binding unverified,,
AUG-ACE-34815-002,ethanolammonium_carboxylate_density,Augusto2022,data/reference/MEA/observations/ionic_analog_volumetrics/ethanolammonium_carboxylate_density.csv,AUG-ACE-34815-002,density,348.15,,,0.0503,mole fraction of dry ionic liquid in binary mixture,1.02420,g/cm^3,0.0019,relative,reported_relative_standard,analog,canonical_eligible,diagnostic_only,contextual,no,Augusto2022|acetate|T=348.15,,,Legacy estimates retained; exact PDF/salt-to-row binding unverified.,source binding unverified,,
AUG-ACE-34815-003,ethanolammonium_carboxylate_density,Augusto2022,data/reference/MEA/observations/ionic_analog_volumetrics/ethanolammonium_carboxylate_density.csv,AUG-ACE-34815-003,density,348.15,,,0.0993,mole fraction of dry ionic liquid in binary mixture,1.05993,g/cm^3,0.0019,relative,reported_relative_standard,analog,canonical_eligible,diagnostic_only,contextual,no,Augusto2022|acetate|T=348.15,,,Legacy estimates retained; exact PDF/salt-to-row binding unverified.,source binding unverified,,
AUG-ACE-34815-004,ethanolammonium_carboxylate_density,Augusto2022,data/reference/MEA/observations/ionic_analog_volumetrics/ethanolammonium_carboxylate_density.csv,AUG-ACE-34815-004,density,348.15,,,0.2506,mole fraction of dry ionic liquid in binary mixture,1.10098,g/cm^3,0.0019,relative,reported_relative_standard,analog,canonical_eligible,diagnostic_only,contextual,no,Augusto2022|acetate|T=348.15,,,Legacy estimates retained; exact PDF/salt-to-row binding unverified.,source binding unverified,,
AUG-ACE-34815-005,ethanolammonium_carboxylate_density,Augusto2022,data/reference/MEA/observations/ionic_analog_volumetrics/ethanolammonium_carboxylate_density.csv,AUG-ACE-34815-005,density,348.15,,,0.5011,mole fraction of dry ionic liquid in binary mixture,1.11815,g/cm^3,0.0019,relative,reported_relative_standard,analog,canonical_eligible,diagnostic_only,contextual,no,Augusto2022|acetate|T=348.15,,,Legacy estimates retained; exact PDF/salt-to-row binding unverified.,source binding unverified,,
AUG-ACE-34815-006,ethanolammonium_carboxylate_density,Augusto2022,data/reference/MEA/observations/ionic_analog_volumetrics/ethanolammonium_carboxylate_density.csv,AUG-ACE-34815-006,density,348.15,,,0.7489,mole fraction of dry ionic liquid in binary mixture,1.12310,g/cm^3,0.0019,relative,reported_relative_standard,analog,canonical_eligible,diagnostic_only,contextual,no,Augusto2022|acetate|T=348.15,,,Legacy estimates retained; exact PDF/salt-to-row binding unverified.,source binding unverified,,
AUG-ACE-34815-007,ethanolammonium_carboxylate_density,Augusto2022,data/reference/MEA/observations/ionic_analog_volumetrics/ethanolammonium_carboxylate_density.csv,AUG-ACE-34815-007,density,348.15,,,0.9810,mole fraction of dry ionic liquid in binary mixture,1.12468,g/cm^3,0.0019,relative,reported_relative_standard,analog,canonical_eligible,diagnostic_only,contextual,no,Augusto2022|acetate|T=348.15,,,Legacy estimates retained; exact PDF/salt-to-row binding unverified.,source binding unverified,,
AUG-ACE-36315-001,ethanolammonium_carboxylate_density,Augusto2022,data/reference/MEA/observations/ionic_analog_volumetrics/ethanolammonium_carboxylate_density.csv,AUG-ACE-36315-001,density,363.15,,,0.0104,mole fraction of dry ionic liquid in binary mixture,0.88960,g/cm^3,0.0019,relative,reported_relative_standard,analog,canonical_eligible,diagnostic_only,contextual,no,Augusto2022|acetate|T=363.15,,,Legacy estimates retained; exact PDF/salt-to-row binding unverified.,source binding unverified,,
AUG-ACE-36315-002,ethanolammonium_carboxylate_density,Augusto2022,data/reference/MEA/observations/ionic_analog_volumetrics/ethanolammonium_carboxylate_density.csv,AUG-ACE-36315-002,density,363.15,,,0.0503,mole fraction of dry ionic liquid in binary mixture,1.00424,g/cm^3,0.0019,relative,reported_relative_standard,analog,canonical_eligible,diagnostic_only,contextual,no,Augusto2022|acetate|T=363.15,,,Legacy estimates retained; exact PDF/salt-to-row binding unverified.,source binding unverified,,
AUG-ACE-36315-003,ethanolammonium_carboxylate_density,Augusto2022,data/reference/MEA/observations/ionic_analog_volumetrics/ethanolammonium_carboxylate_density.csv,AUG-ACE-36315-003,density,363.15,,,0.0993,mole fraction of dry ionic liquid in binary mixture,1.04782,g/cm^3,0.0019,relative,reported_relative_standard,analog,canonical_eligible,diagnostic_only,contextual,no,Augusto2022|acetate|T=363.15,,,Legacy estimates retained; exact PDF/salt-to-row binding unverified.,source binding unverified,,
AUG-ACE-36315-004,ethanolammonium_carboxylate_density,Augusto2022,data/reference/MEA/observations/ionic_analog_volumetrics/ethanolammonium_carboxylate_density.csv,AUG-ACE-36315-004,density,363.15,,,0.2506,mole fraction of dry ionic liquid in binary mixture,1.09194,g/cm^3,0.0019,relative,reported_relative_standard,analog,canonical_eligible,diagnostic_only,contextual,no,Augusto2022|acetate|T=363.15,,,Legacy estimates retained; exact PDF/salt-to-row binding unverified.,source binding unverified,,
AUG-ACE-36315-005,ethanolammonium_carboxylate_density,Augusto2022,data/reference/MEA/observations/ionic_analog_volumetrics/ethanolammonium_carboxylate_density.csv,AUG-ACE-36315-005,density,363.15,,,0.5011,mole fraction of dry ionic liquid in binary mixture,1.10921,g/cm^3,0.0019,relative,reported_relative_standard,analog,canonical_eligible,diagnostic_only,contextual,no,Augusto2022|acetate|T=363.15,,,Legacy estimates retained; exact PDF/salt-to-row binding unverified.,source binding unverified,,
AUG-ACE-36315-006,ethanolammonium_carboxylate_density,Augusto2022,data/reference/MEA/observations/ionic_analog_volumetrics/ethanolammonium_carboxylate_density.csv,AUG-ACE-36315-006,density,363.15,,,0.7489,mole fraction of dry ionic liquid in binary mixture,1.11417,g/cm^3,0.0019,relative,reported_relative_standard,analog,canonical_eligible,diagnostic_only,contextual,no,Augusto2022|acetate|T=363.15,,,Legacy estimates retained; exact PDF/salt-to-row binding unverified.,source binding unverified,,
AUG-ACE-36315-007,ethanolammonium_carboxylate_density,Augusto2022,data/reference/MEA/observations/ionic_analog_volumetrics/ethanolammonium_carboxylate_density.csv,AUG-ACE-36315-007,density,363.15,,,0.9810,mole fraction of dry ionic liquid in binary mixture,1.11584,g/cm^3,0.0019,relative,reported_relative_standard,analog,canonical_eligible,diagnostic_only,contextual,no,Augusto2022|acetate|T=363.15,,,Legacy estimates retained; exact PDF/salt-to-row binding unverified.,source binding unverified,,
AUG-HEX-29815-001,ethanolammonium_carboxylate_density,Augusto2022,data/reference/MEA/observations/ionic_analog_volumetrics/ethanolammonium_carboxylate_density.csv,AUG-HEX-29815-001,density,298.15,,,0.0100,mole fraction of dry ionic liquid in binary mixture,1.00764,g/cm^3,0.0028,relative,reported_relative_standard,analog,canonical_eligible,diagnostic_only,contextual,no,Augusto2022|hexanoate|T=298.15,,,Legacy estimates retained; exact PDF/salt-to-row binding unverified.,source binding unverified,,
AUG-HEX-29815-002,ethanolammonium_carboxylate_density,Augusto2022,data/reference/MEA/observations/ionic_analog_volumetrics/ethanolammonium_carboxylate_density.csv,AUG-HEX-29815-002,density,298.15,,,0.0501,mole fraction of dry ionic liquid in binary mixture,1.02886,g/cm^3,0.0028,relative,reported_relative_standard,analog,canonical_eligible,diagnostic_only,contextual,no,Augusto2022|hexanoate|T=298.15,,,Legacy estimates retained; exact PDF/salt-to-row binding unverified.,source binding unverified,,
AUG-HEX-29815-003,ethanolammonium_carboxylate_density,Augusto2022,data/reference/MEA/observations/ionic_analog_volumetrics/ethanolammonium_carboxylate_density.csv,AUG-HEX-29815-003,density,298.15,,,0.0998,mole fraction of dry ionic liquid in binary mixture,1.03500,g/cm^3,0.0028,relative,reported_relative_standard,analog,canonical_eligible,diagnostic_only,contextual,no,Augusto2022|hexanoate|T=298.15,,,Legacy estimates retained; exact PDF/salt-to-row binding unverified.,source binding unverified,,
AUG-HEX-29815-004,ethanolammonium_carboxylate_density,Augusto2022,data/reference/MEA/observations/ionic_analog_volumetrics/ethanolammonium_carboxylate_density.csv,AUG-HEX-29815-004,density,298.15,,,0.2499,mole fraction of dry ionic liquid in binary mixture,1.03652,g/cm^3,0.0028,relative,reported_relative_standard,analog,canonical_eligible,diagnostic_only,contextual,no,Augusto2022|hexanoate|T=298.15,,,Legacy estimates retained; exact PDF/salt-to-row binding unverified.,source binding unverified,,
AUG-HEX-29815-005,ethanolammonium_carboxylate_density,Augusto2022,data/reference/MEA/observations/ionic_analog_volumetrics/ethanolammonium_carboxylate_density.csv,AUG-HEX-29815-005,density,298.15,,,0.4999,mole fraction of dry ionic liquid in binary mixture,1.03056,g/cm^3,0.0028,relative,reported_relative_standard,analog,canonical_eligible,diagnostic_only,contextual,no,Augusto2022|hexanoate|T=298.15,,,Legacy estimates retained; exact PDF/salt-to-row binding unverified.,source binding unverified,,
AUG-HEX-29815-006,ethanolammonium_carboxylate_density,Augusto2022,data/reference/MEA/observations/ionic_analog_volumetrics/ethanolammonium_carboxylate_density.csv,AUG-HEX-29815-006,density,298.15,,,0.7529,mole fraction of dry ionic liquid in binary mixture,1.02648,g/cm^3,0.0028,relative,reported_relative_standard,analog,canonical_eligible,diagnostic_only,contextual,no,Augusto2022|hexanoate|T=298.15,,,Legacy estimates retained; exact PDF/salt-to-row binding unverified.,source binding unverified,,
AUG-HEX-29815-007,ethanolammonium_carboxylate_density,Augusto2022,data/reference/MEA/observations/ionic_analog_volumetrics/ethanolammonium_carboxylate_density.csv,AUG-HEX-29815-007,density,298.15,,,0.9715,mole fraction of dry ionic liquid in binary mixture,1.02276,g/cm^3,0.0028,relative,reported_relative_standard,analog,canonical_eligible,diagnostic_only,contextual,no,Augusto2022|hexanoate|T=298.15,,,Legacy estimates retained; exact PDF/salt-to-row binding unverified.,source binding unverified,,
AUG-HEX-30315-001,ethanolammonium_carboxylate_density,Augusto2022,data/reference/MEA/observations/ionic_analog_volumetrics/ethanolammonium_carboxylate_density.csv,AUG-HEX-30315-001,density,303.15,,,0.0100,mole fraction of dry ionic liquid in binary mixture,1.00580,g/cm^3,0.0028,relative,reported_relative_standard,analog,canonical_eligible,diagnostic_only,contextual,no,Augusto2022|hexanoate|T=303.15,,,Legacy estimates retained; exact PDF/salt-to-row binding unverified.,source binding unverified,,
AUG-HEX-30315-002,ethanolammonium_carboxylate_density,Augusto2022,data/reference/MEA/observations/ionic_analog_volumetrics/ethanolammonium_carboxylate_density.csv,AUG-HEX-30315-002,density,303.15,,,0.0501,mole fraction of dry ionic liquid in binary mixture,1.02619,g/cm^3,0.0028,relative,reported_relative_standard,analog,canonical_eligible,diagnostic_only,contextual,no,Augusto2022|hexanoate|T=303.15,,,Legacy estimates retained; exact PDF/salt-to-row binding unverified.,source binding unverified,,
AUG-HEX-30315-003,ethanolammonium_carboxylate_density,Augusto2022,data/reference/MEA/observations/ionic_analog_volumetrics/ethanolammonium_carboxylate_density.csv,AUG-HEX-30315-003,density,303.15,,,0.0998,mole fraction of dry ionic liquid in binary mixture,1.03208,g/cm^3,0.0028,relative,reported_relative_standard,analog,canonical_eligible,diagnostic_only,contextual,no,Augusto2022|hexanoate|T=303.15,,,Legacy estimates retained; exact PDF/salt-to-row binding unverified.,source binding unverified,,
AUG-HEX-30315-004,ethanolammonium_carboxylate_density,Augusto2022,data/reference/MEA/observations/ionic_analog_volumetrics/ethanolammonium_carboxylate_density.csv,AUG-HEX-30315-004,density,303.15,,,0.2499,mole fraction of dry ionic liquid in binary mixture,1.03351,g/cm^3,0.0028,relative,reported_relative_standard,analog,canonical_eligible,diagnostic_only,contextual,no,Augusto2022|hexanoate|T=303.15,,,Legacy estimates retained; exact PDF/salt-to-row binding unverified.,source binding unverified,,
AUG-HEX-30315-005,ethanolammonium_carboxylate_density,Augusto2022,data/reference/MEA/observations/ionic_analog_volumetrics/ethanolammonium_carboxylate_density.csv,AUG-HEX-30315-005,density,303.15,,,0.4999,mole fraction of dry ionic liquid in binary mixture,1.02744,g/cm^3,0.0028,relative,reported_relative_standard,analog,canonical_eligible,diagnostic_only,contextual,no,Augusto2022|hexanoate|T=303.15,,,Legacy estimates retained; exact PDF/salt-to-row binding unverified.,source binding unverified,,
AUG-HEX-30315-006,ethanolammonium_carboxylate_density,Augusto2022,data/reference/MEA/observations/ionic_analog_volumetrics/ethanolammonium_carboxylate_density.csv,AUG-HEX-30315-006,density,303.15,,,0.7529,mole fraction of dry ionic liquid in binary mixture,1.02334,g/cm^3,0.0028,relative,reported_relative_standard,analog,canonical_eligible,diagnostic_only,contextual,no,Augusto2022|hexanoate|T=303.15,,,Legacy estimates retained; exact PDF/salt-to-row binding unverified.,source binding unverified,,
AUG-HEX-30315-007,ethanolammonium_carboxylate_density,Augusto2022,data/reference/MEA/observations/ionic_analog_volumetrics/ethanolammonium_carboxylate_density.csv,AUG-HEX-30315-007,density,303.15,,,0.9715,mole fraction of dry ionic liquid in binary mixture,1.01882,g/cm^3,0.0028,relative,reported_relative_standard,analog,canonical_eligible,diagnostic_only,contextual,no,Augusto2022|hexanoate|T=303.15,,,Legacy estimates retained; exact PDF/salt-to-row binding unverified.,source binding unverified,,
AUG-HEX-31815-001,ethanolammonium_carboxylate_density,Augusto2022,data/reference/MEA/observations/ionic_analog_volumetrics/ethanolammonium_carboxylate_density.csv,AUG-HEX-31815-001,density,318.15,,,0.0100,mole fraction of dry ionic liquid in binary mixture,0.99869,g/cm^3,0.0028,relative,reported_relative_standard,analog,canonical_eligible,diagnostic_only,contextual,no,Augusto2022|hexanoate|T=318.15,,,Legacy estimates retained; exact PDF/salt-to-row binding unverified.,source binding unverified,,
AUG-HEX-31815-002,ethanolammonium_carboxylate_density,Augusto2022,data/reference/MEA/observations/ionic_analog_volumetrics/ethanolammonium_carboxylate_density.csv,AUG-HEX-31815-002,density,318.15,,,0.0501,mole fraction of dry ionic liquid in binary mixture,1.01772,g/cm^3,0.0028,relative,reported_relative_standard,analog,canonical_eligible,diagnostic_only,contextual,no,Augusto2022|hexanoate|T=318.15,,,Legacy estimates retained; exact PDF/salt-to-row binding unverified.,source binding unverified,,
AUG-HEX-31815-003,ethanolammonium_carboxylate_density,Augusto2022,data/reference/MEA/observations/ionic_analog_volumetrics/ethanolammonium_carboxylate_density.csv,AUG-HEX-31815-003,density,318.15,,,0.0998,mole fraction of dry ionic liquid in binary mixture,1.02304,g/cm^3,0.0028,relative,reported_relative_standard,analog,canonical_eligible,diagnostic_only,contextual,no,Augusto2022|hexanoate|T=318.15,,,Legacy estimates retained; exact PDF/salt-to-row binding unverified.,source binding unverified,,
AUG-HEX-31815-004,ethanolammonium_carboxylate_density,Augusto2022,data/reference/MEA/observations/ionic_analog_volumetrics/ethanolammonium_carboxylate_density.csv,AUG-HEX-31815-004,density,318.15,,,0.2499,mole fraction of dry ionic liquid in binary mixture,1.02416,g/cm^3,0.0028,relative,reported_relative_standard,analog,canonical_eligible,diagnostic_only,contextual,no,Augusto2022|hexanoate|T=318.15,,,Legacy estimates retained; exact PDF/salt-to-row binding unverified.,source binding unverified,,
AUG-HEX-31815-005,ethanolammonium_carboxylate_density,Augusto2022,data/reference/MEA/observations/ionic_analog_volumetrics/ethanolammonium_carboxylate_density.csv,AUG-HEX-31815-005,density,318.15,,,0.4999,mole fraction of dry ionic liquid in binary mixture,1.01795,g/cm^3,0.0028,relative,reported_relative_standard,analog,canonical_eligible,diagnostic_only,contextual,no,Augusto2022|hexanoate|T=318.15,,,Legacy estimates retained; exact PDF/salt-to-row binding unverified.,source binding unverified,,
AUG-HEX-31815-006,ethanolammonium_carboxylate_density,Augusto2022,data/reference/MEA/observations/ionic_analog_volumetrics/ethanolammonium_carboxylate_density.csv,AUG-HEX-31815-006,density,318.15,,,0.7529,mole fraction of dry ionic liquid in binary mixture,1.01385,g/cm^3,0.0028,relative,reported_relative_standard,analog,canonical_eligible,diagnostic_only,contextual,no,Augusto2022|hexanoate|T=318.15,,,Legacy estimates retained; exact PDF/salt-to-row binding unverified.,source binding unverified,,
AUG-HEX-31815-007,ethanolammonium_carboxylate_density,Augusto2022,data/reference/MEA/observations/ionic_analog_volumetrics/ethanolammonium_carboxylate_density.csv,AUG-HEX-31815-007,density,318.15,,,0.9715,mole fraction of dry ionic liquid in binary mixture,1.01010,g/cm^3,0.0028,relative,reported_relative_standard,analog,canonical_eligible,diagnostic_only,contextual,no,Augusto2022|hexanoate|T=318.15,,,Legacy estimates retained; exact PDF/salt-to-row binding unverified.,source binding unverified,,
AUG-HEX-32315-001,ethanolammonium_carboxylate_density,Augusto2022,data/reference/MEA/observations/ionic_analog_volumetrics/ethanolammonium_carboxylate_density.csv,AUG-HEX-32315-001,density,323.15,,,0.0100,mole fraction of dry ionic liquid in binary mixture,0.99564,g/cm^3,0.0028,relative,reported_relative_standard,analog,canonical_eligible,diagnostic_only,contextual,no,Augusto2022|hexanoate|T=323.15,,,Legacy estimates retained; exact PDF/salt-to-row binding unverified.,source binding unverified,,
AUG-HEX-32315-002,ethanolammonium_carboxylate_density,Augusto2022,data/reference/MEA/observations/ionic_analog_volumetrics/ethanolammonium_carboxylate_density.csv,AUG-HEX-32315-002,density,323.15,,,0.0501,mole fraction of dry ionic liquid in binary mixture,1.01475,g/cm^3,0.0028,relative,reported_relative_standard,analog,canonical_eligible,diagnostic_only,contextual,no,Augusto2022|hexanoate|T=323.15,,,Legacy estimates retained; exact PDF/salt-to-row binding unverified.,source binding unverified,,
AUG-HEX-32315-003,ethanolammonium_carboxylate_density,Augusto2022,data/reference/MEA/observations/ionic_analog_volumetrics/ethanolammonium_carboxylate_density.csv,AUG-HEX-32315-003,density,323.15,,,0.0998,mole fraction of dry ionic liquid in binary mixture,1.01992,g/cm^3,0.0028,relative,reported_relative_standard,analog,canonical_eligible,diagnostic_only,contextual,no,Augusto2022|hexanoate|T=323.15,,,Legacy estimates retained; exact PDF/salt-to-row binding unverified.,source binding unverified,,
AUG-HEX-32315-004,ethanolammonium_carboxylate_density,Augusto2022,data/reference/MEA/observations/ionic_analog_volumetrics/ethanolammonium_carboxylate_density.csv,AUG-HEX-32315-004,density,323.15,,,0.2499,mole fraction of dry ionic liquid in binary mixture,1.02096,g/cm^3,0.0028,relative,reported_relative_standard,analog,canonical_eligible,diagnostic_only,contextual,no,Augusto2022|hexanoate|T=323.15,,,Legacy estimates retained; exact PDF/salt-to-row binding unverified.,source binding unverified,,
AUG-HEX-32315-005,ethanolammonium_carboxylate_density,Augusto2022,data/reference/MEA/observations/ionic_analog_volumetrics/ethanolammonium_carboxylate_density.csv,AUG-HEX-32315-005,density,323.15,,,0.4999,mole fraction of dry ionic liquid in binary mixture,1.01480,g/cm^3,0.0028,relative,reported_relative_standard,analog,canonical_eligible,diagnostic_only,contextual,no,Augusto2022|hexanoate|T=323.15,,,Legacy estimates retained; exact PDF/salt-to-row binding unverified.,source binding unverified,,
AUG-HEX-32315-006,ethanolammonium_carboxylate_density,Augusto2022,data/reference/MEA/observations/ionic_analog_volumetrics/ethanolammonium_carboxylate_density.csv,AUG-HEX-32315-006,density,323.15,,,0.7529,mole fraction of dry ionic liquid in binary mixture,1.01066,g/cm^3,0.0028,relative,reported_relative_standard,analog,canonical_eligible,diagnostic_only,contextual,no,Augusto2022|hexanoate|T=323.15,,,Legacy estimates retained; exact PDF/salt-to-row binding unverified.,source binding unverified,,
AUG-HEX-32315-007,ethanolammonium_carboxylate_density,Augusto2022,data/reference/MEA/observations/ionic_analog_volumetrics/ethanolammonium_carboxylate_density.csv,AUG-HEX-32315-007,density,323.15,,,0.9715,mole fraction of dry ionic liquid in binary mixture,1.00611,g/cm^3,0.0028,relative,reported_relative_standard,analog,canonical_eligible,diagnostic_only,contextual,no,Augusto2022|hexanoate|T=323.15,,,Legacy estimates retained; exact PDF/salt-to-row binding unverified.,source binding unverified,,
AUG-HEX-34815-001,ethanolammonium_carboxylate_density,Augusto2022,data/reference/MEA/observations/ionic_analog_volumetrics/ethanolammonium_carboxylate_density.csv,AUG-HEX-34815-001,density,348.15,,,0.0100,mole fraction of dry ionic liquid in binary mixture,0.98353,g/cm^3,0.0028,relative,reported_relative_standard,analog,canonical_eligible,diagnostic_only,contextual,no,Augusto2022|hexanoate|T=348.15,,,Legacy estimates retained; exact PDF/salt-to-row binding unverified.,source binding unverified,,
AUG-HEX-34815-002,ethanolammonium_carboxylate_density,Augusto2022,data/reference/MEA/observations/ionic_analog_volumetrics/ethanolammonium_carboxylate_density.csv,AUG-HEX-34815-002,density,348.15,,,0.0501,mole fraction of dry ionic liquid in binary mixture,0.99853,g/cm^3,0.0028,relative,reported_relative_standard,analog,canonical_eligible,diagnostic_only,contextual,no,Augusto2022|hexanoate|T=348.15,,,Legacy estimates retained; exact PDF/salt-to-row binding unverified.,source binding unverified,,
AUG-HEX-34815-003,ethanolammonium_carboxylate_density,Augusto2022,data/reference/MEA/observations/ionic_analog_volumetrics/ethanolammonium_carboxylate_density.csv,AUG-HEX-34815-003,density,348.15,,,0.0998,mole fraction of dry ionic liquid in binary mixture,1.00348,g/cm^3,0.0028,relative,reported_relative_standard,analog,canonical_eligible,diagnostic_only,contextual,no,Augusto2022|hexanoate|T=348.15,,,Legacy estimates retained; exact PDF/salt-to-row binding unverified.,source binding unverified,,
AUG-HEX-34815-004,ethanolammonium_carboxylate_density,Augusto2022,data/reference/MEA/observations/ionic_analog_volumetrics/ethanolammonium_carboxylate_density.csv,AUG-HEX-34815-004,density,348.15,,,0.2499,mole fraction of dry ionic liquid in binary mixture,1.00436,g/cm^3,0.0028,relative,reported_relative_standard,analog,canonical_eligible,diagnostic_only,contextual,no,Augusto2022|hexanoate|T=348.15,,,Legacy estimates retained; exact PDF/salt-to-row binding unverified.,source binding unverified,,
AUG-HEX-34815-005,ethanolammonium_carboxylate_density,Augusto2022,data/reference/MEA/observations/ionic_analog_volumetrics/ethanolammonium_carboxylate_density.csv,AUG-HEX-34815-005,density,348.15,,,0.4999,mole fraction of dry ionic liquid in binary mixture,0.99863,g/cm^3,0.0028,relative,reported_relative_standard,analog,canonical_eligible,diagnostic_only,contextual,no,Augusto2022|hexanoate|T=348.15,,,Legacy estimates retained; exact PDF/salt-to-row binding unverified.,source binding unverified,,
AUG-HEX-34815-006,ethanolammonium_carboxylate_density,Augusto2022,data/reference/MEA/observations/ionic_analog_volumetrics/ethanolammonium_carboxylate_density.csv,AUG-HEX-34815-006,density,348.15,,,0.7529,mole fraction of dry ionic liquid in binary mixture,0.99475,g/cm^3,0.0028,relative,reported_relative_standard,analog,canonical_eligible,diagnostic_only,contextual,no,Augusto2022|hexanoate|T=348.15,,,Legacy estimates retained; exact PDF/salt-to-row binding unverified.,source binding unverified,,
AUG-HEX-34815-007,ethanolammonium_carboxylate_density,Augusto2022,data/reference/MEA/observations/ionic_analog_volumetrics/ethanolammonium_carboxylate_density.csv,AUG-HEX-34815-007,density,348.15,,,0.9715,mole fraction of dry ionic liquid in binary mixture,0.99100,g/cm^3,0.0028,relative,reported_relative_standard,analog,canonical_eligible,diagnostic_only,contextual,no,Augusto2022|hexanoate|T=348.15,,,Legacy estimates retained; exact PDF/salt-to-row binding unverified.,source binding unverified,,
AUG-HEX-36315-001,ethanolammonium_carboxylate_density,Augusto2022,data/reference/MEA/observations/ionic_analog_volumetrics/ethanolammonium_carboxylate_density.csv,AUG-HEX-36315-001,density,363.15,,,0.0100,mole fraction of dry ionic liquid in binary mixture,0.95815,g/cm^3,0.0028,relative,reported_relative_standard,analog,canonical_eligible,diagnostic_only,contextual,no,Augusto2022|hexanoate|T=363.15,,,Legacy estimates retained; exact PDF/salt-to-row binding unverified.,source binding unverified,,
AUG-HEX-36315-002,ethanolammonium_carboxylate_density,Augusto2022,data/reference/MEA/observations/ionic_analog_volumetrics/ethanolammonium_carboxylate_density.csv,AUG-HEX-36315-002,density,363.15,,,0.0501,mole fraction of dry ionic liquid in binary mixture,0.98800,g/cm^3,0.0028,relative,reported_relative_standard,analog,canonical_eligible,diagnostic_only,contextual,no,Augusto2022|hexanoate|T=363.15,,,Legacy estimates retained; exact PDF/salt-to-row binding unverified.,source binding unverified,,
AUG-HEX-36315-003,ethanolammonium_carboxylate_density,Augusto2022,data/reference/MEA/observations/ionic_analog_volumetrics/ethanolammonium_carboxylate_density.csv,AUG-HEX-36315-003,density,363.15,,,0.0998,mole fraction of dry ionic liquid in binary mixture,0.99288,g/cm^3,0.0028,relative,reported_relative_standard,analog,canonical_eligible,diagnostic_only,contextual,no,Augusto2022|hexanoate|T=363.15,,,Legacy estimates retained; exact PDF/salt-to-row binding unverified.,source binding unverified,,
AUG-HEX-36315-004,ethanolammonium_carboxylate_density,Augusto2022,data/reference/MEA/observations/ionic_analog_volumetrics/ethanolammonium_carboxylate_density.csv,AUG-HEX-36315-004,density,363.15,,,0.2499,mole fraction of dry ionic liquid in binary mixture,0.99390,g/cm^3,0.0028,relative,reported_relative_standard,analog,canonical_eligible,diagnostic_only,contextual,no,Augusto2022|hexanoate|T=363.15,,,Legacy estimates retained; exact PDF/salt-to-row binding unverified.,source binding unverified,,
AUG-HEX-36315-005,ethanolammonium_carboxylate_density,Augusto2022,data/reference/MEA/observations/ionic_analog_volumetrics/ethanolammonium_carboxylate_density.csv,AUG-HEX-36315-005,density,363.15,,,0.4999,mole fraction of dry ionic liquid in binary mixture,0.98835,g/cm^3,0.0028,relative,reported_relative_standard,analog,canonical_eligible,diagnostic_only,contextual,no,Augusto2022|hexanoate|T=363.15,,,Legacy estimates retained; exact PDF/salt-to-row binding unverified.,source binding unverified,,
AUG-HEX-36315-006,ethanolammonium_carboxylate_density,Augusto2022,data/reference/MEA/observations/ionic_analog_volumetrics/ethanolammonium_carboxylate_density.csv,AUG-HEX-36315-006,density,363.15,,,0.7529,mole fraction of dry ionic liquid in binary mixture,0.98455,g/cm^3,0.0028,relative,reported_relative_standard,analog,canonical_eligible,diagnostic_only,contextual,no,Augusto2022|hexanoate|T=363.15,,,Legacy estimates retained; exact PDF/salt-to-row binding unverified.,source binding unverified,,
AUG-HEX-36315-007,ethanolammonium_carboxylate_density,Augusto2022,data/reference/MEA/observations/ionic_analog_volumetrics/ethanolammonium_carboxylate_density.csv,AUG-HEX-36315-007,density,363.15,,,0.9715,mole fraction of dry ionic liquid in binary mixture,0.98090,g/cm^3,0.0028,relative,reported_relative_standard,analog,canonical_eligible,diagnostic_only,contextual,no,Augusto2022|hexanoate|T=363.15,,,Legacy estimates retained; exact PDF/salt-to-row binding unverified.,source binding unverified,,
DHA-ACE-29800-001,ethanolammonium_carboxylate_density,Dhage2026,data/reference/MEA/observations/ionic_analog_volumetrics/ethanolammonium_carboxylate_density.csv,DHA-ACE-29800-001,density,298,,,0,mole fraction of ionic liquid in binary mixture,0.9971,g/cm^3,0.0005,g/cm^3,reported_combined_absolute,analog,canonical_eligible,diagnostic_only,contextual,no,Dhage2026|shared_water_endpoint|T=298,,,Legacy estimates retained; exact PDF/salt-to-row binding unverified.,source binding unverified,,
DHA-ACE-29800-002,ethanolammonium_carboxylate_density,Dhage2026,data/reference/MEA/observations/ionic_analog_volumetrics/ethanolammonium_carboxylate_density.csv,DHA-ACE-29800-002,density,298,,,0.0858,mole fraction of ionic liquid in binary mixture,1.0822,g/cm^3,0.0005,g/cm^3,reported_combined_absolute,analog,canonical_eligible,diagnostic_only,contextual,no,Dhage2026|acetate|T=298,,,Legacy estimates retained; exact PDF/salt-to-row binding unverified.,source binding unverified,,
DHA-ACE-29800-003,ethanolammonium_carboxylate_density,Dhage2026,data/reference/MEA/observations/ionic_analog_volumetrics/ethanolammonium_carboxylate_density.csv,DHA-ACE-29800-003,density,298,,,0.1753,mole fraction of ionic liquid in binary mixture,1.1149,g/cm^3,0.0005,g/cm^3,reported_combined_absolute,analog,canonical_eligible,diagnostic_only,contextual,no,Dhage2026|acetate|T=298,,,Legacy estimates retained; exact PDF/salt-to-row binding unverified.,source binding unverified,,
DHA-ACE-29800-004,ethanolammonium_carboxylate_density,Dhage2026,data/reference/MEA/observations/ionic_analog_volumetrics/ethanolammonium_carboxylate_density.csv,DHA-ACE-29800-004,density,298,,,0.2706,mole fraction of ionic liquid in binary mixture,1.1307,g/cm^3,0.0005,g/cm^3,reported_combined_absolute,analog,canonical_eligible,diagnostic_only,contextual,no,Dhage2026|acetate|T=298,,,Legacy estimates retained; exact PDF/salt-to-row binding unverified.,source binding unverified,,
DHA-ACE-29800-005,ethanolammonium_carboxylate_density,Dhage2026,data/reference/MEA/observations/ionic_analog_volumetrics/ethanolammonium_carboxylate_density.csv,DHA-ACE-29800-005,density,298,,,0.3527,mole fraction of ionic liquid in binary mixture,1.1382,g/cm^3,0.0005,g/cm^3,reported_combined_absolute,analog,canonical_eligible,diagnostic_only,contextual,no,Dhage2026|acetate|T=298,,,Legacy estimates retained; exact PDF/salt-to-row binding unverified.,source binding unverified,,
DHA-ACE-29800-006,ethanolammonium_carboxylate_density,Dhage2026,data/reference/MEA/observations/ionic_analog_volumetrics/ethanolammonium_carboxylate_density.csv,DHA-ACE-29800-006,density,298,,,0.4557,mole fraction of ionic liquid in binary mixture,1.1440,g/cm^3,0.0005,g/cm^3,reported_combined_absolute,analog,canonical_eligible,diagnostic_only,contextual,no,Dhage2026|acetate|T=298,,,Legacy estimates retained; exact PDF/salt-to-row binding unverified.,source binding unverified,,
DHA-ACE-29800-007,ethanolammonium_carboxylate_density,Dhage2026,data/reference/MEA/observations/ionic_analog_volumetrics/ethanolammonium_carboxylate_density.csv,DHA-ACE-29800-007,density,298,,,0.5669,mole fraction of ionic liquid in binary mixture,1.1468,g/cm^3,0.0005,g/cm^3,reported_combined_absolute,analog,canonical_eligible,diagnostic_only,contextual,no,Dhage2026|acetate|T=298,,,Legacy estimates retained; exact PDF/salt-to-row binding unverified.,source binding unverified,,
DHA-ACE-29800-008,ethanolammonium_carboxylate_density,Dhage2026,data/reference/MEA/observations/ionic_analog_volumetrics/ethanolammonium_carboxylate_density.csv,DHA-ACE-29800-008,density,298,,,0.6758,mole fraction of ionic liquid in binary mixture,1.1493,g/cm^3,0.0005,g/cm^3,reported_combined_absolute,analog,canonical_eligible,diagnostic_only,contextual,no,Dhage2026|acetate|T=298,,,Legacy estimates retained; exact PDF/salt-to-row binding unverified.,source binding unverified,,
DHA-ACE-29800-009,ethanolammonium_carboxylate_density,Dhage2026,data/reference/MEA/observations/ionic_analog_volumetrics/ethanolammonium_carboxylate_density.csv,DHA-ACE-29800-009,density,298,,,0.7908,mole fraction of ionic liquid in binary mixture,1.1511,g/cm^3,0.0005,g/cm^3,reported_combined_absolute,analog,canonical_eligible,diagnostic_only,contextual,no,Dhage2026|acetate|T=298,,,Legacy estimates retained; exact PDF/salt-to-row binding unverified.,source binding unverified,,
DHA-ACE-29800-010,ethanolammonium_carboxylate_density,Dhage2026,data/reference/MEA/observations/ionic_analog_volumetrics/ethanolammonium_carboxylate_density.csv,DHA-ACE-29800-010,density,298,,,0.9005,mole fraction of ionic liquid in binary mixture,1.1521,g/cm^3,0.0005,g/cm^3,reported_combined_absolute,analog,canonical_eligible,diagnostic_only,contextual,no,Dhage2026|acetate|T=298,,,Legacy estimates retained; exact PDF/salt-to-row binding unverified.,source binding unverified,,
DHA-ACE-29800-011,ethanolammonium_carboxylate_density,Dhage2026,data/reference/MEA/observations/ionic_analog_volumetrics/ethanolammonium_carboxylate_density.csv,DHA-ACE-29800-011,density,298,,,1,mole fraction of ionic liquid in binary mixture,1.1533,g/cm^3,0.0005,g/cm^3,reported_combined_absolute,analog,canonical_eligible,diagnostic_only,contextual,no,Dhage2026|acetate|T=298,,,Legacy estimates retained; exact PDF/salt-to-row binding unverified.,source binding unverified,,
DHA-PRO-29800-001,ethanolammonium_carboxylate_density,Dhage2026,data/reference/MEA/observations/ionic_analog_volumetrics/ethanolammonium_carboxylate_density.csv,DHA-PRO-29800-001,density,298,,,0,mole fraction of ionic liquid in binary mixture,0.9971,g/cm^3,0.0005,g/cm^3,reported_combined_absolute,analog,canonical_eligible,diagnostic_only,contextual,no,Dhage2026|shared_water_endpoint|T=298,,,Legacy estimates retained; exact PDF/salt-to-row binding unverified.,source binding unverified,,
DHA-PRO-29800-002,ethanolammonium_carboxylate_density,Dhage2026,data/reference/MEA/observations/ionic_analog_volumetrics/ethanolammonium_carboxylate_density.csv,DHA-PRO-29800-002,density,298,,,0.1008,mole fraction of ionic liquid in binary mixture,1.0768,g/cm^3,0.0005,g/cm^3,reported_combined_absolute,analog,canonical_eligible,diagnostic_only,contextual,no,Dhage2026|propionate|T=298,,,Legacy estimates retained; exact PDF/salt-to-row binding unverified.,source binding unverified,,
DHA-PRO-29800-003,ethanolammonium_carboxylate_density,Dhage2026,data/reference/MEA/observations/ionic_analog_volumetrics/ethanolammonium_carboxylate_density.csv,DHA-PRO-29800-003,density,298,,,0.2030,mole fraction of ionic liquid in binary mixture,1.0996,g/cm^3,0.0005,g/cm^3,reported_combined_absolute,analog,canonical_eligible,diagnostic_only,contextual,no,Dhage2026|propionate|T=298,,,Legacy estimates retained; exact PDF/salt-to-row binding unverified.,source binding unverified,,
DHA-PRO-29800-004,ethanolammonium_carboxylate_density,Dhage2026,data/reference/MEA/observations/ionic_analog_volumetrics/ethanolammonium_carboxylate_density.csv,DHA-PRO-29800-004,density,298,,,0.2986,mole fraction of ionic liquid in binary mixture,1.1070,g/cm^3,0.0005,g/cm^3,reported_combined_absolute,analog,canonical_eligible,diagnostic_only,contextual,no,Dhage2026|propionate|T=298,,,Legacy estimates retained; exact PDF/salt-to-row binding unverified.,source binding unverified,,
DHA-PRO-29800-005,ethanolammonium_carboxylate_density,Dhage2026,data/reference/MEA/observations/ionic_analog_volumetrics/ethanolammonium_carboxylate_density.csv,DHA-PRO-29800-005,density,298,,,0.4062,mole fraction of ionic liquid in binary mixture,1.1107,g/cm^3,0.0005,g/cm^3,reported_combined_absolute,analog,canonical_eligible,diagnostic_only,contextual,no,Dhage2026|propionate|T=298,,,Legacy estimates retained; exact PDF/salt-to-row binding unverified.,source binding unverified,,
DHA-PRO-29800-006,ethanolammonium_carboxylate_density,Dhage2026,data/reference/MEA/observations/ionic_analog_volumetrics/ethanolammonium_carboxylate_density.csv,DHA-PRO-29800-006,density,298,,,0.4975,mole fraction of ionic liquid in binary mixture,1.1131,g/cm^3,0.0005,g/cm^3,reported_combined_absolute,analog,canonical_eligible,diagnostic_only,contextual,no,Dhage2026|propionate|T=298,,,Legacy estimates retained; exact PDF/salt-to-row binding unverified.,source binding unverified,,
DHA-PRO-29800-007,ethanolammonium_carboxylate_density,Dhage2026,data/reference/MEA/observations/ionic_analog_volumetrics/ethanolammonium_carboxylate_density.csv,DHA-PRO-29800-007,density,298,,,0.6040,mole fraction of ionic liquid in binary mixture,1.1142,g/cm^3,0.0005,g/cm^3,reported_combined_absolute,analog,canonical_eligible,diagnostic_only,contextual,no,Dhage2026|propionate|T=298,,,Legacy estimates retained; exact PDF/salt-to-row binding unverified.,source binding unverified,,
DHA-PRO-29800-008,ethanolammonium_carboxylate_density,Dhage2026,data/reference/MEA/observations/ionic_analog_volumetrics/ethanolammonium_carboxylate_density.csv,DHA-PRO-29800-008,density,298,,,0.7039,mole fraction of ionic liquid in binary mixture,1.1136,g/cm^3,0.0005,g/cm^3,reported_combined_absolute,analog,canonical_eligible,diagnostic_only,contextual,no,Dhage2026|propionate|T=298,,,Legacy estimates retained; exact PDF/salt-to-row binding unverified.,source binding unverified,,
DHA-PRO-29800-009,ethanolammonium_carboxylate_density,Dhage2026,data/reference/MEA/observations/ionic_analog_volumetrics/ethanolammonium_carboxylate_density.csv,DHA-PRO-29800-009,density,298,,,0.8028,mole fraction of ionic liquid in binary mixture,1.1143,g/cm^3,0.0005,g/cm^3,reported_combined_absolute,analog,canonical_eligible,diagnostic_only,contextual,no,Dhage2026|propionate|T=298,,,Legacy estimates retained; exact PDF/salt-to-row binding unverified.,source binding unverified,,
DHA-PRO-29800-010,ethanolammonium_carboxylate_density,Dhage2026,data/reference/MEA/observations/ionic_analog_volumetrics/ethanolammonium_carboxylate_density.csv,DHA-PRO-29800-010,density,298,,,0.9085,mole fraction of ionic liquid in binary mixture,1.1128,g/cm^3,0.0005,g/cm^3,reported_combined_absolute,analog,canonical_eligible,diagnostic_only,contextual,no,Dhage2026|propionate|T=298,,,Legacy estimates retained; exact PDF/salt-to-row binding unverified.,source binding unverified,,
DHA-PRO-29800-011,ethanolammonium_carboxylate_density,Dhage2026,data/reference/MEA/observations/ionic_analog_volumetrics/ethanolammonium_carboxylate_density.csv,DHA-PRO-29800-011,density,298,,,1,mole fraction of ionic liquid in binary mixture,1.1127,g/cm^3,0.0005,g/cm^3,reported_combined_absolute,analog,canonical_eligible,diagnostic_only,contextual,no,Dhage2026|propionate|T=298,,,Legacy estimates retained; exact PDF/salt-to-row binding unverified.,source binding unverified,,
DHA-BUT-29800-001,ethanolammonium_carboxylate_density,Dhage2026,data/reference/MEA/observations/ionic_analog_volumetrics/ethanolammonium_carboxylate_density.csv,DHA-BUT-29800-001,density,298,,,0,mole fraction of ionic liquid in binary mixture,0.9971,g/cm^3,0.0005,g/cm^3,reported_combined_absolute,analog,canonical_eligible,diagnostic_only,contextual,no,Dhage2026|shared_water_endpoint|T=298,,,Legacy estimates retained; exact PDF/salt-to-row binding unverified.,source binding unverified,,
DHA-BUT-29800-002,ethanolammonium_carboxylate_density,Dhage2026,data/reference/MEA/observations/ionic_analog_volumetrics/ethanolammonium_carboxylate_density.csv,DHA-BUT-29800-002,density,298,,,0.0940,mole fraction of ionic liquid in binary mixture,1.0597,g/cm^3,0.0005,g/cm^3,reported_combined_absolute,analog,canonical_eligible,diagnostic_only,contextual,no,Dhage2026|butanoate|T=298,,,Legacy estimates retained; exact PDF/salt-to-row binding unverified.,source binding unverified,,
DHA-BUT-29800-003,ethanolammonium_carboxylate_density,Dhage2026,data/reference/MEA/observations/ionic_analog_volumetrics/ethanolammonium_carboxylate_density.csv,DHA-BUT-29800-003,density,298,,,0.1929,mole fraction of ionic liquid in binary mixture,1.0749,g/cm^3,0.0005,g/cm^3,reported_combined_absolute,analog,canonical_eligible,diagnostic_only,contextual,no,Dhage2026|butanoate|T=298,,,Legacy estimates retained; exact PDF/salt-to-row binding unverified.,source binding unverified,,
DHA-BUT-29800-004,ethanolammonium_carboxylate_density,Dhage2026,data/reference/MEA/observations/ionic_analog_volumetrics/ethanolammonium_carboxylate_density.csv,DHA-BUT-29800-004,density,298,,,0.2919,mole fraction of ionic liquid in binary mixture,1.0792,g/cm^3,0.0005,g/cm^3,reported_combined_absolute,analog,canonical_eligible,diagnostic_only,contextual,no,Dhage2026|butanoate|T=298,,,Legacy estimates retained; exact PDF/salt-to-row binding unverified.,source binding unverified,,
DHA-BUT-29800-005,ethanolammonium_carboxylate_density,Dhage2026,data/reference/MEA/observations/ionic_analog_volumetrics/ethanolammonium_carboxylate_density.csv,DHA-BUT-29800-005,density,298,,,0.3907,mole fraction of ionic liquid in binary mixture,1.0799,g/cm^3,0.0005,g/cm^3,reported_combined_absolute,analog,canonical_eligible,diagnostic_only,contextual,no,Dhage2026|butanoate|T=298,,,Legacy estimates retained; exact PDF/salt-to-row binding unverified.,source binding unverified,,
DHA-BUT-29800-006,ethanolammonium_carboxylate_density,Dhage2026,data/reference/MEA/observations/ionic_analog_volumetrics/ethanolammonium_carboxylate_density.csv,DHA-BUT-29800-006,density,298,,,0.4907,mole fraction of ionic liquid in binary mixture,1.0802,g/cm^3,0.0005,g/cm^3,reported_combined_absolute,analog,canonical_eligible,diagnostic_only,contextual,no,Dhage2026|butanoate|T=298,,,Legacy estimates retained; exact PDF/salt-to-row binding unverified.,source binding unverified,,
DHA-BUT-29800-007,ethanolammonium_carboxylate_density,Dhage2026,data/reference/MEA/observations/ionic_analog_volumetrics/ethanolammonium_carboxylate_density.csv,DHA-BUT-29800-007,density,298,,,0.5947,mole fraction of ionic liquid in binary mixture,1.0792,g/cm^3,0.0005,g/cm^3,reported_combined_absolute,analog,canonical_eligible,diagnostic_only,contextual,no,Dhage2026|butanoate|T=298,,,Legacy estimates retained; exact PDF/salt-to-row binding unverified.,source binding unverified,,
DHA-BUT-29800-008,ethanolammonium_carboxylate_density,Dhage2026,data/reference/MEA/observations/ionic_analog_volumetrics/ethanolammonium_carboxylate_density.csv,DHA-BUT-29800-008,density,298,,,0.6919,mole fraction of ionic liquid in binary mixture,1.0782,g/cm^3,0.0005,g/cm^3,reported_combined_absolute,analog,canonical_eligible,diagnostic_only,contextual,no,Dhage2026|butanoate|T=298,,,Legacy estimates retained; exact PDF/salt-to-row binding unverified.,source binding unverified,,
DHA-BUT-29800-009,ethanolammonium_carboxylate_density,Dhage2026,data/reference/MEA/observations/ionic_analog_volumetrics/ethanolammonium_carboxylate_density.csv,DHA-BUT-29800-009,density,298,,,0.7978,mole fraction of ionic liquid in binary mixture,1.0770,g/cm^3,0.0005,g/cm^3,reported_combined_absolute,analog,canonical_eligible,diagnostic_only,contextual,no,Dhage2026|butanoate|T=298,,,Legacy estimates retained; exact PDF/salt-to-row binding unverified.,source binding unverified,,
DHA-BUT-29800-010,ethanolammonium_carboxylate_density,Dhage2026,data/reference/MEA/observations/ionic_analog_volumetrics/ethanolammonium_carboxylate_density.csv,DHA-BUT-29800-010,density,298,,,0.8965,mole fraction of ionic liquid in binary mixture,1.0751,g/cm^3,0.0005,g/cm^3,reported_combined_absolute,analog,canonical_eligible,diagnostic_only,contextual,no,Dhage2026|butanoate|T=298,,,Legacy estimates retained; exact PDF/salt-to-row binding unverified.,source binding unverified,,
DHA-BUT-29800-011,ethanolammonium_carboxylate_density,Dhage2026,data/reference/MEA/observations/ionic_analog_volumetrics/ethanolammonium_carboxylate_density.csv,DHA-BUT-29800-011,density,298,,,1,mole fraction of ionic liquid in binary mixture,1.0739,g/cm^3,0.0005,g/cm^3,reported_combined_absolute,analog,canonical_eligible,diagnostic_only,contextual,no,Dhage2026|butanoate|T=298,,,Legacy estimates retained; exact PDF/salt-to-row binding unverified.,source binding unverified,,
DHA-PEN-29800-001,ethanolammonium_carboxylate_density,Dhage2026,data/reference/MEA/observations/ionic_analog_volumetrics/ethanolammonium_carboxylate_density.csv,DHA-PEN-29800-001,density,298,,,0,mole fraction of ionic liquid in binary mixture,0.9971,g/cm^3,0.0005,g/cm^3,reported_combined_absolute,analog,canonical_eligible,diagnostic_only,contextual,no,Dhage2026|shared_water_endpoint|T=298,,,Legacy estimates retained; exact PDF/salt-to-row binding unverified.,source binding unverified,,
DHA-PEN-29800-002,ethanolammonium_carboxylate_density,Dhage2026,data/reference/MEA/observations/ionic_analog_volumetrics/ethanolammonium_carboxylate_density.csv,DHA-PEN-29800-002,density,298,,,0.1022,mole fraction of ionic liquid in binary mixture,1.0497,g/cm^3,0.0005,g/cm^3,reported_combined_absolute,analog,canonical_eligible,diagnostic_only,contextual,no,Dhage2026|pentanoate|T=298,,,Legacy estimates retained; exact PDF/salt-to-row binding unverified.,source binding unverified,,
DHA-PEN-29800-003,ethanolammonium_carboxylate_density,Dhage2026,data/reference/MEA/observations/ionic_analog_volumetrics/ethanolammonium_carboxylate_density.csv,DHA-PEN-29800-003,density,298,,,0.1973,mole fraction of ionic liquid in binary mixture,1.0545,g/cm^3,0.0005,g/cm^3,reported_combined_absolute,analog,canonical_eligible,diagnostic_only,contextual,no,Dhage2026|pentanoate|T=298,,,Legacy estimates retained; exact PDF/salt-to-row binding unverified.,source binding unverified,,
DHA-PEN-29800-004,ethanolammonium_carboxylate_density,Dhage2026,data/reference/MEA/observations/ionic_analog_volumetrics/ethanolammonium_carboxylate_density.csv,DHA-PEN-29800-004,density,298,,,0.3016,mole fraction of ionic liquid in binary mixture,1.0551,g/cm^3,0.0005,g/cm^3,reported_combined_absolute,analog,canonical_eligible,diagnostic_only,contextual,no,Dhage2026|pentanoate|T=298,,,Legacy estimates retained; exact PDF/salt-to-row binding unverified.,source binding unverified,,
DHA-PEN-29800-005,ethanolammonium_carboxylate_density,Dhage2026,data/reference/MEA/observations/ionic_analog_volumetrics/ethanolammonium_carboxylate_density.csv,DHA-PEN-29800-005,density,298,,,0.3977,mole fraction of ionic liquid in binary mixture,1.0541,g/cm^3,0.0005,g/cm^3,reported_combined_absolute,analog,canonical_eligible,diagnostic_only,contextual,no,Dhage2026|pentanoate|T=298,,,Legacy estimates retained; exact PDF/salt-to-row binding unverified.,source binding unverified,,
DHA-PEN-29800-006,ethanolammonium_carboxylate_density,Dhage2026,data/reference/MEA/observations/ionic_analog_volumetrics/ethanolammonium_carboxylate_density.csv,DHA-PEN-29800-006,density,298,,,0.5020,mole fraction of ionic liquid in binary mixture,1.0523,g/cm^3,0.0005,g/cm^3,reported_combined_absolute,analog,canonical_eligible,diagnostic_only,contextual,no,Dhage2026|pentanoate|T=298,,,Legacy estimates retained; exact PDF/salt-to-row binding unverified.,source binding unverified,,
DHA-PEN-29800-007,ethanolammonium_carboxylate_density,Dhage2026,data/reference/MEA/observations/ionic_analog_volumetrics/ethanolammonium_carboxylate_density.csv,DHA-PEN-29800-007,density,298,,,0.5893,mole fraction of ionic liquid in binary mixture,1.0510,g/cm^3,0.0005,g/cm^3,reported_combined_absolute,analog,canonical_eligible,diagnostic_only,contextual,no,Dhage2026|pentanoate|T=298,,,Legacy estimates retained; exact PDF/salt-to-row binding unverified.,source binding unverified,,
DHA-PEN-29800-008,ethanolammonium_carboxylate_density,Dhage2026,data/reference/MEA/observations/ionic_analog_volumetrics/ethanolammonium_carboxylate_density.csv,DHA-PEN-29800-008,density,298,,,0.6998,mole fraction of ionic liquid in binary mixture,1.0492,g/cm^3,0.0005,g/cm^3,reported_combined_absolute,analog,canonical_eligible,diagnostic_only,contextual,no,Dhage2026|pentanoate|T=298,,,Legacy estimates retained; exact PDF/salt-to-row binding unverified.,source binding unverified,,
DHA-PEN-29800-009,ethanolammonium_carboxylate_density,Dhage2026,data/reference/MEA/observations/ionic_analog_volumetrics/ethanolammonium_carboxylate_density.csv,DHA-PEN-29800-009,density,298,,,0.8042,mole fraction of ionic liquid in binary mixture,1.0476,g/cm^3,0.0005,g/cm^3,reported_combined_absolute,analog,canonical_eligible,diagnostic_only,contextual,no,Dhage2026|pentanoate|T=298,,,Legacy estimates retained; exact PDF/salt-to-row binding unverified.,source binding unverified,,
DHA-PEN-29800-010,ethanolammonium_carboxylate_density,Dhage2026,data/reference/MEA/observations/ionic_analog_volumetrics/ethanolammonium_carboxylate_density.csv,DHA-PEN-29800-010,density,298,,,0.8985,mole fraction of ionic liquid in binary mixture,1.0458,g/cm^3,0.0005,g/cm^3,reported_combined_absolute,analog,canonical_eligible,diagnostic_only,contextual,no,Dhage2026|pentanoate|T=298,,,Legacy estimates retained; exact PDF/salt-to-row binding unverified.,source binding unverified,,
DHA-PEN-29800-011,ethanolammonium_carboxylate_density,Dhage2026,data/reference/MEA/observations/ionic_analog_volumetrics/ethanolammonium_carboxylate_density.csv,DHA-PEN-29800-011,density,298,,,1,mole fraction of ionic liquid in binary mixture,1.0434,g/cm^3,0.0005,g/cm^3,reported_combined_absolute,analog,canonical_eligible,diagnostic_only,contextual,no,Dhage2026|pentanoate|T=298,,,Legacy estimates retained; exact PDF/salt-to-row binding unverified.,source binding unverified,,
Bottinger2008_state_001|CO2,speciation,Bottinger2008,data/reference/MEA/observations/liquid_speciation/Bottinger_2007_ChEq.csv,1,CO2,293.15,0.2,0.228,0,mole_fraction,0,mole_fraction,,,not_reported,direct_zero,validation_reserved,validation_reserved,held_out,no,Bottinger2008|w=0.2|T=20,,,,Reported zero has no source-backed detection or censor bound and is retained as context only.,cheq_canon_00000,
Bottinger2008_state_001|MEA,speciation,Bottinger2008,data/reference/MEA/observations/liquid_speciation/Bottinger_2007_ChEq.csv,1,MEA,293.15,0.2,0.228,,,,,,,not_reported,balance_inferred,validation_reserved,validation_reserved,inferred_not_independent,no,Bottinger2008|w=0.2|T=20,,,,The independently reported MEA + MEAH+ aggregate is used instead of its correlated constituent values.,,
Bottinger2008_state_001|MEAH+,speciation,Bottinger2008,data/reference/MEA/observations/liquid_speciation/Bottinger_2007_ChEq.csv,1,MEAH+,293.15,0.2,0.228,,,,,,,not_reported,balance_inferred,validation_reserved,validation_reserved,inferred_not_independent,no,Bottinger2008|w=0.2|T=20,,,,The independently reported MEA + MEAH+ aggregate is used instead of its correlated constituent values.,,
Bottinger2008_state_001|MEACOO-,speciation,Bottinger2008,data/reference/MEA/observations/liquid_speciation/Bottinger_2007_ChEq.csv,1,MEACOO-,293.15,0.2,0.228,0.0164,mole_fraction,0.0164,mole_fraction,,,not_reported,direct_positive,validation_reserved,validation_reserved,held_out,no,Bottinger2008|w=0.2|T=20,,,,Observation is outside the executable active target contract.,cheq_canon_00002,
Bottinger2008_state_001|HCO3-,speciation,Bottinger2008,data/reference/MEA/observations/liquid_speciation/Bottinger_2007_ChEq.csv,1,HCO3-,293.15,0.2,0.228,0,mole_fraction,0,mole_fraction,,,not_reported,direct_zero,validation_reserved,validation_reserved,held_out,no,Bottinger2008|w=0.2|T=20,,,,Reported zero has no source-backed detection or censor bound and is retained as context only.,cheq_canon_00003,"{""HCO3-"":1.0,""CO3^2-"":1.0}"
Bottinger2008_state_001|CO3^2-,speciation,Bottinger2008,data/reference/MEA/observations/liquid_speciation/Bottinger_2007_ChEq.csv,1,CO3^2-,293.15,0.2,0.228,,,,,,,not_reported,balance_inferred,validation_reserved,validation_reserved,inferred_not_independent,no,Bottinger2008|w=0.2|T=20,,,,Balance-inferred context is not an independent measurement.,,
Bottinger2008_state_001|H3O+,speciation,Bottinger2008,data/reference/MEA/observations/liquid_speciation/Bottinger_2007_ChEq.csv,1,H3O+,293.15,0.2,0.228,,,,,,,not_reported,balance_inferred,validation_reserved,validation_reserved,inferred_not_independent,no,Bottinger2008|w=0.2|T=20,,,,Balance-inferred context is not an independent measurement.,,
Bottinger2008_state_001|OH-,speciation,Bottinger2008,data/reference/MEA/observations/liquid_speciation/Bottinger_2007_ChEq.csv,1,OH-,293.15,0.2,0.228,,,,,,,not_reported,balance_inferred,validation_reserved,validation_reserved,inferred_not_independent,no,Bottinger2008|w=0.2|T=20,,,,Balance-inferred context is not an independent measurement.,,
Bottinger2008_state_001|MEA + MEAH+,speciation,Bottinger2008,data/reference/MEA/observations/liquid_speciation/Bottinger_2007_ChEq.csv,1,MEA + MEAH+,293.15,0.2,0.228,0.0554,mole_fraction,0.0554,mole_fraction,,,not_reported,aggregate_direct_positive,validation_reserved,validation_reserved,held_out,no,Bottinger2008|w=0.2|T=20,,,,Observation is outside the executable active target contract.,cheq_canon_00001,"{""MEA"":1.0,""MEAH+"":1.0}"
Bottinger2008_state_002|CO2,speciation,Bottinger2008,data/reference/MEA/observations/liquid_speciation/Bottinger_2007_ChEq.csv,2,CO2,293.15,0.2,0.267,0,mole_fraction,0,mole_fraction,,,not_reported,direct_zero,validation_reserved,validation_reserved,held_out,no,Bottinger2008|w=0.2|T=20,,,,Reported zero has no source-backed detection or censor bound and is retained as context only.,cheq_canon_00004,
Bottinger2008_state_002|MEA,speciation,Bottinger2008,data/reference/MEA/observations/liquid_speciation/Bottinger_2007_ChEq.csv,2,MEA,293.15,0.2,0.267,,,,,,,not_reported,balance_inferred,validation_reserved,validation_reserved,inferred_not_independent,no,Bottinger2008|w=0.2|T=20,,,,The independently reported MEA + MEAH+ aggregate is used instead of its correlated constituent values.,,
Bottinger2008_state_002|MEAH+,speciation,Bottinger2008,data/reference/MEA/observations/liquid_speciation/Bottinger_2007_ChEq.csv,2,MEAH+,293.15,0.2,0.267,,,,,,,not_reported,balance_inferred,validation_reserved,validation_reserved,inferred_not_independent,no,Bottinger2008|w=0.2|T=20,,,,The independently reported MEA + MEAH+ aggregate is used instead of its correlated constituent values.,,
Bottinger2008_state_002|MEACOO-,speciation,Bottinger2008,data/reference/MEA/observations/liquid_speciation/Bottinger_2007_ChEq.csv,2,MEACOO-,293.15,0.2,0.267,0.0191,mole_fraction,0.0191,mole_fraction,,,not_reported,direct_positive,validation_reserved,validation_reserved,held_out,no,Bottinger2008|w=0.2|T=20,,,,Observation is outside the executable active target contract.,cheq_canon_00006,
Bottinger2008_state_002|HCO3-,speciation,Bottinger2008,data/reference/MEA/observations/liquid_speciation/Bottinger_2007_ChEq.csv,2,HCO3-,293.15,0.2,0.267,0,mole_fraction,0,mole_fraction,,,not_reported,direct_zero,validation_reserved,validation_reserved,held_out,no,Bottinger2008|w=0.2|T=20,,,,Reported zero has no source-backed detection or censor bound and is retained as context only.,cheq_canon_00007,"{""HCO3-"":1.0,""CO3^2-"":1.0}"
Bottinger2008_state_002|CO3^2-,speciation,Bottinger2008,data/reference/MEA/observations/liquid_speciation/Bottinger_2007_ChEq.csv,2,CO3^2-,293.15,0.2,0.267,,,,,,,not_reported,balance_inferred,validation_reserved,validation_reserved,inferred_not_independent,no,Bottinger2008|w=0.2|T=20,,,,Balance-inferred context is not an independent measurement.,,
Bottinger2008_state_002|H3O+,speciation,Bottinger2008,data/reference/MEA/observations/liquid_speciation/Bottinger_2007_ChEq.csv,2,H3O+,293.15,0.2,0.267,,,,,,,not_reported,balance_inferred,validation_reserved,validation_reserved,inferred_not_independent,no,Bottinger2008|w=0.2|T=20,,,,Balance-inferred context is not an independent measurement.,,
Bottinger2008_state_002|OH-,speciation,Bottinger2008,data/reference/MEA/observations/liquid_speciation/Bottinger_2007_ChEq.csv,2,OH-,293.15,0.2,0.267,,,,,,,not_reported,balance_inferred,validation_reserved,validation_reserved,inferred_not_independent,no,Bottinger2008|w=0.2|T=20,,,,Balance-inferred context is not an independent measurement.,,
Bottinger2008_state_002|MEA + MEAH+,speciation,Bottinger2008,data/reference/MEA/observations/liquid_speciation/Bottinger_2007_ChEq.csv,2,MEA + MEAH+,293.15,0.2,0.267,0.0522,mole_fraction,0.0522,mole_fraction,,,not_reported,aggregate_direct_positive,validation_reserved,validation_reserved,held_out,no,Bottinger2008|w=0.2|T=20,,,,Observation is outside the executable active target contract.,cheq_canon_00005,"{""MEA"":1.0,""MEAH+"":1.0}"
Bottinger2008_state_003|CO2,speciation,Bottinger2008,data/reference/MEA/observations/liquid_speciation/Bottinger_2007_ChEq.csv,3,CO2,293.15,0.2,0.332,0,mole_fraction,0,mole_fraction,,,not_reported,direct_zero,validation_reserved,validation_reserved,held_out,no,Bottinger2008|w=0.2|T=20,,,,Reported zero has no source-backed detection or censor bound and is retained as context only.,cheq_canon_00008,
Bottinger2008_state_003|MEA,speciation,Bottinger2008,data/reference/MEA/observations/liquid_speciation/Bottinger_2007_ChEq.csv,3,MEA,293.15,0.2,0.332,,,,,,,not_reported,balance_inferred,validation_reserved,validation_reserved,inferred_not_independent,no,Bottinger2008|w=0.2|T=20,,,,The independently reported MEA + MEAH+ aggregate is used instead of its correlated constituent values.,,
Bottinger2008_state_003|MEAH+,speciation,Bottinger2008,data/reference/MEA/observations/liquid_speciation/Bottinger_2007_ChEq.csv,3,MEAH+,293.15,0.2,0.332,,,,,,,not_reported,balance_inferred,validation_reserved,validation_reserved,inferred_not_independent,no,Bottinger2008|w=0.2|T=20,,,,The independently reported MEA + MEAH+ aggregate is used instead of its correlated constituent values.,,
Bottinger2008_state_003|MEACOO-,speciation,Bottinger2008,data/reference/MEA/observations/liquid_speciation/Bottinger_2007_ChEq.csv,3,MEACOO-,293.15,0.2,0.332,0.0236,mole_fraction,0.0236,mole_fraction,,,not_reported,direct_positive,validation_reserved,validation_reserved,held_out,no,Bottinger2008|w=0.2|T=20,,,,Observation is outside the executable active target contract.,cheq_canon_00010,
Bottinger2008_state_003|HCO3-,speciation,Bottinger2008,data/reference/MEA/observations/liquid_speciation/Bottinger_2007_ChEq.csv,3,HCO3-,293.15,0.2,0.332,0,mole_fraction,0,mole_fraction,,,not_reported,direct_zero,validation_reserved,validation_reserved,held_out,no,Bottinger2008|w=0.2|T=20,,,,Reported zero has no source-backed detection or censor bound and is retained as context only.,cheq_canon_00011,"{""HCO3-"":1.0,""CO3^2-"":1.0}"
Bottinger2008_state_003|CO3^2-,speciation,Bottinger2008,data/reference/MEA/observations/liquid_speciation/Bottinger_2007_ChEq.csv,3,CO3^2-,293.15,0.2,0.332,,,,,,,not_reported,balance_inferred,validation_reserved,validation_reserved,inferred_not_independent,no,Bottinger2008|w=0.2|T=20,,,,Balance-inferred context is not an independent measurement.,,
Bottinger2008_state_003|H3O+,speciation,Bottinger2008,data/reference/MEA/observations/liquid_speciation/Bottinger_2007_ChEq.csv,3,H3O+,293.15,0.2,0.332,,,,,,,not_reported,balance_inferred,validation_reserved,validation_reserved,inferred_not_independent,no,Bottinger2008|w=0.2|T=20,,,,Balance-inferred context is not an independent measurement.,,
Bottinger2008_state_003|OH-,speciation,Bottinger2008,data/reference/MEA/observations/liquid_speciation/Bottinger_2007_ChEq.csv,3,OH-,293.15,0.2,0.332,,,,,,,not_reported,balance_inferred,validation_reserved,validation_reserved,inferred_not_independent,no,Bottinger2008|w=0.2|T=20,,,,Balance-inferred context is not an independent measurement.,,
Bottinger2008_state_003|MEA + MEAH+,speciation,Bottinger2008,data/reference/MEA/observations/liquid_speciation/Bottinger_2007_ChEq.csv,3,MEA + MEAH+,293.15,0.2,0.332,0.0476,mole_fraction,0.0476,mole_fraction,,,not_reported,aggregate_direct_positive,validation_reserved,validation_reserved,held_out,no,Bottinger2008|w=0.2|T=20,,,,Observation is outside the executable active target contract.,cheq_canon_00009,"{""MEA"":1.0,""MEAH+"":1.0}"
Bottinger2008_state_004|CO2,speciation,Bottinger2008,data/reference/MEA/observations/liquid_speciation/Bottinger_2007_ChEq.csv,4,CO2,293.15,0.2,0.474,0,mole_fraction,0,mole_fraction,,,not_reported,direct_zero,validation_reserved,validation_reserved,held_out,no,Bottinger2008|w=0.2|T=20,,,,Reported zero has no source-backed detection or censor bound and is retained as context only.,cheq_canon_00012,
Bottinger2008_state_004|MEA,speciation,Bottinger2008,data/reference/MEA/observations/liquid_speciation/Bottinger_2007_ChEq.csv,4,MEA,293.15,0.2,0.474,,,,,,,not_reported,balance_inferred,validation_reserved,validation_reserved,inferred_not_independent,no,Bottinger2008|w=0.2|T=20,,,,The independently reported MEA + MEAH+ aggregate is used instead of its correlated constituent values.,,
Bottinger2008_state_004|MEAH+,speciation,Bottinger2008,data/reference/MEA/observations/liquid_speciation/Bottinger_2007_ChEq.csv,4,MEAH+,293.15,0.2,0.474,,,,,,,not_reported,balance_inferred,validation_reserved,validation_reserved,inferred_not_independent,no,Bottinger2008|w=0.2|T=20,,,,The independently reported MEA + MEAH+ aggregate is used instead of its correlated constituent values.,,
Bottinger2008_state_004|MEACOO-,speciation,Bottinger2008,data/reference/MEA/observations/liquid_speciation/Bottinger_2007_ChEq.csv,4,MEACOO-,293.15,0.2,0.474,0.03,mole_fraction,0.03,mole_fraction,,,not_reported,direct_positive,validation_reserved,validation_reserved,held_out,no,Bottinger2008|w=0.2|T=20,,,,Observation is outside the executable active target contract.,cheq_canon_00014,
Bottinger2008_state_004|HCO3-,speciation,Bottinger2008,data/reference/MEA/observations/liquid_speciation/Bottinger_2007_ChEq.csv,4,HCO3-,293.15,0.2,0.474,0.0038,mole_fraction,0.0038,mole_fraction,,,not_reported,direct_positive,validation_reserved,validation_reserved,held_out,no,Bottinger2008|w=0.2|T=20,,,,Observation is outside the executable active target contract.,cheq_canon_00015,"{""HCO3-"":1.0,""CO3^2-"":1.0}"
Bottinger2008_state_004|CO3^2-,speciation,Bottinger2008,data/reference/MEA/observations/liquid_speciation/Bottinger_2007_ChEq.csv,4,CO3^2-,293.15,0.2,0.474,,,,,,,not_reported,balance_inferred,validation_reserved,validation_reserved,inferred_not_independent,no,Bottinger2008|w=0.2|T=20,,,,Balance-inferred context is not an independent measurement.,,
Bottinger2008_state_004|H3O+,speciation,Bottinger2008,data/reference/MEA/observations/liquid_speciation/Bottinger_2007_ChEq.csv,4,H3O+,293.15,0.2,0.474,,,,,,,not_reported,balance_inferred,validation_reserved,validation_reserved,inferred_not_independent,no,Bottinger2008|w=0.2|T=20,,,,Balance-inferred context is not an independent measurement.,,
Bottinger2008_state_004|OH-,speciation,Bottinger2008,data/reference/MEA/observations/liquid_speciation/Bottinger_2007_ChEq.csv,4,OH-,293.15,0.2,0.474,,,,,,,not_reported,balance_inferred,validation_reserved,validation_reserved,inferred_not_independent,no,Bottinger2008|w=0.2|T=20,,,,Balance-inferred context is not an independent measurement.,,
Bottinger2008_state_004|MEA + MEAH+,speciation,Bottinger2008,data/reference/MEA/observations/liquid_speciation/Bottinger_2007_ChEq.csv,4,MEA + MEAH+,293.15,0.2,0.474,0.0414,mole_fraction,0.0414,mole_fraction,,,not_reported,aggregate_direct_positive,validation_reserved,validation_reserved,held_out,no,Bottinger2008|w=0.2|T=20,,,,Observation is outside the executable active target contract.,cheq_canon_00013,"{""MEA"":1.0,""MEAH+"":1.0}"
Bottinger2008_state_005|CO2,speciation,Bottinger2008,data/reference/MEA/observations/liquid_speciation/Bottinger_2007_ChEq.csv,5,CO2,293.15,0.2,0.542,0,mole_fraction,0,mole_fraction,,,not_reported,direct_zero,validation_reserved,validation_reserved,held_out,no,Bottinger2008|w=0.2|T=20,,,,Reported zero has no source-backed detection or censor bound and is retained as context only.,cheq_canon_00016,
Bottinger2008_state_005|MEA,speciation,Bottinger2008,data/reference/MEA/observations/liquid_speciation/Bottinger_2007_ChEq.csv,5,MEA,293.15,0.2,0.542,,,,,,,not_reported,balance_inferred,validation_reserved,validation_reserved,inferred_not_independent,no,Bottinger2008|w=0.2|T=20,,,,The independently reported MEA + MEAH+ aggregate is used instead of its correlated constituent values.,,
Bottinger2008_state_005|MEAH+,speciation,Bottinger2008,data/reference/MEA/observations/liquid_speciation/Bottinger_2007_ChEq.csv,5,MEAH+,293.15,0.2,0.542,,,,,,,not_reported,balance_inferred,validation_reserved,validation_reserved,inferred_not_independent,no,Bottinger2008|w=0.2|T=20,,,,The independently reported MEA + MEAH+ aggregate is used instead of its correlated constituent values.,,
Bottinger2008_state_005|MEACOO-,speciation,Bottinger2008,data/reference/MEA/observations/liquid_speciation/Bottinger_2007_ChEq.csv,5,MEACOO-,293.15,0.2,0.542,0.029,mole_fraction,0.029,mole_fraction,,,not_reported,direct_positive,validation_reserved,validation_reserved,held_out,no,Bottinger2008|w=0.2|T=20,,,,Böttinger reports quantifiable 2-oxazolidone above about 0.5 mol CO2/mol MEA; the nine-species model omits that byproduct.,cheq_canon_00018,
Bottinger2008_state_005|HCO3-,speciation,Bottinger2008,data/reference/MEA/observations/liquid_speciation/Bottinger_2007_ChEq.csv,5,HCO3-,293.15,0.2,0.542,0.0091,mole_fraction,0.0091,mole_fraction,,,not_reported,direct_positive,validation_reserved,validation_reserved,held_out,no,Bottinger2008|w=0.2|T=20,,,,Böttinger reports quantifiable 2-oxazolidone above about 0.5 mol CO2/mol MEA; the nine-species model omits that byproduct.,cheq_canon_00019,"{""HCO3-"":1.0,""CO3^2-"":1.0}"
Bottinger2008_state_005|CO3^2-,speciation,Bottinger2008,data/reference/MEA/observations/liquid_speciation/Bottinger_2007_ChEq.csv,5,CO3^2-,293.15,0.2,0.542,,,,,,,not_reported,balance_inferred,validation_reserved,validation_reserved,inferred_not_independent,no,Bottinger2008|w=0.2|T=20,,,,Balance-inferred context is not an independent measurement.,,
Bottinger2008_state_005|H3O+,speciation,Bottinger2008,data/reference/MEA/observations/liquid_speciation/Bottinger_2007_ChEq.csv,5,H3O+,293.15,0.2,0.542,,,,,,,not_reported,balance_inferred,validation_reserved,validation_reserved,inferred_not_independent,no,Bottinger2008|w=0.2|T=20,,,,Balance-inferred context is not an independent measurement.,,
Bottinger2008_state_005|OH-,speciation,Bottinger2008,data/reference/MEA/observations/liquid_speciation/Bottinger_2007_ChEq.csv,5,OH-,293.15,0.2,0.542,,,,,,,not_reported,balance_inferred,validation_reserved,validation_reserved,inferred_not_independent,no,Bottinger2008|w=0.2|T=20,,,,Balance-inferred context is not an independent measurement.,,
Bottinger2008_state_005|MEA + MEAH+,speciation,Bottinger2008,data/reference/MEA/observations/liquid_speciation/Bottinger_2007_ChEq.csv,5,MEA + MEAH+,293.15,0.2,0.542,0.0413,mole_fraction,0.0413,mole_fraction,,,not_reported,aggregate_direct_positive,validation_reserved,validation_reserved,held_out,no,Bottinger2008|w=0.2|T=20,,,,Böttinger reports quantifiable 2-oxazolidone above about 0.5 mol CO2/mol MEA; the nine-species model omits that byproduct.,cheq_canon_00017,"{""MEA"":1.0,""MEAH+"":1.0}"
Bottinger2008_state_006|CO2,speciation,Bottinger2008,data/reference/MEA/observations/liquid_speciation/Bottinger_2007_ChEq.csv,6,CO2,293.15,0.2,0.756,0,mole_fraction,0,mole_fraction,,,not_reported,direct_zero,validation_reserved,validation_reserved,held_out,no,Bottinger2008|w=0.2|T=20,,,,Reported zero has no source-backed detection or censor bound and is retained as context only.,cheq_canon_00020,
Bottinger2008_state_006|MEA,speciation,Bottinger2008,data/reference/MEA/observations/liquid_speciation/Bottinger_2007_ChEq.csv,6,MEA,293.15,0.2,0.756,,,,,,,not_reported,balance_inferred,validation_reserved,validation_reserved,inferred_not_independent,no,Bottinger2008|w=0.2|T=20,,,,The independently reported MEA + MEAH+ aggregate is used instead of its correlated constituent values.,,
Bottinger2008_state_006|MEAH+,speciation,Bottinger2008,data/reference/MEA/observations/liquid_speciation/Bottinger_2007_ChEq.csv,6,MEAH+,293.15,0.2,0.756,,,,,,,not_reported,balance_inferred,validation_reserved,validation_reserved,inferred_not_independent,no,Bottinger2008|w=0.2|T=20,,,,The independently reported MEA + MEAH+ aggregate is used instead of its correlated constituent values.,,
Bottinger2008_state_006|MEACOO-,speciation,Bottinger2008,data/reference/MEA/observations/liquid_speciation/Bottinger_2007_ChEq.csv,6,MEACOO-,293.15,0.2,0.756,0.0166,mole_fraction,0.0166,mole_fraction,,,not_reported,direct_positive,validation_reserved,validation_reserved,held_out,no,Bottinger2008|w=0.2|T=20,,,,Böttinger reports quantifiable 2-oxazolidone above about 0.5 mol CO2/mol MEA; the nine-species model omits that byproduct.,cheq_canon_00022,
Bottinger2008_state_006|HCO3-,speciation,Bottinger2008,data/reference/MEA/observations/liquid_speciation/Bottinger_2007_ChEq.csv,6,HCO3-,293.15,0.2,0.756,0.0357,mole_fraction,0.0357,mole_fraction,,,not_reported,direct_positive,validation_reserved,validation_reserved,held_out,no,Bottinger2008|w=0.2|T=20,,,,Böttinger reports quantifiable 2-oxazolidone above about 0.5 mol CO2/mol MEA; the nine-species model omits that byproduct.,cheq_canon_00023,"{""HCO3-"":1.0,""CO3^2-"":1.0}"
Bottinger2008_state_006|CO3^2-,speciation,Bottinger2008,data/reference/MEA/observations/liquid_speciation/Bottinger_2007_ChEq.csv,6,CO3^2-,293.15,0.2,0.756,,,,,,,not_reported,balance_inferred,validation_reserved,validation_reserved,inferred_not_independent,no,Bottinger2008|w=0.2|T=20,,,,Balance-inferred context is not an independent measurement.,,
Bottinger2008_state_006|H3O+,speciation,Bottinger2008,data/reference/MEA/observations/liquid_speciation/Bottinger_2007_ChEq.csv,6,H3O+,293.15,0.2,0.756,,,,,,,not_reported,balance_inferred,validation_reserved,validation_reserved,inferred_not_independent,no,Bottinger2008|w=0.2|T=20,,,,Balance-inferred context is not an independent measurement.,,
Bottinger2008_state_006|OH-,speciation,Bottinger2008,data/reference/MEA/observations/liquid_speciation/Bottinger_2007_ChEq.csv,6,OH-,293.15,0.2,0.756,,,,,,,not_reported,balance_inferred,validation_reserved,validation_reserved,inferred_not_independent,no,Bottinger2008|w=0.2|T=20,,,,Balance-inferred context is not an independent measurement.,,
Bottinger2008_state_006|MEA + MEAH+,speciation,Bottinger2008,data/reference/MEA/observations/liquid_speciation/Bottinger_2007_ChEq.csv,6,MEA + MEAH+,293.15,0.2,0.756,0.0513,mole_fraction,0.0513,mole_fraction,,,not_reported,aggregate_direct_positive,validation_reserved,validation_reserved,held_out,no,Bottinger2008|w=0.2|T=20,,,,Böttinger reports quantifiable 2-oxazolidone above about 0.5 mol CO2/mol MEA; the nine-species model omits that byproduct.,cheq_canon_00021,"{""MEA"":1.0,""MEAH+"":1.0}"
Bottinger2008_state_007|CO2,speciation,Bottinger2008,data/reference/MEA/observations/liquid_speciation/Bottinger_2007_ChEq.csv,7,CO2,293.15,0.2,0.89,0.0019,mole_fraction,0.0019,mole_fraction,,,not_reported,direct_positive,validation_reserved,validation_reserved,held_out,no,Bottinger2008|w=0.2|T=20,,,,Böttinger reports quantifiable 2-oxazolidone above about 0.5 mol CO2/mol MEA; the nine-species model omits that byproduct.,cheq_canon_00024,
Bottinger2008_state_007|MEA,speciation,Bottinger2008,data/reference/MEA/observations/liquid_speciation/Bottinger_2007_ChEq.csv,7,MEA,293.15,0.2,0.89,,,,,,,not_reported,balance_inferred,validation_reserved,validation_reserved,inferred_not_independent,no,Bottinger2008|w=0.2|T=20,,,,The independently reported MEA + MEAH+ aggregate is used instead of its correlated constituent values.,,
Bottinger2008_state_007|MEAH+,speciation,Bottinger2008,data/reference/MEA/observations/liquid_speciation/Bottinger_2007_ChEq.csv,7,MEAH+,293.15,0.2,0.89,,,,,,,not_reported,balance_inferred,validation_reserved,validation_reserved,inferred_not_independent,no,Bottinger2008|w=0.2|T=20,,,,The independently reported MEA + MEAH+ aggregate is used instead of its correlated constituent values.,,
Bottinger2008_state_007|MEACOO-,speciation,Bottinger2008,data/reference/MEA/observations/liquid_speciation/Bottinger_2007_ChEq.csv,7,MEACOO-,293.15,0.2,0.89,0.0092,mole_fraction,0.0092,mole_fraction,,,not_reported,direct_positive,validation_reserved,validation_reserved,held_out,no,Bottinger2008|w=0.2|T=20,,,,Böttinger reports quantifiable 2-oxazolidone above about 0.5 mol CO2/mol MEA; the nine-species model omits that byproduct.,cheq_canon_00026,
Bottinger2008_state_007|HCO3-,speciation,Bottinger2008,data/reference/MEA/observations/liquid_speciation/Bottinger_2007_ChEq.csv,7,HCO3-,293.15,0.2,0.89,0.0524,mole_fraction,0.0524,mole_fraction,,,not_reported,direct_positive,validation_reserved,validation_reserved,held_out,no,Bottinger2008|w=0.2|T=20,,,,Böttinger reports quantifiable 2-oxazolidone above about 0.5 mol CO2/mol MEA; the nine-species model omits that byproduct.,cheq_canon_00027,"{""HCO3-"":1.0,""CO3^2-"":1.0}"
Bottinger2008_state_007|CO3^2-,speciation,Bottinger2008,data/reference/MEA/observations/liquid_speciation/Bottinger_2007_ChEq.csv,7,CO3^2-,293.15,0.2,0.89,,,,,,,not_reported,balance_inferred,validation_reserved,validation_reserved,inferred_not_independent,no,Bottinger2008|w=0.2|T=20,,,,Balance-inferred context is not an independent measurement.,,
Bottinger2008_state_007|H3O+,speciation,Bottinger2008,data/reference/MEA/observations/liquid_speciation/Bottinger_2007_ChEq.csv,7,H3O+,293.15,0.2,0.89,,,,,,,not_reported,balance_inferred,validation_reserved,validation_reserved,inferred_not_independent,no,Bottinger2008|w=0.2|T=20,,,,Balance-inferred context is not an independent measurement.,,
Bottinger2008_state_007|OH-,speciation,Bottinger2008,data/reference/MEA/observations/liquid_speciation/Bottinger_2007_ChEq.csv,7,OH-,293.15,0.2,0.89,,,,,,,not_reported,balance_inferred,validation_reserved,validation_reserved,inferred_not_independent,no,Bottinger2008|w=0.2|T=20,,,,Balance-inferred context is not an independent measurement.,,
Bottinger2008_state_007|MEA + MEAH+,speciation,Bottinger2008,data/reference/MEA/observations/liquid_speciation/Bottinger_2007_ChEq.csv,7,MEA + MEAH+,293.15,0.2,0.89,0.0569,mole_fraction,0.0569,mole_fraction,,,not_reported,aggregate_direct_positive,validation_reserved,validation_reserved,held_out,no,Bottinger2008|w=0.2|T=20,,,,Böttinger reports quantifiable 2-oxazolidone above about 0.5 mol CO2/mol MEA; the nine-species model omits that byproduct.,cheq_canon_00025,"{""MEA"":1.0,""MEAH+"":1.0}"
Bottinger2008_state_008|CO2,speciation,Bottinger2008,data/reference/MEA/observations/liquid_speciation/Bottinger_2007_ChEq.csv,8,CO2,293.15,0.2,1.074,0.0042,mole_fraction,0.0042,mole_fraction,,,not_reported,direct_positive,validation_reserved,validation_reserved,held_out,no,Bottinger2008|w=0.2|T=20,,,,Böttinger reports quantifiable 2-oxazolidone above about 0.5 mol CO2/mol MEA; the nine-species model omits that byproduct.,cheq_canon_00028,
Bottinger2008_state_008|MEA,speciation,Bottinger2008,data/reference/MEA/observations/liquid_speciation/Bottinger_2007_ChEq.csv,8,MEA,293.15,0.2,1.074,,,,,,,not_reported,balance_inferred,validation_reserved,validation_reserved,inferred_not_independent,no,Bottinger2008|w=0.2|T=20,,,,The independently reported MEA + MEAH+ aggregate is used instead of its correlated constituent values.,,
Bottinger2008_state_008|MEAH+,speciation,Bottinger2008,data/reference/MEA/observations/liquid_speciation/Bottinger_2007_ChEq.csv,8,MEAH+,293.15,0.2,1.074,,,,,,,not_reported,balance_inferred,validation_reserved,validation_reserved,inferred_not_independent,no,Bottinger2008|w=0.2|T=20,,,,The independently reported MEA + MEAH+ aggregate is used instead of its correlated constituent values.,,
Bottinger2008_state_008|MEACOO-,speciation,Bottinger2008,data/reference/MEA/observations/liquid_speciation/Bottinger_2007_ChEq.csv,8,MEACOO-,293.15,0.2,1.074,0.0056,mole_fraction,0.0056,mole_fraction,,,not_reported,direct_positive,validation_reserved,validation_reserved,held_out,no,Bottinger2008|w=0.2|T=20,,,,Böttinger reports quantifiable 2-oxazolidone above about 0.5 mol CO2/mol MEA; the nine-species model omits that byproduct.,cheq_canon_00030,
Bottinger2008_state_008|HCO3-,speciation,Bottinger2008,data/reference/MEA/observations/liquid_speciation/Bottinger_2007_ChEq.csv,8,HCO3-,293.15,0.2,1.074,0.0576,mole_fraction,0.0576,mole_fraction,,,not_reported,direct_positive,validation_reserved,validation_reserved,held_out,no,Bottinger2008|w=0.2|T=20,,,,Böttinger reports quantifiable 2-oxazolidone above about 0.5 mol CO2/mol MEA; the nine-species model omits that byproduct.,cheq_canon_00031,"{""HCO3-"":1.0,""CO3^2-"":1.0}"
Bottinger2008_state_008|CO3^2-,speciation,Bottinger2008,data/reference/MEA/observations/liquid_speciation/Bottinger_2007_ChEq.csv,8,CO3^2-,293.15,0.2,1.074,,,,,,,not_reported,balance_inferred,validation_reserved,validation_reserved,inferred_not_independent,no,Bottinger2008|w=0.2|T=20,,,,Balance-inferred context is not an independent measurement.,,
Bottinger2008_state_008|H3O+,speciation,Bottinger2008,data/reference/MEA/observations/liquid_speciation/Bottinger_2007_ChEq.csv,8,H3O+,293.15,0.2,1.074,,,,,,,not_reported,balance_inferred,validation_reserved,validation_reserved,inferred_not_independent,no,Bottinger2008|w=0.2|T=20,,,,Balance-inferred context is not an independent measurement.,,
Bottinger2008_state_008|OH-,speciation,Bottinger2008,data/reference/MEA/observations/liquid_speciation/Bottinger_2007_ChEq.csv,8,OH-,293.15,0.2,1.074,,,,,,,not_reported,balance_inferred,validation_reserved,validation_reserved,inferred_not_independent,no,Bottinger2008|w=0.2|T=20,,,,Balance-inferred context is not an independent measurement.,,
Bottinger2008_state_008|MEA + MEAH+,speciation,Bottinger2008,data/reference/MEA/observations/liquid_speciation/Bottinger_2007_ChEq.csv,8,MEA + MEAH+,293.15,0.2,1.074,0.059,mole_fraction,0.059,mole_fraction,,,not_reported,aggregate_direct_positive,validation_reserved,validation_reserved,held_out,no,Bottinger2008|w=0.2|T=20,,,,Böttinger reports quantifiable 2-oxazolidone above about 0.5 mol CO2/mol MEA; the nine-species model omits that byproduct.,cheq_canon_00029,"{""MEA"":1.0,""MEAH+"":1.0}"
Bottinger2008_state_009|CO2,speciation,Bottinger2008,data/reference/MEA/observations/liquid_speciation/Bottinger_2007_ChEq.csv,9,CO2,313.15,0.195,0.099,0,mole_fraction,0,mole_fraction,,,not_reported,direct_zero,validation_reserved,validation_reserved,held_out,no,Bottinger2008|w=0.195|T=40,,,,Reported zero has no source-backed detection or censor bound and is retained as context only.,cheq_canon_00032,
Bottinger2008_state_009|MEA,speciation,Bottinger2008,data/reference/MEA/observations/liquid_speciation/Bottinger_2007_ChEq.csv,9,MEA,313.15,0.195,0.099,,,,,,,not_reported,balance_inferred,validation_reserved,validation_reserved,inferred_not_independent,no,Bottinger2008|w=0.195|T=40,,,,The independently reported MEA + MEAH+ aggregate is used instead of its correlated constituent values.,,
Bottinger2008_state_009|MEAH+,speciation,Bottinger2008,data/reference/MEA/observations/liquid_speciation/Bottinger_2007_ChEq.csv,9,MEAH+,313.15,0.195,0.099,,,,,,,not_reported,balance_inferred,validation_reserved,validation_reserved,inferred_not_independent,no,Bottinger2008|w=0.195|T=40,,,,The independently reported MEA + MEAH+ aggregate is used instead of its correlated constituent values.,,
Bottinger2008_state_009|MEACOO-,speciation,Bottinger2008,data/reference/MEA/observations/liquid_speciation/Bottinger_2007_ChEq.csv,9,MEACOO-,313.15,0.195,0.099,0.0065,mole_fraction,0.0065,mole_fraction,,,not_reported,direct_positive,validation_reserved,validation_reserved,held_out,no,Bottinger2008|w=0.195|T=40,,,,Observation is outside the executable active target contract.,cheq_canon_00034,
Bottinger2008_state_009|HCO3-,speciation,Bottinger2008,data/reference/MEA/observations/liquid_speciation/Bottinger_2007_ChEq.csv,9,HCO3-,313.15,0.195,0.099,0,mole_fraction,0,mole_fraction,,,not_reported,direct_zero,validation_reserved,validation_reserved,held_out,no,Bottinger2008|w=0.195|T=40,,,,Reported zero has no source-backed detection or censor bound and is retained as context only.,cheq_canon_00035,"{""HCO3-"":1.0,""CO3^2-"":1.0}"
Bottinger2008_state_009|CO3^2-,speciation,Bottinger2008,data/reference/MEA/observations/liquid_speciation/Bottinger_2007_ChEq.csv,9,CO3^2-,313.15,0.195,0.099,,,,,,,not_reported,balance_inferred,validation_reserved,validation_reserved,inferred_not_independent,no,Bottinger2008|w=0.195|T=40,,,,Balance-inferred context is not an independent measurement.,,
Bottinger2008_state_009|H3O+,speciation,Bottinger2008,data/reference/MEA/observations/liquid_speciation/Bottinger_2007_ChEq.csv,9,H3O+,313.15,0.195,0.099,,,,,,,not_reported,balance_inferred,validation_reserved,validation_reserved,inferred_not_independent,no,Bottinger2008|w=0.195|T=40,,,,Balance-inferred context is not an independent measurement.,,
Bottinger2008_state_009|OH-,speciation,Bottinger2008,data/reference/MEA/observations/liquid_speciation/Bottinger_2007_ChEq.csv,9,OH-,313.15,0.195,0.099,,,,,,,not_reported,balance_inferred,validation_reserved,validation_reserved,inferred_not_independent,no,Bottinger2008|w=0.195|T=40,,,,Balance-inferred context is not an independent measurement.,,
Bottinger2008_state_009|MEA + MEAH+,speciation,Bottinger2008,data/reference/MEA/observations/liquid_speciation/Bottinger_2007_ChEq.csv,9,MEA + MEAH+,313.15,0.195,0.099,0.0594,mole_fraction,0.0594,mole_fraction,,,not_reported,aggregate_direct_positive,validation_reserved,validation_reserved,held_out,no,Bottinger2008|w=0.195|T=40,,,,Observation is outside the executable active target contract.,cheq_canon_00033,"{""MEA"":1.0,""MEAH+"":1.0}"
Bottinger2008_state_010|CO2,speciation,Bottinger2008,data/reference/MEA/observations/liquid_speciation/Bottinger_2007_ChEq.csv,10,CO2,313.15,0.195,0.197,0,mole_fraction,0,mole_fraction,,,not_reported,direct_zero,validation_reserved,validation_reserved,held_out,no,Bottinger2008|w=0.195|T=40,,,,Reported zero has no source-backed detection or censor bound and is retained as context only.,cheq_canon_00036,
Bottinger2008_state_010|MEA,speciation,Bottinger2008,data/reference/MEA/observations/liquid_speciation/Bottinger_2007_ChEq.csv,10,MEA,313.15,0.195,0.197,,,,,,,not_reported,balance_inferred,validation_reserved,validation_reserved,inferred_not_independent,no,Bottinger2008|w=0.195|T=40,,,,The independently reported MEA + MEAH+ aggregate is used instead of its correlated constituent values.,,
Bottinger2008_state_010|MEAH+,speciation,Bottinger2008,data/reference/MEA/observations/liquid_speciation/Bottinger_2007_ChEq.csv,10,MEAH+,313.15,0.195,0.197,,,,,,,not_reported,balance_inferred,validation_reserved,validation_reserved,inferred_not_independent,no,Bottinger2008|w=0.195|T=40,,,,The independently reported MEA + MEAH+ aggregate is used instead of its correlated constituent values.,,
Bottinger2008_state_010|MEACOO-,speciation,Bottinger2008,data/reference/MEA/observations/liquid_speciation/Bottinger_2007_ChEq.csv,10,MEACOO-,313.15,0.195,0.197,0.0132,mole_fraction,0.0132,mole_fraction,,,not_reported,direct_positive,validation_reserved,validation_reserved,held_out,no,Bottinger2008|w=0.195|T=40,,,,Observation is outside the executable active target contract.,cheq_canon_00038,
Bottinger2008_state_010|HCO3-,speciation,Bottinger2008,data/reference/MEA/observations/liquid_speciation/Bottinger_2007_ChEq.csv,10,HCO3-,313.15,0.195,0.197,0,mole_fraction,0,mole_fraction,,,not_reported,direct_zero,validation_reserved,validation_reserved,held_out,no,Bottinger2008|w=0.195|T=40,,,,Reported zero has no source-backed detection or censor bound and is retained as context only.,cheq_canon_00039,"{""HCO3-"":1.0,""CO3^2-"":1.0}"
Bottinger2008_state_010|CO3^2-,speciation,Bottinger2008,data/reference/MEA/observations/liquid_speciation/Bottinger_2007_ChEq.csv,10,CO3^2-,313.15,0.195,0.197,,,,,,,not_reported,balance_inferred,validation_reserved,validation_reserved,inferred_not_independent,no,Bottinger2008|w=0.195|T=40,,,,Balance-inferred context is not an independent measurement.,,
Bottinger2008_state_010|H3O+,speciation,Bottinger2008,data/reference/MEA/observations/liquid_speciation/Bottinger_2007_ChEq.csv,10,H3O+,313.15,0.195,0.197,,,,,,,not_reported,balance_inferred,validation_reserved,validation_reserved,inferred_not_independent,no,Bottinger2008|w=0.195|T=40,,,,Balance-inferred context is not an independent measurement.,,
Bottinger2008_state_010|OH-,speciation,Bottinger2008,data/reference/MEA/observations/liquid_speciation/Bottinger_2007_ChEq.csv,10,OH-,313.15,0.195,0.197,,,,,,,not_reported,balance_inferred,validation_reserved,validation_reserved,inferred_not_independent,no,Bottinger2008|w=0.195|T=40,,,,Balance-inferred context is not an independent measurement.,,
Bottinger2008_state_010|MEA + MEAH+,speciation,Bottinger2008,data/reference/MEA/observations/liquid_speciation/Bottinger_2007_ChEq.csv,10,MEA + MEAH+,313.15,0.195,0.197,0.0537,mole_fraction,0.0537,mole_fraction,,,not_reported,aggregate_direct_positive,validation_reserved,validation_reserved,held_out,no,Bottinger2008|w=0.195|T=40,,,,Observation is outside the executable active target contract.,cheq_canon_00037,"{""MEA"":1.0,""MEAH+"":1.0}"
Bottinger2008_state_011|CO2,speciation,Bottinger2008,data/reference/MEA/observations/liquid_speciation/Bottinger_2007_ChEq.csv,11,CO2,313.15,0.195,0.282,0,mole_fraction,0,mole_fraction,,,not_reported,direct_zero,validation_reserved,validation_reserved,held_out,no,Bottinger2008|w=0.195|T=40,,,,Reported zero has no source-backed detection or censor bound and is retained as context only.,cheq_canon_00040,
Bottinger2008_state_011|MEA,speciation,Bottinger2008,data/reference/MEA/observations/liquid_speciation/Bottinger_2007_ChEq.csv,11,MEA,313.15,0.195,0.282,,,,,,,not_reported,balance_inferred,validation_reserved,validation_reserved,inferred_not_independent,no,Bottinger2008|w=0.195|T=40,,,,The independently reported MEA + MEAH+ aggregate is used instead of its correlated constituent values.,,
Bottinger2008_state_011|MEAH+,speciation,Bottinger2008,data/reference/MEA/observations/liquid_speciation/Bottinger_2007_ChEq.csv,11,MEAH+,313.15,0.195,0.282,,,,,,,not_reported,balance_inferred,validation_reserved,validation_reserved,inferred_not_independent,no,Bottinger2008|w=0.195|T=40,,,,The independently reported MEA + MEAH+ aggregate is used instead of its correlated constituent values.,,
Bottinger2008_state_011|MEACOO-,speciation,Bottinger2008,data/reference/MEA/observations/liquid_speciation/Bottinger_2007_ChEq.csv,11,MEACOO-,313.15,0.195,0.282,0.0186,mole_fraction,0.0186,mole_fraction,,,not_reported,direct_positive,validation_reserved,validation_reserved,held_out,no,Bottinger2008|w=0.195|T=40,,,,Observation is outside the executable active target contract.,cheq_canon_00042,
Bottinger2008_state_011|HCO3-,speciation,Bottinger2008,data/reference/MEA/observations/liquid_speciation/Bottinger_2007_ChEq.csv,11,HCO3-,313.15,0.195,0.282,0,mole_fraction,0,mole_fraction,,,not_reported,direct_zero,validation_reserved,validation_reserved,held_out,no,Bottinger2008|w=0.195|T=40,,,,Reported zero has no source-backed detection or censor bound and is retained as context only.,cheq_canon_00043,"{""HCO3-"":1.0,""CO3^2-"":1.0}"
Bottinger2008_state_011|CO3^2-,speciation,Bottinger2008,data/reference/MEA/observations/liquid_speciation/Bottinger_2007_ChEq.csv,11,CO3^2-,313.15,0.195,0.282,,,,,,,not_reported,balance_inferred,validation_reserved,validation_reserved,inferred_not_independent,no,Bottinger2008|w=0.195|T=40,,,,Balance-inferred context is not an independent measurement.,,
Bottinger2008_state_011|H3O+,speciation,Bottinger2008,data/reference/MEA/observations/liquid_speciation/Bottinger_2007_ChEq.csv,11,H3O+,313.15,0.195,0.282,,,,,,,not_reported,balance_inferred,validation_reserved,validation_reserved,inferred_not_independent,no,Bottinger2008|w=0.195|T=40,,,,Balance-inferred context is not an independent measurement.,,
Bottinger2008_state_011|OH-,speciation,Bottinger2008,data/reference/MEA/observations/liquid_speciation/Bottinger_2007_ChEq.csv,11,OH-,313.15,0.195,0.282,,,,,,,not_reported,balance_inferred,validation_reserved,validation_reserved,inferred_not_independent,no,Bottinger2008|w=0.195|T=40,,,,Balance-inferred context is not an independent measurement.,,
Bottinger2008_state_011|MEA + MEAH+,speciation,Bottinger2008,data/reference/MEA/observations/liquid_speciation/Bottinger_2007_ChEq.csv,11,MEA + MEAH+,313.15,0.195,0.282,0.0473,mole_fraction,0.0473,mole_fraction,,,not_reported,aggregate_direct_positive,validation_reserved,validation_reserved,held_out,no,Bottinger2008|w=0.195|T=40,,,,Observation is outside the executable active target contract.,cheq_canon_00041,"{""MEA"":1.0,""MEAH+"":1.0}"
Bottinger2008_state_012|CO2,speciation,Bottinger2008,data/reference/MEA/observations/liquid_speciation/Bottinger_2007_ChEq.csv,12,CO2,313.15,0.195,0.437,0,mole_fraction,0,mole_fraction,,,not_reported,direct_zero,validation_reserved,validation_reserved,held_out,no,Bottinger2008|w=0.195|T=40,,,,Reported zero has no source-backed detection or censor bound and is retained as context only.,cheq_canon_00044,
Bottinger2008_state_012|MEA,speciation,Bottinger2008,data/reference/MEA/observations/liquid_speciation/Bottinger_2007_ChEq.csv,12,MEA,313.15,0.195,0.437,,,,,,,not_reported,balance_inferred,validation_reserved,validation_reserved,inferred_not_independent,no,Bottinger2008|w=0.195|T=40,,,,The independently reported MEA + MEAH+ aggregate is used instead of its correlated constituent values.,,
Bottinger2008_state_012|MEAH+,speciation,Bottinger2008,data/reference/MEA/observations/liquid_speciation/Bottinger_2007_ChEq.csv,12,MEAH+,313.15,0.195,0.437,,,,,,,not_reported,balance_inferred,validation_reserved,validation_reserved,inferred_not_independent,no,Bottinger2008|w=0.195|T=40,,,,The independently reported MEA + MEAH+ aggregate is used instead of its correlated constituent values.,,
Bottinger2008_state_012|MEACOO-,speciation,Bottinger2008,data/reference/MEA/observations/liquid_speciation/Bottinger_2007_ChEq.csv,12,MEACOO-,313.15,0.195,0.437,0.0268,mole_fraction,0.0268,mole_fraction,,,not_reported,direct_positive,validation_reserved,validation_reserved,held_out,no,Bottinger2008|w=0.195|T=40,,,,Observation is outside the executable active target contract.,cheq_canon_00046,
Bottinger2008_state_012|HCO3-,speciation,Bottinger2008,data/reference/MEA/observations/liquid_speciation/Bottinger_2007_ChEq.csv,12,HCO3-,313.15,0.195,0.437,0.0029,mole_fraction,0.0029,mole_fraction,,,not_reported,direct_positive,validation_reserved,validation_reserved,held_out,no,Bottinger2008|w=0.195|T=40,,,,Observation is outside the executable active target contract.,cheq_canon_00047,"{""HCO3-"":1.0,""CO3^2-"":1.0}"
Bottinger2008_state_012|CO3^2-,speciation,Bottinger2008,data/reference/MEA/observations/liquid_speciation/Bottinger_2007_ChEq.csv,12,CO3^2-,313.15,0.195,0.437,,,,,,,not_reported,balance_inferred,validation_reserved,validation_reserved,inferred_not_independent,no,Bottinger2008|w=0.195|T=40,,,,Balance-inferred context is not an independent measurement.,,
Bottinger2008_state_012|H3O+,speciation,Bottinger2008,data/reference/MEA/observations/liquid_speciation/Bottinger_2007_ChEq.csv,12,H3O+,313.15,0.195,0.437,,,,,,,not_reported,balance_inferred,validation_reserved,validation_reserved,inferred_not_independent,no,Bottinger2008|w=0.195|T=40,,,,Balance-inferred context is not an independent measurement.,,
Bottinger2008_state_012|OH-,speciation,Bottinger2008,data/reference/MEA/observations/liquid_speciation/Bottinger_2007_ChEq.csv,12,OH-,313.15,0.195,0.437,,,,,,,not_reported,balance_inferred,validation_reserved,validation_reserved,inferred_not_independent,no,Bottinger2008|w=0.195|T=40,,,,Balance-inferred context is not an independent measurement.,,
Bottinger2008_state_012|MEA + MEAH+,speciation,Bottinger2008,data/reference/MEA/observations/liquid_speciation/Bottinger_2007_ChEq.csv,12,MEA + MEAH+,313.15,0.195,0.437,0.0412,mole_fraction,0.0412,mole_fraction,,,not_reported,aggregate_direct_positive,validation_reserved,validation_reserved,held_out,no,Bottinger2008|w=0.195|T=40,,,,Observation is outside the executable active target contract.,cheq_canon_00045,"{""MEA"":1.0,""MEAH+"":1.0}"
Bottinger2008_state_013|CO2,speciation,Bottinger2008,data/reference/MEA/observations/liquid_speciation/Bottinger_2007_ChEq.csv,13,CO2,313.15,0.195,0.509,0,mole_fraction,0,mole_fraction,,,not_reported,direct_zero,validation_reserved,validation_reserved,held_out,no,Bottinger2008|w=0.195|T=40,,,,Reported zero has no source-backed detection or censor bound and is retained as context only.,cheq_canon_00048,
Bottinger2008_state_013|MEA,speciation,Bottinger2008,data/reference/MEA/observations/liquid_speciation/Bottinger_2007_ChEq.csv,13,MEA,313.15,0.195,0.509,,,,,,,not_reported,balance_inferred,validation_reserved,validation_reserved,inferred_not_independent,no,Bottinger2008|w=0.195|T=40,,,,The independently reported MEA + MEAH+ aggregate is used instead of its correlated constituent values.,,
Bottinger2008_state_013|MEAH+,speciation,Bottinger2008,data/reference/MEA/observations/liquid_speciation/Bottinger_2007_ChEq.csv,13,MEAH+,313.15,0.195,0.509,,,,,,,not_reported,balance_inferred,validation_reserved,validation_reserved,inferred_not_independent,no,Bottinger2008|w=0.195|T=40,,,,The independently reported MEA + MEAH+ aggregate is used instead of its correlated constituent values.,,
Bottinger2008_state_013|MEACOO-,speciation,Bottinger2008,data/reference/MEA/observations/liquid_speciation/Bottinger_2007_ChEq.csv,13,MEACOO-,313.15,0.195,0.509,0.0286,mole_fraction,0.0286,mole_fraction,,,not_reported,direct_positive,validation_reserved,validation_reserved,held_out,no,Bottinger2008|w=0.195|T=40,,,,Böttinger reports quantifiable 2-oxazolidone above about 0.5 mol CO2/mol MEA; the nine-species model omits that byproduct.,cheq_canon_00050,
Bottinger2008_state_013|HCO3-,speciation,Bottinger2008,data/reference/MEA/observations/liquid_speciation/Bottinger_2007_ChEq.csv,13,HCO3-,313.15,0.195,0.509,0.0056,mole_fraction,0.0056,mole_fraction,,,not_reported,direct_positive,validation_reserved,validation_reserved,held_out,no,Bottinger2008|w=0.195|T=40,,,,Böttinger reports quantifiable 2-oxazolidone above about 0.5 mol CO2/mol MEA; the nine-species model omits that byproduct.,cheq_canon_00051,"{""HCO3-"":1.0,""CO3^2-"":1.0}"
Bottinger2008_state_013|CO3^2-,speciation,Bottinger2008,data/reference/MEA/observations/liquid_speciation/Bottinger_2007_ChEq.csv,13,CO3^2-,313.15,0.195,0.509,,,,,,,not_reported,balance_inferred,validation_reserved,validation_reserved,inferred_not_independent,no,Bottinger2008|w=0.195|T=40,,,,Balance-inferred context is not an independent measurement.,,
Bottinger2008_state_013|H3O+,speciation,Bottinger2008,data/reference/MEA/observations/liquid_speciation/Bottinger_2007_ChEq.csv,13,H3O+,313.15,0.195,0.509,,,,,,,not_reported,balance_inferred,validation_reserved,validation_reserved,inferred_not_independent,no,Bottinger2008|w=0.195|T=40,,,,Balance-inferred context is not an independent measurement.,,
Bottinger2008_state_013|OH-,speciation,Bottinger2008,data/reference/MEA/observations/liquid_speciation/Bottinger_2007_ChEq.csv,13,OH-,313.15,0.195,0.509,,,,,,,not_reported,balance_inferred,validation_reserved,validation_reserved,inferred_not_independent,no,Bottinger2008|w=0.195|T=40,,,,Balance-inferred context is not an independent measurement.,,
Bottinger2008_state_013|MEA + MEAH+,speciation,Bottinger2008,data/reference/MEA/observations/liquid_speciation/Bottinger_2007_ChEq.csv,13,MEA + MEAH+,313.15,0.195,0.509,0.0386,mole_fraction,0.0386,mole_fraction,,,not_reported,aggregate_direct_positive,validation_reserved,validation_reserved,held_out,no,Bottinger2008|w=0.195|T=40,,,,Böttinger reports quantifiable 2-oxazolidone above about 0.5 mol CO2/mol MEA; the nine-species model omits that byproduct.,cheq_canon_00049,"{""MEA"":1.0,""MEAH+"":1.0}"
Bottinger2008_state_014|CO2,speciation,Bottinger2008,data/reference/MEA/observations/liquid_speciation/Bottinger_2007_ChEq.csv,14,CO2,313.15,0.195,0.543,0,mole_fraction,0,mole_fraction,,,not_reported,direct_zero,validation_reserved,validation_reserved,held_out,no,Bottinger2008|w=0.195|T=40,,,,Reported zero has no source-backed detection or censor bound and is retained as context only.,cheq_canon_00052,
Bottinger2008_state_014|MEA,speciation,Bottinger2008,data/reference/MEA/observations/liquid_speciation/Bottinger_2007_ChEq.csv,14,MEA,313.15,0.195,0.543,,,,,,,not_reported,balance_inferred,validation_reserved,validation_reserved,inferred_not_independent,no,Bottinger2008|w=0.195|T=40,,,,The independently reported MEA + MEAH+ aggregate is used instead of its correlated constituent values.,,
Bottinger2008_state_014|MEAH+,speciation,Bottinger2008,data/reference/MEA/observations/liquid_speciation/Bottinger_2007_ChEq.csv,14,MEAH+,313.15,0.195,0.543,,,,,,,not_reported,balance_inferred,validation_reserved,validation_reserved,inferred_not_independent,no,Bottinger2008|w=0.195|T=40,,,,The independently reported MEA + MEAH+ aggregate is used instead of its correlated constituent values.,,
Bottinger2008_state_014|MEACOO-,speciation,Bottinger2008,data/reference/MEA/observations/liquid_speciation/Bottinger_2007_ChEq.csv,14,MEACOO-,313.15,0.195,0.543,0.0296,mole_fraction,0.0296,mole_fraction,,,not_reported,direct_positive,validation_reserved,validation_reserved,held_out,no,Bottinger2008|w=0.195|T=40,,,,Böttinger reports quantifiable 2-oxazolidone above about 0.5 mol CO2/mol MEA; the nine-species model omits that byproduct.,cheq_canon_00054,
Bottinger2008_state_014|HCO3-,speciation,Bottinger2008,data/reference/MEA/observations/liquid_speciation/Bottinger_2007_ChEq.csv,14,HCO3-,313.15,0.195,0.543,0.0084,mole_fraction,0.0084,mole_fraction,,,not_reported,direct_positive,validation_reserved,validation_reserved,held_out,no,Bottinger2008|w=0.195|T=40,,,,Böttinger reports quantifiable 2-oxazolidone above about 0.5 mol CO2/mol MEA; the nine-species model omits that byproduct.,cheq_canon_00055,"{""HCO3-"":1.0,""CO3^2-"":1.0}"
Bottinger2008_state_014|CO3^2-,speciation,Bottinger2008,data/reference/MEA/observations/liquid_speciation/Bottinger_2007_ChEq.csv,14,CO3^2-,313.15,0.195,0.543,,,,,,,not_reported,balance_inferred,validation_reserved,validation_reserved,inferred_not_independent,no,Bottinger2008|w=0.195|T=40,,,,Balance-inferred context is not an independent measurement.,,
Bottinger2008_state_014|H3O+,speciation,Bottinger2008,data/reference/MEA/observations/liquid_speciation/Bottinger_2007_ChEq.csv,14,H3O+,313.15,0.195,0.543,,,,,,,not_reported,balance_inferred,validation_reserved,validation_reserved,inferred_not_independent,no,Bottinger2008|w=0.195|T=40,,,,Balance-inferred context is not an independent measurement.,,
Bottinger2008_state_014|OH-,speciation,Bottinger2008,data/reference/MEA/observations/liquid_speciation/Bottinger_2007_ChEq.csv,14,OH-,313.15,0.195,0.543,,,,,,,not_reported,balance_inferred,validation_reserved,validation_reserved,inferred_not_independent,no,Bottinger2008|w=0.195|T=40,,,,Balance-inferred context is not an independent measurement.,,
Bottinger2008_state_014|MEA + MEAH+,speciation,Bottinger2008,data/reference/MEA/observations/liquid_speciation/Bottinger_2007_ChEq.csv,14,MEA + MEAH+,313.15,0.195,0.543,0.0404,mole_fraction,0.0404,mole_fraction,,,not_reported,aggregate_direct_positive,validation_reserved,validation_reserved,held_out,no,Bottinger2008|w=0.195|T=40,,,,Böttinger reports quantifiable 2-oxazolidone above about 0.5 mol CO2/mol MEA; the nine-species model omits that byproduct.,cheq_canon_00053,"{""MEA"":1.0,""MEAH+"":1.0}"
Bottinger2008_state_015|CO2,speciation,Bottinger2008,data/reference/MEA/observations/liquid_speciation/Bottinger_2007_ChEq.csv,15,CO2,313.15,0.195,0.553,0,mole_fraction,0,mole_fraction,,,not_reported,direct_zero,validation_reserved,validation_reserved,held_out,no,Bottinger2008|w=0.195|T=40,,,,Reported zero has no source-backed detection or censor bound and is retained as context only.,cheq_canon_00056,
Bottinger2008_state_015|MEA,speciation,Bottinger2008,data/reference/MEA/observations/liquid_speciation/Bottinger_2007_ChEq.csv,15,MEA,313.15,0.195,0.553,,,,,,,not_reported,balance_inferred,validation_reserved,validation_reserved,inferred_not_independent,no,Bottinger2008|w=0.195|T=40,,,,The independently reported MEA + MEAH+ aggregate is used instead of its correlated constituent values.,,
Bottinger2008_state_015|MEAH+,speciation,Bottinger2008,data/reference/MEA/observations/liquid_speciation/Bottinger_2007_ChEq.csv,15,MEAH+,313.15,0.195,0.553,,,,,,,not_reported,balance_inferred,validation_reserved,validation_reserved,inferred_not_independent,no,Bottinger2008|w=0.195|T=40,,,,The independently reported MEA + MEAH+ aggregate is used instead of its correlated constituent values.,,
Bottinger2008_state_015|MEACOO-,speciation,Bottinger2008,data/reference/MEA/observations/liquid_speciation/Bottinger_2007_ChEq.csv,15,MEACOO-,313.15,0.195,0.553,0.0263,mole_fraction,0.0263,mole_fraction,,,not_reported,direct_positive,validation_reserved,validation_reserved,held_out,no,Bottinger2008|w=0.195|T=40,,,,Böttinger reports quantifiable 2-oxazolidone above about 0.5 mol CO2/mol MEA; the nine-species model omits that byproduct.,cheq_canon_00058,
Bottinger2008_state_015|HCO3-,speciation,Bottinger2008,data/reference/MEA/observations/liquid_speciation/Bottinger_2007_ChEq.csv,15,HCO3-,313.15,0.195,0.553,0.0107,mole_fraction,0.0107,mole_fraction,,,not_reported,direct_positive,validation_reserved,validation_reserved,held_out,no,Bottinger2008|w=0.195|T=40,,,,Böttinger reports quantifiable 2-oxazolidone above about 0.5 mol CO2/mol MEA; the nine-species model omits that byproduct.,cheq_canon_00059,"{""HCO3-"":1.0,""CO3^2-"":1.0}"
Bottinger2008_state_015|CO3^2-,speciation,Bottinger2008,data/reference/MEA/observations/liquid_speciation/Bottinger_2007_ChEq.csv,15,CO3^2-,313.15,0.195,0.553,,,,,,,not_reported,balance_inferred,validation_reserved,validation_reserved,inferred_not_independent,no,Bottinger2008|w=0.195|T=40,,,,Balance-inferred context is not an independent measurement.,,
Bottinger2008_state_015|H3O+,speciation,Bottinger2008,data/reference/MEA/observations/liquid_speciation/Bottinger_2007_ChEq.csv,15,H3O+,313.15,0.195,0.553,,,,,,,not_reported,balance_inferred,validation_reserved,validation_reserved,inferred_not_independent,no,Bottinger2008|w=0.195|T=40,,,,Balance-inferred context is not an independent measurement.,,
Bottinger2008_state_015|OH-,speciation,Bottinger2008,data/reference/MEA/observations/liquid_speciation/Bottinger_2007_ChEq.csv,15,OH-,313.15,0.195,0.553,,,,,,,not_reported,balance_inferred,validation_reserved,validation_reserved,inferred_not_independent,no,Bottinger2008|w=0.195|T=40,,,,Balance-inferred context is not an independent measurement.,,
Bottinger2008_state_015|MEA + MEAH+,speciation,Bottinger2008,data/reference/MEA/observations/liquid_speciation/Bottinger_2007_ChEq.csv,15,MEA + MEAH+,313.15,0.195,0.553,0.0406,mole_fraction,0.0406,mole_fraction,,,not_reported,aggregate_direct_positive,validation_reserved,validation_reserved,held_out,no,Bottinger2008|w=0.195|T=40,,,,Böttinger reports quantifiable 2-oxazolidone above about 0.5 mol CO2/mol MEA; the nine-species model omits that byproduct.,cheq_canon_00057,"{""MEA"":1.0,""MEAH+"":1.0}"
Bottinger2008_state_016|CO2,speciation,Bottinger2008,data/reference/MEA/observations/liquid_speciation/Bottinger_2007_ChEq.csv,16,CO2,313.15,0.195,0.606,0,mole_fraction,0,mole_fraction,,,not_reported,direct_zero,validation_reserved,validation_reserved,held_out,no,Bottinger2008|w=0.195|T=40,,,,Reported zero has no source-backed detection or censor bound and is retained as context only.,cheq_canon_00060,
Bottinger2008_state_016|MEA,speciation,Bottinger2008,data/reference/MEA/observations/liquid_speciation/Bottinger_2007_ChEq.csv,16,MEA,313.15,0.195,0.606,,,,,,,not_reported,balance_inferred,validation_reserved,validation_reserved,inferred_not_independent,no,Bottinger2008|w=0.195|T=40,,,,The independently reported MEA + MEAH+ aggregate is used instead of its correlated constituent values.,,
Bottinger2008_state_016|MEAH+,speciation,Bottinger2008,data/reference/MEA/observations/liquid_speciation/Bottinger_2007_ChEq.csv,16,MEAH+,313.15,0.195,0.606,,,,,,,not_reported,balance_inferred,validation_reserved,validation_reserved,inferred_not_independent,no,Bottinger2008|w=0.195|T=40,,,,The independently reported MEA + MEAH+ aggregate is used instead of its correlated constituent values.,,
Bottinger2008_state_016|MEACOO-,speciation,Bottinger2008,data/reference/MEA/observations/liquid_speciation/Bottinger_2007_ChEq.csv,16,MEACOO-,313.15,0.195,0.606,0.0213,mole_fraction,0.0213,mole_fraction,,,not_reported,direct_positive,validation_reserved,validation_reserved,held_out,no,Bottinger2008|w=0.195|T=40,,,,Böttinger reports quantifiable 2-oxazolidone above about 0.5 mol CO2/mol MEA; the nine-species model omits that byproduct.,cheq_canon_00062,
Bottinger2008_state_016|HCO3-,speciation,Bottinger2008,data/reference/MEA/observations/liquid_speciation/Bottinger_2007_ChEq.csv,16,HCO3-,313.15,0.195,0.606,0.0162,mole_fraction,0.0162,mole_fraction,,,not_reported,direct_positive,validation_reserved,validation_reserved,held_out,no,Bottinger2008|w=0.195|T=40,,,,Böttinger reports quantifiable 2-oxazolidone above about 0.5 mol CO2/mol MEA; the nine-species model omits that byproduct.,cheq_canon_00063,"{""HCO3-"":1.0,""CO3^2-"":1.0}"
Bottinger2008_state_016|CO3^2-,speciation,Bottinger2008,data/reference/MEA/observations/liquid_speciation/Bottinger_2007_ChEq.csv,16,CO3^2-,313.15,0.195,0.606,,,,,,,not_reported,balance_inferred,validation_reserved,validation_reserved,inferred_not_independent,no,Bottinger2008|w=0.195|T=40,,,,Balance-inferred context is not an independent measurement.,,
Bottinger2008_state_016|H3O+,speciation,Bottinger2008,data/reference/MEA/observations/liquid_speciation/Bottinger_2007_ChEq.csv,16,H3O+,313.15,0.195,0.606,,,,,,,not_reported,balance_inferred,validation_reserved,validation_reserved,inferred_not_independent,no,Bottinger2008|w=0.195|T=40,,,,Balance-inferred context is not an independent measurement.,,
Bottinger2008_state_016|OH-,speciation,Bottinger2008,data/reference/MEA/observations/liquid_speciation/Bottinger_2007_ChEq.csv,16,OH-,313.15,0.195,0.606,,,,,,,not_reported,balance_inferred,validation_reserved,validation_reserved,inferred_not_independent,no,Bottinger2008|w=0.195|T=40,,,,Balance-inferred context is not an independent measurement.,,
Bottinger2008_state_016|MEA + MEAH+,speciation,Bottinger2008,data/reference/MEA/observations/liquid_speciation/Bottinger_2007_ChEq.csv,16,MEA + MEAH+,313.15,0.195,0.606,0.0405,mole_fraction,0.0405,mole_fraction,,,not_reported,aggregate_direct_positive,validation_reserved,validation_reserved,held_out,no,Bottinger2008|w=0.195|T=40,,,,Böttinger reports quantifiable 2-oxazolidone above about 0.5 mol CO2/mol MEA; the nine-species model omits that byproduct.,cheq_canon_00061,"{""MEA"":1.0,""MEAH+"":1.0}"
Bottinger2008_state_017|CO2,speciation,Bottinger2008,data/reference/MEA/observations/liquid_speciation/Bottinger_2007_ChEq.csv,17,CO2,313.15,0.195,0.695,0,mole_fraction,0,mole_fraction,,,not_reported,direct_zero,validation_reserved,validation_reserved,held_out,no,Bottinger2008|w=0.195|T=40,,,,Reported zero has no source-backed detection or censor bound and is retained as context only.,cheq_canon_00064,
Bottinger2008_state_017|MEA,speciation,Bottinger2008,data/reference/MEA/observations/liquid_speciation/Bottinger_2007_ChEq.csv,17,MEA,313.15,0.195,0.695,,,,,,,not_reported,balance_inferred,validation_reserved,validation_reserved,inferred_not_independent,no,Bottinger2008|w=0.195|T=40,,,,The independently reported MEA + MEAH+ aggregate is used instead of its correlated constituent values.,,
Bottinger2008_state_017|MEAH+,speciation,Bottinger2008,data/reference/MEA/observations/liquid_speciation/Bottinger_2007_ChEq.csv,17,MEAH+,313.15,0.195,0.695,,,,,,,not_reported,balance_inferred,validation_reserved,validation_reserved,inferred_not_independent,no,Bottinger2008|w=0.195|T=40,,,,The independently reported MEA + MEAH+ aggregate is used instead of its correlated constituent values.,,
Bottinger2008_state_017|MEACOO-,speciation,Bottinger2008,data/reference/MEA/observations/liquid_speciation/Bottinger_2007_ChEq.csv,17,MEACOO-,313.15,0.195,0.695,0.0146,mole_fraction,0.0146,mole_fraction,,,not_reported,direct_positive,validation_reserved,validation_reserved,held_out,no,Bottinger2008|w=0.195|T=40,,,,Böttinger reports quantifiable 2-oxazolidone above about 0.5 mol CO2/mol MEA; the nine-species model omits that byproduct.,cheq_canon_00066,
Bottinger2008_state_017|HCO3-,speciation,Bottinger2008,data/reference/MEA/observations/liquid_speciation/Bottinger_2007_ChEq.csv,17,HCO3-,313.15,0.195,0.695,0.0299,mole_fraction,0.0299,mole_fraction,,,not_reported,direct_positive,validation_reserved,validation_reserved,held_out,no,Bottinger2008|w=0.195|T=40,,,,Böttinger reports quantifiable 2-oxazolidone above about 0.5 mol CO2/mol MEA; the nine-species model omits that byproduct.,cheq_canon_00067,"{""HCO3-"":1.0,""CO3^2-"":1.0}"
Bottinger2008_state_017|CO3^2-,speciation,Bottinger2008,data/reference/MEA/observations/liquid_speciation/Bottinger_2007_ChEq.csv,17,CO3^2-,313.15,0.195,0.695,,,,,,,not_reported,balance_inferred,validation_reserved,validation_reserved,inferred_not_independent,no,Bottinger2008|w=0.195|T=40,,,,Balance-inferred context is not an independent measurement.,,
Bottinger2008_state_017|H3O+,speciation,Bottinger2008,data/reference/MEA/observations/liquid_speciation/Bottinger_2007_ChEq.csv,17,H3O+,313.15,0.195,0.695,,,,,,,not_reported,balance_inferred,validation_reserved,validation_reserved,inferred_not_independent,no,Bottinger2008|w=0.195|T=40,,,,Balance-inferred context is not an independent measurement.,,
Bottinger2008_state_017|OH-,speciation,Bottinger2008,data/reference/MEA/observations/liquid_speciation/Bottinger_2007_ChEq.csv,17,OH-,313.15,0.195,0.695,,,,,,,not_reported,balance_inferred,validation_reserved,validation_reserved,inferred_not_independent,no,Bottinger2008|w=0.195|T=40,,,,Balance-inferred context is not an independent measurement.,,
Bottinger2008_state_017|MEA + MEAH+,speciation,Bottinger2008,data/reference/MEA/observations/liquid_speciation/Bottinger_2007_ChEq.csv,17,MEA + MEAH+,313.15,0.195,0.695,0.0523,mole_fraction,0.0523,mole_fraction,,,not_reported,aggregate_direct_positive,validation_reserved,validation_reserved,held_out,no,Bottinger2008|w=0.195|T=40,,,,Böttinger reports quantifiable 2-oxazolidone above about 0.5 mol CO2/mol MEA; the nine-species model omits that byproduct.,cheq_canon_00065,"{""MEA"":1.0,""MEAH+"":1.0}"
Bottinger2008_state_018|CO2,speciation,Bottinger2008,data/reference/MEA/observations/liquid_speciation/Bottinger_2007_ChEq.csv,18,CO2,313.15,0.195,0.833,0,mole_fraction,0,mole_fraction,,,not_reported,direct_zero,validation_reserved,validation_reserved,held_out,no,Bottinger2008|w=0.195|T=40,,,,Reported zero has no source-backed detection or censor bound and is retained as context only.,cheq_canon_00068,
Bottinger2008_state_018|MEA,speciation,Bottinger2008,data/reference/MEA/observations/liquid_speciation/Bottinger_2007_ChEq.csv,18,MEA,313.15,0.195,0.833,,,,,,,not_reported,balance_inferred,validation_reserved,validation_reserved,inferred_not_independent,no,Bottinger2008|w=0.195|T=40,,,,The independently reported MEA + MEAH+ aggregate is used instead of its correlated constituent values.,,
Bottinger2008_state_018|MEAH+,speciation,Bottinger2008,data/reference/MEA/observations/liquid_speciation/Bottinger_2007_ChEq.csv,18,MEAH+,313.15,0.195,0.833,,,,,,,not_reported,balance_inferred,validation_reserved,validation_reserved,inferred_not_independent,no,Bottinger2008|w=0.195|T=40,,,,The independently reported MEA + MEAH+ aggregate is used instead of its correlated constituent values.,,
Bottinger2008_state_018|MEACOO-,speciation,Bottinger2008,data/reference/MEA/observations/liquid_speciation/Bottinger_2007_ChEq.csv,18,MEACOO-,313.15,0.195,0.833,0.0095,mole_fraction,0.0095,mole_fraction,,,not_reported,direct_positive,validation_reserved,validation_reserved,held_out,no,Bottinger2008|w=0.195|T=40,,,,Böttinger reports quantifiable 2-oxazolidone above about 0.5 mol CO2/mol MEA; the nine-species model omits that byproduct.,cheq_canon_00070,
Bottinger2008_state_018|HCO3-,speciation,Bottinger2008,data/reference/MEA/observations/liquid_speciation/Bottinger_2007_ChEq.csv,18,HCO3-,313.15,0.195,0.833,0.0239,mole_fraction,0.0239,mole_fraction,,,not_reported,direct_positive,validation_reserved,validation_reserved,held_out,no,Bottinger2008|w=0.195|T=40,,,,Böttinger reports quantifiable 2-oxazolidone above about 0.5 mol CO2/mol MEA; the nine-species model omits that byproduct.,cheq_canon_00071,"{""HCO3-"":1.0,""CO3^2-"":1.0}"
Bottinger2008_state_018|CO3^2-,speciation,Bottinger2008,data/reference/MEA/observations/liquid_speciation/Bottinger_2007_ChEq.csv,18,CO3^2-,313.15,0.195,0.833,,,,,,,not_reported,balance_inferred,validation_reserved,validation_reserved,inferred_not_independent,no,Bottinger2008|w=0.195|T=40,,,,Balance-inferred context is not an independent measurement.,,
Bottinger2008_state_018|H3O+,speciation,Bottinger2008,data/reference/MEA/observations/liquid_speciation/Bottinger_2007_ChEq.csv,18,H3O+,313.15,0.195,0.833,,,,,,,not_reported,balance_inferred,validation_reserved,validation_reserved,inferred_not_independent,no,Bottinger2008|w=0.195|T=40,,,,Balance-inferred context is not an independent measurement.,,
Bottinger2008_state_018|OH-,speciation,Bottinger2008,data/reference/MEA/observations/liquid_speciation/Bottinger_2007_ChEq.csv,18,OH-,313.15,0.195,0.833,,,,,,,not_reported,balance_inferred,validation_reserved,validation_reserved,inferred_not_independent,no,Bottinger2008|w=0.195|T=40,,,,Balance-inferred context is not an independent measurement.,,
Bottinger2008_state_018|MEA + MEAH+,speciation,Bottinger2008,data/reference/MEA/observations/liquid_speciation/Bottinger_2007_ChEq.csv,18,MEA + MEAH+,313.15,0.195,0.833,0.054,mole_fraction,0.054,mole_fraction,,,not_reported,aggregate_direct_positive,validation_reserved,validation_reserved,held_out,no,Bottinger2008|w=0.195|T=40,,,,Böttinger reports quantifiable 2-oxazolidone above about 0.5 mol CO2/mol MEA; the nine-species model omits that byproduct.,cheq_canon_00069,"{""MEA"":1.0,""MEAH+"":1.0}"
Bottinger2008_state_019|CO2,speciation,Bottinger2008,data/reference/MEA/observations/liquid_speciation/Bottinger_2007_ChEq.csv,19,CO2,333.15,0.203,0.134,0,mole_fraction,0,mole_fraction,,,not_reported,direct_zero,validation_reserved,validation_reserved,held_out,no,Bottinger2008|w=0.203|T=60,,,,Reported zero has no source-backed detection or censor bound and is retained as context only.,cheq_canon_00072,
Bottinger2008_state_019|MEA,speciation,Bottinger2008,data/reference/MEA/observations/liquid_speciation/Bottinger_2007_ChEq.csv,19,MEA,333.15,0.203,0.134,,,,,,,not_reported,balance_inferred,validation_reserved,validation_reserved,inferred_not_independent,no,Bottinger2008|w=0.203|T=60,,,,The independently reported MEA + MEAH+ aggregate is used instead of its correlated constituent values.,,
Bottinger2008_state_019|MEAH+,speciation,Bottinger2008,data/reference/MEA/observations/liquid_speciation/Bottinger_2007_ChEq.csv,19,MEAH+,333.15,0.203,0.134,,,,,,,not_reported,balance_inferred,validation_reserved,validation_reserved,inferred_not_independent,no,Bottinger2008|w=0.203|T=60,,,,The independently reported MEA + MEAH+ aggregate is used instead of its correlated constituent values.,,
Bottinger2008_state_019|MEACOO-,speciation,Bottinger2008,data/reference/MEA/observations/liquid_speciation/Bottinger_2007_ChEq.csv,19,MEACOO-,333.15,0.203,0.134,0.0093,mole_fraction,0.0093,mole_fraction,,,not_reported,direct_positive,validation_reserved,validation_reserved,held_out,no,Bottinger2008|w=0.203|T=60,,,,Observation is outside the executable active target contract.,cheq_canon_00074,
Bottinger2008_state_019|HCO3-,speciation,Bottinger2008,data/reference/MEA/observations/liquid_speciation/Bottinger_2007_ChEq.csv,19,HCO3-,333.15,0.203,0.134,0,mole_fraction,0,mole_fraction,,,not_reported,direct_zero,validation_reserved,validation_reserved,held_out,no,Bottinger2008|w=0.203|T=60,,,,Reported zero has no source-backed detection or censor bound and is retained as context only.,cheq_canon_00075,"{""HCO3-"":1.0,""CO3^2-"":1.0}"
Bottinger2008_state_019|CO3^2-,speciation,Bottinger2008,data/reference/MEA/observations/liquid_speciation/Bottinger_2007_ChEq.csv,19,CO3^2-,333.15,0.203,0.134,,,,,,,not_reported,balance_inferred,validation_reserved,validation_reserved,inferred_not_independent,no,Bottinger2008|w=0.203|T=60,,,,Balance-inferred context is not an independent measurement.,,
Bottinger2008_state_019|H3O+,speciation,Bottinger2008,data/reference/MEA/observations/liquid_speciation/Bottinger_2007_ChEq.csv,19,H3O+,333.15,0.203,0.134,,,,,,,not_reported,balance_inferred,validation_reserved,validation_reserved,inferred_not_independent,no,Bottinger2008|w=0.203|T=60,,,,Balance-inferred context is not an independent measurement.,,
Bottinger2008_state_019|OH-,speciation,Bottinger2008,data/reference/MEA/observations/liquid_speciation/Bottinger_2007_ChEq.csv,19,OH-,333.15,0.203,0.134,,,,,,,not_reported,balance_inferred,validation_reserved,validation_reserved,inferred_not_independent,no,Bottinger2008|w=0.203|T=60,,,,Balance-inferred context is not an independent measurement.,,
Bottinger2008_state_019|MEA + MEAH+,speciation,Bottinger2008,data/reference/MEA/observations/liquid_speciation/Bottinger_2007_ChEq.csv,19,MEA + MEAH+,333.15,0.203,0.134,0.0601,mole_fraction,0.0601,mole_fraction,,,not_reported,aggregate_direct_positive,validation_reserved,validation_reserved,held_out,no,Bottinger2008|w=0.203|T=60,,,,Observation is outside the executable active target contract.,cheq_canon_00073,"{""MEA"":1.0,""MEAH+"":1.0}"
Bottinger2008_state_020|CO2,speciation,Bottinger2008,data/reference/MEA/observations/liquid_speciation/Bottinger_2007_ChEq.csv,20,CO2,333.15,0.203,0.249,0,mole_fraction,0,mole_fraction,,,not_reported,direct_zero,validation_reserved,validation_reserved,held_out,no,Bottinger2008|w=0.203|T=60,,,,Reported zero has no source-backed detection or censor bound and is retained as context only.,cheq_canon_00076,
Bottinger2008_state_020|MEA,speciation,Bottinger2008,data/reference/MEA/observations/liquid_speciation/Bottinger_2007_ChEq.csv,20,MEA,333.15,0.203,0.249,,,,,,,not_reported,balance_inferred,validation_reserved,validation_reserved,inferred_not_independent,no,Bottinger2008|w=0.203|T=60,,,,The independently reported MEA + MEAH+ aggregate is used instead of its correlated constituent values.,,
Bottinger2008_state_020|MEAH+,speciation,Bottinger2008,data/reference/MEA/observations/liquid_speciation/Bottinger_2007_ChEq.csv,20,MEAH+,333.15,0.203,0.249,,,,,,,not_reported,balance_inferred,validation_reserved,validation_reserved,inferred_not_independent,no,Bottinger2008|w=0.203|T=60,,,,The independently reported MEA + MEAH+ aggregate is used instead of its correlated constituent values.,,
Bottinger2008_state_020|MEACOO-,speciation,Bottinger2008,data/reference/MEA/observations/liquid_speciation/Bottinger_2007_ChEq.csv,20,MEACOO-,333.15,0.203,0.249,0.0181,mole_fraction,0.0181,mole_fraction,,,not_reported,direct_positive,validation_reserved,validation_reserved,held_out,no,Bottinger2008|w=0.203|T=60,,,,Observation is outside the executable active target contract.,cheq_canon_00078,
Bottinger2008_state_020|HCO3-,speciation,Bottinger2008,data/reference/MEA/observations/liquid_speciation/Bottinger_2007_ChEq.csv,20,HCO3-,333.15,0.203,0.249,0,mole_fraction,0,mole_fraction,,,not_reported,direct_zero,validation_reserved,validation_reserved,held_out,no,Bottinger2008|w=0.203|T=60,,,,Reported zero has no source-backed detection or censor bound and is retained as context only.,cheq_canon_00079,"{""HCO3-"":1.0,""CO3^2-"":1.0}"
Bottinger2008_state_020|CO3^2-,speciation,Bottinger2008,data/reference/MEA/observations/liquid_speciation/Bottinger_2007_ChEq.csv,20,CO3^2-,333.15,0.203,0.249,,,,,,,not_reported,balance_inferred,validation_reserved,validation_reserved,inferred_not_independent,no,Bottinger2008|w=0.203|T=60,,,,Balance-inferred context is not an independent measurement.,,
Bottinger2008_state_020|H3O+,speciation,Bottinger2008,data/reference/MEA/observations/liquid_speciation/Bottinger_2007_ChEq.csv,20,H3O+,333.15,0.203,0.249,,,,,,,not_reported,balance_inferred,validation_reserved,validation_reserved,inferred_not_independent,no,Bottinger2008|w=0.203|T=60,,,,Balance-inferred context is not an independent measurement.,,
Bottinger2008_state_020|OH-,speciation,Bottinger2008,data/reference/MEA/observations/liquid_speciation/Bottinger_2007_ChEq.csv,20,OH-,333.15,0.203,0.249,,,,,,,not_reported,balance_inferred,validation_reserved,validation_reserved,inferred_not_independent,no,Bottinger2008|w=0.203|T=60,,,,Balance-inferred context is not an independent measurement.,,
Bottinger2008_state_020|MEA + MEAH+,speciation,Bottinger2008,data/reference/MEA/observations/liquid_speciation/Bottinger_2007_ChEq.csv,20,MEA + MEAH+,333.15,0.203,0.249,0.0547,mole_fraction,0.0547,mole_fraction,,,not_reported,aggregate_direct_positive,validation_reserved,validation_reserved,held_out,no,Bottinger2008|w=0.203|T=60,,,,Observation is outside the executable active target contract.,cheq_canon_00077,"{""MEA"":1.0,""MEAH+"":1.0}"
Bottinger2008_state_021|CO2,speciation,Bottinger2008,data/reference/MEA/observations/liquid_speciation/Bottinger_2007_ChEq.csv,21,CO2,333.15,0.203,0.317,0,mole_fraction,0,mole_fraction,,,not_reported,direct_zero,validation_reserved,validation_reserved,held_out,no,Bottinger2008|w=0.203|T=60,,,,Reported zero has no source-backed detection or censor bound and is retained as context only.,cheq_canon_00080,
Bottinger2008_state_021|MEA,speciation,Bottinger2008,data/reference/MEA/observations/liquid_speciation/Bottinger_2007_ChEq.csv,21,MEA,333.15,0.203,0.317,,,,,,,not_reported,balance_inferred,validation_reserved,validation_reserved,inferred_not_independent,no,Bottinger2008|w=0.203|T=60,,,,The independently reported MEA + MEAH+ aggregate is used instead of its correlated constituent values.,,
Bottinger2008_state_021|MEAH+,speciation,Bottinger2008,data/reference/MEA/observations/liquid_speciation/Bottinger_2007_ChEq.csv,21,MEAH+,333.15,0.203,0.317,,,,,,,not_reported,balance_inferred,validation_reserved,validation_reserved,inferred_not_independent,no,Bottinger2008|w=0.203|T=60,,,,The independently reported MEA + MEAH+ aggregate is used instead of its correlated constituent values.,,
Bottinger2008_state_021|MEACOO-,speciation,Bottinger2008,data/reference/MEA/observations/liquid_speciation/Bottinger_2007_ChEq.csv,21,MEACOO-,333.15,0.203,0.317,0.0231,mole_fraction,0.0231,mole_fraction,,,not_reported,direct_positive,validation_reserved,validation_reserved,held_out,no,Bottinger2008|w=0.203|T=60,,,,Observation is outside the executable active target contract.,cheq_canon_00082,
Bottinger2008_state_021|HCO3-,speciation,Bottinger2008,data/reference/MEA/observations/liquid_speciation/Bottinger_2007_ChEq.csv,21,HCO3-,333.15,0.203,0.317,0,mole_fraction,0,mole_fraction,,,not_reported,direct_zero,validation_reserved,validation_reserved,held_out,no,Bottinger2008|w=0.203|T=60,,,,Reported zero has no source-backed detection or censor bound and is retained as context only.,cheq_canon_00083,"{""HCO3-"":1.0,""CO3^2-"":1.0}"
Bottinger2008_state_021|CO3^2-,speciation,Bottinger2008,data/reference/MEA/observations/liquid_speciation/Bottinger_2007_ChEq.csv,21,CO3^2-,333.15,0.203,0.317,,,,,,,not_reported,balance_inferred,validation_reserved,validation_reserved,inferred_not_independent,no,Bottinger2008|w=0.203|T=60,,,,Balance-inferred context is not an independent measurement.,,
Bottinger2008_state_021|H3O+,speciation,Bottinger2008,data/reference/MEA/observations/liquid_speciation/Bottinger_2007_ChEq.csv,21,H3O+,333.15,0.203,0.317,,,,,,,not_reported,balance_inferred,validation_reserved,validation_reserved,inferred_not_independent,no,Bottinger2008|w=0.203|T=60,,,,Balance-inferred context is not an independent measurement.,,
Bottinger2008_state_021|OH-,speciation,Bottinger2008,data/reference/MEA/observations/liquid_speciation/Bottinger_2007_ChEq.csv,21,OH-,333.15,0.203,0.317,,,,,,,not_reported,balance_inferred,validation_reserved,validation_reserved,inferred_not_independent,no,Bottinger2008|w=0.203|T=60,,,,Balance-inferred context is not an independent measurement.,,
Bottinger2008_state_021|MEA + MEAH+,speciation,Bottinger2008,data/reference/MEA/observations/liquid_speciation/Bottinger_2007_ChEq.csv,21,MEA + MEAH+,333.15,0.203,0.317,0.0497,mole_fraction,0.0497,mole_fraction,,,not_reported,aggregate_direct_positive,validation_reserved,validation_reserved,held_out,no,Bottinger2008|w=0.203|T=60,,,,Observation is outside the executable active target contract.,cheq_canon_00081,"{""MEA"":1.0,""MEAH+"":1.0}"
Bottinger2008_state_022|CO2,speciation,Bottinger2008,data/reference/MEA/observations/liquid_speciation/Bottinger_2007_ChEq.csv,22,CO2,333.15,0.203,0.369,0,mole_fraction,0,mole_fraction,,,not_reported,direct_zero,validation_reserved,validation_reserved,held_out,no,Bottinger2008|w=0.203|T=60,,,,Reported zero has no source-backed detection or censor bound and is retained as context only.,cheq_canon_00084,
Bottinger2008_state_022|MEA,speciation,Bottinger2008,data/reference/MEA/observations/liquid_speciation/Bottinger_2007_ChEq.csv,22,MEA,333.15,0.203,0.369,,,,,,,not_reported,balance_inferred,validation_reserved,validation_reserved,inferred_not_independent,no,Bottinger2008|w=0.203|T=60,,,,The independently reported MEA + MEAH+ aggregate is used instead of its correlated constituent values.,,
Bottinger2008_state_022|MEAH+,speciation,Bottinger2008,data/reference/MEA/observations/liquid_speciation/Bottinger_2007_ChEq.csv,22,MEAH+,333.15,0.203,0.369,,,,,,,not_reported,balance_inferred,validation_reserved,validation_reserved,inferred_not_independent,no,Bottinger2008|w=0.203|T=60,,,,The independently reported MEA + MEAH+ aggregate is used instead of its correlated constituent values.,,
Bottinger2008_state_022|MEACOO-,speciation,Bottinger2008,data/reference/MEA/observations/liquid_speciation/Bottinger_2007_ChEq.csv,22,MEACOO-,333.15,0.203,0.369,0.027,mole_fraction,0.027,mole_fraction,,,not_reported,direct_positive,validation_reserved,validation_reserved,held_out,no,Bottinger2008|w=0.203|T=60,,,,Observation is outside the executable active target contract.,cheq_canon_00086,
Bottinger2008_state_022|HCO3-,speciation,Bottinger2008,data/reference/MEA/observations/liquid_speciation/Bottinger_2007_ChEq.csv,22,HCO3-,333.15,0.203,0.369,0,mole_fraction,0,mole_fraction,,,not_reported,direct_zero,validation_reserved,validation_reserved,held_out,no,Bottinger2008|w=0.203|T=60,,,,Reported zero has no source-backed detection or censor bound and is retained as context only.,cheq_canon_00087,"{""HCO3-"":1.0,""CO3^2-"":1.0}"
Bottinger2008_state_022|CO3^2-,speciation,Bottinger2008,data/reference/MEA/observations/liquid_speciation/Bottinger_2007_ChEq.csv,22,CO3^2-,333.15,0.203,0.369,,,,,,,not_reported,balance_inferred,validation_reserved,validation_reserved,inferred_not_independent,no,Bottinger2008|w=0.203|T=60,,,,Balance-inferred context is not an independent measurement.,,
Bottinger2008_state_022|H3O+,speciation,Bottinger2008,data/reference/MEA/observations/liquid_speciation/Bottinger_2007_ChEq.csv,22,H3O+,333.15,0.203,0.369,,,,,,,not_reported,balance_inferred,validation_reserved,validation_reserved,inferred_not_independent,no,Bottinger2008|w=0.203|T=60,,,,Balance-inferred context is not an independent measurement.,,
Bottinger2008_state_022|OH-,speciation,Bottinger2008,data/reference/MEA/observations/liquid_speciation/Bottinger_2007_ChEq.csv,22,OH-,333.15,0.203,0.369,,,,,,,not_reported,balance_inferred,validation_reserved,validation_reserved,inferred_not_independent,no,Bottinger2008|w=0.203|T=60,,,,Balance-inferred context is not an independent measurement.,,
Bottinger2008_state_022|MEA + MEAH+,speciation,Bottinger2008,data/reference/MEA/observations/liquid_speciation/Bottinger_2007_ChEq.csv,22,MEA + MEAH+,333.15,0.203,0.369,0.0463,mole_fraction,0.0463,mole_fraction,,,not_reported,aggregate_direct_positive,validation_reserved,validation_reserved,held_out,no,Bottinger2008|w=0.203|T=60,,,,Observation is outside the executable active target contract.,cheq_canon_00085,"{""MEA"":1.0,""MEAH+"":1.0}"
Bottinger2008_state_023|CO2,speciation,Bottinger2008,data/reference/MEA/observations/liquid_speciation/Bottinger_2007_ChEq.csv,23,CO2,333.15,0.203,0.437,0,mole_fraction,0,mole_fraction,,,not_reported,direct_zero,validation_reserved,validation_reserved,held_out,no,Bottinger2008|w=0.203|T=60,,,,Reported zero has no source-backed detection or censor bound and is retained as context only.,cheq_canon_00088,
Bottinger2008_state_023|MEA,speciation,Bottinger2008,data/reference/MEA/observations/liquid_speciation/Bottinger_2007_ChEq.csv,23,MEA,333.15,0.203,0.437,,,,,,,not_reported,balance_inferred,validation_reserved,validation_reserved,inferred_not_independent,no,Bottinger2008|w=0.203|T=60,,,,The independently reported MEA + MEAH+ aggregate is used instead of its correlated constituent values.,,
Bottinger2008_state_023|MEAH+,speciation,Bottinger2008,data/reference/MEA/observations/liquid_speciation/Bottinger_2007_ChEq.csv,23,MEAH+,333.15,0.203,0.437,,,,,,,not_reported,balance_inferred,validation_reserved,validation_reserved,inferred_not_independent,no,Bottinger2008|w=0.203|T=60,,,,The independently reported MEA + MEAH+ aggregate is used instead of its correlated constituent values.,,
Bottinger2008_state_023|MEACOO-,speciation,Bottinger2008,data/reference/MEA/observations/liquid_speciation/Bottinger_2007_ChEq.csv,23,MEACOO-,333.15,0.203,0.437,0.0263,mole_fraction,0.0263,mole_fraction,,,not_reported,direct_positive,validation_reserved,validation_reserved,held_out,no,Bottinger2008|w=0.203|T=60,,,,Observation is outside the executable active target contract.,cheq_canon_00090,
Bottinger2008_state_023|HCO3-,speciation,Bottinger2008,data/reference/MEA/observations/liquid_speciation/Bottinger_2007_ChEq.csv,23,HCO3-,333.15,0.203,0.437,0.0045,mole_fraction,0.0045,mole_fraction,,,not_reported,direct_positive,validation_reserved,validation_reserved,held_out,no,Bottinger2008|w=0.203|T=60,,,,Observation is outside the executable active target contract.,cheq_canon_00091,"{""HCO3-"":1.0,""CO3^2-"":1.0}"
Bottinger2008_state_023|CO3^2-,speciation,Bottinger2008,data/reference/MEA/observations/liquid_speciation/Bottinger_2007_ChEq.csv,23,CO3^2-,333.15,0.203,0.437,,,,,,,not_reported,balance_inferred,validation_reserved,validation_reserved,inferred_not_independent,no,Bottinger2008|w=0.203|T=60,,,,Balance-inferred context is not an independent measurement.,,
Bottinger2008_state_023|H3O+,speciation,Bottinger2008,data/reference/MEA/observations/liquid_speciation/Bottinger_2007_ChEq.csv,23,H3O+,333.15,0.203,0.437,,,,,,,not_reported,balance_inferred,validation_reserved,validation_reserved,inferred_not_independent,no,Bottinger2008|w=0.203|T=60,,,,Balance-inferred context is not an independent measurement.,,
Bottinger2008_state_023|OH-,speciation,Bottinger2008,data/reference/MEA/observations/liquid_speciation/Bottinger_2007_ChEq.csv,23,OH-,333.15,0.203,0.437,,,,,,,not_reported,balance_inferred,validation_reserved,validation_reserved,inferred_not_independent,no,Bottinger2008|w=0.203|T=60,,,,Balance-inferred context is not an independent measurement.,,
Bottinger2008_state_023|MEA + MEAH+,speciation,Bottinger2008,data/reference/MEA/observations/liquid_speciation/Bottinger_2007_ChEq.csv,23,MEA + MEAH+,333.15,0.203,0.437,0.0443,mole_fraction,0.0443,mole_fraction,,,not_reported,aggregate_direct_positive,validation_reserved,validation_reserved,held_out,no,Bottinger2008|w=0.203|T=60,,,,Observation is outside the executable active target contract.,cheq_canon_00089,"{""MEA"":1.0,""MEAH+"":1.0}"
Bottinger2008_state_024|CO2,speciation,Bottinger2008,data/reference/MEA/observations/liquid_speciation/Bottinger_2007_ChEq.csv,24,CO2,353.15,0.195,0.054,0,mole_fraction,0,mole_fraction,,,not_reported,direct_zero,validation_reserved,validation_reserved,held_out,no,Bottinger2008|w=0.195|T=80,,,,Reported zero has no source-backed detection or censor bound and is retained as context only.,cheq_canon_00092,
Bottinger2008_state_024|MEA,speciation,Bottinger2008,data/reference/MEA/observations/liquid_speciation/Bottinger_2007_ChEq.csv,24,MEA,353.15,0.195,0.054,,,,,,,not_reported,balance_inferred,validation_reserved,validation_reserved,inferred_not_independent,no,Bottinger2008|w=0.195|T=80,,,,The independently reported MEA + MEAH+ aggregate is used instead of its correlated constituent values.,,
Bottinger2008_state_024|MEAH+,speciation,Bottinger2008,data/reference/MEA/observations/liquid_speciation/Bottinger_2007_ChEq.csv,24,MEAH+,353.15,0.195,0.054,,,,,,,not_reported,balance_inferred,validation_reserved,validation_reserved,inferred_not_independent,no,Bottinger2008|w=0.195|T=80,,,,The independently reported MEA + MEAH+ aggregate is used instead of its correlated constituent values.,,
Bottinger2008_state_024|MEACOO-,speciation,Bottinger2008,data/reference/MEA/observations/liquid_speciation/Bottinger_2007_ChEq.csv,24,MEACOO-,353.15,0.195,0.054,0.0033,mole_fraction,0.0033,mole_fraction,,,not_reported,direct_positive,validation_reserved,validation_reserved,held_out,no,Bottinger2008|w=0.195|T=80,,,,Observation is outside the executable active target contract.,cheq_canon_00094,
Bottinger2008_state_024|HCO3-,speciation,Bottinger2008,data/reference/MEA/observations/liquid_speciation/Bottinger_2007_ChEq.csv,24,HCO3-,353.15,0.195,0.054,0,mole_fraction,0,mole_fraction,,,not_reported,direct_zero,validation_reserved,validation_reserved,held_out,no,Bottinger2008|w=0.195|T=80,,,,Reported zero has no source-backed detection or censor bound and is retained as context only.,cheq_canon_00095,"{""HCO3-"":1.0,""CO3^2-"":1.0}"
Bottinger2008_state_024|CO3^2-,speciation,Bottinger2008,data/reference/MEA/observations/liquid_speciation/Bottinger_2007_ChEq.csv,24,CO3^2-,353.15,0.195,0.054,,,,,,,not_reported,balance_inferred,validation_reserved,validation_reserved,inferred_not_independent,no,Bottinger2008|w=0.195|T=80,,,,Balance-inferred context is not an independent measurement.,,
Bottinger2008_state_024|H3O+,speciation,Bottinger2008,data/reference/MEA/observations/liquid_speciation/Bottinger_2007_ChEq.csv,24,H3O+,353.15,0.195,0.054,,,,,,,not_reported,balance_inferred,validation_reserved,validation_reserved,inferred_not_independent,no,Bottinger2008|w=0.195|T=80,,,,Balance-inferred context is not an independent measurement.,,
Bottinger2008_state_024|OH-,speciation,Bottinger2008,data/reference/MEA/observations/liquid_speciation/Bottinger_2007_ChEq.csv,24,OH-,353.15,0.195,0.054,,,,,,,not_reported,balance_inferred,validation_reserved,validation_reserved,inferred_not_independent,no,Bottinger2008|w=0.195|T=80,,,,Balance-inferred context is not an independent measurement.,,
Bottinger2008_state_024|MEA + MEAH+,speciation,Bottinger2008,data/reference/MEA/observations/liquid_speciation/Bottinger_2007_ChEq.csv,24,MEA + MEAH+,353.15,0.195,0.054,0.0635,mole_fraction,0.0635,mole_fraction,,,not_reported,aggregate_direct_positive,validation_reserved,validation_reserved,held_out,no,Bottinger2008|w=0.195|T=80,,,,Observation is outside the executable active target contract.,cheq_canon_00093,"{""MEA"":1.0,""MEAH+"":1.0}"
Bottinger2008_state_025|CO2,speciation,Bottinger2008,data/reference/MEA/observations/liquid_speciation/Bottinger_2007_ChEq.csv,25,CO2,353.15,0.195,0.11,0,mole_fraction,0,mole_fraction,,,not_reported,direct_zero,validation_reserved,validation_reserved,held_out,no,Bottinger2008|w=0.195|T=80,,,,Reported zero has no source-backed detection or censor bound and is retained as context only.,cheq_canon_00096,
Bottinger2008_state_025|MEA,speciation,Bottinger2008,data/reference/MEA/observations/liquid_speciation/Bottinger_2007_ChEq.csv,25,MEA,353.15,0.195,0.11,,,,,,,not_reported,balance_inferred,validation_reserved,validation_reserved,inferred_not_independent,no,Bottinger2008|w=0.195|T=80,,,,The independently reported MEA + MEAH+ aggregate is used instead of its correlated constituent values.,,
Bottinger2008_state_025|MEAH+,speciation,Bottinger2008,data/reference/MEA/observations/liquid_speciation/Bottinger_2007_ChEq.csv,25,MEAH+,353.15,0.195,0.11,,,,,,,not_reported,balance_inferred,validation_reserved,validation_reserved,inferred_not_independent,no,Bottinger2008|w=0.195|T=80,,,,The independently reported MEA + MEAH+ aggregate is used instead of its correlated constituent values.,,
Bottinger2008_state_025|MEACOO-,speciation,Bottinger2008,data/reference/MEA/observations/liquid_speciation/Bottinger_2007_ChEq.csv,25,MEACOO-,353.15,0.195,0.11,0.0066,mole_fraction,0.0066,mole_fraction,,,not_reported,direct_positive,validation_reserved,validation_reserved,held_out,no,Bottinger2008|w=0.195|T=80,,,,Observation is outside the executable active target contract.,cheq_canon_00098,
Bottinger2008_state_025|HCO3-,speciation,Bottinger2008,data/reference/MEA/observations/liquid_speciation/Bottinger_2007_ChEq.csv,25,HCO3-,353.15,0.195,0.11,0,mole_fraction,0,mole_fraction,,,not_reported,direct_zero,validation_reserved,validation_reserved,held_out,no,Bottinger2008|w=0.195|T=80,,,,Reported zero has no source-backed detection or censor bound and is retained as context only.,cheq_canon_00099,"{""HCO3-"":1.0,""CO3^2-"":1.0}"
Bottinger2008_state_025|CO3^2-,speciation,Bottinger2008,data/reference/MEA/observations/liquid_speciation/Bottinger_2007_ChEq.csv,25,CO3^2-,353.15,0.195,0.11,,,,,,,not_reported,balance_inferred,validation_reserved,validation_reserved,inferred_not_independent,no,Bottinger2008|w=0.195|T=80,,,,Balance-inferred context is not an independent measurement.,,
Bottinger2008_state_025|H3O+,speciation,Bottinger2008,data/reference/MEA/observations/liquid_speciation/Bottinger_2007_ChEq.csv,25,H3O+,353.15,0.195,0.11,,,,,,,not_reported,balance_inferred,validation_reserved,validation_reserved,inferred_not_independent,no,Bottinger2008|w=0.195|T=80,,,,Balance-inferred context is not an independent measurement.,,
Bottinger2008_state_025|OH-,speciation,Bottinger2008,data/reference/MEA/observations/liquid_speciation/Bottinger_2007_ChEq.csv,25,OH-,353.15,0.195,0.11,,,,,,,not_reported,balance_inferred,validation_reserved,validation_reserved,inferred_not_independent,no,Bottinger2008|w=0.195|T=80,,,,Balance-inferred context is not an independent measurement.,,
Bottinger2008_state_025|MEA + MEAH+,speciation,Bottinger2008,data/reference/MEA/observations/liquid_speciation/Bottinger_2007_ChEq.csv,25,MEA + MEAH+,353.15,0.195,0.11,0.0605,mole_fraction,0.0605,mole_fraction,,,not_reported,aggregate_direct_positive,validation_reserved,validation_reserved,held_out,no,Bottinger2008|w=0.195|T=80,,,,Observation is outside the executable active target contract.,cheq_canon_00097,"{""MEA"":1.0,""MEAH+"":1.0}"
Bottinger2008_state_026|CO2,speciation,Bottinger2008,data/reference/MEA/observations/liquid_speciation/Bottinger_2007_ChEq.csv,26,CO2,353.15,0.195,0.262,0,mole_fraction,0,mole_fraction,,,not_reported,direct_zero,validation_reserved,validation_reserved,held_out,no,Bottinger2008|w=0.195|T=80,,,,Reported zero has no source-backed detection or censor bound and is retained as context only.,cheq_canon_00100,
Bottinger2008_state_026|MEA,speciation,Bottinger2008,data/reference/MEA/observations/liquid_speciation/Bottinger_2007_ChEq.csv,26,MEA,353.15,0.195,0.262,,,,,,,not_reported,balance_inferred,validation_reserved,validation_reserved,inferred_not_independent,no,Bottinger2008|w=0.195|T=80,,,,The independently reported MEA + MEAH+ aggregate is used instead of its correlated constituent values.,,
Bottinger2008_state_026|MEAH+,speciation,Bottinger2008,data/reference/MEA/observations/liquid_speciation/Bottinger_2007_ChEq.csv,26,MEAH+,353.15,0.195,0.262,,,,,,,not_reported,balance_inferred,validation_reserved,validation_reserved,inferred_not_independent,no,Bottinger2008|w=0.195|T=80,,,,The independently reported MEA + MEAH+ aggregate is used instead of its correlated constituent values.,,
Bottinger2008_state_026|MEACOO-,speciation,Bottinger2008,data/reference/MEA/observations/liquid_speciation/Bottinger_2007_ChEq.csv,26,MEACOO-,353.15,0.195,0.262,0.0174,mole_fraction,0.0174,mole_fraction,,,not_reported,direct_positive,validation_reserved,validation_reserved,held_out,no,Bottinger2008|w=0.195|T=80,,,,Observation is outside the executable active target contract.,cheq_canon_00102,
Bottinger2008_state_026|HCO3-,speciation,Bottinger2008,data/reference/MEA/observations/liquid_speciation/Bottinger_2007_ChEq.csv,26,HCO3-,353.15,0.195,0.262,0,mole_fraction,0,mole_fraction,,,not_reported,direct_zero,validation_reserved,validation_reserved,held_out,no,Bottinger2008|w=0.195|T=80,,,,Reported zero has no source-backed detection or censor bound and is retained as context only.,cheq_canon_00103,"{""HCO3-"":1.0,""CO3^2-"":1.0}"
Bottinger2008_state_026|CO3^2-,speciation,Bottinger2008,data/reference/MEA/observations/liquid_speciation/Bottinger_2007_ChEq.csv,26,CO3^2-,353.15,0.195,0.262,,,,,,,not_reported,balance_inferred,validation_reserved,validation_reserved,inferred_not_independent,no,Bottinger2008|w=0.195|T=80,,,,Balance-inferred context is not an independent measurement.,,
Bottinger2008_state_026|H3O+,speciation,Bottinger2008,data/reference/MEA/observations/liquid_speciation/Bottinger_2007_ChEq.csv,26,H3O+,353.15,0.195,0.262,,,,,,,not_reported,balance_inferred,validation_reserved,validation_reserved,inferred_not_independent,no,Bottinger2008|w=0.195|T=80,,,,Balance-inferred context is not an independent measurement.,,
Bottinger2008_state_026|OH-,speciation,Bottinger2008,data/reference/MEA/observations/liquid_speciation/Bottinger_2007_ChEq.csv,26,OH-,353.15,0.195,0.262,,,,,,,not_reported,balance_inferred,validation_reserved,validation_reserved,inferred_not_independent,no,Bottinger2008|w=0.195|T=80,,,,Balance-inferred context is not an independent measurement.,,
Bottinger2008_state_026|MEA + MEAH+,speciation,Bottinger2008,data/reference/MEA/observations/liquid_speciation/Bottinger_2007_ChEq.csv,26,MEA + MEAH+,353.15,0.195,0.262,0.049,mole_fraction,0.049,mole_fraction,,,not_reported,aggregate_direct_positive,validation_reserved,validation_reserved,held_out,no,Bottinger2008|w=0.195|T=80,,,,Observation is outside the executable active target contract.,cheq_canon_00101,"{""MEA"":1.0,""MEAH+"":1.0}"
Bottinger2008_state_027|CO2,speciation,Bottinger2008,data/reference/MEA/observations/liquid_speciation/Bottinger_2007_ChEq.csv,27,CO2,353.15,0.195,0.324,0,mole_fraction,0,mole_fraction,,,not_reported,direct_zero,validation_reserved,validation_reserved,held_out,no,Bottinger2008|w=0.195|T=80,,,,Reported zero has no source-backed detection or censor bound and is retained as context only.,cheq_canon_00104,
Bottinger2008_state_027|MEA,speciation,Bottinger2008,data/reference/MEA/observations/liquid_speciation/Bottinger_2007_ChEq.csv,27,MEA,353.15,0.195,0.324,,,,,,,not_reported,balance_inferred,validation_reserved,validation_reserved,inferred_not_independent,no,Bottinger2008|w=0.195|T=80,,,,The independently reported MEA + MEAH+ aggregate is used instead of its correlated constituent values.,,
Bottinger2008_state_027|MEAH+,speciation,Bottinger2008,data/reference/MEA/observations/liquid_speciation/Bottinger_2007_ChEq.csv,27,MEAH+,353.15,0.195,0.324,,,,,,,not_reported,balance_inferred,validation_reserved,validation_reserved,inferred_not_independent,no,Bottinger2008|w=0.195|T=80,,,,The independently reported MEA + MEAH+ aggregate is used instead of its correlated constituent values.,,
Bottinger2008_state_027|MEACOO-,speciation,Bottinger2008,data/reference/MEA/observations/liquid_speciation/Bottinger_2007_ChEq.csv,27,MEACOO-,353.15,0.195,0.324,0.0219,mole_fraction,0.0219,mole_fraction,,,not_reported,direct_positive,validation_reserved,validation_reserved,held_out,no,Bottinger2008|w=0.195|T=80,,,,Observation is outside the executable active target contract.,cheq_canon_00106,
Bottinger2008_state_027|HCO3-,speciation,Bottinger2008,data/reference/MEA/observations/liquid_speciation/Bottinger_2007_ChEq.csv,27,HCO3-,353.15,0.195,0.324,0,mole_fraction,0,mole_fraction,,,not_reported,direct_zero,validation_reserved,validation_reserved,held_out,no,Bottinger2008|w=0.195|T=80,,,,Reported zero has no source-backed detection or censor bound and is retained as context only.,cheq_canon_00107,"{""HCO3-"":1.0,""CO3^2-"":1.0}"
Bottinger2008_state_027|CO3^2-,speciation,Bottinger2008,data/reference/MEA/observations/liquid_speciation/Bottinger_2007_ChEq.csv,27,CO3^2-,353.15,0.195,0.324,,,,,,,not_reported,balance_inferred,validation_reserved,validation_reserved,inferred_not_independent,no,Bottinger2008|w=0.195|T=80,,,,Balance-inferred context is not an independent measurement.,,
Bottinger2008_state_027|H3O+,speciation,Bottinger2008,data/reference/MEA/observations/liquid_speciation/Bottinger_2007_ChEq.csv,27,H3O+,353.15,0.195,0.324,,,,,,,not_reported,balance_inferred,validation_reserved,validation_reserved,inferred_not_independent,no,Bottinger2008|w=0.195|T=80,,,,Balance-inferred context is not an independent measurement.,,
Bottinger2008_state_027|OH-,speciation,Bottinger2008,data/reference/MEA/observations/liquid_speciation/Bottinger_2007_ChEq.csv,27,OH-,353.15,0.195,0.324,,,,,,,not_reported,balance_inferred,validation_reserved,validation_reserved,inferred_not_independent,no,Bottinger2008|w=0.195|T=80,,,,Balance-inferred context is not an independent measurement.,,
Bottinger2008_state_027|MEA + MEAH+,speciation,Bottinger2008,data/reference/MEA/observations/liquid_speciation/Bottinger_2007_ChEq.csv,27,MEA + MEAH+,353.15,0.195,0.324,0.0455,mole_fraction,0.0455,mole_fraction,,,not_reported,aggregate_direct_positive,validation_reserved,validation_reserved,held_out,no,Bottinger2008|w=0.195|T=80,,,,Observation is outside the executable active target contract.,cheq_canon_00105,"{""MEA"":1.0,""MEAH+"":1.0}"
Bottinger2008_state_028|CO2,speciation,Bottinger2008,data/reference/MEA/observations/liquid_speciation/Bottinger_2007_ChEq.csv,28,CO2,353.15,0.195,0.472,0,mole_fraction,0,mole_fraction,,,not_reported,direct_zero,validation_reserved,validation_reserved,held_out,no,Bottinger2008|w=0.195|T=80,,,,Reported zero has no source-backed detection or censor bound and is retained as context only.,cheq_canon_00108,
Bottinger2008_state_028|MEA,speciation,Bottinger2008,data/reference/MEA/observations/liquid_speciation/Bottinger_2007_ChEq.csv,28,MEA,353.15,0.195,0.472,,,,,,,not_reported,balance_inferred,validation_reserved,validation_reserved,inferred_not_independent,no,Bottinger2008|w=0.195|T=80,,,,The independently reported MEA + MEAH+ aggregate is used instead of its correlated constituent values.,,
Bottinger2008_state_028|MEAH+,speciation,Bottinger2008,data/reference/MEA/observations/liquid_speciation/Bottinger_2007_ChEq.csv,28,MEAH+,353.15,0.195,0.472,,,,,,,not_reported,balance_inferred,validation_reserved,validation_reserved,inferred_not_independent,no,Bottinger2008|w=0.195|T=80,,,,The independently reported MEA + MEAH+ aggregate is used instead of its correlated constituent values.,,
Bottinger2008_state_028|MEACOO-,speciation,Bottinger2008,data/reference/MEA/observations/liquid_speciation/Bottinger_2007_ChEq.csv,28,MEACOO-,353.15,0.195,0.472,0.0299,mole_fraction,0.0299,mole_fraction,,,not_reported,direct_positive,validation_reserved,validation_reserved,held_out,no,Bottinger2008|w=0.195|T=80,,,,Observation is outside the executable active target contract.,cheq_canon_00110,
Bottinger2008_state_028|HCO3-,speciation,Bottinger2008,data/reference/MEA/observations/liquid_speciation/Bottinger_2007_ChEq.csv,28,HCO3-,353.15,0.195,0.472,0.0092,mole_fraction,0.0092,mole_fraction,,,not_reported,direct_positive,validation_reserved,validation_reserved,held_out,no,Bottinger2008|w=0.195|T=80,,,,Observation is outside the executable active target contract.,cheq_canon_00111,"{""HCO3-"":1.0,""CO3^2-"":1.0}"
Bottinger2008_state_028|CO3^2-,speciation,Bottinger2008,data/reference/MEA/observations/liquid_speciation/Bottinger_2007_ChEq.csv,28,CO3^2-,353.15,0.195,0.472,,,,,,,not_reported,balance_inferred,validation_reserved,validation_reserved,inferred_not_independent,no,Bottinger2008|w=0.195|T=80,,,,Balance-inferred context is not an independent measurement.,,
Bottinger2008_state_028|H3O+,speciation,Bottinger2008,data/reference/MEA/observations/liquid_speciation/Bottinger_2007_ChEq.csv,28,H3O+,353.15,0.195,0.472,,,,,,,not_reported,balance_inferred,validation_reserved,validation_reserved,inferred_not_independent,no,Bottinger2008|w=0.195|T=80,,,,Balance-inferred context is not an independent measurement.,,
Bottinger2008_state_028|OH-,speciation,Bottinger2008,data/reference/MEA/observations/liquid_speciation/Bottinger_2007_ChEq.csv,28,OH-,353.15,0.195,0.472,,,,,,,not_reported,balance_inferred,validation_reserved,validation_reserved,inferred_not_independent,no,Bottinger2008|w=0.195|T=80,,,,Balance-inferred context is not an independent measurement.,,
Bottinger2008_state_028|MEA + MEAH+,speciation,Bottinger2008,data/reference/MEA/observations/liquid_speciation/Bottinger_2007_ChEq.csv,28,MEA + MEAH+,353.15,0.195,0.472,0.0381,mole_fraction,0.0381,mole_fraction,,,not_reported,aggregate_direct_positive,validation_reserved,validation_reserved,held_out,no,Bottinger2008|w=0.195|T=80,,,,Observation is outside the executable active target contract.,cheq_canon_00109,"{""MEA"":1.0,""MEAH+"":1.0}"
Bottinger2008_state_029|CO2,speciation,Bottinger2008,data/reference/MEA/observations/liquid_speciation/Bottinger_2007_ChEq.csv,29,CO2,353.15,0.195,0.576,0,mole_fraction,0,mole_fraction,,,not_reported,direct_zero,validation_reserved,validation_reserved,held_out,no,Bottinger2008|w=0.195|T=80,,,,Reported zero has no source-backed detection or censor bound and is retained as context only.,cheq_canon_00112,
Bottinger2008_state_029|MEA,speciation,Bottinger2008,data/reference/MEA/observations/liquid_speciation/Bottinger_2007_ChEq.csv,29,MEA,353.15,0.195,0.576,,,,,,,not_reported,balance_inferred,validation_reserved,validation_reserved,inferred_not_independent,no,Bottinger2008|w=0.195|T=80,,,,The independently reported MEA + MEAH+ aggregate is used instead of its correlated constituent values.,,
Bottinger2008_state_029|MEAH+,speciation,Bottinger2008,data/reference/MEA/observations/liquid_speciation/Bottinger_2007_ChEq.csv,29,MEAH+,353.15,0.195,0.576,,,,,,,not_reported,balance_inferred,validation_reserved,validation_reserved,inferred_not_independent,no,Bottinger2008|w=0.195|T=80,,,,The independently reported MEA + MEAH+ aggregate is used instead of its correlated constituent values.,,
Bottinger2008_state_029|MEACOO-,speciation,Bottinger2008,data/reference/MEA/observations/liquid_speciation/Bottinger_2007_ChEq.csv,29,MEACOO-,353.15,0.195,0.576,0,mole_fraction,0,mole_fraction,,,not_reported,direct_zero,validation_reserved,validation_reserved,held_out,no,Bottinger2008|w=0.195|T=80,,,,Reported zero has no source-backed detection or censor bound and is retained as context only.,cheq_canon_00114,
Bottinger2008_state_029|HCO3-,speciation,Bottinger2008,data/reference/MEA/observations/liquid_speciation/Bottinger_2007_ChEq.csv,29,HCO3-,353.15,0.195,0.576,0.0156,mole_fraction,0.0156,mole_fraction,,,not_reported,direct_positive,validation_reserved,validation_reserved,held_out,no,Bottinger2008|w=0.195|T=80,,,,Böttinger reports quantifiable 2-oxazolidone above about 0.5 mol CO2/mol MEA; the nine-species model omits that byproduct.,cheq_canon_00115,"{""HCO3-"":1.0,""CO3^2-"":1.0}"
Bottinger2008_state_029|CO3^2-,speciation,Bottinger2008,data/reference/MEA/observations/liquid_speciation/Bottinger_2007_ChEq.csv,29,CO3^2-,353.15,0.195,0.576,,,,,,,not_reported,balance_inferred,validation_reserved,validation_reserved,inferred_not_independent,no,Bottinger2008|w=0.195|T=80,,,,Balance-inferred context is not an independent measurement.,,
Bottinger2008_state_029|H3O+,speciation,Bottinger2008,data/reference/MEA/observations/liquid_speciation/Bottinger_2007_ChEq.csv,29,H3O+,353.15,0.195,0.576,,,,,,,not_reported,balance_inferred,validation_reserved,validation_reserved,inferred_not_independent,no,Bottinger2008|w=0.195|T=80,,,,Balance-inferred context is not an independent measurement.,,
Bottinger2008_state_029|OH-,speciation,Bottinger2008,data/reference/MEA/observations/liquid_speciation/Bottinger_2007_ChEq.csv,29,OH-,353.15,0.195,0.576,,,,,,,not_reported,balance_inferred,validation_reserved,validation_reserved,inferred_not_independent,no,Bottinger2008|w=0.195|T=80,,,,Balance-inferred context is not an independent measurement.,,
Bottinger2008_state_029|MEA + MEAH+,speciation,Bottinger2008,data/reference/MEA/observations/liquid_speciation/Bottinger_2007_ChEq.csv,29,MEA + MEAH+,353.15,0.195,0.576,0.0612,mole_fraction,0.0612,mole_fraction,,,not_reported,aggregate_direct_positive,validation_reserved,validation_reserved,held_out,no,Bottinger2008|w=0.195|T=80,,,,Böttinger reports quantifiable 2-oxazolidone above about 0.5 mol CO2/mol MEA; the nine-species model omits that byproduct.,cheq_canon_00113,"{""MEA"":1.0,""MEAH+"":1.0}"
Bottinger2008_state_030|CO2,speciation,Bottinger2008,data/reference/MEA/observations/liquid_speciation/Bottinger_2007_ChEq.csv,30,CO2,293.15,0.3,0.075,0,,0,mole_fraction,,,not_reported,balance_inferred,canonical_eligible,canonical_eligible,inferred_not_independent,no,Bottinger2008|w=0.3|T=20,,,,Balance-inferred context is not an independent measurement.,cheq_canon_00116,
Bottinger2008_state_030|MEA,speciation,Bottinger2008,data/reference/MEA/observations/liquid_speciation/Bottinger_2007_ChEq.csv,30,MEA,293.15,0.3,0.075,,,,,,,not_reported,balance_inferred,canonical_eligible,canonical_eligible,inferred_not_independent,no,Bottinger2008|w=0.3|T=20,,,,The independently reported MEA + MEAH+ aggregate is used instead of its correlated constituent values.,,
Bottinger2008_state_030|MEAH+,speciation,Bottinger2008,data/reference/MEA/observations/liquid_speciation/Bottinger_2007_ChEq.csv,30,MEAH+,293.15,0.3,0.075,,,,,,,not_reported,balance_inferred,canonical_eligible,canonical_eligible,inferred_not_independent,no,Bottinger2008|w=0.3|T=20,,,,The independently reported MEA + MEAH+ aggregate is used instead of its correlated constituent values.,,
Bottinger2008_state_030|MEACOO-,speciation,Bottinger2008,data/reference/MEA/observations/liquid_speciation/Bottinger_2007_ChEq.csv,30,MEACOO-,293.15,0.3,0.075,0.0086,mole_fraction,0.0086,mole_fraction,,,not_reported,direct_positive,canonical_eligible,canonical_eligible,direct_measurement,yes,Bottinger2008|w=0.3|T=20,,,,Positive source observation admitted by the Gate 0 v2 contract.,cheq_canon_00118,
Bottinger2008_state_030|HCO3-,speciation,Bottinger2008,data/reference/MEA/observations/liquid_speciation/Bottinger_2007_ChEq.csv,30,HCO3-,293.15,0.3,0.075,0,,0,mole_fraction,,,not_reported,balance_inferred,canonical_eligible,canonical_eligible,inferred_not_independent,no,Bottinger2008|w=0.3|T=20,,,,Balance-inferred context is not an independent measurement.,cheq_canon_00119,"{""HCO3-"":1.0,""CO3^2-"":1.0}"
Bottinger2008_state_030|CO3^2-,speciation,Bottinger2008,data/reference/MEA/observations/liquid_speciation/Bottinger_2007_ChEq.csv,30,CO3^2-,293.15,0.3,0.075,,,,,,,not_reported,balance_inferred,canonical_eligible,canonical_eligible,inferred_not_independent,no,Bottinger2008|w=0.3|T=20,,,,Balance-inferred context is not an independent measurement.,,
Bottinger2008_state_030|H3O+,speciation,Bottinger2008,data/reference/MEA/observations/liquid_speciation/Bottinger_2007_ChEq.csv,30,H3O+,293.15,0.3,0.075,,,,,,,not_reported,balance_inferred,canonical_eligible,canonical_eligible,inferred_not_independent,no,Bottinger2008|w=0.3|T=20,,,,Balance-inferred context is not an independent measurement.,,
Bottinger2008_state_030|OH-,speciation,Bottinger2008,data/reference/MEA/observations/liquid_speciation/Bottinger_2007_ChEq.csv,30,OH-,293.15,0.3,0.075,,,,,,,not_reported,balance_inferred,canonical_eligible,canonical_eligible,inferred_not_independent,no,Bottinger2008|w=0.3|T=20,,,,Balance-inferred context is not an independent measurement.,,
Bottinger2008_state_030|MEA + MEAH+,speciation,Bottinger2008,data/reference/MEA/observations/liquid_speciation/Bottinger_2007_ChEq.csv,30,MEA + MEAH+,293.15,0.3,0.075,0.1054,mole_fraction,0.1054,mole_fraction,,,not_reported,aggregate_direct_positive,canonical_eligible,canonical_eligible,aggregate_measurement,yes,Bottinger2008|w=0.3|T=20,,,,Positive source observation admitted by the Gate 0 v2 contract.,cheq_canon_00117,"{""MEA"":1.0,""MEAH+"":1.0}"
Bottinger2008_state_031|CO2,speciation,Bottinger2008,data/reference/MEA/observations/liquid_speciation/Bottinger_2007_ChEq.csv,31,CO2,293.15,0.3,0.15,0,,0,mole_fraction,,,not_reported,balance_inferred,canonical_eligible,canonical_eligible,inferred_not_independent,no,Bottinger2008|w=0.3|T=20,,,,Balance-inferred context is not an independent measurement.,cheq_canon_00120,
Bottinger2008_state_031|MEA,speciation,Bottinger2008,data/reference/MEA/observations/liquid_speciation/Bottinger_2007_ChEq.csv,31,MEA,293.15,0.3,0.15,,,,,,,not_reported,balance_inferred,canonical_eligible,canonical_eligible,inferred_not_independent,no,Bottinger2008|w=0.3|T=20,,,,The independently reported MEA + MEAH+ aggregate is used instead of its correlated constituent values.,,
Bottinger2008_state_031|MEAH+,speciation,Bottinger2008,data/reference/MEA/observations/liquid_speciation/Bottinger_2007_ChEq.csv,31,MEAH+,293.15,0.3,0.15,,,,,,,not_reported,balance_inferred,canonical_eligible,canonical_eligible,inferred_not_independent,no,Bottinger2008|w=0.3|T=20,,,,The independently reported MEA + MEAH+ aggregate is used instead of its correlated constituent values.,,
Bottinger2008_state_031|MEACOO-,speciation,Bottinger2008,data/reference/MEA/observations/liquid_speciation/Bottinger_2007_ChEq.csv,31,MEACOO-,293.15,0.3,0.15,0.0171,mole_fraction,0.0171,mole_fraction,,,not_reported,direct_positive,canonical_eligible,canonical_eligible,direct_measurement,yes,Bottinger2008|w=0.3|T=20,,,,Positive source observation admitted by the Gate 0 v2 contract.,cheq_canon_00122,
Bottinger2008_state_031|HCO3-,speciation,Bottinger2008,data/reference/MEA/observations/liquid_speciation/Bottinger_2007_ChEq.csv,31,HCO3-,293.15,0.3,0.15,0,,0,mole_fraction,,,not_reported,balance_inferred,canonical_eligible,canonical_eligible,inferred_not_independent,no,Bottinger2008|w=0.3|T=20,,,,Balance-inferred context is not an independent measurement.,cheq_canon_00123,"{""HCO3-"":1.0,""CO3^2-"":1.0}"
Bottinger2008_state_031|CO3^2-,speciation,Bottinger2008,data/reference/MEA/observations/liquid_speciation/Bottinger_2007_ChEq.csv,31,CO3^2-,293.15,0.3,0.15,,,,,,,not_reported,balance_inferred,canonical_eligible,canonical_eligible,inferred_not_independent,no,Bottinger2008|w=0.3|T=20,,,,Balance-inferred context is not an independent measurement.,,
Bottinger2008_state_031|H3O+,speciation,Bottinger2008,data/reference/MEA/observations/liquid_speciation/Bottinger_2007_ChEq.csv,31,H3O+,293.15,0.3,0.15,,,,,,,not_reported,balance_inferred,canonical_eligible,canonical_eligible,inferred_not_independent,no,Bottinger2008|w=0.3|T=20,,,,Balance-inferred context is not an independent measurement.,,
Bottinger2008_state_031|OH-,speciation,Bottinger2008,data/reference/MEA/observations/liquid_speciation/Bottinger_2007_ChEq.csv,31,OH-,293.15,0.3,0.15,,,,,,,not_reported,balance_inferred,canonical_eligible,canonical_eligible,inferred_not_independent,no,Bottinger2008|w=0.3|T=20,,,,Balance-inferred context is not an independent measurement.,,
Bottinger2008_state_031|MEA + MEAH+,speciation,Bottinger2008,data/reference/MEA/observations/liquid_speciation/Bottinger_2007_ChEq.csv,31,MEA + MEAH+,293.15,0.3,0.15,0.0966,mole_fraction,0.0966,mole_fraction,,,not_reported,aggregate_direct_positive,canonical_eligible,canonical_eligible,aggregate_measurement,yes,Bottinger2008|w=0.3|T=20,,,,Positive source observation admitted by the Gate 0 v2 contract.,cheq_canon_00121,"{""MEA"":1.0,""MEAH+"":1.0}"
Bottinger2008_state_032|CO2,speciation,Bottinger2008,data/reference/MEA/observations/liquid_speciation/Bottinger_2007_ChEq.csv,32,CO2,293.15,0.3,0.235,0,,0,mole_fraction,,,not_reported,balance_inferred,canonical_eligible,canonical_eligible,inferred_not_independent,no,Bottinger2008|w=0.3|T=20,,,,Balance-inferred context is not an independent measurement.,cheq_canon_00124,
Bottinger2008_state_032|MEA,speciation,Bottinger2008,data/reference/MEA/observations/liquid_speciation/Bottinger_2007_ChEq.csv,32,MEA,293.15,0.3,0.235,,,,,,,not_reported,balance_inferred,canonical_eligible,canonical_eligible,inferred_not_independent,no,Bottinger2008|w=0.3|T=20,,,,The independently reported MEA + MEAH+ aggregate is used instead of its correlated constituent values.,,
Bottinger2008_state_032|MEAH+,speciation,Bottinger2008,data/reference/MEA/observations/liquid_speciation/Bottinger_2007_ChEq.csv,32,MEAH+,293.15,0.3,0.235,,,,,,,not_reported,balance_inferred,canonical_eligible,canonical_eligible,inferred_not_independent,no,Bottinger2008|w=0.3|T=20,,,,The independently reported MEA + MEAH+ aggregate is used instead of its correlated constituent values.,,
Bottinger2008_state_032|MEACOO-,speciation,Bottinger2008,data/reference/MEA/observations/liquid_speciation/Bottinger_2007_ChEq.csv,32,MEACOO-,293.15,0.3,0.235,0.0267,mole_fraction,0.0267,mole_fraction,,,not_reported,direct_positive,canonical_eligible,canonical_eligible,direct_measurement,yes,Bottinger2008|w=0.3|T=20,,,,Positive source observation admitted by the Gate 0 v2 contract.,cheq_canon_00126,
Bottinger2008_state_032|HCO3-,speciation,Bottinger2008,data/reference/MEA/observations/liquid_speciation/Bottinger_2007_ChEq.csv,32,HCO3-,293.15,0.3,0.235,0,,0,mole_fraction,,,not_reported,balance_inferred,canonical_eligible,canonical_eligible,inferred_not_independent,no,Bottinger2008|w=0.3|T=20,,,,Balance-inferred context is not an independent measurement.,cheq_canon_00127,"{""HCO3-"":1.0,""CO3^2-"":1.0}"
Bottinger2008_state_032|CO3^2-,speciation,Bottinger2008,data/reference/MEA/observations/liquid_speciation/Bottinger_2007_ChEq.csv,32,CO3^2-,293.15,0.3,0.235,,,,,,,not_reported,balance_inferred,canonical_eligible,canonical_eligible,inferred_not_independent,no,Bottinger2008|w=0.3|T=20,,,,Balance-inferred context is not an independent measurement.,,
Bottinger2008_state_032|H3O+,speciation,Bottinger2008,data/reference/MEA/observations/liquid_speciation/Bottinger_2007_ChEq.csv,32,H3O+,293.15,0.3,0.235,,,,,,,not_reported,balance_inferred,canonical_eligible,canonical_eligible,inferred_not_independent,no,Bottinger2008|w=0.3|T=20,,,,Balance-inferred context is not an independent measurement.,,
Bottinger2008_state_032|OH-,speciation,Bottinger2008,data/reference/MEA/observations/liquid_speciation/Bottinger_2007_ChEq.csv,32,OH-,293.15,0.3,0.235,,,,,,,not_reported,balance_inferred,canonical_eligible,canonical_eligible,inferred_not_independent,no,Bottinger2008|w=0.3|T=20,,,,Balance-inferred context is not an independent measurement.,,
Bottinger2008_state_032|MEA + MEAH+,speciation,Bottinger2008,data/reference/MEA/observations/liquid_speciation/Bottinger_2007_ChEq.csv,32,MEA + MEAH+,293.15,0.3,0.235,0.0871,mole_fraction,0.0871,mole_fraction,,,not_reported,aggregate_direct_positive,canonical_eligible,canonical_eligible,aggregate_measurement,yes,Bottinger2008|w=0.3|T=20,,,,Positive source observation admitted by the Gate 0 v2 contract.,cheq_canon_00125,"{""MEA"":1.0,""MEAH+"":1.0}"
Bottinger2008_state_033|CO2,speciation,Bottinger2008,data/reference/MEA/observations/liquid_speciation/Bottinger_2007_ChEq.csv,33,CO2,293.15,0.3,0.309,0,,0,mole_fraction,,,not_reported,balance_inferred,canonical_eligible,canonical_eligible,inferred_not_independent,no,Bottinger2008|w=0.3|T=20,,,,Balance-inferred context is not an independent measurement.,cheq_canon_00128,
Bottinger2008_state_033|MEA,speciation,Bottinger2008,data/reference/MEA/observations/liquid_speciation/Bottinger_2007_ChEq.csv,33,MEA,293.15,0.3,0.309,,,,,,,not_reported,balance_inferred,canonical_eligible,canonical_eligible,inferred_not_independent,no,Bottinger2008|w=0.3|T=20,,,,The independently reported MEA + MEAH+ aggregate is used instead of its correlated constituent values.,,
Bottinger2008_state_033|MEAH+,speciation,Bottinger2008,data/reference/MEA/observations/liquid_speciation/Bottinger_2007_ChEq.csv,33,MEAH+,293.15,0.3,0.309,,,,,,,not_reported,balance_inferred,canonical_eligible,canonical_eligible,inferred_not_independent,no,Bottinger2008|w=0.3|T=20,,,,The independently reported MEA + MEAH+ aggregate is used instead of its correlated constituent values.,,
Bottinger2008_state_033|MEACOO-,speciation,Bottinger2008,data/reference/MEA/observations/liquid_speciation/Bottinger_2007_ChEq.csv,33,MEACOO-,293.15,0.3,0.309,0.0349,mole_fraction,0.0349,mole_fraction,,,not_reported,direct_positive,canonical_eligible,canonical_eligible,direct_measurement,yes,Bottinger2008|w=0.3|T=20,,,,Positive source observation admitted by the Gate 0 v2 contract.,cheq_canon_00130,
Bottinger2008_state_033|HCO3-,speciation,Bottinger2008,data/reference/MEA/observations/liquid_speciation/Bottinger_2007_ChEq.csv,33,HCO3-,293.15,0.3,0.309,0,,0,mole_fraction,,,not_reported,balance_inferred,canonical_eligible,canonical_eligible,inferred_not_independent,no,Bottinger2008|w=0.3|T=20,,,,Balance-inferred context is not an independent measurement.,cheq_canon_00131,"{""HCO3-"":1.0,""CO3^2-"":1.0}"
Bottinger2008_state_033|CO3^2-,speciation,Bottinger2008,data/reference/MEA/observations/liquid_speciation/Bottinger_2007_ChEq.csv,33,CO3^2-,293.15,0.3,0.309,,,,,,,not_reported,balance_inferred,canonical_eligible,canonical_eligible,inferred_not_independent,no,Bottinger2008|w=0.3|T=20,,,,Balance-inferred context is not an independent measurement.,,
Bottinger2008_state_033|H3O+,speciation,Bottinger2008,data/reference/MEA/observations/liquid_speciation/Bottinger_2007_ChEq.csv,33,H3O+,293.15,0.3,0.309,,,,,,,not_reported,balance_inferred,canonical_eligible,canonical_eligible,inferred_not_independent,no,Bottinger2008|w=0.3|T=20,,,,Balance-inferred context is not an independent measurement.,,
Bottinger2008_state_033|OH-,speciation,Bottinger2008,data/reference/MEA/observations/liquid_speciation/Bottinger_2007_ChEq.csv,33,OH-,293.15,0.3,0.309,,,,,,,not_reported,balance_inferred,canonical_eligible,canonical_eligible,inferred_not_independent,no,Bottinger2008|w=0.3|T=20,,,,Balance-inferred context is not an independent measurement.,,
Bottinger2008_state_033|MEA + MEAH+,speciation,Bottinger2008,data/reference/MEA/observations/liquid_speciation/Bottinger_2007_ChEq.csv,33,MEA + MEAH+,293.15,0.3,0.309,0.078,mole_fraction,0.078,mole_fraction,,,not_reported,aggregate_direct_positive,canonical_eligible,canonical_eligible,aggregate_measurement,yes,Bottinger2008|w=0.3|T=20,,,,Positive source observation admitted by the Gate 0 v2 contract.,cheq_canon_00129,"{""MEA"":1.0,""MEAH+"":1.0}"
Bottinger2008_state_034|CO2,speciation,Bottinger2008,data/reference/MEA/observations/liquid_speciation/Bottinger_2007_ChEq.csv,34,CO2,293.15,0.3,0.388,0,,0,mole_fraction,,,not_reported,balance_inferred,canonical_eligible,canonical_eligible,inferred_not_independent,no,Bottinger2008|w=0.3|T=20,,,,Balance-inferred context is not an independent measurement.,cheq_canon_00132,
Bottinger2008_state_034|MEA,speciation,Bottinger2008,data/reference/MEA/observations/liquid_speciation/Bottinger_2007_ChEq.csv,34,MEA,293.15,0.3,0.388,,,,,,,not_reported,balance_inferred,canonical_eligible,canonical_eligible,inferred_not_independent,no,Bottinger2008|w=0.3|T=20,,,,The independently reported MEA + MEAH+ aggregate is used instead of its correlated constituent values.,,
Bottinger2008_state_034|MEAH+,speciation,Bottinger2008,data/reference/MEA/observations/liquid_speciation/Bottinger_2007_ChEq.csv,34,MEAH+,293.15,0.3,0.388,,,,,,,not_reported,balance_inferred,canonical_eligible,canonical_eligible,inferred_not_independent,no,Bottinger2008|w=0.3|T=20,,,,The independently reported MEA + MEAH+ aggregate is used instead of its correlated constituent values.,,
Bottinger2008_state_034|MEACOO-,speciation,Bottinger2008,data/reference/MEA/observations/liquid_speciation/Bottinger_2007_ChEq.csv,34,MEACOO-,293.15,0.3,0.388,0.043,mole_fraction,0.043,mole_fraction,,,not_reported,direct_positive,canonical_eligible,canonical_eligible,direct_measurement,yes,Bottinger2008|w=0.3|T=20,,,,Positive source observation admitted by the Gate 0 v2 contract.,cheq_canon_00134,
Bottinger2008_state_034|HCO3-,speciation,Bottinger2008,data/reference/MEA/observations/liquid_speciation/Bottinger_2007_ChEq.csv,34,HCO3-,293.15,0.3,0.388,0,,0,mole_fraction,,,not_reported,balance_inferred,canonical_eligible,canonical_eligible,inferred_not_independent,no,Bottinger2008|w=0.3|T=20,,,,Balance-inferred context is not an independent measurement.,cheq_canon_00135,"{""HCO3-"":1.0,""CO3^2-"":1.0}"
Bottinger2008_state_034|CO3^2-,speciation,Bottinger2008,data/reference/MEA/observations/liquid_speciation/Bottinger_2007_ChEq.csv,34,CO3^2-,293.15,0.3,0.388,,,,,,,not_reported,balance_inferred,canonical_eligible,canonical_eligible,inferred_not_independent,no,Bottinger2008|w=0.3|T=20,,,,Balance-inferred context is not an independent measurement.,,
Bottinger2008_state_034|H3O+,speciation,Bottinger2008,data/reference/MEA/observations/liquid_speciation/Bottinger_2007_ChEq.csv,34,H3O+,293.15,0.3,0.388,,,,,,,not_reported,balance_inferred,canonical_eligible,canonical_eligible,inferred_not_independent,no,Bottinger2008|w=0.3|T=20,,,,Balance-inferred context is not an independent measurement.,,
Bottinger2008_state_034|OH-,speciation,Bottinger2008,data/reference/MEA/observations/liquid_speciation/Bottinger_2007_ChEq.csv,34,OH-,293.15,0.3,0.388,,,,,,,not_reported,balance_inferred,canonical_eligible,canonical_eligible,inferred_not_independent,no,Bottinger2008|w=0.3|T=20,,,,Balance-inferred context is not an independent measurement.,,
Bottinger2008_state_034|MEA + MEAH+,speciation,Bottinger2008,data/reference/MEA/observations/liquid_speciation/Bottinger_2007_ChEq.csv,34,MEA + MEAH+,293.15,0.3,0.388,0.0678,mole_fraction,0.0678,mole_fraction,,,not_reported,aggregate_direct_positive,canonical_eligible,canonical_eligible,aggregate_measurement,yes,Bottinger2008|w=0.3|T=20,,,,Positive source observation admitted by the Gate 0 v2 contract.,cheq_canon_00133,"{""MEA"":1.0,""MEAH+"":1.0}"
Bottinger2008_state_035|CO2,speciation,Bottinger2008,data/reference/MEA/observations/liquid_speciation/Bottinger_2007_ChEq.csv,35,CO2,293.15,0.3,0.474,0,,0,mole_fraction,,,not_reported,balance_inferred,canonical_eligible,canonical_eligible,inferred_not_independent,no,Bottinger2008|w=0.3|T=20,,,,Balance-inferred context is not an independent measurement.,cheq_canon_00136,
Bottinger2008_state_035|MEA,speciation,Bottinger2008,data/reference/MEA/observations/liquid_speciation/Bottinger_2007_ChEq.csv,35,MEA,293.15,0.3,0.474,,,,,,,not_reported,balance_inferred,canonical_eligible,canonical_eligible,inferred_not_independent,no,Bottinger2008|w=0.3|T=20,,,,The independently reported MEA + MEAH+ aggregate is used instead of its correlated constituent values.,,
Bottinger2008_state_035|MEAH+,speciation,Bottinger2008,data/reference/MEA/observations/liquid_speciation/Bottinger_2007_ChEq.csv,35,MEAH+,293.15,0.3,0.474,,,,,,,not_reported,balance_inferred,canonical_eligible,canonical_eligible,inferred_not_independent,no,Bottinger2008|w=0.3|T=20,,,,The independently reported MEA + MEAH+ aggregate is used instead of its correlated constituent values.,,
Bottinger2008_state_035|MEACOO-,speciation,Bottinger2008,data/reference/MEA/observations/liquid_speciation/Bottinger_2007_ChEq.csv,35,MEACOO-,293.15,0.3,0.474,0.0493,mole_fraction,0.0493,mole_fraction,,,not_reported,direct_positive,canonical_eligible,canonical_eligible,direct_measurement,yes,Bottinger2008|w=0.3|T=20,,,,Positive source observation admitted by the Gate 0 v2 contract.,cheq_canon_00138,
Bottinger2008_state_035|HCO3-,speciation,Bottinger2008,data/reference/MEA/observations/liquid_speciation/Bottinger_2007_ChEq.csv,35,HCO3-,293.15,0.3,0.474,0,,0,mole_fraction,,,not_reported,balance_inferred,canonical_eligible,canonical_eligible,inferred_not_independent,no,Bottinger2008|w=0.3|T=20,,,,Balance-inferred context is not an independent measurement.,cheq_canon_00139,"{""HCO3-"":1.0,""CO3^2-"":1.0}"
Bottinger2008_state_035|CO3^2-,speciation,Bottinger2008,data/reference/MEA/observations/liquid_speciation/Bottinger_2007_ChEq.csv,35,CO3^2-,293.15,0.3,0.474,,,,,,,not_reported,balance_inferred,canonical_eligible,canonical_eligible,inferred_not_independent,no,Bottinger2008|w=0.3|T=20,,,,Balance-inferred context is not an independent measurement.,,
Bottinger2008_state_035|H3O+,speciation,Bottinger2008,data/reference/MEA/observations/liquid_speciation/Bottinger_2007_ChEq.csv,35,H3O+,293.15,0.3,0.474,,,,,,,not_reported,balance_inferred,canonical_eligible,canonical_eligible,inferred_not_independent,no,Bottinger2008|w=0.3|T=20,,,,Balance-inferred context is not an independent measurement.,,
Bottinger2008_state_035|OH-,speciation,Bottinger2008,data/reference/MEA/observations/liquid_speciation/Bottinger_2007_ChEq.csv,35,OH-,293.15,0.3,0.474,,,,,,,not_reported,balance_inferred,canonical_eligible,canonical_eligible,inferred_not_independent,no,Bottinger2008|w=0.3|T=20,,,,Balance-inferred context is not an independent measurement.,,
Bottinger2008_state_035|MEA + MEAH+,speciation,Bottinger2008,data/reference/MEA/observations/liquid_speciation/Bottinger_2007_ChEq.csv,35,MEA + MEAH+,293.15,0.3,0.474,0.062,mole_fraction,0.062,mole_fraction,,,not_reported,aggregate_direct_positive,canonical_eligible,canonical_eligible,aggregate_measurement,yes,Bottinger2008|w=0.3|T=20,,,,Positive source observation admitted by the Gate 0 v2 contract.,cheq_canon_00137,"{""MEA"":1.0,""MEAH+"":1.0}"
Bottinger2008_state_036|CO2,speciation,Bottinger2008,data/reference/MEA/observations/liquid_speciation/Bottinger_2007_ChEq.csv,36,CO2,293.15,0.3,0.524,0,,0,mole_fraction,,,not_reported,balance_inferred,canonical_eligible,canonical_eligible,inferred_not_independent,no,Bottinger2008|w=0.3|T=20,,,,Balance-inferred context is not an independent measurement.,cheq_canon_00140,
Bottinger2008_state_036|MEA,speciation,Bottinger2008,data/reference/MEA/observations/liquid_speciation/Bottinger_2007_ChEq.csv,36,MEA,293.15,0.3,0.524,,,,,,,not_reported,balance_inferred,canonical_eligible,canonical_eligible,inferred_not_independent,no,Bottinger2008|w=0.3|T=20,,,,The independently reported MEA + MEAH+ aggregate is used instead of its correlated constituent values.,,
Bottinger2008_state_036|MEAH+,speciation,Bottinger2008,data/reference/MEA/observations/liquid_speciation/Bottinger_2007_ChEq.csv,36,MEAH+,293.15,0.3,0.524,,,,,,,not_reported,balance_inferred,canonical_eligible,canonical_eligible,inferred_not_independent,no,Bottinger2008|w=0.3|T=20,,,,The independently reported MEA + MEAH+ aggregate is used instead of its correlated constituent values.,,
Bottinger2008_state_036|MEACOO-,speciation,Bottinger2008,data/reference/MEA/observations/liquid_speciation/Bottinger_2007_ChEq.csv,36,MEACOO-,293.15,0.3,0.524,0.0467,mole_fraction,0.0467,mole_fraction,,,not_reported,direct_positive,canonical_eligible,canonical_eligible,contextual,no,Bottinger2008|w=0.3|T=20,,,,Böttinger reports quantifiable 2-oxazolidone above about 0.5 mol CO2/mol MEA; the nine-species model omits that byproduct.,cheq_canon_00142,
Bottinger2008_state_036|HCO3-,speciation,Bottinger2008,data/reference/MEA/observations/liquid_speciation/Bottinger_2007_ChEq.csv,36,HCO3-,293.15,0.3,0.524,0.0106,mole_fraction,0.0106,mole_fraction,,,not_reported,direct_positive,canonical_eligible,canonical_eligible,contextual,no,Bottinger2008|w=0.3|T=20,,,,Böttinger reports quantifiable 2-oxazolidone above about 0.5 mol CO2/mol MEA; the nine-species model omits that byproduct.,cheq_canon_00143,"{""HCO3-"":1.0,""CO3^2-"":1.0}"
Bottinger2008_state_036|CO3^2-,speciation,Bottinger2008,data/reference/MEA/observations/liquid_speciation/Bottinger_2007_ChEq.csv,36,CO3^2-,293.15,0.3,0.524,,,,,,,not_reported,balance_inferred,canonical_eligible,canonical_eligible,inferred_not_independent,no,Bottinger2008|w=0.3|T=20,,,,Balance-inferred context is not an independent measurement.,,
Bottinger2008_state_036|H3O+,speciation,Bottinger2008,data/reference/MEA/observations/liquid_speciation/Bottinger_2007_ChEq.csv,36,H3O+,293.15,0.3,0.524,,,,,,,not_reported,balance_inferred,canonical_eligible,canonical_eligible,inferred_not_independent,no,Bottinger2008|w=0.3|T=20,,,,Balance-inferred context is not an independent measurement.,,
Bottinger2008_state_036|OH-,speciation,Bottinger2008,data/reference/MEA/observations/liquid_speciation/Bottinger_2007_ChEq.csv,36,OH-,293.15,0.3,0.524,,,,,,,not_reported,balance_inferred,canonical_eligible,canonical_eligible,inferred_not_independent,no,Bottinger2008|w=0.3|T=20,,,,Balance-inferred context is not an independent measurement.,,
Bottinger2008_state_036|MEA + MEAH+,speciation,Bottinger2008,data/reference/MEA/observations/liquid_speciation/Bottinger_2007_ChEq.csv,36,MEA + MEAH+,293.15,0.3,0.524,0.0637,mole_fraction,0.0637,mole_fraction,,,not_reported,aggregate_direct_positive,canonical_eligible,canonical_eligible,contextual,no,Bottinger2008|w=0.3|T=20,,,,Böttinger reports quantifiable 2-oxazolidone above about 0.5 mol CO2/mol MEA; the nine-species model omits that byproduct.,cheq_canon_00141,"{""MEA"":1.0,""MEAH+"":1.0}"
Bottinger2008_state_037|CO2,speciation,Bottinger2008,data/reference/MEA/observations/liquid_speciation/Bottinger_2007_ChEq.csv,37,CO2,293.15,0.3,0.609,0,,0,mole_fraction,,,not_reported,balance_inferred,canonical_eligible,canonical_eligible,inferred_not_independent,no,Bottinger2008|w=0.3|T=20,,,,Balance-inferred context is not an independent measurement.,cheq_canon_00144,
Bottinger2008_state_037|MEA,speciation,Bottinger2008,data/reference/MEA/observations/liquid_speciation/Bottinger_2007_ChEq.csv,37,MEA,293.15,0.3,0.609,,,,,,,not_reported,balance_inferred,canonical_eligible,canonical_eligible,inferred_not_independent,no,Bottinger2008|w=0.3|T=20,,,,The independently reported MEA + MEAH+ aggregate is used instead of its correlated constituent values.,,
Bottinger2008_state_037|MEAH+,speciation,Bottinger2008,data/reference/MEA/observations/liquid_speciation/Bottinger_2007_ChEq.csv,37,MEAH+,293.15,0.3,0.609,,,,,,,not_reported,balance_inferred,canonical_eligible,canonical_eligible,inferred_not_independent,no,Bottinger2008|w=0.3|T=20,,,,The independently reported MEA + MEAH+ aggregate is used instead of its correlated constituent values.,,
Bottinger2008_state_037|MEACOO-,speciation,Bottinger2008,data/reference/MEA/observations/liquid_speciation/Bottinger_2007_ChEq.csv,37,MEACOO-,293.15,0.3,0.609,0.04,mole_fraction,0.04,mole_fraction,,,not_reported,direct_positive,canonical_eligible,canonical_eligible,contextual,no,Bottinger2008|w=0.3|T=20,,,,Böttinger reports quantifiable 2-oxazolidone above about 0.5 mol CO2/mol MEA; the nine-species model omits that byproduct.,cheq_canon_00146,
Bottinger2008_state_037|HCO3-,speciation,Bottinger2008,data/reference/MEA/observations/liquid_speciation/Bottinger_2007_ChEq.csv,37,HCO3-,293.15,0.3,0.609,0.0254,mole_fraction,0.0254,mole_fraction,,,not_reported,direct_positive,canonical_eligible,canonical_eligible,contextual,no,Bottinger2008|w=0.3|T=20,,,,Böttinger reports quantifiable 2-oxazolidone above about 0.5 mol CO2/mol MEA; the nine-species model omits that byproduct.,cheq_canon_00147,"{""HCO3-"":1.0,""CO3^2-"":1.0}"
Bottinger2008_state_037|CO3^2-,speciation,Bottinger2008,data/reference/MEA/observations/liquid_speciation/Bottinger_2007_ChEq.csv,37,CO3^2-,293.15,0.3,0.609,,,,,,,not_reported,balance_inferred,canonical_eligible,canonical_eligible,inferred_not_independent,no,Bottinger2008|w=0.3|T=20,,,,Balance-inferred context is not an independent measurement.,,
Bottinger2008_state_037|H3O+,speciation,Bottinger2008,data/reference/MEA/observations/liquid_speciation/Bottinger_2007_ChEq.csv,37,H3O+,293.15,0.3,0.609,,,,,,,not_reported,balance_inferred,canonical_eligible,canonical_eligible,inferred_not_independent,no,Bottinger2008|w=0.3|T=20,,,,Balance-inferred context is not an independent measurement.,,
Bottinger2008_state_037|OH-,speciation,Bottinger2008,data/reference/MEA/observations/liquid_speciation/Bottinger_2007_ChEq.csv,37,OH-,293.15,0.3,0.609,,,,,,,not_reported,balance_inferred,canonical_eligible,canonical_eligible,inferred_not_independent,no,Bottinger2008|w=0.3|T=20,,,,Balance-inferred context is not an independent measurement.,,
Bottinger2008_state_037|MEA + MEAH+,speciation,Bottinger2008,data/reference/MEA/observations/liquid_speciation/Bottinger_2007_ChEq.csv,37,MEA + MEAH+,293.15,0.3,0.609,0.0696,mole_fraction,0.0696,mole_fraction,,,not_reported,aggregate_direct_positive,canonical_eligible,canonical_eligible,contextual,no,Bottinger2008|w=0.3|T=20,,,,Böttinger reports quantifiable 2-oxazolidone above about 0.5 mol CO2/mol MEA; the nine-species model omits that byproduct.,cheq_canon_00145,"{""MEA"":1.0,""MEAH+"":1.0}"
Bottinger2008_state_038|CO2,speciation,Bottinger2008,data/reference/MEA/observations/liquid_speciation/Bottinger_2007_ChEq.csv,38,CO2,293.15,0.3,0.704,0,,0,mole_fraction,,,not_reported,balance_inferred,canonical_eligible,canonical_eligible,inferred_not_independent,no,Bottinger2008|w=0.3|T=20,,,,Balance-inferred context is not an independent measurement.,cheq_canon_00148,
Bottinger2008_state_038|MEA,speciation,Bottinger2008,data/reference/MEA/observations/liquid_speciation/Bottinger_2007_ChEq.csv,38,MEA,293.15,0.3,0.704,,,,,,,not_reported,balance_inferred,canonical_eligible,canonical_eligible,inferred_not_independent,no,Bottinger2008|w=0.3|T=20,,,,The independently reported MEA + MEAH+ aggregate is used instead of its correlated constituent values.,,
Bottinger2008_state_038|MEAH+,speciation,Bottinger2008,data/reference/MEA/observations/liquid_speciation/Bottinger_2007_ChEq.csv,38,MEAH+,293.15,0.3,0.704,,,,,,,not_reported,balance_inferred,canonical_eligible,canonical_eligible,inferred_not_independent,no,Bottinger2008|w=0.3|T=20,,,,The independently reported MEA + MEAH+ aggregate is used instead of its correlated constituent values.,,
Bottinger2008_state_038|MEACOO-,speciation,Bottinger2008,data/reference/MEA/observations/liquid_speciation/Bottinger_2007_ChEq.csv,38,MEACOO-,293.15,0.3,0.704,0.0324,mole_fraction,0.0324,mole_fraction,,,not_reported,direct_positive,canonical_eligible,canonical_eligible,contextual,no,Bottinger2008|w=0.3|T=20,,,,Böttinger reports quantifiable 2-oxazolidone above about 0.5 mol CO2/mol MEA; the nine-species model omits that byproduct.,cheq_canon_00150,
Bottinger2008_state_038|HCO3-,speciation,Bottinger2008,data/reference/MEA/observations/liquid_speciation/Bottinger_2007_ChEq.csv,38,HCO3-,293.15,0.3,0.704,0.041,mole_fraction,0.041,mole_fraction,,,not_reported,direct_positive,canonical_eligible,canonical_eligible,contextual,no,Bottinger2008|w=0.3|T=20,,,,Böttinger reports quantifiable 2-oxazolidone above about 0.5 mol CO2/mol MEA; the nine-species model omits that byproduct.,cheq_canon_00151,"{""HCO3-"":1.0,""CO3^2-"":1.0}"
Bottinger2008_state_038|CO3^2-,speciation,Bottinger2008,data/reference/MEA/observations/liquid_speciation/Bottinger_2007_ChEq.csv,38,CO3^2-,293.15,0.3,0.704,,,,,,,not_reported,balance_inferred,canonical_eligible,canonical_eligible,inferred_not_independent,no,Bottinger2008|w=0.3|T=20,,,,Balance-inferred context is not an independent measurement.,,
Bottinger2008_state_038|H3O+,speciation,Bottinger2008,data/reference/MEA/observations/liquid_speciation/Bottinger_2007_ChEq.csv,38,H3O+,293.15,0.3,0.704,,,,,,,not_reported,balance_inferred,canonical_eligible,canonical_eligible,inferred_not_independent,no,Bottinger2008|w=0.3|T=20,,,,Balance-inferred context is not an independent measurement.,,
Bottinger2008_state_038|OH-,speciation,Bottinger2008,data/reference/MEA/observations/liquid_speciation/Bottinger_2007_ChEq.csv,38,OH-,293.15,0.3,0.704,,,,,,,not_reported,balance_inferred,canonical_eligible,canonical_eligible,inferred_not_independent,no,Bottinger2008|w=0.3|T=20,,,,Balance-inferred context is not an independent measurement.,,
Bottinger2008_state_038|MEA + MEAH+,speciation,Bottinger2008,data/reference/MEA/observations/liquid_speciation/Bottinger_2007_ChEq.csv,38,MEA + MEAH+,293.15,0.3,0.704,0.0747,mole_fraction,0.0747,mole_fraction,,,not_reported,aggregate_direct_positive,canonical_eligible,canonical_eligible,contextual,no,Bottinger2008|w=0.3|T=20,,,,Böttinger reports quantifiable 2-oxazolidone above about 0.5 mol CO2/mol MEA; the nine-species model omits that byproduct.,cheq_canon_00149,"{""MEA"":1.0,""MEAH+"":1.0}"
Bottinger2008_state_039|CO2,speciation,Bottinger2008,data/reference/MEA/observations/liquid_speciation/Bottinger_2007_ChEq.csv,39,CO2,293.15,0.3,0.832,0,,0,mole_fraction,,,not_reported,balance_inferred,canonical_eligible,canonical_eligible,inferred_not_independent,no,Bottinger2008|w=0.3|T=20,,,,Balance-inferred context is not an independent measurement.,cheq_canon_00152,
Bottinger2008_state_039|MEA,speciation,Bottinger2008,data/reference/MEA/observations/liquid_speciation/Bottinger_2007_ChEq.csv,39,MEA,293.15,0.3,0.832,,,,,,,not_reported,balance_inferred,canonical_eligible,canonical_eligible,inferred_not_independent,no,Bottinger2008|w=0.3|T=20,,,,The independently reported MEA + MEAH+ aggregate is used instead of its correlated constituent values.,,
Bottinger2008_state_039|MEAH+,speciation,Bottinger2008,data/reference/MEA/observations/liquid_speciation/Bottinger_2007_ChEq.csv,39,MEAH+,293.15,0.3,0.832,,,,,,,not_reported,balance_inferred,canonical_eligible,canonical_eligible,inferred_not_independent,no,Bottinger2008|w=0.3|T=20,,,,The independently reported MEA + MEAH+ aggregate is used instead of its correlated constituent values.,,
Bottinger2008_state_039|MEACOO-,speciation,Bottinger2008,data/reference/MEA/observations/liquid_speciation/Bottinger_2007_ChEq.csv,39,MEACOO-,293.15,0.3,0.832,0.0198,mole_fraction,0.0198,mole_fraction,,,not_reported,direct_positive,canonical_eligible,canonical_eligible,contextual,no,Bottinger2008|w=0.3|T=20,,,,Böttinger reports quantifiable 2-oxazolidone above about 0.5 mol CO2/mol MEA; the nine-species model omits that byproduct.,cheq_canon_00154,
Bottinger2008_state_039|HCO3-,speciation,Bottinger2008,data/reference/MEA/observations/liquid_speciation/Bottinger_2007_ChEq.csv,39,HCO3-,293.15,0.3,0.832,0.0625,mole_fraction,0.0625,mole_fraction,,,not_reported,direct_positive,canonical_eligible,canonical_eligible,contextual,no,Bottinger2008|w=0.3|T=20,,,,Böttinger reports quantifiable 2-oxazolidone above about 0.5 mol CO2/mol MEA; the nine-species model omits that byproduct.,cheq_canon_00155,"{""HCO3-"":1.0,""CO3^2-"":1.0}"
Bottinger2008_state_039|CO3^2-,speciation,Bottinger2008,data/reference/MEA/observations/liquid_speciation/Bottinger_2007_ChEq.csv,39,CO3^2-,293.15,0.3,0.832,,,,,,,not_reported,balance_inferred,canonical_eligible,canonical_eligible,inferred_not_independent,no,Bottinger2008|w=0.3|T=20,,,,Balance-inferred context is not an independent measurement.,,
Bottinger2008_state_039|H3O+,speciation,Bottinger2008,data/reference/MEA/observations/liquid_speciation/Bottinger_2007_ChEq.csv,39,H3O+,293.15,0.3,0.832,,,,,,,not_reported,balance_inferred,canonical_eligible,canonical_eligible,inferred_not_independent,no,Bottinger2008|w=0.3|T=20,,,,Balance-inferred context is not an independent measurement.,,
Bottinger2008_state_039|OH-,speciation,Bottinger2008,data/reference/MEA/observations/liquid_speciation/Bottinger_2007_ChEq.csv,39,OH-,293.15,0.3,0.832,,,,,,,not_reported,balance_inferred,canonical_eligible,canonical_eligible,inferred_not_independent,no,Bottinger2008|w=0.3|T=20,,,,Balance-inferred context is not an independent measurement.,,
Bottinger2008_state_039|MEA + MEAH+,speciation,Bottinger2008,data/reference/MEA/observations/liquid_speciation/Bottinger_2007_ChEq.csv,39,MEA + MEAH+,293.15,0.3,0.832,0.0835,mole_fraction,0.0835,mole_fraction,,,not_reported,aggregate_direct_positive,canonical_eligible,canonical_eligible,contextual,no,Bottinger2008|w=0.3|T=20,,,,Böttinger reports quantifiable 2-oxazolidone above about 0.5 mol CO2/mol MEA; the nine-species model omits that byproduct.,cheq_canon_00153,"{""MEA"":1.0,""MEAH+"":1.0}"
Bottinger2008_state_040|CO2,speciation,Bottinger2008,data/reference/MEA/observations/liquid_speciation/Bottinger_2007_ChEq.csv,40,CO2,293.15,0.3,0.929,0.0046,mole_fraction,0.0046,mole_fraction,,,not_reported,direct_positive,canonical_eligible,canonical_eligible,contextual,no,Bottinger2008|w=0.3|T=20,,,,Böttinger reports quantifiable 2-oxazolidone above about 0.5 mol CO2/mol MEA; the nine-species model omits that byproduct.,cheq_canon_00156,
Bottinger2008_state_040|MEA,speciation,Bottinger2008,data/reference/MEA/observations/liquid_speciation/Bottinger_2007_ChEq.csv,40,MEA,293.15,0.3,0.929,,,,,,,not_reported,balance_inferred,canonical_eligible,canonical_eligible,inferred_not_independent,no,Bottinger2008|w=0.3|T=20,,,,The independently reported MEA + MEAH+ aggregate is used instead of its correlated constituent values.,,
Bottinger2008_state_040|MEAH+,speciation,Bottinger2008,data/reference/MEA/observations/liquid_speciation/Bottinger_2007_ChEq.csv,40,MEAH+,293.15,0.3,0.929,,,,,,,not_reported,balance_inferred,canonical_eligible,canonical_eligible,inferred_not_independent,no,Bottinger2008|w=0.3|T=20,,,,The independently reported MEA + MEAH+ aggregate is used instead of its correlated constituent values.,,
Bottinger2008_state_040|MEACOO-,speciation,Bottinger2008,data/reference/MEA/observations/liquid_speciation/Bottinger_2007_ChEq.csv,40,MEACOO-,293.15,0.3,0.929,0.0118,mole_fraction,0.0118,mole_fraction,,,not_reported,direct_positive,canonical_eligible,canonical_eligible,contextual,no,Bottinger2008|w=0.3|T=20,,,,Böttinger reports quantifiable 2-oxazolidone above about 0.5 mol CO2/mol MEA; the nine-species model omits that byproduct.,cheq_canon_00158,
Bottinger2008_state_040|HCO3-,speciation,Bottinger2008,data/reference/MEA/observations/liquid_speciation/Bottinger_2007_ChEq.csv,40,HCO3-,293.15,0.3,0.929,0.0785,mole_fraction,0.0785,mole_fraction,,,not_reported,direct_positive,canonical_eligible,canonical_eligible,contextual,no,Bottinger2008|w=0.3|T=20,,,,Böttinger reports quantifiable 2-oxazolidone above about 0.5 mol CO2/mol MEA; the nine-species model omits that byproduct.,cheq_canon_00159,"{""HCO3-"":1.0,""CO3^2-"":1.0}"
Bottinger2008_state_040|CO3^2-,speciation,Bottinger2008,data/reference/MEA/observations/liquid_speciation/Bottinger_2007_ChEq.csv,40,CO3^2-,293.15,0.3,0.929,,,,,,,not_reported,balance_inferred,canonical_eligible,canonical_eligible,inferred_not_independent,no,Bottinger2008|w=0.3|T=20,,,,Balance-inferred context is not an independent measurement.,,
Bottinger2008_state_040|H3O+,speciation,Bottinger2008,data/reference/MEA/observations/liquid_speciation/Bottinger_2007_ChEq.csv,40,H3O+,293.15,0.3,0.929,,,,,,,not_reported,balance_inferred,canonical_eligible,canonical_eligible,inferred_not_independent,no,Bottinger2008|w=0.3|T=20,,,,Balance-inferred context is not an independent measurement.,,
Bottinger2008_state_040|OH-,speciation,Bottinger2008,data/reference/MEA/observations/liquid_speciation/Bottinger_2007_ChEq.csv,40,OH-,293.15,0.3,0.929,,,,,,,not_reported,balance_inferred,canonical_eligible,canonical_eligible,inferred_not_independent,no,Bottinger2008|w=0.3|T=20,,,,Balance-inferred context is not an independent measurement.,,
Bottinger2008_state_040|MEA + MEAH+,speciation,Bottinger2008,data/reference/MEA/observations/liquid_speciation/Bottinger_2007_ChEq.csv,40,MEA + MEAH+,293.15,0.3,0.929,0.0883,mole_fraction,0.0883,mole_fraction,,,not_reported,aggregate_direct_positive,canonical_eligible,canonical_eligible,contextual,no,Bottinger2008|w=0.3|T=20,,,,Böttinger reports quantifiable 2-oxazolidone above about 0.5 mol CO2/mol MEA; the nine-species model omits that byproduct.,cheq_canon_00157,"{""MEA"":1.0,""MEAH+"":1.0}"
Bottinger2008_state_041|CO2,speciation,Bottinger2008,data/reference/MEA/observations/liquid_speciation/Bottinger_2007_ChEq.csv,41,CO2,293.15,0.3,0.974,0.0066,mole_fraction,0.0066,mole_fraction,,,not_reported,direct_positive,canonical_eligible,canonical_eligible,contextual,no,Bottinger2008|w=0.3|T=20,,,,Böttinger reports quantifiable 2-oxazolidone above about 0.5 mol CO2/mol MEA; the nine-species model omits that byproduct.,cheq_canon_00160,
Bottinger2008_state_041|MEA,speciation,Bottinger2008,data/reference/MEA/observations/liquid_speciation/Bottinger_2007_ChEq.csv,41,MEA,293.15,0.3,0.974,,,,,,,not_reported,balance_inferred,canonical_eligible,canonical_eligible,inferred_not_independent,no,Bottinger2008|w=0.3|T=20,,,,The independently reported MEA + MEAH+ aggregate is used instead of its correlated constituent values.,,
Bottinger2008_state_041|MEAH+,speciation,Bottinger2008,data/reference/MEA/observations/liquid_speciation/Bottinger_2007_ChEq.csv,41,MEAH+,293.15,0.3,0.974,,,,,,,not_reported,balance_inferred,canonical_eligible,canonical_eligible,inferred_not_independent,no,Bottinger2008|w=0.3|T=20,,,,The independently reported MEA + MEAH+ aggregate is used instead of its correlated constituent values.,,
Bottinger2008_state_041|MEACOO-,speciation,Bottinger2008,data/reference/MEA/observations/liquid_speciation/Bottinger_2007_ChEq.csv,41,MEACOO-,293.15,0.3,0.974,0.0114,mole_fraction,0.0114,mole_fraction,,,not_reported,direct_positive,canonical_eligible,canonical_eligible,contextual,no,Bottinger2008|w=0.3|T=20,,,,Böttinger reports quantifiable 2-oxazolidone above about 0.5 mol CO2/mol MEA; the nine-species model omits that byproduct.,cheq_canon_00162,
Bottinger2008_state_041|HCO3-,speciation,Bottinger2008,data/reference/MEA/observations/liquid_speciation/Bottinger_2007_ChEq.csv,41,HCO3-,293.15,0.3,0.974,0.0876,mole_fraction,0.0876,mole_fraction,,,not_reported,direct_positive,canonical_eligible,canonical_eligible,contextual,no,Bottinger2008|w=0.3|T=20,,,,Böttinger reports quantifiable 2-oxazolidone above about 0.5 mol CO2/mol MEA; the nine-species model omits that byproduct.,cheq_canon_00163,"{""HCO3-"":1.0,""CO3^2-"":1.0}"
Bottinger2008_state_041|CO3^2-,speciation,Bottinger2008,data/reference/MEA/observations/liquid_speciation/Bottinger_2007_ChEq.csv,41,CO3^2-,293.15,0.3,0.974,,,,,,,not_reported,balance_inferred,canonical_eligible,canonical_eligible,inferred_not_independent,no,Bottinger2008|w=0.3|T=20,,,,Balance-inferred context is not an independent measurement.,,
Bottinger2008_state_041|H3O+,speciation,Bottinger2008,data/reference/MEA/observations/liquid_speciation/Bottinger_2007_ChEq.csv,41,H3O+,293.15,0.3,0.974,,,,,,,not_reported,balance_inferred,canonical_eligible,canonical_eligible,inferred_not_independent,no,Bottinger2008|w=0.3|T=20,,,,Balance-inferred context is not an independent measurement.,,
Bottinger2008_state_041|OH-,speciation,Bottinger2008,data/reference/MEA/observations/liquid_speciation/Bottinger_2007_ChEq.csv,41,OH-,293.15,0.3,0.974,,,,,,,not_reported,balance_inferred,canonical_eligible,canonical_eligible,inferred_not_independent,no,Bottinger2008|w=0.3|T=20,,,,Balance-inferred context is not an independent measurement.,,
Bottinger2008_state_041|MEA + MEAH+,speciation,Bottinger2008,data/reference/MEA/observations/liquid_speciation/Bottinger_2007_ChEq.csv,41,MEA + MEAH+,293.15,0.3,0.974,0.0885,mole_fraction,0.0885,mole_fraction,,,not_reported,aggregate_direct_positive,canonical_eligible,canonical_eligible,contextual,no,Bottinger2008|w=0.3|T=20,,,,Böttinger reports quantifiable 2-oxazolidone above about 0.5 mol CO2/mol MEA; the nine-species model omits that byproduct.,cheq_canon_00161,"{""MEA"":1.0,""MEAH+"":1.0}"
Bottinger2008_state_042|CO2,speciation,Bottinger2008,data/reference/MEA/observations/liquid_speciation/Bottinger_2007_ChEq.csv,42,CO2,313.15,0.3,0.125,0,,0,mole_fraction,,,not_reported,balance_inferred,canonical_eligible,canonical_eligible,inferred_not_independent,no,Bottinger2008|w=0.3|T=40,,,,Balance-inferred context is not an independent measurement.,cheq_canon_00164,
Bottinger2008_state_042|MEA,speciation,Bottinger2008,data/reference/MEA/observations/liquid_speciation/Bottinger_2007_ChEq.csv,42,MEA,313.15,0.3,0.125,,,,,,,not_reported,balance_inferred,canonical_eligible,canonical_eligible,inferred_not_independent,no,Bottinger2008|w=0.3|T=40,,,,The independently reported MEA + MEAH+ aggregate is used instead of its correlated constituent values.,,
Bottinger2008_state_042|MEAH+,speciation,Bottinger2008,data/reference/MEA/observations/liquid_speciation/Bottinger_2007_ChEq.csv,42,MEAH+,313.15,0.3,0.125,,,,,,,not_reported,balance_inferred,canonical_eligible,canonical_eligible,inferred_not_independent,no,Bottinger2008|w=0.3|T=40,,,,The independently reported MEA + MEAH+ aggregate is used instead of its correlated constituent values.,,
Bottinger2008_state_042|MEACOO-,speciation,Bottinger2008,data/reference/MEA/observations/liquid_speciation/Bottinger_2007_ChEq.csv,42,MEACOO-,313.15,0.3,0.125,0.0144,mole_fraction,0.0144,mole_fraction,,,not_reported,direct_positive,canonical_eligible,canonical_eligible,direct_measurement,yes,Bottinger2008|w=0.3|T=40,,,,Positive source observation admitted by the Gate 0 v2 contract.,cheq_canon_00166,
Bottinger2008_state_042|HCO3-,speciation,Bottinger2008,data/reference/MEA/observations/liquid_speciation/Bottinger_2007_ChEq.csv,42,HCO3-,313.15,0.3,0.125,0,mole_fraction,0,mole_fraction,,,not_reported,direct_zero,canonical_eligible,canonical_eligible,contextual,no,Bottinger2008|w=0.3|T=40,,,,Reported zero has no source-backed detection or censor bound and is retained as context only.,cheq_canon_00167,"{""HCO3-"":1.0,""CO3^2-"":1.0}"
Bottinger2008_state_042|CO3^2-,speciation,Bottinger2008,data/reference/MEA/observations/liquid_speciation/Bottinger_2007_ChEq.csv,42,CO3^2-,313.15,0.3,0.125,,,,,,,not_reported,balance_inferred,canonical_eligible,canonical_eligible,inferred_not_independent,no,Bottinger2008|w=0.3|T=40,,,,Balance-inferred context is not an independent measurement.,,
Bottinger2008_state_042|H3O+,speciation,Bottinger2008,data/reference/MEA/observations/liquid_speciation/Bottinger_2007_ChEq.csv,42,H3O+,313.15,0.3,0.125,,,,,,,not_reported,balance_inferred,canonical_eligible,canonical_eligible,inferred_not_independent,no,Bottinger2008|w=0.3|T=40,,,,Balance-inferred context is not an independent measurement.,,
Bottinger2008_state_042|OH-,speciation,Bottinger2008,data/reference/MEA/observations/liquid_speciation/Bottinger_2007_ChEq.csv,42,OH-,313.15,0.3,0.125,,,,,,,not_reported,balance_inferred,canonical_eligible,canonical_eligible,inferred_not_independent,no,Bottinger2008|w=0.3|T=40,,,,Balance-inferred context is not an independent measurement.,,
Bottinger2008_state_042|MEA + MEAH+,speciation,Bottinger2008,data/reference/MEA/observations/liquid_speciation/Bottinger_2007_ChEq.csv,42,MEA + MEAH+,313.15,0.3,0.125,0.1009,mole_fraction,0.1009,mole_fraction,,,not_reported,aggregate_direct_positive,canonical_eligible,canonical_eligible,aggregate_measurement,yes,Bottinger2008|w=0.3|T=40,,,,Positive source observation admitted by the Gate 0 v2 contract.,cheq_canon_00165,"{""MEA"":1.0,""MEAH+"":1.0}"
Bottinger2008_state_043|CO2,speciation,Bottinger2008,data/reference/MEA/observations/liquid_speciation/Bottinger_2007_ChEq.csv,43,CO2,313.15,0.3,0.205,0,,0,mole_fraction,,,not_reported,balance_inferred,canonical_eligible,canonical_eligible,inferred_not_independent,no,Bottinger2008|w=0.3|T=40,,,,Balance-inferred context is not an independent measurement.,cheq_canon_00168,
Bottinger2008_state_043|MEA,speciation,Bottinger2008,data/reference/MEA/observations/liquid_speciation/Bottinger_2007_ChEq.csv,43,MEA,313.15,0.3,0.205,,,,,,,not_reported,balance_inferred,canonical_eligible,canonical_eligible,inferred_not_independent,no,Bottinger2008|w=0.3|T=40,,,,The independently reported MEA + MEAH+ aggregate is used instead of its correlated constituent values.,,
Bottinger2008_state_043|MEAH+,speciation,Bottinger2008,data/reference/MEA/observations/liquid_speciation/Bottinger_2007_ChEq.csv,43,MEAH+,313.15,0.3,0.205,,,,,,,not_reported,balance_inferred,canonical_eligible,canonical_eligible,inferred_not_independent,no,Bottinger2008|w=0.3|T=40,,,,The independently reported MEA + MEAH+ aggregate is used instead of its correlated constituent values.,,
Bottinger2008_state_043|MEACOO-,speciation,Bottinger2008,data/reference/MEA/observations/liquid_speciation/Bottinger_2007_ChEq.csv,43,MEACOO-,313.15,0.3,0.205,0.0241,mole_fraction,0.0241,mole_fraction,,,not_reported,direct_positive,canonical_eligible,canonical_eligible,direct_measurement,yes,Bottinger2008|w=0.3|T=40,,,,Positive source observation admitted by the Gate 0 v2 contract.,cheq_canon_00170,
Bottinger2008_state_043|HCO3-,speciation,Bottinger2008,data/reference/MEA/observations/liquid_speciation/Bottinger_2007_ChEq.csv,43,HCO3-,313.15,0.3,0.205,0,mole_fraction,0,mole_fraction,,,not_reported,direct_zero,canonical_eligible,canonical_eligible,contextual,no,Bottinger2008|w=0.3|T=40,,,,Reported zero has no source-backed detection or censor bound and is retained as context only.,cheq_canon_00171,"{""HCO3-"":1.0,""CO3^2-"":1.0}"
Bottinger2008_state_043|CO3^2-,speciation,Bottinger2008,data/reference/MEA/observations/liquid_speciation/Bottinger_2007_ChEq.csv,43,CO3^2-,313.15,0.3,0.205,,,,,,,not_reported,balance_inferred,canonical_eligible,canonical_eligible,inferred_not_independent,no,Bottinger2008|w=0.3|T=40,,,,Balance-inferred context is not an independent measurement.,,
Bottinger2008_state_043|H3O+,speciation,Bottinger2008,data/reference/MEA/observations/liquid_speciation/Bottinger_2007_ChEq.csv,43,H3O+,313.15,0.3,0.205,,,,,,,not_reported,balance_inferred,canonical_eligible,canonical_eligible,inferred_not_independent,no,Bottinger2008|w=0.3|T=40,,,,Balance-inferred context is not an independent measurement.,,
Bottinger2008_state_043|OH-,speciation,Bottinger2008,data/reference/MEA/observations/liquid_speciation/Bottinger_2007_ChEq.csv,43,OH-,313.15,0.3,0.205,,,,,,,not_reported,balance_inferred,canonical_eligible,canonical_eligible,inferred_not_independent,no,Bottinger2008|w=0.3|T=40,,,,Balance-inferred context is not an independent measurement.,,
Bottinger2008_state_043|MEA + MEAH+,speciation,Bottinger2008,data/reference/MEA/observations/liquid_speciation/Bottinger_2007_ChEq.csv,43,MEA + MEAH+,313.15,0.3,0.205,0.0934,mole_fraction,0.0934,mole_fraction,,,not_reported,aggregate_direct_positive,canonical_eligible,canonical_eligible,aggregate_measurement,yes,Bottinger2008|w=0.3|T=40,,,,Positive source observation admitted by the Gate 0 v2 contract.,cheq_canon_00169,"{""MEA"":1.0,""MEAH+"":1.0}"
Bottinger2008_state_044|CO2,speciation,Bottinger2008,data/reference/MEA/observations/liquid_speciation/Bottinger_2007_ChEq.csv,44,CO2,313.15,0.3,0.236,0,,0,mole_fraction,,,not_reported,balance_inferred,canonical_eligible,canonical_eligible,inferred_not_independent,no,Bottinger2008|w=0.3|T=40,,,,Balance-inferred context is not an independent measurement.,cheq_canon_00172,
Bottinger2008_state_044|MEA,speciation,Bottinger2008,data/reference/MEA/observations/liquid_speciation/Bottinger_2007_ChEq.csv,44,MEA,313.15,0.3,0.236,,,,,,,not_reported,balance_inferred,canonical_eligible,canonical_eligible,inferred_not_independent,no,Bottinger2008|w=0.3|T=40,,,,The independently reported MEA + MEAH+ aggregate is used instead of its correlated constituent values.,,
Bottinger2008_state_044|MEAH+,speciation,Bottinger2008,data/reference/MEA/observations/liquid_speciation/Bottinger_2007_ChEq.csv,44,MEAH+,313.15,0.3,0.236,,,,,,,not_reported,balance_inferred,canonical_eligible,canonical_eligible,inferred_not_independent,no,Bottinger2008|w=0.3|T=40,,,,The independently reported MEA + MEAH+ aggregate is used instead of its correlated constituent values.,,
Bottinger2008_state_044|MEACOO-,speciation,Bottinger2008,data/reference/MEA/observations/liquid_speciation/Bottinger_2007_ChEq.csv,44,MEACOO-,313.15,0.3,0.236,0.0271,mole_fraction,0.0271,mole_fraction,,,not_reported,direct_positive,canonical_eligible,canonical_eligible,direct_measurement,yes,Bottinger2008|w=0.3|T=40,,,,Positive source observation admitted by the Gate 0 v2 contract.,cheq_canon_00174,
Bottinger2008_state_044|HCO3-,speciation,Bottinger2008,data/reference/MEA/observations/liquid_speciation/Bottinger_2007_ChEq.csv,44,HCO3-,313.15,0.3,0.236,0,mole_fraction,0,mole_fraction,,,not_reported,direct_zero,canonical_eligible,canonical_eligible,contextual,no,Bottinger2008|w=0.3|T=40,,,,Reported zero has no source-backed detection or censor bound and is retained as context only.,cheq_canon_00175,"{""HCO3-"":1.0,""CO3^2-"":1.0}"
Bottinger2008_state_044|CO3^2-,speciation,Bottinger2008,data/reference/MEA/observations/liquid_speciation/Bottinger_2007_ChEq.csv,44,CO3^2-,313.15,0.3,0.236,,,,,,,not_reported,balance_inferred,canonical_eligible,canonical_eligible,inferred_not_independent,no,Bottinger2008|w=0.3|T=40,,,,Balance-inferred context is not an independent measurement.,,
Bottinger2008_state_044|H3O+,speciation,Bottinger2008,data/reference/MEA/observations/liquid_speciation/Bottinger_2007_ChEq.csv,44,H3O+,313.15,0.3,0.236,,,,,,,not_reported,balance_inferred,canonical_eligible,canonical_eligible,inferred_not_independent,no,Bottinger2008|w=0.3|T=40,,,,Balance-inferred context is not an independent measurement.,,
Bottinger2008_state_044|OH-,speciation,Bottinger2008,data/reference/MEA/observations/liquid_speciation/Bottinger_2007_ChEq.csv,44,OH-,313.15,0.3,0.236,,,,,,,not_reported,balance_inferred,canonical_eligible,canonical_eligible,inferred_not_independent,no,Bottinger2008|w=0.3|T=40,,,,Balance-inferred context is not an independent measurement.,,
Bottinger2008_state_044|MEA + MEAH+,speciation,Bottinger2008,data/reference/MEA/observations/liquid_speciation/Bottinger_2007_ChEq.csv,44,MEA + MEAH+,313.15,0.3,0.236,0.0876,mole_fraction,0.0876,mole_fraction,,,not_reported,aggregate_direct_positive,canonical_eligible,canonical_eligible,aggregate_measurement,yes,Bottinger2008|w=0.3|T=40,,,,Positive source observation admitted by the Gate 0 v2 contract.,cheq_canon_00173,"{""MEA"":1.0,""MEAH+"":1.0}"
Bottinger2008_state_045|CO2,speciation,Bottinger2008,data/reference/MEA/observations/liquid_speciation/Bottinger_2007_ChEq.csv,45,CO2,313.15,0.3,0.28,0,,0,mole_fraction,,,not_reported,balance_inferred,canonical_eligible,canonical_eligible,inferred_not_independent,no,Bottinger2008|w=0.3|T=40,,,,Balance-inferred context is not an independent measurement.,cheq_canon_00176,
Bottinger2008_state_045|MEA,speciation,Bottinger2008,data/reference/MEA/observations/liquid_speciation/Bottinger_2007_ChEq.csv,45,MEA,313.15,0.3,0.28,,,,,,,not_reported,balance_inferred,canonical_eligible,canonical_eligible,inferred_not_independent,no,Bottinger2008|w=0.3|T=40,,,,The independently reported MEA + MEAH+ aggregate is used instead of its correlated constituent values.,,
Bottinger2008_state_045|MEAH+,speciation,Bottinger2008,data/reference/MEA/observations/liquid_speciation/Bottinger_2007_ChEq.csv,45,MEAH+,313.15,0.3,0.28,,,,,,,not_reported,balance_inferred,canonical_eligible,canonical_eligible,inferred_not_independent,no,Bottinger2008|w=0.3|T=40,,,,The independently reported MEA + MEAH+ aggregate is used instead of its correlated constituent values.,,
Bottinger2008_state_045|MEACOO-,speciation,Bottinger2008,data/reference/MEA/observations/liquid_speciation/Bottinger_2007_ChEq.csv,45,MEACOO-,313.15,0.3,0.28,0.0327,mole_fraction,0.0327,mole_fraction,,,not_reported,direct_positive,canonical_eligible,canonical_eligible,direct_measurement,yes,Bottinger2008|w=0.3|T=40,,,,Positive source observation admitted by the Gate 0 v2 contract.,cheq_canon_00178,
Bottinger2008_state_045|HCO3-,speciation,Bottinger2008,data/reference/MEA/observations/liquid_speciation/Bottinger_2007_ChEq.csv,45,HCO3-,313.15,0.3,0.28,0,mole_fraction,0,mole_fraction,,,not_reported,direct_zero,canonical_eligible,canonical_eligible,contextual,no,Bottinger2008|w=0.3|T=40,,,,Reported zero has no source-backed detection or censor bound and is retained as context only.,cheq_canon_00179,"{""HCO3-"":1.0,""CO3^2-"":1.0}"
Bottinger2008_state_045|CO3^2-,speciation,Bottinger2008,data/reference/MEA/observations/liquid_speciation/Bottinger_2007_ChEq.csv,45,CO3^2-,313.15,0.3,0.28,,,,,,,not_reported,balance_inferred,canonical_eligible,canonical_eligible,inferred_not_independent,no,Bottinger2008|w=0.3|T=40,,,,Balance-inferred context is not an independent measurement.,,
Bottinger2008_state_045|H3O+,speciation,Bottinger2008,data/reference/MEA/observations/liquid_speciation/Bottinger_2007_ChEq.csv,45,H3O+,313.15,0.3,0.28,,,,,,,not_reported,balance_inferred,canonical_eligible,canonical_eligible,inferred_not_independent,no,Bottinger2008|w=0.3|T=40,,,,Balance-inferred context is not an independent measurement.,,
Bottinger2008_state_045|OH-,speciation,Bottinger2008,data/reference/MEA/observations/liquid_speciation/Bottinger_2007_ChEq.csv,45,OH-,313.15,0.3,0.28,,,,,,,not_reported,balance_inferred,canonical_eligible,canonical_eligible,inferred_not_independent,no,Bottinger2008|w=0.3|T=40,,,,Balance-inferred context is not an independent measurement.,,
Bottinger2008_state_045|MEA + MEAH+,speciation,Bottinger2008,data/reference/MEA/observations/liquid_speciation/Bottinger_2007_ChEq.csv,45,MEA + MEAH+,313.15,0.3,0.28,0.084,mole_fraction,0.084,mole_fraction,,,not_reported,aggregate_direct_positive,canonical_eligible,canonical_eligible,aggregate_measurement,yes,Bottinger2008|w=0.3|T=40,,,,Positive source observation admitted by the Gate 0 v2 contract.,cheq_canon_00177,"{""MEA"":1.0,""MEAH+"":1.0}"
Bottinger2008_state_046|CO2,speciation,Bottinger2008,data/reference/MEA/observations/liquid_speciation/Bottinger_2007_ChEq.csv,46,CO2,313.15,0.3,0.343,0,,0,mole_fraction,,,not_reported,balance_inferred,canonical_eligible,canonical_eligible,inferred_not_independent,no,Bottinger2008|w=0.3|T=40,,,,Balance-inferred context is not an independent measurement.,cheq_canon_00180,
Bottinger2008_state_046|MEA,speciation,Bottinger2008,data/reference/MEA/observations/liquid_speciation/Bottinger_2007_ChEq.csv,46,MEA,313.15,0.3,0.343,,,,,,,not_reported,balance_inferred,canonical_eligible,canonical_eligible,inferred_not_independent,no,Bottinger2008|w=0.3|T=40,,,,The independently reported MEA + MEAH+ aggregate is used instead of its correlated constituent values.,,
Bottinger2008_state_046|MEAH+,speciation,Bottinger2008,data/reference/MEA/observations/liquid_speciation/Bottinger_2007_ChEq.csv,46,MEAH+,313.15,0.3,0.343,,,,,,,not_reported,balance_inferred,canonical_eligible,canonical_eligible,inferred_not_independent,no,Bottinger2008|w=0.3|T=40,,,,The independently reported MEA + MEAH+ aggregate is used instead of its correlated constituent values.,,
Bottinger2008_state_046|MEACOO-,speciation,Bottinger2008,data/reference/MEA/observations/liquid_speciation/Bottinger_2007_ChEq.csv,46,MEACOO-,313.15,0.3,0.343,0.0396,mole_fraction,0.0396,mole_fraction,,,not_reported,direct_positive,canonical_eligible,canonical_eligible,direct_measurement,yes,Bottinger2008|w=0.3|T=40,,,,Positive source observation admitted by the Gate 0 v2 contract.,cheq_canon_00182,
Bottinger2008_state_046|HCO3-,speciation,Bottinger2008,data/reference/MEA/observations/liquid_speciation/Bottinger_2007_ChEq.csv,46,HCO3-,313.15,0.3,0.343,0,mole_fraction,0,mole_fraction,,,not_reported,direct_zero,canonical_eligible,canonical_eligible,contextual,no,Bottinger2008|w=0.3|T=40,,,,Reported zero has no source-backed detection or censor bound and is retained as context only.,cheq_canon_00183,"{""HCO3-"":1.0,""CO3^2-"":1.0}"
Bottinger2008_state_046|CO3^2-,speciation,Bottinger2008,data/reference/MEA/observations/liquid_speciation/Bottinger_2007_ChEq.csv,46,CO3^2-,313.15,0.3,0.343,,,,,,,not_reported,balance_inferred,canonical_eligible,canonical_eligible,inferred_not_independent,no,Bottinger2008|w=0.3|T=40,,,,Balance-inferred context is not an independent measurement.,,
Bottinger2008_state_046|H3O+,speciation,Bottinger2008,data/reference/MEA/observations/liquid_speciation/Bottinger_2007_ChEq.csv,46,H3O+,313.15,0.3,0.343,,,,,,,not_reported,balance_inferred,canonical_eligible,canonical_eligible,inferred_not_independent,no,Bottinger2008|w=0.3|T=40,,,,Balance-inferred context is not an independent measurement.,,
Bottinger2008_state_046|OH-,speciation,Bottinger2008,data/reference/MEA/observations/liquid_speciation/Bottinger_2007_ChEq.csv,46,OH-,313.15,0.3,0.343,,,,,,,not_reported,balance_inferred,canonical_eligible,canonical_eligible,inferred_not_independent,no,Bottinger2008|w=0.3|T=40,,,,Balance-inferred context is not an independent measurement.,,
Bottinger2008_state_046|MEA + MEAH+,speciation,Bottinger2008,data/reference/MEA/observations/liquid_speciation/Bottinger_2007_ChEq.csv,46,MEA + MEAH+,313.15,0.3,0.343,0.0758,mole_fraction,0.0758,mole_fraction,,,not_reported,aggregate_direct_positive,canonical_eligible,canonical_eligible,aggregate_measurement,yes,Bottinger2008|w=0.3|T=40,,,,Positive source observation admitted by the Gate 0 v2 contract.,cheq_canon_00181,"{""MEA"":1.0,""MEAH+"":1.0}"
Bottinger2008_state_047|CO2,speciation,Bottinger2008,data/reference/MEA/observations/liquid_speciation/Bottinger_2007_ChEq.csv,47,CO2,313.15,0.3,0.354,0,,0,mole_fraction,,,not_reported,balance_inferred,canonical_eligible,canonical_eligible,inferred_not_independent,no,Bottinger2008|w=0.3|T=40,,,,Balance-inferred context is not an independent measurement.,cheq_canon_00184,
Bottinger2008_state_047|MEA,speciation,Bottinger2008,data/reference/MEA/observations/liquid_speciation/Bottinger_2007_ChEq.csv,47,MEA,313.15,0.3,0.354,,,,,,,not_reported,balance_inferred,canonical_eligible,canonical_eligible,inferred_not_independent,no,Bottinger2008|w=0.3|T=40,,,,The independently reported MEA + MEAH+ aggregate is used instead of its correlated constituent values.,,
Bottinger2008_state_047|MEAH+,speciation,Bottinger2008,data/reference/MEA/observations/liquid_speciation/Bottinger_2007_ChEq.csv,47,MEAH+,313.15,0.3,0.354,,,,,,,not_reported,balance_inferred,canonical_eligible,canonical_eligible,inferred_not_independent,no,Bottinger2008|w=0.3|T=40,,,,The independently reported MEA + MEAH+ aggregate is used instead of its correlated constituent values.,,
Bottinger2008_state_047|MEACOO-,speciation,Bottinger2008,data/reference/MEA/observations/liquid_speciation/Bottinger_2007_ChEq.csv,47,MEACOO-,313.15,0.3,0.354,0.041,mole_fraction,0.041,mole_fraction,,,not_reported,direct_positive,canonical_eligible,canonical_eligible,direct_measurement,yes,Bottinger2008|w=0.3|T=40,,,,Positive source observation admitted by the Gate 0 v2 contract.,cheq_canon_00186,
Bottinger2008_state_047|HCO3-,speciation,Bottinger2008,data/reference/MEA/observations/liquid_speciation/Bottinger_2007_ChEq.csv,47,HCO3-,313.15,0.3,0.354,0,mole_fraction,0,mole_fraction,,,not_reported,direct_zero,canonical_eligible,canonical_eligible,contextual,no,Bottinger2008|w=0.3|T=40,,,,Reported zero has no source-backed detection or censor bound and is retained as context only.,cheq_canon_00187,"{""HCO3-"":1.0,""CO3^2-"":1.0}"
Bottinger2008_state_047|CO3^2-,speciation,Bottinger2008,data/reference/MEA/observations/liquid_speciation/Bottinger_2007_ChEq.csv,47,CO3^2-,313.15,0.3,0.354,,,,,,,not_reported,balance_inferred,canonical_eligible,canonical_eligible,inferred_not_independent,no,Bottinger2008|w=0.3|T=40,,,,Balance-inferred context is not an independent measurement.,,
Bottinger2008_state_047|H3O+,speciation,Bottinger2008,data/reference/MEA/observations/liquid_speciation/Bottinger_2007_ChEq.csv,47,H3O+,313.15,0.3,0.354,,,,,,,not_reported,balance_inferred,canonical_eligible,canonical_eligible,inferred_not_independent,no,Bottinger2008|w=0.3|T=40,,,,Balance-inferred context is not an independent measurement.,,
Bottinger2008_state_047|OH-,speciation,Bottinger2008,data/reference/MEA/observations/liquid_speciation/Bottinger_2007_ChEq.csv,47,OH-,313.15,0.3,0.354,,,,,,,not_reported,balance_inferred,canonical_eligible,canonical_eligible,inferred_not_independent,no,Bottinger2008|w=0.3|T=40,,,,Balance-inferred context is not an independent measurement.,,
Bottinger2008_state_047|MEA + MEAH+,speciation,Bottinger2008,data/reference/MEA/observations/liquid_speciation/Bottinger_2007_ChEq.csv,47,MEA + MEAH+,313.15,0.3,0.354,0.0749,mole_fraction,0.0749,mole_fraction,,,not_reported,aggregate_direct_positive,canonical_eligible,canonical_eligible,aggregate_measurement,yes,Bottinger2008|w=0.3|T=40,,,,Positive source observation admitted by the Gate 0 v2 contract.,cheq_canon_00185,"{""MEA"":1.0,""MEAH+"":1.0}"
Bottinger2008_state_048|CO2,speciation,Bottinger2008,data/reference/MEA/observations/liquid_speciation/Bottinger_2007_ChEq.csv,48,CO2,313.15,0.3,0.46,0,,0,mole_fraction,,,not_reported,balance_inferred,canonical_eligible,canonical_eligible,inferred_not_independent,no,Bottinger2008|w=0.3|T=40,,,,Balance-inferred context is not an independent measurement.,cheq_canon_00188,
Bottinger2008_state_048|MEA,speciation,Bottinger2008,data/reference/MEA/observations/liquid_speciation/Bottinger_2007_ChEq.csv,48,MEA,313.15,0.3,0.46,,,,,,,not_reported,balance_inferred,canonical_eligible,canonical_eligible,inferred_not_independent,no,Bottinger2008|w=0.3|T=40,,,,The independently reported MEA + MEAH+ aggregate is used instead of its correlated constituent values.,,
Bottinger2008_state_048|MEAH+,speciation,Bottinger2008,data/reference/MEA/observations/liquid_speciation/Bottinger_2007_ChEq.csv,48,MEAH+,313.15,0.3,0.46,,,,,,,not_reported,balance_inferred,canonical_eligible,canonical_eligible,inferred_not_independent,no,Bottinger2008|w=0.3|T=40,,,,The independently reported MEA + MEAH+ aggregate is used instead of its correlated constituent values.,,
Bottinger2008_state_048|MEACOO-,speciation,Bottinger2008,data/reference/MEA/observations/liquid_speciation/Bottinger_2007_ChEq.csv,48,MEACOO-,313.15,0.3,0.46,0.0492,mole_fraction,0.0492,mole_fraction,,,not_reported,direct_positive,canonical_eligible,canonical_eligible,direct_measurement,yes,Bottinger2008|w=0.3|T=40,,,,Positive source observation admitted by the Gate 0 v2 contract.,cheq_canon_00190,
Bottinger2008_state_048|HCO3-,speciation,Bottinger2008,data/reference/MEA/observations/liquid_speciation/Bottinger_2007_ChEq.csv,48,HCO3-,313.15,0.3,0.46,0,mole_fraction,0,mole_fraction,,,not_reported,direct_zero,canonical_eligible,canonical_eligible,contextual,no,Bottinger2008|w=0.3|T=40,,,,Reported zero has no source-backed detection or censor bound and is retained as context only.,cheq_canon_00191,"{""HCO3-"":1.0,""CO3^2-"":1.0}"
Bottinger2008_state_048|CO3^2-,speciation,Bottinger2008,data/reference/MEA/observations/liquid_speciation/Bottinger_2007_ChEq.csv,48,CO3^2-,313.15,0.3,0.46,,,,,,,not_reported,balance_inferred,canonical_eligible,canonical_eligible,inferred_not_independent,no,Bottinger2008|w=0.3|T=40,,,,Balance-inferred context is not an independent measurement.,,
Bottinger2008_state_048|H3O+,speciation,Bottinger2008,data/reference/MEA/observations/liquid_speciation/Bottinger_2007_ChEq.csv,48,H3O+,313.15,0.3,0.46,,,,,,,not_reported,balance_inferred,canonical_eligible,canonical_eligible,inferred_not_independent,no,Bottinger2008|w=0.3|T=40,,,,Balance-inferred context is not an independent measurement.,,
Bottinger2008_state_048|OH-,speciation,Bottinger2008,data/reference/MEA/observations/liquid_speciation/Bottinger_2007_ChEq.csv,48,OH-,313.15,0.3,0.46,,,,,,,not_reported,balance_inferred,canonical_eligible,canonical_eligible,inferred_not_independent,no,Bottinger2008|w=0.3|T=40,,,,Balance-inferred context is not an independent measurement.,,
Bottinger2008_state_048|MEA + MEAH+,speciation,Bottinger2008,data/reference/MEA/observations/liquid_speciation/Bottinger_2007_ChEq.csv,48,MEA + MEAH+,313.15,0.3,0.46,0.065,mole_fraction,0.065,mole_fraction,,,not_reported,aggregate_direct_positive,canonical_eligible,canonical_eligible,aggregate_measurement,yes,Bottinger2008|w=0.3|T=40,,,,Positive source observation admitted by the Gate 0 v2 contract.,cheq_canon_00189,"{""MEA"":1.0,""MEAH+"":1.0}"
Bottinger2008_state_049|CO2,speciation,Bottinger2008,data/reference/MEA/observations/liquid_speciation/Bottinger_2007_ChEq.csv,49,CO2,313.15,0.3,0.466,0,,0,mole_fraction,,,not_reported,balance_inferred,canonical_eligible,canonical_eligible,inferred_not_independent,no,Bottinger2008|w=0.3|T=40,,,,Balance-inferred context is not an independent measurement.,cheq_canon_00192,
Bottinger2008_state_049|MEA,speciation,Bottinger2008,data/reference/MEA/observations/liquid_speciation/Bottinger_2007_ChEq.csv,49,MEA,313.15,0.3,0.466,,,,,,,not_reported,balance_inferred,canonical_eligible,canonical_eligible,inferred_not_independent,no,Bottinger2008|w=0.3|T=40,,,,The independently reported MEA + MEAH+ aggregate is used instead of its correlated constituent values.,,
Bottinger2008_state_049|MEAH+,speciation,Bottinger2008,data/reference/MEA/observations/liquid_speciation/Bottinger_2007_ChEq.csv,49,MEAH+,313.15,0.3,0.466,,,,,,,not_reported,balance_inferred,canonical_eligible,canonical_eligible,inferred_not_independent,no,Bottinger2008|w=0.3|T=40,,,,The independently reported MEA + MEAH+ aggregate is used instead of its correlated constituent values.,,
Bottinger2008_state_049|MEACOO-,speciation,Bottinger2008,data/reference/MEA/observations/liquid_speciation/Bottinger_2007_ChEq.csv,49,MEACOO-,313.15,0.3,0.466,0.0502,mole_fraction,0.0502,mole_fraction,,,not_reported,direct_positive,canonical_eligible,canonical_eligible,direct_measurement,yes,Bottinger2008|w=0.3|T=40,,,,Positive source observation admitted by the Gate 0 v2 contract.,cheq_canon_00194,
Bottinger2008_state_049|HCO3-,speciation,Bottinger2008,data/reference/MEA/observations/liquid_speciation/Bottinger_2007_ChEq.csv,49,HCO3-,313.15,0.3,0.466,0.004,mole_fraction,0.004,mole_fraction,,,not_reported,direct_positive,canonical_eligible,canonical_eligible,direct_measurement,yes,Bottinger2008|w=0.3|T=40,,,,Positive source observation admitted by the Gate 0 v2 contract.,cheq_canon_00195,"{""HCO3-"":1.0,""CO3^2-"":1.0}"
Bottinger2008_state_049|CO3^2-,speciation,Bottinger2008,data/reference/MEA/observations/liquid_speciation/Bottinger_2007_ChEq.csv,49,CO3^2-,313.15,0.3,0.466,,,,,,,not_reported,balance_inferred,canonical_eligible,canonical_eligible,inferred_not_independent,no,Bottinger2008|w=0.3|T=40,,,,Balance-inferred context is not an independent measurement.,,
Bottinger2008_state_049|H3O+,speciation,Bottinger2008,data/reference/MEA/observations/liquid_speciation/Bottinger_2007_ChEq.csv,49,H3O+,313.15,0.3,0.466,,,,,,,not_reported,balance_inferred,canonical_eligible,canonical_eligible,inferred_not_independent,no,Bottinger2008|w=0.3|T=40,,,,Balance-inferred context is not an independent measurement.,,
Bottinger2008_state_049|OH-,speciation,Bottinger2008,data/reference/MEA/observations/liquid_speciation/Bottinger_2007_ChEq.csv,49,OH-,313.15,0.3,0.466,,,,,,,not_reported,balance_inferred,canonical_eligible,canonical_eligible,inferred_not_independent,no,Bottinger2008|w=0.3|T=40,,,,Balance-inferred context is not an independent measurement.,,
Bottinger2008_state_049|MEA + MEAH+,speciation,Bottinger2008,data/reference/MEA/observations/liquid_speciation/Bottinger_2007_ChEq.csv,49,MEA + MEAH+,313.15,0.3,0.466,0.0663,mole_fraction,0.0663,mole_fraction,,,not_reported,aggregate_direct_positive,canonical_eligible,canonical_eligible,aggregate_measurement,yes,Bottinger2008|w=0.3|T=40,,,,Positive source observation admitted by the Gate 0 v2 contract.,cheq_canon_00193,"{""MEA"":1.0,""MEAH+"":1.0}"
Bottinger2008_state_050|CO2,speciation,Bottinger2008,data/reference/MEA/observations/liquid_speciation/Bottinger_2007_ChEq.csv,50,CO2,313.15,0.3,0.487,0,,0,mole_fraction,,,not_reported,balance_inferred,canonical_eligible,canonical_eligible,inferred_not_independent,no,Bottinger2008|w=0.3|T=40,,,,Balance-inferred context is not an independent measurement.,cheq_canon_00196,
Bottinger2008_state_050|MEA,speciation,Bottinger2008,data/reference/MEA/observations/liquid_speciation/Bottinger_2007_ChEq.csv,50,MEA,313.15,0.3,0.487,,,,,,,not_reported,balance_inferred,canonical_eligible,canonical_eligible,inferred_not_independent,no,Bottinger2008|w=0.3|T=40,,,,The independently reported MEA + MEAH+ aggregate is used instead of its correlated constituent values.,,
Bottinger2008_state_050|MEAH+,speciation,Bottinger2008,data/reference/MEA/observations/liquid_speciation/Bottinger_2007_ChEq.csv,50,MEAH+,313.15,0.3,0.487,,,,,,,not_reported,balance_inferred,canonical_eligible,canonical_eligible,inferred_not_independent,no,Bottinger2008|w=0.3|T=40,,,,The independently reported MEA + MEAH+ aggregate is used instead of its correlated constituent values.,,
Bottinger2008_state_050|MEACOO-,speciation,Bottinger2008,data/reference/MEA/observations/liquid_speciation/Bottinger_2007_ChEq.csv,50,MEACOO-,313.15,0.3,0.487,0.0511,mole_fraction,0.0511,mole_fraction,,,not_reported,direct_positive,canonical_eligible,canonical_eligible,direct_measurement,yes,Bottinger2008|w=0.3|T=40,,,,Positive source observation admitted by the Gate 0 v2 contract.,cheq_canon_00198,
Bottinger2008_state_050|HCO3-,speciation,Bottinger2008,data/reference/MEA/observations/liquid_speciation/Bottinger_2007_ChEq.csv,50,HCO3-,313.15,0.3,0.487,0.0052,mole_fraction,0.0052,mole_fraction,,,not_reported,direct_positive,canonical_eligible,canonical_eligible,direct_measurement,yes,Bottinger2008|w=0.3|T=40,,,,Positive source observation admitted by the Gate 0 v2 contract.,cheq_canon_00199,"{""HCO3-"":1.0,""CO3^2-"":1.0}"
Bottinger2008_state_050|CO3^2-,speciation,Bottinger2008,data/reference/MEA/observations/liquid_speciation/Bottinger_2007_ChEq.csv,50,CO3^2-,313.15,0.3,0.487,,,,,,,not_reported,balance_inferred,canonical_eligible,canonical_eligible,inferred_not_independent,no,Bottinger2008|w=0.3|T=40,,,,Balance-inferred context is not an independent measurement.,,
Bottinger2008_state_050|H3O+,speciation,Bottinger2008,data/reference/MEA/observations/liquid_speciation/Bottinger_2007_ChEq.csv,50,H3O+,313.15,0.3,0.487,,,,,,,not_reported,balance_inferred,canonical_eligible,canonical_eligible,inferred_not_independent,no,Bottinger2008|w=0.3|T=40,,,,Balance-inferred context is not an independent measurement.,,
Bottinger2008_state_050|OH-,speciation,Bottinger2008,data/reference/MEA/observations/liquid_speciation/Bottinger_2007_ChEq.csv,50,OH-,313.15,0.3,0.487,,,,,,,not_reported,balance_inferred,canonical_eligible,canonical_eligible,inferred_not_independent,no,Bottinger2008|w=0.3|T=40,,,,Balance-inferred context is not an independent measurement.,,
Bottinger2008_state_050|MEA + MEAH+,speciation,Bottinger2008,data/reference/MEA/observations/liquid_speciation/Bottinger_2007_ChEq.csv,50,MEA + MEAH+,313.15,0.3,0.487,0.0646,mole_fraction,0.0646,mole_fraction,,,not_reported,aggregate_direct_positive,canonical_eligible,canonical_eligible,aggregate_measurement,yes,Bottinger2008|w=0.3|T=40,,,,Positive source observation admitted by the Gate 0 v2 contract.,cheq_canon_00197,"{""MEA"":1.0,""MEAH+"":1.0}"
Bottinger2008_state_051|CO2,speciation,Bottinger2008,data/reference/MEA/observations/liquid_speciation/Bottinger_2007_ChEq.csv,51,CO2,313.15,0.3,0.508,0,,0,mole_fraction,,,not_reported,balance_inferred,canonical_eligible,canonical_eligible,inferred_not_independent,no,Bottinger2008|w=0.3|T=40,,,,Balance-inferred context is not an independent measurement.,cheq_canon_00200,
Bottinger2008_state_051|MEA,speciation,Bottinger2008,data/reference/MEA/observations/liquid_speciation/Bottinger_2007_ChEq.csv,51,MEA,313.15,0.3,0.508,,,,,,,not_reported,balance_inferred,canonical_eligible,canonical_eligible,inferred_not_independent,no,Bottinger2008|w=0.3|T=40,,,,The independently reported MEA + MEAH+ aggregate is used instead of its correlated constituent values.,,
Bottinger2008_state_051|MEAH+,speciation,Bottinger2008,data/reference/MEA/observations/liquid_speciation/Bottinger_2007_ChEq.csv,51,MEAH+,313.15,0.3,0.508,,,,,,,not_reported,balance_inferred,canonical_eligible,canonical_eligible,inferred_not_independent,no,Bottinger2008|w=0.3|T=40,,,,The independently reported MEA + MEAH+ aggregate is used instead of its correlated constituent values.,,
Bottinger2008_state_051|MEACOO-,speciation,Bottinger2008,data/reference/MEA/observations/liquid_speciation/Bottinger_2007_ChEq.csv,51,MEACOO-,313.15,0.3,0.508,0.0483,mole_fraction,0.0483,mole_fraction,,,not_reported,direct_positive,canonical_eligible,canonical_eligible,contextual,no,Bottinger2008|w=0.3|T=40,,,,Böttinger reports quantifiable 2-oxazolidone above about 0.5 mol CO2/mol MEA; the nine-species model omits that byproduct.,cheq_canon_00202,
Bottinger2008_state_051|HCO3-,speciation,Bottinger2008,data/reference/MEA/observations/liquid_speciation/Bottinger_2007_ChEq.csv,51,HCO3-,313.15,0.3,0.508,0.0091,mole_fraction,0.0091,mole_fraction,,,not_reported,direct_positive,canonical_eligible,canonical_eligible,contextual,no,Bottinger2008|w=0.3|T=40,,,,Böttinger reports quantifiable 2-oxazolidone above about 0.5 mol CO2/mol MEA; the nine-species model omits that byproduct.,cheq_canon_00203,"{""HCO3-"":1.0,""CO3^2-"":1.0}"
Bottinger2008_state_051|CO3^2-,speciation,Bottinger2008,data/reference/MEA/observations/liquid_speciation/Bottinger_2007_ChEq.csv,51,CO3^2-,313.15,0.3,0.508,,,,,,,not_reported,balance_inferred,canonical_eligible,canonical_eligible,inferred_not_independent,no,Bottinger2008|w=0.3|T=40,,,,Balance-inferred context is not an independent measurement.,,
Bottinger2008_state_051|H3O+,speciation,Bottinger2008,data/reference/MEA/observations/liquid_speciation/Bottinger_2007_ChEq.csv,51,H3O+,313.15,0.3,0.508,,,,,,,not_reported,balance_inferred,canonical_eligible,canonical_eligible,inferred_not_independent,no,Bottinger2008|w=0.3|T=40,,,,Balance-inferred context is not an independent measurement.,,
Bottinger2008_state_051|OH-,speciation,Bottinger2008,data/reference/MEA/observations/liquid_speciation/Bottinger_2007_ChEq.csv,51,OH-,313.15,0.3,0.508,,,,,,,not_reported,balance_inferred,canonical_eligible,canonical_eligible,inferred_not_independent,no,Bottinger2008|w=0.3|T=40,,,,Balance-inferred context is not an independent measurement.,,
Bottinger2008_state_051|MEA + MEAH+,speciation,Bottinger2008,data/reference/MEA/observations/liquid_speciation/Bottinger_2007_ChEq.csv,51,MEA + MEAH+,313.15,0.3,0.508,0.0647,mole_fraction,0.0647,mole_fraction,,,not_reported,aggregate_direct_positive,canonical_eligible,canonical_eligible,contextual,no,Bottinger2008|w=0.3|T=40,,,,Böttinger reports quantifiable 2-oxazolidone above about 0.5 mol CO2/mol MEA; the nine-species model omits that byproduct.,cheq_canon_00201,"{""MEA"":1.0,""MEAH+"":1.0}"
Bottinger2008_state_052|CO2,speciation,Bottinger2008,data/reference/MEA/observations/liquid_speciation/Bottinger_2007_ChEq.csv,52,CO2,313.15,0.3,0.663,0,,0,mole_fraction,,,not_reported,balance_inferred,canonical_eligible,canonical_eligible,inferred_not_independent,no,Bottinger2008|w=0.3|T=40,,,,Balance-inferred context is not an independent measurement.,cheq_canon_00204,
Bottinger2008_state_052|MEA,speciation,Bottinger2008,data/reference/MEA/observations/liquid_speciation/Bottinger_2007_ChEq.csv,52,MEA,313.15,0.3,0.663,,,,,,,not_reported,balance_inferred,canonical_eligible,canonical_eligible,inferred_not_independent,no,Bottinger2008|w=0.3|T=40,,,,The independently reported MEA + MEAH+ aggregate is used instead of its correlated constituent values.,,
Bottinger2008_state_052|MEAH+,speciation,Bottinger2008,data/reference/MEA/observations/liquid_speciation/Bottinger_2007_ChEq.csv,52,MEAH+,313.15,0.3,0.663,,,,,,,not_reported,balance_inferred,canonical_eligible,canonical_eligible,inferred_not_independent,no,Bottinger2008|w=0.3|T=40,,,,The independently reported MEA + MEAH+ aggregate is used instead of its correlated constituent values.,,
Bottinger2008_state_052|MEACOO-,speciation,Bottinger2008,data/reference/MEA/observations/liquid_speciation/Bottinger_2007_ChEq.csv,52,MEACOO-,313.15,0.3,0.663,0.0347,mole_fraction,0.0347,mole_fraction,,,not_reported,direct_positive,canonical_eligible,canonical_eligible,contextual,no,Bottinger2008|w=0.3|T=40,,,,Böttinger reports quantifiable 2-oxazolidone above about 0.5 mol CO2/mol MEA; the nine-species model omits that byproduct.,cheq_canon_00206,
Bottinger2008_state_052|HCO3-,speciation,Bottinger2008,data/reference/MEA/observations/liquid_speciation/Bottinger_2007_ChEq.csv,52,HCO3-,313.15,0.3,0.663,0.0428,mole_fraction,0.0428,mole_fraction,,,not_reported,direct_positive,canonical_eligible,canonical_eligible,contextual,no,Bottinger2008|w=0.3|T=40,,,,Böttinger reports quantifiable 2-oxazolidone above about 0.5 mol CO2/mol MEA; the nine-species model omits that byproduct.,cheq_canon_00207,"{""HCO3-"":1.0,""CO3^2-"":1.0}"
Bottinger2008_state_052|CO3^2-,speciation,Bottinger2008,data/reference/MEA/observations/liquid_speciation/Bottinger_2007_ChEq.csv,52,CO3^2-,313.15,0.3,0.663,,,,,,,not_reported,balance_inferred,canonical_eligible,canonical_eligible,inferred_not_independent,no,Bottinger2008|w=0.3|T=40,,,,Balance-inferred context is not an independent measurement.,,
Bottinger2008_state_052|H3O+,speciation,Bottinger2008,data/reference/MEA/observations/liquid_speciation/Bottinger_2007_ChEq.csv,52,H3O+,313.15,0.3,0.663,,,,,,,not_reported,balance_inferred,canonical_eligible,canonical_eligible,inferred_not_independent,no,Bottinger2008|w=0.3|T=40,,,,Balance-inferred context is not an independent measurement.,,
Bottinger2008_state_052|OH-,speciation,Bottinger2008,data/reference/MEA/observations/liquid_speciation/Bottinger_2007_ChEq.csv,52,OH-,313.15,0.3,0.663,,,,,,,not_reported,balance_inferred,canonical_eligible,canonical_eligible,inferred_not_independent,no,Bottinger2008|w=0.3|T=40,,,,Balance-inferred context is not an independent measurement.,,
Bottinger2008_state_052|MEA + MEAH+,speciation,Bottinger2008,data/reference/MEA/observations/liquid_speciation/Bottinger_2007_ChEq.csv,52,MEA + MEAH+,313.15,0.3,0.663,0.0759,mole_fraction,0.0759,mole_fraction,,,not_reported,aggregate_direct_positive,canonical_eligible,canonical_eligible,contextual,no,Bottinger2008|w=0.3|T=40,,,,Böttinger reports quantifiable 2-oxazolidone above about 0.5 mol CO2/mol MEA; the nine-species model omits that byproduct.,cheq_canon_00205,"{""MEA"":1.0,""MEAH+"":1.0}"
Bottinger2008_state_053|CO2,speciation,Bottinger2008,data/reference/MEA/observations/liquid_speciation/Bottinger_2007_ChEq.csv,53,CO2,313.15,0.3,0.683,0,,0,mole_fraction,,,not_reported,balance_inferred,canonical_eligible,canonical_eligible,inferred_not_independent,no,Bottinger2008|w=0.3|T=40,,,,Balance-inferred context is not an independent measurement.,cheq_canon_00208,
Bottinger2008_state_053|MEA,speciation,Bottinger2008,data/reference/MEA/observations/liquid_speciation/Bottinger_2007_ChEq.csv,53,MEA,313.15,0.3,0.683,,,,,,,not_reported,balance_inferred,canonical_eligible,canonical_eligible,inferred_not_independent,no,Bottinger2008|w=0.3|T=40,,,,The independently reported MEA + MEAH+ aggregate is used instead of its correlated constituent values.,,
Bottinger2008_state_053|MEAH+,speciation,Bottinger2008,data/reference/MEA/observations/liquid_speciation/Bottinger_2007_ChEq.csv,53,MEAH+,313.15,0.3,0.683,,,,,,,not_reported,balance_inferred,canonical_eligible,canonical_eligible,inferred_not_independent,no,Bottinger2008|w=0.3|T=40,,,,The independently reported MEA + MEAH+ aggregate is used instead of its correlated constituent values.,,
Bottinger2008_state_053|MEACOO-,speciation,Bottinger2008,data/reference/MEA/observations/liquid_speciation/Bottinger_2007_ChEq.csv,53,MEACOO-,313.15,0.3,0.683,0.0323,mole_fraction,0.0323,mole_fraction,,,not_reported,direct_positive,canonical_eligible,canonical_eligible,contextual,no,Bottinger2008|w=0.3|T=40,,,,Böttinger reports quantifiable 2-oxazolidone above about 0.5 mol CO2/mol MEA; the nine-species model omits that byproduct.,cheq_canon_00210,
Bottinger2008_state_053|HCO3-,speciation,Bottinger2008,data/reference/MEA/observations/liquid_speciation/Bottinger_2007_ChEq.csv,53,HCO3-,313.15,0.3,0.683,0.0382,mole_fraction,0.0382,mole_fraction,,,not_reported,direct_positive,canonical_eligible,canonical_eligible,contextual,no,Bottinger2008|w=0.3|T=40,,,,Böttinger reports quantifiable 2-oxazolidone above about 0.5 mol CO2/mol MEA; the nine-species model omits that byproduct.,cheq_canon_00211,"{""HCO3-"":1.0,""CO3^2-"":1.0}"
Bottinger2008_state_053|CO3^2-,speciation,Bottinger2008,data/reference/MEA/observations/liquid_speciation/Bottinger_2007_ChEq.csv,53,CO3^2-,313.15,0.3,0.683,,,,,,,not_reported,balance_inferred,canonical_eligible,canonical_eligible,inferred_not_independent,no,Bottinger2008|w=0.3|T=40,,,,Balance-inferred context is not an independent measurement.,,
Bottinger2008_state_053|H3O+,speciation,Bottinger2008,data/reference/MEA/observations/liquid_speciation/Bottinger_2007_ChEq.csv,53,H3O+,313.15,0.3,0.683,,,,,,,not_reported,balance_inferred,canonical_eligible,canonical_eligible,inferred_not_independent,no,Bottinger2008|w=0.3|T=40,,,,Balance-inferred context is not an independent measurement.,,
Bottinger2008_state_053|OH-,speciation,Bottinger2008,data/reference/MEA/observations/liquid_speciation/Bottinger_2007_ChEq.csv,53,OH-,313.15,0.3,0.683,,,,,,,not_reported,balance_inferred,canonical_eligible,canonical_eligible,inferred_not_independent,no,Bottinger2008|w=0.3|T=40,,,,Balance-inferred context is not an independent measurement.,,
Bottinger2008_state_053|MEA + MEAH+,speciation,Bottinger2008,data/reference/MEA/observations/liquid_speciation/Bottinger_2007_ChEq.csv,53,MEA + MEAH+,313.15,0.3,0.683,0.0739,mole_fraction,0.0739,mole_fraction,,,not_reported,aggregate_direct_positive,canonical_eligible,canonical_eligible,contextual,no,Bottinger2008|w=0.3|T=40,,,,Böttinger reports quantifiable 2-oxazolidone above about 0.5 mol CO2/mol MEA; the nine-species model omits that byproduct.,cheq_canon_00209,"{""MEA"":1.0,""MEAH+"":1.0}"
Bottinger2008_state_054|CO2,speciation,Bottinger2008,data/reference/MEA/observations/liquid_speciation/Bottinger_2007_ChEq.csv,54,CO2,313.15,0.3,0.762,0,,0,mole_fraction,,,not_reported,balance_inferred,canonical_eligible,canonical_eligible,inferred_not_independent,no,Bottinger2008|w=0.3|T=40,,,,Balance-inferred context is not an independent measurement.,cheq_canon_00212,
Bottinger2008_state_054|MEA,speciation,Bottinger2008,data/reference/MEA/observations/liquid_speciation/Bottinger_2007_ChEq.csv,54,MEA,313.15,0.3,0.762,,,,,,,not_reported,balance_inferred,canonical_eligible,canonical_eligible,inferred_not_independent,no,Bottinger2008|w=0.3|T=40,,,,The independently reported MEA + MEAH+ aggregate is used instead of its correlated constituent values.,,
Bottinger2008_state_054|MEAH+,speciation,Bottinger2008,data/reference/MEA/observations/liquid_speciation/Bottinger_2007_ChEq.csv,54,MEAH+,313.15,0.3,0.762,,,,,,,not_reported,balance_inferred,canonical_eligible,canonical_eligible,inferred_not_independent,no,Bottinger2008|w=0.3|T=40,,,,The independently reported MEA + MEAH+ aggregate is used instead of its correlated constituent values.,,
Bottinger2008_state_054|MEACOO-,speciation,Bottinger2008,data/reference/MEA/observations/liquid_speciation/Bottinger_2007_ChEq.csv,54,MEACOO-,313.15,0.3,0.762,0.0188,mole_fraction,0.0188,mole_fraction,,,not_reported,direct_positive,canonical_eligible,canonical_eligible,contextual,no,Bottinger2008|w=0.3|T=40,,,,Böttinger reports quantifiable 2-oxazolidone above about 0.5 mol CO2/mol MEA; the nine-species model omits that byproduct.,cheq_canon_00214,
Bottinger2008_state_054|HCO3-,speciation,Bottinger2008,data/reference/MEA/observations/liquid_speciation/Bottinger_2007_ChEq.csv,54,HCO3-,313.15,0.3,0.762,0.0596,mole_fraction,0.0596,mole_fraction,,,not_reported,direct_positive,canonical_eligible,canonical_eligible,contextual,no,Bottinger2008|w=0.3|T=40,,,,Böttinger reports quantifiable 2-oxazolidone above about 0.5 mol CO2/mol MEA; the nine-species model omits that byproduct.,cheq_canon_00215,"{""HCO3-"":1.0,""CO3^2-"":1.0}"
Bottinger2008_state_054|CO3^2-,speciation,Bottinger2008,data/reference/MEA/observations/liquid_speciation/Bottinger_2007_ChEq.csv,54,CO3^2-,313.15,0.3,0.762,,,,,,,not_reported,balance_inferred,canonical_eligible,canonical_eligible,inferred_not_independent,no,Bottinger2008|w=0.3|T=40,,,,Balance-inferred context is not an independent measurement.,,
Bottinger2008_state_054|H3O+,speciation,Bottinger2008,data/reference/MEA/observations/liquid_speciation/Bottinger_2007_ChEq.csv,54,H3O+,313.15,0.3,0.762,,,,,,,not_reported,balance_inferred,canonical_eligible,canonical_eligible,inferred_not_independent,no,Bottinger2008|w=0.3|T=40,,,,Balance-inferred context is not an independent measurement.,,
Bottinger2008_state_054|OH-,speciation,Bottinger2008,data/reference/MEA/observations/liquid_speciation/Bottinger_2007_ChEq.csv,54,OH-,313.15,0.3,0.762,,,,,,,not_reported,balance_inferred,canonical_eligible,canonical_eligible,inferred_not_independent,no,Bottinger2008|w=0.3|T=40,,,,Balance-inferred context is not an independent measurement.,,
Bottinger2008_state_054|MEA + MEAH+,speciation,Bottinger2008,data/reference/MEA/observations/liquid_speciation/Bottinger_2007_ChEq.csv,54,MEA + MEAH+,313.15,0.3,0.762,0.0807,mole_fraction,0.0807,mole_fraction,,,not_reported,aggregate_direct_positive,canonical_eligible,canonical_eligible,contextual,no,Bottinger2008|w=0.3|T=40,,,,Böttinger reports quantifiable 2-oxazolidone above about 0.5 mol CO2/mol MEA; the nine-species model omits that byproduct.,cheq_canon_00213,"{""MEA"":1.0,""MEAH+"":1.0}"
Bottinger2008_state_055|CO2,speciation,Bottinger2008,data/reference/MEA/observations/liquid_speciation/Bottinger_2007_ChEq.csv,55,CO2,333.15,0.3,0.131,0,,0,mole_fraction,,,not_reported,balance_inferred,canonical_eligible,canonical_eligible,inferred_not_independent,no,Bottinger2008|w=0.3|T=60,,,,Balance-inferred context is not an independent measurement.,cheq_canon_00216,
Bottinger2008_state_055|MEA,speciation,Bottinger2008,data/reference/MEA/observations/liquid_speciation/Bottinger_2007_ChEq.csv,55,MEA,333.15,0.3,0.131,,,,,,,not_reported,balance_inferred,canonical_eligible,canonical_eligible,inferred_not_independent,no,Bottinger2008|w=0.3|T=60,,,,The independently reported MEA + MEAH+ aggregate is used instead of its correlated constituent values.,,
Bottinger2008_state_055|MEAH+,speciation,Bottinger2008,data/reference/MEA/observations/liquid_speciation/Bottinger_2007_ChEq.csv,55,MEAH+,333.15,0.3,0.131,,,,,,,not_reported,balance_inferred,canonical_eligible,canonical_eligible,inferred_not_independent,no,Bottinger2008|w=0.3|T=60,,,,The independently reported MEA + MEAH+ aggregate is used instead of its correlated constituent values.,,
Bottinger2008_state_055|MEACOO-,speciation,Bottinger2008,data/reference/MEA/observations/liquid_speciation/Bottinger_2007_ChEq.csv,55,MEACOO-,333.15,0.3,0.131,0.0147,mole_fraction,0.0147,mole_fraction,,,not_reported,direct_positive,canonical_eligible,canonical_eligible,direct_measurement,yes,Bottinger2008|w=0.3|T=60,,,,Positive source observation admitted by the Gate 0 v2 contract.,cheq_canon_00218,
Bottinger2008_state_055|HCO3-,speciation,Bottinger2008,data/reference/MEA/observations/liquid_speciation/Bottinger_2007_ChEq.csv,55,HCO3-,333.15,0.3,0.131,0,mole_fraction,0,mole_fraction,,,not_reported,direct_zero,canonical_eligible,canonical_eligible,contextual,no,Bottinger2008|w=0.3|T=60,,,,Reported zero has no source-backed detection or censor bound and is retained as context only.,cheq_canon_00219,"{""HCO3-"":1.0,""CO3^2-"":1.0}"
Bottinger2008_state_055|CO3^2-,speciation,Bottinger2008,data/reference/MEA/observations/liquid_speciation/Bottinger_2007_ChEq.csv,55,CO3^2-,333.15,0.3,0.131,,,,,,,not_reported,balance_inferred,canonical_eligible,canonical_eligible,inferred_not_independent,no,Bottinger2008|w=0.3|T=60,,,,Balance-inferred context is not an independent measurement.,,
Bottinger2008_state_055|H3O+,speciation,Bottinger2008,data/reference/MEA/observations/liquid_speciation/Bottinger_2007_ChEq.csv,55,H3O+,333.15,0.3,0.131,,,,,,,not_reported,balance_inferred,canonical_eligible,canonical_eligible,inferred_not_independent,no,Bottinger2008|w=0.3|T=60,,,,Balance-inferred context is not an independent measurement.,,
Bottinger2008_state_055|OH-,speciation,Bottinger2008,data/reference/MEA/observations/liquid_speciation/Bottinger_2007_ChEq.csv,55,OH-,333.15,0.3,0.131,,,,,,,not_reported,balance_inferred,canonical_eligible,canonical_eligible,inferred_not_independent,no,Bottinger2008|w=0.3|T=60,,,,Balance-inferred context is not an independent measurement.,,
Bottinger2008_state_055|MEA + MEAH+,speciation,Bottinger2008,data/reference/MEA/observations/liquid_speciation/Bottinger_2007_ChEq.csv,55,MEA + MEAH+,333.15,0.3,0.131,0.0974,mole_fraction,0.0974,mole_fraction,,,not_reported,aggregate_direct_positive,canonical_eligible,canonical_eligible,aggregate_measurement,yes,Bottinger2008|w=0.3|T=60,,,,Positive source observation admitted by the Gate 0 v2 contract.,cheq_canon_00217,"{""MEA"":1.0,""MEAH+"":1.0}"
Bottinger2008_state_056|CO2,speciation,Bottinger2008,data/reference/MEA/observations/liquid_speciation/Bottinger_2007_ChEq.csv,56,CO2,333.15,0.3,0.203,0,,0,mole_fraction,,,not_reported,balance_inferred,canonical_eligible,canonical_eligible,inferred_not_independent,no,Bottinger2008|w=0.3|T=60,,,,Balance-inferred context is not an independent measurement.,cheq_canon_00220,
Bottinger2008_state_056|MEA,speciation,Bottinger2008,data/reference/MEA/observations/liquid_speciation/Bottinger_2007_ChEq.csv,56,MEA,333.15,0.3,0.203,,,,,,,not_reported,balance_inferred,canonical_eligible,canonical_eligible,inferred_not_independent,no,Bottinger2008|w=0.3|T=60,,,,The independently reported MEA + MEAH+ aggregate is used instead of its correlated constituent values.,,
Bottinger2008_state_056|MEAH+,speciation,Bottinger2008,data/reference/MEA/observations/liquid_speciation/Bottinger_2007_ChEq.csv,56,MEAH+,333.15,0.3,0.203,,,,,,,not_reported,balance_inferred,canonical_eligible,canonical_eligible,inferred_not_independent,no,Bottinger2008|w=0.3|T=60,,,,The independently reported MEA + MEAH+ aggregate is used instead of its correlated constituent values.,,
Bottinger2008_state_056|MEACOO-,speciation,Bottinger2008,data/reference/MEA/observations/liquid_speciation/Bottinger_2007_ChEq.csv,56,MEACOO-,333.15,0.3,0.203,0.0231,mole_fraction,0.0231,mole_fraction,,,not_reported,direct_positive,canonical_eligible,canonical_eligible,direct_measurement,yes,Bottinger2008|w=0.3|T=60,,,,Positive source observation admitted by the Gate 0 v2 contract.,cheq_canon_00222,
Bottinger2008_state_056|HCO3-,speciation,Bottinger2008,data/reference/MEA/observations/liquid_speciation/Bottinger_2007_ChEq.csv,56,HCO3-,333.15,0.3,0.203,0,mole_fraction,0,mole_fraction,,,not_reported,direct_zero,canonical_eligible,canonical_eligible,contextual,no,Bottinger2008|w=0.3|T=60,,,,Reported zero has no source-backed detection or censor bound and is retained as context only.,cheq_canon_00223,"{""HCO3-"":1.0,""CO3^2-"":1.0}"
Bottinger2008_state_056|CO3^2-,speciation,Bottinger2008,data/reference/MEA/observations/liquid_speciation/Bottinger_2007_ChEq.csv,56,CO3^2-,333.15,0.3,0.203,,,,,,,not_reported,balance_inferred,canonical_eligible,canonical_eligible,inferred_not_independent,no,Bottinger2008|w=0.3|T=60,,,,Balance-inferred context is not an independent measurement.,,
Bottinger2008_state_056|H3O+,speciation,Bottinger2008,data/reference/MEA/observations/liquid_speciation/Bottinger_2007_ChEq.csv,56,H3O+,333.15,0.3,0.203,,,,,,,not_reported,balance_inferred,canonical_eligible,canonical_eligible,inferred_not_independent,no,Bottinger2008|w=0.3|T=60,,,,Balance-inferred context is not an independent measurement.,,
Bottinger2008_state_056|OH-,speciation,Bottinger2008,data/reference/MEA/observations/liquid_speciation/Bottinger_2007_ChEq.csv,56,OH-,333.15,0.3,0.203,,,,,,,not_reported,balance_inferred,canonical_eligible,canonical_eligible,inferred_not_independent,no,Bottinger2008|w=0.3|T=60,,,,Balance-inferred context is not an independent measurement.,,
Bottinger2008_state_056|MEA + MEAH+,speciation,Bottinger2008,data/reference/MEA/observations/liquid_speciation/Bottinger_2007_ChEq.csv,56,MEA + MEAH+,333.15,0.3,0.203,0.0905,mole_fraction,0.0905,mole_fraction,,,not_reported,aggregate_direct_positive,canonical_eligible,canonical_eligible,aggregate_measurement,yes,Bottinger2008|w=0.3|T=60,,,,Positive source observation admitted by the Gate 0 v2 contract.,cheq_canon_00221,"{""MEA"":1.0,""MEAH+"":1.0}"
Bottinger2008_state_057|CO2,speciation,Bottinger2008,data/reference/MEA/observations/liquid_speciation/Bottinger_2007_ChEq.csv,57,CO2,333.15,0.3,0.277,0,,0,mole_fraction,,,not_reported,balance_inferred,canonical_eligible,canonical_eligible,inferred_not_independent,no,Bottinger2008|w=0.3|T=60,,,,Balance-inferred context is not an independent measurement.,cheq_canon_00224,
Bottinger2008_state_057|MEA,speciation,Bottinger2008,data/reference/MEA/observations/liquid_speciation/Bottinger_2007_ChEq.csv,57,MEA,333.15,0.3,0.277,,,,,,,not_reported,balance_inferred,canonical_eligible,canonical_eligible,inferred_not_independent,no,Bottinger2008|w=0.3|T=60,,,,The independently reported MEA + MEAH+ aggregate is used instead of its correlated constituent values.,,
Bottinger2008_state_057|MEAH+,speciation,Bottinger2008,data/reference/MEA/observations/liquid_speciation/Bottinger_2007_ChEq.csv,57,MEAH+,333.15,0.3,0.277,,,,,,,not_reported,balance_inferred,canonical_eligible,canonical_eligible,inferred_not_independent,no,Bottinger2008|w=0.3|T=60,,,,The independently reported MEA + MEAH+ aggregate is used instead of its correlated constituent values.,,
Bottinger2008_state_057|MEACOO-,speciation,Bottinger2008,data/reference/MEA/observations/liquid_speciation/Bottinger_2007_ChEq.csv,57,MEACOO-,333.15,0.3,0.277,0.0302,mole_fraction,0.0302,mole_fraction,,,not_reported,direct_positive,canonical_eligible,canonical_eligible,direct_measurement,yes,Bottinger2008|w=0.3|T=60,,,,Positive source observation admitted by the Gate 0 v2 contract.,cheq_canon_00226,
Bottinger2008_state_057|HCO3-,speciation,Bottinger2008,data/reference/MEA/observations/liquid_speciation/Bottinger_2007_ChEq.csv,57,HCO3-,333.15,0.3,0.277,0,mole_fraction,0,mole_fraction,,,not_reported,direct_zero,canonical_eligible,canonical_eligible,contextual,no,Bottinger2008|w=0.3|T=60,,,,Reported zero has no source-backed detection or censor bound and is retained as context only.,cheq_canon_00227,"{""HCO3-"":1.0,""CO3^2-"":1.0}"
Bottinger2008_state_057|CO3^2-,speciation,Bottinger2008,data/reference/MEA/observations/liquid_speciation/Bottinger_2007_ChEq.csv,57,CO3^2-,333.15,0.3,0.277,,,,,,,not_reported,balance_inferred,canonical_eligible,canonical_eligible,inferred_not_independent,no,Bottinger2008|w=0.3|T=60,,,,Balance-inferred context is not an independent measurement.,,
Bottinger2008_state_057|H3O+,speciation,Bottinger2008,data/reference/MEA/observations/liquid_speciation/Bottinger_2007_ChEq.csv,57,H3O+,333.15,0.3,0.277,,,,,,,not_reported,balance_inferred,canonical_eligible,canonical_eligible,inferred_not_independent,no,Bottinger2008|w=0.3|T=60,,,,Balance-inferred context is not an independent measurement.,,
Bottinger2008_state_057|OH-,speciation,Bottinger2008,data/reference/MEA/observations/liquid_speciation/Bottinger_2007_ChEq.csv,57,OH-,333.15,0.3,0.277,,,,,,,not_reported,balance_inferred,canonical_eligible,canonical_eligible,inferred_not_independent,no,Bottinger2008|w=0.3|T=60,,,,Balance-inferred context is not an independent measurement.,,
Bottinger2008_state_057|MEA + MEAH+,speciation,Bottinger2008,data/reference/MEA/observations/liquid_speciation/Bottinger_2007_ChEq.csv,57,MEA + MEAH+,333.15,0.3,0.277,0.0791,mole_fraction,0.0791,mole_fraction,,,not_reported,aggregate_direct_positive,canonical_eligible,canonical_eligible,aggregate_measurement,yes,Bottinger2008|w=0.3|T=60,,,,Positive source observation admitted by the Gate 0 v2 contract.,cheq_canon_00225,"{""MEA"":1.0,""MEAH+"":1.0}"
Bottinger2008_state_058|CO2,speciation,Bottinger2008,data/reference/MEA/observations/liquid_speciation/Bottinger_2007_ChEq.csv,58,CO2,333.15,0.3,0.415,0,,0,mole_fraction,,,not_reported,balance_inferred,canonical_eligible,canonical_eligible,inferred_not_independent,no,Bottinger2008|w=0.3|T=60,,,,Balance-inferred context is not an independent measurement.,cheq_canon_00228,
Bottinger2008_state_058|MEA,speciation,Bottinger2008,data/reference/MEA/observations/liquid_speciation/Bottinger_2007_ChEq.csv,58,MEA,333.15,0.3,0.415,,,,,,,not_reported,balance_inferred,canonical_eligible,canonical_eligible,inferred_not_independent,no,Bottinger2008|w=0.3|T=60,,,,The independently reported MEA + MEAH+ aggregate is used instead of its correlated constituent values.,,
Bottinger2008_state_058|MEAH+,speciation,Bottinger2008,data/reference/MEA/observations/liquid_speciation/Bottinger_2007_ChEq.csv,58,MEAH+,333.15,0.3,0.415,,,,,,,not_reported,balance_inferred,canonical_eligible,canonical_eligible,inferred_not_independent,no,Bottinger2008|w=0.3|T=60,,,,The independently reported MEA + MEAH+ aggregate is used instead of its correlated constituent values.,,
Bottinger2008_state_058|MEACOO-,speciation,Bottinger2008,data/reference/MEA/observations/liquid_speciation/Bottinger_2007_ChEq.csv,58,MEACOO-,333.15,0.3,0.415,0.0417,mole_fraction,0.0417,mole_fraction,,,not_reported,direct_positive,canonical_eligible,canonical_eligible,direct_measurement,yes,Bottinger2008|w=0.3|T=60,,,,Positive source observation admitted by the Gate 0 v2 contract.,cheq_canon_00230,
Bottinger2008_state_058|HCO3-,speciation,Bottinger2008,data/reference/MEA/observations/liquid_speciation/Bottinger_2007_ChEq.csv,58,HCO3-,333.15,0.3,0.415,0.0042,mole_fraction,0.0042,mole_fraction,,,not_reported,direct_positive,canonical_eligible,canonical_eligible,direct_measurement,yes,Bottinger2008|w=0.3|T=60,,,,Positive source observation admitted by the Gate 0 v2 contract.,cheq_canon_00231,"{""HCO3-"":1.0,""CO3^2-"":1.0}"
Bottinger2008_state_058|CO3^2-,speciation,Bottinger2008,data/reference/MEA/observations/liquid_speciation/Bottinger_2007_ChEq.csv,58,CO3^2-,333.15,0.3,0.415,,,,,,,not_reported,balance_inferred,canonical_eligible,canonical_eligible,inferred_not_independent,no,Bottinger2008|w=0.3|T=60,,,,Balance-inferred context is not an independent measurement.,,
Bottinger2008_state_058|H3O+,speciation,Bottinger2008,data/reference/MEA/observations/liquid_speciation/Bottinger_2007_ChEq.csv,58,H3O+,333.15,0.3,0.415,,,,,,,not_reported,balance_inferred,canonical_eligible,canonical_eligible,inferred_not_independent,no,Bottinger2008|w=0.3|T=60,,,,Balance-inferred context is not an independent measurement.,,
Bottinger2008_state_058|OH-,speciation,Bottinger2008,data/reference/MEA/observations/liquid_speciation/Bottinger_2007_ChEq.csv,58,OH-,333.15,0.3,0.415,,,,,,,not_reported,balance_inferred,canonical_eligible,canonical_eligible,inferred_not_independent,no,Bottinger2008|w=0.3|T=60,,,,Balance-inferred context is not an independent measurement.,,
Bottinger2008_state_058|MEA + MEAH+,speciation,Bottinger2008,data/reference/MEA/observations/liquid_speciation/Bottinger_2007_ChEq.csv,58,MEA + MEAH+,333.15,0.3,0.415,0.0687,mole_fraction,0.0687,mole_fraction,,,not_reported,aggregate_direct_positive,canonical_eligible,canonical_eligible,aggregate_measurement,yes,Bottinger2008|w=0.3|T=60,,,,Positive source observation admitted by the Gate 0 v2 contract.,cheq_canon_00229,"{""MEA"":1.0,""MEAH+"":1.0}"
Bottinger2008_state_059|CO2,speciation,Bottinger2008,data/reference/MEA/observations/liquid_speciation/Bottinger_2007_ChEq.csv,59,CO2,333.15,0.3,0.489,0,,0,mole_fraction,,,not_reported,balance_inferred,canonical_eligible,canonical_eligible,inferred_not_independent,no,Bottinger2008|w=0.3|T=60,,,,Balance-inferred context is not an independent measurement.,cheq_canon_00232,
Bottinger2008_state_059|MEA,speciation,Bottinger2008,data/reference/MEA/observations/liquid_speciation/Bottinger_2007_ChEq.csv,59,MEA,333.15,0.3,0.489,,,,,,,not_reported,balance_inferred,canonical_eligible,canonical_eligible,inferred_not_independent,no,Bottinger2008|w=0.3|T=60,,,,The independently reported MEA + MEAH+ aggregate is used instead of its correlated constituent values.,,
Bottinger2008_state_059|MEAH+,speciation,Bottinger2008,data/reference/MEA/observations/liquid_speciation/Bottinger_2007_ChEq.csv,59,MEAH+,333.15,0.3,0.489,,,,,,,not_reported,balance_inferred,canonical_eligible,canonical_eligible,inferred_not_independent,no,Bottinger2008|w=0.3|T=60,,,,The independently reported MEA + MEAH+ aggregate is used instead of its correlated constituent values.,,
Bottinger2008_state_059|MEACOO-,speciation,Bottinger2008,data/reference/MEA/observations/liquid_speciation/Bottinger_2007_ChEq.csv,59,MEACOO-,333.15,0.3,0.489,0.0424,mole_fraction,0.0424,mole_fraction,,,not_reported,direct_positive,canonical_eligible,canonical_eligible,direct_measurement,yes,Bottinger2008|w=0.3|T=60,,,,Positive source observation admitted by the Gate 0 v2 contract.,cheq_canon_00234,
Bottinger2008_state_059|HCO3-,speciation,Bottinger2008,data/reference/MEA/observations/liquid_speciation/Bottinger_2007_ChEq.csv,59,HCO3-,333.15,0.3,0.489,0.0072,mole_fraction,0.0072,mole_fraction,,,not_reported,direct_positive,canonical_eligible,canonical_eligible,direct_measurement,yes,Bottinger2008|w=0.3|T=60,,,,Positive source observation admitted by the Gate 0 v2 contract.,cheq_canon_00235,"{""HCO3-"":1.0,""CO3^2-"":1.0}"
Bottinger2008_state_059|CO3^2-,speciation,Bottinger2008,data/reference/MEA/observations/liquid_speciation/Bottinger_2007_ChEq.csv,59,CO3^2-,333.15,0.3,0.489,,,,,,,not_reported,balance_inferred,canonical_eligible,canonical_eligible,inferred_not_independent,no,Bottinger2008|w=0.3|T=60,,,,Balance-inferred context is not an independent measurement.,,
Bottinger2008_state_059|H3O+,speciation,Bottinger2008,data/reference/MEA/observations/liquid_speciation/Bottinger_2007_ChEq.csv,59,H3O+,333.15,0.3,0.489,,,,,,,not_reported,balance_inferred,canonical_eligible,canonical_eligible,inferred_not_independent,no,Bottinger2008|w=0.3|T=60,,,,Balance-inferred context is not an independent measurement.,,
Bottinger2008_state_059|OH-,speciation,Bottinger2008,data/reference/MEA/observations/liquid_speciation/Bottinger_2007_ChEq.csv,59,OH-,333.15,0.3,0.489,,,,,,,not_reported,balance_inferred,canonical_eligible,canonical_eligible,inferred_not_independent,no,Bottinger2008|w=0.3|T=60,,,,Balance-inferred context is not an independent measurement.,,
Bottinger2008_state_059|MEA + MEAH+,speciation,Bottinger2008,data/reference/MEA/observations/liquid_speciation/Bottinger_2007_ChEq.csv,59,MEA + MEAH+,333.15,0.3,0.489,0.068,mole_fraction,0.068,mole_fraction,,,not_reported,aggregate_direct_positive,canonical_eligible,canonical_eligible,aggregate_measurement,yes,Bottinger2008|w=0.3|T=60,,,,Positive source observation admitted by the Gate 0 v2 contract.,cheq_canon_00233,"{""MEA"":1.0,""MEAH+"":1.0}"
Bottinger2008_state_060|CO2,speciation,Bottinger2008,data/reference/MEA/observations/liquid_speciation/Bottinger_2007_ChEq.csv,60,CO2,333.15,0.3,0.559,0,,0,mole_fraction,,,not_reported,balance_inferred,canonical_eligible,canonical_eligible,inferred_not_independent,no,Bottinger2008|w=0.3|T=60,,,,Balance-inferred context is not an independent measurement.,cheq_canon_00236,
Bottinger2008_state_060|MEA,speciation,Bottinger2008,data/reference/MEA/observations/liquid_speciation/Bottinger_2007_ChEq.csv,60,MEA,333.15,0.3,0.559,,,,,,,not_reported,balance_inferred,canonical_eligible,canonical_eligible,inferred_not_independent,no,Bottinger2008|w=0.3|T=60,,,,The independently reported MEA + MEAH+ aggregate is used instead of its correlated constituent values.,,
Bottinger2008_state_060|MEAH+,speciation,Bottinger2008,data/reference/MEA/observations/liquid_speciation/Bottinger_2007_ChEq.csv,60,MEAH+,333.15,0.3,0.559,,,,,,,not_reported,balance_inferred,canonical_eligible,canonical_eligible,inferred_not_independent,no,Bottinger2008|w=0.3|T=60,,,,The independently reported MEA + MEAH+ aggregate is used instead of its correlated constituent values.,,
Bottinger2008_state_060|MEACOO-,speciation,Bottinger2008,data/reference/MEA/observations/liquid_speciation/Bottinger_2007_ChEq.csv,60,MEACOO-,333.15,0.3,0.559,0.0455,mole_fraction,0.0455,mole_fraction,,,not_reported,direct_positive,canonical_eligible,canonical_eligible,contextual,no,Bottinger2008|w=0.3|T=60,,,,Böttinger reports quantifiable 2-oxazolidone above about 0.5 mol CO2/mol MEA; the nine-species model omits that byproduct.,cheq_canon_00238,
Bottinger2008_state_060|HCO3-,speciation,Bottinger2008,data/reference/MEA/observations/liquid_speciation/Bottinger_2007_ChEq.csv,60,HCO3-,333.15,0.3,0.559,0.0163,mole_fraction,0.0163,mole_fraction,,,not_reported,direct_positive,canonical_eligible,canonical_eligible,contextual,no,Bottinger2008|w=0.3|T=60,,,,Böttinger reports quantifiable 2-oxazolidone above about 0.5 mol CO2/mol MEA; the nine-species model omits that byproduct.,cheq_canon_00239,"{""HCO3-"":1.0,""CO3^2-"":1.0}"
Bottinger2008_state_060|CO3^2-,speciation,Bottinger2008,data/reference/MEA/observations/liquid_speciation/Bottinger_2007_ChEq.csv,60,CO3^2-,333.15,0.3,0.559,,,,,,,not_reported,balance_inferred,canonical_eligible,canonical_eligible,inferred_not_independent,no,Bottinger2008|w=0.3|T=60,,,,Balance-inferred context is not an independent measurement.,,
Bottinger2008_state_060|H3O+,speciation,Bottinger2008,data/reference/MEA/observations/liquid_speciation/Bottinger_2007_ChEq.csv,60,H3O+,333.15,0.3,0.559,,,,,,,not_reported,balance_inferred,canonical_eligible,canonical_eligible,inferred_not_independent,no,Bottinger2008|w=0.3|T=60,,,,Balance-inferred context is not an independent measurement.,,
Bottinger2008_state_060|OH-,speciation,Bottinger2008,data/reference/MEA/observations/liquid_speciation/Bottinger_2007_ChEq.csv,60,OH-,333.15,0.3,0.559,,,,,,,not_reported,balance_inferred,canonical_eligible,canonical_eligible,inferred_not_independent,no,Bottinger2008|w=0.3|T=60,,,,Balance-inferred context is not an independent measurement.,,
Bottinger2008_state_060|MEA + MEAH+,speciation,Bottinger2008,data/reference/MEA/observations/liquid_speciation/Bottinger_2007_ChEq.csv,60,MEA + MEAH+,333.15,0.3,0.559,0.0652,mole_fraction,0.0652,mole_fraction,,,not_reported,aggregate_direct_positive,canonical_eligible,canonical_eligible,contextual,no,Bottinger2008|w=0.3|T=60,,,,Böttinger reports quantifiable 2-oxazolidone above about 0.5 mol CO2/mol MEA; the nine-species model omits that byproduct.,cheq_canon_00237,"{""MEA"":1.0,""MEAH+"":1.0}"
Bottinger2008_state_061|CO2,speciation,Bottinger2008,data/reference/MEA/observations/liquid_speciation/Bottinger_2007_ChEq.csv,61,CO2,333.15,0.3,0.613,0,,0,mole_fraction,,,not_reported,balance_inferred,canonical_eligible,canonical_eligible,inferred_not_independent,no,Bottinger2008|w=0.3|T=60,,,,Balance-inferred context is not an independent measurement.,cheq_canon_00240,
Bottinger2008_state_061|MEA,speciation,Bottinger2008,data/reference/MEA/observations/liquid_speciation/Bottinger_2007_ChEq.csv,61,MEA,333.15,0.3,0.613,,,,,,,not_reported,balance_inferred,canonical_eligible,canonical_eligible,inferred_not_independent,no,Bottinger2008|w=0.3|T=60,,,,The independently reported MEA + MEAH+ aggregate is used instead of its correlated constituent values.,,
Bottinger2008_state_061|MEAH+,speciation,Bottinger2008,data/reference/MEA/observations/liquid_speciation/Bottinger_2007_ChEq.csv,61,MEAH+,333.15,0.3,0.613,,,,,,,not_reported,balance_inferred,canonical_eligible,canonical_eligible,inferred_not_independent,no,Bottinger2008|w=0.3|T=60,,,,The independently reported MEA + MEAH+ aggregate is used instead of its correlated constituent values.,,
Bottinger2008_state_061|MEACOO-,speciation,Bottinger2008,data/reference/MEA/observations/liquid_speciation/Bottinger_2007_ChEq.csv,61,MEACOO-,333.15,0.3,0.613,0.0375,mole_fraction,0.0375,mole_fraction,,,not_reported,direct_positive,canonical_eligible,canonical_eligible,contextual,no,Bottinger2008|w=0.3|T=60,,,,Böttinger reports quantifiable 2-oxazolidone above about 0.5 mol CO2/mol MEA; the nine-species model omits that byproduct.,cheq_canon_00242,
Bottinger2008_state_061|HCO3-,speciation,Bottinger2008,data/reference/MEA/observations/liquid_speciation/Bottinger_2007_ChEq.csv,61,HCO3-,333.15,0.3,0.613,0.0304,mole_fraction,0.0304,mole_fraction,,,not_reported,direct_positive,canonical_eligible,canonical_eligible,contextual,no,Bottinger2008|w=0.3|T=60,,,,Böttinger reports quantifiable 2-oxazolidone above about 0.5 mol CO2/mol MEA; the nine-species model omits that byproduct.,cheq_canon_00243,"{""HCO3-"":1.0,""CO3^2-"":1.0}"
Bottinger2008_state_061|CO3^2-,speciation,Bottinger2008,data/reference/MEA/observations/liquid_speciation/Bottinger_2007_ChEq.csv,61,CO3^2-,333.15,0.3,0.613,,,,,,,not_reported,balance_inferred,canonical_eligible,canonical_eligible,inferred_not_independent,no,Bottinger2008|w=0.3|T=60,,,,Balance-inferred context is not an independent measurement.,,
Bottinger2008_state_061|H3O+,speciation,Bottinger2008,data/reference/MEA/observations/liquid_speciation/Bottinger_2007_ChEq.csv,61,H3O+,333.15,0.3,0.613,,,,,,,not_reported,balance_inferred,canonical_eligible,canonical_eligible,inferred_not_independent,no,Bottinger2008|w=0.3|T=60,,,,Balance-inferred context is not an independent measurement.,,
Bottinger2008_state_061|OH-,speciation,Bottinger2008,data/reference/MEA/observations/liquid_speciation/Bottinger_2007_ChEq.csv,61,OH-,333.15,0.3,0.613,,,,,,,not_reported,balance_inferred,canonical_eligible,canonical_eligible,inferred_not_independent,no,Bottinger2008|w=0.3|T=60,,,,Balance-inferred context is not an independent measurement.,,
Bottinger2008_state_061|MEA + MEAH+,speciation,Bottinger2008,data/reference/MEA/observations/liquid_speciation/Bottinger_2007_ChEq.csv,61,MEA + MEAH+,333.15,0.3,0.613,0.0678,mole_fraction,0.0678,mole_fraction,,,not_reported,aggregate_direct_positive,canonical_eligible,canonical_eligible,contextual,no,Bottinger2008|w=0.3|T=60,,,,Böttinger reports quantifiable 2-oxazolidone above about 0.5 mol CO2/mol MEA; the nine-species model omits that byproduct.,cheq_canon_00241,"{""MEA"":1.0,""MEAH+"":1.0}"
Bottinger2008_state_062|CO2,speciation,Bottinger2008,data/reference/MEA/observations/liquid_speciation/Bottinger_2007_ChEq.csv,62,CO2,333.15,0.3,0.766,0,,0,mole_fraction,,,not_reported,balance_inferred,canonical_eligible,canonical_eligible,inferred_not_independent,no,Bottinger2008|w=0.3|T=60,,,,Balance-inferred context is not an independent measurement.,cheq_canon_00244,
Bottinger2008_state_062|MEA,speciation,Bottinger2008,data/reference/MEA/observations/liquid_speciation/Bottinger_2007_ChEq.csv,62,MEA,333.15,0.3,0.766,,,,,,,not_reported,balance_inferred,canonical_eligible,canonical_eligible,inferred_not_independent,no,Bottinger2008|w=0.3|T=60,,,,The independently reported MEA + MEAH+ aggregate is used instead of its correlated constituent values.,,
Bottinger2008_state_062|MEAH+,speciation,Bottinger2008,data/reference/MEA/observations/liquid_speciation/Bottinger_2007_ChEq.csv,62,MEAH+,333.15,0.3,0.766,,,,,,,not_reported,balance_inferred,canonical_eligible,canonical_eligible,inferred_not_independent,no,Bottinger2008|w=0.3|T=60,,,,The independently reported MEA + MEAH+ aggregate is used instead of its correlated constituent values.,,
Bottinger2008_state_062|MEACOO-,speciation,Bottinger2008,data/reference/MEA/observations/liquid_speciation/Bottinger_2007_ChEq.csv,62,MEACOO-,333.15,0.3,0.766,0.0357,mole_fraction,0.0357,mole_fraction,,,not_reported,direct_positive,canonical_eligible,canonical_eligible,contextual,no,Bottinger2008|w=0.3|T=60,,,,Böttinger reports quantifiable 2-oxazolidone above about 0.5 mol CO2/mol MEA; the nine-species model omits that byproduct.,cheq_canon_00246,
Bottinger2008_state_062|HCO3-,speciation,Bottinger2008,data/reference/MEA/observations/liquid_speciation/Bottinger_2007_ChEq.csv,62,HCO3-,333.15,0.3,0.766,0.0229,mole_fraction,0.0229,mole_fraction,,,not_reported,direct_positive,canonical_eligible,canonical_eligible,contextual,no,Bottinger2008|w=0.3|T=60,,,,Böttinger reports quantifiable 2-oxazolidone above about 0.5 mol CO2/mol MEA; the nine-species model omits that byproduct.,cheq_canon_00247,"{""HCO3-"":1.0,""CO3^2-"":1.0}"
Bottinger2008_state_062|CO3^2-,speciation,Bottinger2008,data/reference/MEA/observations/liquid_speciation/Bottinger_2007_ChEq.csv,62,CO3^2-,333.15,0.3,0.766,,,,,,,not_reported,balance_inferred,canonical_eligible,canonical_eligible,inferred_not_independent,no,Bottinger2008|w=0.3|T=60,,,,Balance-inferred context is not an independent measurement.,,
Bottinger2008_state_062|H3O+,speciation,Bottinger2008,data/reference/MEA/observations/liquid_speciation/Bottinger_2007_ChEq.csv,62,H3O+,333.15,0.3,0.766,,,,,,,not_reported,balance_inferred,canonical_eligible,canonical_eligible,inferred_not_independent,no,Bottinger2008|w=0.3|T=60,,,,Balance-inferred context is not an independent measurement.,,
Bottinger2008_state_062|OH-,speciation,Bottinger2008,data/reference/MEA/observations/liquid_speciation/Bottinger_2007_ChEq.csv,62,OH-,333.15,0.3,0.766,,,,,,,not_reported,balance_inferred,canonical_eligible,canonical_eligible,inferred_not_independent,no,Bottinger2008|w=0.3|T=60,,,,Balance-inferred context is not an independent measurement.,,
Bottinger2008_state_062|MEA + MEAH+,speciation,Bottinger2008,data/reference/MEA/observations/liquid_speciation/Bottinger_2007_ChEq.csv,62,MEA + MEAH+,333.15,0.3,0.766,0.0702,mole_fraction,0.0702,mole_fraction,,,not_reported,aggregate_direct_positive,canonical_eligible,canonical_eligible,contextual,no,Bottinger2008|w=0.3|T=60,,,,Böttinger reports quantifiable 2-oxazolidone above about 0.5 mol CO2/mol MEA; the nine-species model omits that byproduct.,cheq_canon_00245,"{""MEA"":1.0,""MEAH+"":1.0}"
Bottinger2008_state_063|CO2,speciation,Bottinger2008,data/reference/MEA/observations/liquid_speciation/Bottinger_2007_ChEq.csv,63,CO2,353.15,0.31,0.064,0,,0,mole_fraction,,,not_reported,balance_inferred,canonical_eligible,canonical_eligible,inferred_not_independent,no,Bottinger2008|w=0.31|T=80,,,,Balance-inferred context is not an independent measurement.,cheq_canon_00248,
Bottinger2008_state_063|MEA,speciation,Bottinger2008,data/reference/MEA/observations/liquid_speciation/Bottinger_2007_ChEq.csv,63,MEA,353.15,0.31,0.064,,,,,,,not_reported,balance_inferred,canonical_eligible,canonical_eligible,inferred_not_independent,no,Bottinger2008|w=0.31|T=80,,,,The independently reported MEA + MEAH+ aggregate is used instead of its correlated constituent values.,,
Bottinger2008_state_063|MEAH+,speciation,Bottinger2008,data/reference/MEA/observations/liquid_speciation/Bottinger_2007_ChEq.csv,63,MEAH+,353.15,0.31,0.064,,,,,,,not_reported,balance_inferred,canonical_eligible,canonical_eligible,inferred_not_independent,no,Bottinger2008|w=0.31|T=80,,,,The independently reported MEA + MEAH+ aggregate is used instead of its correlated constituent values.,,
Bottinger2008_state_063|MEACOO-,speciation,Bottinger2008,data/reference/MEA/observations/liquid_speciation/Bottinger_2007_ChEq.csv,63,MEACOO-,353.15,0.31,0.064,0.0068,mole_fraction,0.0068,mole_fraction,,,not_reported,direct_positive,canonical_eligible,canonical_eligible,direct_measurement,yes,Bottinger2008|w=0.31|T=80,,,,Positive source observation admitted by the Gate 0 v2 contract.,cheq_canon_00250,
Bottinger2008_state_063|HCO3-,speciation,Bottinger2008,data/reference/MEA/observations/liquid_speciation/Bottinger_2007_ChEq.csv,63,HCO3-,353.15,0.31,0.064,0,mole_fraction,0,mole_fraction,,,not_reported,direct_zero,canonical_eligible,canonical_eligible,contextual,no,Bottinger2008|w=0.31|T=80,,,,Reported zero has no source-backed detection or censor bound and is retained as context only.,cheq_canon_00251,"{""HCO3-"":1.0,""CO3^2-"":1.0}"
Bottinger2008_state_063|CO3^2-,speciation,Bottinger2008,data/reference/MEA/observations/liquid_speciation/Bottinger_2007_ChEq.csv,63,CO3^2-,353.15,0.31,0.064,,,,,,,not_reported,balance_inferred,canonical_eligible,canonical_eligible,inferred_not_independent,no,Bottinger2008|w=0.31|T=80,,,,Balance-inferred context is not an independent measurement.,,
Bottinger2008_state_063|H3O+,speciation,Bottinger2008,data/reference/MEA/observations/liquid_speciation/Bottinger_2007_ChEq.csv,63,H3O+,353.15,0.31,0.064,,,,,,,not_reported,balance_inferred,canonical_eligible,canonical_eligible,inferred_not_independent,no,Bottinger2008|w=0.31|T=80,,,,Balance-inferred context is not an independent measurement.,,
Bottinger2008_state_063|OH-,speciation,Bottinger2008,data/reference/MEA/observations/liquid_speciation/Bottinger_2007_ChEq.csv,63,OH-,353.15,0.31,0.064,,,,,,,not_reported,balance_inferred,canonical_eligible,canonical_eligible,inferred_not_independent,no,Bottinger2008|w=0.31|T=80,,,,Balance-inferred context is not an independent measurement.,,
Bottinger2008_state_063|MEA + MEAH+,speciation,Bottinger2008,data/reference/MEA/observations/liquid_speciation/Bottinger_2007_ChEq.csv,63,MEA + MEAH+,353.15,0.31,0.064,0.1084,mole_fraction,0.1084,mole_fraction,,,not_reported,aggregate_direct_positive,canonical_eligible,canonical_eligible,aggregate_measurement,yes,Bottinger2008|w=0.31|T=80,,,,Positive source observation admitted by the Gate 0 v2 contract.,cheq_canon_00249,"{""MEA"":1.0,""MEAH+"":1.0}"
Bottinger2008_state_064|CO2,speciation,Bottinger2008,data/reference/MEA/observations/liquid_speciation/Bottinger_2007_ChEq.csv,64,CO2,353.15,0.31,0.141,0,,0,mole_fraction,,,not_reported,balance_inferred,canonical_eligible,canonical_eligible,inferred_not_independent,no,Bottinger2008|w=0.31|T=80,,,,Balance-inferred context is not an independent measurement.,cheq_canon_00252,
Bottinger2008_state_064|MEA,speciation,Bottinger2008,data/reference/MEA/observations/liquid_speciation/Bottinger_2007_ChEq.csv,64,MEA,353.15,0.31,0.141,,,,,,,not_reported,balance_inferred,canonical_eligible,canonical_eligible,inferred_not_independent,no,Bottinger2008|w=0.31|T=80,,,,The independently reported MEA + MEAH+ aggregate is used instead of its correlated constituent values.,,
Bottinger2008_state_064|MEAH+,speciation,Bottinger2008,data/reference/MEA/observations/liquid_speciation/Bottinger_2007_ChEq.csv,64,MEAH+,353.15,0.31,0.141,,,,,,,not_reported,balance_inferred,canonical_eligible,canonical_eligible,inferred_not_independent,no,Bottinger2008|w=0.31|T=80,,,,The independently reported MEA + MEAH+ aggregate is used instead of its correlated constituent values.,,
Bottinger2008_state_064|MEACOO-,speciation,Bottinger2008,data/reference/MEA/observations/liquid_speciation/Bottinger_2007_ChEq.csv,64,MEACOO-,353.15,0.31,0.141,0.014,mole_fraction,0.014,mole_fraction,,,not_reported,direct_positive,canonical_eligible,canonical_eligible,direct_measurement,yes,Bottinger2008|w=0.31|T=80,,,,Positive source observation admitted by the Gate 0 v2 contract.,cheq_canon_00254,
Bottinger2008_state_064|HCO3-,speciation,Bottinger2008,data/reference/MEA/observations/liquid_speciation/Bottinger_2007_ChEq.csv,64,HCO3-,353.15,0.31,0.141,0,mole_fraction,0,mole_fraction,,,not_reported,direct_zero,canonical_eligible,canonical_eligible,contextual,no,Bottinger2008|w=0.31|T=80,,,,Reported zero has no source-backed detection or censor bound and is retained as context only.,cheq_canon_00255,"{""HCO3-"":1.0,""CO3^2-"":1.0}"
Bottinger2008_state_064|CO3^2-,speciation,Bottinger2008,data/reference/MEA/observations/liquid_speciation/Bottinger_2007_ChEq.csv,64,CO3^2-,353.15,0.31,0.141,,,,,,,not_reported,balance_inferred,canonical_eligible,canonical_eligible,inferred_not_independent,no,Bottinger2008|w=0.31|T=80,,,,Balance-inferred context is not an independent measurement.,,
Bottinger2008_state_064|H3O+,speciation,Bottinger2008,data/reference/MEA/observations/liquid_speciation/Bottinger_2007_ChEq.csv,64,H3O+,353.15,0.31,0.141,,,,,,,not_reported,balance_inferred,canonical_eligible,canonical_eligible,inferred_not_independent,no,Bottinger2008|w=0.31|T=80,,,,Balance-inferred context is not an independent measurement.,,
Bottinger2008_state_064|OH-,speciation,Bottinger2008,data/reference/MEA/observations/liquid_speciation/Bottinger_2007_ChEq.csv,64,OH-,353.15,0.31,0.141,,,,,,,not_reported,balance_inferred,canonical_eligible,canonical_eligible,inferred_not_independent,no,Bottinger2008|w=0.31|T=80,,,,Balance-inferred context is not an independent measurement.,,
Bottinger2008_state_064|MEA + MEAH+,speciation,Bottinger2008,data/reference/MEA/observations/liquid_speciation/Bottinger_2007_ChEq.csv,64,MEA + MEAH+,353.15,0.31,0.141,0.1005,mole_fraction,0.1005,mole_fraction,,,not_reported,aggregate_direct_positive,canonical_eligible,canonical_eligible,aggregate_measurement,yes,Bottinger2008|w=0.31|T=80,,,,Positive source observation admitted by the Gate 0 v2 contract.,cheq_canon_00253,"{""MEA"":1.0,""MEAH+"":1.0}"
Bottinger2008_state_065|CO2,speciation,Bottinger2008,data/reference/MEA/observations/liquid_speciation/Bottinger_2007_ChEq.csv,65,CO2,353.15,0.31,0.245,0,,0,mole_fraction,,,not_reported,balance_inferred,canonical_eligible,canonical_eligible,inferred_not_independent,no,Bottinger2008|w=0.31|T=80,,,,Balance-inferred context is not an independent measurement.,cheq_canon_00256,
Bottinger2008_state_065|MEA,speciation,Bottinger2008,data/reference/MEA/observations/liquid_speciation/Bottinger_2007_ChEq.csv,65,MEA,353.15,0.31,0.245,,,,,,,not_reported,balance_inferred,canonical_eligible,canonical_eligible,inferred_not_independent,no,Bottinger2008|w=0.31|T=80,,,,The independently reported MEA + MEAH+ aggregate is used instead of its correlated constituent values.,,
Bottinger2008_state_065|MEAH+,speciation,Bottinger2008,data/reference/MEA/observations/liquid_speciation/Bottinger_2007_ChEq.csv,65,MEAH+,353.15,0.31,0.245,,,,,,,not_reported,balance_inferred,canonical_eligible,canonical_eligible,inferred_not_independent,no,Bottinger2008|w=0.31|T=80,,,,The independently reported MEA + MEAH+ aggregate is used instead of its correlated constituent values.,,
Bottinger2008_state_065|MEACOO-,speciation,Bottinger2008,data/reference/MEA/observations/liquid_speciation/Bottinger_2007_ChEq.csv,65,MEACOO-,353.15,0.31,0.245,0.0224,mole_fraction,0.0224,mole_fraction,,,not_reported,direct_positive,canonical_eligible,canonical_eligible,direct_measurement,yes,Bottinger2008|w=0.31|T=80,,,,Positive source observation admitted by the Gate 0 v2 contract.,cheq_canon_00258,
Bottinger2008_state_065|HCO3-,speciation,Bottinger2008,data/reference/MEA/observations/liquid_speciation/Bottinger_2007_ChEq.csv,65,HCO3-,353.15,0.31,0.245,0,mole_fraction,0,mole_fraction,,,not_reported,direct_zero,canonical_eligible,canonical_eligible,contextual,no,Bottinger2008|w=0.31|T=80,,,,Reported zero has no source-backed detection or censor bound and is retained as context only.,cheq_canon_00259,"{""HCO3-"":1.0,""CO3^2-"":1.0}"
Bottinger2008_state_065|CO3^2-,speciation,Bottinger2008,data/reference/MEA/observations/liquid_speciation/Bottinger_2007_ChEq.csv,65,CO3^2-,353.15,0.31,0.245,,,,,,,not_reported,balance_inferred,canonical_eligible,canonical_eligible,inferred_not_independent,no,Bottinger2008|w=0.31|T=80,,,,Balance-inferred context is not an independent measurement.,,
Bottinger2008_state_065|H3O+,speciation,Bottinger2008,data/reference/MEA/observations/liquid_speciation/Bottinger_2007_ChEq.csv,65,H3O+,353.15,0.31,0.245,,,,,,,not_reported,balance_inferred,canonical_eligible,canonical_eligible,inferred_not_independent,no,Bottinger2008|w=0.31|T=80,,,,Balance-inferred context is not an independent measurement.,,
Bottinger2008_state_065|OH-,speciation,Bottinger2008,data/reference/MEA/observations/liquid_speciation/Bottinger_2007_ChEq.csv,65,OH-,353.15,0.31,0.245,,,,,,,not_reported,balance_inferred,canonical_eligible,canonical_eligible,inferred_not_independent,no,Bottinger2008|w=0.31|T=80,,,,Balance-inferred context is not an independent measurement.,,
Bottinger2008_state_065|MEA + MEAH+,speciation,Bottinger2008,data/reference/MEA/observations/liquid_speciation/Bottinger_2007_ChEq.csv,65,MEA + MEAH+,353.15,0.31,0.245,0.0906,mole_fraction,0.0906,mole_fraction,,,not_reported,aggregate_direct_positive,canonical_eligible,canonical_eligible,aggregate_measurement,yes,Bottinger2008|w=0.31|T=80,,,,Positive source observation admitted by the Gate 0 v2 contract.,cheq_canon_00257,"{""MEA"":1.0,""MEAH+"":1.0}"
Bottinger2008_state_066|CO2,speciation,Bottinger2008,data/reference/MEA/observations/liquid_speciation/Bottinger_2007_ChEq.csv,66,CO2,353.15,0.31,0.336,0,,0,mole_fraction,,,not_reported,balance_inferred,canonical_eligible,canonical_eligible,inferred_not_independent,no,Bottinger2008|w=0.31|T=80,,,,Balance-inferred context is not an independent measurement.,cheq_canon_00260,
Bottinger2008_state_066|MEA,speciation,Bottinger2008,data/reference/MEA/observations/liquid_speciation/Bottinger_2007_ChEq.csv,66,MEA,353.15,0.31,0.336,,,,,,,not_reported,balance_inferred,canonical_eligible,canonical_eligible,inferred_not_independent,no,Bottinger2008|w=0.31|T=80,,,,The independently reported MEA + MEAH+ aggregate is used instead of its correlated constituent values.,,
Bottinger2008_state_066|MEAH+,speciation,Bottinger2008,data/reference/MEA/observations/liquid_speciation/Bottinger_2007_ChEq.csv,66,MEAH+,353.15,0.31,0.336,,,,,,,not_reported,balance_inferred,canonical_eligible,canonical_eligible,inferred_not_independent,no,Bottinger2008|w=0.31|T=80,,,,The independently reported MEA + MEAH+ aggregate is used instead of its correlated constituent values.,,
Bottinger2008_state_066|MEACOO-,speciation,Bottinger2008,data/reference/MEA/observations/liquid_speciation/Bottinger_2007_ChEq.csv,66,MEACOO-,353.15,0.31,0.336,0.0337,mole_fraction,0.0337,mole_fraction,,,not_reported,direct_positive,canonical_eligible,canonical_eligible,direct_measurement,yes,Bottinger2008|w=0.31|T=80,,,,Positive source observation admitted by the Gate 0 v2 contract.,cheq_canon_00262,
Bottinger2008_state_066|HCO3-,speciation,Bottinger2008,data/reference/MEA/observations/liquid_speciation/Bottinger_2007_ChEq.csv,66,HCO3-,353.15,0.31,0.336,0,mole_fraction,0,mole_fraction,,,not_reported,direct_zero,canonical_eligible,canonical_eligible,contextual,no,Bottinger2008|w=0.31|T=80,,,,Reported zero has no source-backed detection or censor bound and is retained as context only.,cheq_canon_00263,"{""HCO3-"":1.0,""CO3^2-"":1.0}"
Bottinger2008_state_066|CO3^2-,speciation,Bottinger2008,data/reference/MEA/observations/liquid_speciation/Bottinger_2007_ChEq.csv,66,CO3^2-,353.15,0.31,0.336,,,,,,,not_reported,balance_inferred,canonical_eligible,canonical_eligible,inferred_not_independent,no,Bottinger2008|w=0.31|T=80,,,,Balance-inferred context is not an independent measurement.,,
Bottinger2008_state_066|H3O+,speciation,Bottinger2008,data/reference/MEA/observations/liquid_speciation/Bottinger_2007_ChEq.csv,66,H3O+,353.15,0.31,0.336,,,,,,,not_reported,balance_inferred,canonical_eligible,canonical_eligible,inferred_not_independent,no,Bottinger2008|w=0.31|T=80,,,,Balance-inferred context is not an independent measurement.,,
Bottinger2008_state_066|OH-,speciation,Bottinger2008,data/reference/MEA/observations/liquid_speciation/Bottinger_2007_ChEq.csv,66,OH-,353.15,0.31,0.336,,,,,,,not_reported,balance_inferred,canonical_eligible,canonical_eligible,inferred_not_independent,no,Bottinger2008|w=0.31|T=80,,,,Balance-inferred context is not an independent measurement.,,
Bottinger2008_state_066|MEA + MEAH+,speciation,Bottinger2008,data/reference/MEA/observations/liquid_speciation/Bottinger_2007_ChEq.csv,66,MEA + MEAH+,353.15,0.31,0.336,0.0858,mole_fraction,0.0858,mole_fraction,,,not_reported,aggregate_direct_positive,canonical_eligible,canonical_eligible,aggregate_measurement,yes,Bottinger2008|w=0.31|T=80,,,,Positive source observation admitted by the Gate 0 v2 contract.,cheq_canon_00261,"{""MEA"":1.0,""MEAH+"":1.0}"
Bottinger2008_state_067|CO2,speciation,Bottinger2008,data/reference/MEA/observations/liquid_speciation/Bottinger_2007_ChEq.csv,67,CO2,353.15,0.31,0.398,0,,0,mole_fraction,,,not_reported,balance_inferred,canonical_eligible,canonical_eligible,inferred_not_independent,no,Bottinger2008|w=0.31|T=80,,,,Balance-inferred context is not an independent measurement.,cheq_canon_00264,
Bottinger2008_state_067|MEA,speciation,Bottinger2008,data/reference/MEA/observations/liquid_speciation/Bottinger_2007_ChEq.csv,67,MEA,353.15,0.31,0.398,,,,,,,not_reported,balance_inferred,canonical_eligible,canonical_eligible,inferred_not_independent,no,Bottinger2008|w=0.31|T=80,,,,The independently reported MEA + MEAH+ aggregate is used instead of its correlated constituent values.,,
Bottinger2008_state_067|MEAH+,speciation,Bottinger2008,data/reference/MEA/observations/liquid_speciation/Bottinger_2007_ChEq.csv,67,MEAH+,353.15,0.31,0.398,,,,,,,not_reported,balance_inferred,canonical_eligible,canonical_eligible,inferred_not_independent,no,Bottinger2008|w=0.31|T=80,,,,The independently reported MEA + MEAH+ aggregate is used instead of its correlated constituent values.,,
Bottinger2008_state_067|MEACOO-,speciation,Bottinger2008,data/reference/MEA/observations/liquid_speciation/Bottinger_2007_ChEq.csv,67,MEACOO-,353.15,0.31,0.398,0.0336,mole_fraction,0.0336,mole_fraction,,,not_reported,direct_positive,canonical_eligible,canonical_eligible,direct_measurement,yes,Bottinger2008|w=0.31|T=80,,,,Positive source observation admitted by the Gate 0 v2 contract.,cheq_canon_00266,
Bottinger2008_state_067|HCO3-,speciation,Bottinger2008,data/reference/MEA/observations/liquid_speciation/Bottinger_2007_ChEq.csv,67,HCO3-,353.15,0.31,0.398,0.0046,mole_fraction,0.0046,mole_fraction,,,not_reported,direct_positive,canonical_eligible,canonical_eligible,direct_measurement,yes,Bottinger2008|w=0.31|T=80,,,,Positive source observation admitted by the Gate 0 v2 contract.,cheq_canon_00267,"{""HCO3-"":1.0,""CO3^2-"":1.0}"
Bottinger2008_state_067|CO3^2-,speciation,Bottinger2008,data/reference/MEA/observations/liquid_speciation/Bottinger_2007_ChEq.csv,67,CO3^2-,353.15,0.31,0.398,,,,,,,not_reported,balance_inferred,canonical_eligible,canonical_eligible,inferred_not_independent,no,Bottinger2008|w=0.31|T=80,,,,Balance-inferred context is not an independent measurement.,,
Bottinger2008_state_067|H3O+,speciation,Bottinger2008,data/reference/MEA/observations/liquid_speciation/Bottinger_2007_ChEq.csv,67,H3O+,353.15,0.31,0.398,,,,,,,not_reported,balance_inferred,canonical_eligible,canonical_eligible,inferred_not_independent,no,Bottinger2008|w=0.31|T=80,,,,Balance-inferred context is not an independent measurement.,,
Bottinger2008_state_067|OH-,speciation,Bottinger2008,data/reference/MEA/observations/liquid_speciation/Bottinger_2007_ChEq.csv,67,OH-,353.15,0.31,0.398,,,,,,,not_reported,balance_inferred,canonical_eligible,canonical_eligible,inferred_not_independent,no,Bottinger2008|w=0.31|T=80,,,,Balance-inferred context is not an independent measurement.,,
Bottinger2008_state_067|MEA + MEAH+,speciation,Bottinger2008,data/reference/MEA/observations/liquid_speciation/Bottinger_2007_ChEq.csv,67,MEA + MEAH+,353.15,0.31,0.398,0.0872,mole_fraction,0.0872,mole_fraction,,,not_reported,aggregate_direct_positive,canonical_eligible,canonical_eligible,aggregate_measurement,yes,Bottinger2008|w=0.31|T=80,,,,Positive source observation admitted by the Gate 0 v2 contract.,cheq_canon_00265,"{""MEA"":1.0,""MEAH+"":1.0}"
Bottinger2008_state_068|CO2,speciation,Bottinger2008,data/reference/MEA/observations/liquid_speciation/Bottinger_2007_ChEq.csv,68,CO2,353.15,0.31,0.51,0,,0,mole_fraction,,,not_reported,balance_inferred,canonical_eligible,canonical_eligible,inferred_not_independent,no,Bottinger2008|w=0.31|T=80,,,,Balance-inferred context is not an independent measurement.,cheq_canon_00268,
Bottinger2008_state_068|MEA,speciation,Bottinger2008,data/reference/MEA/observations/liquid_speciation/Bottinger_2007_ChEq.csv,68,MEA,353.15,0.31,0.51,,,,,,,not_reported,balance_inferred,canonical_eligible,canonical_eligible,inferred_not_independent,no,Bottinger2008|w=0.31|T=80,,,,The independently reported MEA + MEAH+ aggregate is used instead of its correlated constituent values.,,
Bottinger2008_state_068|MEAH+,speciation,Bottinger2008,data/reference/MEA/observations/liquid_speciation/Bottinger_2007_ChEq.csv,68,MEAH+,353.15,0.31,0.51,,,,,,,not_reported,balance_inferred,canonical_eligible,canonical_eligible,inferred_not_independent,no,Bottinger2008|w=0.31|T=80,,,,The independently reported MEA + MEAH+ aggregate is used instead of its correlated constituent values.,,
Bottinger2008_state_068|MEACOO-,speciation,Bottinger2008,data/reference/MEA/observations/liquid_speciation/Bottinger_2007_ChEq.csv,68,MEACOO-,353.15,0.31,0.51,0.0503,mole_fraction,0.0503,mole_fraction,,,not_reported,direct_positive,canonical_eligible,canonical_eligible,contextual,no,Bottinger2008|w=0.31|T=80,,,,Böttinger reports quantifiable 2-oxazolidone above about 0.5 mol CO2/mol MEA; the nine-species model omits that byproduct.,cheq_canon_00270,
Bottinger2008_state_068|HCO3-,speciation,Bottinger2008,data/reference/MEA/observations/liquid_speciation/Bottinger_2007_ChEq.csv,68,HCO3-,353.15,0.31,0.51,0.0166,mole_fraction,0.0166,mole_fraction,,,not_reported,direct_positive,canonical_eligible,canonical_eligible,contextual,no,Bottinger2008|w=0.31|T=80,,,,Böttinger reports quantifiable 2-oxazolidone above about 0.5 mol CO2/mol MEA; the nine-species model omits that byproduct.,cheq_canon_00271,"{""HCO3-"":1.0,""CO3^2-"":1.0}"
Bottinger2008_state_068|CO3^2-,speciation,Bottinger2008,data/reference/MEA/observations/liquid_speciation/Bottinger_2007_ChEq.csv,68,CO3^2-,353.15,0.31,0.51,,,,,,,not_reported,balance_inferred,canonical_eligible,canonical_eligible,inferred_not_independent,no,Bottinger2008|w=0.31|T=80,,,,Balance-inferred context is not an independent measurement.,,
Bottinger2008_state_068|H3O+,speciation,Bottinger2008,data/reference/MEA/observations/liquid_speciation/Bottinger_2007_ChEq.csv,68,H3O+,353.15,0.31,0.51,,,,,,,not_reported,balance_inferred,canonical_eligible,canonical_eligible,inferred_not_independent,no,Bottinger2008|w=0.31|T=80,,,,Balance-inferred context is not an independent measurement.,,
Bottinger2008_state_068|OH-,speciation,Bottinger2008,data/reference/MEA/observations/liquid_speciation/Bottinger_2007_ChEq.csv,68,OH-,353.15,0.31,0.51,,,,,,,not_reported,balance_inferred,canonical_eligible,canonical_eligible,inferred_not_independent,no,Bottinger2008|w=0.31|T=80,,,,Balance-inferred context is not an independent measurement.,,
Bottinger2008_state_068|MEA + MEAH+,speciation,Bottinger2008,data/reference/MEA/observations/liquid_speciation/Bottinger_2007_ChEq.csv,68,MEA + MEAH+,353.15,0.31,0.51,0.0721,mole_fraction,0.0721,mole_fraction,,,not_reported,aggregate_direct_positive,canonical_eligible,canonical_eligible,contextual,no,Bottinger2008|w=0.31|T=80,,,,Böttinger reports quantifiable 2-oxazolidone above about 0.5 mol CO2/mol MEA; the nine-species model omits that byproduct.,cheq_canon_00269,"{""MEA"":1.0,""MEAH+"":1.0}"
Jakobsen2005_state_001|CO2,speciation,Jakobsen2005,data/reference/MEA/observations/liquid_speciation/Jakobsen_2005_ChEq.csv,1,CO2,293.15,0.15,0.26,,,,,,,not_reported,balance_inferred,validation_reserved,validation_reserved,inferred_not_independent,no,Jakobsen2005|w=0.15|T=20,,,,Balance-inferred context is not an independent measurement.,,
Jakobsen2005_state_001|MEA,speciation,Jakobsen2005,data/reference/MEA/observations/liquid_speciation/Jakobsen_2005_ChEq.csv,1,MEA,293.15,0.15,0.26,0.0213,mole_fraction,0.0213,mole_fraction,,,not_reported,direct_positive,validation_reserved,validation_reserved,held_out,no,Jakobsen2005|w=0.15|T=20,,,,Observation is outside the executable active target contract.,cheq_canon_00272,
Jakobsen2005_state_001|MEAH+,speciation,Jakobsen2005,data/reference/MEA/observations/liquid_speciation/Jakobsen_2005_ChEq.csv,1,MEAH+,293.15,0.15,0.26,0.01,mole_fraction,0.01,mole_fraction,,,not_reported,direct_positive,validation_reserved,validation_reserved,held_out,no,Jakobsen2005|w=0.15|T=20,,,,Observation is outside the executable active target contract.,cheq_canon_00273,
Jakobsen2005_state_001|MEACOO-,speciation,Jakobsen2005,data/reference/MEA/observations/liquid_speciation/Jakobsen_2005_ChEq.csv,1,MEACOO-,293.15,0.15,0.26,0.0102,mole_fraction,0.0102,mole_fraction,,,not_reported,direct_positive,validation_reserved,validation_reserved,held_out,no,Jakobsen2005|w=0.15|T=20,,,,Observation is outside the executable active target contract.,cheq_canon_00275,
Jakobsen2005_state_001|HCO3-,speciation,Jakobsen2005,data/reference/MEA/observations/liquid_speciation/Jakobsen_2005_ChEq.csv,1,HCO3-,293.15,0.15,0.26,0.0002,mole_fraction,0.0002,mole_fraction,,,not_reported,direct_positive,validation_reserved,validation_reserved,held_out,no,Jakobsen2005|w=0.15|T=20,,,,Observation is outside the executable active target contract.,cheq_canon_00276,
Jakobsen2005_state_001|CO3^2-,speciation,Jakobsen2005,data/reference/MEA/observations/liquid_speciation/Jakobsen_2005_ChEq.csv,1,CO3^2-,293.15,0.15,0.26,0.0005,mole_fraction,0.0005,mole_fraction,,,not_reported,direct_positive,validation_reserved,validation_reserved,held_out,no,Jakobsen2005|w=0.15|T=20,,,,Observation is outside the executable active target contract.,cheq_canon_00277,
Jakobsen2005_state_001|H3O+,speciation,Jakobsen2005,data/reference/MEA/observations/liquid_speciation/Jakobsen_2005_ChEq.csv,1,H3O+,293.15,0.15,0.26,,,,,,,not_reported,balance_inferred,validation_reserved,validation_reserved,inferred_not_independent,no,Jakobsen2005|w=0.15|T=20,,,,Balance-inferred context is not an independent measurement.,,
Jakobsen2005_state_001|OH-,speciation,Jakobsen2005,data/reference/MEA/observations/liquid_speciation/Jakobsen_2005_ChEq.csv,1,OH-,293.15,0.15,0.26,,,,,,,not_reported,balance_inferred,validation_reserved,validation_reserved,inferred_not_independent,no,Jakobsen2005|w=0.15|T=20,,,,Balance-inferred context is not an independent measurement.,,
Jakobsen2005_state_001|MEA + MEAH+,speciation,Jakobsen2005,data/reference/MEA/observations/liquid_speciation/Jakobsen_2005_ChEq.csv,1,MEA + MEAH+,293.15,0.15,0.26,0.0313,mole_fraction,0.0313,mole_fraction,,,not_reported,model_derived,validation_reserved,validation_reserved,held_out,no,Jakobsen2005|w=0.15|T=20,,,,Observation is outside the executable active target contract.,cheq_canon_00274,
Jakobsen2005_state_002|CO2,speciation,Jakobsen2005,data/reference/MEA/observations/liquid_speciation/Jakobsen_2005_ChEq.csv,2,CO2,293.15,0.15,0.52,,,,,,,not_reported,balance_inferred,validation_reserved,validation_reserved,inferred_not_independent,no,Jakobsen2005|w=0.15|T=20,,,,Balance-inferred context is not an independent measurement.,,
Jakobsen2005_state_002|MEA,speciation,Jakobsen2005,data/reference/MEA/observations/liquid_speciation/Jakobsen_2005_ChEq.csv,2,MEA,293.15,0.15,0.52,0.0023,mole_fraction,0.0023,mole_fraction,,,not_reported,direct_positive,validation_reserved,validation_reserved,held_out,no,Jakobsen2005|w=0.15|T=20,,,,Observation is outside the executable active target contract.,cheq_canon_00278,
Jakobsen2005_state_002|MEAH+,speciation,Jakobsen2005,data/reference/MEA/observations/liquid_speciation/Jakobsen_2005_ChEq.csv,2,MEAH+,293.15,0.15,0.52,0.0204,mole_fraction,0.0204,mole_fraction,,,not_reported,direct_positive,validation_reserved,validation_reserved,held_out,no,Jakobsen2005|w=0.15|T=20,,,,Observation is outside the executable active target contract.,cheq_canon_00279,
Jakobsen2005_state_002|MEACOO-,speciation,Jakobsen2005,data/reference/MEA/observations/liquid_speciation/Jakobsen_2005_ChEq.csv,2,MEACOO-,293.15,0.15,0.52,0.0172,mole_fraction,0.0172,mole_fraction,,,not_reported,direct_positive,validation_reserved,validation_reserved,held_out,no,Jakobsen2005|w=0.15|T=20,,,,Observation is outside the executable active target contract.,cheq_canon_00281,
Jakobsen2005_state_002|HCO3-,speciation,Jakobsen2005,data/reference/MEA/observations/liquid_speciation/Jakobsen_2005_ChEq.csv,2,HCO3-,293.15,0.15,0.52,0.0025,mole_fraction,0.0025,mole_fraction,,,not_reported,direct_positive,validation_reserved,validation_reserved,held_out,no,Jakobsen2005|w=0.15|T=20,,,,Observation is outside the executable active target contract.,cheq_canon_00282,
Jakobsen2005_state_002|CO3^2-,speciation,Jakobsen2005,data/reference/MEA/observations/liquid_speciation/Jakobsen_2005_ChEq.csv,2,CO3^2-,293.15,0.15,0.52,0.0007,mole_fraction,0.0007,mole_fraction,,,not_reported,direct_positive,validation_reserved,validation_reserved,held_out,no,Jakobsen2005|w=0.15|T=20,,,,Observation is outside the executable active target contract.,cheq_canon_00283,
Jakobsen2005_state_002|H3O+,speciation,Jakobsen2005,data/reference/MEA/observations/liquid_speciation/Jakobsen_2005_ChEq.csv,2,H3O+,293.15,0.15,0.52,,,,,,,not_reported,balance_inferred,validation_reserved,validation_reserved,inferred_not_independent,no,Jakobsen2005|w=0.15|T=20,,,,Balance-inferred context is not an independent measurement.,,
Jakobsen2005_state_002|OH-,speciation,Jakobsen2005,data/reference/MEA/observations/liquid_speciation/Jakobsen_2005_ChEq.csv,2,OH-,293.15,0.15,0.52,,,,,,,not_reported,balance_inferred,validation_reserved,validation_reserved,inferred_not_independent,no,Jakobsen2005|w=0.15|T=20,,,,Balance-inferred context is not an independent measurement.,,
Jakobsen2005_state_002|MEA + MEAH+,speciation,Jakobsen2005,data/reference/MEA/observations/liquid_speciation/Jakobsen_2005_ChEq.csv,2,MEA + MEAH+,293.15,0.15,0.52,0.0227,mole_fraction,0.0227,mole_fraction,,,not_reported,model_derived,validation_reserved,validation_reserved,held_out,no,Jakobsen2005|w=0.15|T=20,,,,Observation is outside the executable active target contract.,cheq_canon_00280,
Jakobsen2005_state_003|CO2,speciation,Jakobsen2005,data/reference/MEA/observations/liquid_speciation/Jakobsen_2005_ChEq.csv,3,CO2,293.15,0.15,0.79,0.0002,mole_fraction,0.0002,mole_fraction,,,not_reported,direct_positive,validation_reserved,validation_reserved,held_out,no,Jakobsen2005|w=0.15|T=20,,,,Observation is outside the executable active target contract.,cheq_canon_00284,
Jakobsen2005_state_003|MEA,speciation,Jakobsen2005,data/reference/MEA/observations/liquid_speciation/Jakobsen_2005_ChEq.csv,3,MEA,293.15,0.15,0.79,0.0002,mole_fraction,0.0002,mole_fraction,,,not_reported,direct_positive,validation_reserved,validation_reserved,held_out,no,Jakobsen2005|w=0.15|T=20,,,,Observation is outside the executable active target contract.,cheq_canon_00285,
Jakobsen2005_state_003|MEAH+,speciation,Jakobsen2005,data/reference/MEA/observations/liquid_speciation/Jakobsen_2005_ChEq.csv,3,MEAH+,293.15,0.15,0.79,0.0277,mole_fraction,0.0277,mole_fraction,,,not_reported,direct_positive,validation_reserved,validation_reserved,held_out,no,Jakobsen2005|w=0.15|T=20,,,,Observation is outside the executable active target contract.,cheq_canon_00286,
Jakobsen2005_state_003|MEACOO-,speciation,Jakobsen2005,data/reference/MEA/observations/liquid_speciation/Jakobsen_2005_ChEq.csv,3,MEACOO-,293.15,0.15,0.79,0.012,mole_fraction,0.012,mole_fraction,,,not_reported,direct_positive,validation_reserved,validation_reserved,held_out,no,Jakobsen2005|w=0.15|T=20,,,,Observation is outside the executable active target contract.,cheq_canon_00288,
Jakobsen2005_state_003|HCO3-,speciation,Jakobsen2005,data/reference/MEA/observations/liquid_speciation/Jakobsen_2005_ChEq.csv,3,HCO3-,293.15,0.15,0.79,0.0175,mole_fraction,0.0175,mole_fraction,,,not_reported,direct_positive,validation_reserved,validation_reserved,held_out,no,Jakobsen2005|w=0.15|T=20,,,,Observation is outside the executable active target contract.,cheq_canon_00289,
Jakobsen2005_state_003|CO3^2-,speciation,Jakobsen2005,data/reference/MEA/observations/liquid_speciation/Jakobsen_2005_ChEq.csv,3,CO3^2-,293.15,0.15,0.79,0.0004,mole_fraction,0.0004,mole_fraction,,,not_reported,direct_positive,validation_reserved,validation_reserved,held_out,no,Jakobsen2005|w=0.15|T=20,,,,Observation is outside the executable active target contract.,cheq_canon_00290,
Jakobsen2005_state_003|H3O+,speciation,Jakobsen2005,data/reference/MEA/observations/liquid_speciation/Jakobsen_2005_ChEq.csv,3,H3O+,293.15,0.15,0.79,,,,,,,not_reported,balance_inferred,validation_reserved,validation_reserved,inferred_not_independent,no,Jakobsen2005|w=0.15|T=20,,,,Balance-inferred context is not an independent measurement.,,
Jakobsen2005_state_003|OH-,speciation,Jakobsen2005,data/reference/MEA/observations/liquid_speciation/Jakobsen_2005_ChEq.csv,3,OH-,293.15,0.15,0.79,,,,,,,not_reported,balance_inferred,validation_reserved,validation_reserved,inferred_not_independent,no,Jakobsen2005|w=0.15|T=20,,,,Balance-inferred context is not an independent measurement.,,
Jakobsen2005_state_003|MEA + MEAH+,speciation,Jakobsen2005,data/reference/MEA/observations/liquid_speciation/Jakobsen_2005_ChEq.csv,3,MEA + MEAH+,293.15,0.15,0.79,0.0279,mole_fraction,0.0279,mole_fraction,,,not_reported,model_derived,validation_reserved,validation_reserved,held_out,no,Jakobsen2005|w=0.15|T=20,,,,Observation is outside the executable active target contract.,cheq_canon_00287,
Jakobsen2005_state_004|CO2,speciation,Jakobsen2005,data/reference/MEA/observations/liquid_speciation/Jakobsen_2005_ChEq.csv,4,CO2,293.15,0.15,1.08,0.0009,mole_fraction,0.0009,mole_fraction,,,not_reported,direct_positive,validation_reserved,validation_reserved,held_out,no,Jakobsen2005|w=0.15|T=20,,,,Observation is outside the executable active target contract.,cheq_canon_00291,
Jakobsen2005_state_004|MEA,speciation,Jakobsen2005,data/reference/MEA/observations/liquid_speciation/Jakobsen_2005_ChEq.csv,4,MEA,293.15,0.15,1.08,0.0002,mole_fraction,0.0002,mole_fraction,,,not_reported,direct_positive,validation_reserved,validation_reserved,held_out,no,Jakobsen2005|w=0.15|T=20,,,,Observation is outside the executable active target contract.,cheq_canon_00292,
Jakobsen2005_state_004|MEAH+,speciation,Jakobsen2005,data/reference/MEA/observations/liquid_speciation/Jakobsen_2005_ChEq.csv,4,MEAH+,293.15,0.15,1.08,0.0321,mole_fraction,0.0321,mole_fraction,,,not_reported,direct_positive,validation_reserved,validation_reserved,held_out,no,Jakobsen2005|w=0.15|T=20,,,,Observation is outside the executable active target contract.,cheq_canon_00293,
Jakobsen2005_state_004|MEACOO-,speciation,Jakobsen2005,data/reference/MEA/observations/liquid_speciation/Jakobsen_2005_ChEq.csv,4,MEACOO-,293.15,0.15,1.08,0.0077,mole_fraction,0.0077,mole_fraction,,,not_reported,direct_positive,validation_reserved,validation_reserved,held_out,no,Jakobsen2005|w=0.15|T=20,,,,Observation is outside the executable active target contract.,cheq_canon_00295,
Jakobsen2005_state_004|HCO3-,speciation,Jakobsen2005,data/reference/MEA/observations/liquid_speciation/Jakobsen_2005_ChEq.csv,4,HCO3-,293.15,0.15,1.08,0.0286,mole_fraction,0.0286,mole_fraction,,,not_reported,direct_positive,validation_reserved,validation_reserved,held_out,no,Jakobsen2005|w=0.15|T=20,,,,Observation is outside the executable active target contract.,cheq_canon_00296,
Jakobsen2005_state_004|CO3^2-,speciation,Jakobsen2005,data/reference/MEA/observations/liquid_speciation/Jakobsen_2005_ChEq.csv,4,CO3^2-,293.15,0.15,1.08,0.0004,mole_fraction,0.0004,mole_fraction,,,not_reported,direct_positive,validation_reserved,validation_reserved,held_out,no,Jakobsen2005|w=0.15|T=20,,,,Observation is outside the executable active target contract.,cheq_canon_00297,
Jakobsen2005_state_004|H3O+,speciation,Jakobsen2005,data/reference/MEA/observations/liquid_speciation/Jakobsen_2005_ChEq.csv,4,H3O+,293.15,0.15,1.08,,,,,,,not_reported,balance_inferred,validation_reserved,validation_reserved,inferred_not_independent,no,Jakobsen2005|w=0.15|T=20,,,,Balance-inferred context is not an independent measurement.,,
Jakobsen2005_state_004|OH-,speciation,Jakobsen2005,data/reference/MEA/observations/liquid_speciation/Jakobsen_2005_ChEq.csv,4,OH-,293.15,0.15,1.08,,,,,,,not_reported,balance_inferred,validation_reserved,validation_reserved,inferred_not_independent,no,Jakobsen2005|w=0.15|T=20,,,,Balance-inferred context is not an independent measurement.,,
Jakobsen2005_state_004|MEA + MEAH+,speciation,Jakobsen2005,data/reference/MEA/observations/liquid_speciation/Jakobsen_2005_ChEq.csv,4,MEA + MEAH+,293.15,0.15,1.08,0.0323,mole_fraction,0.0323,mole_fraction,,,not_reported,model_derived,validation_reserved,validation_reserved,held_out,no,Jakobsen2005|w=0.15|T=20,,,,Observation is outside the executable active target contract.,cheq_canon_00294,
Jakobsen2005_state_005|CO2,speciation,Jakobsen2005,data/reference/MEA/observations/liquid_speciation/Jakobsen_2005_ChEq.csv,5,CO2,313.15,0.15,0.26,,,,,,,not_reported,balance_inferred,validation_reserved,validation_reserved,inferred_not_independent,no,Jakobsen2005|w=0.15|T=40,,,,Balance-inferred context is not an independent measurement.,,
Jakobsen2005_state_005|MEA,speciation,Jakobsen2005,data/reference/MEA/observations/liquid_speciation/Jakobsen_2005_ChEq.csv,5,MEA,313.15,0.15,0.26,0.0208,mole_fraction,0.0208,mole_fraction,,,not_reported,direct_positive,validation_reserved,validation_reserved,held_out,no,Jakobsen2005|w=0.15|T=40,,,,Observation is outside the executable active target contract.,cheq_canon_00298,
Jakobsen2005_state_005|MEAH+,speciation,Jakobsen2005,data/reference/MEA/observations/liquid_speciation/Jakobsen_2005_ChEq.csv,5,MEAH+,313.15,0.15,0.26,0.0091,mole_fraction,0.0091,mole_fraction,,,not_reported,direct_positive,validation_reserved,validation_reserved,held_out,no,Jakobsen2005|w=0.15|T=40,,,,Observation is outside the executable active target contract.,cheq_canon_00299,
Jakobsen2005_state_005|MEACOO-,speciation,Jakobsen2005,data/reference/MEA/observations/liquid_speciation/Jakobsen_2005_ChEq.csv,5,MEACOO-,313.15,0.15,0.26,0.0097,mole_fraction,0.0097,mole_fraction,,,not_reported,direct_positive,validation_reserved,validation_reserved,held_out,no,Jakobsen2005|w=0.15|T=40,,,,Observation is outside the executable active target contract.,cheq_canon_00301,
Jakobsen2005_state_005|HCO3-,speciation,Jakobsen2005,data/reference/MEA/observations/liquid_speciation/Jakobsen_2005_ChEq.csv,5,HCO3-,313.15,0.15,0.26,0.0003,mole_fraction,0.0003,mole_fraction,,,not_reported,direct_positive,validation_reserved,validation_reserved,held_out,no,Jakobsen2005|w=0.15|T=40,,,,Observation is outside the executable active target contract.,cheq_canon_00302,
Jakobsen2005_state_005|CO3^2-,speciation,Jakobsen2005,data/reference/MEA/observations/liquid_speciation/Jakobsen_2005_ChEq.csv,5,CO3^2-,313.15,0.15,0.26,0.0003,mole_fraction,0.0003,mole_fraction,,,not_reported,direct_positive,validation_reserved,validation_reserved,held_out,no,Jakobsen2005|w=0.15|T=40,,,,Observation is outside the executable active target contract.,cheq_canon_00303,
Jakobsen2005_state_005|H3O+,speciation,Jakobsen2005,data/reference/MEA/observations/liquid_speciation/Jakobsen_2005_ChEq.csv,5,H3O+,313.15,0.15,0.26,,,,,,,not_reported,balance_inferred,validation_reserved,validation_reserved,inferred_not_independent,no,Jakobsen2005|w=0.15|T=40,,,,Balance-inferred context is not an independent measurement.,,
Jakobsen2005_state_005|OH-,speciation,Jakobsen2005,data/reference/MEA/observations/liquid_speciation/Jakobsen_2005_ChEq.csv,5,OH-,313.15,0.15,0.26,,,,,,,not_reported,balance_inferred,validation_reserved,validation_reserved,inferred_not_independent,no,Jakobsen2005|w=0.15|T=40,,,,Balance-inferred context is not an independent measurement.,,
Jakobsen2005_state_005|MEA + MEAH+,speciation,Jakobsen2005,data/reference/MEA/observations/liquid_speciation/Jakobsen_2005_ChEq.csv,5,MEA + MEAH+,313.15,0.15,0.26,0.0299,mole_fraction,0.0299,mole_fraction,,,not_reported,model_derived,validation_reserved,validation_reserved,held_out,no,Jakobsen2005|w=0.15|T=40,,,,Observation is outside the executable active target contract.,cheq_canon_00300,
Jakobsen2005_state_006|CO2,speciation,Jakobsen2005,data/reference/MEA/observations/liquid_speciation/Jakobsen_2005_ChEq.csv,6,CO2,313.15,0.15,0.52,,,,,,,not_reported,balance_inferred,validation_reserved,validation_reserved,inferred_not_independent,no,Jakobsen2005|w=0.15|T=40,,,,Balance-inferred context is not an independent measurement.,,
Jakobsen2005_state_006|MEA,speciation,Jakobsen2005,data/reference/MEA/observations/liquid_speciation/Jakobsen_2005_ChEq.csv,6,MEA,313.15,0.15,0.52,0.0034,mole_fraction,0.0034,mole_fraction,,,not_reported,direct_positive,validation_reserved,validation_reserved,held_out,no,Jakobsen2005|w=0.15|T=40,,,,Observation is outside the executable active target contract.,cheq_canon_00304,
Jakobsen2005_state_006|MEAH+,speciation,Jakobsen2005,data/reference/MEA/observations/liquid_speciation/Jakobsen_2005_ChEq.csv,6,MEAH+,313.15,0.15,0.52,0.0187,mole_fraction,0.0187,mole_fraction,,,not_reported,direct_positive,validation_reserved,validation_reserved,held_out,no,Jakobsen2005|w=0.15|T=40,,,,Observation is outside the executable active target contract.,cheq_canon_00305,
Jakobsen2005_state_006|MEACOO-,speciation,Jakobsen2005,data/reference/MEA/observations/liquid_speciation/Jakobsen_2005_ChEq.csv,6,MEACOO-,313.15,0.15,0.52,0.0159,mole_fraction,0.0159,mole_fraction,,,not_reported,direct_positive,validation_reserved,validation_reserved,held_out,no,Jakobsen2005|w=0.15|T=40,,,,Observation is outside the executable active target contract.,cheq_canon_00307,
Jakobsen2005_state_006|HCO3-,speciation,Jakobsen2005,data/reference/MEA/observations/liquid_speciation/Jakobsen_2005_ChEq.csv,6,HCO3-,313.15,0.15,0.52,0.0033,mole_fraction,0.0033,mole_fraction,,,not_reported,direct_positive,validation_reserved,validation_reserved,held_out,no,Jakobsen2005|w=0.15|T=40,,,,Observation is outside the executable active target contract.,cheq_canon_00308,
Jakobsen2005_state_006|CO3^2-,speciation,Jakobsen2005,data/reference/MEA/observations/liquid_speciation/Jakobsen_2005_ChEq.csv,6,CO3^2-,313.15,0.15,0.52,0.0004,mole_fraction,0.0004,mole_fraction,,,not_reported,direct_positive,validation_reserved,validation_reserved,held_out,no,Jakobsen2005|w=0.15|T=40,,,,Observation is outside the executable active target contract.,cheq_canon_00309,
Jakobsen2005_state_006|H3O+,speciation,Jakobsen2005,data/reference/MEA/observations/liquid_speciation/Jakobsen_2005_ChEq.csv,6,H3O+,313.15,0.15,0.52,,,,,,,not_reported,balance_inferred,validation_reserved,validation_reserved,inferred_not_independent,no,Jakobsen2005|w=0.15|T=40,,,,Balance-inferred context is not an independent measurement.,,
Jakobsen2005_state_006|OH-,speciation,Jakobsen2005,data/reference/MEA/observations/liquid_speciation/Jakobsen_2005_ChEq.csv,6,OH-,313.15,0.15,0.52,,,,,,,not_reported,balance_inferred,validation_reserved,validation_reserved,inferred_not_independent,no,Jakobsen2005|w=0.15|T=40,,,,Balance-inferred context is not an independent measurement.,,
Jakobsen2005_state_006|MEA + MEAH+,speciation,Jakobsen2005,data/reference/MEA/observations/liquid_speciation/Jakobsen_2005_ChEq.csv,6,MEA + MEAH+,313.15,0.15,0.52,0.0221,mole_fraction,0.0221,mole_fraction,,,not_reported,model_derived,validation_reserved,validation_reserved,held_out,no,Jakobsen2005|w=0.15|T=40,,,,Observation is outside the executable active target contract.,cheq_canon_00306,
Jakobsen2005_state_007|CO2,speciation,Jakobsen2005,data/reference/MEA/observations/liquid_speciation/Jakobsen_2005_ChEq.csv,7,CO2,313.15,0.15,0.79,0.0004,mole_fraction,0.0004,mole_fraction,,,not_reported,direct_positive,validation_reserved,validation_reserved,held_out,no,Jakobsen2005|w=0.15|T=40,,,,Observation is outside the executable active target contract.,cheq_canon_00310,
Jakobsen2005_state_007|MEA,speciation,Jakobsen2005,data/reference/MEA/observations/liquid_speciation/Jakobsen_2005_ChEq.csv,7,MEA,313.15,0.15,0.79,0.0007,mole_fraction,0.0007,mole_fraction,,,not_reported,direct_positive,validation_reserved,validation_reserved,held_out,no,Jakobsen2005|w=0.15|T=40,,,,Observation is outside the executable active target contract.,cheq_canon_00311,
Jakobsen2005_state_007|MEAH+,speciation,Jakobsen2005,data/reference/MEA/observations/liquid_speciation/Jakobsen_2005_ChEq.csv,7,MEAH+,313.15,0.15,0.79,0.0246,mole_fraction,0.0246,mole_fraction,,,not_reported,direct_positive,validation_reserved,validation_reserved,held_out,no,Jakobsen2005|w=0.15|T=40,,,,Observation is outside the executable active target contract.,cheq_canon_00312,
Jakobsen2005_state_007|MEACOO-,speciation,Jakobsen2005,data/reference/MEA/observations/liquid_speciation/Jakobsen_2005_ChEq.csv,7,MEACOO-,313.15,0.15,0.79,0.0109,mole_fraction,0.0109,mole_fraction,,,not_reported,direct_positive,validation_reserved,validation_reserved,held_out,no,Jakobsen2005|w=0.15|T=40,,,,Observation is outside the executable active target contract.,cheq_canon_00314,
Jakobsen2005_state_007|HCO3-,speciation,Jakobsen2005,data/reference/MEA/observations/liquid_speciation/Jakobsen_2005_ChEq.csv,7,HCO3-,313.15,0.15,0.79,0.0154,mole_fraction,0.0154,mole_fraction,,,not_reported,direct_positive,validation_reserved,validation_reserved,held_out,no,Jakobsen2005|w=0.15|T=40,,,,Observation is outside the executable active target contract.,cheq_canon_00315,
Jakobsen2005_state_007|CO3^2-,speciation,Jakobsen2005,data/reference/MEA/observations/liquid_speciation/Jakobsen_2005_ChEq.csv,7,CO3^2-,313.15,0.15,0.79,0.0002,mole_fraction,0.0002,mole_fraction,,,not_reported,direct_positive,validation_reserved,validation_reserved,held_out,no,Jakobsen2005|w=0.15|T=40,,,,Observation is outside the executable active target contract.,cheq_canon_00316,
Jakobsen2005_state_007|H3O+,speciation,Jakobsen2005,data/reference/MEA/observations/liquid_speciation/Jakobsen_2005_ChEq.csv,7,H3O+,313.15,0.15,0.79,,,,,,,not_reported,balance_inferred,validation_reserved,validation_reserved,inferred_not_independent,no,Jakobsen2005|w=0.15|T=40,,,,Balance-inferred context is not an independent measurement.,,
Jakobsen2005_state_007|OH-,speciation,Jakobsen2005,data/reference/MEA/observations/liquid_speciation/Jakobsen_2005_ChEq.csv,7,OH-,313.15,0.15,0.79,,,,,,,not_reported,balance_inferred,validation_reserved,validation_reserved,inferred_not_independent,no,Jakobsen2005|w=0.15|T=40,,,,Balance-inferred context is not an independent measurement.,,
Jakobsen2005_state_007|MEA + MEAH+,speciation,Jakobsen2005,data/reference/MEA/observations/liquid_speciation/Jakobsen_2005_ChEq.csv,7,MEA + MEAH+,313.15,0.15,0.79,0.0253,mole_fraction,0.0253,mole_fraction,,,not_reported,model_derived,validation_reserved,validation_reserved,held_out,no,Jakobsen2005|w=0.15|T=40,,,,Observation is outside the executable active target contract.,cheq_canon_00313,
Jakobsen2005_state_008|CO2,speciation,Jakobsen2005,data/reference/MEA/observations/liquid_speciation/Jakobsen_2005_ChEq.csv,8,CO2,313.15,0.15,1.08,0.001,mole_fraction,0.001,mole_fraction,,,not_reported,direct_positive,validation_reserved,validation_reserved,held_out,no,Jakobsen2005|w=0.15|T=40,,,,Observation is outside the executable active target contract.,cheq_canon_00317,
Jakobsen2005_state_008|MEA,speciation,Jakobsen2005,data/reference/MEA/observations/liquid_speciation/Jakobsen_2005_ChEq.csv,8,MEA,313.15,0.15,1.08,0.0007,mole_fraction,0.0007,mole_fraction,,,not_reported,direct_positive,validation_reserved,validation_reserved,held_out,no,Jakobsen2005|w=0.15|T=40,,,,Observation is outside the executable active target contract.,cheq_canon_00318,
Jakobsen2005_state_008|MEAH+,speciation,Jakobsen2005,data/reference/MEA/observations/liquid_speciation/Jakobsen_2005_ChEq.csv,8,MEAH+,313.15,0.15,1.08,0.0288,mole_fraction,0.0288,mole_fraction,,,not_reported,direct_positive,validation_reserved,validation_reserved,held_out,no,Jakobsen2005|w=0.15|T=40,,,,Observation is outside the executable active target contract.,cheq_canon_00319,
Jakobsen2005_state_008|MEACOO-,speciation,Jakobsen2005,data/reference/MEA/observations/liquid_speciation/Jakobsen_2005_ChEq.csv,8,MEACOO-,313.15,0.15,1.08,0.0079,mole_fraction,0.0079,mole_fraction,,,not_reported,direct_positive,validation_reserved,validation_reserved,held_out,no,Jakobsen2005|w=0.15|T=40,,,,Observation is outside the executable active target contract.,cheq_canon_00321,
Jakobsen2005_state_008|HCO3-,speciation,Jakobsen2005,data/reference/MEA/observations/liquid_speciation/Jakobsen_2005_ChEq.csv,8,HCO3-,313.15,0.15,1.08,0.0234,mole_fraction,0.0234,mole_fraction,,,not_reported,direct_positive,validation_reserved,validation_reserved,held_out,no,Jakobsen2005|w=0.15|T=40,,,,Observation is outside the executable active target contract.,cheq_canon_00322,
Jakobsen2005_state_008|CO3^2-,speciation,Jakobsen2005,data/reference/MEA/observations/liquid_speciation/Jakobsen_2005_ChEq.csv,8,CO3^2-,313.15,0.15,1.08,0.0001,mole_fraction,0.0001,mole_fraction,,,not_reported,direct_positive,validation_reserved,validation_reserved,held_out,no,Jakobsen2005|w=0.15|T=40,,,,Observation is outside the executable active target contract.,cheq_canon_00323,
Jakobsen2005_state_008|H3O+,speciation,Jakobsen2005,data/reference/MEA/observations/liquid_speciation/Jakobsen_2005_ChEq.csv,8,H3O+,313.15,0.15,1.08,,,,,,,not_reported,balance_inferred,validation_reserved,validation_reserved,inferred_not_independent,no,Jakobsen2005|w=0.15|T=40,,,,Balance-inferred context is not an independent measurement.,,
Jakobsen2005_state_008|OH-,speciation,Jakobsen2005,data/reference/MEA/observations/liquid_speciation/Jakobsen_2005_ChEq.csv,8,OH-,313.15,0.15,1.08,,,,,,,not_reported,balance_inferred,validation_reserved,validation_reserved,inferred_not_independent,no,Jakobsen2005|w=0.15|T=40,,,,Balance-inferred context is not an independent measurement.,,
Jakobsen2005_state_008|MEA + MEAH+,speciation,Jakobsen2005,data/reference/MEA/observations/liquid_speciation/Jakobsen_2005_ChEq.csv,8,MEA + MEAH+,313.15,0.15,1.08,0.0295,mole_fraction,0.0295,mole_fraction,,,not_reported,model_derived,validation_reserved,validation_reserved,held_out,no,Jakobsen2005|w=0.15|T=40,,,,Observation is outside the executable active target contract.,cheq_canon_00320,
Jakobsen2005_state_009|CO2,speciation,Jakobsen2005,data/reference/MEA/observations/liquid_speciation/Jakobsen_2005_ChEq.csv,9,CO2,293.15,0.3,0.11,,,,,,,not_reported,balance_inferred,canonical_eligible,canonical_eligible,inferred_not_independent,no,Jakobsen2005|w=0.3|T=20,,,,Balance-inferred context is not an independent measurement.,,
Jakobsen2005_state_009|MEA,speciation,Jakobsen2005,data/reference/MEA/observations/liquid_speciation/Jakobsen_2005_ChEq.csv,9,MEA,293.15,0.3,0.11,0.102,mole_fraction,0.102,mole_fraction,,,not_reported,direct_positive,canonical_eligible,canonical_eligible,direct_measurement,yes,Jakobsen2005|w=0.3|T=20,,,,Positive source observation admitted by the Gate 0 v2 contract.,cheq_canon_00324,
Jakobsen2005_state_009|MEAH+,speciation,Jakobsen2005,data/reference/MEA/observations/liquid_speciation/Jakobsen_2005_ChEq.csv,9,MEAH+,293.15,0.3,0.11,0.0081,mole_fraction,0.0081,mole_fraction,,,not_reported,direct_positive,canonical_eligible,canonical_eligible,direct_measurement,yes,Jakobsen2005|w=0.3|T=20,,,,Positive source observation admitted by the Gate 0 v2 contract.,cheq_canon_00325,
Jakobsen2005_state_009|MEACOO-,speciation,Jakobsen2005,data/reference/MEA/observations/liquid_speciation/Jakobsen_2005_ChEq.csv,9,MEACOO-,293.15,0.3,0.11,0.0106,mole_fraction,0.0106,mole_fraction,,,not_reported,direct_positive,canonical_eligible,canonical_eligible,direct_measurement,yes,Jakobsen2005|w=0.3|T=20,,,,Positive source observation admitted by the Gate 0 v2 contract.,cheq_canon_00327,
Jakobsen2005_state_009|HCO3-,speciation,Jakobsen2005,data/reference/MEA/observations/liquid_speciation/Jakobsen_2005_ChEq.csv,9,HCO3-,293.15,0.3,0.11,0,mole_fraction,0,mole_fraction,,,not_reported,direct_zero,canonical_eligible,canonical_eligible,contextual,no,Jakobsen2005|w=0.3|T=20,,,,Reported zero has no source-backed detection or censor bound and is retained as context only.,cheq_canon_00328,
Jakobsen2005_state_009|CO3^2-,speciation,Jakobsen2005,data/reference/MEA/observations/liquid_speciation/Jakobsen_2005_ChEq.csv,9,CO3^2-,293.15,0.3,0.11,0.0001,mole_fraction,0.0001,mole_fraction,,,not_reported,direct_positive,canonical_eligible,canonical_eligible,direct_measurement,yes,Jakobsen2005|w=0.3|T=20,,,,Positive source observation admitted by the Gate 0 v2 contract.,cheq_canon_00329,
Jakobsen2005_state_009|H3O+,speciation,Jakobsen2005,data/reference/MEA/observations/liquid_speciation/Jakobsen_2005_ChEq.csv,9,H3O+,293.15,0.3,0.11,,,,,,,not_reported,balance_inferred,canonical_eligible,canonical_eligible,inferred_not_independent,no,Jakobsen2005|w=0.3|T=20,,,,Balance-inferred context is not an independent measurement.,,
Jakobsen2005_state_009|OH-,speciation,Jakobsen2005,data/reference/MEA/observations/liquid_speciation/Jakobsen_2005_ChEq.csv,9,OH-,293.15,0.3,0.11,,,,,,,not_reported,balance_inferred,canonical_eligible,canonical_eligible,inferred_not_independent,no,Jakobsen2005|w=0.3|T=20,,,,Balance-inferred context is not an independent measurement.,,
Jakobsen2005_state_009|MEA + MEAH+,speciation,Jakobsen2005,data/reference/MEA/observations/liquid_speciation/Jakobsen_2005_ChEq.csv,9,MEA + MEAH+,293.15,0.3,0.11,0.1101,mole_fraction,0.1101,mole_fraction,,,not_reported,model_derived,canonical_eligible,canonical_eligible,contextual,no,Jakobsen2005|w=0.3|T=20,,,,Observation is outside the executable active target contract.,cheq_canon_00326,
Jakobsen2005_state_010|CO2,speciation,Jakobsen2005,data/reference/MEA/observations/liquid_speciation/Jakobsen_2005_ChEq.csv,10,CO2,293.15,0.3,0.21,,,,,,,not_reported,balance_inferred,canonical_eligible,canonical_eligible,inferred_not_independent,no,Jakobsen2005|w=0.3|T=20,,,,Balance-inferred context is not an independent measurement.,,
Jakobsen2005_state_010|MEA,speciation,Jakobsen2005,data/reference/MEA/observations/liquid_speciation/Jakobsen_2005_ChEq.csv,10,MEA,293.15,0.3,0.21,0.0732,mole_fraction,0.0732,mole_fraction,,,not_reported,direct_positive,canonical_eligible,canonical_eligible,direct_measurement,yes,Jakobsen2005|w=0.3|T=20,,,,Positive source observation admitted by the Gate 0 v2 contract.,cheq_canon_00330,
Jakobsen2005_state_010|MEAH+,speciation,Jakobsen2005,data/reference/MEA/observations/liquid_speciation/Jakobsen_2005_ChEq.csv,10,MEAH+,293.15,0.3,0.21,0.0178,mole_fraction,0.0178,mole_fraction,,,not_reported,direct_positive,canonical_eligible,canonical_eligible,direct_measurement,yes,Jakobsen2005|w=0.3|T=20,,,,Positive source observation admitted by the Gate 0 v2 contract.,cheq_canon_00331,
Jakobsen2005_state_010|MEACOO-,speciation,Jakobsen2005,data/reference/MEA/observations/liquid_speciation/Jakobsen_2005_ChEq.csv,10,MEACOO-,293.15,0.3,0.21,0.0206,mole_fraction,0.0206,mole_fraction,,,not_reported,direct_positive,canonical_eligible,canonical_eligible,direct_measurement,yes,Jakobsen2005|w=0.3|T=20,,,,Positive source observation admitted by the Gate 0 v2 contract.,cheq_canon_00333,
Jakobsen2005_state_010|HCO3-,speciation,Jakobsen2005,data/reference/MEA/observations/liquid_speciation/Jakobsen_2005_ChEq.csv,10,HCO3-,293.15,0.3,0.21,0.0001,mole_fraction,0.0001,mole_fraction,,,not_reported,direct_positive,canonical_eligible,canonical_eligible,direct_measurement,yes,Jakobsen2005|w=0.3|T=20,,,,Positive source observation admitted by the Gate 0 v2 contract.,cheq_canon_00334,
Jakobsen2005_state_010|CO3^2-,speciation,Jakobsen2005,data/reference/MEA/observations/liquid_speciation/Jakobsen_2005_ChEq.csv,10,CO3^2-,293.15,0.3,0.21,0.0004,mole_fraction,0.0004,mole_fraction,,,not_reported,direct_positive,canonical_eligible,canonical_eligible,direct_measurement,yes,Jakobsen2005|w=0.3|T=20,,,,Positive source observation admitted by the Gate 0 v2 contract.,cheq_canon_00335,
Jakobsen2005_state_010|H3O+,speciation,Jakobsen2005,data/reference/MEA/observations/liquid_speciation/Jakobsen_2005_ChEq.csv,10,H3O+,293.15,0.3,0.21,,,,,,,not_reported,balance_inferred,canonical_eligible,canonical_eligible,inferred_not_independent,no,Jakobsen2005|w=0.3|T=20,,,,Balance-inferred context is not an independent measurement.,,
Jakobsen2005_state_010|OH-,speciation,Jakobsen2005,data/reference/MEA/observations/liquid_speciation/Jakobsen_2005_ChEq.csv,10,OH-,293.15,0.3,0.21,,,,,,,not_reported,balance_inferred,canonical_eligible,canonical_eligible,inferred_not_independent,no,Jakobsen2005|w=0.3|T=20,,,,Balance-inferred context is not an independent measurement.,,
Jakobsen2005_state_010|MEA + MEAH+,speciation,Jakobsen2005,data/reference/MEA/observations/liquid_speciation/Jakobsen_2005_ChEq.csv,10,MEA + MEAH+,293.15,0.3,0.21,0.091,mole_fraction,0.091,mole_fraction,,,not_reported,model_derived,canonical_eligible,canonical_eligible,contextual,no,Jakobsen2005|w=0.3|T=20,,,,Observation is outside the executable active target contract.,cheq_canon_00332,
Jakobsen2005_state_011|CO2,speciation,Jakobsen2005,data/reference/MEA/observations/liquid_speciation/Jakobsen_2005_ChEq.csv,11,CO2,293.15,0.3,0.29,,,,,,,not_reported,balance_inferred,canonical_eligible,canonical_eligible,inferred_not_independent,no,Jakobsen2005|w=0.3|T=20,,,,Balance-inferred context is not an independent measurement.,,
Jakobsen2005_state_011|MEA,speciation,Jakobsen2005,data/reference/MEA/observations/liquid_speciation/Jakobsen_2005_ChEq.csv,11,MEA,293.15,0.3,0.29,0.0556,mole_fraction,0.0556,mole_fraction,,,not_reported,direct_positive,canonical_eligible,canonical_eligible,direct_measurement,yes,Jakobsen2005|w=0.3|T=20,,,,Positive source observation admitted by the Gate 0 v2 contract.,cheq_canon_00336,
Jakobsen2005_state_011|MEAH+,speciation,Jakobsen2005,data/reference/MEA/observations/liquid_speciation/Jakobsen_2005_ChEq.csv,11,MEAH+,293.15,0.3,0.29,0.0236,mole_fraction,0.0236,mole_fraction,,,not_reported,direct_positive,canonical_eligible,canonical_eligible,direct_measurement,yes,Jakobsen2005|w=0.3|T=20,,,,Positive source observation admitted by the Gate 0 v2 contract.,cheq_canon_00337,
Jakobsen2005_state_011|MEACOO-,speciation,Jakobsen2005,data/reference/MEA/observations/liquid_speciation/Jakobsen_2005_ChEq.csv,11,MEACOO-,293.15,0.3,0.29,0.0307,mole_fraction,0.0307,mole_fraction,,,not_reported,direct_positive,canonical_eligible,canonical_eligible,direct_measurement,yes,Jakobsen2005|w=0.3|T=20,,,,Positive source observation admitted by the Gate 0 v2 contract.,cheq_canon_00339,
Jakobsen2005_state_011|HCO3-,speciation,Jakobsen2005,data/reference/MEA/observations/liquid_speciation/Jakobsen_2005_ChEq.csv,11,HCO3-,293.15,0.3,0.29,0.0002,mole_fraction,0.0002,mole_fraction,,,not_reported,direct_positive,canonical_eligible,canonical_eligible,direct_measurement,yes,Jakobsen2005|w=0.3|T=20,,,,Positive source observation admitted by the Gate 0 v2 contract.,cheq_canon_00340,
Jakobsen2005_state_011|CO3^2-,speciation,Jakobsen2005,data/reference/MEA/observations/liquid_speciation/Jakobsen_2005_ChEq.csv,11,CO3^2-,293.15,0.3,0.29,0.0006,mole_fraction,0.0006,mole_fraction,,,not_reported,direct_positive,canonical_eligible,canonical_eligible,direct_measurement,yes,Jakobsen2005|w=0.3|T=20,,,,Positive source observation admitted by the Gate 0 v2 contract.,cheq_canon_00341,
Jakobsen2005_state_011|H3O+,speciation,Jakobsen2005,data/reference/MEA/observations/liquid_speciation/Jakobsen_2005_ChEq.csv,11,H3O+,293.15,0.3,0.29,,,,,,,not_reported,balance_inferred,canonical_eligible,canonical_eligible,inferred_not_independent,no,Jakobsen2005|w=0.3|T=20,,,,Balance-inferred context is not an independent measurement.,,
Jakobsen2005_state_011|OH-,speciation,Jakobsen2005,data/reference/MEA/observations/liquid_speciation/Jakobsen_2005_ChEq.csv,11,OH-,293.15,0.3,0.29,,,,,,,not_reported,balance_inferred,canonical_eligible,canonical_eligible,inferred_not_independent,no,Jakobsen2005|w=0.3|T=20,,,,Balance-inferred context is not an independent measurement.,,
Jakobsen2005_state_011|MEA + MEAH+,speciation,Jakobsen2005,data/reference/MEA/observations/liquid_speciation/Jakobsen_2005_ChEq.csv,11,MEA + MEAH+,293.15,0.3,0.29,0.0792,mole_fraction,0.0792,mole_fraction,,,not_reported,model_derived,canonical_eligible,canonical_eligible,contextual,no,Jakobsen2005|w=0.3|T=20,,,,Observation is outside the executable active target contract.,cheq_canon_00338,
Jakobsen2005_state_012|CO2,speciation,Jakobsen2005,data/reference/MEA/observations/liquid_speciation/Jakobsen_2005_ChEq.csv,12,CO2,293.15,0.3,0.25,,,,,,,not_reported,balance_inferred,canonical_eligible,canonical_eligible,inferred_not_independent,no,Jakobsen2005|w=0.3|T=20,,,,Balance-inferred context is not an independent measurement.,,
Jakobsen2005_state_012|MEA,speciation,Jakobsen2005,data/reference/MEA/observations/liquid_speciation/Jakobsen_2005_ChEq.csv,12,MEA,293.15,0.3,0.25,0.0591,mole_fraction,0.0591,mole_fraction,,,not_reported,direct_positive,canonical_eligible,canonical_eligible,direct_measurement,yes,Jakobsen2005|w=0.3|T=20,,,,Positive source observation admitted by the Gate 0 v2 contract.,cheq_canon_00342,
Jakobsen2005_state_012|MEAH+,speciation,Jakobsen2005,data/reference/MEA/observations/liquid_speciation/Jakobsen_2005_ChEq.csv,12,MEAH+,293.15,0.3,0.25,0.0245,mole_fraction,0.0245,mole_fraction,,,not_reported,direct_positive,canonical_eligible,canonical_eligible,direct_measurement,yes,Jakobsen2005|w=0.3|T=20,,,,Positive source observation admitted by the Gate 0 v2 contract.,cheq_canon_00343,
Jakobsen2005_state_012|MEACOO-,speciation,Jakobsen2005,data/reference/MEA/observations/liquid_speciation/Jakobsen_2005_ChEq.csv,12,MEACOO-,293.15,0.3,0.25,0.0274,mole_fraction,0.0274,mole_fraction,,,not_reported,direct_positive,canonical_eligible,canonical_eligible,direct_measurement,yes,Jakobsen2005|w=0.3|T=20,,,,Positive source observation admitted by the Gate 0 v2 contract.,cheq_canon_00345,
Jakobsen2005_state_012|HCO3-,speciation,Jakobsen2005,data/reference/MEA/observations/liquid_speciation/Jakobsen_2005_ChEq.csv,12,HCO3-,293.15,0.3,0.25,0.0002,mole_fraction,0.0002,mole_fraction,,,not_reported,direct_positive,canonical_eligible,canonical_eligible,direct_measurement,yes,Jakobsen2005|w=0.3|T=20,,,,Positive source observation admitted by the Gate 0 v2 contract.,cheq_canon_00346,
Jakobsen2005_state_012|CO3^2-,speciation,Jakobsen2005,data/reference/MEA/observations/liquid_speciation/Jakobsen_2005_ChEq.csv,12,CO3^2-,293.15,0.3,0.25,0.0006,mole_fraction,0.0006,mole_fraction,,,not_reported,direct_positive,canonical_eligible,canonical_eligible,direct_measurement,yes,Jakobsen2005|w=0.3|T=20,,,,Positive source observation admitted by the Gate 0 v2 contract.,cheq_canon_00347,
Jakobsen2005_state_012|H3O+,speciation,Jakobsen2005,data/reference/MEA/observations/liquid_speciation/Jakobsen_2005_ChEq.csv,12,H3O+,293.15,0.3,0.25,,,,,,,not_reported,balance_inferred,canonical_eligible,canonical_eligible,inferred_not_independent,no,Jakobsen2005|w=0.3|T=20,,,,Balance-inferred context is not an independent measurement.,,
Jakobsen2005_state_012|OH-,speciation,Jakobsen2005,data/reference/MEA/observations/liquid_speciation/Jakobsen_2005_ChEq.csv,12,OH-,293.15,0.3,0.25,,,,,,,not_reported,balance_inferred,canonical_eligible,canonical_eligible,inferred_not_independent,no,Jakobsen2005|w=0.3|T=20,,,,Balance-inferred context is not an independent measurement.,,
Jakobsen2005_state_012|MEA + MEAH+,speciation,Jakobsen2005,data/reference/MEA/observations/liquid_speciation/Jakobsen_2005_ChEq.csv,12,MEA + MEAH+,293.15,0.3,0.25,0.0836,mole_fraction,0.0836,mole_fraction,,,not_reported,model_derived,canonical_eligible,canonical_eligible,contextual,no,Jakobsen2005|w=0.3|T=20,,,,Observation is outside the executable active target contract.,cheq_canon_00344,
Jakobsen2005_state_013|CO2,speciation,Jakobsen2005,data/reference/MEA/observations/liquid_speciation/Jakobsen_2005_ChEq.csv,13,CO2,293.15,0.3,0.4,,,,,,,not_reported,balance_inferred,canonical_eligible,canonical_eligible,inferred_not_independent,no,Jakobsen2005|w=0.3|T=20,,,,Balance-inferred context is not an independent measurement.,,
Jakobsen2005_state_013|MEA,speciation,Jakobsen2005,data/reference/MEA/observations/liquid_speciation/Jakobsen_2005_ChEq.csv,13,MEA,293.15,0.3,0.4,0.0331,mole_fraction,0.0331,mole_fraction,,,not_reported,direct_positive,canonical_eligible,canonical_eligible,direct_measurement,yes,Jakobsen2005|w=0.3|T=20,,,,Positive source observation admitted by the Gate 0 v2 contract.,cheq_canon_00348,
Jakobsen2005_state_013|MEAH+,speciation,Jakobsen2005,data/reference/MEA/observations/liquid_speciation/Jakobsen_2005_ChEq.csv,13,MEAH+,293.15,0.3,0.4,0.0447,mole_fraction,0.0447,mole_fraction,,,not_reported,direct_positive,canonical_eligible,canonical_eligible,direct_measurement,yes,Jakobsen2005|w=0.3|T=20,,,,Positive source observation admitted by the Gate 0 v2 contract.,cheq_canon_00349,
Jakobsen2005_state_013|MEACOO-,speciation,Jakobsen2005,data/reference/MEA/observations/liquid_speciation/Jakobsen_2005_ChEq.csv,13,MEACOO-,293.15,0.3,0.4,0.0427,mole_fraction,0.0427,mole_fraction,,,not_reported,direct_positive,canonical_eligible,canonical_eligible,direct_measurement,yes,Jakobsen2005|w=0.3|T=20,,,,Positive source observation admitted by the Gate 0 v2 contract.,cheq_canon_00351,
Jakobsen2005_state_013|HCO3-,speciation,Jakobsen2005,data/reference/MEA/observations/liquid_speciation/Jakobsen_2005_ChEq.csv,13,HCO3-,293.15,0.3,0.4,0.0006,mole_fraction,0.0006,mole_fraction,,,not_reported,direct_positive,canonical_eligible,canonical_eligible,direct_measurement,yes,Jakobsen2005|w=0.3|T=20,,,,Positive source observation admitted by the Gate 0 v2 contract.,cheq_canon_00352,
Jakobsen2005_state_013|CO3^2-,speciation,Jakobsen2005,data/reference/MEA/observations/liquid_speciation/Jakobsen_2005_ChEq.csv,13,CO3^2-,293.15,0.3,0.4,0.0012,mole_fraction,0.0012,mole_fraction,,,not_reported,direct_positive,canonical_eligible,canonical_eligible,direct_measurement,yes,Jakobsen2005|w=0.3|T=20,,,,Positive source observation admitted by the Gate 0 v2 contract.,cheq_canon_00353,
Jakobsen2005_state_013|H3O+,speciation,Jakobsen2005,data/reference/MEA/observations/liquid_speciation/Jakobsen_2005_ChEq.csv,13,H3O+,293.15,0.3,0.4,,,,,,,not_reported,balance_inferred,canonical_eligible,canonical_eligible,inferred_not_independent,no,Jakobsen2005|w=0.3|T=20,,,,Balance-inferred context is not an independent measurement.,,
Jakobsen2005_state_013|OH-,speciation,Jakobsen2005,data/reference/MEA/observations/liquid_speciation/Jakobsen_2005_ChEq.csv,13,OH-,293.15,0.3,0.4,,,,,,,not_reported,balance_inferred,canonical_eligible,canonical_eligible,inferred_not_independent,no,Jakobsen2005|w=0.3|T=20,,,,Balance-inferred context is not an independent measurement.,,
Jakobsen2005_state_013|MEA + MEAH+,speciation,Jakobsen2005,data/reference/MEA/observations/liquid_speciation/Jakobsen_2005_ChEq.csv,13,MEA + MEAH+,293.15,0.3,0.4,0.0778,mole_fraction,0.0778,mole_fraction,,,not_reported,model_derived,canonical_eligible,canonical_eligible,contextual,no,Jakobsen2005|w=0.3|T=20,,,,Observation is outside the executable active target contract.,cheq_canon_00350,
Jakobsen2005_state_014|CO2,speciation,Jakobsen2005,data/reference/MEA/observations/liquid_speciation/Jakobsen_2005_ChEq.csv,14,CO2,293.15,0.3,0.6,,,,,,,not_reported,balance_inferred,canonical_eligible,canonical_eligible,inferred_not_independent,no,Jakobsen2005|w=0.3|T=20,,,,Balance-inferred context is not an independent measurement.,,
Jakobsen2005_state_014|MEA,speciation,Jakobsen2005,data/reference/MEA/observations/liquid_speciation/Jakobsen_2005_ChEq.csv,14,MEA,293.15,0.3,0.6,0.0009,mole_fraction,0.0009,mole_fraction,,,not_reported,direct_positive,canonical_eligible,canonical_eligible,direct_measurement,yes,Jakobsen2005|w=0.3|T=20,,,,Positive source observation admitted by the Gate 0 v2 contract.,cheq_canon_00354,
Jakobsen2005_state_014|MEAH+,speciation,Jakobsen2005,data/reference/MEA/observations/liquid_speciation/Jakobsen_2005_ChEq.csv,14,MEAH+,293.15,0.3,0.6,0.0632,mole_fraction,0.0632,mole_fraction,,,not_reported,direct_positive,canonical_eligible,canonical_eligible,direct_measurement,yes,Jakobsen2005|w=0.3|T=20,,,,Positive source observation admitted by the Gate 0 v2 contract.,cheq_canon_00355,
Jakobsen2005_state_014|MEACOO-,speciation,Jakobsen2005,data/reference/MEA/observations/liquid_speciation/Jakobsen_2005_ChEq.csv,14,MEACOO-,293.15,0.3,0.6,0.0519,mole_fraction,0.0519,mole_fraction,,,not_reported,direct_positive,canonical_eligible,canonical_eligible,direct_measurement,yes,Jakobsen2005|w=0.3|T=20,,,,Positive source observation admitted by the Gate 0 v2 contract.,cheq_canon_00357,
Jakobsen2005_state_014|HCO3-,speciation,Jakobsen2005,data/reference/MEA/observations/liquid_speciation/Jakobsen_2005_ChEq.csv,14,HCO3-,293.15,0.3,0.6,0.0139,mole_fraction,0.0139,mole_fraction,,,not_reported,direct_positive,canonical_eligible,canonical_eligible,direct_measurement,yes,Jakobsen2005|w=0.3|T=20,,,,Positive source observation admitted by the Gate 0 v2 contract.,cheq_canon_00358,
Jakobsen2005_state_014|CO3^2-,speciation,Jakobsen2005,data/reference/MEA/observations/liquid_speciation/Jakobsen_2005_ChEq.csv,14,CO3^2-,293.15,0.3,0.6,0.0014,mole_fraction,0.0014,mole_fraction,,,not_reported,direct_positive,canonical_eligible,canonical_eligible,direct_measurement,yes,Jakobsen2005|w=0.3|T=20,,,,Positive source observation admitted by the Gate 0 v2 contract.,cheq_canon_00359,
Jakobsen2005_state_014|H3O+,speciation,Jakobsen2005,data/reference/MEA/observations/liquid_speciation/Jakobsen_2005_ChEq.csv,14,H3O+,293.15,0.3,0.6,,,,,,,not_reported,balance_inferred,canonical_eligible,canonical_eligible,inferred_not_independent,no,Jakobsen2005|w=0.3|T=20,,,,Balance-inferred context is not an independent measurement.,,
Jakobsen2005_state_014|OH-,speciation,Jakobsen2005,data/reference/MEA/observations/liquid_speciation/Jakobsen_2005_ChEq.csv,14,OH-,293.15,0.3,0.6,,,,,,,not_reported,balance_inferred,canonical_eligible,canonical_eligible,inferred_not_independent,no,Jakobsen2005|w=0.3|T=20,,,,Balance-inferred context is not an independent measurement.,,
Jakobsen2005_state_014|MEA + MEAH+,speciation,Jakobsen2005,data/reference/MEA/observations/liquid_speciation/Jakobsen_2005_ChEq.csv,14,MEA + MEAH+,293.15,0.3,0.6,0.0641,mole_fraction,0.0641,mole_fraction,,,not_reported,model_derived,canonical_eligible,canonical_eligible,contextual,no,Jakobsen2005|w=0.3|T=20,,,,Observation is outside the executable active target contract.,cheq_canon_00356,
Jakobsen2005_state_015|CO2,speciation,Jakobsen2005,data/reference/MEA/observations/liquid_speciation/Jakobsen_2005_ChEq.csv,15,CO2,293.15,0.3,0.78,0.0005,mole_fraction,0.0005,mole_fraction,,,not_reported,direct_positive,canonical_eligible,canonical_eligible,direct_measurement,yes,Jakobsen2005|w=0.3|T=20,,,,Positive source observation admitted by the Gate 0 v2 contract.,cheq_canon_00360,
Jakobsen2005_state_015|MEA,speciation,Jakobsen2005,data/reference/MEA/observations/liquid_speciation/Jakobsen_2005_ChEq.csv,15,MEA,293.15,0.3,0.78,0.0003,mole_fraction,0.0003,mole_fraction,,,not_reported,direct_positive,canonical_eligible,canonical_eligible,direct_measurement,yes,Jakobsen2005|w=0.3|T=20,,,,Positive source observation admitted by the Gate 0 v2 contract.,cheq_canon_00361,
Jakobsen2005_state_015|MEAH+,speciation,Jakobsen2005,data/reference/MEA/observations/liquid_speciation/Jakobsen_2005_ChEq.csv,15,MEAH+,293.15,0.3,0.78,0.0749,mole_fraction,0.0749,mole_fraction,,,not_reported,direct_positive,canonical_eligible,canonical_eligible,direct_measurement,yes,Jakobsen2005|w=0.3|T=20,,,,Positive source observation admitted by the Gate 0 v2 contract.,cheq_canon_00362,
Jakobsen2005_state_015|MEACOO-,speciation,Jakobsen2005,data/reference/MEA/observations/liquid_speciation/Jakobsen_2005_ChEq.csv,15,MEACOO-,293.15,0.3,0.78,0.0385,mole_fraction,0.0385,mole_fraction,,,not_reported,direct_positive,canonical_eligible,canonical_eligible,direct_measurement,yes,Jakobsen2005|w=0.3|T=20,,,,Positive source observation admitted by the Gate 0 v2 contract.,cheq_canon_00364,
Jakobsen2005_state_015|HCO3-,speciation,Jakobsen2005,data/reference/MEA/observations/liquid_speciation/Jakobsen_2005_ChEq.csv,15,HCO3-,293.15,0.3,0.78,0.0442,mole_fraction,0.0442,mole_fraction,,,not_reported,direct_positive,canonical_eligible,canonical_eligible,direct_measurement,yes,Jakobsen2005|w=0.3|T=20,,,,Positive source observation admitted by the Gate 0 v2 contract.,cheq_canon_00365,
Jakobsen2005_state_015|CO3^2-,speciation,Jakobsen2005,data/reference/MEA/observations/liquid_speciation/Jakobsen_2005_ChEq.csv,15,CO3^2-,293.15,0.3,0.78,0.0014,mole_fraction,0.0014,mole_fraction,,,not_reported,direct_positive,canonical_eligible,canonical_eligible,direct_measurement,yes,Jakobsen2005|w=0.3|T=20,,,,Positive source observation admitted by the Gate 0 v2 contract.,cheq_canon_00366,
Jakobsen2005_state_015|H3O+,speciation,Jakobsen2005,data/reference/MEA/observations/liquid_speciation/Jakobsen_2005_ChEq.csv,15,H3O+,293.15,0.3,0.78,,,,,,,not_reported,balance_inferred,canonical_eligible,canonical_eligible,inferred_not_independent,no,Jakobsen2005|w=0.3|T=20,,,,Balance-inferred context is not an independent measurement.,,
Jakobsen2005_state_015|OH-,speciation,Jakobsen2005,data/reference/MEA/observations/liquid_speciation/Jakobsen_2005_ChEq.csv,15,OH-,293.15,0.3,0.78,,,,,,,not_reported,balance_inferred,canonical_eligible,canonical_eligible,inferred_not_independent,no,Jakobsen2005|w=0.3|T=20,,,,Balance-inferred context is not an independent measurement.,,
Jakobsen2005_state_015|MEA + MEAH+,speciation,Jakobsen2005,data/reference/MEA/observations/liquid_speciation/Jakobsen_2005_ChEq.csv,15,MEA + MEAH+,293.15,0.3,0.78,0.0752,mole_fraction,0.0752,mole_fraction,,,not_reported,model_derived,canonical_eligible,canonical_eligible,contextual,no,Jakobsen2005|w=0.3|T=20,,,,Observation is outside the executable active target contract.,cheq_canon_00363,
Jakobsen2005_state_016|CO2,speciation,Jakobsen2005,data/reference/MEA/observations/liquid_speciation/Jakobsen_2005_ChEq.csv,16,CO2,293.15,0.3,0.99,0.0018,mole_fraction,0.0018,mole_fraction,,,not_reported,direct_positive,canonical_eligible,canonical_eligible,direct_measurement,yes,Jakobsen2005|w=0.3|T=20,,,,Positive source observation admitted by the Gate 0 v2 contract.,cheq_canon_00367,
Jakobsen2005_state_016|MEA,speciation,Jakobsen2005,data/reference/MEA/observations/liquid_speciation/Jakobsen_2005_ChEq.csv,16,MEA,293.15,0.3,0.99,0.0006,mole_fraction,0.0006,mole_fraction,,,not_reported,direct_positive,canonical_eligible,canonical_eligible,direct_measurement,yes,Jakobsen2005|w=0.3|T=20,,,,Positive source observation admitted by the Gate 0 v2 contract.,cheq_canon_00368,
Jakobsen2005_state_016|MEAH+,speciation,Jakobsen2005,data/reference/MEA/observations/liquid_speciation/Jakobsen_2005_ChEq.csv,16,MEAH+,293.15,0.3,0.99,0.0826,mole_fraction,0.0826,mole_fraction,,,not_reported,direct_positive,canonical_eligible,canonical_eligible,direct_measurement,yes,Jakobsen2005|w=0.3|T=20,,,,Positive source observation admitted by the Gate 0 v2 contract.,cheq_canon_00369,
Jakobsen2005_state_016|MEACOO-,speciation,Jakobsen2005,data/reference/MEA/observations/liquid_speciation/Jakobsen_2005_ChEq.csv,16,MEACOO-,293.15,0.3,0.99,0.0276,mole_fraction,0.0276,mole_fraction,,,not_reported,direct_positive,canonical_eligible,canonical_eligible,direct_measurement,yes,Jakobsen2005|w=0.3|T=20,,,,Positive source observation admitted by the Gate 0 v2 contract.,cheq_canon_00371,
Jakobsen2005_state_016|HCO3-,speciation,Jakobsen2005,data/reference/MEA/observations/liquid_speciation/Jakobsen_2005_ChEq.csv,16,HCO3-,293.15,0.3,0.99,0.0671,mole_fraction,0.0671,mole_fraction,,,not_reported,direct_positive,canonical_eligible,canonical_eligible,direct_measurement,yes,Jakobsen2005|w=0.3|T=20,,,,Positive source observation admitted by the Gate 0 v2 contract.,cheq_canon_00372,
Jakobsen2005_state_016|CO3^2-,speciation,Jakobsen2005,data/reference/MEA/observations/liquid_speciation/Jakobsen_2005_ChEq.csv,16,CO3^2-,293.15,0.3,0.99,0.0017,mole_fraction,0.0017,mole_fraction,,,not_reported,direct_positive,canonical_eligible,canonical_eligible,direct_measurement,yes,Jakobsen2005|w=0.3|T=20,,,,Positive source observation admitted by the Gate 0 v2 contract.,cheq_canon_00373,
Jakobsen2005_state_016|H3O+,speciation,Jakobsen2005,data/reference/MEA/observations/liquid_speciation/Jakobsen_2005_ChEq.csv,16,H3O+,293.15,0.3,0.99,,,,,,,not_reported,balance_inferred,canonical_eligible,canonical_eligible,inferred_not_independent,no,Jakobsen2005|w=0.3|T=20,,,,Balance-inferred context is not an independent measurement.,,
Jakobsen2005_state_016|OH-,speciation,Jakobsen2005,data/reference/MEA/observations/liquid_speciation/Jakobsen_2005_ChEq.csv,16,OH-,293.15,0.3,0.99,,,,,,,not_reported,balance_inferred,canonical_eligible,canonical_eligible,inferred_not_independent,no,Jakobsen2005|w=0.3|T=20,,,,Balance-inferred context is not an independent measurement.,,
Jakobsen2005_state_016|MEA + MEAH+,speciation,Jakobsen2005,data/reference/MEA/observations/liquid_speciation/Jakobsen_2005_ChEq.csv,16,MEA + MEAH+,293.15,0.3,0.99,0.0832,mole_fraction,0.0832,mole_fraction,,,not_reported,model_derived,canonical_eligible,canonical_eligible,contextual,no,Jakobsen2005|w=0.3|T=20,,,,Observation is outside the executable active target contract.,cheq_canon_00370,
Jakobsen2005_state_017|CO2,speciation,Jakobsen2005,data/reference/MEA/observations/liquid_speciation/Jakobsen_2005_ChEq.csv,17,CO2,313.15,0.3,0.11,,,,,,,not_reported,balance_inferred,canonical_eligible,canonical_eligible,inferred_not_independent,no,Jakobsen2005|w=0.3|T=40,,,,Balance-inferred context is not an independent measurement.,,
Jakobsen2005_state_017|MEA,speciation,Jakobsen2005,data/reference/MEA/observations/liquid_speciation/Jakobsen_2005_ChEq.csv,17,MEA,313.15,0.3,0.11,0.0985,mole_fraction,0.0985,mole_fraction,,,not_reported,direct_positive,canonical_eligible,canonical_eligible,direct_measurement,yes,Jakobsen2005|w=0.3|T=40,,,,Positive source observation admitted by the Gate 0 v2 contract.,cheq_canon_00374,
Jakobsen2005_state_017|MEAH+,speciation,Jakobsen2005,data/reference/MEA/observations/liquid_speciation/Jakobsen_2005_ChEq.csv,17,MEAH+,313.15,0.3,0.11,0.0065,mole_fraction,0.0065,mole_fraction,,,not_reported,direct_positive,canonical_eligible,canonical_eligible,direct_measurement,yes,Jakobsen2005|w=0.3|T=40,,,,Positive source observation admitted by the Gate 0 v2 contract.,cheq_canon_00375,
Jakobsen2005_state_017|MEACOO-,speciation,Jakobsen2005,data/reference/MEA/observations/liquid_speciation/Jakobsen_2005_ChEq.csv,17,MEACOO-,313.15,0.3,0.11,0.0103,mole_fraction,0.0103,mole_fraction,,,not_reported,direct_positive,canonical_eligible,canonical_eligible,direct_measurement,yes,Jakobsen2005|w=0.3|T=40,,,,Positive source observation admitted by the Gate 0 v2 contract.,cheq_canon_00377,
Jakobsen2005_state_017|HCO3-,speciation,Jakobsen2005,data/reference/MEA/observations/liquid_speciation/Jakobsen_2005_ChEq.csv,17,HCO3-,313.15,0.3,0.11,0.0001,mole_fraction,0.0001,mole_fraction,,,not_reported,direct_positive,canonical_eligible,canonical_eligible,direct_measurement,yes,Jakobsen2005|w=0.3|T=40,,,,Positive source observation admitted by the Gate 0 v2 contract.,cheq_canon_00378,
Jakobsen2005_state_017|CO3^2-,speciation,Jakobsen2005,data/reference/MEA/observations/liquid_speciation/Jakobsen_2005_ChEq.csv,17,CO3^2-,313.15,0.3,0.11,0.0001,mole_fraction,0.0001,mole_fraction,,,not_reported,direct_positive,canonical_eligible,canonical_eligible,direct_measurement,yes,Jakobsen2005|w=0.3|T=40,,,,Positive source observation admitted by the Gate 0 v2 contract.,cheq_canon_00379,
Jakobsen2005_state_017|H3O+,speciation,Jakobsen2005,data/reference/MEA/observations/liquid_speciation/Jakobsen_2005_ChEq.csv,17,H3O+,313.15,0.3,0.11,,,,,,,not_reported,balance_inferred,canonical_eligible,canonical_eligible,inferred_not_independent,no,Jakobsen2005|w=0.3|T=40,,,,Balance-inferred context is not an independent measurement.,,
Jakobsen2005_state_017|OH-,speciation,Jakobsen2005,data/reference/MEA/observations/liquid_speciation/Jakobsen_2005_ChEq.csv,17,OH-,313.15,0.3,0.11,,,,,,,not_reported,balance_inferred,canonical_eligible,canonical_eligible,inferred_not_independent,no,Jakobsen2005|w=0.3|T=40,,,,Balance-inferred context is not an independent measurement.,,
Jakobsen2005_state_017|MEA + MEAH+,speciation,Jakobsen2005,data/reference/MEA/observations/liquid_speciation/Jakobsen_2005_ChEq.csv,17,MEA + MEAH+,313.15,0.3,0.11,0.105,mole_fraction,0.105,mole_fraction,,,not_reported,model_derived,canonical_eligible,canonical_eligible,contextual,no,Jakobsen2005|w=0.3|T=40,,,,Observation is outside the executable active target contract.,cheq_canon_00376,
Jakobsen2005_state_018|CO2,speciation,Jakobsen2005,data/reference/MEA/observations/liquid_speciation/Jakobsen_2005_ChEq.csv,18,CO2,313.15,0.3,0.21,,,,,,,not_reported,balance_inferred,canonical_eligible,canonical_eligible,inferred_not_independent,no,Jakobsen2005|w=0.3|T=40,,,,Balance-inferred context is not an independent measurement.,,
Jakobsen2005_state_018|MEA,speciation,Jakobsen2005,data/reference/MEA/observations/liquid_speciation/Jakobsen_2005_ChEq.csv,18,MEA,313.15,0.3,0.21,0.0715,mole_fraction,0.0715,mole_fraction,,,not_reported,direct_positive,canonical_eligible,canonical_eligible,direct_measurement,yes,Jakobsen2005|w=0.3|T=40,,,,Positive source observation admitted by the Gate 0 v2 contract.,cheq_canon_00380,
Jakobsen2005_state_018|MEAH+,speciation,Jakobsen2005,data/reference/MEA/observations/liquid_speciation/Jakobsen_2005_ChEq.csv,18,MEAH+,313.15,0.3,0.21,0.016,mole_fraction,0.016,mole_fraction,,,not_reported,direct_positive,canonical_eligible,canonical_eligible,direct_measurement,yes,Jakobsen2005|w=0.3|T=40,,,,Positive source observation admitted by the Gate 0 v2 contract.,cheq_canon_00381,
Jakobsen2005_state_018|MEACOO-,speciation,Jakobsen2005,data/reference/MEA/observations/liquid_speciation/Jakobsen_2005_ChEq.csv,18,MEACOO-,313.15,0.3,0.21,0.018,mole_fraction,0.018,mole_fraction,,,not_reported,direct_positive,canonical_eligible,canonical_eligible,direct_measurement,yes,Jakobsen2005|w=0.3|T=40,,,,Positive source observation admitted by the Gate 0 v2 contract.,cheq_canon_00383,
Jakobsen2005_state_018|HCO3-,speciation,Jakobsen2005,data/reference/MEA/observations/liquid_speciation/Jakobsen_2005_ChEq.csv,18,HCO3-,313.15,0.3,0.21,0.002,mole_fraction,0.002,mole_fraction,,,not_reported,direct_positive,canonical_eligible,canonical_eligible,direct_measurement,yes,Jakobsen2005|w=0.3|T=40,,,,Positive source observation admitted by the Gate 0 v2 contract.,cheq_canon_00384,
Jakobsen2005_state_018|CO3^2-,speciation,Jakobsen2005,data/reference/MEA/observations/liquid_speciation/Jakobsen_2005_ChEq.csv,18,CO3^2-,313.15,0.3,0.21,0.0027,mole_fraction,0.0027,mole_fraction,,,not_reported,direct_positive,canonical_eligible,canonical_eligible,direct_measurement,yes,Jakobsen2005|w=0.3|T=40,,,,Positive source observation admitted by the Gate 0 v2 contract.,cheq_canon_00385,
Jakobsen2005_state_018|H3O+,speciation,Jakobsen2005,data/reference/MEA/observations/liquid_speciation/Jakobsen_2005_ChEq.csv,18,H3O+,313.15,0.3,0.21,,,,,,,not_reported,balance_inferred,canonical_eligible,canonical_eligible,inferred_not_independent,no,Jakobsen2005|w=0.3|T=40,,,,Balance-inferred context is not an independent measurement.,,
Jakobsen2005_state_018|OH-,speciation,Jakobsen2005,data/reference/MEA/observations/liquid_speciation/Jakobsen_2005_ChEq.csv,18,OH-,313.15,0.3,0.21,,,,,,,not_reported,balance_inferred,canonical_eligible,canonical_eligible,inferred_not_independent,no,Jakobsen2005|w=0.3|T=40,,,,Balance-inferred context is not an independent measurement.,,
Jakobsen2005_state_018|MEA + MEAH+,speciation,Jakobsen2005,data/reference/MEA/observations/liquid_speciation/Jakobsen_2005_ChEq.csv,18,MEA + MEAH+,313.15,0.3,0.21,0.0875,mole_fraction,0.0875,mole_fraction,,,not_reported,model_derived,canonical_eligible,canonical_eligible,contextual,no,Jakobsen2005|w=0.3|T=40,,,,Observation is outside the executable active target contract.,cheq_canon_00382,
Jakobsen2005_state_019|CO2,speciation,Jakobsen2005,data/reference/MEA/observations/liquid_speciation/Jakobsen_2005_ChEq.csv,19,CO2,313.15,0.3,0.29,,,,,,,not_reported,balance_inferred,canonical_eligible,canonical_eligible,inferred_not_independent,no,Jakobsen2005|w=0.3|T=40,,,,Balance-inferred context is not an independent measurement.,,
Jakobsen2005_state_019|MEA,speciation,Jakobsen2005,data/reference/MEA/observations/liquid_speciation/Jakobsen_2005_ChEq.csv,19,MEA,313.15,0.3,0.29,0.0563,mole_fraction,0.0563,mole_fraction,,,not_reported,direct_positive,canonical_eligible,canonical_eligible,direct_measurement,yes,Jakobsen2005|w=0.3|T=40,,,,Positive source observation admitted by the Gate 0 v2 contract.,cheq_canon_00386,
Jakobsen2005_state_019|MEAH+,speciation,Jakobsen2005,data/reference/MEA/observations/liquid_speciation/Jakobsen_2005_ChEq.csv,19,MEAH+,313.15,0.3,0.29,0.0225,mole_fraction,0.0225,mole_fraction,,,not_reported,direct_positive,canonical_eligible,canonical_eligible,direct_measurement,yes,Jakobsen2005|w=0.3|T=40,,,,Positive source observation admitted by the Gate 0 v2 contract.,cheq_canon_00387,
Jakobsen2005_state_019|MEACOO-,speciation,Jakobsen2005,data/reference/MEA/observations/liquid_speciation/Jakobsen_2005_ChEq.csv,19,MEACOO-,313.15,0.3,0.29,0.0284,mole_fraction,0.0284,mole_fraction,,,not_reported,direct_positive,canonical_eligible,canonical_eligible,direct_measurement,yes,Jakobsen2005|w=0.3|T=40,,,,Positive source observation admitted by the Gate 0 v2 contract.,cheq_canon_00389,
Jakobsen2005_state_019|HCO3-,speciation,Jakobsen2005,data/reference/MEA/observations/liquid_speciation/Jakobsen_2005_ChEq.csv,19,HCO3-,313.15,0.3,0.29,0.0003,mole_fraction,0.0003,mole_fraction,,,not_reported,direct_positive,canonical_eligible,canonical_eligible,direct_measurement,yes,Jakobsen2005|w=0.3|T=40,,,,Positive source observation admitted by the Gate 0 v2 contract.,cheq_canon_00390,
Jakobsen2005_state_019|CO3^2-,speciation,Jakobsen2005,data/reference/MEA/observations/liquid_speciation/Jakobsen_2005_ChEq.csv,19,CO3^2-,313.15,0.3,0.29,0.0004,mole_fraction,0.0004,mole_fraction,,,not_reported,direct_positive,canonical_eligible,canonical_eligible,direct_measurement,yes,Jakobsen2005|w=0.3|T=40,,,,Positive source observation admitted by the Gate 0 v2 contract.,cheq_canon_00391,
Jakobsen2005_state_019|H3O+,speciation,Jakobsen2005,data/reference/MEA/observations/liquid_speciation/Jakobsen_2005_ChEq.csv,19,H3O+,313.15,0.3,0.29,,,,,,,not_reported,balance_inferred,canonical_eligible,canonical_eligible,inferred_not_independent,no,Jakobsen2005|w=0.3|T=40,,,,Balance-inferred context is not an independent measurement.,,
Jakobsen2005_state_019|OH-,speciation,Jakobsen2005,data/reference/MEA/observations/liquid_speciation/Jakobsen_2005_ChEq.csv,19,OH-,313.15,0.3,0.29,,,,,,,not_reported,balance_inferred,canonical_eligible,canonical_eligible,inferred_not_independent,no,Jakobsen2005|w=0.3|T=40,,,,Balance-inferred context is not an independent measurement.,,
Jakobsen2005_state_019|MEA + MEAH+,speciation,Jakobsen2005,data/reference/MEA/observations/liquid_speciation/Jakobsen_2005_ChEq.csv,19,MEA + MEAH+,313.15,0.3,0.29,0.0788,mole_fraction,0.0788,mole_fraction,,,not_reported,model_derived,canonical_eligible,canonical_eligible,contextual,no,Jakobsen2005|w=0.3|T=40,,,,Observation is outside the executable active target contract.,cheq_canon_00388,
Jakobsen2005_state_020|CO2,speciation,Jakobsen2005,data/reference/MEA/observations/liquid_speciation/Jakobsen_2005_ChEq.csv,20,CO2,313.15,0.3,0.25,,,,,,,not_reported,balance_inferred,canonical_eligible,canonical_eligible,inferred_not_independent,no,Jakobsen2005|w=0.3|T=40,,,,Balance-inferred context is not an independent measurement.,,
Jakobsen2005_state_020|MEA,speciation,Jakobsen2005,data/reference/MEA/observations/liquid_speciation/Jakobsen_2005_ChEq.csv,20,MEA,313.15,0.3,0.25,0.0559,mole_fraction,0.0559,mole_fraction,,,not_reported,direct_positive,canonical_eligible,canonical_eligible,direct_measurement,yes,Jakobsen2005|w=0.3|T=40,,,,Positive source observation admitted by the Gate 0 v2 contract.,cheq_canon_00392,
Jakobsen2005_state_020|MEAH+,speciation,Jakobsen2005,data/reference/MEA/observations/liquid_speciation/Jakobsen_2005_ChEq.csv,20,MEAH+,313.15,0.3,0.25,0.0218,mole_fraction,0.0218,mole_fraction,,,not_reported,direct_positive,canonical_eligible,canonical_eligible,direct_measurement,yes,Jakobsen2005|w=0.3|T=40,,,,Positive source observation admitted by the Gate 0 v2 contract.,cheq_canon_00393,
Jakobsen2005_state_020|MEACOO-,speciation,Jakobsen2005,data/reference/MEA/observations/liquid_speciation/Jakobsen_2005_ChEq.csv,20,MEACOO-,313.15,0.3,0.25,0.0261,mole_fraction,0.0261,mole_fraction,,,not_reported,direct_positive,canonical_eligible,canonical_eligible,direct_measurement,yes,Jakobsen2005|w=0.3|T=40,,,,Positive source observation admitted by the Gate 0 v2 contract.,cheq_canon_00395,
Jakobsen2005_state_020|HCO3-,speciation,Jakobsen2005,data/reference/MEA/observations/liquid_speciation/Jakobsen_2005_ChEq.csv,20,HCO3-,313.15,0.3,0.25,0.0004,mole_fraction,0.0004,mole_fraction,,,not_reported,direct_positive,canonical_eligible,canonical_eligible,direct_measurement,yes,Jakobsen2005|w=0.3|T=40,,,,Positive source observation admitted by the Gate 0 v2 contract.,cheq_canon_00396,
Jakobsen2005_state_020|CO3^2-,speciation,Jakobsen2005,data/reference/MEA/observations/liquid_speciation/Jakobsen_2005_ChEq.csv,20,CO3^2-,313.15,0.3,0.25,0.0004,mole_fraction,0.0004,mole_fraction,,,not_reported,direct_positive,canonical_eligible,canonical_eligible,direct_measurement,yes,Jakobsen2005|w=0.3|T=40,,,,Positive source observation admitted by the Gate 0 v2 contract.,cheq_canon_00397,
Jakobsen2005_state_020|H3O+,speciation,Jakobsen2005,data/reference/MEA/observations/liquid_speciation/Jakobsen_2005_ChEq.csv,20,H3O+,313.15,0.3,0.25,,,,,,,not_reported,balance_inferred,canonical_eligible,canonical_eligible,inferred_not_independent,no,Jakobsen2005|w=0.3|T=40,,,,Balance-inferred context is not an independent measurement.,,
Jakobsen2005_state_020|OH-,speciation,Jakobsen2005,data/reference/MEA/observations/liquid_speciation/Jakobsen_2005_ChEq.csv,20,OH-,313.15,0.3,0.25,,,,,,,not_reported,balance_inferred,canonical_eligible,canonical_eligible,inferred_not_independent,no,Jakobsen2005|w=0.3|T=40,,,,Balance-inferred context is not an independent measurement.,,
Jakobsen2005_state_020|MEA + MEAH+,speciation,Jakobsen2005,data/reference/MEA/observations/liquid_speciation/Jakobsen_2005_ChEq.csv,20,MEA + MEAH+,313.15,0.3,0.25,0.0777,mole_fraction,0.0777,mole_fraction,,,not_reported,model_derived,canonical_eligible,canonical_eligible,contextual,no,Jakobsen2005|w=0.3|T=40,,,,Observation is outside the executable active target contract.,cheq_canon_00394,
Jakobsen2005_state_021|CO2,speciation,Jakobsen2005,data/reference/MEA/observations/liquid_speciation/Jakobsen_2005_ChEq.csv,21,CO2,313.15,0.3,0.4,,,,,,,not_reported,balance_inferred,canonical_eligible,canonical_eligible,inferred_not_independent,no,Jakobsen2005|w=0.3|T=40,,,,Balance-inferred context is not an independent measurement.,,
Jakobsen2005_state_021|MEA,speciation,Jakobsen2005,data/reference/MEA/observations/liquid_speciation/Jakobsen_2005_ChEq.csv,21,MEA,313.15,0.3,0.4,0.0376,mole_fraction,0.0376,mole_fraction,,,not_reported,direct_positive,canonical_eligible,canonical_eligible,direct_measurement,yes,Jakobsen2005|w=0.3|T=40,,,,Positive source observation admitted by the Gate 0 v2 contract.,cheq_canon_00398,
Jakobsen2005_state_021|MEAH+,speciation,Jakobsen2005,data/reference/MEA/observations/liquid_speciation/Jakobsen_2005_ChEq.csv,21,MEAH+,313.15,0.3,0.4,0.0473,mole_fraction,0.0473,mole_fraction,,,not_reported,direct_positive,canonical_eligible,canonical_eligible,direct_measurement,yes,Jakobsen2005|w=0.3|T=40,,,,Positive source observation admitted by the Gate 0 v2 contract.,cheq_canon_00399,
Jakobsen2005_state_021|MEACOO-,speciation,Jakobsen2005,data/reference/MEA/observations/liquid_speciation/Jakobsen_2005_ChEq.csv,21,MEACOO-,313.15,0.3,0.4,0.0495,mole_fraction,0.0495,mole_fraction,,,not_reported,direct_positive,canonical_eligible,canonical_eligible,direct_measurement,yes,Jakobsen2005|w=0.3|T=40,,,,Positive source observation admitted by the Gate 0 v2 contract.,cheq_canon_00401,
Jakobsen2005_state_021|HCO3-,speciation,Jakobsen2005,data/reference/MEA/observations/liquid_speciation/Jakobsen_2005_ChEq.csv,21,HCO3-,313.15,0.3,0.4,0.0012,mole_fraction,0.0012,mole_fraction,,,not_reported,direct_positive,canonical_eligible,canonical_eligible,direct_measurement,yes,Jakobsen2005|w=0.3|T=40,,,,Positive source observation admitted by the Gate 0 v2 contract.,cheq_canon_00402,
Jakobsen2005_state_021|CO3^2-,speciation,Jakobsen2005,data/reference/MEA/observations/liquid_speciation/Jakobsen_2005_ChEq.csv,21,CO3^2-,313.15,0.3,0.4,0.001,mole_fraction,0.001,mole_fraction,,,not_reported,direct_positive,canonical_eligible,canonical_eligible,direct_measurement,yes,Jakobsen2005|w=0.3|T=40,,,,Positive source observation admitted by the Gate 0 v2 contract.,cheq_canon_00403,
Jakobsen2005_state_021|H3O+,speciation,Jakobsen2005,data/reference/MEA/observations/liquid_speciation/Jakobsen_2005_ChEq.csv,21,H3O+,313.15,0.3,0.4,,,,,,,not_reported,balance_inferred,canonical_eligible,canonical_eligible,inferred_not_independent,no,Jakobsen2005|w=0.3|T=40,,,,Balance-inferred context is not an independent measurement.,,
Jakobsen2005_state_021|OH-,speciation,Jakobsen2005,data/reference/MEA/observations/liquid_speciation/Jakobsen_2005_ChEq.csv,21,OH-,313.15,0.3,0.4,,,,,,,not_reported,balance_inferred,canonical_eligible,canonical_eligible,inferred_not_independent,no,Jakobsen2005|w=0.3|T=40,,,,Balance-inferred context is not an independent measurement.,,
Jakobsen2005_state_021|MEA + MEAH+,speciation,Jakobsen2005,data/reference/MEA/observations/liquid_speciation/Jakobsen_2005_ChEq.csv,21,MEA + MEAH+,313.15,0.3,0.4,0.0849,mole_fraction,0.0849,mole_fraction,,,not_reported,model_derived,canonical_eligible,canonical_eligible,contextual,no,Jakobsen2005|w=0.3|T=40,,,,Observation is outside the executable active target contract.,cheq_canon_00400,
Jakobsen2005_state_022|CO2,speciation,Jakobsen2005,data/reference/MEA/observations/liquid_speciation/Jakobsen_2005_ChEq.csv,22,CO2,313.15,0.3,0.6,,,,,,,not_reported,balance_inferred,canonical_eligible,canonical_eligible,inferred_not_independent,no,Jakobsen2005|w=0.3|T=40,,,,Balance-inferred context is not an independent measurement.,,
Jakobsen2005_state_022|MEA,speciation,Jakobsen2005,data/reference/MEA/observations/liquid_speciation/Jakobsen_2005_ChEq.csv,22,MEA,313.15,0.3,0.6,0.0028,mole_fraction,0.0028,mole_fraction,,,not_reported,direct_positive,canonical_eligible,canonical_eligible,direct_measurement,yes,Jakobsen2005|w=0.3|T=40,,,,Positive source observation admitted by the Gate 0 v2 contract.,cheq_canon_00404,
Jakobsen2005_state_022|MEAH+,speciation,Jakobsen2005,data/reference/MEA/observations/liquid_speciation/Jakobsen_2005_ChEq.csv,22,MEAH+,313.15,0.3,0.6,0.061,mole_fraction,0.061,mole_fraction,,,not_reported,direct_positive,canonical_eligible,canonical_eligible,direct_measurement,yes,Jakobsen2005|w=0.3|T=40,,,,Positive source observation admitted by the Gate 0 v2 contract.,cheq_canon_00405,
Jakobsen2005_state_022|MEACOO-,speciation,Jakobsen2005,data/reference/MEA/observations/liquid_speciation/Jakobsen_2005_ChEq.csv,22,MEACOO-,313.15,0.3,0.6,0.0494,mole_fraction,0.0494,mole_fraction,,,not_reported,direct_positive,canonical_eligible,canonical_eligible,direct_measurement,yes,Jakobsen2005|w=0.3|T=40,,,,Positive source observation admitted by the Gate 0 v2 contract.,cheq_canon_00407,
Jakobsen2005_state_022|HCO3-,speciation,Jakobsen2005,data/reference/MEA/observations/liquid_speciation/Jakobsen_2005_ChEq.csv,22,HCO3-,313.15,0.3,0.6,0.0151,mole_fraction,0.0151,mole_fraction,,,not_reported,direct_positive,canonical_eligible,canonical_eligible,direct_measurement,yes,Jakobsen2005|w=0.3|T=40,,,,Positive source observation admitted by the Gate 0 v2 contract.,cheq_canon_00408,
Jakobsen2005_state_022|CO3^2-,speciation,Jakobsen2005,data/reference/MEA/observations/liquid_speciation/Jakobsen_2005_ChEq.csv,22,CO3^2-,313.15,0.3,0.6,0.0009,mole_fraction,0.0009,mole_fraction,,,not_reported,direct_positive,canonical_eligible,canonical_eligible,direct_measurement,yes,Jakobsen2005|w=0.3|T=40,,,,Positive source observation admitted by the Gate 0 v2 contract.,cheq_canon_00409,
Jakobsen2005_state_022|H3O+,speciation,Jakobsen2005,data/reference/MEA/observations/liquid_speciation/Jakobsen_2005_ChEq.csv,22,H3O+,313.15,0.3,0.6,,,,,,,not_reported,balance_inferred,canonical_eligible,canonical_eligible,inferred_not_independent,no,Jakobsen2005|w=0.3|T=40,,,,Balance-inferred context is not an independent measurement.,,
Jakobsen2005_state_022|OH-,speciation,Jakobsen2005,data/reference/MEA/observations/liquid_speciation/Jakobsen_2005_ChEq.csv,22,OH-,313.15,0.3,0.6,,,,,,,not_reported,balance_inferred,canonical_eligible,canonical_eligible,inferred_not_independent,no,Jakobsen2005|w=0.3|T=40,,,,Balance-inferred context is not an independent measurement.,,
Jakobsen2005_state_022|MEA + MEAH+,speciation,Jakobsen2005,data/reference/MEA/observations/liquid_speciation/Jakobsen_2005_ChEq.csv,22,MEA + MEAH+,313.15,0.3,0.6,0.0638,mole_fraction,0.0638,mole_fraction,,,not_reported,model_derived,canonical_eligible,canonical_eligible,contextual,no,Jakobsen2005|w=0.3|T=40,,,,Observation is outside the executable active target contract.,cheq_canon_00406,
Jakobsen2005_state_023|CO2,speciation,Jakobsen2005,data/reference/MEA/observations/liquid_speciation/Jakobsen_2005_ChEq.csv,23,CO2,313.15,0.3,0.78,0.0009,mole_fraction,0.0009,mole_fraction,,,not_reported,direct_positive,canonical_eligible,canonical_eligible,direct_measurement,yes,Jakobsen2005|w=0.3|T=40,,,,Positive source observation admitted by the Gate 0 v2 contract.,cheq_canon_00410,
Jakobsen2005_state_023|MEA,speciation,Jakobsen2005,data/reference/MEA/observations/liquid_speciation/Jakobsen_2005_ChEq.csv,23,MEA,313.15,0.3,0.78,0.0012,mole_fraction,0.0012,mole_fraction,,,not_reported,direct_positive,canonical_eligible,canonical_eligible,direct_measurement,yes,Jakobsen2005|w=0.3|T=40,,,,Positive source observation admitted by the Gate 0 v2 contract.,cheq_canon_00411,
Jakobsen2005_state_023|MEAH+,speciation,Jakobsen2005,data/reference/MEA/observations/liquid_speciation/Jakobsen_2005_ChEq.csv,23,MEAH+,313.15,0.3,0.78,0.0743,mole_fraction,0.0743,mole_fraction,,,not_reported,direct_positive,canonical_eligible,canonical_eligible,direct_measurement,yes,Jakobsen2005|w=0.3|T=40,,,,Positive source observation admitted by the Gate 0 v2 contract.,cheq_canon_00412,
Jakobsen2005_state_023|MEACOO-,speciation,Jakobsen2005,data/reference/MEA/observations/liquid_speciation/Jakobsen_2005_ChEq.csv,23,MEACOO-,313.15,0.3,0.78,0.0388,mole_fraction,0.0388,mole_fraction,,,not_reported,direct_positive,canonical_eligible,canonical_eligible,direct_measurement,yes,Jakobsen2005|w=0.3|T=40,,,,Positive source observation admitted by the Gate 0 v2 contract.,cheq_canon_00414,
Jakobsen2005_state_023|HCO3-,speciation,Jakobsen2005,data/reference/MEA/observations/liquid_speciation/Jakobsen_2005_ChEq.csv,23,HCO3-,313.15,0.3,0.78,0.0448,mole_fraction,0.0448,mole_fraction,,,not_reported,direct_positive,canonical_eligible,canonical_eligible,direct_measurement,yes,Jakobsen2005|w=0.3|T=40,,,,Positive source observation admitted by the Gate 0 v2 contract.,cheq_canon_00415,
Jakobsen2005_state_023|CO3^2-,speciation,Jakobsen2005,data/reference/MEA/observations/liquid_speciation/Jakobsen_2005_ChEq.csv,23,CO3^2-,313.15,0.3,0.78,0.0009,mole_fraction,0.0009,mole_fraction,,,not_reported,direct_positive,canonical_eligible,canonical_eligible,direct_measurement,yes,Jakobsen2005|w=0.3|T=40,,,,Positive source observation admitted by the Gate 0 v2 contract.,cheq_canon_00416,
Jakobsen2005_state_023|H3O+,speciation,Jakobsen2005,data/reference/MEA/observations/liquid_speciation/Jakobsen_2005_ChEq.csv,23,H3O+,313.15,0.3,0.78,,,,,,,not_reported,balance_inferred,canonical_eligible,canonical_eligible,inferred_not_independent,no,Jakobsen2005|w=0.3|T=40,,,,Balance-inferred context is not an independent measurement.,,
Jakobsen2005_state_023|OH-,speciation,Jakobsen2005,data/reference/MEA/observations/liquid_speciation/Jakobsen_2005_ChEq.csv,23,OH-,313.15,0.3,0.78,,,,,,,not_reported,balance_inferred,canonical_eligible,canonical_eligible,inferred_not_independent,no,Jakobsen2005|w=0.3|T=40,,,,Balance-inferred context is not an independent measurement.,,
Jakobsen2005_state_023|MEA + MEAH+,speciation,Jakobsen2005,data/reference/MEA/observations/liquid_speciation/Jakobsen_2005_ChEq.csv,23,MEA + MEAH+,313.15,0.3,0.78,0.0755,mole_fraction,0.0755,mole_fraction,,,not_reported,model_derived,canonical_eligible,canonical_eligible,contextual,no,Jakobsen2005|w=0.3|T=40,,,,Observation is outside the executable active target contract.,cheq_canon_00413,
Jakobsen2005_state_024|CO2,speciation,Jakobsen2005,data/reference/MEA/observations/liquid_speciation/Jakobsen_2005_ChEq.csv,24,CO2,313.15,0.3,0.99,0.0032,mole_fraction,0.0032,mole_fraction,,,not_reported,direct_positive,canonical_eligible,canonical_eligible,direct_measurement,yes,Jakobsen2005|w=0.3|T=40,,,,Positive source observation admitted by the Gate 0 v2 contract.,cheq_canon_00417,
Jakobsen2005_state_024|MEA,speciation,Jakobsen2005,data/reference/MEA/observations/liquid_speciation/Jakobsen_2005_ChEq.csv,24,MEA,313.15,0.3,0.99,0.0014,mole_fraction,0.0014,mole_fraction,,,not_reported,direct_positive,canonical_eligible,canonical_eligible,direct_measurement,yes,Jakobsen2005|w=0.3|T=40,,,,Positive source observation admitted by the Gate 0 v2 contract.,cheq_canon_00418,
Jakobsen2005_state_024|MEAH+,speciation,Jakobsen2005,data/reference/MEA/observations/liquid_speciation/Jakobsen_2005_ChEq.csv,24,MEAH+,313.15,0.3,0.99,0.0843,mole_fraction,0.0843,mole_fraction,,,not_reported,direct_positive,canonical_eligible,canonical_eligible,direct_measurement,yes,Jakobsen2005|w=0.3|T=40,,,,Positive source observation admitted by the Gate 0 v2 contract.,cheq_canon_00419,
Jakobsen2005_state_024|MEACOO-,speciation,Jakobsen2005,data/reference/MEA/observations/liquid_speciation/Jakobsen_2005_ChEq.csv,24,MEACOO-,313.15,0.3,0.99,0.0312,mole_fraction,0.0312,mole_fraction,,,not_reported,direct_positive,canonical_eligible,canonical_eligible,direct_measurement,yes,Jakobsen2005|w=0.3|T=40,,,,Positive source observation admitted by the Gate 0 v2 contract.,cheq_canon_00421,
Jakobsen2005_state_024|HCO3-,speciation,Jakobsen2005,data/reference/MEA/observations/liquid_speciation/Jakobsen_2005_ChEq.csv,24,HCO3-,313.15,0.3,0.99,0.0696,mole_fraction,0.0696,mole_fraction,,,not_reported,direct_positive,canonical_eligible,canonical_eligible,direct_measurement,yes,Jakobsen2005|w=0.3|T=40,,,,Positive source observation admitted by the Gate 0 v2 contract.,cheq_canon_00422,
Jakobsen2005_state_024|CO3^2-,speciation,Jakobsen2005,data/reference/MEA/observations/liquid_speciation/Jakobsen_2005_ChEq.csv,24,CO3^2-,313.15,0.3,0.99,0.0011,mole_fraction,0.0011,mole_fraction,,,not_reported,direct_positive,canonical_eligible,canonical_eligible,direct_measurement,yes,Jakobsen2005|w=0.3|T=40,,,,Positive source observation admitted by the Gate 0 v2 contract.,cheq_canon_00423,
Jakobsen2005_state_024|H3O+,speciation,Jakobsen2005,data/reference/MEA/observations/liquid_speciation/Jakobsen_2005_ChEq.csv,24,H3O+,313.15,0.3,0.99,,,,,,,not_reported,balance_inferred,canonical_eligible,canonical_eligible,inferred_not_independent,no,Jakobsen2005|w=0.3|T=40,,,,Balance-inferred context is not an independent measurement.,,
Jakobsen2005_state_024|OH-,speciation,Jakobsen2005,data/reference/MEA/observations/liquid_speciation/Jakobsen_2005_ChEq.csv,24,OH-,313.15,0.3,0.99,,,,,,,not_reported,balance_inferred,canonical_eligible,canonical_eligible,inferred_not_independent,no,Jakobsen2005|w=0.3|T=40,,,,Balance-inferred context is not an independent measurement.,,
Jakobsen2005_state_024|MEA + MEAH+,speciation,Jakobsen2005,data/reference/MEA/observations/liquid_speciation/Jakobsen_2005_ChEq.csv,24,MEA + MEAH+,313.15,0.3,0.99,0.0857,mole_fraction,0.0857,mole_fraction,,,not_reported,model_derived,canonical_eligible,canonical_eligible,contextual,no,Jakobsen2005|w=0.3|T=40,,,,Observation is outside the executable active target contract.,cheq_canon_00420,
Matin2012_state_001|CO2,speciation,Matin2012,data/reference/MEA/observations/liquid_speciation/Matin_2012_ChEq.csv,1,CO2,293.15,0.3,0.106,,,,,,,not_reported,balance_inferred,canonical_eligible,canonical_eligible,inferred_not_independent,no,Matin2012|w=0.3|T=20,,,,Balance-inferred context is not an independent measurement.,,
Matin2012_state_001|MEA,speciation,Matin2012,data/reference/MEA/observations/liquid_speciation/Matin_2012_ChEq.csv,1,MEA,293.15,0.3,0.106,0.0915,mole_fraction,0.0915,mole_fraction,,,not_reported,direct_positive,canonical_eligible,canonical_eligible,direct_measurement,yes,Matin2012|w=0.3|T=20,,,,Positive source observation admitted by the Gate 0 v2 contract.,cheq_canon_00424,
Matin2012_state_001|MEAH+,speciation,Matin2012,data/reference/MEA/observations/liquid_speciation/Matin_2012_ChEq.csv,1,MEAH+,293.15,0.3,0.106,0.0115,mole_fraction,0.0115,mole_fraction,,,not_reported,direct_positive,canonical_eligible,canonical_eligible,direct_measurement,yes,Matin2012|w=0.3|T=20,,,,Positive source observation admitted by the Gate 0 v2 contract.,cheq_canon_00425,
Matin2012_state_001|MEACOO-,speciation,Matin2012,data/reference/MEA/observations/liquid_speciation/Matin_2012_ChEq.csv,1,MEACOO-,293.15,0.3,0.106,0.0097,mole_fraction,0.0097,mole_fraction,,,not_reported,direct_positive,canonical_eligible,canonical_eligible,direct_measurement,yes,Matin2012|w=0.3|T=20,,,,Positive source observation admitted by the Gate 0 v2 contract.,cheq_canon_00426,
Matin2012_state_001|HCO3-,speciation,Matin2012,data/reference/MEA/observations/liquid_speciation/Matin_2012_ChEq.csv,1,HCO3-,293.15,0.3,0.106,0.0024,mole_fraction,0.0024,mole_fraction,,,not_reported,direct_positive,canonical_eligible,canonical_eligible,direct_measurement,yes,Matin2012|w=0.3|T=20,,,,Positive source observation admitted by the Gate 0 v2 contract.,cheq_canon_00427,"{""HCO3-"":1.0,""CO3^2-"":1.0}"
Matin2012_state_001|CO3^2-,speciation,Matin2012,data/reference/MEA/observations/liquid_speciation/Matin_2012_ChEq.csv,1,CO3^2-,293.15,0.3,0.106,,,,,,,not_reported,balance_inferred,canonical_eligible,canonical_eligible,inferred_not_independent,no,Matin2012|w=0.3|T=20,,,,Balance-inferred context is not an independent measurement.,,
Matin2012_state_001|H3O+,speciation,Matin2012,data/reference/MEA/observations/liquid_speciation/Matin_2012_ChEq.csv,1,H3O+,293.15,0.3,0.106,,,,,,,not_reported,balance_inferred,canonical_eligible,canonical_eligible,inferred_not_independent,no,Matin2012|w=0.3|T=20,,,,Balance-inferred context is not an independent measurement.,,
Matin2012_state_001|OH-,speciation,Matin2012,data/reference/MEA/observations/liquid_speciation/Matin_2012_ChEq.csv,1,OH-,293.15,0.3,0.106,,,,,,,not_reported,balance_inferred,canonical_eligible,canonical_eligible,inferred_not_independent,no,Matin2012|w=0.3|T=20,,,,Balance-inferred context is not an independent measurement.,,
Matin2012_state_001|MEA + MEAH+,speciation,Matin2012,data/reference/MEA/observations/liquid_speciation/Matin_2012_ChEq.csv,1,MEA + MEAH+,293.15,0.3,0.106,,mole_fraction,,,,,not_reported,aggregate_direct_positive,canonical_eligible,canonical_eligible,contextual,no,Matin2012|w=0.3|T=20,,,,No independent source aggregate record exists; the derived sum is not a target.,,"{""MEA"":1.0,""MEAH+"":1.0}"
Matin2012_state_002|CO2,speciation,Matin2012,data/reference/MEA/observations/liquid_speciation/Matin_2012_ChEq.csv,2,CO2,293.15,0.3,0.128,,,,,,,not_reported,balance_inferred,canonical_eligible,canonical_eligible,inferred_not_independent,no,Matin2012|w=0.3|T=20,,,,Balance-inferred context is not an independent measurement.,,
Matin2012_state_002|MEA,speciation,Matin2012,data/reference/MEA/observations/liquid_speciation/Matin_2012_ChEq.csv,2,MEA,293.15,0.3,0.128,0.0867,mole_fraction,0.0867,mole_fraction,,,not_reported,direct_positive,canonical_eligible,canonical_eligible,direct_measurement,yes,Matin2012|w=0.3|T=20,,,,Positive source observation admitted by the Gate 0 v2 contract.,cheq_canon_00428,
Matin2012_state_002|MEAH+,speciation,Matin2012,data/reference/MEA/observations/liquid_speciation/Matin_2012_ChEq.csv,2,MEAH+,293.15,0.3,0.128,0.0139,mole_fraction,0.0139,mole_fraction,,,not_reported,direct_positive,canonical_eligible,canonical_eligible,direct_measurement,yes,Matin2012|w=0.3|T=20,,,,Positive source observation admitted by the Gate 0 v2 contract.,cheq_canon_00429,
Matin2012_state_002|MEACOO-,speciation,Matin2012,data/reference/MEA/observations/liquid_speciation/Matin_2012_ChEq.csv,2,MEACOO-,293.15,0.3,0.128,0.0124,mole_fraction,0.0124,mole_fraction,,,not_reported,direct_positive,canonical_eligible,canonical_eligible,direct_measurement,yes,Matin2012|w=0.3|T=20,,,,Positive source observation admitted by the Gate 0 v2 contract.,cheq_canon_00430,
Matin2012_state_002|HCO3-,speciation,Matin2012,data/reference/MEA/observations/liquid_speciation/Matin_2012_ChEq.csv,2,HCO3-,293.15,0.3,0.128,0.0022,mole_fraction,0.0022,mole_fraction,,,not_reported,direct_positive,canonical_eligible,canonical_eligible,direct_measurement,yes,Matin2012|w=0.3|T=20,,,,Positive source observation admitted by the Gate 0 v2 contract.,cheq_canon_00431,"{""HCO3-"":1.0,""CO3^2-"":1.0}"
Matin2012_state_002|CO3^2-,speciation,Matin2012,data/reference/MEA/observations/liquid_speciation/Matin_2012_ChEq.csv,2,CO3^2-,293.15,0.3,0.128,,,,,,,not_reported,balance_inferred,canonical_eligible,canonical_eligible,inferred_not_independent,no,Matin2012|w=0.3|T=20,,,,Balance-inferred context is not an independent measurement.,,
Matin2012_state_002|H3O+,speciation,Matin2012,data/reference/MEA/observations/liquid_speciation/Matin_2012_ChEq.csv,2,H3O+,293.15,0.3,0.128,,,,,,,not_reported,balance_inferred,canonical_eligible,canonical_eligible,inferred_not_independent,no,Matin2012|w=0.3|T=20,,,,Balance-inferred context is not an independent measurement.,,
Matin2012_state_002|OH-,speciation,Matin2012,data/reference/MEA/observations/liquid_speciation/Matin_2012_ChEq.csv,2,OH-,293.15,0.3,0.128,,,,,,,not_reported,balance_inferred,canonical_eligible,canonical_eligible,inferred_not_independent,no,Matin2012|w=0.3|T=20,,,,Balance-inferred context is not an independent measurement.,,
Matin2012_state_002|MEA + MEAH+,speciation,Matin2012,data/reference/MEA/observations/liquid_speciation/Matin_2012_ChEq.csv,2,MEA + MEAH+,293.15,0.3,0.128,,mole_fraction,,,,,not_reported,aggregate_direct_positive,canonical_eligible,canonical_eligible,contextual,no,Matin2012|w=0.3|T=20,,,,No independent source aggregate record exists; the derived sum is not a target.,,"{""MEA"":1.0,""MEAH+"":1.0}"
Matin2012_state_003|CO2,speciation,Matin2012,data/reference/MEA/observations/liquid_speciation/Matin_2012_ChEq.csv,3,CO2,293.15,0.3,0.15,,,,,,,not_reported,balance_inferred,canonical_eligible,canonical_eligible,inferred_not_independent,no,Matin2012|w=0.3|T=20,,,,Balance-inferred context is not an independent measurement.,,
Matin2012_state_003|MEA,speciation,Matin2012,data/reference/MEA/observations/liquid_speciation/Matin_2012_ChEq.csv,3,MEA,293.15,0.3,0.15,0.0817,mole_fraction,0.0817,mole_fraction,,,not_reported,direct_positive,canonical_eligible,canonical_eligible,direct_measurement,yes,Matin2012|w=0.3|T=20,,,,Positive source observation admitted by the Gate 0 v2 contract.,cheq_canon_00432,
Matin2012_state_003|MEAH+,speciation,Matin2012,data/reference/MEA/observations/liquid_speciation/Matin_2012_ChEq.csv,3,MEAH+,293.15,0.3,0.15,0.0162,mole_fraction,0.0162,mole_fraction,,,not_reported,direct_positive,canonical_eligible,canonical_eligible,direct_measurement,yes,Matin2012|w=0.3|T=20,,,,Positive source observation admitted by the Gate 0 v2 contract.,cheq_canon_00433,
Matin2012_state_003|MEACOO-,speciation,Matin2012,data/reference/MEA/observations/liquid_speciation/Matin_2012_ChEq.csv,3,MEACOO-,293.15,0.3,0.15,0.0151,mole_fraction,0.0151,mole_fraction,,,not_reported,direct_positive,canonical_eligible,canonical_eligible,direct_measurement,yes,Matin2012|w=0.3|T=20,,,,Positive source observation admitted by the Gate 0 v2 contract.,cheq_canon_00434,
Matin2012_state_003|HCO3-,speciation,Matin2012,data/reference/MEA/observations/liquid_speciation/Matin_2012_ChEq.csv,3,HCO3-,293.15,0.3,0.15,0.002,mole_fraction,0.002,mole_fraction,,,not_reported,direct_positive,canonical_eligible,canonical_eligible,direct_measurement,yes,Matin2012|w=0.3|T=20,,,,Positive source observation admitted by the Gate 0 v2 contract.,cheq_canon_00435,"{""HCO3-"":1.0,""CO3^2-"":1.0}"
Matin2012_state_003|CO3^2-,speciation,Matin2012,data/reference/MEA/observations/liquid_speciation/Matin_2012_ChEq.csv,3,CO3^2-,293.15,0.3,0.15,,,,,,,not_reported,balance_inferred,canonical_eligible,canonical_eligible,inferred_not_independent,no,Matin2012|w=0.3|T=20,,,,Balance-inferred context is not an independent measurement.,,
Matin2012_state_003|H3O+,speciation,Matin2012,data/reference/MEA/observations/liquid_speciation/Matin_2012_ChEq.csv,3,H3O+,293.15,0.3,0.15,,,,,,,not_reported,balance_inferred,canonical_eligible,canonical_eligible,inferred_not_independent,no,Matin2012|w=0.3|T=20,,,,Balance-inferred context is not an independent measurement.,,
Matin2012_state_003|OH-,speciation,Matin2012,data/reference/MEA/observations/liquid_speciation/Matin_2012_ChEq.csv,3,OH-,293.15,0.3,0.15,,,,,,,not_reported,balance_inferred,canonical_eligible,canonical_eligible,inferred_not_independent,no,Matin2012|w=0.3|T=20,,,,Balance-inferred context is not an independent measurement.,,
Matin2012_state_003|MEA + MEAH+,speciation,Matin2012,data/reference/MEA/observations/liquid_speciation/Matin_2012_ChEq.csv,3,MEA + MEAH+,293.15,0.3,0.15,,mole_fraction,,,,,not_reported,aggregate_direct_positive,canonical_eligible,canonical_eligible,contextual,no,Matin2012|w=0.3|T=20,,,,No independent source aggregate record exists; the derived sum is not a target.,,"{""MEA"":1.0,""MEAH+"":1.0}"
Matin2012_state_004|CO2,speciation,Matin2012,data/reference/MEA/observations/liquid_speciation/Matin_2012_ChEq.csv,4,CO2,293.15,0.3,0.173,,,,,,,not_reported,balance_inferred,canonical_eligible,canonical_eligible,inferred_not_independent,no,Matin2012|w=0.3|T=20,,,,Balance-inferred context is not an independent measurement.,,
Matin2012_state_004|MEA,speciation,Matin2012,data/reference/MEA/observations/liquid_speciation/Matin_2012_ChEq.csv,4,MEA,293.15,0.3,0.173,0.0768,mole_fraction,0.0768,mole_fraction,,,not_reported,direct_positive,canonical_eligible,canonical_eligible,direct_measurement,yes,Matin2012|w=0.3|T=20,,,,Positive source observation admitted by the Gate 0 v2 contract.,cheq_canon_00436,
Matin2012_state_004|MEAH+,speciation,Matin2012,data/reference/MEA/observations/liquid_speciation/Matin_2012_ChEq.csv,4,MEAH+,293.15,0.3,0.173,0.0186,mole_fraction,0.0186,mole_fraction,,,not_reported,direct_positive,canonical_eligible,canonical_eligible,direct_measurement,yes,Matin2012|w=0.3|T=20,,,,Positive source observation admitted by the Gate 0 v2 contract.,cheq_canon_00437,
Matin2012_state_004|MEACOO-,speciation,Matin2012,data/reference/MEA/observations/liquid_speciation/Matin_2012_ChEq.csv,4,MEACOO-,293.15,0.3,0.173,0.0177,mole_fraction,0.0177,mole_fraction,,,not_reported,direct_positive,canonical_eligible,canonical_eligible,direct_measurement,yes,Matin2012|w=0.3|T=20,,,,Positive source observation admitted by the Gate 0 v2 contract.,cheq_canon_00438,
Matin2012_state_004|HCO3-,speciation,Matin2012,data/reference/MEA/observations/liquid_speciation/Matin_2012_ChEq.csv,4,HCO3-,293.15,0.3,0.173,0.002,mole_fraction,0.002,mole_fraction,,,not_reported,direct_positive,canonical_eligible,canonical_eligible,direct_measurement,yes,Matin2012|w=0.3|T=20,,,,Positive source observation admitted by the Gate 0 v2 contract.,cheq_canon_00439,"{""HCO3-"":1.0,""CO3^2-"":1.0}"
Matin2012_state_004|CO3^2-,speciation,Matin2012,data/reference/MEA/observations/liquid_speciation/Matin_2012_ChEq.csv,4,CO3^2-,293.15,0.3,0.173,,,,,,,not_reported,balance_inferred,canonical_eligible,canonical_eligible,inferred_not_independent,no,Matin2012|w=0.3|T=20,,,,Balance-inferred context is not an independent measurement.,,
Matin2012_state_004|H3O+,speciation,Matin2012,data/reference/MEA/observations/liquid_speciation/Matin_2012_ChEq.csv,4,H3O+,293.15,0.3,0.173,,,,,,,not_reported,balance_inferred,canonical_eligible,canonical_eligible,inferred_not_independent,no,Matin2012|w=0.3|T=20,,,,Balance-inferred context is not an independent measurement.,,
Matin2012_state_004|OH-,speciation,Matin2012,data/reference/MEA/observations/liquid_speciation/Matin_2012_ChEq.csv,4,OH-,293.15,0.3,0.173,,,,,,,not_reported,balance_inferred,canonical_eligible,canonical_eligible,inferred_not_independent,no,Matin2012|w=0.3|T=20,,,,Balance-inferred context is not an independent measurement.,,
Matin2012_state_004|MEA + MEAH+,speciation,Matin2012,data/reference/MEA/observations/liquid_speciation/Matin_2012_ChEq.csv,4,MEA + MEAH+,293.15,0.3,0.173,,mole_fraction,,,,,not_reported,aggregate_direct_positive,canonical_eligible,canonical_eligible,contextual,no,Matin2012|w=0.3|T=20,,,,No independent source aggregate record exists; the derived sum is not a target.,,"{""MEA"":1.0,""MEAH+"":1.0}"
Matin2012_state_005|CO2,speciation,Matin2012,data/reference/MEA/observations/liquid_speciation/Matin_2012_ChEq.csv,5,CO2,293.15,0.3,0.195,,,,,,,not_reported,balance_inferred,canonical_eligible,canonical_eligible,inferred_not_independent,no,Matin2012|w=0.3|T=20,,,,Balance-inferred context is not an independent measurement.,,
Matin2012_state_005|MEA,speciation,Matin2012,data/reference/MEA/observations/liquid_speciation/Matin_2012_ChEq.csv,5,MEA,293.15,0.3,0.195,0.0718,mole_fraction,0.0718,mole_fraction,,,not_reported,direct_positive,canonical_eligible,canonical_eligible,direct_measurement,yes,Matin2012|w=0.3|T=20,,,,Positive source observation admitted by the Gate 0 v2 contract.,cheq_canon_00440,
Matin2012_state_005|MEAH+,speciation,Matin2012,data/reference/MEA/observations/liquid_speciation/Matin_2012_ChEq.csv,5,MEAH+,293.15,0.3,0.195,0.021,mole_fraction,0.021,mole_fraction,,,not_reported,direct_positive,canonical_eligible,canonical_eligible,direct_measurement,yes,Matin2012|w=0.3|T=20,,,,Positive source observation admitted by the Gate 0 v2 contract.,cheq_canon_00441,
Matin2012_state_005|MEACOO-,speciation,Matin2012,data/reference/MEA/observations/liquid_speciation/Matin_2012_ChEq.csv,5,MEACOO-,293.15,0.3,0.195,0.0203,mole_fraction,0.0203,mole_fraction,,,not_reported,direct_positive,canonical_eligible,canonical_eligible,direct_measurement,yes,Matin2012|w=0.3|T=20,,,,Positive source observation admitted by the Gate 0 v2 contract.,cheq_canon_00442,
Matin2012_state_005|HCO3-,speciation,Matin2012,data/reference/MEA/observations/liquid_speciation/Matin_2012_ChEq.csv,5,HCO3-,293.15,0.3,0.195,0.002,mole_fraction,0.002,mole_fraction,,,not_reported,direct_positive,canonical_eligible,canonical_eligible,direct_measurement,yes,Matin2012|w=0.3|T=20,,,,Positive source observation admitted by the Gate 0 v2 contract.,cheq_canon_00443,"{""HCO3-"":1.0,""CO3^2-"":1.0}"
Matin2012_state_005|CO3^2-,speciation,Matin2012,data/reference/MEA/observations/liquid_speciation/Matin_2012_ChEq.csv,5,CO3^2-,293.15,0.3,0.195,,,,,,,not_reported,balance_inferred,canonical_eligible,canonical_eligible,inferred_not_independent,no,Matin2012|w=0.3|T=20,,,,Balance-inferred context is not an independent measurement.,,
Matin2012_state_005|H3O+,speciation,Matin2012,data/reference/MEA/observations/liquid_speciation/Matin_2012_ChEq.csv,5,H3O+,293.15,0.3,0.195,,,,,,,not_reported,balance_inferred,canonical_eligible,canonical_eligible,inferred_not_independent,no,Matin2012|w=0.3|T=20,,,,Balance-inferred context is not an independent measurement.,,
Matin2012_state_005|OH-,speciation,Matin2012,data/reference/MEA/observations/liquid_speciation/Matin_2012_ChEq.csv,5,OH-,293.15,0.3,0.195,,,,,,,not_reported,balance_inferred,canonical_eligible,canonical_eligible,inferred_not_independent,no,Matin2012|w=0.3|T=20,,,,Balance-inferred context is not an independent measurement.,,
Matin2012_state_005|MEA + MEAH+,speciation,Matin2012,data/reference/MEA/observations/liquid_speciation/Matin_2012_ChEq.csv,5,MEA + MEAH+,293.15,0.3,0.195,,mole_fraction,,,,,not_reported,aggregate_direct_positive,canonical_eligible,canonical_eligible,contextual,no,Matin2012|w=0.3|T=20,,,,No independent source aggregate record exists; the derived sum is not a target.,,"{""MEA"":1.0,""MEAH+"":1.0}"
Matin2012_state_006|CO2,speciation,Matin2012,data/reference/MEA/observations/liquid_speciation/Matin_2012_ChEq.csv,6,CO2,293.15,0.3,0.218,,,,,,,not_reported,balance_inferred,canonical_eligible,canonical_eligible,inferred_not_independent,no,Matin2012|w=0.3|T=20,,,,Balance-inferred context is not an independent measurement.,,
Matin2012_state_006|MEA,speciation,Matin2012,data/reference/MEA/observations/liquid_speciation/Matin_2012_ChEq.csv,6,MEA,293.15,0.3,0.218,0.0668,mole_fraction,0.0668,mole_fraction,,,not_reported,direct_positive,canonical_eligible,canonical_eligible,direct_measurement,yes,Matin2012|w=0.3|T=20,,,,Positive source observation admitted by the Gate 0 v2 contract.,cheq_canon_00444,
Matin2012_state_006|MEAH+,speciation,Matin2012,data/reference/MEA/observations/liquid_speciation/Matin_2012_ChEq.csv,6,MEAH+,293.15,0.3,0.218,0.0234,mole_fraction,0.0234,mole_fraction,,,not_reported,direct_positive,canonical_eligible,canonical_eligible,direct_measurement,yes,Matin2012|w=0.3|T=20,,,,Positive source observation admitted by the Gate 0 v2 contract.,cheq_canon_00445,
Matin2012_state_006|MEACOO-,speciation,Matin2012,data/reference/MEA/observations/liquid_speciation/Matin_2012_ChEq.csv,6,MEACOO-,293.15,0.3,0.218,0.0228,mole_fraction,0.0228,mole_fraction,,,not_reported,direct_positive,canonical_eligible,canonical_eligible,direct_measurement,yes,Matin2012|w=0.3|T=20,,,,Positive source observation admitted by the Gate 0 v2 contract.,cheq_canon_00446,
Matin2012_state_006|HCO3-,speciation,Matin2012,data/reference/MEA/observations/liquid_speciation/Matin_2012_ChEq.csv,6,HCO3-,293.15,0.3,0.218,0.0021,mole_fraction,0.0021,mole_fraction,,,not_reported,direct_positive,canonical_eligible,canonical_eligible,direct_measurement,yes,Matin2012|w=0.3|T=20,,,,Positive source observation admitted by the Gate 0 v2 contract.,cheq_canon_00447,"{""HCO3-"":1.0,""CO3^2-"":1.0}"
Matin2012_state_006|CO3^2-,speciation,Matin2012,data/reference/MEA/observations/liquid_speciation/Matin_2012_ChEq.csv,6,CO3^2-,293.15,0.3,0.218,,,,,,,not_reported,balance_inferred,canonical_eligible,canonical_eligible,inferred_not_independent,no,Matin2012|w=0.3|T=20,,,,Balance-inferred context is not an independent measurement.,,
Matin2012_state_006|H3O+,speciation,Matin2012,data/reference/MEA/observations/liquid_speciation/Matin_2012_ChEq.csv,6,H3O+,293.15,0.3,0.218,,,,,,,not_reported,balance_inferred,canonical_eligible,canonical_eligible,inferred_not_independent,no,Matin2012|w=0.3|T=20,,,,Balance-inferred context is not an independent measurement.,,
Matin2012_state_006|OH-,speciation,Matin2012,data/reference/MEA/observations/liquid_speciation/Matin_2012_ChEq.csv,6,OH-,293.15,0.3,0.218,,,,,,,not_reported,balance_inferred,canonical_eligible,canonical_eligible,inferred_not_independent,no,Matin2012|w=0.3|T=20,,,,Balance-inferred context is not an independent measurement.,,
Matin2012_state_006|MEA + MEAH+,speciation,Matin2012,data/reference/MEA/observations/liquid_speciation/Matin_2012_ChEq.csv,6,MEA + MEAH+,293.15,0.3,0.218,,mole_fraction,,,,,not_reported,aggregate_direct_positive,canonical_eligible,canonical_eligible,contextual,no,Matin2012|w=0.3|T=20,,,,No independent source aggregate record exists; the derived sum is not a target.,,"{""MEA"":1.0,""MEAH+"":1.0}"
Matin2012_state_007|CO2,speciation,Matin2012,data/reference/MEA/observations/liquid_speciation/Matin_2012_ChEq.csv,7,CO2,293.15,0.3,0.241,,,,,,,not_reported,balance_inferred,canonical_eligible,canonical_eligible,inferred_not_independent,no,Matin2012|w=0.3|T=20,,,,Balance-inferred context is not an independent measurement.,,
Matin2012_state_007|MEA,speciation,Matin2012,data/reference/MEA/observations/liquid_speciation/Matin_2012_ChEq.csv,7,MEA,293.15,0.3,0.241,0.0618,mole_fraction,0.0618,mole_fraction,,,not_reported,direct_positive,canonical_eligible,canonical_eligible,direct_measurement,yes,Matin2012|w=0.3|T=20,,,,Positive source observation admitted by the Gate 0 v2 contract.,cheq_canon_00448,
Matin2012_state_007|MEAH+,speciation,Matin2012,data/reference/MEA/observations/liquid_speciation/Matin_2012_ChEq.csv,7,MEAH+,293.15,0.3,0.241,0.0257,mole_fraction,0.0257,mole_fraction,,,not_reported,direct_positive,canonical_eligible,canonical_eligible,direct_measurement,yes,Matin2012|w=0.3|T=20,,,,Positive source observation admitted by the Gate 0 v2 contract.,cheq_canon_00449,
Matin2012_state_007|MEACOO-,speciation,Matin2012,data/reference/MEA/observations/liquid_speciation/Matin_2012_ChEq.csv,7,MEACOO-,293.15,0.3,0.241,0.0252,mole_fraction,0.0252,mole_fraction,,,not_reported,direct_positive,canonical_eligible,canonical_eligible,direct_measurement,yes,Matin2012|w=0.3|T=20,,,,Positive source observation admitted by the Gate 0 v2 contract.,cheq_canon_00450,
Matin2012_state_007|HCO3-,speciation,Matin2012,data/reference/MEA/observations/liquid_speciation/Matin_2012_ChEq.csv,7,HCO3-,293.15,0.3,0.241,0.0023,mole_fraction,0.0023,mole_fraction,,,not_reported,direct_positive,canonical_eligible,canonical_eligible,direct_measurement,yes,Matin2012|w=0.3|T=20,,,,Positive source observation admitted by the Gate 0 v2 contract.,cheq_canon_00451,"{""HCO3-"":1.0,""CO3^2-"":1.0}"
Matin2012_state_007|CO3^2-,speciation,Matin2012,data/reference/MEA/observations/liquid_speciation/Matin_2012_ChEq.csv,7,CO3^2-,293.15,0.3,0.241,,,,,,,not_reported,balance_inferred,canonical_eligible,canonical_eligible,inferred_not_independent,no,Matin2012|w=0.3|T=20,,,,Balance-inferred context is not an independent measurement.,,
Matin2012_state_007|H3O+,speciation,Matin2012,data/reference/MEA/observations/liquid_speciation/Matin_2012_ChEq.csv,7,H3O+,293.15,0.3,0.241,,,,,,,not_reported,balance_inferred,canonical_eligible,canonical_eligible,inferred_not_independent,no,Matin2012|w=0.3|T=20,,,,Balance-inferred context is not an independent measurement.,,
Matin2012_state_007|OH-,speciation,Matin2012,data/reference/MEA/observations/liquid_speciation/Matin_2012_ChEq.csv,7,OH-,293.15,0.3,0.241,,,,,,,not_reported,balance_inferred,canonical_eligible,canonical_eligible,inferred_not_independent,no,Matin2012|w=0.3|T=20,,,,Balance-inferred context is not an independent measurement.,,
Matin2012_state_007|MEA + MEAH+,speciation,Matin2012,data/reference/MEA/observations/liquid_speciation/Matin_2012_ChEq.csv,7,MEA + MEAH+,293.15,0.3,0.241,,mole_fraction,,,,,not_reported,aggregate_direct_positive,canonical_eligible,canonical_eligible,contextual,no,Matin2012|w=0.3|T=20,,,,No independent source aggregate record exists; the derived sum is not a target.,,"{""MEA"":1.0,""MEAH+"":1.0}"
Matin2012_state_008|CO2,speciation,Matin2012,data/reference/MEA/observations/liquid_speciation/Matin_2012_ChEq.csv,8,CO2,293.15,0.3,0.264,,,,,,,not_reported,balance_inferred,canonical_eligible,canonical_eligible,inferred_not_independent,no,Matin2012|w=0.3|T=20,,,,Balance-inferred context is not an independent measurement.,,
Matin2012_state_008|MEA,speciation,Matin2012,data/reference/MEA/observations/liquid_speciation/Matin_2012_ChEq.csv,8,MEA,293.15,0.3,0.264,0.0568,mole_fraction,0.0568,mole_fraction,,,not_reported,direct_positive,canonical_eligible,canonical_eligible,direct_measurement,yes,Matin2012|w=0.3|T=20,,,,Positive source observation admitted by the Gate 0 v2 contract.,cheq_canon_00452,
Matin2012_state_008|MEAH+,speciation,Matin2012,data/reference/MEA/observations/liquid_speciation/Matin_2012_ChEq.csv,8,MEAH+,293.15,0.3,0.264,0.0281,mole_fraction,0.0281,mole_fraction,,,not_reported,direct_positive,canonical_eligible,canonical_eligible,direct_measurement,yes,Matin2012|w=0.3|T=20,,,,Positive source observation admitted by the Gate 0 v2 contract.,cheq_canon_00453,
Matin2012_state_008|MEACOO-,speciation,Matin2012,data/reference/MEA/observations/liquid_speciation/Matin_2012_ChEq.csv,8,MEACOO-,293.15,0.3,0.264,0.0276,mole_fraction,0.0276,mole_fraction,,,not_reported,direct_positive,canonical_eligible,canonical_eligible,direct_measurement,yes,Matin2012|w=0.3|T=20,,,,Positive source observation admitted by the Gate 0 v2 contract.,cheq_canon_00454,
Matin2012_state_008|HCO3-,speciation,Matin2012,data/reference/MEA/observations/liquid_speciation/Matin_2012_ChEq.csv,8,HCO3-,293.15,0.3,0.264,0.0026,mole_fraction,0.0026,mole_fraction,,,not_reported,direct_positive,canonical_eligible,canonical_eligible,direct_measurement,yes,Matin2012|w=0.3|T=20,,,,Positive source observation admitted by the Gate 0 v2 contract.,cheq_canon_00455,"{""HCO3-"":1.0,""CO3^2-"":1.0}"
Matin2012_state_008|CO3^2-,speciation,Matin2012,data/reference/MEA/observations/liquid_speciation/Matin_2012_ChEq.csv,8,CO3^2-,293.15,0.3,0.264,,,,,,,not_reported,balance_inferred,canonical_eligible,canonical_eligible,inferred_not_independent,no,Matin2012|w=0.3|T=20,,,,Balance-inferred context is not an independent measurement.,,
Matin2012_state_008|H3O+,speciation,Matin2012,data/reference/MEA/observations/liquid_speciation/Matin_2012_ChEq.csv,8,H3O+,293.15,0.3,0.264,,,,,,,not_reported,balance_inferred,canonical_eligible,canonical_eligible,inferred_not_independent,no,Matin2012|w=0.3|T=20,,,,Balance-inferred context is not an independent measurement.,,
Matin2012_state_008|OH-,speciation,Matin2012,data/reference/MEA/observations/liquid_speciation/Matin_2012_ChEq.csv,8,OH-,293.15,0.3,0.264,,,,,,,not_reported,balance_inferred,canonical_eligible,canonical_eligible,inferred_not_independent,no,Matin2012|w=0.3|T=20,,,,Balance-inferred context is not an independent measurement.,,
Matin2012_state_008|MEA + MEAH+,speciation,Matin2012,data/reference/MEA/observations/liquid_speciation/Matin_2012_ChEq.csv,8,MEA + MEAH+,293.15,0.3,0.264,,mole_fraction,,,,,not_reported,aggregate_direct_positive,canonical_eligible,canonical_eligible,contextual,no,Matin2012|w=0.3|T=20,,,,No independent source aggregate record exists; the derived sum is not a target.,,"{""MEA"":1.0,""MEAH+"":1.0}"
Matin2012_state_009|CO2,speciation,Matin2012,data/reference/MEA/observations/liquid_speciation/Matin_2012_ChEq.csv,9,CO2,293.15,0.3,0.287,,,,,,,not_reported,balance_inferred,canonical_eligible,canonical_eligible,inferred_not_independent,no,Matin2012|w=0.3|T=20,,,,Balance-inferred context is not an independent measurement.,,
Matin2012_state_009|MEA,speciation,Matin2012,data/reference/MEA/observations/liquid_speciation/Matin_2012_ChEq.csv,9,MEA,293.15,0.3,0.287,0.0518,mole_fraction,0.0518,mole_fraction,,,not_reported,direct_positive,canonical_eligible,canonical_eligible,direct_measurement,yes,Matin2012|w=0.3|T=20,,,,Positive source observation admitted by the Gate 0 v2 contract.,cheq_canon_00456,
Matin2012_state_009|MEAH+,speciation,Matin2012,data/reference/MEA/observations/liquid_speciation/Matin_2012_ChEq.csv,9,MEAH+,293.15,0.3,0.287,0.0304,mole_fraction,0.0304,mole_fraction,,,not_reported,direct_positive,canonical_eligible,canonical_eligible,direct_measurement,yes,Matin2012|w=0.3|T=20,,,,Positive source observation admitted by the Gate 0 v2 contract.,cheq_canon_00457,
Matin2012_state_009|MEACOO-,speciation,Matin2012,data/reference/MEA/observations/liquid_speciation/Matin_2012_ChEq.csv,9,MEACOO-,293.15,0.3,0.287,0.0299,mole_fraction,0.0299,mole_fraction,,,not_reported,direct_positive,canonical_eligible,canonical_eligible,direct_measurement,yes,Matin2012|w=0.3|T=20,,,,Positive source observation admitted by the Gate 0 v2 contract.,cheq_canon_00458,
Matin2012_state_009|HCO3-,speciation,Matin2012,data/reference/MEA/observations/liquid_speciation/Matin_2012_ChEq.csv,9,HCO3-,293.15,0.3,0.287,0.003,mole_fraction,0.003,mole_fraction,,,not_reported,direct_positive,canonical_eligible,canonical_eligible,direct_measurement,yes,Matin2012|w=0.3|T=20,,,,Positive source observation admitted by the Gate 0 v2 contract.,cheq_canon_00459,"{""HCO3-"":1.0,""CO3^2-"":1.0}"
Matin2012_state_009|CO3^2-,speciation,Matin2012,data/reference/MEA/observations/liquid_speciation/Matin_2012_ChEq.csv,9,CO3^2-,293.15,0.3,0.287,,,,,,,not_reported,balance_inferred,canonical_eligible,canonical_eligible,inferred_not_independent,no,Matin2012|w=0.3|T=20,,,,Balance-inferred context is not an independent measurement.,,
Matin2012_state_009|H3O+,speciation,Matin2012,data/reference/MEA/observations/liquid_speciation/Matin_2012_ChEq.csv,9,H3O+,293.15,0.3,0.287,,,,,,,not_reported,balance_inferred,canonical_eligible,canonical_eligible,inferred_not_independent,no,Matin2012|w=0.3|T=20,,,,Balance-inferred context is not an independent measurement.,,
Matin2012_state_009|OH-,speciation,Matin2012,data/reference/MEA/observations/liquid_speciation/Matin_2012_ChEq.csv,9,OH-,293.15,0.3,0.287,,,,,,,not_reported,balance_inferred,canonical_eligible,canonical_eligible,inferred_not_independent,no,Matin2012|w=0.3|T=20,,,,Balance-inferred context is not an independent measurement.,,
Matin2012_state_009|MEA + MEAH+,speciation,Matin2012,data/reference/MEA/observations/liquid_speciation/Matin_2012_ChEq.csv,9,MEA + MEAH+,293.15,0.3,0.287,,mole_fraction,,,,,not_reported,aggregate_direct_positive,canonical_eligible,canonical_eligible,contextual,no,Matin2012|w=0.3|T=20,,,,No independent source aggregate record exists; the derived sum is not a target.,,"{""MEA"":1.0,""MEAH+"":1.0}"
Matin2012_state_010|CO2,speciation,Matin2012,data/reference/MEA/observations/liquid_speciation/Matin_2012_ChEq.csv,10,CO2,293.15,0.3,0.31,,,,,,,not_reported,balance_inferred,canonical_eligible,canonical_eligible,inferred_not_independent,no,Matin2012|w=0.3|T=20,,,,Balance-inferred context is not an independent measurement.,,
Matin2012_state_010|MEA,speciation,Matin2012,data/reference/MEA/observations/liquid_speciation/Matin_2012_ChEq.csv,10,MEA,293.15,0.3,0.31,0.0469,mole_fraction,0.0469,mole_fraction,,,not_reported,direct_positive,canonical_eligible,canonical_eligible,direct_measurement,yes,Matin2012|w=0.3|T=20,,,,Positive source observation admitted by the Gate 0 v2 contract.,cheq_canon_00460,
Matin2012_state_010|MEAH+,speciation,Matin2012,data/reference/MEA/observations/liquid_speciation/Matin_2012_ChEq.csv,10,MEAH+,293.15,0.3,0.31,0.0327,mole_fraction,0.0327,mole_fraction,,,not_reported,direct_positive,canonical_eligible,canonical_eligible,direct_measurement,yes,Matin2012|w=0.3|T=20,,,,Positive source observation admitted by the Gate 0 v2 contract.,cheq_canon_00461,
Matin2012_state_010|MEACOO-,speciation,Matin2012,data/reference/MEA/observations/liquid_speciation/Matin_2012_ChEq.csv,10,MEACOO-,293.15,0.3,0.31,0.0321,mole_fraction,0.0321,mole_fraction,,,not_reported,direct_positive,canonical_eligible,canonical_eligible,direct_measurement,yes,Matin2012|w=0.3|T=20,,,,Positive source observation admitted by the Gate 0 v2 contract.,cheq_canon_00462,
Matin2012_state_010|HCO3-,speciation,Matin2012,data/reference/MEA/observations/liquid_speciation/Matin_2012_ChEq.csv,10,HCO3-,293.15,0.3,0.31,0.0034,mole_fraction,0.0034,mole_fraction,,,not_reported,direct_positive,canonical_eligible,canonical_eligible,direct_measurement,yes,Matin2012|w=0.3|T=20,,,,Positive source observation admitted by the Gate 0 v2 contract.,cheq_canon_00463,"{""HCO3-"":1.0,""CO3^2-"":1.0}"
Matin2012_state_010|CO3^2-,speciation,Matin2012,data/reference/MEA/observations/liquid_speciation/Matin_2012_ChEq.csv,10,CO3^2-,293.15,0.3,0.31,,,,,,,not_reported,balance_inferred,canonical_eligible,canonical_eligible,inferred_not_independent,no,Matin2012|w=0.3|T=20,,,,Balance-inferred context is not an independent measurement.,,
Matin2012_state_010|H3O+,speciation,Matin2012,data/reference/MEA/observations/liquid_speciation/Matin_2012_ChEq.csv,10,H3O+,293.15,0.3,0.31,,,,,,,not_reported,balance_inferred,canonical_eligible,canonical_eligible,inferred_not_independent,no,Matin2012|w=0.3|T=20,,,,Balance-inferred context is not an independent measurement.,,
Matin2012_state_010|OH-,speciation,Matin2012,data/reference/MEA/observations/liquid_speciation/Matin_2012_ChEq.csv,10,OH-,293.15,0.3,0.31,,,,,,,not_reported,balance_inferred,canonical_eligible,canonical_eligible,inferred_not_independent,no,Matin2012|w=0.3|T=20,,,,Balance-inferred context is not an independent measurement.,,
Matin2012_state_010|MEA + MEAH+,speciation,Matin2012,data/reference/MEA/observations/liquid_speciation/Matin_2012_ChEq.csv,10,MEA + MEAH+,293.15,0.3,0.31,,mole_fraction,,,,,not_reported,aggregate_direct_positive,canonical_eligible,canonical_eligible,contextual,no,Matin2012|w=0.3|T=20,,,,No independent source aggregate record exists; the derived sum is not a target.,,"{""MEA"":1.0,""MEAH+"":1.0}"
Matin2012_state_011|CO2,speciation,Matin2012,data/reference/MEA/observations/liquid_speciation/Matin_2012_ChEq.csv,11,CO2,293.15,0.3,0.334,,,,,,,not_reported,balance_inferred,canonical_eligible,canonical_eligible,inferred_not_independent,no,Matin2012|w=0.3|T=20,,,,Balance-inferred context is not an independent measurement.,,
Matin2012_state_011|MEA,speciation,Matin2012,data/reference/MEA/observations/liquid_speciation/Matin_2012_ChEq.csv,11,MEA,293.15,0.3,0.334,0.0419,mole_fraction,0.0419,mole_fraction,,,not_reported,direct_positive,canonical_eligible,canonical_eligible,direct_measurement,yes,Matin2012|w=0.3|T=20,,,,Positive source observation admitted by the Gate 0 v2 contract.,cheq_canon_00464,
Matin2012_state_011|MEAH+,speciation,Matin2012,data/reference/MEA/observations/liquid_speciation/Matin_2012_ChEq.csv,11,MEAH+,293.15,0.3,0.334,0.0349,mole_fraction,0.0349,mole_fraction,,,not_reported,direct_positive,canonical_eligible,canonical_eligible,direct_measurement,yes,Matin2012|w=0.3|T=20,,,,Positive source observation admitted by the Gate 0 v2 contract.,cheq_canon_00465,
Matin2012_state_011|MEACOO-,speciation,Matin2012,data/reference/MEA/observations/liquid_speciation/Matin_2012_ChEq.csv,11,MEACOO-,293.15,0.3,0.334,0.0342,mole_fraction,0.0342,mole_fraction,,,not_reported,direct_positive,canonical_eligible,canonical_eligible,direct_measurement,yes,Matin2012|w=0.3|T=20,,,,Positive source observation admitted by the Gate 0 v2 contract.,cheq_canon_00466,
Matin2012_state_011|HCO3-,speciation,Matin2012,data/reference/MEA/observations/liquid_speciation/Matin_2012_ChEq.csv,11,HCO3-,293.15,0.3,0.334,0.004,mole_fraction,0.004,mole_fraction,,,not_reported,direct_positive,canonical_eligible,canonical_eligible,direct_measurement,yes,Matin2012|w=0.3|T=20,,,,Positive source observation admitted by the Gate 0 v2 contract.,cheq_canon_00467,"{""HCO3-"":1.0,""CO3^2-"":1.0}"
Matin2012_state_011|CO3^2-,speciation,Matin2012,data/reference/MEA/observations/liquid_speciation/Matin_2012_ChEq.csv,11,CO3^2-,293.15,0.3,0.334,,,,,,,not_reported,balance_inferred,canonical_eligible,canonical_eligible,inferred_not_independent,no,Matin2012|w=0.3|T=20,,,,Balance-inferred context is not an independent measurement.,,
Matin2012_state_011|H3O+,speciation,Matin2012,data/reference/MEA/observations/liquid_speciation/Matin_2012_ChEq.csv,11,H3O+,293.15,0.3,0.334,,,,,,,not_reported,balance_inferred,canonical_eligible,canonical_eligible,inferred_not_independent,no,Matin2012|w=0.3|T=20,,,,Balance-inferred context is not an independent measurement.,,
Matin2012_state_011|OH-,speciation,Matin2012,data/reference/MEA/observations/liquid_speciation/Matin_2012_ChEq.csv,11,OH-,293.15,0.3,0.334,,,,,,,not_reported,balance_inferred,canonical_eligible,canonical_eligible,inferred_not_independent,no,Matin2012|w=0.3|T=20,,,,Balance-inferred context is not an independent measurement.,,
Matin2012_state_011|MEA + MEAH+,speciation,Matin2012,data/reference/MEA/observations/liquid_speciation/Matin_2012_ChEq.csv,11,MEA + MEAH+,293.15,0.3,0.334,,mole_fraction,,,,,not_reported,aggregate_direct_positive,canonical_eligible,canonical_eligible,contextual,no,Matin2012|w=0.3|T=20,,,,No independent source aggregate record exists; the derived sum is not a target.,,"{""MEA"":1.0,""MEAH+"":1.0}"
Matin2012_state_012|CO2,speciation,Matin2012,data/reference/MEA/observations/liquid_speciation/Matin_2012_ChEq.csv,12,CO2,293.15,0.3,0.358,,,,,,,not_reported,balance_inferred,canonical_eligible,canonical_eligible,inferred_not_independent,no,Matin2012|w=0.3|T=20,,,,Balance-inferred context is not an independent measurement.,,
Matin2012_state_012|MEA,speciation,Matin2012,data/reference/MEA/observations/liquid_speciation/Matin_2012_ChEq.csv,12,MEA,293.15,0.3,0.358,0.0371,mole_fraction,0.0371,mole_fraction,,,not_reported,direct_positive,canonical_eligible,canonical_eligible,direct_measurement,yes,Matin2012|w=0.3|T=20,,,,Positive source observation admitted by the Gate 0 v2 contract.,cheq_canon_00468,
Matin2012_state_012|MEAH+,speciation,Matin2012,data/reference/MEA/observations/liquid_speciation/Matin_2012_ChEq.csv,12,MEAH+,293.15,0.3,0.358,0.0372,mole_fraction,0.0372,mole_fraction,,,not_reported,direct_positive,canonical_eligible,canonical_eligible,direct_measurement,yes,Matin2012|w=0.3|T=20,,,,Positive source observation admitted by the Gate 0 v2 contract.,cheq_canon_00469,
Matin2012_state_012|MEACOO-,speciation,Matin2012,data/reference/MEA/observations/liquid_speciation/Matin_2012_ChEq.csv,12,MEACOO-,293.15,0.3,0.358,0.0362,mole_fraction,0.0362,mole_fraction,,,not_reported,direct_positive,canonical_eligible,canonical_eligible,direct_measurement,yes,Matin2012|w=0.3|T=20,,,,Positive source observation admitted by the Gate 0 v2 contract.,cheq_canon_00470,
Matin2012_state_012|HCO3-,speciation,Matin2012,data/reference/MEA/observations/liquid_speciation/Matin_2012_ChEq.csv,12,HCO3-,293.15,0.3,0.358,0.0046,mole_fraction,0.0046,mole_fraction,,,not_reported,direct_positive,canonical_eligible,canonical_eligible,direct_measurement,yes,Matin2012|w=0.3|T=20,,,,Positive source observation admitted by the Gate 0 v2 contract.,cheq_canon_00471,"{""HCO3-"":1.0,""CO3^2-"":1.0}"
Matin2012_state_012|CO3^2-,speciation,Matin2012,data/reference/MEA/observations/liquid_speciation/Matin_2012_ChEq.csv,12,CO3^2-,293.15,0.3,0.358,,,,,,,not_reported,balance_inferred,canonical_eligible,canonical_eligible,inferred_not_independent,no,Matin2012|w=0.3|T=20,,,,Balance-inferred context is not an independent measurement.,,
Matin2012_state_012|H3O+,speciation,Matin2012,data/reference/MEA/observations/liquid_speciation/Matin_2012_ChEq.csv,12,H3O+,293.15,0.3,0.358,,,,,,,not_reported,balance_inferred,canonical_eligible,canonical_eligible,inferred_not_independent,no,Matin2012|w=0.3|T=20,,,,Balance-inferred context is not an independent measurement.,,
Matin2012_state_012|OH-,speciation,Matin2012,data/reference/MEA/observations/liquid_speciation/Matin_2012_ChEq.csv,12,OH-,293.15,0.3,0.358,,,,,,,not_reported,balance_inferred,canonical_eligible,canonical_eligible,inferred_not_independent,no,Matin2012|w=0.3|T=20,,,,Balance-inferred context is not an independent measurement.,,
Matin2012_state_012|MEA + MEAH+,speciation,Matin2012,data/reference/MEA/observations/liquid_speciation/Matin_2012_ChEq.csv,12,MEA + MEAH+,293.15,0.3,0.358,,mole_fraction,,,,,not_reported,aggregate_direct_positive,canonical_eligible,canonical_eligible,contextual,no,Matin2012|w=0.3|T=20,,,,No independent source aggregate record exists; the derived sum is not a target.,,"{""MEA"":1.0,""MEAH+"":1.0}"
Matin2012_state_013|CO2,speciation,Matin2012,data/reference/MEA/observations/liquid_speciation/Matin_2012_ChEq.csv,13,CO2,293.15,0.3,0.382,,,,,,,not_reported,balance_inferred,canonical_eligible,canonical_eligible,inferred_not_independent,no,Matin2012|w=0.3|T=20,,,,Balance-inferred context is not an independent measurement.,,
Matin2012_state_013|MEA,speciation,Matin2012,data/reference/MEA/observations/liquid_speciation/Matin_2012_ChEq.csv,13,MEA,293.15,0.3,0.382,0.0322,mole_fraction,0.0322,mole_fraction,,,not_reported,direct_positive,canonical_eligible,canonical_eligible,direct_measurement,yes,Matin2012|w=0.3|T=20,,,,Positive source observation admitted by the Gate 0 v2 contract.,cheq_canon_00472,
Matin2012_state_013|MEAH+,speciation,Matin2012,data/reference/MEA/observations/liquid_speciation/Matin_2012_ChEq.csv,13,MEAH+,293.15,0.3,0.382,0.0394,mole_fraction,0.0394,mole_fraction,,,not_reported,direct_positive,canonical_eligible,canonical_eligible,direct_measurement,yes,Matin2012|w=0.3|T=20,,,,Positive source observation admitted by the Gate 0 v2 contract.,cheq_canon_00473,
Matin2012_state_013|MEACOO-,speciation,Matin2012,data/reference/MEA/observations/liquid_speciation/Matin_2012_ChEq.csv,13,MEACOO-,293.15,0.3,0.382,0.0381,mole_fraction,0.0381,mole_fraction,,,not_reported,direct_positive,canonical_eligible,canonical_eligible,direct_measurement,yes,Matin2012|w=0.3|T=20,,,,Positive source observation admitted by the Gate 0 v2 contract.,cheq_canon_00474,
Matin2012_state_013|HCO3-,speciation,Matin2012,data/reference/MEA/observations/liquid_speciation/Matin_2012_ChEq.csv,13,HCO3-,293.15,0.3,0.382,0.0053,mole_fraction,0.0053,mole_fraction,,,not_reported,direct_positive,canonical_eligible,canonical_eligible,direct_measurement,yes,Matin2012|w=0.3|T=20,,,,Positive source observation admitted by the Gate 0 v2 contract.,cheq_canon_00475,"{""HCO3-"":1.0,""CO3^2-"":1.0}"
Matin2012_state_013|CO3^2-,speciation,Matin2012,data/reference/MEA/observations/liquid_speciation/Matin_2012_ChEq.csv,13,CO3^2-,293.15,0.3,0.382,,,,,,,not_reported,balance_inferred,canonical_eligible,canonical_eligible,inferred_not_independent,no,Matin2012|w=0.3|T=20,,,,Balance-inferred context is not an independent measurement.,,
Matin2012_state_013|H3O+,speciation,Matin2012,data/reference/MEA/observations/liquid_speciation/Matin_2012_ChEq.csv,13,H3O+,293.15,0.3,0.382,,,,,,,not_reported,balance_inferred,canonical_eligible,canonical_eligible,inferred_not_independent,no,Matin2012|w=0.3|T=20,,,,Balance-inferred context is not an independent measurement.,,
Matin2012_state_013|OH-,speciation,Matin2012,data/reference/MEA/observations/liquid_speciation/Matin_2012_ChEq.csv,13,OH-,293.15,0.3,0.382,,,,,,,not_reported,balance_inferred,canonical_eligible,canonical_eligible,inferred_not_independent,no,Matin2012|w=0.3|T=20,,,,Balance-inferred context is not an independent measurement.,,
Matin2012_state_013|MEA + MEAH+,speciation,Matin2012,data/reference/MEA/observations/liquid_speciation/Matin_2012_ChEq.csv,13,MEA + MEAH+,293.15,0.3,0.382,,mole_fraction,,,,,not_reported,aggregate_direct_positive,canonical_eligible,canonical_eligible,contextual,no,Matin2012|w=0.3|T=20,,,,No independent source aggregate record exists; the derived sum is not a target.,,"{""MEA"":1.0,""MEAH+"":1.0}"
Matin2012_state_014|CO2,speciation,Matin2012,data/reference/MEA/observations/liquid_speciation/Matin_2012_ChEq.csv,14,CO2,293.15,0.3,0.406,,,,,,,not_reported,balance_inferred,canonical_eligible,canonical_eligible,inferred_not_independent,no,Matin2012|w=0.3|T=20,,,,Balance-inferred context is not an independent measurement.,,
Matin2012_state_014|MEA,speciation,Matin2012,data/reference/MEA/observations/liquid_speciation/Matin_2012_ChEq.csv,14,MEA,293.15,0.3,0.406,0.0274,mole_fraction,0.0274,mole_fraction,,,not_reported,direct_positive,canonical_eligible,canonical_eligible,direct_measurement,yes,Matin2012|w=0.3|T=20,,,,Positive source observation admitted by the Gate 0 v2 contract.,cheq_canon_00476,
Matin2012_state_014|MEAH+,speciation,Matin2012,data/reference/MEA/observations/liquid_speciation/Matin_2012_ChEq.csv,14,MEAH+,293.15,0.3,0.406,0.0415,mole_fraction,0.0415,mole_fraction,,,not_reported,direct_positive,canonical_eligible,canonical_eligible,direct_measurement,yes,Matin2012|w=0.3|T=20,,,,Positive source observation admitted by the Gate 0 v2 contract.,cheq_canon_00477,
Matin2012_state_014|MEACOO-,speciation,Matin2012,data/reference/MEA/observations/liquid_speciation/Matin_2012_ChEq.csv,14,MEACOO-,293.15,0.3,0.406,0.04,mole_fraction,0.04,mole_fraction,,,not_reported,direct_positive,canonical_eligible,canonical_eligible,direct_measurement,yes,Matin2012|w=0.3|T=20,,,,Positive source observation admitted by the Gate 0 v2 contract.,cheq_canon_00478,
Matin2012_state_014|HCO3-,speciation,Matin2012,data/reference/MEA/observations/liquid_speciation/Matin_2012_ChEq.csv,14,HCO3-,293.15,0.3,0.406,0.0061,mole_fraction,0.0061,mole_fraction,,,not_reported,direct_positive,canonical_eligible,canonical_eligible,direct_measurement,yes,Matin2012|w=0.3|T=20,,,,Positive source observation admitted by the Gate 0 v2 contract.,cheq_canon_00479,"{""HCO3-"":1.0,""CO3^2-"":1.0}"
Matin2012_state_014|CO3^2-,speciation,Matin2012,data/reference/MEA/observations/liquid_speciation/Matin_2012_ChEq.csv,14,CO3^2-,293.15,0.3,0.406,,,,,,,not_reported,balance_inferred,canonical_eligible,canonical_eligible,inferred_not_independent,no,Matin2012|w=0.3|T=20,,,,Balance-inferred context is not an independent measurement.,,
Matin2012_state_014|H3O+,speciation,Matin2012,data/reference/MEA/observations/liquid_speciation/Matin_2012_ChEq.csv,14,H3O+,293.15,0.3,0.406,,,,,,,not_reported,balance_inferred,canonical_eligible,canonical_eligible,inferred_not_independent,no,Matin2012|w=0.3|T=20,,,,Balance-inferred context is not an independent measurement.,,
Matin2012_state_014|OH-,speciation,Matin2012,data/reference/MEA/observations/liquid_speciation/Matin_2012_ChEq.csv,14,OH-,293.15,0.3,0.406,,,,,,,not_reported,balance_inferred,canonical_eligible,canonical_eligible,inferred_not_independent,no,Matin2012|w=0.3|T=20,,,,Balance-inferred context is not an independent measurement.,,
Matin2012_state_014|MEA + MEAH+,speciation,Matin2012,data/reference/MEA/observations/liquid_speciation/Matin_2012_ChEq.csv,14,MEA + MEAH+,293.15,0.3,0.406,,mole_fraction,,,,,not_reported,aggregate_direct_positive,canonical_eligible,canonical_eligible,contextual,no,Matin2012|w=0.3|T=20,,,,No independent source aggregate record exists; the derived sum is not a target.,,"{""MEA"":1.0,""MEAH+"":1.0}"
Matin2012_state_015|CO2,speciation,Matin2012,data/reference/MEA/observations/liquid_speciation/Matin_2012_ChEq.csv,15,CO2,293.15,0.3,0.431,,,,,,,not_reported,balance_inferred,canonical_eligible,canonical_eligible,inferred_not_independent,no,Matin2012|w=0.3|T=20,,,,Balance-inferred context is not an independent measurement.,,
Matin2012_state_015|MEA,speciation,Matin2012,data/reference/MEA/observations/liquid_speciation/Matin_2012_ChEq.csv,15,MEA,293.15,0.3,0.431,0.0227,mole_fraction,0.0227,mole_fraction,,,not_reported,direct_positive,canonical_eligible,canonical_eligible,direct_measurement,yes,Matin2012|w=0.3|T=20,,,,Positive source observation admitted by the Gate 0 v2 contract.,cheq_canon_00480,
Matin2012_state_015|MEAH+,speciation,Matin2012,data/reference/MEA/observations/liquid_speciation/Matin_2012_ChEq.csv,15,MEAH+,293.15,0.3,0.431,0.0436,mole_fraction,0.0436,mole_fraction,,,not_reported,direct_positive,canonical_eligible,canonical_eligible,direct_measurement,yes,Matin2012|w=0.3|T=20,,,,Positive source observation admitted by the Gate 0 v2 contract.,cheq_canon_00481,
Matin2012_state_015|MEACOO-,speciation,Matin2012,data/reference/MEA/observations/liquid_speciation/Matin_2012_ChEq.csv,15,MEACOO-,293.15,0.3,0.431,0.0417,mole_fraction,0.0417,mole_fraction,,,not_reported,direct_positive,canonical_eligible,canonical_eligible,direct_measurement,yes,Matin2012|w=0.3|T=20,,,,Positive source observation admitted by the Gate 0 v2 contract.,cheq_canon_00482,
Matin2012_state_015|HCO3-,speciation,Matin2012,data/reference/MEA/observations/liquid_speciation/Matin_2012_ChEq.csv,15,HCO3-,293.15,0.3,0.431,0.007,mole_fraction,0.007,mole_fraction,,,not_reported,direct_positive,canonical_eligible,canonical_eligible,direct_measurement,yes,Matin2012|w=0.3|T=20,,,,Positive source observation admitted by the Gate 0 v2 contract.,cheq_canon_00483,"{""HCO3-"":1.0,""CO3^2-"":1.0}"
Matin2012_state_015|CO3^2-,speciation,Matin2012,data/reference/MEA/observations/liquid_speciation/Matin_2012_ChEq.csv,15,CO3^2-,293.15,0.3,0.431,,,,,,,not_reported,balance_inferred,canonical_eligible,canonical_eligible,inferred_not_independent,no,Matin2012|w=0.3|T=20,,,,Balance-inferred context is not an independent measurement.,,
Matin2012_state_015|H3O+,speciation,Matin2012,data/reference/MEA/observations/liquid_speciation/Matin_2012_ChEq.csv,15,H3O+,293.15,0.3,0.431,,,,,,,not_reported,balance_inferred,canonical_eligible,canonical_eligible,inferred_not_independent,no,Matin2012|w=0.3|T=20,,,,Balance-inferred context is not an independent measurement.,,
Matin2012_state_015|OH-,speciation,Matin2012,data/reference/MEA/observations/liquid_speciation/Matin_2012_ChEq.csv,15,OH-,293.15,0.3,0.431,,,,,,,not_reported,balance_inferred,canonical_eligible,canonical_eligible,inferred_not_independent,no,Matin2012|w=0.3|T=20,,,,Balance-inferred context is not an independent measurement.,,
Matin2012_state_015|MEA + MEAH+,speciation,Matin2012,data/reference/MEA/observations/liquid_speciation/Matin_2012_ChEq.csv,15,MEA + MEAH+,293.15,0.3,0.431,,mole_fraction,,,,,not_reported,aggregate_direct_positive,canonical_eligible,canonical_eligible,contextual,no,Matin2012|w=0.3|T=20,,,,No independent source aggregate record exists; the derived sum is not a target.,,"{""MEA"":1.0,""MEAH+"":1.0}"
Matin2012_state_016|CO2,speciation,Matin2012,data/reference/MEA/observations/liquid_speciation/Matin_2012_ChEq.csv,16,CO2,293.15,0.3,0.455,,,,,,,not_reported,balance_inferred,canonical_eligible,canonical_eligible,inferred_not_independent,no,Matin2012|w=0.3|T=20,,,,Source-unverified legacy state016 retained as evaluated/display context; excluded from fit and pooled summaries.,,
Matin2012_state_016|MEA,speciation,Matin2012,data/reference/MEA/observations/liquid_speciation/Matin_2012_ChEq.csv,16,MEA,293.15,0.3,0.455,0.0181,mole_fraction,0.0181,mole_fraction,,,not_reported,direct_positive,canonical_eligible,canonical_eligible,contextual,no,Matin2012|w=0.3|T=20,,,,Source-unverified legacy state016 retained as evaluated/display context; excluded from fit and pooled summaries.,cheq_canon_00484,
Matin2012_state_016|MEAH+,speciation,Matin2012,data/reference/MEA/observations/liquid_speciation/Matin_2012_ChEq.csv,16,MEAH+,293.15,0.3,0.455,0.0457,mole_fraction,0.0457,mole_fraction,,,not_reported,direct_positive,canonical_eligible,canonical_eligible,contextual,no,Matin2012|w=0.3|T=20,,,,Source-unverified legacy state016 retained as evaluated/display context; excluded from fit and pooled summaries.,cheq_canon_00485,
Matin2012_state_016|MEACOO-,speciation,Matin2012,data/reference/MEA/observations/liquid_speciation/Matin_2012_ChEq.csv,16,MEACOO-,293.15,0.3,0.455,0.0433,mole_fraction,0.0433,mole_fraction,,,not_reported,direct_positive,canonical_eligible,canonical_eligible,contextual,no,Matin2012|w=0.3|T=20,,,,Source-unverified legacy state016 retained as evaluated/display context; excluded from fit and pooled summaries.,cheq_canon_00486,
Matin2012_state_016|HCO3-,speciation,Matin2012,data/reference/MEA/observations/liquid_speciation/Matin_2012_ChEq.csv,16,HCO3-,293.15,0.3,0.455,0.008,mole_fraction,0.008,mole_fraction,,,not_reported,direct_positive,canonical_eligible,canonical_eligible,contextual,no,Matin2012|w=0.3|T=20,,,,Source-unverified legacy state016 retained as evaluated/display context; excluded from fit and pooled summaries.,cheq_canon_00487,"{""HCO3-"":1.0,""CO3^2-"":1.0}"
Matin2012_state_016|CO3^2-,speciation,Matin2012,data/reference/MEA/observations/liquid_speciation/Matin_2012_ChEq.csv,16,CO3^2-,293.15,0.3,0.455,,,,,,,not_reported,balance_inferred,canonical_eligible,canonical_eligible,inferred_not_independent,no,Matin2012|w=0.3|T=20,,,,Source-unverified legacy state016 retained as evaluated/display context; excluded from fit and pooled summaries.,,
Matin2012_state_016|H3O+,speciation,Matin2012,data/reference/MEA/observations/liquid_speciation/Matin_2012_ChEq.csv,16,H3O+,293.15,0.3,0.455,,,,,,,not_reported,balance_inferred,canonical_eligible,canonical_eligible,inferred_not_independent,no,Matin2012|w=0.3|T=20,,,,Source-unverified legacy state016 retained as evaluated/display context; excluded from fit and pooled summaries.,,
Matin2012_state_016|OH-,speciation,Matin2012,data/reference/MEA/observations/liquid_speciation/Matin_2012_ChEq.csv,16,OH-,293.15,0.3,0.455,,,,,,,not_reported,balance_inferred,canonical_eligible,canonical_eligible,inferred_not_independent,no,Matin2012|w=0.3|T=20,,,,Source-unverified legacy state016 retained as evaluated/display context; excluded from fit and pooled summaries.,,
Matin2012_state_016|MEA + MEAH+,speciation,Matin2012,data/reference/MEA/observations/liquid_speciation/Matin_2012_ChEq.csv,16,MEA + MEAH+,293.15,0.3,0.455,,mole_fraction,,,,,not_reported,aggregate_direct_positive,canonical_eligible,canonical_eligible,contextual,no,Matin2012|w=0.3|T=20,,,,Source-unverified legacy state016 retained as evaluated/display context; excluded from fit and pooled summaries.,,"{""MEA"":1.0,""MEAH+"":1.0}"
Matin2012_state_017|CO2,speciation,Matin2012,data/reference/MEA/observations/liquid_speciation/Matin_2012_ChEq.csv,17,CO2,293.15,0.3,0.48,,,,,,,not_reported,balance_inferred,canonical_eligible,canonical_eligible,inferred_not_independent,no,Matin2012|w=0.3|T=20,,,,Balance-inferred context is not an independent measurement.,,
Matin2012_state_017|MEA,speciation,Matin2012,data/reference/MEA/observations/liquid_speciation/Matin_2012_ChEq.csv,17,MEA,293.15,0.3,0.48,0.0135,mole_fraction,0.0135,mole_fraction,,,not_reported,direct_positive,canonical_eligible,canonical_eligible,direct_measurement,yes,Matin2012|w=0.3|T=20,,,,Positive source observation admitted by the Gate 0 v2 contract.,cheq_canon_00488,
Matin2012_state_017|MEAH+,speciation,Matin2012,data/reference/MEA/observations/liquid_speciation/Matin_2012_ChEq.csv,17,MEAH+,293.15,0.3,0.48,0.0477,mole_fraction,0.0477,mole_fraction,,,not_reported,direct_positive,canonical_eligible,canonical_eligible,direct_measurement,yes,Matin2012|w=0.3|T=20,,,,Positive source observation admitted by the Gate 0 v2 contract.,cheq_canon_00489,
Matin2012_state_017|MEACOO-,speciation,Matin2012,data/reference/MEA/observations/liquid_speciation/Matin_2012_ChEq.csv,17,MEACOO-,293.15,0.3,0.48,0.0448,mole_fraction,0.0448,mole_fraction,,,not_reported,direct_positive,canonical_eligible,canonical_eligible,direct_measurement,yes,Matin2012|w=0.3|T=20,,,,Positive source observation admitted by the Gate 0 v2 contract.,cheq_canon_00490,
Matin2012_state_017|HCO3-,speciation,Matin2012,data/reference/MEA/observations/liquid_speciation/Matin_2012_ChEq.csv,17,HCO3-,293.15,0.3,0.48,0.0091,mole_fraction,0.0091,mole_fraction,,,not_reported,direct_positive,canonical_eligible,canonical_eligible,direct_measurement,yes,Matin2012|w=0.3|T=20,,,,Positive source observation admitted by the Gate 0 v2 contract.,cheq_canon_00491,"{""HCO3-"":1.0,""CO3^2-"":1.0}"
Matin2012_state_017|CO3^2-,speciation,Matin2012,data/reference/MEA/observations/liquid_speciation/Matin_2012_ChEq.csv,17,CO3^2-,293.15,0.3,0.48,,,,,,,not_reported,balance_inferred,canonical_eligible,canonical_eligible,inferred_not_independent,no,Matin2012|w=0.3|T=20,,,,Balance-inferred context is not an independent measurement.,,
Matin2012_state_017|H3O+,speciation,Matin2012,data/reference/MEA/observations/liquid_speciation/Matin_2012_ChEq.csv,17,H3O+,293.15,0.3,0.48,,,,,,,not_reported,balance_inferred,canonical_eligible,canonical_eligible,inferred_not_independent,no,Matin2012|w=0.3|T=20,,,,Balance-inferred context is not an independent measurement.,,
Matin2012_state_017|OH-,speciation,Matin2012,data/reference/MEA/observations/liquid_speciation/Matin_2012_ChEq.csv,17,OH-,293.15,0.3,0.48,,,,,,,not_reported,balance_inferred,canonical_eligible,canonical_eligible,inferred_not_independent,no,Matin2012|w=0.3|T=20,,,,Balance-inferred context is not an independent measurement.,,
Matin2012_state_017|MEA + MEAH+,speciation,Matin2012,data/reference/MEA/observations/liquid_speciation/Matin_2012_ChEq.csv,17,MEA + MEAH+,293.15,0.3,0.48,,mole_fraction,,,,,not_reported,aggregate_direct_positive,canonical_eligible,canonical_eligible,contextual,no,Matin2012|w=0.3|T=20,,,,No independent source aggregate record exists; the derived sum is not a target.,,"{""MEA"":1.0,""MEAH+"":1.0}"
Matin2012_state_018|CO2,speciation,Matin2012,data/reference/MEA/observations/liquid_speciation/Matin_2012_ChEq.csv,18,CO2,293.15,0.3,0.505,,,,,,,not_reported,balance_inferred,canonical_eligible,canonical_eligible,inferred_not_independent,no,Matin2012|w=0.3|T=20,,,,Balance-inferred context is not an independent measurement.,,
Matin2012_state_018|MEA,speciation,Matin2012,data/reference/MEA/observations/liquid_speciation/Matin_2012_ChEq.csv,18,MEA,293.15,0.3,0.505,0.009,mole_fraction,0.009,mole_fraction,,,not_reported,direct_positive,canonical_eligible,canonical_eligible,direct_measurement,yes,Matin2012|w=0.3|T=20,,,,Positive source observation admitted by the Gate 0 v2 contract.,cheq_canon_00492,
Matin2012_state_018|MEAH+,speciation,Matin2012,data/reference/MEA/observations/liquid_speciation/Matin_2012_ChEq.csv,18,MEAH+,293.15,0.3,0.505,0.0496,mole_fraction,0.0496,mole_fraction,,,not_reported,direct_positive,canonical_eligible,canonical_eligible,direct_measurement,yes,Matin2012|w=0.3|T=20,,,,Positive source observation admitted by the Gate 0 v2 contract.,cheq_canon_00493,
Matin2012_state_018|MEACOO-,speciation,Matin2012,data/reference/MEA/observations/liquid_speciation/Matin_2012_ChEq.csv,18,MEACOO-,293.15,0.3,0.505,0.0462,mole_fraction,0.0462,mole_fraction,,,not_reported,direct_positive,canonical_eligible,canonical_eligible,direct_measurement,yes,Matin2012|w=0.3|T=20,,,,Positive source observation admitted by the Gate 0 v2 contract.,cheq_canon_00494,
Matin2012_state_018|HCO3-,speciation,Matin2012,data/reference/MEA/observations/liquid_speciation/Matin_2012_ChEq.csv,18,HCO3-,293.15,0.3,0.505,0.0102,mole_fraction,0.0102,mole_fraction,,,not_reported,direct_positive,canonical_eligible,canonical_eligible,direct_measurement,yes,Matin2012|w=0.3|T=20,,,,Positive source observation admitted by the Gate 0 v2 contract.,cheq_canon_00495,"{""HCO3-"":1.0,""CO3^2-"":1.0}"
Matin2012_state_018|CO3^2-,speciation,Matin2012,data/reference/MEA/observations/liquid_speciation/Matin_2012_ChEq.csv,18,CO3^2-,293.15,0.3,0.505,,,,,,,not_reported,balance_inferred,canonical_eligible,canonical_eligible,inferred_not_independent,no,Matin2012|w=0.3|T=20,,,,Balance-inferred context is not an independent measurement.,,
Matin2012_state_018|H3O+,speciation,Matin2012,data/reference/MEA/observations/liquid_speciation/Matin_2012_ChEq.csv,18,H3O+,293.15,0.3,0.505,,,,,,,not_reported,balance_inferred,canonical_eligible,canonical_eligible,inferred_not_independent,no,Matin2012|w=0.3|T=20,,,,Balance-inferred context is not an independent measurement.,,
Matin2012_state_018|OH-,speciation,Matin2012,data/reference/MEA/observations/liquid_speciation/Matin_2012_ChEq.csv,18,OH-,293.15,0.3,0.505,,,,,,,not_reported,balance_inferred,canonical_eligible,canonical_eligible,inferred_not_independent,no,Matin2012|w=0.3|T=20,,,,Balance-inferred context is not an independent measurement.,,
Matin2012_state_018|MEA + MEAH+,speciation,Matin2012,data/reference/MEA/observations/liquid_speciation/Matin_2012_ChEq.csv,18,MEA + MEAH+,293.15,0.3,0.505,,mole_fraction,,,,,not_reported,aggregate_direct_positive,canonical_eligible,canonical_eligible,contextual,no,Matin2012|w=0.3|T=20,,,,No independent source aggregate record exists; the derived sum is not a target.,,"{""MEA"":1.0,""MEAH+"":1.0}"
Matin2012_state_019|CO2,speciation,Matin2012,data/reference/MEA/observations/liquid_speciation/Matin_2012_ChEq.csv,19,CO2,293.15,0.3,0.531,,,,,,,not_reported,balance_inferred,canonical_eligible,canonical_eligible,inferred_not_independent,no,Matin2012|w=0.3|T=20,,,,Balance-inferred context is not an independent measurement.,,
Matin2012_state_019|MEA,speciation,Matin2012,data/reference/MEA/observations/liquid_speciation/Matin_2012_ChEq.csv,19,MEA,293.15,0.3,0.531,0.0046,mole_fraction,0.0046,mole_fraction,,,not_reported,direct_positive,canonical_eligible,canonical_eligible,direct_measurement,yes,Matin2012|w=0.3|T=20,,,,Positive source observation admitted by the Gate 0 v2 contract.,cheq_canon_00496,
Matin2012_state_019|MEAH+,speciation,Matin2012,data/reference/MEA/observations/liquid_speciation/Matin_2012_ChEq.csv,19,MEAH+,293.15,0.3,0.531,0.0515,mole_fraction,0.0515,mole_fraction,,,not_reported,direct_positive,canonical_eligible,canonical_eligible,direct_measurement,yes,Matin2012|w=0.3|T=20,,,,Positive source observation admitted by the Gate 0 v2 contract.,cheq_canon_00497,
Matin2012_state_019|MEACOO-,speciation,Matin2012,data/reference/MEA/observations/liquid_speciation/Matin_2012_ChEq.csv,19,MEACOO-,293.15,0.3,0.531,0.0475,mole_fraction,0.0475,mole_fraction,,,not_reported,direct_positive,canonical_eligible,canonical_eligible,direct_measurement,yes,Matin2012|w=0.3|T=20,,,,Positive source observation admitted by the Gate 0 v2 contract.,cheq_canon_00498,
Matin2012_state_019|HCO3-,speciation,Matin2012,data/reference/MEA/observations/liquid_speciation/Matin_2012_ChEq.csv,19,HCO3-,293.15,0.3,0.531,0.0114,mole_fraction,0.0114,mole_fraction,,,not_reported,direct_positive,canonical_eligible,canonical_eligible,direct_measurement,yes,Matin2012|w=0.3|T=20,,,,Positive source observation admitted by the Gate 0 v2 contract.,cheq_canon_00499,"{""HCO3-"":1.0,""CO3^2-"":1.0}"
Matin2012_state_019|CO3^2-,speciation,Matin2012,data/reference/MEA/observations/liquid_speciation/Matin_2012_ChEq.csv,19,CO3^2-,293.15,0.3,0.531,,,,,,,not_reported,balance_inferred,canonical_eligible,canonical_eligible,inferred_not_independent,no,Matin2012|w=0.3|T=20,,,,Balance-inferred context is not an independent measurement.,,
Matin2012_state_019|H3O+,speciation,Matin2012,data/reference/MEA/observations/liquid_speciation/Matin_2012_ChEq.csv,19,H3O+,293.15,0.3,0.531,,,,,,,not_reported,balance_inferred,canonical_eligible,canonical_eligible,inferred_not_independent,no,Matin2012|w=0.3|T=20,,,,Balance-inferred context is not an independent measurement.,,
Matin2012_state_019|OH-,speciation,Matin2012,data/reference/MEA/observations/liquid_speciation/Matin_2012_ChEq.csv,19,OH-,293.15,0.3,0.531,,,,,,,not_reported,balance_inferred,canonical_eligible,canonical_eligible,inferred_not_independent,no,Matin2012|w=0.3|T=20,,,,Balance-inferred context is not an independent measurement.,,
Matin2012_state_019|MEA + MEAH+,speciation,Matin2012,data/reference/MEA/observations/liquid_speciation/Matin_2012_ChEq.csv,19,MEA + MEAH+,293.15,0.3,0.531,,mole_fraction,,,,,not_reported,aggregate_direct_positive,canonical_eligible,canonical_eligible,contextual,no,Matin2012|w=0.3|T=20,,,,No independent source aggregate record exists; the derived sum is not a target.,,"{""MEA"":1.0,""MEAH+"":1.0}"
Wong2015_point_001|CO2,speciation,Wong2015,data/reference/MEA/observations/liquid_speciation/Wong_2015_Raman_speciation.csv,1,CO2,303.15,0.3,0.1268,0.0093953,mol_per_kg_source_basis,0.0093953,mol/kg,,,not_reported,direct_positive,diagnostic_only,diagnostic_only,calibration_contextual,no,Wong2015|w=0.3|T=30,,,,Source kg denominator is not verified; normalized target conversion fails closed.,cheq_canon_00500,
Wong2015_point_002|CO2,speciation,Wong2015,data/reference/MEA/observations/liquid_speciation/Wong_2015_Raman_speciation.csv,2,CO2,303.15,0.3,0.2285,0.015171,mol_per_kg_source_basis,0.015171,mol/kg,,,not_reported,direct_positive,diagnostic_only,diagnostic_only,calibration_contextual,no,Wong2015|w=0.3|T=30,,,,Source kg denominator is not verified; normalized target conversion fails closed.,cheq_canon_00501,
Wong2015_point_003|CO2,speciation,Wong2015,data/reference/MEA/observations/liquid_speciation/Wong_2015_Raman_speciation.csv,3,CO2,303.15,0.3,0.331,0.034752,mol_per_kg_source_basis,0.034752,mol/kg,,,not_reported,direct_positive,diagnostic_only,diagnostic_only,calibration_contextual,no,Wong2015|w=0.3|T=30,,,,Source kg denominator is not verified; normalized target conversion fails closed.,cheq_canon_00502,
Wong2015_point_004|CO2,speciation,Wong2015,data/reference/MEA/observations/liquid_speciation/Wong_2015_Raman_speciation.csv,4,CO2,303.15,0.3,0.429,0.053975,mol_per_kg_source_basis,0.053975,mol/kg,,,not_reported,direct_positive,diagnostic_only,diagnostic_only,calibration_contextual,no,Wong2015|w=0.3|T=30,,,,Source kg denominator is not verified; normalized target conversion fails closed.,cheq_canon_00503,
Wong2015_point_005|CO2,speciation,Wong2015,data/reference/MEA/observations/liquid_speciation/Wong_2015_Raman_speciation.csv,5,CO2,303.15,0.3,0.5268,0.073327,mol_per_kg_source_basis,0.073327,mol/kg,,,not_reported,direct_positive,diagnostic_only,diagnostic_only,calibration_contextual,no,Wong2015|w=0.3|T=30,,,,Source kg denominator is not verified; normalized target conversion fails closed.,cheq_canon_00504,
Wong2015_point_006|CO2,speciation,Wong2015,data/reference/MEA/observations/liquid_speciation/Wong_2015_Raman_speciation.csv,6,CO2,303.15,0.3,0.6432,0.15975,mol_per_kg_source_basis,0.15975,mol/kg,,,not_reported,direct_positive,diagnostic_only,diagnostic_only,calibration_contextual,no,Wong2015|w=0.3|T=30,,,,Source kg denominator is not verified; normalized target conversion fails closed.,cheq_canon_00505,
Wong2015_point_007|CO2,speciation,Wong2015,data/reference/MEA/observations/liquid_speciation/Wong_2015_Raman_speciation.csv,7,CO2,303.15,0.3,0.7472,0.51652,mol_per_kg_source_basis,0.51652,mol/kg,,,not_reported,direct_positive,diagnostic_only,diagnostic_only,calibration_contextual,no,Wong2015|w=0.3|T=30,,,,Source kg denominator is not verified; normalized target conversion fails closed.,cheq_canon_00506,
Wong2015_point_008|CO2,speciation,Wong2015,data/reference/MEA/observations/liquid_speciation/Wong_2015_Raman_speciation.csv,8,CO2,303.15,0.3,0.8242,0.56883,mol_per_kg_source_basis,0.56883,mol/kg,,,not_reported,direct_positive,diagnostic_only,diagnostic_only,calibration_contextual,no,Wong2015|w=0.3|T=30,,,,Source kg denominator is not verified; normalized target conversion fails closed.,cheq_canon_00507,
Wong2015_point_009|CO2,speciation,Wong2015,data/reference/MEA/observations/liquid_speciation/Wong_2015_Raman_speciation.csv,9,CO2,303.15,0.3,0.9723,1.0885,mol_per_kg_source_basis,1.0885,mol/kg,,,not_reported,direct_positive,diagnostic_only,diagnostic_only,calibration_contextual,no,Wong2015|w=0.3|T=30,,,,Source kg denominator is not verified; normalized target conversion fails closed.,cheq_canon_00508,
Wong2015_point_010|CO2,speciation,Wong2015,data/reference/MEA/observations/liquid_speciation/Wong_2015_Raman_speciation.csv,10,CO2,303.15,0.3,1.0347,1.2252,mol_per_kg_source_basis,1.2252,mol/kg,,,not_reported,direct_positive,diagnostic_only,diagnostic_only,calibration_contextual,no,Wong2015|w=0.3|T=30,,,,Source kg denominator is not verified; normalized target conversion fails closed.,cheq_canon_00509,
Wong2015_point_011|CO2,speciation,Wong2015,data/reference/MEA/observations/liquid_speciation/Wong_2015_Raman_speciation.csv,11,CO2,303.15,0.3,1.1169,1.4156,mol_per_kg_source_basis,1.4156,mol/kg,,,not_reported,direct_positive,diagnostic_only,diagnostic_only,calibration_contextual,no,Wong2015|w=0.3|T=30,,,,Source kg denominator is not verified; normalized target conversion fails closed.,cheq_canon_00510,
Wong2015_point_012|CO2,speciation,Wong2015,data/reference/MEA/observations/liquid_speciation/Wong_2015_Raman_speciation.csv,12,CO2,303.15,0.3,1.1876,1.6279,mol_per_kg_source_basis,1.6279,mol/kg,,,not_reported,direct_positive,diagnostic_only,diagnostic_only,calibration_contextual,no,Wong2015|w=0.3|T=30,,,,Source kg denominator is not verified; normalized target conversion fails closed.,cheq_canon_00511,
Wong2015_point_013|CO3^2-,speciation,Wong2015,data/reference/MEA/observations/liquid_speciation/Wong_2015_Raman_speciation.csv,13,CO3^2-,303.15,0.3,0.1267,0.039468,mol_per_kg_source_basis,0.039468,mol/kg,,,not_reported,direct_positive,diagnostic_only,diagnostic_only,calibration_contextual,no,Wong2015|w=0.3|T=30,,,,Source kg denominator is not verified; normalized target conversion fails closed.,cheq_canon_00512,
Wong2015_point_014|CO3^2-,speciation,Wong2015,data/reference/MEA/observations/liquid_speciation/Wong_2015_Raman_speciation.csv,14,CO3^2-,303.15,0.3,0.2286,0.06393,mol_per_kg_source_basis,0.06393,mol/kg,,,not_reported,direct_positive,diagnostic_only,diagnostic_only,calibration_contextual,no,Wong2015|w=0.3|T=30,,,,Source kg denominator is not verified; normalized target conversion fails closed.,cheq_canon_00513,
Wong2015_point_015|CO3^2-,speciation,Wong2015,data/reference/MEA/observations/liquid_speciation/Wong_2015_Raman_speciation.csv,15,CO3^2-,303.15,0.3,0.3305,0.071622,mol_per_kg_source_basis,0.071622,mol/kg,,,not_reported,direct_positive,diagnostic_only,diagnostic_only,calibration_contextual,no,Wong2015|w=0.3|T=30,,,,Source kg denominator is not verified; normalized target conversion fails closed.,cheq_canon_00514,
Wong2015_point_016|CO3^2-,speciation,Wong2015,data/reference/MEA/observations/liquid_speciation/Wong_2015_Raman_speciation.csv,16,CO3^2-,303.15,0.3,0.4291,0.1113,mol_per_kg_source_basis,0.1113,mol/kg,,,not_reported,direct_positive,diagnostic_only,diagnostic_only,calibration_contextual,no,Wong2015|w=0.3|T=30,,,,Source kg denominator is not verified; normalized target conversion fails closed.,cheq_canon_00515,
Wong2015_point_017|CO3^2-,speciation,Wong2015,data/reference/MEA/observations/liquid_speciation/Wong_2015_Raman_speciation.csv,17,CO3^2-,303.15,0.3,0.5262,0.15478,mol_per_kg_source_basis,0.15478,mol/kg,,,not_reported,direct_positive,diagnostic_only,diagnostic_only,calibration_contextual,no,Wong2015|w=0.3|T=30,,,,Source kg denominator is not verified; normalized target conversion fails closed.,cheq_canon_00516,
Wong2015_point_018|CO3^2-,speciation,Wong2015,data/reference/MEA/observations/liquid_speciation/Wong_2015_Raman_speciation.csv,18,CO3^2-,303.15,0.3,0.6435,0.2061,mol_per_kg_source_basis,0.2061,mol/kg,,,not_reported,direct_positive,diagnostic_only,diagnostic_only,calibration_contextual,no,Wong2015|w=0.3|T=30,,,,Source kg denominator is not verified; normalized target conversion fails closed.,cheq_canon_00517,
Wong2015_point_019|CO3^2-,speciation,Wong2015,data/reference/MEA/observations/liquid_speciation/Wong_2015_Raman_speciation.csv,19,CO3^2-,303.15,0.3,0.7476,0.24398,mol_per_kg_source_basis,0.24398,mol/kg,,,not_reported,direct_positive,diagnostic_only,diagnostic_only,calibration_contextual,no,Wong2015|w=0.3|T=30,,,,Source kg denominator is not verified; normalized target conversion fails closed.,cheq_canon_00518,
Wong2015_point_020|CO3^2-,speciation,Wong2015,data/reference/MEA/observations/liquid_speciation/Wong_2015_Raman_speciation.csv,20,CO3^2-,303.15,0.3,0.8246,0.31479,mol_per_kg_source_basis,0.31479,mol/kg,,,not_reported,direct_positive,diagnostic_only,diagnostic_only,calibration_contextual,no,Wong2015|w=0.3|T=30,,,,Source kg denominator is not verified; normalized target conversion fails closed.,cheq_canon_00519,
Wong2015_point_021|CO3^2-,speciation,Wong2015,data/reference/MEA/observations/liquid_speciation/Wong_2015_Raman_speciation.csv,21,CO3^2-,303.15,0.3,0.9722,0.34682,mol_per_kg_source_basis,0.34682,mol/kg,,,not_reported,direct_positive,diagnostic_only,diagnostic_only,calibration_contextual,no,Wong2015|w=0.3|T=30,,,,Source kg denominator is not verified; normalized target conversion fails closed.,cheq_canon_00520,
Wong2015_point_022|CO3^2-,speciation,Wong2015,data/reference/MEA/observations/liquid_speciation/Wong_2015_Raman_speciation.csv,22,CO3^2-,303.15,0.3,1.0351,0.42094,mol_per_kg_source_basis,0.42094,mol/kg,,,not_reported,direct_positive,diagnostic_only,diagnostic_only,calibration_contextual,no,Wong2015|w=0.3|T=30,,,,Source kg denominator is not verified; normalized target conversion fails closed.,cheq_canon_00521,
Wong2015_point_023|CO3^2-,speciation,Wong2015,data/reference/MEA/observations/liquid_speciation/Wong_2015_Raman_speciation.csv,23,CO3^2-,303.15,0.3,1.1166,0.39899,mol_per_kg_source_basis,0.39899,mol/kg,,,not_reported,direct_positive,diagnostic_only,diagnostic_only,calibration_contextual,no,Wong2015|w=0.3|T=30,,,,Source kg denominator is not verified; normalized target conversion fails closed.,cheq_canon_00522,
Wong2015_point_024|CO3^2-,speciation,Wong2015,data/reference/MEA/observations/liquid_speciation/Wong_2015_Raman_speciation.csv,24,CO3^2-,303.15,0.3,1.1874,0.39883,mol_per_kg_source_basis,0.39883,mol/kg,,,not_reported,direct_positive,diagnostic_only,diagnostic_only,calibration_contextual,no,Wong2015|w=0.3|T=30,,,,Source kg denominator is not verified; normalized target conversion fails closed.,cheq_canon_00523,
Wong2015_point_025|HCO3-,speciation,Wong2015,data/reference/MEA/observations/liquid_speciation/Wong_2015_Raman_speciation.csv,25,HCO3-,303.15,0.3,0.1266,0.048545,mol_per_kg_source_basis,0.048545,mol/kg,,,not_reported,direct_positive,diagnostic_only,diagnostic_only,calibration_contextual,no,Wong2015|w=0.3|T=30,,,,Source kg denominator is not verified; normalized target conversion fails closed.,cheq_canon_00524,
Wong2015_point_026|HCO3-,speciation,Wong2015,data/reference/MEA/observations/liquid_speciation/Wong_2015_Raman_speciation.csv,26,HCO3-,303.15,0.3,0.4291,0.14694,mol_per_kg_source_basis,0.14694,mol/kg,,,not_reported,direct_positive,diagnostic_only,diagnostic_only,calibration_contextual,no,Wong2015|w=0.3|T=30,,,,Source kg denominator is not verified; normalized target conversion fails closed.,cheq_canon_00525,
Wong2015_point_027|HCO3-,speciation,Wong2015,data/reference/MEA/observations/liquid_speciation/Wong_2015_Raman_speciation.csv,27,HCO3-,303.15,0.3,0.5269,0.82462,mol_per_kg_source_basis,0.82462,mol/kg,,,not_reported,direct_positive,diagnostic_only,diagnostic_only,calibration_contextual,no,Wong2015|w=0.3|T=30,,,,Source kg denominator is not verified; normalized target conversion fails closed.,cheq_canon_00526,
Wong2015_point_028|HCO3-,speciation,Wong2015,data/reference/MEA/observations/liquid_speciation/Wong_2015_Raman_speciation.csv,28,HCO3-,303.15,0.3,0.6436,1.2437,mol_per_kg_source_basis,1.2437,mol/kg,,,not_reported,direct_positive,diagnostic_only,diagnostic_only,calibration_contextual,no,Wong2015|w=0.3|T=30,,,,Source kg denominator is not verified; normalized target conversion fails closed.,cheq_canon_00527,
Wong2015_point_029|HCO3-,speciation,Wong2015,data/reference/MEA/observations/liquid_speciation/Wong_2015_Raman_speciation.csv,29,HCO3-,303.15,0.3,0.747,1.552,mol_per_kg_source_basis,1.552,mol/kg,,,not_reported,ambiguous,qa_pending,qa_pending,calibration_contextual,no,Wong2015|w=0.3|T=30,,,,Source kg denominator is not verified; normalized target conversion fails closed.,cheq_canon_00528,
Wong2015_point_030|HCO3-,speciation,Wong2015,data/reference/MEA/observations/liquid_speciation/Wong_2015_Raman_speciation.csv,30,HCO3-,303.15,0.3,0.8245,1.8278,mol_per_kg_source_basis,1.8278,mol/kg,,,not_reported,direct_positive,diagnostic_only,diagnostic_only,calibration_contextual,no,Wong2015|w=0.3|T=30,,,,Source kg denominator is not verified; normalized target conversion fails closed.,cheq_canon_00529,
Wong2015_point_031|HCO3-,speciation,Wong2015,data/reference/MEA/observations/liquid_speciation/Wong_2015_Raman_speciation.csv,31,HCO3-,303.15,0.3,0.9725,2.0581,mol_per_kg_source_basis,2.0581,mol/kg,,,not_reported,direct_positive,diagnostic_only,diagnostic_only,calibration_contextual,no,Wong2015|w=0.3|T=30,,,,Source kg denominator is not verified; normalized target conversion fails closed.,cheq_canon_00530,
Wong2015_point_032|HCO3-,speciation,Wong2015,data/reference/MEA/observations/liquid_speciation/Wong_2015_Raman_speciation.csv,32,HCO3-,303.15,0.3,1.0344,2.2525,mol_per_kg_source_basis,2.2525,mol/kg,,,not_reported,direct_positive,diagnostic_only,diagnostic_only,calibration_contextual,no,Wong2015|w=0.3|T=30,,,,Source kg denominator is not verified; normalized target conversion fails closed.,cheq_canon_00531,
Wong2015_point_033|HCO3-,speciation,Wong2015,data/reference/MEA/observations/liquid_speciation/Wong_2015_Raman_speciation.csv,33,HCO3-,303.15,0.3,1.1171,2.4997,mol_per_kg_source_basis,2.4997,mol/kg,,,not_reported,direct_positive,diagnostic_only,diagnostic_only,calibration_contextual,no,Wong2015|w=0.3|T=30,,,,Source kg denominator is not verified; normalized target conversion fails closed.,cheq_canon_00532,
Wong2015_point_034|HCO3-,speciation,Wong2015,data/reference/MEA/observations/liquid_speciation/Wong_2015_Raman_speciation.csv,34,HCO3-,303.15,0.3,1.1877,2.7132,mol_per_kg_source_basis,2.7132,mol/kg,,,not_reported,direct_positive,diagnostic_only,diagnostic_only,calibration_contextual,no,Wong2015|w=0.3|T=30,,,,Source kg denominator is not verified; normalized target conversion fails closed.,cheq_canon_00533,
Wong2015_point_035|MEAH+,speciation,Wong2015,data/reference/MEA/observations/liquid_speciation/Wong_2015_Raman_speciation.csv,35,MEAH+,303.15,0.3,0.0007,0.38563,mol_per_kg_source_basis,0.38563,mol/kg,,,not_reported,direct_positive,diagnostic_only,diagnostic_only,calibration_contextual,no,Wong2015|w=0.3|T=30,,,,Source kg denominator is not verified; normalized target conversion fails closed.,cheq_canon_00534,
Wong2015_point_036|MEAH+,speciation,Wong2015,data/reference/MEA/observations/liquid_speciation/Wong_2015_Raman_speciation.csv,36,MEAH+,303.15,0.3,0.1271,0.92589,mol_per_kg_source_basis,0.92589,mol/kg,,,not_reported,direct_positive,diagnostic_only,diagnostic_only,calibration_contextual,no,Wong2015|w=0.3|T=30,,,,Source kg denominator is not verified; normalized target conversion fails closed.,cheq_canon_00535,
Wong2015_point_037|MEAH+,speciation,Wong2015,data/reference/MEA/observations/liquid_speciation/Wong_2015_Raman_speciation.csv,37,MEAH+,303.15,0.3,0.2273,1.2895,mol_per_kg_source_basis,1.2895,mol/kg,,,not_reported,direct_positive,diagnostic_only,diagnostic_only,calibration_contextual,no,Wong2015|w=0.3|T=30,,,,Source kg denominator is not verified; normalized target conversion fails closed.,cheq_canon_00536,
Wong2015_point_038|MEAH+,speciation,Wong2015,data/reference/MEA/observations/liquid_speciation/Wong_2015_Raman_speciation.csv,38,MEAH+,303.15,0.3,0.3318,1.3139,mol_per_kg_source_basis,1.3139,mol/kg,,,not_reported,direct_positive,diagnostic_only,diagnostic_only,calibration_contextual,no,Wong2015|w=0.3|T=30,,,,Source kg denominator is not verified; normalized target conversion fails closed.,cheq_canon_00537,
Wong2015_point_039|MEAH+,speciation,Wong2015,data/reference/MEA/observations/liquid_speciation/Wong_2015_Raman_speciation.csv,39,MEAH+,303.15,0.3,0.4291,1.5597,mol_per_kg_source_basis,1.5597,mol/kg,,,not_reported,ambiguous,qa_pending,qa_pending,calibration_contextual,no,Wong2015|w=0.3|T=30,,,,Source kg denominator is not verified; normalized target conversion fails closed.,cheq_canon_00538,
Wong2015_point_040|MEAH+,speciation,Wong2015,data/reference/MEA/observations/liquid_speciation/Wong_2015_Raman_speciation.csv,40,MEAH+,303.15,0.3,0.5265,2.1766,mol_per_kg_source_basis,2.1766,mol/kg,,,not_reported,direct_positive,diagnostic_only,diagnostic_only,calibration_contextual,no,Wong2015|w=0.3|T=30,,,,Source kg denominator is not verified; normalized target conversion fails closed.,cheq_canon_00539,
Wong2015_point_041|MEAH+,speciation,Wong2015,data/reference/MEA/observations/liquid_speciation/Wong_2015_Raman_speciation.csv,41,MEAH+,303.15,0.3,0.6433,2.5577,mol_per_kg_source_basis,2.5577,mol/kg,,,not_reported,direct_positive,diagnostic_only,diagnostic_only,calibration_contextual,no,Wong2015|w=0.3|T=30,,,,Source kg denominator is not verified; normalized target conversion fails closed.,cheq_canon_00540,
Wong2015_point_042|MEAH+,speciation,Wong2015,data/reference/MEA/observations/liquid_speciation/Wong_2015_Raman_speciation.csv,42,MEAH+,303.15,0.3,0.7473,2.8217,mol_per_kg_source_basis,2.8217,mol/kg,,,not_reported,direct_positive,diagnostic_only,diagnostic_only,calibration_contextual,no,Wong2015|w=0.3|T=30,,,,Source kg denominator is not verified; normalized target conversion fails closed.,cheq_canon_00541,
Wong2015_point_043|MEAH+,speciation,Wong2015,data/reference/MEA/observations/liquid_speciation/Wong_2015_Raman_speciation.csv,43,MEAH+,303.15,0.3,0.8257,3.178,mol_per_kg_source_basis,3.178,mol/kg,,,not_reported,direct_positive,diagnostic_only,diagnostic_only,calibration_contextual,no,Wong2015|w=0.3|T=30,,,,Source kg denominator is not verified; normalized target conversion fails closed.,cheq_canon_00542,
Wong2015_point_044|MEAH+,speciation,Wong2015,data/reference/MEA/observations/liquid_speciation/Wong_2015_Raman_speciation.csv,44,MEAH+,303.15,0.3,0.9732,3.5636,mol_per_kg_source_basis,3.5636,mol/kg,,,not_reported,direct_positive,diagnostic_only,diagnostic_only,calibration_contextual,no,Wong2015|w=0.3|T=30,,,,Source kg denominator is not verified; normalized target conversion fails closed.,cheq_canon_00543,
Wong2015_point_045|MEAH+,speciation,Wong2015,data/reference/MEA/observations/liquid_speciation/Wong_2015_Raman_speciation.csv,45,MEAH+,303.15,0.3,1.0349,3.8524,mol_per_kg_source_basis,3.8524,mol/kg,,,not_reported,direct_positive,diagnostic_only,diagnostic_only,calibration_contextual,no,Wong2015|w=0.3|T=30,,,,Source kg denominator is not verified; normalized target conversion fails closed.,cheq_canon_00544,
Wong2015_point_046|MEAH+,speciation,Wong2015,data/reference/MEA/observations/liquid_speciation/Wong_2015_Raman_speciation.csv,46,MEAH+,303.15,0.3,1.1154,4.0081,mol_per_kg_source_basis,4.0081,mol/kg,,,not_reported,direct_positive,diagnostic_only,diagnostic_only,calibration_contextual,no,Wong2015|w=0.3|T=30,,,,Source kg denominator is not verified; normalized target conversion fails closed.,cheq_canon_00545,
Wong2015_point_047|MEAH+,speciation,Wong2015,data/reference/MEA/observations/liquid_speciation/Wong_2015_Raman_speciation.csv,47,MEAH+,303.15,0.3,1.186,4.2283,mol_per_kg_source_basis,4.2283,mol/kg,,,not_reported,direct_positive,diagnostic_only,diagnostic_only,calibration_contextual,no,Wong2015|w=0.3|T=30,,,,Source kg denominator is not verified; normalized target conversion fails closed.,cheq_canon_00546,
Wong2015_point_048|MEACOO-,speciation,Wong2015,data/reference/MEA/observations/liquid_speciation/Wong_2015_Raman_speciation.csv,48,MEACOO-,303.15,0.3,0.1266,0.65137,mol_per_kg_source_basis,0.65137,mol/kg,,,not_reported,direct_positive,diagnostic_only,diagnostic_only,calibration_contextual,no,Wong2015|w=0.3|T=30,,,,Source kg denominator is not verified; normalized target conversion fails closed.,cheq_canon_00547,
Wong2015_point_049|MEACOO-,speciation,Wong2015,data/reference/MEA/observations/liquid_speciation/Wong_2015_Raman_speciation.csv,49,MEACOO-,303.15,0.3,0.2287,1.0852,mol_per_kg_source_basis,1.0852,mol/kg,,,not_reported,ambiguous,qa_pending,qa_pending,calibration_contextual,no,Wong2015|w=0.3|T=30,,,,Source kg denominator is not verified; normalized target conversion fails closed.,cheq_canon_00548,
Wong2015_point_050|MEACOO-,speciation,Wong2015,data/reference/MEA/observations/liquid_speciation/Wong_2015_Raman_speciation.csv,50,MEACOO-,303.15,0.3,0.331,1.665,mol_per_kg_source_basis,1.665,mol/kg,,,not_reported,direct_positive,diagnostic_only,diagnostic_only,calibration_contextual,no,Wong2015|w=0.3|T=30,,,,Source kg denominator is not verified; normalized target conversion fails closed.,cheq_canon_00549,
Wong2015_point_051|MEACOO-,speciation,Wong2015,data/reference/MEA/observations/liquid_speciation/Wong_2015_Raman_speciation.csv,51,MEACOO-,303.15,0.3,0.4287,1.9742,mol_per_kg_source_basis,1.9742,mol/kg,,,not_reported,direct_positive,diagnostic_only,diagnostic_only,calibration_contextual,no,Wong2015|w=0.3|T=30,,,,Source kg denominator is not verified; normalized target conversion fails closed.,cheq_canon_00550,
Wong2015_point_052|MEACOO-,speciation,Wong2015,data/reference/MEA/observations/liquid_speciation/Wong_2015_Raman_speciation.csv,52,MEACOO-,303.15,0.3,0.527,1.6522,mol_per_kg_source_basis,1.6522,mol/kg,,,not_reported,direct_positive,diagnostic_only,diagnostic_only,calibration_contextual,no,Wong2015|w=0.3|T=30,,,,Source kg denominator is not verified; normalized target conversion fails closed.,cheq_canon_00551,
Wong2015_point_053|MEACOO-,speciation,Wong2015,data/reference/MEA/observations/liquid_speciation/Wong_2015_Raman_speciation.csv,53,MEACOO-,303.15,0.3,0.6433,1.5673,mol_per_kg_source_basis,1.5673,mol/kg,,,not_reported,direct_positive,diagnostic_only,diagnostic_only,calibration_contextual,no,Wong2015|w=0.3|T=30,,,,Source kg denominator is not verified; normalized target conversion fails closed.,cheq_canon_00552,
Wong2015_point_054|MEACOO-,speciation,Wong2015,data/reference/MEA/observations/liquid_speciation/Wong_2015_Raman_speciation.csv,54,MEACOO-,303.15,0.3,0.7469,1.4123,mol_per_kg_source_basis,1.4123,mol/kg,,,not_reported,direct_positive,diagnostic_only,diagnostic_only,calibration_contextual,no,Wong2015|w=0.3|T=30,,,,Source kg denominator is not verified; normalized target conversion fails closed.,cheq_canon_00553,
Wong2015_point_055|MEACOO-,speciation,Wong2015,data/reference/MEA/observations/liquid_speciation/Wong_2015_Raman_speciation.csv,55,MEACOO-,303.15,0.3,0.8243,1.2302,mol_per_kg_source_basis,1.2302,mol/kg,,,not_reported,direct_positive,diagnostic_only,diagnostic_only,calibration_contextual,no,Wong2015|w=0.3|T=30,,,,Source kg denominator is not verified; normalized target conversion fails closed.,cheq_canon_00554,
Wong2015_point_056|MEACOO-,speciation,Wong2015,data/reference/MEA/observations/liquid_speciation/Wong_2015_Raman_speciation.csv,56,MEACOO-,303.15,0.3,1.0347,0.84659,mol_per_kg_source_basis,0.84659,mol/kg,,,not_reported,direct_positive,diagnostic_only,diagnostic_only,calibration_contextual,no,Wong2015|w=0.3|T=30,,,,Source kg denominator is not verified; normalized target conversion fails closed.,cheq_canon_00555,
Wong2015_point_057|MEACOO-,speciation,Wong2015,data/reference/MEA/observations/liquid_speciation/Wong_2015_Raman_speciation.csv,57,MEACOO-,303.15,0.3,1.1165,0.69315,mol_per_kg_source_basis,0.69315,mol/kg,,,not_reported,direct_positive,diagnostic_only,diagnostic_only,calibration_contextual,no,Wong2015|w=0.3|T=30,,,,Source kg denominator is not verified; normalized target conversion fails closed.,cheq_canon_00556,
Wong2015_point_058|MEACOO-,speciation,Wong2015,data/reference/MEA/observations/liquid_speciation/Wong_2015_Raman_speciation.csv,58,MEACOO-,303.15,0.3,1.1877,0.56806,mol_per_kg_source_basis,0.56806,mol/kg,,,not_reported,direct_positive,diagnostic_only,diagnostic_only,calibration_contextual,no,Wong2015|w=0.3|T=30,,,,Source kg denominator is not verified; normalized target conversion fails closed.,cheq_canon_00557,
Wong2015_point_059|MEA,speciation,Wong2015,data/reference/MEA/observations/liquid_speciation/Wong_2015_Raman_speciation.csv,59,MEA,303.15,0.3,0.0006,4.5748,mol_per_kg_source_basis,4.5748,mol/kg,,,not_reported,direct_positive,diagnostic_only,diagnostic_only,calibration_contextual,no,Wong2015|w=0.3|T=30,,,,Source kg denominator is not verified; normalized target conversion fails closed.,cheq_canon_00558,
Wong2015_point_060|MEA,speciation,Wong2015,data/reference/MEA/observations/liquid_speciation/Wong_2015_Raman_speciation.csv,60,MEA,303.15,0.3,0.1267,3.4856,mol_per_kg_source_basis,3.4856,mol/kg,,,not_reported,direct_positive,diagnostic_only,diagnostic_only,calibration_contextual,no,Wong2015|w=0.3|T=30,,,,Source kg denominator is not verified; normalized target conversion fails closed.,cheq_canon_00559,
Wong2015_point_061|MEA,speciation,Wong2015,data/reference/MEA/observations/liquid_speciation/Wong_2015_Raman_speciation.csv,61,MEA,303.15,0.3,0.2286,2.6923,mol_per_kg_source_basis,2.6923,mol/kg,,,not_reported,direct_positive,diagnostic_only,diagnostic_only,calibration_contextual,no,Wong2015|w=0.3|T=30,,,,Source kg denominator is not verified; normalized target conversion fails closed.,cheq_canon_00560,
Wong2015_point_062|MEA,speciation,Wong2015,data/reference/MEA/observations/liquid_speciation/Wong_2015_Raman_speciation.csv,62,MEA,303.15,0.3,0.3312,2.1189,mol_per_kg_source_basis,2.1189,mol/kg,,,not_reported,direct_positive,diagnostic_only,diagnostic_only,calibration_contextual,no,Wong2015|w=0.3|T=30,,,,Source kg denominator is not verified; normalized target conversion fails closed.,cheq_canon_00561,
Wong2015_point_063|MEA,speciation,Wong2015,data/reference/MEA/observations/liquid_speciation/Wong_2015_Raman_speciation.csv,63,MEA,303.15,0.3,0.429,1.5255,mol_per_kg_source_basis,1.5255,mol/kg,,,not_reported,ambiguous,qa_pending,qa_pending,calibration_contextual,no,Wong2015|w=0.3|T=30,,,,Source kg denominator is not verified; normalized target conversion fails closed.,cheq_canon_00562,
Wong2015_point_064|MEA,speciation,Wong2015,data/reference/MEA/observations/liquid_speciation/Wong_2015_Raman_speciation.csv,64,MEA,303.15,0.3,0.5268,1.2135,mol_per_kg_source_basis,1.2135,mol/kg,,,not_reported,direct_positive,diagnostic_only,diagnostic_only,calibration_contextual,no,Wong2015|w=0.3|T=30,,,,Source kg denominator is not verified; normalized target conversion fails closed.,cheq_canon_00563,
Wong2015_point_065|MEA,speciation,Wong2015,data/reference/MEA/observations/liquid_speciation/Wong_2015_Raman_speciation.csv,65,MEA,303.15,0.3,0.6432,0.92819,mol_per_kg_source_basis,0.92819,mol/kg,,,not_reported,direct_positive,diagnostic_only,diagnostic_only,calibration_contextual,no,Wong2015|w=0.3|T=30,,,,Source kg denominator is not verified; normalized target conversion fails closed.,cheq_canon_00564,
Wong2015_point_066|MEA,speciation,Wong2015,data/reference/MEA/observations/liquid_speciation/Wong_2015_Raman_speciation.csv,66,MEA,303.15,0.3,0.7469,0.81682,mol_per_kg_source_basis,0.81682,mol/kg,,,not_reported,direct_positive,diagnostic_only,diagnostic_only,calibration_contextual,no,Wong2015|w=0.3|T=30,,,,Source kg denominator is not verified; normalized target conversion fails closed.,cheq_canon_00565,
Wong2015_point_067|MEA,speciation,Wong2015,data/reference/MEA/observations/liquid_speciation/Wong_2015_Raman_speciation.csv,67,MEA,303.15,0.3,0.8225,0.70629,mol_per_kg_source_basis,0.70629,mol/kg,,,not_reported,ambiguous,qa_pending,qa_pending,calibration_contextual,no,Wong2015|w=0.3|T=30,,,,Source kg denominator is not verified; normalized target conversion fails closed.,cheq_canon_00566,
Wong2015_point_068|MEA,speciation,Wong2015,data/reference/MEA/observations/liquid_speciation/Wong_2015_Raman_speciation.csv,68,MEA,303.15,0.3,0.9727,0.46313,mol_per_kg_source_basis,0.46313,mol/kg,,,not_reported,direct_positive,diagnostic_only,diagnostic_only,calibration_contextual,no,Wong2015|w=0.3|T=30,,,,Source kg denominator is not verified; normalized target conversion fails closed.,cheq_canon_00567,
Wong2015_point_069|MEA,speciation,Wong2015,data/reference/MEA/observations/liquid_speciation/Wong_2015_Raman_speciation.csv,69,MEA,303.15,0.3,1.0348,0.3471,mol_per_kg_source_basis,0.3471,mol/kg,,,not_reported,direct_positive,diagnostic_only,diagnostic_only,calibration_contextual,no,Wong2015|w=0.3|T=30,,,,Source kg denominator is not verified; normalized target conversion fails closed.,cheq_canon_00568,
Wong2015_point_070|MEA,speciation,Wong2015,data/reference/MEA/observations/liquid_speciation/Wong_2015_Raman_speciation.csv,70,MEA,303.15,0.3,1.1172,0.23648,mol_per_kg_source_basis,0.23648,mol/kg,,,not_reported,direct_positive,diagnostic_only,diagnostic_only,calibration_contextual,no,Wong2015|w=0.3|T=30,,,,Source kg denominator is not verified; normalized target conversion fails closed.,cheq_canon_00569,
Wong2015_point_071|MEA,speciation,Wong2015,data/reference/MEA/observations/liquid_speciation/Wong_2015_Raman_speciation.csv,71,MEA,303.15,0.3,1.1879,0.10561,mol_per_kg_source_basis,0.10561,mol/kg,,,not_reported,direct_positive,diagnostic_only,diagnostic_only,calibration_contextual,no,Wong2015|w=0.3|T=30,,,,Source kg denominator is not verified; normalized target conversion fails closed.,cheq_canon_00570,
Bottinger2008_state_001|2-OXA,speciation,Bottinger2008,data/reference/MEA/observations/liquid_speciation/Bottinger_2007_ChEq.csv,1,2-OXA,293.15,0.2,0.228,0,mole_fraction,0,mole_fraction,,,not_reported,source_context_only,diagnostic_only,diagnostic_only,contextual,no,Bottinger2008|w=0.2|T=20,,,,Source-context byproduct; no model component or residual.,cheq_canon_00571,
Bottinger2008_state_002|2-OXA,speciation,Bottinger2008,data/reference/MEA/observations/liquid_speciation/Bottinger_2007_ChEq.csv,2,2-OXA,293.15,0.2,0.267,0,mole_fraction,0,mole_fraction,,,not_reported,source_context_only,diagnostic_only,diagnostic_only,contextual,no,Bottinger2008|w=0.2|T=20,,,,Source-context byproduct; no model component or residual.,cheq_canon_00572,
Bottinger2008_state_003|2-OXA,speciation,Bottinger2008,data/reference/MEA/observations/liquid_speciation/Bottinger_2007_ChEq.csv,3,2-OXA,293.15,0.2,0.332,0,mole_fraction,0,mole_fraction,,,not_reported,source_context_only,diagnostic_only,diagnostic_only,contextual,no,Bottinger2008|w=0.2|T=20,,,,Source-context byproduct; no model component or residual.,cheq_canon_00573,
Bottinger2008_state_004|2-OXA,speciation,Bottinger2008,data/reference/MEA/observations/liquid_speciation/Bottinger_2007_ChEq.csv,4,2-OXA,293.15,0.2,0.474,0,mole_fraction,0,mole_fraction,,,not_reported,source_context_only,diagnostic_only,diagnostic_only,contextual,no,Bottinger2008|w=0.2|T=20,,,,Source-context byproduct; no model component or residual.,cheq_canon_00574,
Bottinger2008_state_005|2-OXA,speciation,Bottinger2008,data/reference/MEA/observations/liquid_speciation/Bottinger_2007_ChEq.csv,5,2-OXA,293.15,0.2,0.542,0,mole_fraction,0,mole_fraction,,,not_reported,source_context_only,diagnostic_only,diagnostic_only,contextual,no,Bottinger2008|w=0.2|T=20,,,,Source-context byproduct; no model component or residual.,cheq_canon_00575,
Bottinger2008_state_006|2-OXA,speciation,Bottinger2008,data/reference/MEA/observations/liquid_speciation/Bottinger_2007_ChEq.csv,6,2-OXA,293.15,0.2,0.756,0.0011,mole_fraction,0.0011,mole_fraction,,,not_reported,source_context_only,diagnostic_only,diagnostic_only,contextual,no,Bottinger2008|w=0.2|T=20,,,,Source-context byproduct; no model component or residual.,cheq_canon_00576,
Bottinger2008_state_007|2-OXA,speciation,Bottinger2008,data/reference/MEA/observations/liquid_speciation/Bottinger_2007_ChEq.csv,7,2-OXA,293.15,0.2,0.89,0.0018,mole_fraction,0.0018,mole_fraction,,,not_reported,source_context_only,diagnostic_only,diagnostic_only,contextual,no,Bottinger2008|w=0.2|T=20,,,,Source-context byproduct; no model component or residual.,cheq_canon_00577,
Bottinger2008_state_008|2-OXA,speciation,Bottinger2008,data/reference/MEA/observations/liquid_speciation/Bottinger_2007_ChEq.csv,8,2-OXA,293.15,0.2,1.074,0.0022,mole_fraction,0.0022,mole_fraction,,,not_reported,source_context_only,diagnostic_only,diagnostic_only,contextual,no,Bottinger2008|w=0.2|T=20,,,,Source-context byproduct; no model component or residual.,cheq_canon_00578,
Bottinger2008_state_009|2-OXA,speciation,Bottinger2008,data/reference/MEA/observations/liquid_speciation/Bottinger_2007_ChEq.csv,9,2-OXA,313.15,0.195,0.099,0,mole_fraction,0,mole_fraction,,,not_reported,source_context_only,diagnostic_only,diagnostic_only,contextual,no,Bottinger2008|w=0.195|T=40,,,,Source-context byproduct; no model component or residual.,cheq_canon_00579,
Bottinger2008_state_010|2-OXA,speciation,Bottinger2008,data/reference/MEA/observations/liquid_speciation/Bottinger_2007_ChEq.csv,10,2-OXA,313.15,0.195,0.197,0,mole_fraction,0,mole_fraction,,,not_reported,source_context_only,diagnostic_only,diagnostic_only,contextual,no,Bottinger2008|w=0.195|T=40,,,,Source-context byproduct; no model component or residual.,cheq_canon_00580,
Bottinger2008_state_011|2-OXA,speciation,Bottinger2008,data/reference/MEA/observations/liquid_speciation/Bottinger_2007_ChEq.csv,11,2-OXA,313.15,0.195,0.282,0,mole_fraction,0,mole_fraction,,,not_reported,source_context_only,diagnostic_only,diagnostic_only,contextual,no,Bottinger2008|w=0.195|T=40,,,,Source-context byproduct; no model component or residual.,cheq_canon_00581,
Bottinger2008_state_012|2-OXA,speciation,Bottinger2008,data/reference/MEA/observations/liquid_speciation/Bottinger_2007_ChEq.csv,12,2-OXA,313.15,0.195,0.437,0,mole_fraction,0,mole_fraction,,,not_reported,source_context_only,diagnostic_only,diagnostic_only,contextual,no,Bottinger2008|w=0.195|T=40,,,,Source-context byproduct; no model component or residual.,cheq_canon_00582,
Bottinger2008_state_013|2-OXA,speciation,Bottinger2008,data/reference/MEA/observations/liquid_speciation/Bottinger_2007_ChEq.csv,13,2-OXA,313.15,0.195,0.509,0,mole_fraction,0,mole_fraction,,,not_reported,source_context_only,diagnostic_only,diagnostic_only,contextual,no,Bottinger2008|w=0.195|T=40,,,,Source-context byproduct; no model component or residual.,cheq_canon_00583,
Bottinger2008_state_014|2-OXA,speciation,Bottinger2008,data/reference/MEA/observations/liquid_speciation/Bottinger_2007_ChEq.csv,14,2-OXA,313.15,0.195,0.543,0,mole_fraction,0,mole_fraction,,,not_reported,source_context_only,diagnostic_only,diagnostic_only,contextual,no,Bottinger2008|w=0.195|T=40,,,,Source-context byproduct; no model component or residual.,cheq_canon_00584,
Bottinger2008_state_015|2-OXA,speciation,Bottinger2008,data/reference/MEA/observations/liquid_speciation/Bottinger_2007_ChEq.csv,15,2-OXA,313.15,0.195,0.553,0,mole_fraction,0,mole_fraction,,,not_reported,source_context_only,diagnostic_only,diagnostic_only,contextual,no,Bottinger2008|w=0.195|T=40,,,,Source-context byproduct; no model component or residual.,cheq_canon_00585,
Bottinger2008_state_016|2-OXA,speciation,Bottinger2008,data/reference/MEA/observations/liquid_speciation/Bottinger_2007_ChEq.csv,16,2-OXA,313.15,0.195,0.606,0,mole_fraction,0,mole_fraction,,,not_reported,source_context_only,diagnostic_only,diagnostic_only,contextual,no,Bottinger2008|w=0.195|T=40,,,,Source-context byproduct; no model component or residual.,cheq_canon_00586,
Bottinger2008_state_017|2-OXA,speciation,Bottinger2008,data/reference/MEA/observations/liquid_speciation/Bottinger_2007_ChEq.csv,17,2-OXA,313.15,0.195,0.695,0.0015,mole_fraction,0.0015,mole_fraction,,,not_reported,source_context_only,diagnostic_only,diagnostic_only,contextual,no,Bottinger2008|w=0.195|T=40,,,,Source-context byproduct; no model component or residual.,cheq_canon_00587,
Bottinger2008_state_018|2-OXA,speciation,Bottinger2008,data/reference/MEA/observations/liquid_speciation/Bottinger_2007_ChEq.csv,18,2-OXA,313.15,0.195,0.833,0.0014,mole_fraction,0.0014,mole_fraction,,,not_reported,source_context_only,diagnostic_only,diagnostic_only,contextual,no,Bottinger2008|w=0.195|T=40,,,,Source-context byproduct; no model component or residual.,cheq_canon_00588,
Bottinger2008_state_019|2-OXA,speciation,Bottinger2008,data/reference/MEA/observations/liquid_speciation/Bottinger_2007_ChEq.csv,19,2-OXA,333.15,0.203,0.134,0,mole_fraction,0,mole_fraction,,,not_reported,source_context_only,diagnostic_only,diagnostic_only,contextual,no,Bottinger2008|w=0.203|T=60,,,,Source-context byproduct; no model component or residual.,cheq_canon_00589,
Bottinger2008_state_020|2-OXA,speciation,Bottinger2008,data/reference/MEA/observations/liquid_speciation/Bottinger_2007_ChEq.csv,20,2-OXA,333.15,0.203,0.249,0,mole_fraction,0,mole_fraction,,,not_reported,source_context_only,diagnostic_only,diagnostic_only,contextual,no,Bottinger2008|w=0.203|T=60,,,,Source-context byproduct; no model component or residual.,cheq_canon_00590,
Bottinger2008_state_021|2-OXA,speciation,Bottinger2008,data/reference/MEA/observations/liquid_speciation/Bottinger_2007_ChEq.csv,21,2-OXA,333.15,0.203,0.317,0,mole_fraction,0,mole_fraction,,,not_reported,source_context_only,diagnostic_only,diagnostic_only,contextual,no,Bottinger2008|w=0.203|T=60,,,,Source-context byproduct; no model component or residual.,cheq_canon_00591,
Bottinger2008_state_022|2-OXA,speciation,Bottinger2008,data/reference/MEA/observations/liquid_speciation/Bottinger_2007_ChEq.csv,22,2-OXA,333.15,0.203,0.369,0,mole_fraction,0,mole_fraction,,,not_reported,source_context_only,diagnostic_only,diagnostic_only,contextual,no,Bottinger2008|w=0.203|T=60,,,,Source-context byproduct; no model component or residual.,cheq_canon_00592,
Bottinger2008_state_023|2-OXA,speciation,Bottinger2008,data/reference/MEA/observations/liquid_speciation/Bottinger_2007_ChEq.csv,23,2-OXA,333.15,0.203,0.437,0,mole_fraction,0,mole_fraction,,,not_reported,source_context_only,diagnostic_only,diagnostic_only,contextual,no,Bottinger2008|w=0.203|T=60,,,,Source-context byproduct; no model component or residual.,cheq_canon_00593,
Bottinger2008_state_024|2-OXA,speciation,Bottinger2008,data/reference/MEA/observations/liquid_speciation/Bottinger_2007_ChEq.csv,24,2-OXA,353.15,0.195,0.054,0,mole_fraction,0,mole_fraction,,,not_reported,source_context_only,diagnostic_only,diagnostic_only,contextual,no,Bottinger2008|w=0.195|T=80,,,,Source-context byproduct; no model component or residual.,cheq_canon_00594,
Bottinger2008_state_025|2-OXA,speciation,Bottinger2008,data/reference/MEA/observations/liquid_speciation/Bottinger_2007_ChEq.csv,25,2-OXA,353.15,0.195,0.11,0,mole_fraction,0,mole_fraction,,,not_reported,source_context_only,diagnostic_only,diagnostic_only,contextual,no,Bottinger2008|w=0.195|T=80,,,,Source-context byproduct; no model component or residual.,cheq_canon_00595,
Bottinger2008_state_026|2-OXA,speciation,Bottinger2008,data/reference/MEA/observations/liquid_speciation/Bottinger_2007_ChEq.csv,26,2-OXA,353.15,0.195,0.262,0,mole_fraction,0,mole_fraction,,,not_reported,source_context_only,diagnostic_only,diagnostic_only,contextual,no,Bottinger2008|w=0.195|T=80,,,,Source-context byproduct; no model component or residual.,cheq_canon_00596,
Bottinger2008_state_027|2-OXA,speciation,Bottinger2008,data/reference/MEA/observations/liquid_speciation/Bottinger_2007_ChEq.csv,27,2-OXA,353.15,0.195,0.324,0,mole_fraction,0,mole_fraction,,,not_reported,source_context_only,diagnostic_only,diagnostic_only,contextual,no,Bottinger2008|w=0.195|T=80,,,,Source-context byproduct; no model component or residual.,cheq_canon_00597,
Bottinger2008_state_028|2-OXA,speciation,Bottinger2008,data/reference/MEA/observations/liquid_speciation/Bottinger_2007_ChEq.csv,28,2-OXA,353.15,0.195,0.472,0,mole_fraction,0,mole_fraction,,,not_reported,source_context_only,diagnostic_only,diagnostic_only,contextual,no,Bottinger2008|w=0.195|T=80,,,,Source-context byproduct; no model component or residual.,cheq_canon_00598,
Bottinger2008_state_029|2-OXA,speciation,Bottinger2008,data/reference/MEA/observations/liquid_speciation/Bottinger_2007_ChEq.csv,29,2-OXA,353.15,0.195,0.576,0.0057,mole_fraction,0.0057,mole_fraction,,,not_reported,source_context_only,diagnostic_only,diagnostic_only,contextual,no,Bottinger2008|w=0.195|T=80,,,,Source-context byproduct; no model component or residual.,cheq_canon_00599,
Bottinger2008_state_030|2-OXA,speciation,Bottinger2008,data/reference/MEA/observations/liquid_speciation/Bottinger_2007_ChEq.csv,30,2-OXA,293.15,0.3,0.075,0,mole_fraction,0,mole_fraction,,,not_reported,source_context_only,diagnostic_only,diagnostic_only,contextual,no,Bottinger2008|w=0.3|T=20,,,,Source-context byproduct; no model component or residual.,cheq_canon_00600,
Bottinger2008_state_031|2-OXA,speciation,Bottinger2008,data/reference/MEA/observations/liquid_speciation/Bottinger_2007_ChEq.csv,31,2-OXA,293.15,0.3,0.15,0,mole_fraction,0,mole_fraction,,,not_reported,source_context_only,diagnostic_only,diagnostic_only,contextual,no,Bottinger2008|w=0.3|T=20,,,,Source-context byproduct; no model component or residual.,cheq_canon_00601,
Bottinger2008_state_032|2-OXA,speciation,Bottinger2008,data/reference/MEA/observations/liquid_speciation/Bottinger_2007_ChEq.csv,32,2-OXA,293.15,0.3,0.235,0,mole_fraction,0,mole_fraction,,,not_reported,source_context_only,diagnostic_only,diagnostic_only,contextual,no,Bottinger2008|w=0.3|T=20,,,,Source-context byproduct; no model component or residual.,cheq_canon_00602,
Bottinger2008_state_033|2-OXA,speciation,Bottinger2008,data/reference/MEA/observations/liquid_speciation/Bottinger_2007_ChEq.csv,33,2-OXA,293.15,0.3,0.309,0,mole_fraction,0,mole_fraction,,,not_reported,source_context_only,diagnostic_only,diagnostic_only,contextual,no,Bottinger2008|w=0.3|T=20,,,,Source-context byproduct; no model component or residual.,cheq_canon_00603,
Bottinger2008_state_034|2-OXA,speciation,Bottinger2008,data/reference/MEA/observations/liquid_speciation/Bottinger_2007_ChEq.csv,34,2-OXA,293.15,0.3,0.388,0,mole_fraction,0,mole_fraction,,,not_reported,source_context_only,diagnostic_only,diagnostic_only,contextual,no,Bottinger2008|w=0.3|T=20,,,,Source-context byproduct; no model component or residual.,cheq_canon_00604,
Bottinger2008_state_035|2-OXA,speciation,Bottinger2008,data/reference/MEA/observations/liquid_speciation/Bottinger_2007_ChEq.csv,35,2-OXA,293.15,0.3,0.474,0,mole_fraction,0,mole_fraction,,,not_reported,source_context_only,diagnostic_only,diagnostic_only,contextual,no,Bottinger2008|w=0.3|T=20,,,,Source-context byproduct; no model component or residual.,cheq_canon_00605,
Bottinger2008_state_036|2-OXA,speciation,Bottinger2008,data/reference/MEA/observations/liquid_speciation/Bottinger_2007_ChEq.csv,36,2-OXA,293.15,0.3,0.524,0.0004,mole_fraction,0.0004,mole_fraction,,,not_reported,source_context_only,diagnostic_only,diagnostic_only,contextual,no,Bottinger2008|w=0.3|T=20,,,,Source-context byproduct; no model component or residual.,cheq_canon_00606,
Bottinger2008_state_037|2-OXA,speciation,Bottinger2008,data/reference/MEA/observations/liquid_speciation/Bottinger_2007_ChEq.csv,37,2-OXA,293.15,0.3,0.609,0.001,mole_fraction,0.001,mole_fraction,,,not_reported,source_context_only,diagnostic_only,diagnostic_only,contextual,no,Bottinger2008|w=0.3|T=20,,,,Source-context byproduct; no model component or residual.,cheq_canon_00607,
Bottinger2008_state_038|2-OXA,speciation,Bottinger2008,data/reference/MEA/observations/liquid_speciation/Bottinger_2007_ChEq.csv,38,2-OXA,293.15,0.3,0.704,0.0016,mole_fraction,0.0016,mole_fraction,,,not_reported,source_context_only,diagnostic_only,diagnostic_only,contextual,no,Bottinger2008|w=0.3|T=20,,,,Source-context byproduct; no model component or residual.,cheq_canon_00608,
Bottinger2008_state_039|2-OXA,speciation,Bottinger2008,data/reference/MEA/observations/liquid_speciation/Bottinger_2007_ChEq.csv,39,2-OXA,293.15,0.3,0.832,0.0031,mole_fraction,0.0031,mole_fraction,,,not_reported,source_context_only,diagnostic_only,diagnostic_only,contextual,no,Bottinger2008|w=0.3|T=20,,,,Source-context byproduct; no model component or residual.,cheq_canon_00609,
Bottinger2008_state_040|2-OXA,speciation,Bottinger2008,data/reference/MEA/observations/liquid_speciation/Bottinger_2007_ChEq.csv,40,2-OXA,293.15,0.3,0.929,0.0043,mole_fraction,0.0043,mole_fraction,,,not_reported,source_context_only,diagnostic_only,diagnostic_only,contextual,no,Bottinger2008|w=0.3|T=20,,,,Source-context byproduct; no model component or residual.,cheq_canon_00610,
Bottinger2008_state_041|2-OXA,speciation,Bottinger2008,data/reference/MEA/observations/liquid_speciation/Bottinger_2007_ChEq.csv,41,2-OXA,293.15,0.3,0.974,0.0043,mole_fraction,0.0043,mole_fraction,,,not_reported,source_context_only,diagnostic_only,diagnostic_only,contextual,no,Bottinger2008|w=0.3|T=20,,,,Source-context byproduct; no model component or residual.,cheq_canon_00611,
Bottinger2008_state_042|2-OXA,speciation,Bottinger2008,data/reference/MEA/observations/liquid_speciation/Bottinger_2007_ChEq.csv,42,2-OXA,313.15,0.3,0.125,0,mole_fraction,0,mole_fraction,,,not_reported,source_context_only,diagnostic_only,diagnostic_only,contextual,no,Bottinger2008|w=0.3|T=40,,,,Source-context byproduct; no model component or residual.,cheq_canon_00612,
Bottinger2008_state_043|2-OXA,speciation,Bottinger2008,data/reference/MEA/observations/liquid_speciation/Bottinger_2007_ChEq.csv,43,2-OXA,313.15,0.3,0.205,0,mole_fraction,0,mole_fraction,,,not_reported,source_context_only,diagnostic_only,diagnostic_only,contextual,no,Bottinger2008|w=0.3|T=40,,,,Source-context byproduct; no model component or residual.,cheq_canon_00613,
Bottinger2008_state_044|2-OXA,speciation,Bottinger2008,data/reference/MEA/observations/liquid_speciation/Bottinger_2007_ChEq.csv,44,2-OXA,313.15,0.3,0.236,0,mole_fraction,0,mole_fraction,,,not_reported,source_context_only,diagnostic_only,diagnostic_only,contextual,no,Bottinger2008|w=0.3|T=40,,,,Source-context byproduct; no model component or residual.,cheq_canon_00614,
Bottinger2008_state_045|2-OXA,speciation,Bottinger2008,data/reference/MEA/observations/liquid_speciation/Bottinger_2007_ChEq.csv,45,2-OXA,313.15,0.3,0.28,0,mole_fraction,0,mole_fraction,,,not_reported,source_context_only,diagnostic_only,diagnostic_only,contextual,no,Bottinger2008|w=0.3|T=40,,,,Source-context byproduct; no model component or residual.,cheq_canon_00615,
Bottinger2008_state_046|2-OXA,speciation,Bottinger2008,data/reference/MEA/observations/liquid_speciation/Bottinger_2007_ChEq.csv,46,2-OXA,313.15,0.3,0.343,0,mole_fraction,0,mole_fraction,,,not_reported,source_context_only,diagnostic_only,diagnostic_only,contextual,no,Bottinger2008|w=0.3|T=40,,,,Source-context byproduct; no model component or residual.,cheq_canon_00616,
Bottinger2008_state_047|2-OXA,speciation,Bottinger2008,data/reference/MEA/observations/liquid_speciation/Bottinger_2007_ChEq.csv,47,2-OXA,313.15,0.3,0.354,0,mole_fraction,0,mole_fraction,,,not_reported,source_context_only,diagnostic_only,diagnostic_only,contextual,no,Bottinger2008|w=0.3|T=40,,,,Source-context byproduct; no model component or residual.,cheq_canon_00617,
Bottinger2008_state_048|2-OXA,speciation,Bottinger2008,data/reference/MEA/observations/liquid_speciation/Bottinger_2007_ChEq.csv,48,2-OXA,313.15,0.3,0.46,0,mole_fraction,0,mole_fraction,,,not_reported,source_context_only,diagnostic_only,diagnostic_only,contextual,no,Bottinger2008|w=0.3|T=40,,,,Source-context byproduct; no model component or residual.,cheq_canon_00618,
Bottinger2008_state_049|2-OXA,speciation,Bottinger2008,data/reference/MEA/observations/liquid_speciation/Bottinger_2007_ChEq.csv,49,2-OXA,313.15,0.3,0.466,0,mole_fraction,0,mole_fraction,,,not_reported,source_context_only,diagnostic_only,diagnostic_only,contextual,no,Bottinger2008|w=0.3|T=40,,,,Source-context byproduct; no model component or residual.,cheq_canon_00619,
Bottinger2008_state_050|2-OXA,speciation,Bottinger2008,data/reference/MEA/observations/liquid_speciation/Bottinger_2007_ChEq.csv,50,2-OXA,313.15,0.3,0.487,0,mole_fraction,0,mole_fraction,,,not_reported,source_context_only,diagnostic_only,diagnostic_only,contextual,no,Bottinger2008|w=0.3|T=40,,,,Source-context byproduct; no model component or residual.,cheq_canon_00620,
Bottinger2008_state_051|2-OXA,speciation,Bottinger2008,data/reference/MEA/observations/liquid_speciation/Bottinger_2007_ChEq.csv,51,2-OXA,313.15,0.3,0.508,0,mole_fraction,0,mole_fraction,,,not_reported,source_context_only,diagnostic_only,diagnostic_only,contextual,no,Bottinger2008|w=0.3|T=40,,,,Source-context byproduct; no model component or residual.,cheq_canon_00621,
Bottinger2008_state_052|2-OXA,speciation,Bottinger2008,data/reference/MEA/observations/liquid_speciation/Bottinger_2007_ChEq.csv,52,2-OXA,313.15,0.3,0.663,0.0033,mole_fraction,0.0033,mole_fraction,,,not_reported,source_context_only,diagnostic_only,diagnostic_only,contextual,no,Bottinger2008|w=0.3|T=40,,,,Source-context byproduct; no model component or residual.,cheq_canon_00622,
Bottinger2008_state_053|2-OXA,speciation,Bottinger2008,data/reference/MEA/observations/liquid_speciation/Bottinger_2007_ChEq.csv,53,2-OXA,313.15,0.3,0.683,0.0016,mole_fraction,0.0016,mole_fraction,,,not_reported,source_context_only,diagnostic_only,diagnostic_only,contextual,no,Bottinger2008|w=0.3|T=40,,,,Source-context byproduct; no model component or residual.,cheq_canon_00623,
Bottinger2008_state_054|2-OXA,speciation,Bottinger2008,data/reference/MEA/observations/liquid_speciation/Bottinger_2007_ChEq.csv,54,2-OXA,313.15,0.3,0.762,0.0033,mole_fraction,0.0033,mole_fraction,,,not_reported,source_context_only,diagnostic_only,diagnostic_only,contextual,no,Bottinger2008|w=0.3|T=40,,,,Source-context byproduct; no model component or residual.,cheq_canon_00624,
Bottinger2008_state_055|2-OXA,speciation,Bottinger2008,data/reference/MEA/observations/liquid_speciation/Bottinger_2007_ChEq.csv,55,2-OXA,333.15,0.3,0.131,0,mole_fraction,0,mole_fraction,,,not_reported,source_context_only,diagnostic_only,diagnostic_only,contextual,no,Bottinger2008|w=0.3|T=60,,,,Source-context byproduct; no model component or residual.,cheq_canon_00625,
Bottinger2008_state_056|2-OXA,speciation,Bottinger2008,data/reference/MEA/observations/liquid_speciation/Bottinger_2007_ChEq.csv,56,2-OXA,333.15,0.3,0.203,0,mole_fraction,0,mole_fraction,,,not_reported,source_context_only,diagnostic_only,diagnostic_only,contextual,no,Bottinger2008|w=0.3|T=60,,,,Source-context byproduct; no model component or residual.,cheq_canon_00626,
Bottinger2008_state_057|2-OXA,speciation,Bottinger2008,data/reference/MEA/observations/liquid_speciation/Bottinger_2007_ChEq.csv,57,2-OXA,333.15,0.3,0.277,0,mole_fraction,0,mole_fraction,,,not_reported,source_context_only,diagnostic_only,diagnostic_only,contextual,no,Bottinger2008|w=0.3|T=60,,,,Source-context byproduct; no model component or residual.,cheq_canon_00627,
Bottinger2008_state_058|2-OXA,speciation,Bottinger2008,data/reference/MEA/observations/liquid_speciation/Bottinger_2007_ChEq.csv,58,2-OXA,333.15,0.3,0.415,0,mole_fraction,0,mole_fraction,,,not_reported,source_context_only,diagnostic_only,diagnostic_only,contextual,no,Bottinger2008|w=0.3|T=60,,,,Source-context byproduct; no model component or residual.,cheq_canon_00628,
Bottinger2008_state_059|2-OXA,speciation,Bottinger2008,data/reference/MEA/observations/liquid_speciation/Bottinger_2007_ChEq.csv,59,2-OXA,333.15,0.3,0.489,0,mole_fraction,0,mole_fraction,,,not_reported,source_context_only,diagnostic_only,diagnostic_only,contextual,no,Bottinger2008|w=0.3|T=60,,,,Source-context byproduct; no model component or residual.,cheq_canon_00629,
Bottinger2008_state_060|2-OXA,speciation,Bottinger2008,data/reference/MEA/observations/liquid_speciation/Bottinger_2007_ChEq.csv,60,2-OXA,333.15,0.3,0.559,0,mole_fraction,0,mole_fraction,,,not_reported,source_context_only,diagnostic_only,diagnostic_only,contextual,no,Bottinger2008|w=0.3|T=60,,,,Source-context byproduct; no model component or residual.,cheq_canon_00630,
Bottinger2008_state_061|2-OXA,speciation,Bottinger2008,data/reference/MEA/observations/liquid_speciation/Bottinger_2007_ChEq.csv,61,2-OXA,333.15,0.3,0.613,0.003,mole_fraction,0.003,mole_fraction,,,not_reported,source_context_only,diagnostic_only,diagnostic_only,contextual,no,Bottinger2008|w=0.3|T=60,,,,Source-context byproduct; no model component or residual.,cheq_canon_00631,
Bottinger2008_state_062|2-OXA,speciation,Bottinger2008,data/reference/MEA/observations/liquid_speciation/Bottinger_2007_ChEq.csv,62,2-OXA,333.15,0.3,0.766,0.0036,mole_fraction,0.0036,mole_fraction,,,not_reported,source_context_only,diagnostic_only,diagnostic_only,contextual,no,Bottinger2008|w=0.3|T=60,,,,Source-context byproduct; no model component or residual.,cheq_canon_00632,
Bottinger2008_state_063|2-OXA,speciation,Bottinger2008,data/reference/MEA/observations/liquid_speciation/Bottinger_2007_ChEq.csv,63,2-OXA,353.15,0.31,0.064,0,mole_fraction,0,mole_fraction,,,not_reported,source_context_only,diagnostic_only,diagnostic_only,contextual,no,Bottinger2008|w=0.31|T=80,,,,Source-context byproduct; no model component or residual.,cheq_canon_00633,
Bottinger2008_state_064|2-OXA,speciation,Bottinger2008,data/reference/MEA/observations/liquid_speciation/Bottinger_2007_ChEq.csv,64,2-OXA,353.15,0.31,0.141,0,mole_fraction,0,mole_fraction,,,not_reported,source_context_only,diagnostic_only,diagnostic_only,contextual,no,Bottinger2008|w=0.31|T=80,,,,Source-context byproduct; no model component or residual.,cheq_canon_00634,
Bottinger2008_state_065|2-OXA,speciation,Bottinger2008,data/reference/MEA/observations/liquid_speciation/Bottinger_2007_ChEq.csv,65,2-OXA,353.15,0.31,0.245,0,mole_fraction,0,mole_fraction,,,not_reported,source_context_only,diagnostic_only,diagnostic_only,contextual,no,Bottinger2008|w=0.31|T=80,,,,Source-context byproduct; no model component or residual.,cheq_canon_00635,
Bottinger2008_state_066|2-OXA,speciation,Bottinger2008,data/reference/MEA/observations/liquid_speciation/Bottinger_2007_ChEq.csv,66,2-OXA,353.15,0.31,0.336,0,mole_fraction,0,mole_fraction,,,not_reported,source_context_only,diagnostic_only,diagnostic_only,contextual,no,Bottinger2008|w=0.31|T=80,,,,Source-context byproduct; no model component or residual.,cheq_canon_00636,
Bottinger2008_state_067|2-OXA,speciation,Bottinger2008,data/reference/MEA/observations/liquid_speciation/Bottinger_2007_ChEq.csv,67,2-OXA,353.15,0.31,0.398,0,mole_fraction,0,mole_fraction,,,not_reported,source_context_only,diagnostic_only,diagnostic_only,contextual,no,Bottinger2008|w=0.31|T=80,,,,Source-context byproduct; no model component or residual.,cheq_canon_00637,
Bottinger2008_state_068|2-OXA,speciation,Bottinger2008,data/reference/MEA/observations/liquid_speciation/Bottinger_2007_ChEq.csv,68,2-OXA,353.15,0.31,0.51,0,mole_fraction,0,mole_fraction,,,not_reported,source_context_only,diagnostic_only,diagnostic_only,contextual,no,Bottinger2008|w=0.31|T=80,,,,Source-context byproduct; no model component or residual.,cheq_canon_00638,
