evaluation,state,accepted,max_abs_material_balance_mol,abs_charge_balance_mol_charge,failure_code,solver_status,tolerance_met,balance_errors,max_abs_stationarity
replay-ablation-0-11,vle_obs_0119,True,1.1102230246251565e-16,1.8535236098036173e-17,,SUCCESS,True,[],5.684341886080802e-14
replay-ablation-0-11,vle_obs_0120,True,4.440892098500626e-16,4.192868839985095e-17,,SUCCESS,True,[],5.684341886080802e-14
replay-ablation-0-11,vle_obs_0121,True,8.881784197001252e-16,1.1875761593767107e-18,,SUCCESS,True,[],5.684341886080802e-14
replay-ablation-0-11,vle_obs_0122,True,1.1102230246251565e-16,7.621215863163193e-18,,SUCCESS,True,[],7.105427357601002e-14
replay-ablation-0-11,vle_obs_0123,True,4.440892098500626e-16,9.419564327378027e-17,,SUCCESS,True,[],5.684341886080802e-14
replay-ablation-0-11,vle_obs_0124,True,4.440892098500626e-16,1.495855327626174e-16,,SUCCESS,True,[],5.684341886080802e-14
replay-ablation-0-11,vle_obs_0125,True,1.1102230246251565e-16,1.0946035517797971e-16,,SUCCESS,True,[],5.684341886080802e-14
replay-ablation-0-11,vle_obs_0126,True,8.881784197001252e-16,1.1615526715929114e-16,,SUCCESS,True,[],1.7053025658242404e-13
replay-ablation-0-11,vle_obs_0127,True,3.3306690738754696e-16,2.8204625362085245e-17,,SUCCESS,True,[],2.842170943040401e-14
replay-ablation-0-11,vle_obs_0128,True,8.881784197001252e-16,1.2353217789511551e-16,,SUCCESS,True,[],5.684341886080802e-14
replay-ablation-0-11,vle_obs_0129,True,4.440892098500626e-16,2.036953487998694e-16,,SUCCESS,True,[],5.684341886080802e-14
replay-ablation-0-11,vle_obs_0130,True,4.440892098500626e-16,2.0895532269435322e-16,,SUCCESS,True,[],8.526512829121202e-14
replay-ablation-0-11,vle_obs_0131,True,4.440892098500626e-16,2.2873143014616307e-16,,SUCCESS,True,[],5.684341886080802e-14
replay-ablation-0-11,vle_obs_0132,True,4.440892098500626e-16,1.7896016194733465e-16,,SUCCESS,True,[],1.1368683772161603e-13
replay-ablation-0-11,vle_obs_0133,True,1.1102230246251565e-16,1.1431902551096602e-16,,SUCCESS,True,[],5.684341886080802e-14
replay-ablation-0-11,vle_obs_0134,True,4.440892098500626e-16,2.221300705890933e-16,,SUCCESS,True,[],5.684341886080802e-14
replay-ablation-0-11,vle_obs_0135,True,4.440892098500626e-16,8.154141543358525e-18,,SUCCESS,True,[],7.105427357601002e-14
replay-ablation-0-11,vle_obs_0136,True,0.0,3.5202196766769683e-16,,SUCCESS,True,[],5.684341886080802e-14
replay-ablation-0-11,vle_obs_0137,True,4.440892098500626e-16,2.4430342126612764e-16,,SUCCESS,True,[],8.526512829121202e-14
replay-ablation-0-11,vle_obs_0138,True,4.440892098500626e-16,3.355095732000505e-17,,SUCCESS,True,[],5.684341886080802e-14
replay-ablation-0-11,vle_obs_0139,True,8.881784197001252e-16,1.0666678198698058e-16,,SUCCESS,True,[],7.105427357601002e-14
replay-ablation-0-11,vle_obs_0140,True,8.881784197001252e-16,5.00582367282865e-16,,SUCCESS,True,[],1.1368683772161603e-13
replay-ablation-0-11,vle_obs_0141,True,4.440892098500626e-16,5.183511284129009e-16,,SUCCESS,True,[],5.684341886080802e-14
replay-ablation-0-11,vle_obs_0142,True,0.0,4.83501971152102e-16,,SUCCESS,True,[],1.1368683772161603e-13
replay-ablation-0-11,vle_obs_0143,True,4.440892098500626e-16,5.1664750903551617e-17,,SUCCESS,True,[],2.842170943040401e-14
replay-ablation-0-11,vle_obs_0144,True,4.440892098500626e-16,4.618312678971254e-17,,SUCCESS,True,[],5.684341886080802e-14
replay-ablation-0-11,vle_obs_0145,True,0.0,4.444846609834831e-18,,SUCCESS,True,[],5.684341886080802e-14
replay-ablation-0-11,vle_obs_0146,True,4.440892098500626e-16,1.2268115126226986e-16,,SUCCESS,True,[],1.1368683772161603e-13
replay-ablation-0-11,vle_obs_0147,True,4.440892098500626e-16,2.6139816871221657e-16,,SUCCESS,True,[],8.526512829121202e-14
replay-ablation-0-11,vle_obs_0148,True,4.440892098500626e-16,6.517921278725597e-16,,SUCCESS,True,[],8.526512829121202e-14
replay-ablation-0-11,vle_obs_0149,True,4.440892098500626e-16,7.041387047598819e-16,,SUCCESS,True,[],7.105427357601002e-14
replay-ablation-0-11,vle_obs_0186,True,4.440892098500626e-16,2.5835092380583448e-17,,SUCCESS,True,[],5.684341886080802e-14
replay-ablation-0-11,vle_obs_0187,True,4.440892098500626e-16,5.779506534968791e-17,,SUCCESS,True,[],9.947598300641403e-14
replay-ablation-0-11,vle_obs_0188,True,4.440892098500626e-16,2.3078640496935074e-16,,SUCCESS,True,[],1.1368683772161603e-13
replay-ablation-0-11,vle_obs_0189,True,0.0,1.7326841689969324e-16,,SUCCESS,True,[],1.1368683772161603e-13
replay-ablation-0-11,vle_obs_0190,True,1.3322676295501878e-15,3.9654089240622763e-16,,SUCCESS,True,[],5.684341886080802e-14
replay-ablation-0-11,vle_obs_0191,True,0.0,4.990792199400179e-16,,SUCCESS,True,[],1.1368683772161603e-13
replay-ablation-0-11,vle_obs_0192,True,4.440892098500626e-16,1.3506583180712402e-16,,SUCCESS,True,[],1.1368683772161603e-13
replay-ablation-0-11,vle_obs_0193,True,4.440892098500626e-16,5.945137669859137e-16,,SUCCESS,True,[],8.526512829121202e-14
replay-ablation-0-11,vle_obs_0194,True,8.881784197001252e-16,1.1532441909035031e-17,,SUCCESS,True,[],1.1368683772161603e-13
replay-ablation-0-11,vle_obs_0195,True,4.440892098500626e-16,6.776696501593458e-17,,SUCCESS,True,[],5.684341886080802e-14
replay-ablation-0-11,vle_obs_0196,True,1.1102230246251565e-16,1.209731336646386e-16,,SUCCESS,True,[],5.684341886080802e-14
replay-ablation-0-11,vle_obs_0197,True,4.440892098500626e-16,8.788183011039504e-17,,SUCCESS,True,[],5.684341886080802e-14
replay-ablation-0-11,vle_obs_0198,True,1.1102230246251565e-16,1.7419167740825234e-16,,SUCCESS,True,[],1.7053025658242404e-13
replay-ablation-0-11,vle_obs_0199,True,1.3322676295501878e-15,5.3652438548299625e-16,,SUCCESS,True,[],5.684341886080802e-14
replay-ablation-0-11,vle_obs_0200,True,8.881784197001252e-16,4.659260946395585e-16,,SUCCESS,True,[],1.1368683772161603e-13
replay-ablation-0-11,vle_obs_0201,True,4.440892098500626e-16,3.343834666970309e-16,,SUCCESS,True,[],5.684341886080802e-14
replay-ablation-0-11,vle_obs_0202,True,8.881784197001252e-16,3.519291000611387e-16,,SUCCESS,True,[],5.684341886080802e-14
replay-ablation-0-11,Bottinger2008_state_030,True,4.440892098500626e-16,4.4528952221939655e-17,,SUCCESS,True,[],1.1368683772161603e-13
replay-ablation-0-11,Bottinger2008_state_031,True,1.1102230246251565e-16,9.34343407888896e-18,,SUCCESS,True,[],1.1368683772161603e-13
replay-ablation-0-11,Bottinger2008_state_032,True,1.1102230246251565e-16,9.396152984348983e-17,,SUCCESS,True,[],1.1368683772161603e-13
replay-ablation-0-11,Bottinger2008_state_033,True,4.440892098500626e-16,4.9786284345761956e-17,,SUCCESS,True,[],1.1368683772161603e-13
replay-ablation-0-11,Bottinger2008_state_034,True,1.1102230246251565e-16,1.593628119288854e-16,,SUCCESS,True,[],1.9895196601282805e-13
replay-ablation-0-11,Bottinger2008_state_035,True,0.0,3.7432447768408214e-16,,SUCCESS,True,[],1.7053025658242404e-13
replay-ablation-0-11,Bottinger2008_state_043,True,8.881784197001252e-16,4.985879101162559e-17,,SUCCESS,True,[],1.9895196601282805e-13
replay-ablation-0-11,Bottinger2008_state_044,True,1.1102230246251565e-16,2.6801908239736892e-17,,SUCCESS,True,[],8.526512829121202e-14
replay-ablation-0-11,Bottinger2008_state_045,True,8.881784197001252e-16,1.619382624748605e-17,,SUCCESS,True,[],2.2737367544323206e-13
replay-ablation-0-11,Bottinger2008_state_047,True,8.881784197001252e-16,2.373279674242697e-16,,SUCCESS,True,[],5.684341886080802e-14
replay-ablation-0-11,Bottinger2008_state_048,True,4.440892098500626e-16,3.928970839752914e-17,,SUCCESS,True,[],1.7053025658242404e-13
replay-ablation-0-11,Bottinger2008_state_049,True,8.881784197001252e-16,2.5268160498575456e-16,,SUCCESS,True,[],1.1368683772161603e-13
replay-ablation-0-11,Bottinger2008_state_050,True,8.881784197001252e-16,4.204127186424715e-17,,SUCCESS,True,[],1.1368683772161603e-13
replay-ablation-0-11,Bottinger2008_state_055,True,4.440892098500626e-16,9.62536383167837e-17,,SUCCESS,True,[],5.684341886080802e-14
replay-ablation-0-11,Bottinger2008_state_056,True,4.440892098500626e-16,1.2375517014977285e-17,,SUCCESS,True,[],1.7053025658242404e-13
replay-ablation-0-11,Bottinger2008_state_057,True,4.440892098500626e-16,5.680328318776823e-17,,SUCCESS,True,[],2.2737367544323206e-13
replay-ablation-0-11,Bottinger2008_state_058,True,4.440892098500626e-16,1.0203733682447845e-16,,SUCCESS,True,[],2.8421709430404007e-13
replay-ablation-0-11,Bottinger2008_state_059,True,7.72715225139109e-14,5.1298975750057826e-17,,SUCCESS,True,[],1.1368683772161603e-13
replay-ablation-0-11,Matin2012_state_001,True,4.440892098500626e-16,4.049751212769319e-17,,SUCCESS,True,[],1.1368683772161603e-13
replay-ablation-0-11,Matin2012_state_002,True,4.440892098500626e-16,7.555438166352053e-17,,SUCCESS,True,[],1.1368683772161603e-13
replay-ablation-0-11,Matin2012_state_003,True,1.1102230246251565e-16,3.511076141790067e-17,,SUCCESS,True,[],8.526512829121202e-14
replay-ablation-0-11,Matin2012_state_004,True,4.440892098500626e-16,1.400144538683842e-17,,SUCCESS,True,[],1.1368683772161603e-13
replay-ablation-0-11,Matin2012_state_005,True,4.440892098500626e-16,2.2087417381427388e-17,,SUCCESS,True,[],1.9895196601282805e-13
replay-ablation-0-11,Matin2012_state_006,True,8.881784197001252e-16,2.3240313092126818e-17,,SUCCESS,True,[],8.526512829121202e-14
replay-ablation-0-11,Matin2012_state_007,True,2.220446049250313e-16,1.5016830094770837e-16,,SUCCESS,True,[],5.684341886080802e-14
replay-ablation-0-11,Matin2012_state_008,True,8.881784197001252e-16,8.400751908302133e-17,,SUCCESS,True,[],1.1368683772161603e-13
replay-ablation-0-11,Matin2012_state_009,True,8.881784197001252e-16,1.7476064014240346e-17,,SUCCESS,True,[],5.684341886080802e-14
replay-ablation-0-11,Matin2012_state_010,True,0.0,6.774048757266451e-17,,SUCCESS,True,[],5.684341886080802e-14
replay-ablation-0-11,Matin2012_state_011,True,1.148858785882112e-12,2.5628176658573045e-13,,SUCCESS,True,[],9.947598300641403e-13
replay-ablation-0-11,Matin2012_state_012,True,0.0,2.1047932503733937e-16,,SUCCESS,True,[],2.2737367544323206e-13
replay-ablation-0-11,Matin2012_state_013,True,4.440892098500626e-16,1.7710815414992693e-16,,SUCCESS,True,[],1.7053025658242404e-13
replay-ablation-0-11,Matin2012_state_014,True,4.440892098500626e-16,1.037497811685131e-16,,SUCCESS,True,[],2.2737367544323206e-13
replay-ablation-0-11,Matin2012_state_015,True,4.440892098500626e-16,2.1701270452096513e-16,,SUCCESS,True,[],1.1368683772161603e-13
replay-ablation-0-11,Matin2012_state_017,True,8.881784197001252e-16,4.636886984702714e-16,,SUCCESS,True,[],2.842170943040401e-14
replay-ablation-0-11,Matin2012_state_018,True,1.1102230246251565e-16,5.268459638687932e-16,,SUCCESS,True,[],1.4210854715202004e-13
replay-ablation-0-11,Matin2012_state_019,True,1.3322676295501878e-15,5.256976222058702e-16,,SUCCESS,True,[],1.1368683772161603e-13
replay-ablation-0-00,vle_obs_0119,True,0.0,1.142349860609341e-16,,SUCCESS,True,[],5.684341886080802e-14
replay-ablation-0-00,vle_obs_0120,True,4.440892098500626e-16,1.8205552931850856e-17,,SUCCESS,True,[],8.526512829121202e-14
replay-ablation-0-00,vle_obs_0121,True,4.440892098500626e-16,5.597348289566545e-17,,SUCCESS,True,[],5.684341886080802e-14
replay-ablation-0-00,vle_obs_0122,True,2.220446049250313e-16,1.504699589409342e-16,,SUCCESS,True,[],1.1368683772161603e-13
replay-ablation-0-00,vle_obs_0123,True,4.440892098500626e-16,3.662811613041881e-17,,SUCCESS,True,[],8.526512829121202e-14
replay-ablation-0-00,vle_obs_0124,True,4.440892098500626e-16,1.0273692609352523e-16,,SUCCESS,True,[],2.2737367544323206e-13
replay-ablation-0-00,vle_obs_0125,True,4.440892098500626e-16,2.2108513066861097e-16,,SUCCESS,True,[],8.526512829121202e-14
replay-ablation-0-00,vle_obs_0126,True,4.440892098500626e-16,1.9636627179110403e-16,,SUCCESS,True,[],5.684341886080802e-14
replay-ablation-0-00,vle_obs_0127,True,2.220446049250313e-16,1.0294919780572371e-16,,SUCCESS,True,[],1.1368683772161603e-13
replay-ablation-0-00,vle_obs_0128,True,8.881784197001252e-16,6.281315174123982e-17,,SUCCESS,True,[],5.684341886080802e-14
replay-ablation-0-00,vle_obs_0129,True,4.440892098500626e-16,1.9676481222023288e-16,,SUCCESS,True,[],5.684341886080802e-14
replay-ablation-0-00,vle_obs_0130,True,2.220446049250313e-16,6.49151658030581e-17,,SUCCESS,True,[],8.526512829121202e-14
replay-ablation-0-00,vle_obs_0131,True,1.1102230246251565e-16,5.584171924318016e-17,,SUCCESS,True,[],8.526512829121202e-14
replay-ablation-0-00,vle_obs_0132,True,1.1102230246251565e-16,1.9916516312852626e-16,,SUCCESS,True,[],9.947598300641403e-14
replay-ablation-0-00,vle_obs_0133,True,8.881784197001252e-16,2.1748931704044312e-16,,SUCCESS,True,[],5.684341886080802e-14
replay-ablation-0-00,vle_obs_0134,True,4.440892098500626e-16,7.276385560002955e-17,,SUCCESS,True,[],2.842170943040401e-14
replay-ablation-0-00,vle_obs_0135,True,1.1102230246251565e-16,7.982197401387676e-17,,SUCCESS,True,[],5.684341886080802e-14
replay-ablation-0-00,vle_obs_0136,True,4.440892098500626e-16,2.7545567068758525e-16,,SUCCESS,True,[],5.684341886080802e-14
replay-ablation-0-00,vle_obs_0137,True,0.0,1.3607435543471912e-16,,SUCCESS,True,[],1.1368683772161603e-13
replay-ablation-0-00,vle_obs_0138,True,4.440892098500626e-16,5.051449898706679e-17,,SUCCESS,True,[],1.4210854715202004e-13
replay-ablation-0-00,vle_obs_0139,True,0.0,2.1414473011937862e-16,,SUCCESS,True,[],5.684341886080802e-14
replay-ablation-0-00,vle_obs_0140,True,1.3322676295501878e-15,5.483532917693078e-16,,SUCCESS,True,[],5.684341886080802e-14
replay-ablation-0-00,vle_obs_0141,True,4.440892098500626e-16,3.9415940088881416e-16,,SUCCESS,True,[],5.684341886080802e-14
replay-ablation-0-00,vle_obs_0142,True,4.440892098500626e-16,1.74757015521495e-16,,SUCCESS,True,[],5.684341886080802e-14
replay-ablation-0-00,vle_obs_0143,True,0.0,1.2755696752186003e-16,,SUCCESS,True,[],5.684341886080802e-14
replay-ablation-0-00,vle_obs_0144,True,8.881784197001252e-16,2.6794577244996794e-17,,SUCCESS,True,[],1.1368683772161603e-13
replay-ablation-0-00,vle_obs_0145,True,4.440892098500626e-16,7.563485533122152e-18,,SUCCESS,True,[],1.1368683772161603e-13
replay-ablation-0-00,vle_obs_0146,True,4.440892098500626e-16,1.8721491162359313e-16,,SUCCESS,True,[],1.1368683772161603e-13
replay-ablation-0-00,vle_obs_0147,True,4.440892098500626e-16,2.0694951355338927e-16,,SUCCESS,True,[],8.526512829121202e-14
replay-ablation-0-00,vle_obs_0148,True,4.440892098500626e-16,6.0656537866196e-16,,SUCCESS,True,[],5.684341886080802e-14
replay-ablation-0-00,vle_obs_0149,True,2.220446049250313e-16,6.462402778199627e-16,,SUCCESS,True,[],1.1368683772161603e-13
replay-ablation-0-00,vle_obs_0186,True,1.1102230246251565e-16,3.163341685630131e-17,,SUCCESS,True,[],5.684341886080802e-14
replay-ablation-0-00,vle_obs_0187,True,4.440892098500626e-16,6.823165037758742e-17,,SUCCESS,True,[],5.684341886080802e-14
replay-ablation-0-00,vle_obs_0188,True,4.440892098500626e-16,9.826774179858736e-18,,SUCCESS,True,[],5.684341886080802e-14
replay-ablation-0-00,vle_obs_0189,True,1.1102230246251565e-16,1.9258918346532745e-16,,SUCCESS,True,[],1.1368683772161603e-13
replay-ablation-0-00,vle_obs_0190,True,4.440892098500626e-16,2.9914836749993377e-16,,SUCCESS,True,[],1.1368683772161603e-13
replay-ablation-0-00,vle_obs_0191,True,4.440892098500626e-16,4.1845735109134837e-16,,SUCCESS,True,[],5.684341886080802e-14
replay-ablation-0-00,vle_obs_0192,True,0.0,5.426964562664118e-16,,SUCCESS,True,[],5.684341886080802e-14
replay-ablation-0-00,vle_obs_0193,True,4.440892098500626e-16,5.24426015407235e-16,,SUCCESS,True,[],5.684341886080802e-14
replay-ablation-0-00,vle_obs_0194,True,4.440892098500626e-16,3.9246282161444436e-17,,SUCCESS,True,[],7.815970093361102e-14
replay-ablation-0-00,vle_obs_0195,True,4.440892098500626e-16,1.655308064186593e-16,,SUCCESS,True,[],5.684341886080802e-14
replay-ablation-0-00,vle_obs_0196,True,4.440892098500626e-16,1.0034353016747215e-16,,SUCCESS,True,[],5.684341886080802e-14
replay-ablation-0-00,vle_obs_0197,True,4.440892098500626e-16,1.8102521143533e-16,,SUCCESS,True,[],8.526512829121202e-14
replay-ablation-0-00,vle_obs_0198,True,0.0,2.6443255591002755e-16,,SUCCESS,True,[],5.684341886080802e-14
replay-ablation-0-00,vle_obs_0199,True,4.440892098500626e-16,2.393432045152512e-16,,SUCCESS,True,[],5.684341886080802e-14
replay-ablation-0-00,vle_obs_0200,True,0.0,2.736955981624927e-16,,SUCCESS,True,[],1.1368683772161603e-13
replay-ablation-0-00,vle_obs_0201,True,1.3322676295501878e-15,3.9669993694014165e-16,,SUCCESS,True,[],5.684341886080802e-14
replay-ablation-0-00,vle_obs_0202,True,8.881784197001252e-16,8.241081695624868e-16,,SUCCESS,True,[],5.684341886080802e-14
replay-ablation-0-00,Bottinger2008_state_030,True,4.440892098500626e-16,2.8479836844356175e-17,,SUCCESS,True,[],1.8474111129762605e-13
replay-ablation-0-00,Bottinger2008_state_031,True,8.881784197001252e-16,7.191521021990584e-17,,SUCCESS,True,[],1.1368683772161603e-13
replay-ablation-0-00,Bottinger2008_state_032,True,1.3322676295501878e-15,1.436143739589661e-16,,SUCCESS,True,[],1.7053025658242404e-13
replay-ablation-0-00,Bottinger2008_state_033,True,4.440892098500626e-16,1.1227727110444717e-16,,SUCCESS,True,[],2.2737367544323206e-13
replay-ablation-0-00,Bottinger2008_state_034,True,4.440892098500626e-16,3.4193221741927025e-16,,SUCCESS,True,[],1.7053025658242404e-13
replay-ablation-0-00,Bottinger2008_state_035,True,4.440892098500626e-16,2.0146449942721717e-16,,SUCCESS,True,[],5.684341886080802e-14
replay-ablation-0-00,Bottinger2008_state_043,True,1.1102230246251565e-16,4.064726088082182e-17,,SUCCESS,True,[],2.2737367544323206e-13
replay-ablation-0-00,Bottinger2008_state_044,True,2.220446049250313e-16,4.5999469631274985e-17,,SUCCESS,True,[],1.1368683772161603e-13
replay-ablation-0-00,Bottinger2008_state_045,True,1.1102230246251565e-16,2.1047135614589004e-17,,SUCCESS,True,[],4.547473508864641e-13
replay-ablation-0-00,Bottinger2008_state_047,True,2.220446049250313e-16,1.1554274179269316e-16,,SUCCESS,True,[],9.947598300641403e-14
replay-ablation-0-00,Bottinger2008_state_048,True,4.440892098500626e-16,1.4083907710913254e-16,,SUCCESS,True,[],2.842170943040401e-14
replay-ablation-0-00,Bottinger2008_state_049,True,4.440892098500626e-16,2.639050330820781e-16,,SUCCESS,True,[],1.9895196601282805e-13
replay-ablation-0-00,Bottinger2008_state_050,True,1.3322676295501878e-15,2.3303420464032015e-16,,SUCCESS,True,[],3.410605131648481e-13
replay-ablation-0-00,Bottinger2008_state_055,True,2.220446049250313e-16,3.2814130690150524e-17,,SUCCESS,True,[],3.410605131648481e-13
replay-ablation-0-00,Bottinger2008_state_056,True,2.220446049250313e-16,4.8697853453118546e-17,,SUCCESS,True,[],1.1368683772161603e-13
replay-ablation-0-00,Bottinger2008_state_057,True,2.1804780203638074e-13,7.022953602923901e-14,,SUCCESS,True,[],2.2737367544323206e-13
replay-ablation-0-00,Bottinger2008_state_058,True,2.90878432451791e-13,4.5540884863438874e-14,,SUCCESS,True,[],2.1316282072803006e-13
replay-ablation-0-00,Bottinger2008_state_059,True,1.1102230246251565e-16,2.2293337626111453e-17,,SUCCESS,True,[],5.684341886080802e-14
replay-ablation-0-00,Matin2012_state_001,True,4.440892098500626e-16,1.745656592538746e-17,,SUCCESS,True,[],1.7053025658242404e-13
replay-ablation-0-00,Matin2012_state_002,True,4.440892098500626e-16,3.003699275794463e-17,,SUCCESS,True,[],5.684341886080802e-14
replay-ablation-0-00,Matin2012_state_003,True,0.0,1.55745091173283e-18,,SUCCESS,True,[],2.2737367544323206e-13
replay-ablation-0-00,Matin2012_state_004,True,1.1102230246251565e-16,2.94742342447877e-17,,SUCCESS,True,[],1.1368683772161603e-13
replay-ablation-0-00,Matin2012_state_005,True,4.440892098500626e-16,8.979676711555388e-17,,SUCCESS,True,[],1.1368683772161603e-13
replay-ablation-0-00,Matin2012_state_006,True,8.881784197001252e-16,1.063455037288553e-16,,SUCCESS,True,[],1.1368683772161603e-13
replay-ablation-0-00,Matin2012_state_007,True,4.440892098500626e-16,1.663964933716927e-16,,SUCCESS,True,[],1.7053025658242404e-13
replay-ablation-0-00,Matin2012_state_008,True,1.1102230246251565e-16,4.501601369931885e-17,,SUCCESS,True,[],3.979039320256561e-13
replay-ablation-0-00,Matin2012_state_009,True,4.440892098500626e-16,4.369768767955491e-17,,SUCCESS,True,[],2.2737367544323206e-13
replay-ablation-0-00,Matin2012_state_010,True,4.440892098500626e-16,1.4870746897142696e-16,,SUCCESS,True,[],1.7053025658242404e-13
replay-ablation-0-00,Matin2012_state_011,True,1.1102230246251565e-16,9.516450922712893e-17,,SUCCESS,True,[],2.2737367544323206e-13
replay-ablation-0-00,Matin2012_state_012,True,2.220446049250313e-16,1.717544164604568e-16,,SUCCESS,True,[],2.8421709430404007e-13
replay-ablation-0-00,Matin2012_state_013,True,1.1102230246251565e-16,7.021481597289754e-17,,SUCCESS,True,[],1.2789769243681803e-13
replay-ablation-0-00,Matin2012_state_014,True,0.0,1.0436603045806916e-16,,SUCCESS,True,[],2.8421709430404007e-13
replay-ablation-0-00,Matin2012_state_015,True,4.440892098500626e-16,7.411596967850635e-17,,SUCCESS,True,[],1.1368683772161603e-13
replay-ablation-0-00,Matin2012_state_017,True,2.220446049250313e-16,8.224807587801524e-17,,SUCCESS,True,[],2.8421709430404007e-13
replay-ablation-0-00,Matin2012_state_018,True,4.440892098500626e-16,7.673889618573657e-16,,SUCCESS,True,[],1.9895196601282805e-13
replay-ablation-0-00,Matin2012_state_019,True,0.0,5.844166157753696e-16,,SUCCESS,True,[],2.2737367544323206e-13
replay-ablation-1-11,vle_obs_0119,True,8.881784197001252e-16,1.9555978600657675e-18,,SUCCESS,True,[],1.1368683772161603e-13
replay-ablation-1-11,vle_obs_0120,True,4.440892098500626e-16,2.755371932894911e-17,,SUCCESS,True,[],1.1368683772161603e-13
replay-ablation-1-11,vle_obs_0121,True,4.440892098500626e-16,8.420672138380334e-18,,SUCCESS,True,[],5.684341886080802e-14
replay-ablation-1-11,vle_obs_0122,True,4.440892098500626e-16,7.003114421931093e-17,,SUCCESS,True,[],5.684341886080802e-14
replay-ablation-1-11,vle_obs_0123,True,1.3322676295501878e-15,5.4655341287334486e-17,,SUCCESS,True,[],8.526512829121202e-14
replay-ablation-1-11,vle_obs_0124,True,4.440892098500626e-16,1.5669218062437277e-16,,SUCCESS,True,[],7.105427357601002e-14
replay-ablation-1-11,vle_obs_0125,True,1.1102230246251565e-16,1.329980114416409e-16,,SUCCESS,True,[],5.684341886080802e-14
replay-ablation-1-11,vle_obs_0126,True,4.440892098500626e-16,1.6726360290496394e-16,,SUCCESS,True,[],1.1368683772161603e-13
replay-ablation-1-11,vle_obs_0127,True,1.1102230246251565e-16,5.305475672849786e-17,,SUCCESS,True,[],8.526512829121202e-14
replay-ablation-1-11,vle_obs_0128,True,4.440892098500626e-16,2.8940010336840993e-17,,SUCCESS,True,[],5.684341886080802e-14
replay-ablation-1-11,vle_obs_0129,True,1.1102230246251565e-16,8.284268406070765e-17,,SUCCESS,True,[],9.947598300641403e-14
replay-ablation-1-11,vle_obs_0130,True,4.440892098500626e-16,1.1090724488624283e-16,,SUCCESS,True,[],2.842170943040401e-14
replay-ablation-1-11,vle_obs_0131,True,4.440892098500626e-16,4.7480094756351606e-17,,SUCCESS,True,[],5.684341886080802e-14
replay-ablation-1-11,vle_obs_0132,True,8.881784197001252e-16,1.0053908911084686e-16,,SUCCESS,True,[],5.684341886080802e-14
replay-ablation-1-11,vle_obs_0133,True,8.881784197001252e-16,1.0404705240818006e-16,,SUCCESS,True,[],1.1368683772161603e-13
replay-ablation-1-11,vle_obs_0134,True,8.881784197001252e-16,3.5827863476438955e-17,,SUCCESS,True,[],5.684341886080802e-14
replay-ablation-1-11,vle_obs_0135,True,4.440892098500626e-16,8.923167928422872e-17,,SUCCESS,True,[],5.684341886080802e-14
replay-ablation-1-11,vle_obs_0136,True,8.881784197001252e-16,7.385770867223086e-17,,SUCCESS,True,[],7.105427357601002e-14
replay-ablation-1-11,vle_obs_0137,True,4.440892098500626e-16,3.3277211028602104e-16,,SUCCESS,True,[],9.947598300641403e-14
replay-ablation-1-11,vle_obs_0138,True,4.440892098500626e-16,8.126876043568858e-17,,SUCCESS,True,[],1.1368683772161603e-13
replay-ablation-1-11,vle_obs_0139,True,0.0,3.114018236511001e-16,,SUCCESS,True,[],5.684341886080802e-14
replay-ablation-1-11,vle_obs_0140,True,8.881784197001252e-16,5.412836825944825e-16,,SUCCESS,True,[],2.2737367544323206e-13
replay-ablation-1-11,vle_obs_0141,True,4.440892098500626e-16,4.2579697284400616e-16,,SUCCESS,True,[],1.1368683772161603e-13
replay-ablation-1-11,vle_obs_0142,True,4.440892098500626e-16,4.884839145381846e-16,,SUCCESS,True,[],5.684341886080802e-14
replay-ablation-1-11,vle_obs_0143,True,4.440892098500626e-16,6.495120104573222e-17,,SUCCESS,True,[],1.1368683772161603e-13
replay-ablation-1-11,vle_obs_0144,True,0.0,1.258797623958332e-16,,SUCCESS,True,[],5.684341886080802e-14
replay-ablation-1-11,vle_obs_0145,True,4.440892098500626e-16,3.5770629133388653e-17,,SUCCESS,True,[],5.684341886080802e-14
replay-ablation-1-11,vle_obs_0146,True,4.440892098500626e-16,8.17602491877874e-17,,SUCCESS,True,[],9.237055564881302e-14
replay-ablation-1-11,vle_obs_0147,True,4.440892098500626e-16,1.975423811828646e-16,,SUCCESS,True,[],7.105427357601002e-14
replay-ablation-1-11,vle_obs_0148,True,8.881784197001252e-16,3.715599519062865e-16,,SUCCESS,True,[],1.1368683772161603e-13
replay-ablation-1-11,vle_obs_0149,True,1.1102230246251565e-16,2.1698301722618902e-16,,SUCCESS,True,[],8.526512829121202e-14
replay-ablation-1-11,vle_obs_0186,True,0.0,7.61375169464206e-17,,SUCCESS,True,[],5.684341886080802e-14
replay-ablation-1-11,vle_obs_0187,True,4.440892098500626e-16,6.048795736046874e-17,,SUCCESS,True,[],1.1368683772161603e-13
replay-ablation-1-11,vle_obs_0188,True,1.1102230246251565e-16,8.131399209200934e-18,,SUCCESS,True,[],5.684341886080802e-14
replay-ablation-1-11,vle_obs_0189,True,0.0,2.1320371503469942e-16,,SUCCESS,True,[],5.684341886080802e-14
replay-ablation-1-11,vle_obs_0190,True,4.440892098500626e-16,4.097205993555518e-16,,SUCCESS,True,[],5.684341886080802e-14
replay-ablation-1-11,vle_obs_0191,True,8.881784197001252e-16,5.2454706854029e-16,,SUCCESS,True,[],5.684341886080802e-14
replay-ablation-1-11,vle_obs_0192,True,8.881784197001252e-16,3.7055428987013973e-16,,SUCCESS,True,[],5.684341886080802e-14
replay-ablation-1-11,vle_obs_0193,True,8.881784197001252e-16,5.49844278427013e-16,,SUCCESS,True,[],8.526512829121202e-14
replay-ablation-1-11,vle_obs_0194,True,4.440892098500626e-16,2.137442919631991e-17,,SUCCESS,True,[],1.1368683772161603e-13
replay-ablation-1-11,vle_obs_0195,True,4.440892098500626e-16,5.046528336313319e-17,,SUCCESS,True,[],4.263256414560601e-14
replay-ablation-1-11,vle_obs_0196,True,4.440892098500626e-16,3.782622273489035e-18,,SUCCESS,True,[],5.684341886080802e-14
replay-ablation-1-11,vle_obs_0197,True,4.440892098500626e-16,7.025022198177881e-17,,SUCCESS,True,[],5.684341886080802e-14
replay-ablation-1-11,vle_obs_0198,True,0.0,1.8953191555250723e-16,,SUCCESS,True,[],5.684341886080802e-14
replay-ablation-1-11,vle_obs_0199,True,4.440892098500626e-16,6.378706179001556e-16,,SUCCESS,True,[],5.684341886080802e-14
replay-ablation-1-11,vle_obs_0200,True,4.440892098500626e-16,7.013756354069638e-16,,SUCCESS,True,[],5.684341886080802e-14
replay-ablation-1-11,vle_obs_0201,True,8.881784197001252e-16,5.331728927757355e-16,,SUCCESS,True,[],9.947598300641403e-14
replay-ablation-1-11,vle_obs_0202,True,4.440892098500626e-16,9.576509045853443e-16,,SUCCESS,True,[],5.684341886080802e-14
replay-ablation-1-11,Bottinger2008_state_030,True,4.440892098500626e-16,2.0541511024575776e-17,,SUCCESS,True,[],1.8474111129762605e-13
replay-ablation-1-11,Bottinger2008_state_031,True,4.440892098500626e-16,4.2465505971861294e-17,,SUCCESS,True,[],1.1368683772161603e-13
replay-ablation-1-11,Bottinger2008_state_032,True,1.1102230246251565e-16,5.413900570625386e-17,,SUCCESS,True,[],5.684341886080802e-14
replay-ablation-1-11,Bottinger2008_state_033,True,2.220446049250313e-16,3.361502312832116e-17,,SUCCESS,True,[],1.4210854715202004e-13
replay-ablation-1-11,Bottinger2008_state_034,True,1.1102230246251565e-16,1.5583935038465215e-16,,SUCCESS,True,[],2.2737367544323206e-13
replay-ablation-1-11,Bottinger2008_state_035,True,1.3322676295501878e-15,1.703249818406024e-16,,SUCCESS,True,[],2.8421709430404007e-13
replay-ablation-1-11,Bottinger2008_state_043,True,4.440892098500626e-16,9.380870005868011e-17,,SUCCESS,True,[],5.115907697472721e-13
replay-ablation-1-11,Bottinger2008_state_044,True,2.220446049250313e-16,2.7240156044075616e-17,,SUCCESS,True,[],2.2737367544323206e-13
replay-ablation-1-11,Bottinger2008_state_045,True,4.440892098500626e-16,7.1482971696917e-17,,SUCCESS,True,[],1.1368683772161603e-13
replay-ablation-1-11,Bottinger2008_state_047,True,0.0,4.149560510341932e-17,,SUCCESS,True,[],2.2737367544323206e-13
replay-ablation-1-11,Bottinger2008_state_048,True,1.3322676295501878e-15,1.7749398417690978e-17,,SUCCESS,True,[],7.105427357601002e-14
replay-ablation-1-11,Bottinger2008_state_049,True,4.440892098500626e-16,5.827993364484381e-17,,SUCCESS,True,[],1.4210854715202004e-13
replay-ablation-1-11,Bottinger2008_state_050,True,8.881784197001252e-16,8.064314600094487e-17,,SUCCESS,True,[],8.526512829121202e-14
replay-ablation-1-11,Bottinger2008_state_055,True,4.440892098500626e-16,8.602852533318329e-18,,SUCCESS,True,[],1.3500311979441904e-13
replay-ablation-1-11,Bottinger2008_state_056,True,2.220446049250313e-16,4.1662682245697714e-17,,SUCCESS,True,[],1.7053025658242404e-13
replay-ablation-1-11,Bottinger2008_state_057,True,1.1102230246251565e-16,1.1582955975058815e-16,,SUCCESS,True,[],1.1368683772161603e-13
replay-ablation-1-11,Bottinger2008_state_058,True,4.440892098500626e-16,2.530091496403941e-16,,SUCCESS,True,[],1.1368683772161603e-13
replay-ablation-1-11,Bottinger2008_state_059,True,1.376676550535194e-13,2.663181124779131e-14,,SUCCESS,True,[],6.252776074688882e-13
replay-ablation-1-11,Matin2012_state_001,True,0.0,1.2211365120445147e-17,,SUCCESS,True,[],2.8421709430404007e-13
replay-ablation-1-11,Matin2012_state_002,True,8.881784197001252e-16,1.0221582439947122e-16,,SUCCESS,True,[],2.2737367544323206e-13
replay-ablation-1-11,Matin2012_state_003,True,1.1102230246251565e-16,5.5480218311414984e-18,,SUCCESS,True,[],1.1368683772161603e-13
replay-ablation-1-11,Matin2012_state_004,True,0.0,3.928872775400199e-17,,SUCCESS,True,[],1.1368683772161603e-13
replay-ablation-1-11,Matin2012_state_005,True,8.881784197001252e-16,1.0114105335675665e-17,,SUCCESS,True,[],1.2789769243681803e-13
replay-ablation-1-11,Matin2012_state_006,True,4.440892098500626e-16,2.5991504107025337e-19,,SUCCESS,True,[],7.105427357601002e-14
replay-ablation-1-11,Matin2012_state_007,True,8.881784197001252e-16,1.1817515748667167e-16,,SUCCESS,True,[],1.2789769243681803e-13
replay-ablation-1-11,Matin2012_state_008,True,2.220446049250313e-16,1.0012238386766647e-16,,SUCCESS,True,[],1.2789769243681803e-13
replay-ablation-1-11,Matin2012_state_009,True,1.1102230246251565e-16,1.3804380494599912e-16,,SUCCESS,True,[],1.1368683772161603e-13
replay-ablation-1-11,Matin2012_state_010,True,1.1102230246251565e-16,4.5620468703295704e-17,,SUCCESS,True,[],1.7053025658242404e-13
replay-ablation-1-11,Matin2012_state_011,True,4.440892098500626e-16,1.431865249234042e-16,,SUCCESS,True,[],1.1368683772161603e-13
replay-ablation-1-11,Matin2012_state_012,True,4.440892098500626e-16,8.703858445547263e-17,,SUCCESS,True,[],2.8421709430404007e-13
replay-ablation-1-11,Matin2012_state_013,True,8.881784197001252e-16,2.1738613954954708e-16,,SUCCESS,True,[],1.1368683772161603e-13
replay-ablation-1-11,Matin2012_state_014,True,0.0,6.702571922581762e-17,,SUCCESS,True,[],1.7053025658242404e-13
replay-ablation-1-11,Matin2012_state_015,True,0.0,1.9853896586066636e-16,,SUCCESS,True,[],2.4158453015843406e-13
replay-ablation-1-11,Matin2012_state_017,True,4.440892098500626e-16,2.604068109536214e-16,,SUCCESS,True,[],1.7053025658242404e-13
replay-ablation-1-11,Matin2012_state_018,True,0.0,3.8847562117272117e-16,,SUCCESS,True,[],2.2737367544323206e-13
replay-ablation-1-11,Matin2012_state_019,True,8.881784197001252e-16,2.1795851441913148e-16,,SUCCESS,True,[],1.4210854715202004e-13
replay-ablation-1-00,vle_obs_0119,True,8.881784197001252e-16,1.4176766315298322e-17,,SUCCESS,True,[],1.9895196601282805e-13
replay-ablation-1-00,vle_obs_0120,True,1.1102230246251565e-16,6.032897279260623e-17,,SUCCESS,True,[],5.684341886080802e-14
replay-ablation-1-00,vle_obs_0121,True,8.881784197001252e-16,8.613301605480149e-17,,SUCCESS,True,[],1.7053025658242404e-13
replay-ablation-1-00,vle_obs_0122,True,4.440892098500626e-16,1.1405234400914396e-16,,SUCCESS,True,[],5.684341886080802e-14
replay-ablation-1-00,vle_obs_0123,True,4.440892098500626e-16,1.1693819064263542e-16,,SUCCESS,True,[],5.684341886080802e-14
replay-ablation-1-00,vle_obs_0124,True,1.1102230246251565e-16,1.9740818815532113e-17,,SUCCESS,True,[],1.1368683772161603e-13
replay-ablation-1-00,vle_obs_0125,True,4.440892098500626e-16,1.7248109769200603e-16,,SUCCESS,True,[],5.684341886080802e-14
replay-ablation-1-00,vle_obs_0126,True,4.440892098500626e-16,1.115545382723527e-16,,SUCCESS,True,[],1.1368683772161603e-13
replay-ablation-1-00,vle_obs_0127,True,4.440892098500626e-16,3.36020456524937e-17,,SUCCESS,True,[],1.7053025658242404e-13
replay-ablation-1-00,vle_obs_0128,True,1.1102230246251565e-16,1.5700347094108222e-16,,SUCCESS,True,[],5.684341886080802e-14
replay-ablation-1-00,vle_obs_0129,True,8.881784197001252e-16,9.445417361628873e-17,,SUCCESS,True,[],1.1368683772161603e-13
replay-ablation-1-00,vle_obs_0130,True,4.440892098500626e-16,1.7850069084161464e-16,,SUCCESS,True,[],5.684341886080802e-14
replay-ablation-1-00,vle_obs_0131,True,4.440892098500626e-16,1.308765824325786e-16,,SUCCESS,True,[],5.684341886080802e-14
replay-ablation-1-00,vle_obs_0132,True,0.0,1.1421104231400627e-16,,SUCCESS,True,[],5.684341886080802e-14
replay-ablation-1-00,vle_obs_0133,True,4.440892098500626e-16,2.4360928148762403e-17,,SUCCESS,True,[],5.684341886080802e-14
replay-ablation-1-00,vle_obs_0134,True,4.440892098500626e-16,1.25167984370627e-16,,SUCCESS,True,[],1.7053025658242404e-13
replay-ablation-1-00,vle_obs_0135,True,4.440892098500626e-16,1.3073907526453933e-16,,SUCCESS,True,[],1.7053025658242404e-13
replay-ablation-1-00,vle_obs_0136,True,1.1102230246251565e-16,9.534131018807483e-17,,SUCCESS,True,[],5.684341886080802e-14
replay-ablation-1-00,vle_obs_0137,True,8.881784197001252e-16,2.4056163759276335e-16,,SUCCESS,True,[],8.526512829121202e-14
replay-ablation-1-00,vle_obs_0138,True,4.440892098500626e-16,3.468156332957044e-16,,SUCCESS,True,[],5.684341886080802e-14
replay-ablation-1-00,vle_obs_0139,True,1.1102230246251565e-16,8.655215732661131e-17,,SUCCESS,True,[],5.684341886080802e-14
replay-ablation-1-00,vle_obs_0140,True,4.440892098500626e-16,2.6617386132756183e-16,,SUCCESS,True,[],7.105427357601002e-14
replay-ablation-1-00,vle_obs_0141,True,1.1102230246251565e-16,3.1420561525726685e-16,,SUCCESS,True,[],9.947598300641403e-14
replay-ablation-1-00,vle_obs_0142,True,4.440892098500626e-16,5.47665971113017e-16,,SUCCESS,True,[],8.526512829121202e-14
replay-ablation-1-00,vle_obs_0143,True,0.0,6.763513258076359e-17,,SUCCESS,True,[],4.263256414560601e-14
replay-ablation-1-00,vle_obs_0144,True,0.0,7.873789767193604e-17,,SUCCESS,True,[],5.684341886080802e-14
replay-ablation-1-00,vle_obs_0145,True,4.440892098500626e-16,1.4690285629393933e-17,,SUCCESS,True,[],8.526512829121202e-14
replay-ablation-1-00,vle_obs_0146,True,1.1102230246251565e-16,1.59367655677512e-16,,SUCCESS,True,[],5.684341886080802e-14
replay-ablation-1-00,vle_obs_0147,True,8.881784197001252e-16,2.1465237449589595e-16,,SUCCESS,True,[],5.684341886080802e-14
replay-ablation-1-00,vle_obs_0148,True,4.440892098500626e-16,4.584987925500728e-16,,SUCCESS,True,[],5.684341886080802e-14
replay-ablation-1-00,vle_obs_0149,True,8.881784197001252e-16,4.1416781739666177e-16,,SUCCESS,True,[],8.526512829121202e-14
replay-ablation-1-00,vle_obs_0186,True,4.440892098500626e-16,4.284361670252077e-17,,SUCCESS,True,[],8.526512829121202e-14
replay-ablation-1-00,vle_obs_0187,True,4.440892098500626e-16,1.8157628960953696e-17,,SUCCESS,True,[],5.684341886080802e-14
replay-ablation-1-00,vle_obs_0188,True,2.220446049250313e-16,2.772781850146162e-16,,SUCCESS,True,[],1.1368683772161603e-13
replay-ablation-1-00,vle_obs_0189,True,0.0,2.2627544264895664e-16,,SUCCESS,True,[],5.684341886080802e-14
replay-ablation-1-00,vle_obs_0190,True,1.1102230246251565e-16,5.39651978389833e-16,,SUCCESS,True,[],1.1368683772161603e-13
replay-ablation-1-00,vle_obs_0191,True,4.440892098500626e-16,3.8901689440270674e-16,,SUCCESS,True,[],1.1368683772161603e-13
replay-ablation-1-00,vle_obs_0192,True,4.440892098500626e-16,6.185424660514853e-16,,SUCCESS,True,[],7.105427357601002e-14
replay-ablation-1-00,vle_obs_0193,True,0.0,5.12755816063375e-16,,SUCCESS,True,[],5.684341886080802e-14
replay-ablation-1-00,vle_obs_0194,True,4.440892098500626e-16,3.976915584223024e-17,,SUCCESS,True,[],5.684341886080802e-14
replay-ablation-1-00,vle_obs_0195,True,2.220446049250313e-16,1.3067527323431674e-16,,SUCCESS,True,[],8.526512829121202e-14
replay-ablation-1-00,vle_obs_0196,True,0.0,7.234088883919211e-17,,SUCCESS,True,[],4.973799150320701e-14
replay-ablation-1-00,vle_obs_0197,True,4.440892098500626e-16,1.4634019918670045e-18,,SUCCESS,True,[],5.684341886080802e-14
replay-ablation-1-00,vle_obs_0198,True,0.0,2.1372514157342507e-16,,SUCCESS,True,[],5.684341886080802e-14
replay-ablation-1-00,vle_obs_0199,True,8.881784197001252e-16,3.846687045724886e-16,,SUCCESS,True,[],5.684341886080802e-14
replay-ablation-1-00,vle_obs_0200,True,8.881784197001252e-16,2.9982545133505485e-16,,SUCCESS,True,[],5.684341886080802e-14
replay-ablation-1-00,vle_obs_0201,True,4.440892098500626e-16,1.7320143444484986e-16,,SUCCESS,True,[],7.105427357601002e-14
replay-ablation-1-00,vle_obs_0202,True,1.3322676295501878e-15,4.827111080765447e-16,,SUCCESS,True,[],2.842170943040401e-14
replay-ablation-1-00,Bottinger2008_state_030,True,8.881784197001252e-16,8.748827522521856e-17,,SUCCESS,True,[],2.8421709430404007e-13
replay-ablation-1-00,Bottinger2008_state_031,True,0.0,9.059448568562208e-17,,SUCCESS,True,[],5.684341886080802e-14
replay-ablation-1-00,Bottinger2008_state_032,True,4.440892098500626e-16,1.7963748456243106e-16,,SUCCESS,True,[],1.1368683772161603e-13
replay-ablation-1-00,Bottinger2008_state_033,True,0.0,1.072870470784259e-16,,SUCCESS,True,[],2.2737367544323206e-13
replay-ablation-1-00,Bottinger2008_state_034,True,1.1102230246251565e-16,7.730579139128612e-17,,SUCCESS,True,[],3.410605131648481e-13
replay-ablation-1-00,Bottinger2008_state_035,True,8.881784197001252e-16,1.1309118980496079e-17,,SUCCESS,True,[],1.4210854715202004e-13
replay-ablation-1-00,Bottinger2008_state_043,True,4.440892098500626e-16,2.595584453604962e-17,,SUCCESS,True,[],1.1368683772161603e-13
replay-ablation-1-00,Bottinger2008_state_044,True,1.1102230246251565e-16,1.2825404838950255e-16,,SUCCESS,True,[],1.1368683772161603e-13
replay-ablation-1-00,Bottinger2008_state_045,True,8.881784197001252e-16,1.0345600553068992e-17,,SUCCESS,True,[],2.2737367544323206e-13
replay-ablation-1-00,Bottinger2008_state_047,True,4.440892098500626e-16,2.563518326614677e-17,,SUCCESS,True,[],5.684341886080802e-14
replay-ablation-1-00,Bottinger2008_state_048,True,4.440892098500626e-16,2.359765556148951e-16,,SUCCESS,True,[],2.2737367544323206e-13
replay-ablation-1-00,Bottinger2008_state_049,True,0.0,1.4844080674580675e-16,,SUCCESS,True,[],1.8474111129762605e-13
replay-ablation-1-00,Bottinger2008_state_050,True,8.881784197001252e-16,1.2499640184822369e-16,,SUCCESS,True,[],1.1368683772161603e-13
replay-ablation-1-00,Bottinger2008_state_055,True,4.440892098500626e-16,9.049406208194315e-17,,SUCCESS,True,[],1.1368683772161603e-13
replay-ablation-1-00,Bottinger2008_state_056,True,4.440892098500626e-16,7.975392683552477e-18,,SUCCESS,True,[],1.1368683772161603e-13
replay-ablation-1-00,Bottinger2008_state_057,True,0.0,4.554760111653007e-17,,SUCCESS,True,[],1.7053025658242404e-13
replay-ablation-1-00,Bottinger2008_state_058,True,8.881784197001252e-16,2.1716204111723219e-16,,SUCCESS,True,[],1.1368683772161603e-13
replay-ablation-1-00,Bottinger2008_state_059,True,4.440892098500626e-16,2.711483444834176e-16,,SUCCESS,True,[],1.7053025658242404e-13
replay-ablation-1-00,Matin2012_state_001,True,0.0,1.002620752890866e-16,,SUCCESS,True,[],5.684341886080802e-14
replay-ablation-1-00,Matin2012_state_002,True,8.881784197001252e-16,4.248215072955225e-17,,SUCCESS,True,[],2.2737367544323206e-13
replay-ablation-1-00,Matin2012_state_003,True,0.0,2.1114738525428273e-17,,SUCCESS,True,[],2.2737367544323206e-13
replay-ablation-1-00,Matin2012_state_004,True,4.440892098500626e-16,8.058156402812952e-17,,SUCCESS,True,[],2.2737367544323206e-13
replay-ablation-1-00,Matin2012_state_005,True,1.1102230246251565e-16,1.7534444632201596e-18,,SUCCESS,True,[],1.1368683772161603e-13
replay-ablation-1-00,Matin2012_state_006,True,4.440892098500626e-16,1.758432946983294e-16,,SUCCESS,True,[],1.4210854715202004e-13
replay-ablation-1-00,Matin2012_state_007,True,0.0,3.8883454482687757e-17,,SUCCESS,True,[],1.1368683772161603e-13
replay-ablation-1-00,Matin2012_state_008,True,4.440892098500626e-16,1.3389059463597903e-16,,SUCCESS,True,[],1.1368683772161603e-13
replay-ablation-1-00,Matin2012_state_009,True,4.440892098500626e-16,1.8442642134110577e-17,,SUCCESS,True,[],2.2737367544323206e-13
replay-ablation-1-00,Matin2012_state_010,True,4.440892098500626e-16,8.25820221479319e-17,,SUCCESS,True,[],1.4210854715202004e-13
replay-ablation-1-00,Matin2012_state_011,True,4.440892098500626e-16,2.423231742896003e-16,,SUCCESS,True,[],1.2789769243681803e-13
replay-ablation-1-00,Matin2012_state_012,True,0.0,1.2106275295218497e-16,,SUCCESS,True,[],3.410605131648481e-13
replay-ablation-1-00,Matin2012_state_013,True,4.440892098500626e-16,1.6446470600643286e-16,,SUCCESS,True,[],1.7053025658242404e-13
replay-ablation-1-00,Matin2012_state_014,True,4.440892098500626e-16,4.0481353183671287e-17,,SUCCESS,True,[],2.2737367544323206e-13
replay-ablation-1-00,Matin2012_state_015,True,8.881784197001252e-16,1.9387519758410388e-17,,SUCCESS,True,[],2.5579538487363607e-13
replay-ablation-1-00,Matin2012_state_017,True,1.1102230246251565e-16,3.14920076888638e-16,,SUCCESS,True,[],1.8474111129762605e-13
replay-ablation-1-00,Matin2012_state_018,True,4.440892098500626e-16,5.809912507079146e-16,,SUCCESS,True,[],1.1368683772161603e-13
replay-ablation-1-00,Matin2012_state_019,True,4.440892098500626e-16,5.071581442214685e-16,,SUCCESS,True,[],8.526512829121202e-14
replay-ablation-2-11,vle_obs_0119,True,4.440892098500626e-16,3.60492353101171e-17,,SUCCESS,True,[],2.842170943040401e-14
replay-ablation-2-11,vle_obs_0120,True,1.1102230246251565e-16,1.929687110198758e-17,,SUCCESS,True,[],5.684341886080802e-14
replay-ablation-2-11,vle_obs_0121,True,2.220446049250313e-16,1.1031093383896681e-16,,SUCCESS,True,[],5.684341886080802e-14
replay-ablation-2-11,vle_obs_0122,True,4.440892098500626e-16,4.0783438853117547e-17,,SUCCESS,True,[],5.684341886080802e-14
replay-ablation-2-11,vle_obs_0123,True,1.1102230246251565e-16,7.638047255638118e-17,,SUCCESS,True,[],5.684341886080802e-14
replay-ablation-2-11,vle_obs_0124,True,4.440892098500626e-16,1.3215345722732084e-16,,SUCCESS,True,[],5.684341886080802e-14
replay-ablation-2-11,vle_obs_0125,True,8.881784197001252e-16,8.360003324505997e-17,,SUCCESS,True,[],5.684341886080802e-14
replay-ablation-2-11,vle_obs_0126,True,0.0,9.950221479377942e-17,,SUCCESS,True,[],5.684341886080802e-14
replay-ablation-2-11,vle_obs_0127,True,2.220446049250313e-16,1.156041160227294e-16,,SUCCESS,True,[],1.1368683772161603e-13
replay-ablation-2-11,vle_obs_0128,True,4.440892098500626e-16,1.0469045003426176e-16,,SUCCESS,True,[],5.684341886080802e-14
replay-ablation-2-11,vle_obs_0129,True,2.220446049250313e-16,2.2959039447126987e-17,,SUCCESS,True,[],4.263256414560601e-14
replay-ablation-2-11,vle_obs_0130,True,0.0,9.52484493496015e-18,,SUCCESS,True,[],1.7053025658242404e-13
replay-ablation-2-11,vle_obs_0131,True,1.1102230246251565e-16,1.9296005141624928e-16,,SUCCESS,True,[],4.263256414560601e-14
replay-ablation-2-11,vle_obs_0132,True,8.881784197001252e-16,1.042054311752155e-16,,SUCCESS,True,[],5.684341886080802e-14
replay-ablation-2-11,vle_obs_0133,True,8.881784197001252e-16,1.0393666225264318e-16,,SUCCESS,True,[],5.684341886080802e-14
replay-ablation-2-11,vle_obs_0134,True,2.220446049250313e-16,6.074052002683746e-17,,SUCCESS,True,[],1.1368683772161603e-13
replay-ablation-2-11,vle_obs_0135,True,1.1102230246251565e-16,1.4479080273238956e-17,,SUCCESS,True,[],5.684341886080802e-14
replay-ablation-2-11,vle_obs_0136,True,4.440892098500626e-16,1.4972894119996732e-16,,SUCCESS,True,[],1.4210854715202004e-13
replay-ablation-2-11,vle_obs_0137,True,8.881784197001252e-16,1.780844446705654e-16,,SUCCESS,True,[],5.684341886080802e-14
replay-ablation-2-11,vle_obs_0138,True,8.881784197001252e-16,2.6440969291005276e-16,,SUCCESS,True,[],5.684341886080802e-14
replay-ablation-2-11,vle_obs_0139,True,0.0,2.5896599633674445e-16,,SUCCESS,True,[],8.526512829121202e-14
replay-ablation-2-11,vle_obs_0140,True,8.881784197001252e-16,4.083245985158974e-16,,SUCCESS,True,[],5.684341886080802e-14
replay-ablation-2-11,vle_obs_0141,True,1.1102230246251565e-16,3.113546119568992e-16,,SUCCESS,True,[],8.526512829121202e-14
replay-ablation-2-11,vle_obs_0142,True,4.440892098500626e-16,3.8549344922587275e-16,,SUCCESS,True,[],5.684341886080802e-14
replay-ablation-2-11,vle_obs_0143,True,0.0,2.44225225684109e-17,,SUCCESS,True,[],8.526512829121202e-14
replay-ablation-2-11,vle_obs_0144,True,4.440892098500626e-16,1.0466794123877852e-16,,SUCCESS,True,[],2.842170943040401e-14
replay-ablation-2-11,vle_obs_0145,True,4.440892098500626e-16,1.2471009050618502e-16,,SUCCESS,True,[],8.526512829121202e-14
replay-ablation-2-11,vle_obs_0146,True,1.1102230246251565e-16,5.99211734036969e-17,,SUCCESS,True,[],5.684341886080802e-14
replay-ablation-2-11,vle_obs_0147,True,1.1102230246251565e-16,2.4706096448245113e-16,,SUCCESS,True,[],8.526512829121202e-14
replay-ablation-2-11,vle_obs_0148,True,4.440892098500626e-16,3.638157601254206e-16,,SUCCESS,True,[],5.684341886080802e-14
replay-ablation-2-11,vle_obs_0149,True,4.440892098500626e-16,5.398140876979884e-16,,SUCCESS,True,[],5.684341886080802e-14
replay-ablation-2-11,vle_obs_0186,True,4.440892098500626e-16,6.085329148160014e-17,,SUCCESS,True,[],8.526512829121202e-14
replay-ablation-2-11,vle_obs_0187,True,1.1102230246251565e-16,5.988825009939011e-17,,SUCCESS,True,[],5.684341886080802e-14
replay-ablation-2-11,vle_obs_0188,True,1.1102230246251565e-16,4.9872466785931413e-17,,SUCCESS,True,[],5.684341886080802e-14
replay-ablation-2-11,vle_obs_0189,True,1.1102230246251565e-16,5.1687837575201287e-17,,SUCCESS,True,[],5.684341886080802e-14
replay-ablation-2-11,vle_obs_0190,True,0.0,4.811609238448633e-16,,SUCCESS,True,[],5.684341886080802e-14
replay-ablation-2-11,vle_obs_0191,True,8.881784197001252e-16,4.770802159623803e-16,,SUCCESS,True,[],5.684341886080802e-14
replay-ablation-2-11,vle_obs_0192,True,8.881784197001252e-16,4.0402736797093227e-16,,SUCCESS,True,[],2.842170943040401e-14
replay-ablation-2-11,vle_obs_0193,True,4.440892098500626e-16,1.5267461942194246e-16,,SUCCESS,True,[],8.526512829121202e-14
replay-ablation-2-11,vle_obs_0194,True,1.1102230246251565e-16,3.567958707175547e-17,,SUCCESS,True,[],5.684341886080802e-14
replay-ablation-2-11,vle_obs_0195,True,2.220446049250313e-16,5.1512436752976896e-17,,SUCCESS,True,[],5.684341886080802e-14
replay-ablation-2-11,vle_obs_0196,True,4.440892098500626e-16,3.341783532030926e-17,,SUCCESS,True,[],8.526512829121202e-14
replay-ablation-2-11,vle_obs_0197,True,0.0,1.553335878691291e-16,,SUCCESS,True,[],1.1368683772161603e-13
replay-ablation-2-11,vle_obs_0198,True,8.881784197001252e-16,1.7812365159430254e-16,,SUCCESS,True,[],4.263256414560601e-14
replay-ablation-2-11,vle_obs_0199,True,1.3322676295501878e-15,5.002756754150427e-16,,SUCCESS,True,[],1.1368683772161603e-13
replay-ablation-2-11,vle_obs_0200,True,4.440892098500626e-16,5.01873483779326e-16,,SUCCESS,True,[],8.526512829121202e-14
replay-ablation-2-11,vle_obs_0201,True,4.440892098500626e-16,2.495126113024711e-16,,SUCCESS,True,[],7.105427357601002e-14
replay-ablation-2-11,vle_obs_0202,True,1.1102230246251565e-16,4.459256707025933e-16,,SUCCESS,True,[],5.684341886080802e-14
replay-ablation-2-11,Bottinger2008_state_030,True,1.3322676295501878e-15,8.505454322793691e-17,,SUCCESS,True,[],1.1368683772161603e-13
replay-ablation-2-11,Bottinger2008_state_031,True,4.440892098500626e-16,6.996264298286138e-17,,SUCCESS,True,[],3.410605131648481e-13
replay-ablation-2-11,Bottinger2008_state_032,True,2.220446049250313e-16,8.981361930311008e-17,,SUCCESS,True,[],1.1368683772161603e-13
replay-ablation-2-11,Bottinger2008_state_033,True,4.440892098500626e-16,2.315439103275006e-17,,SUCCESS,True,[],1.1368683772161603e-13
replay-ablation-2-11,Bottinger2008_state_034,True,1.1102230246251565e-16,5.2910153102358e-17,,SUCCESS,True,[],1.1368683772161603e-13
replay-ablation-2-11,Bottinger2008_state_035,True,1.3322676295501878e-15,2.377846863984053e-16,,SUCCESS,True,[],1.1368683772161603e-13
replay-ablation-2-11,Bottinger2008_state_043,True,8.881784197001252e-16,5.4501973583169785e-17,,SUCCESS,True,[],1.1368683772161603e-13
replay-ablation-2-11,Bottinger2008_state_044,True,4.440892098500626e-16,1.188984688628049e-16,,SUCCESS,True,[],2.8421709430404007e-13
replay-ablation-2-11,Bottinger2008_state_045,True,4.440892098500626e-16,1.161550498305374e-16,,SUCCESS,True,[],1.1368683772161603e-13
replay-ablation-2-11,Bottinger2008_state_047,True,8.881784197001252e-16,2.0212757520034277e-16,,SUCCESS,True,[],1.7053025658242404e-13
replay-ablation-2-11,Bottinger2008_state_048,True,4.440892098500626e-16,2.603634843242631e-16,,SUCCESS,True,[],2.2737367544323206e-13
replay-ablation-2-11,Bottinger2008_state_049,True,6.110667527536862e-13,1.850234163910517e-14,,SUCCESS,True,[],4.547473508864641e-13
replay-ablation-2-11,Bottinger2008_state_050,True,0.0,1.7349951215609973e-16,,SUCCESS,True,[],7.105427357601002e-14
replay-ablation-2-11,Bottinger2008_state_055,True,0.0,6.929434766244517e-18,,SUCCESS,True,[],5.684341886080802e-14
replay-ablation-2-11,Bottinger2008_state_056,True,4.440892098500626e-16,8.1461112999364e-17,,SUCCESS,True,[],8.526512829121202e-14
replay-ablation-2-11,Bottinger2008_state_057,True,4.440892098500626e-16,8.58058769268178e-17,,SUCCESS,True,[],6.394884621840902e-14
replay-ablation-2-11,Bottinger2008_state_058,True,2.220446049250313e-16,1.3288135606809886e-16,,SUCCESS,True,[],7.105427357601002e-14
replay-ablation-2-11,Bottinger2008_state_059,True,1.0613732115416497e-13,2.279002860306106e-15,,SUCCESS,True,[],1.1368683772161603e-13
replay-ablation-2-11,Matin2012_state_001,True,0.0,3.068238794226993e-17,,SUCCESS,True,[],2.2737367544323206e-13
replay-ablation-2-11,Matin2012_state_002,True,1.1102230246251565e-16,3.422420499077081e-17,,SUCCESS,True,[],2.4158453015843406e-13
replay-ablation-2-11,Matin2012_state_003,True,4.440892098500626e-16,1.2312540523658427e-16,,SUCCESS,True,[],2.2737367544323206e-13
replay-ablation-2-11,Matin2012_state_004,True,4.440892098500626e-16,1.4938692268785023e-17,,SUCCESS,True,[],1.5631940186722204e-13
replay-ablation-2-11,Matin2012_state_005,True,4.440892098500626e-16,6.575571542026916e-17,,SUCCESS,True,[],2.2737367544323206e-13
replay-ablation-2-11,Matin2012_state_006,True,4.440892098500626e-16,1.32018008905246e-16,,SUCCESS,True,[],1.5631940186722204e-13
replay-ablation-2-11,Matin2012_state_007,True,4.440892098500626e-16,6.512259572482241e-17,,SUCCESS,True,[],1.7053025658242404e-13
replay-ablation-2-11,Matin2012_state_008,True,1.7763568394002505e-15,1.2885155610943073e-16,,SUCCESS,True,[],8.526512829121202e-14
replay-ablation-2-11,Matin2012_state_009,True,1.1102230246251565e-16,1.0628396042664243e-16,,SUCCESS,True,[],1.9895196601282805e-13
replay-ablation-2-11,Matin2012_state_010,True,2.220446049250313e-16,3.889852026417595e-17,,SUCCESS,True,[],5.684341886080802e-14
replay-ablation-2-11,Matin2012_state_011,True,4.440892098500626e-16,2.690466232719053e-16,,SUCCESS,True,[],1.1368683772161603e-13
replay-ablation-2-11,Matin2012_state_012,True,4.440892098500626e-16,1.0515772212705983e-16,,SUCCESS,True,[],1.1368683772161603e-13
replay-ablation-2-11,Matin2012_state_013,True,0.0,4.139176203845174e-18,,SUCCESS,True,[],2.2737367544323206e-13
replay-ablation-2-11,Matin2012_state_014,True,4.440892098500626e-16,2.126971298133874e-18,,SUCCESS,True,[],1.1368683772161603e-13
replay-ablation-2-11,Matin2012_state_015,True,0.0,5.904562484774397e-17,,SUCCESS,True,[],1.1368683772161603e-13
replay-ablation-2-11,Matin2012_state_017,True,4.440892098500626e-16,4.48138054804421e-16,,SUCCESS,True,[],1.1368683772161603e-13
replay-ablation-2-11,Matin2012_state_018,True,4.440892098500626e-16,5.2056460695728e-16,,SUCCESS,True,[],1.1368683772161603e-13
replay-ablation-2-11,Matin2012_state_019,True,8.881784197001252e-16,3.8421668405778593e-16,,SUCCESS,True,[],1.7053025658242404e-13
replay-ablation-2-00,vle_obs_0119,True,8.881784197001252e-16,1.0238000143680152e-16,,SUCCESS,True,[],5.684341886080802e-14
replay-ablation-2-00,vle_obs_0120,True,8.881784197001252e-16,1.2876606990359058e-16,,SUCCESS,True,[],8.526512829121202e-14
replay-ablation-2-00,vle_obs_0121,True,1.1102230246251565e-16,2.1945426108811936e-17,,SUCCESS,True,[],2.842170943040401e-14
replay-ablation-2-00,vle_obs_0122,True,2.220446049250313e-16,5.3141097518175286e-17,,SUCCESS,True,[],2.842170943040401e-14
replay-ablation-2-00,vle_obs_0123,True,0.0,4.7813786329867874e-17,,SUCCESS,True,[],5.684341886080802e-14
replay-ablation-2-00,vle_obs_0124,True,1.1102230246251565e-16,6.727735082502574e-17,,SUCCESS,True,[],8.526512829121202e-14
replay-ablation-2-00,vle_obs_0125,True,4.440892098500626e-16,2.7688633333364616e-17,,SUCCESS,True,[],1.1368683772161603e-13
replay-ablation-2-00,vle_obs_0126,True,0.0,1.2147907315683483e-16,,SUCCESS,True,[],1.1368683772161603e-13
replay-ablation-2-00,vle_obs_0127,True,4.440892098500626e-16,1.3921658617705074e-17,,SUCCESS,True,[],5.684341886080802e-14
replay-ablation-2-00,vle_obs_0128,True,4.440892098500626e-16,1.2433618684117272e-16,,SUCCESS,True,[],8.526512829121202e-14
replay-ablation-2-00,vle_obs_0129,True,1.1102230246251565e-16,1.9992795081949858e-17,,SUCCESS,True,[],5.684341886080802e-14
replay-ablation-2-00,vle_obs_0130,True,4.440892098500626e-16,7.279272628410334e-17,,SUCCESS,True,[],7.105427357601002e-14
replay-ablation-2-00,vle_obs_0131,True,4.440892098500626e-16,1.451243769540352e-16,,SUCCESS,True,[],5.684341886080802e-14
replay-ablation-2-00,vle_obs_0132,True,2.220446049250313e-16,2.1021121031013867e-16,,SUCCESS,True,[],1.1368683772161603e-13
replay-ablation-2-00,vle_obs_0133,True,0.0,1.655632544112824e-16,,SUCCESS,True,[],7.105427357601002e-14
replay-ablation-2-00,vle_obs_0134,True,1.1102230246251565e-16,1.0216696722605265e-16,,SUCCESS,True,[],5.684341886080802e-14
replay-ablation-2-00,vle_obs_0135,True,4.440892098500626e-16,1.4110835131483647e-16,,SUCCESS,True,[],5.684341886080802e-14
replay-ablation-2-00,vle_obs_0136,True,4.440892098500626e-16,1.9932894742555815e-16,,SUCCESS,True,[],1.1368683772161603e-13
replay-ablation-2-00,vle_obs_0137,True,0.0,2.565693052521255e-16,,SUCCESS,True,[],5.684341886080802e-14
replay-ablation-2-00,vle_obs_0138,True,4.440892098500626e-16,3.460247551966227e-16,,SUCCESS,True,[],5.684341886080802e-14
replay-ablation-2-00,vle_obs_0139,True,0.0,2.7361167850630077e-16,,SUCCESS,True,[],2.842170943040401e-14
replay-ablation-2-00,vle_obs_0140,True,4.440892098500626e-16,7.065560055116752e-16,,SUCCESS,True,[],5.684341886080802e-14
replay-ablation-2-00,vle_obs_0141,True,1.1102230246251565e-16,4.398303870053276e-16,,SUCCESS,True,[],9.947598300641403e-14
replay-ablation-2-00,vle_obs_0142,True,4.440892098500626e-16,5.009263008441048e-16,,SUCCESS,True,[],5.684341886080802e-14
replay-ablation-2-00,vle_obs_0143,True,2.220446049250313e-16,2.4584485345209255e-17,,SUCCESS,True,[],5.684341886080802e-14
replay-ablation-2-00,vle_obs_0144,True,1.1102230246251565e-16,3.3685871105407555e-17,,SUCCESS,True,[],5.684341886080802e-14
replay-ablation-2-00,vle_obs_0145,True,4.440892098500626e-16,1.0640917162560403e-16,,SUCCESS,True,[],5.684341886080802e-14
replay-ablation-2-00,vle_obs_0146,True,4.440892098500626e-16,1.721501098628449e-16,,SUCCESS,True,[],7.815970093361102e-14
replay-ablation-2-00,vle_obs_0147,True,3.3306690738754696e-16,5.64049122638644e-17,,SUCCESS,True,[],1.1368683772161603e-13
replay-ablation-2-00,vle_obs_0148,True,4.440892098500626e-16,4.531960876422133e-16,,SUCCESS,True,[],1.1368683772161603e-13
replay-ablation-2-00,vle_obs_0149,True,8.881784197001252e-16,5.41622068392151e-16,,SUCCESS,True,[],5.684341886080802e-14
replay-ablation-2-00,vle_obs_0186,True,1.1102230246251565e-16,6.947844850286576e-17,,SUCCESS,True,[],1.1368683772161603e-13
replay-ablation-2-00,vle_obs_0187,True,1.1102230246251565e-16,3.495166404301542e-17,,SUCCESS,True,[],5.684341886080802e-14
replay-ablation-2-00,vle_obs_0188,True,4.440892098500626e-16,6.175565781054838e-17,,SUCCESS,True,[],1.1368683772161603e-13
replay-ablation-2-00,vle_obs_0189,True,4.440892098500626e-16,1.3404445647240591e-16,,SUCCESS,True,[],5.684341886080802e-14
replay-ablation-2-00,vle_obs_0190,True,0.0,4.496105929782547e-16,,SUCCESS,True,[],5.684341886080802e-14
replay-ablation-2-00,vle_obs_0191,True,1.3322676295501878e-15,2.3553978524194716e-16,,SUCCESS,True,[],1.1368683772161603e-13
replay-ablation-2-00,vle_obs_0192,True,4.440892098500626e-16,3.6311122705231185e-16,,SUCCESS,True,[],1.1368683772161603e-13
replay-ablation-2-00,vle_obs_0193,True,2.220446049250313e-16,3.040457335753879e-16,,SUCCESS,True,[],5.684341886080802e-14
replay-ablation-2-00,vle_obs_0194,True,4.440892098500626e-16,1.3827224268563126e-17,,SUCCESS,True,[],5.684341886080802e-14
replay-ablation-2-00,vle_obs_0195,True,4.440892098500626e-16,2.3244729693227064e-17,,SUCCESS,True,[],5.684341886080802e-14
replay-ablation-2-00,vle_obs_0196,True,0.0,4.530584597437678e-17,,SUCCESS,True,[],5.684341886080802e-14
replay-ablation-2-00,vle_obs_0197,True,1.3322676295501878e-15,1.8056171313495159e-16,,SUCCESS,True,[],1.4210854715202004e-13
replay-ablation-2-00,vle_obs_0198,True,4.440892098500626e-16,8.488981764486586e-17,,SUCCESS,True,[],5.684341886080802e-14
replay-ablation-2-00,vle_obs_0199,True,0.0,4.651995775362637e-16,,SUCCESS,True,[],1.1368683772161603e-13
replay-ablation-2-00,vle_obs_0200,True,0.0,2.7826042572788633e-16,,SUCCESS,True,[],8.526512829121202e-14
replay-ablation-2-00,vle_obs_0201,True,1.3322676295501878e-15,4.264920391402044e-16,,SUCCESS,True,[],8.526512829121202e-14
replay-ablation-2-00,vle_obs_0202,True,4.440892098500626e-16,4.693880550707124e-16,,SUCCESS,True,[],1.1368683772161603e-13
replay-ablation-2-00,Bottinger2008_state_030,True,4.440892098500626e-16,6.503643047823283e-17,,SUCCESS,True,[],2.2737367544323206e-13
replay-ablation-2-00,Bottinger2008_state_031,True,4.440892098500626e-16,4.03501476817827e-18,,SUCCESS,True,[],2.2737367544323206e-13
replay-ablation-2-00,Bottinger2008_state_032,True,4.440892098500626e-16,1.3206394174110203e-16,,SUCCESS,True,[],8.526512829121202e-14
replay-ablation-2-00,Bottinger2008_state_033,True,4.440892098500626e-16,1.8196101240568467e-16,,SUCCESS,True,[],1.7053025658242404e-13
replay-ablation-2-00,Bottinger2008_state_034,True,4.440892098500626e-16,1.0730139723069575e-17,,SUCCESS,True,[],7.105427357601002e-14
replay-ablation-2-00,Bottinger2008_state_035,True,4.440892098500626e-16,1.9494921727639628e-16,,SUCCESS,True,[],2.1316282072803006e-13
replay-ablation-2-00,Bottinger2008_state_043,True,4.440892098500626e-16,6.48326355393424e-17,,SUCCESS,True,[],1.1368683772161603e-13
replay-ablation-2-00,Bottinger2008_state_044,True,8.615330671091215e-13,3.040944123087306e-13,,SUCCESS,True,[],7.958078640513122e-13
replay-ablation-2-00,Bottinger2008_state_045,True,1.3322676295501878e-15,2.1457699468779526e-16,,SUCCESS,True,[],1.1368683772161603e-13
replay-ablation-2-00,Bottinger2008_state_047,True,4.440892098500626e-16,7.889680348080036e-17,,SUCCESS,True,[],1.1368683772161603e-13
replay-ablation-2-00,Bottinger2008_state_048,True,0.0,3.1956825858009504e-16,,SUCCESS,True,[],2.5579538487363607e-13
replay-ablation-2-00,Bottinger2008_state_049,True,4.440892098500626e-16,1.8533112302360573e-16,,SUCCESS,True,[],1.1368683772161603e-13
replay-ablation-2-00,Bottinger2008_state_050,True,8.881784197001252e-16,8.951803518409352e-17,,SUCCESS,True,[],1.7053025658242404e-13
replay-ablation-2-00,Bottinger2008_state_055,True,8.881784197001252e-16,1.3244580119762814e-16,,SUCCESS,True,[],2.8421709430404007e-13
replay-ablation-2-00,Bottinger2008_state_056,True,0.0,2.591823460259563e-18,,SUCCESS,True,[],5.684341886080802e-14
replay-ablation-2-00,Bottinger2008_state_057,True,8.881784197001252e-16,1.326103161009014e-16,,SUCCESS,True,[],2.2737367544323206e-13
replay-ablation-2-00,Bottinger2008_state_058,True,4.440892098500626e-16,1.702219812071564e-17,,SUCCESS,True,[],5.684341886080802e-14
replay-ablation-2-00,Bottinger2008_state_059,True,8.881784197001252e-16,1.7159719438217664e-16,,SUCCESS,True,[],1.7053025658242404e-13
replay-ablation-2-00,Matin2012_state_001,True,0.0,1.6485644075861066e-17,,SUCCESS,True,[],3.410605131648481e-13
replay-ablation-2-00,Matin2012_state_002,True,1.1102230246251565e-16,3.774875262718858e-17,,SUCCESS,True,[],1.4210854715202004e-13
replay-ablation-2-00,Matin2012_state_003,True,4.440892098500626e-16,8.341175748184662e-18,,SUCCESS,True,[],1.1368683772161603e-13
replay-ablation-2-00,Matin2012_state_004,True,8.881784197001252e-16,7.010515327930058e-17,,SUCCESS,True,[],4.547473508864641e-13
replay-ablation-2-00,Matin2012_state_005,True,4.440892098500626e-16,7.131084530134097e-17,,SUCCESS,True,[],2.4158453015843406e-13
replay-ablation-2-00,Matin2012_state_006,True,4.440892098500626e-16,1.1853957122052515e-16,,SUCCESS,True,[],2.8421709430404007e-13
replay-ablation-2-00,Matin2012_state_007,True,8.881784197001252e-16,1.2853744698405386e-16,,SUCCESS,True,[],2.2737367544323206e-13
replay-ablation-2-00,Matin2012_state_008,True,8.881784197001252e-16,3.776895714406969e-17,,SUCCESS,True,[],1.1368683772161603e-13
replay-ablation-2-00,Matin2012_state_009,True,1.3322676295501878e-15,8.534430181580321e-17,,SUCCESS,True,[],1.1368683772161603e-13
replay-ablation-2-00,Matin2012_state_010,True,1.1102230246251565e-16,8.035173759776074e-17,,SUCCESS,True,[],1.7053025658242404e-13
replay-ablation-2-00,Matin2012_state_011,True,1.1102230246251565e-16,2.637130380224779e-16,,SUCCESS,True,[],1.7053025658242404e-13
replay-ablation-2-00,Matin2012_state_012,True,2.220446049250313e-16,2.8088608951306606e-17,,SUCCESS,True,[],8.526512829121202e-14
replay-ablation-2-00,Matin2012_state_013,True,8.881784197001252e-16,4.2799473843485006e-17,,SUCCESS,True,[],1.7053025658242404e-13
replay-ablation-2-00,Matin2012_state_014,True,1.1102230246251565e-16,2.8547635312262495e-17,,SUCCESS,True,[],1.4210854715202004e-13
replay-ablation-2-00,Matin2012_state_015,True,1.1102230246251565e-16,1.2980742591043041e-16,,SUCCESS,True,[],3.410605131648481e-13
replay-ablation-2-00,Matin2012_state_017,True,8.881784197001252e-16,8.74909168361994e-17,,SUCCESS,True,[],2.2737367544323206e-13
replay-ablation-2-00,Matin2012_state_018,True,0.0,4.142472259113196e-16,,SUCCESS,True,[],1.2789769243681803e-13
replay-ablation-2-00,Matin2012_state_019,True,4.440892098500626e-16,4.714491394970676e-16,,SUCCESS,True,[],1.7053025658242404e-13
replay-ablation-3-11,vle_obs_0119,True,2.220446049250313e-16,4.4215802722723165e-17,,SUCCESS,True,[],5.684341886080802e-14
replay-ablation-3-11,vle_obs_0120,True,4.440892098500626e-16,1.3120938393973211e-17,,SUCCESS,True,[],4.263256414560601e-14
replay-ablation-3-11,vle_obs_0121,True,0.0,7.203892433339373e-17,,SUCCESS,True,[],5.684341886080802e-14
replay-ablation-3-11,vle_obs_0122,True,1.1102230246251565e-16,7.645865206585604e-17,,SUCCESS,True,[],5.684341886080802e-14
replay-ablation-3-11,vle_obs_0123,True,1.1102230246251565e-16,6.173546355868423e-17,,SUCCESS,True,[],2.842170943040401e-14
replay-ablation-3-11,vle_obs_0124,True,4.440892098500626e-16,1.6898881866696384e-16,,SUCCESS,True,[],2.842170943040401e-14
replay-ablation-3-11,vle_obs_0125,True,0.0,1.428037605617205e-16,,SUCCESS,True,[],8.526512829121202e-14
replay-ablation-3-11,vle_obs_0126,True,0.0,7.459934823316214e-17,,SUCCESS,True,[],1.1368683772161603e-13
replay-ablation-3-11,vle_obs_0127,True,4.440892098500626e-16,3.067060873859646e-17,,SUCCESS,True,[],8.526512829121202e-14
replay-ablation-3-11,vle_obs_0128,True,0.0,8.935495633651351e-17,,SUCCESS,True,[],5.684341886080802e-14
replay-ablation-3-11,vle_obs_0129,True,4.440892098500626e-16,1.1480103442931172e-16,,SUCCESS,True,[],5.684341886080802e-14
replay-ablation-3-11,vle_obs_0130,True,4.440892098500626e-16,5.913084947323318e-17,,SUCCESS,True,[],5.684341886080802e-14
replay-ablation-3-11,vle_obs_0131,True,2.220446049250313e-16,2.786962807272978e-17,,SUCCESS,True,[],5.684341886080802e-14
replay-ablation-3-11,vle_obs_0132,True,4.440892098500626e-16,7.245301022600489e-17,,SUCCESS,True,[],1.1368683772161603e-13
replay-ablation-3-11,vle_obs_0133,True,4.440892098500626e-16,2.1968816710860127e-16,,SUCCESS,True,[],7.105427357601002e-14
replay-ablation-3-11,vle_obs_0134,True,4.440892098500626e-16,3.0865240456980674e-16,,SUCCESS,True,[],5.684341886080802e-14
replay-ablation-3-11,vle_obs_0135,True,2.220446049250313e-16,1.2525685612372744e-16,,SUCCESS,True,[],7.105427357601002e-14
replay-ablation-3-11,vle_obs_0136,True,4.440892098500626e-16,1.2412136842344317e-16,,SUCCESS,True,[],5.684341886080802e-14
replay-ablation-3-11,vle_obs_0137,True,8.881784197001252e-16,2.402609253436697e-16,,SUCCESS,True,[],1.1368683772161603e-13
replay-ablation-3-11,vle_obs_0138,True,4.440892098500626e-16,1.3728701938395062e-16,,SUCCESS,True,[],5.684341886080802e-14
replay-ablation-3-11,vle_obs_0139,True,4.440892098500626e-16,1.8411003762813408e-16,,SUCCESS,True,[],5.684341886080802e-14
replay-ablation-3-11,vle_obs_0140,True,1.1102230246251565e-16,5.191875573706412e-16,,SUCCESS,True,[],8.526512829121202e-14
replay-ablation-3-11,vle_obs_0141,True,4.440892098500626e-16,4.1522073318223234e-16,,SUCCESS,True,[],8.526512829121202e-14
replay-ablation-3-11,vle_obs_0142,True,4.440892098500626e-16,6.4241366244276e-16,,SUCCESS,True,[],5.684341886080802e-14
replay-ablation-3-11,vle_obs_0143,True,2.220446049250313e-16,1.9607591108828415e-16,,SUCCESS,True,[],5.684341886080802e-14
replay-ablation-3-11,vle_obs_0144,True,1.1102230246251565e-16,5.78208416710449e-17,,SUCCESS,True,[],5.684341886080802e-14
replay-ablation-3-11,vle_obs_0145,True,1.1102230246251565e-16,1.002975028082899e-16,,SUCCESS,True,[],7.815970093361102e-14
replay-ablation-3-11,vle_obs_0146,True,0.0,2.2136142980303413e-16,,SUCCESS,True,[],5.684341886080802e-14
replay-ablation-3-11,vle_obs_0147,True,1.1102230246251565e-16,9.667633535867467e-17,,SUCCESS,True,[],9.947598300641403e-14
replay-ablation-3-11,vle_obs_0148,True,4.440892098500626e-16,6.138891792904066e-16,,SUCCESS,True,[],2.842170943040401e-14
replay-ablation-3-11,vle_obs_0149,True,4.440892098500626e-16,5.115208123087277e-16,,SUCCESS,True,[],4.263256414560601e-14
replay-ablation-3-11,vle_obs_0186,True,4.440892098500626e-16,6.843504702448906e-17,,SUCCESS,True,[],5.684341886080802e-14
replay-ablation-3-11,vle_obs_0187,True,4.440892098500626e-16,1.3597399183787772e-16,,SUCCESS,True,[],5.684341886080802e-14
replay-ablation-3-11,vle_obs_0188,True,8.881784197001252e-16,1.3959418907140745e-16,,SUCCESS,True,[],5.684341886080802e-14
replay-ablation-3-11,vle_obs_0189,True,8.881784197001252e-16,2.1926902508043991e-16,,SUCCESS,True,[],5.684341886080802e-14
replay-ablation-3-11,vle_obs_0190,True,8.881784197001252e-16,4.727953408963198e-16,,SUCCESS,True,[],5.684341886080802e-14
replay-ablation-3-11,vle_obs_0191,True,8.881784197001252e-16,3.0747497262160733e-16,,SUCCESS,True,[],5.684341886080802e-14
replay-ablation-3-11,vle_obs_0192,True,1.3322676295501878e-15,5.698712318535672e-16,,SUCCESS,True,[],5.684341886080802e-14
replay-ablation-3-11,vle_obs_0193,True,8.881784197001252e-16,3.9593943715113044e-16,,SUCCESS,True,[],5.684341886080802e-14
replay-ablation-3-11,vle_obs_0194,True,8.881784197001252e-16,1.8463921874415668e-17,,SUCCESS,True,[],1.4210854715202004e-14
replay-ablation-3-11,vle_obs_0195,True,1.1102230246251565e-16,1.6799144963242713e-16,,SUCCESS,True,[],5.684341886080802e-14
replay-ablation-3-11,vle_obs_0196,True,4.440892098500626e-16,2.4756089040403136e-17,,SUCCESS,True,[],5.684341886080802e-14
replay-ablation-3-11,vle_obs_0197,True,4.440892098500626e-16,2.3969059111823444e-16,,SUCCESS,True,[],9.947598300641403e-14
replay-ablation-3-11,vle_obs_0198,True,4.440892098500626e-16,1.9173990477846252e-16,,SUCCESS,True,[],2.842170943040401e-14
replay-ablation-3-11,vle_obs_0199,True,4.440892098500626e-16,3.668180812047136e-16,,SUCCESS,True,[],7.105427357601002e-14
replay-ablation-3-11,vle_obs_0200,True,0.0,5.143382416241988e-16,,SUCCESS,True,[],5.684341886080802e-14
replay-ablation-3-11,vle_obs_0201,True,4.440892098500626e-16,3.419521719129588e-16,,SUCCESS,True,[],5.684341886080802e-14
replay-ablation-3-11,vle_obs_0202,True,4.440892098500626e-16,4.587755275434984e-16,,SUCCESS,True,[],5.684341886080802e-14
replay-ablation-3-11,Bottinger2008_state_030,True,4.440892098500626e-16,6.92772889696225e-17,,SUCCESS,True,[],4.547473508864641e-13
replay-ablation-3-11,Bottinger2008_state_031,True,8.881784197001252e-16,3.131323441965637e-17,,SUCCESS,True,[],2.5579538487363607e-13
replay-ablation-3-11,Bottinger2008_state_032,True,4.440892098500626e-16,1.2597677882323092e-17,,SUCCESS,True,[],1.1368683772161603e-13
replay-ablation-3-11,Bottinger2008_state_033,True,8.881784197001252e-16,1.0027353294863917e-16,,SUCCESS,True,[],3.410605131648481e-13
replay-ablation-3-11,Bottinger2008_state_034,True,1.1102230246251565e-16,8.552635211865675e-17,,SUCCESS,True,[],1.7053025658242404e-13
replay-ablation-3-11,Bottinger2008_state_035,True,4.440892098500626e-16,8.929984400099845e-18,,SUCCESS,True,[],2.2737367544323206e-13
replay-ablation-3-11,Bottinger2008_state_043,True,0.0,3.950140829318446e-17,,SUCCESS,True,[],1.9895196601282805e-13
replay-ablation-3-11,Bottinger2008_state_044,True,4.440892098500626e-16,1.2065128410383278e-16,,SUCCESS,True,[],1.1368683772161603e-13
replay-ablation-3-11,Bottinger2008_state_045,True,4.440892098500626e-16,1.0126760815776054e-17,,SUCCESS,True,[],1.1368683772161603e-13
replay-ablation-3-11,Bottinger2008_state_047,True,8.881784197001252e-16,2.3069776100412077e-16,,SUCCESS,True,[],2.2737367544323206e-13
replay-ablation-3-11,Bottinger2008_state_048,True,1.1102230246251565e-16,9.849597130674181e-17,,SUCCESS,True,[],8.526512829121202e-14
replay-ablation-3-11,Bottinger2008_state_049,True,1.305622276959184e-13,1.3562164433063203e-14,,SUCCESS,True,[],2.2737367544323206e-13
replay-ablation-3-11,Bottinger2008_state_050,True,0.0,3.968859133891646e-18,,SUCCESS,True,[],1.7053025658242404e-13
replay-ablation-3-11,Bottinger2008_state_055,True,4.440892098500626e-16,3.6121305242059024e-17,,SUCCESS,True,[],2.2737367544323206e-13
replay-ablation-3-11,Bottinger2008_state_056,True,4.1655567883935873e-13,1.771504990408574e-13,,SUCCESS,True,[],3.979039320256561e-13
replay-ablation-3-11,Bottinger2008_state_057,True,4.440892098500626e-16,1.6241698338981002e-16,,SUCCESS,True,[],1.1368683772161603e-13
replay-ablation-3-11,Bottinger2008_state_058,True,4.440892098500626e-16,2.6207655639864944e-16,,SUCCESS,True,[],8.526512829121202e-14
replay-ablation-3-11,Bottinger2008_state_059,True,8.881784197001252e-16,9.26520754971176e-17,,SUCCESS,True,[],1.1368683772161603e-13
replay-ablation-3-11,Matin2012_state_001,True,8.881784197001252e-16,1.5190563130373583e-16,,SUCCESS,True,[],2.2737367544323206e-13
replay-ablation-3-11,Matin2012_state_002,True,4.440892098500626e-16,3.6655199879964357e-17,,SUCCESS,True,[],2.2737367544323206e-13
replay-ablation-3-11,Matin2012_state_003,True,8.881784197001252e-16,5.727661920796589e-17,,SUCCESS,True,[],3.979039320256561e-13
replay-ablation-3-11,Matin2012_state_004,True,1.1102230246251565e-16,3.982317225141106e-17,,SUCCESS,True,[],2.2737367544323206e-13
replay-ablation-3-11,Matin2012_state_005,True,4.440892098500626e-16,1.1900550545272735e-16,,SUCCESS,True,[],1.1368683772161603e-13
replay-ablation-3-11,Matin2012_state_006,True,4.440892098500626e-16,2.0112877346845904e-16,,SUCCESS,True,[],8.526512829121202e-14
replay-ablation-3-11,Matin2012_state_007,True,0.0,6.484521223399774e-17,,SUCCESS,True,[],8.526512829121202e-14
replay-ablation-3-11,Matin2012_state_008,True,8.881784197001252e-16,9.133772390493554e-17,,SUCCESS,True,[],1.7053025658242404e-13
replay-ablation-3-11,Matin2012_state_009,True,8.881784197001252e-16,3.319913418238271e-17,,SUCCESS,True,[],3.410605131648481e-13
replay-ablation-3-11,Matin2012_state_010,True,1.1102230246251565e-16,1.10061176309919e-17,,SUCCESS,True,[],1.1368683772161603e-13
replay-ablation-3-11,Matin2012_state_011,True,2.220446049250313e-16,2.232313724736278e-16,,SUCCESS,True,[],2.2737367544323206e-13
replay-ablation-3-11,Matin2012_state_012,True,8.881784197001252e-16,9.440070881956618e-17,,SUCCESS,True,[],1.1368683772161603e-13
replay-ablation-3-11,Matin2012_state_013,True,0.0,2.3068758510567615e-16,,SUCCESS,True,[],1.1368683772161603e-13
replay-ablation-3-11,Matin2012_state_014,True,6.687983500341943e-13,1.309374134547006e-13,,SUCCESS,True,[],6.252776074688882e-13
replay-ablation-3-11,Matin2012_state_015,True,6.212808045802376e-13,9.747520540374982e-14,,SUCCESS,True,[],5.684341886080801e-13
replay-ablation-3-11,Matin2012_state_017,True,2.220446049250313e-16,5.028693333208518e-17,,SUCCESS,True,[],1.1368683772161603e-13
replay-ablation-3-11,Matin2012_state_018,True,8.881784197001252e-16,5.342038642238663e-16,,SUCCESS,True,[],1.1368683772161603e-13
replay-ablation-3-11,Matin2012_state_019,True,1.2523315717771766e-13,1.633751406240112e-14,,SUCCESS,True,[],1.7053025658242404e-13
replay-ablation-3-00,vle_obs_0119,True,0.0,2.582263874058991e-17,,SUCCESS,True,[],1.1368683772161603e-13
replay-ablation-3-00,vle_obs_0120,True,4.440892098500626e-16,7.991736750774825e-17,,SUCCESS,True,[],5.684341886080802e-14
replay-ablation-3-00,vle_obs_0121,True,4.440892098500626e-16,1.2847147112278457e-16,,SUCCESS,True,[],5.684341886080802e-14
replay-ablation-3-00,vle_obs_0122,True,2.220446049250313e-16,4.070164511203478e-18,,SUCCESS,True,[],5.684341886080802e-14
replay-ablation-3-00,vle_obs_0123,True,1.1102230246251565e-16,6.966387224826079e-17,,SUCCESS,True,[],5.684341886080802e-14
replay-ablation-3-00,vle_obs_0124,True,4.440892098500626e-16,8.00710159443151e-17,,SUCCESS,True,[],9.947598300641403e-14
replay-ablation-3-00,vle_obs_0125,True,1.1102230246251565e-16,1.343144705982475e-16,,SUCCESS,True,[],5.684341886080802e-14
replay-ablation-3-00,vle_obs_0126,True,4.440892098500626e-16,4.3636164298054476e-17,,SUCCESS,True,[],8.526512829121202e-14
replay-ablation-3-00,vle_obs_0127,True,4.440892098500626e-16,8.114941942196153e-17,,SUCCESS,True,[],4.263256414560601e-14
replay-ablation-3-00,vle_obs_0128,True,0.0,4.447058861598406e-18,,SUCCESS,True,[],2.842170943040401e-14
replay-ablation-3-00,vle_obs_0129,True,1.1102230246251565e-16,9.92721332897017e-17,,SUCCESS,True,[],1.1368683772161603e-13
replay-ablation-3-00,vle_obs_0130,True,4.440892098500626e-16,7.745416319058743e-17,,SUCCESS,True,[],1.1368683772161603e-13
replay-ablation-3-00,vle_obs_0131,True,4.440892098500626e-16,1.1093764849839534e-16,,SUCCESS,True,[],5.684341886080802e-14
replay-ablation-3-00,vle_obs_0132,True,4.440892098500626e-16,8.633515379568323e-17,,SUCCESS,True,[],5.684341886080802e-14
replay-ablation-3-00,vle_obs_0133,True,4.440892098500626e-16,7.261822075832711e-18,,SUCCESS,True,[],1.1368683772161603e-13
replay-ablation-3-00,vle_obs_0134,True,1.1102230246251565e-16,1.0836219979066575e-16,,SUCCESS,True,[],1.2789769243681803e-13
replay-ablation-3-00,vle_obs_0135,True,4.440892098500626e-16,2.5928615627284075e-16,,SUCCESS,True,[],5.684341886080802e-14
replay-ablation-3-00,vle_obs_0136,True,4.440892098500626e-16,3.8898352889973557e-17,,SUCCESS,True,[],5.684341886080802e-14
replay-ablation-3-00,vle_obs_0137,True,8.881784197001252e-16,5.868517479481852e-17,,SUCCESS,True,[],9.947598300641403e-14
replay-ablation-3-00,vle_obs_0138,True,8.881784197001252e-16,3.8523031814240044e-16,,SUCCESS,True,[],5.684341886080802e-14
replay-ablation-3-00,vle_obs_0139,True,8.881784197001252e-16,3.2880425579918553e-16,,SUCCESS,True,[],5.684341886080802e-14
replay-ablation-3-00,vle_obs_0140,True,8.881784197001252e-16,5.8635120702472e-16,,SUCCESS,True,[],5.684341886080802e-14
replay-ablation-3-00,vle_obs_0141,True,4.440892098500626e-16,7.25168023394664e-16,,SUCCESS,True,[],5.684341886080802e-14
replay-ablation-3-00,vle_obs_0142,True,0.0,7.867824787840652e-16,,SUCCESS,True,[],5.684341886080802e-14
replay-ablation-3-00,vle_obs_0143,True,4.440892098500626e-16,9.907083516932709e-17,,SUCCESS,True,[],1.1368683772161603e-13
replay-ablation-3-00,vle_obs_0144,True,0.0,7.3941538943671e-17,,SUCCESS,True,[],2.842170943040401e-14
replay-ablation-3-00,vle_obs_0145,True,4.440892098500626e-16,3.532422771519447e-19,,SUCCESS,True,[],5.684341886080802e-14
replay-ablation-3-00,vle_obs_0146,True,2.220446049250313e-16,8.798447523987512e-17,,SUCCESS,True,[],5.684341886080802e-14
replay-ablation-3-00,vle_obs_0147,True,4.440892098500626e-16,1.4023979797580846e-16,,SUCCESS,True,[],5.684341886080802e-14
replay-ablation-3-00,vle_obs_0148,True,4.440892098500626e-16,3.414675352471272e-16,,SUCCESS,True,[],1.1368683772161603e-13
replay-ablation-3-00,vle_obs_0149,True,4.440892098500626e-16,2.8120796245860217e-16,,SUCCESS,True,[],5.684341886080802e-14
replay-ablation-3-00,vle_obs_0186,True,1.1102230246251565e-16,4.125569237877886e-17,,SUCCESS,True,[],5.684341886080802e-14
replay-ablation-3-00,vle_obs_0187,True,2.220446049250313e-16,5.73839401817571e-17,,SUCCESS,True,[],5.684341886080802e-14
replay-ablation-3-00,vle_obs_0188,True,4.440892098500626e-16,1.869102028765828e-17,,SUCCESS,True,[],8.526512829121202e-14
replay-ablation-3-00,vle_obs_0189,True,0.0,1.0668792491314739e-16,,SUCCESS,True,[],8.526512829121202e-14
replay-ablation-3-00,vle_obs_0190,True,8.881784197001252e-16,4.317720777889625e-16,,SUCCESS,True,[],5.684341886080802e-14
replay-ablation-3-00,vle_obs_0191,True,8.881784197001252e-16,6.038091761813332e-16,,SUCCESS,True,[],5.684341886080802e-14
replay-ablation-3-00,vle_obs_0192,True,8.881784197001252e-16,2.28699493469236e-16,,SUCCESS,True,[],1.4210854715202004e-13
replay-ablation-3-00,vle_obs_0193,True,4.440892098500626e-16,5.791785766003732e-16,,SUCCESS,True,[],5.684341886080802e-14
replay-ablation-3-00,vle_obs_0194,True,0.0,1.6133938032484562e-17,,SUCCESS,True,[],1.1368683772161603e-13
replay-ablation-3-00,vle_obs_0195,True,4.440892098500626e-16,7.759046523906895e-17,,SUCCESS,True,[],5.684341886080802e-14
replay-ablation-3-00,vle_obs_0196,True,4.440892098500626e-16,3.904559568970166e-17,,SUCCESS,True,[],5.684341886080802e-14
replay-ablation-3-00,vle_obs_0197,True,4.440892098500626e-16,2.294562482821214e-16,,SUCCESS,True,[],3.552713678800501e-14
replay-ablation-3-00,vle_obs_0198,True,4.440892098500626e-16,2.008393246130446e-16,,SUCCESS,True,[],1.1368683772161603e-13
replay-ablation-3-00,vle_obs_0199,True,8.881784197001252e-16,6.663617811795844e-16,,SUCCESS,True,[],7.105427357601002e-14
replay-ablation-3-00,vle_obs_0200,True,8.881784197001252e-16,3.1805468272711316e-16,,SUCCESS,True,[],8.526512829121202e-14
replay-ablation-3-00,vle_obs_0201,True,1.3322676295501878e-15,3.51164065375506e-16,,SUCCESS,True,[],5.684341886080802e-14
replay-ablation-3-00,vle_obs_0202,True,4.440892098500626e-16,6.303623986933981e-16,,SUCCESS,True,[],5.684341886080802e-14
replay-ablation-3-00,Bottinger2008_state_030,True,2.220446049250313e-16,1.88813062833525e-17,,SUCCESS,True,[],1.7053025658242404e-13
replay-ablation-3-00,Bottinger2008_state_031,True,4.440892098500626e-16,6.555369232282399e-17,,SUCCESS,True,[],3.410605131648481e-13
replay-ablation-3-00,Bottinger2008_state_032,True,4.440892098500626e-16,1.2923746540246573e-16,,SUCCESS,True,[],1.1368683772161603e-13
replay-ablation-3-00,Bottinger2008_state_033,True,1.3322676295501878e-15,1.089571111872636e-16,,SUCCESS,True,[],3.410605131648481e-13
replay-ablation-3-00,Bottinger2008_state_034,True,4.440892098500626e-16,2.003491359621073e-16,,SUCCESS,True,[],1.1368683772161603e-13
replay-ablation-3-00,Bottinger2008_state_035,True,4.440892098500626e-16,1.204604722283706e-16,,SUCCESS,True,[],5.684341886080802e-14
replay-ablation-3-00,Bottinger2008_state_043,True,4.440892098500626e-16,7.206807075980563e-17,,SUCCESS,True,[],8.526512829121202e-14
replay-ablation-3-00,Bottinger2008_state_044,True,2.220446049250313e-16,1.4809483692762964e-16,,SUCCESS,True,[],5.684341886080802e-14
replay-ablation-3-00,Bottinger2008_state_045,True,5.022648963404208e-13,1.7633822735839994e-13,,SUCCESS,True,[],3.410605131648481e-13
replay-ablation-3-00,Bottinger2008_state_047,True,1.1102230246251565e-16,4.823204755761045e-17,,SUCCESS,True,[],8.526512829121202e-14
replay-ablation-3-00,Bottinger2008_state_048,True,0.0,1.0622342651034056e-16,,SUCCESS,True,[],1.1368683772161603e-13
replay-ablation-3-00,Bottinger2008_state_049,True,1.7408297026122455e-13,1.7847578624631653e-14,,SUCCESS,True,[],1.7053025658242404e-13
replay-ablation-3-00,Bottinger2008_state_050,True,4.440892098500626e-16,2.511407942893953e-16,,SUCCESS,True,[],2.2737367544323206e-13
replay-ablation-3-00,Bottinger2008_state_055,True,4.440892098500626e-16,3.135861439448473e-17,,SUCCESS,True,[],2.2737367544323206e-13
replay-ablation-3-00,Bottinger2008_state_056,True,1.1102230246251565e-16,8.764544616641408e-17,,SUCCESS,True,[],4.973799150320701e-14
replay-ablation-3-00,Bottinger2008_state_057,True,1.3322676295501878e-15,1.5548913851331204e-17,,SUCCESS,True,[],1.1368683772161603e-13
replay-ablation-3-00,Bottinger2008_state_058,True,4.440892098500626e-16,1.8633577819976075e-16,,SUCCESS,True,[],1.1368683772161603e-13
replay-ablation-3-00,Bottinger2008_state_059,True,0.0,1.125788915440191e-16,,SUCCESS,True,[],5.684341886080802e-14
replay-ablation-3-00,Matin2012_state_001,True,0.0,6.332857363226007e-17,,SUCCESS,True,[],1.2789769243681803e-13
replay-ablation-3-00,Matin2012_state_002,True,1.3322676295501878e-15,6.631203086182686e-17,,SUCCESS,True,[],1.4210854715202004e-13
replay-ablation-3-00,Matin2012_state_003,True,4.440892098500626e-16,1.752195218472158e-17,,SUCCESS,True,[],2.2737367544323206e-13
replay-ablation-3-00,Matin2012_state_004,True,4.440892098500626e-16,3.880537040700458e-17,,SUCCESS,True,[],1.1368683772161603e-13
replay-ablation-3-00,Matin2012_state_005,True,4.440892098500626e-16,4.106075780975561e-17,,SUCCESS,True,[],3.410605131648481e-13
replay-ablation-3-00,Matin2012_state_006,True,1.1102230246251565e-16,1.6794426428888878e-16,,SUCCESS,True,[],1.1368683772161603e-13
replay-ablation-3-00,Matin2012_state_007,True,4.440892098500626e-16,7.767115122868656e-17,,SUCCESS,True,[],1.1368683772161603e-13
replay-ablation-3-00,Matin2012_state_008,True,0.0,2.4155239949096508e-17,,SUCCESS,True,[],1.1368683772161603e-13
replay-ablation-3-00,Matin2012_state_009,True,1.1102230246251565e-16,1.074634039011879e-17,,SUCCESS,True,[],2.8421709430404007e-13
replay-ablation-3-00,Matin2012_state_010,True,8.881784197001252e-16,4.7131189215004436e-17,,SUCCESS,True,[],1.1368683772161603e-13
replay-ablation-3-00,Matin2012_state_011,True,0.0,9.023745903069915e-17,,SUCCESS,True,[],2.2737367544323206e-13
replay-ablation-3-00,Matin2012_state_012,True,8.881784197001252e-16,5.655106995428427e-19,,SUCCESS,True,[],1.5631940186722204e-13
replay-ablation-3-00,Matin2012_state_013,True,7.056577544517495e-13,1.6166476208686727e-13,,SUCCESS,True,[],6.252776074688882e-13
replay-ablation-3-00,Matin2012_state_014,True,6.687983500341943e-13,1.3089123923204821e-13,,SUCCESS,True,[],5.826450433232822e-13
replay-ablation-3-00,Matin2012_state_015,True,4.440892098500626e-16,5.81181384019533e-17,,SUCCESS,True,[],2.8421709430404007e-13
replay-ablation-3-00,Matin2012_state_017,True,4.440892098500626e-16,5.222186719638536e-17,,SUCCESS,True,[],2.2737367544323206e-13
replay-ablation-3-00,Matin2012_state_018,True,1.7852386235972517e-13,6.2876905646816395e-15,,SUCCESS,True,[],1.9895196601282805e-13
replay-ablation-3-00,Matin2012_state_019,True,4.440892098500626e-16,7.227225241314222e-16,,SUCCESS,True,[],7.105427357601002e-14
replay-ablation-4-11,vle_obs_0119,True,4.440892098500626e-16,9.395137072799227e-17,,SUCCESS,True,[],5.684341886080802e-14
replay-ablation-4-11,vle_obs_0120,True,1.1102230246251565e-16,1.5011678528831456e-16,,SUCCESS,True,[],5.684341886080802e-14
replay-ablation-4-11,vle_obs_0121,True,8.881784197001252e-16,5.587362105664929e-17,,SUCCESS,True,[],5.684341886080802e-14
replay-ablation-4-11,vle_obs_0122,True,4.440892098500626e-16,6.292347754677611e-17,,SUCCESS,True,[],1.1368683772161603e-13
replay-ablation-4-11,vle_obs_0123,True,4.440892098500626e-16,2.4106233949153678e-17,,SUCCESS,True,[],8.526512829121202e-14
replay-ablation-4-11,vle_obs_0124,True,1.1102230246251565e-16,1.6010574628034743e-16,,SUCCESS,True,[],8.526512829121202e-14
replay-ablation-4-11,vle_obs_0125,True,4.440892098500626e-16,1.1212501852000015e-16,,SUCCESS,True,[],5.684341886080802e-14
replay-ablation-4-11,vle_obs_0126,True,4.440892098500626e-16,1.4123131999997709e-16,,SUCCESS,True,[],5.684341886080802e-14
replay-ablation-4-11,vle_obs_0127,True,4.440892098500626e-16,1.3550086876766055e-16,,SUCCESS,True,[],1.1368683772161603e-13
replay-ablation-4-11,vle_obs_0128,True,4.440892098500626e-16,4.88672964603482e-18,,SUCCESS,True,[],5.684341886080802e-14
replay-ablation-4-11,vle_obs_0129,True,4.440892098500626e-16,1.4247549539078959e-16,,SUCCESS,True,[],5.684341886080802e-14
replay-ablation-4-11,vle_obs_0130,True,4.440892098500626e-16,6.2464889858745016e-18,,SUCCESS,True,[],8.526512829121202e-14
replay-ablation-4-11,vle_obs_0131,True,4.440892098500626e-16,2.2072678108033274e-17,,SUCCESS,True,[],7.105427357601002e-14
replay-ablation-4-11,vle_obs_0132,True,4.440892098500626e-16,1.2366263851212788e-16,,SUCCESS,True,[],5.684341886080802e-14
replay-ablation-4-11,vle_obs_0133,True,8.881784197001252e-16,4.666961142212692e-17,,SUCCESS,True,[],5.684341886080802e-14
replay-ablation-4-11,vle_obs_0134,True,0.0,4.697123011361716e-17,,SUCCESS,True,[],7.105427357601002e-14
replay-ablation-4-11,vle_obs_0135,True,4.440892098500626e-16,2.5822292593588575e-17,,SUCCESS,True,[],5.684341886080802e-14
replay-ablation-4-11,vle_obs_0136,True,1.3322676295501878e-15,2.377232422351964e-16,,SUCCESS,True,[],5.684341886080802e-14
replay-ablation-4-11,vle_obs_0137,True,8.881784197001252e-16,2.182443998724741e-16,,SUCCESS,True,[],1.1368683772161603e-13
replay-ablation-4-11,vle_obs_0138,True,4.440892098500626e-16,3.689292865287812e-16,,SUCCESS,True,[],7.105427357601002e-14
replay-ablation-4-11,vle_obs_0139,True,0.0,1.4655605576046268e-16,,SUCCESS,True,[],8.526512829121202e-14
replay-ablation-4-11,vle_obs_0140,True,0.0,5.524797439572987e-16,,SUCCESS,True,[],1.1368683772161603e-13
replay-ablation-4-11,vle_obs_0141,True,4.440892098500626e-16,8.302368535637961e-16,,SUCCESS,True,[],5.684341886080802e-14
replay-ablation-4-11,vle_obs_0142,True,4.440892098500626e-16,4.431205200132949e-16,,SUCCESS,True,[],5.684341886080802e-14
replay-ablation-4-11,vle_obs_0143,True,4.440892098500626e-16,4.246515040271273e-17,,SUCCESS,True,[],5.684341886080802e-14
replay-ablation-4-11,vle_obs_0144,True,0.0,3.4615176242224354e-17,,SUCCESS,True,[],5.684341886080802e-14
replay-ablation-4-11,vle_obs_0145,True,4.440892098500626e-16,1.1296080356701353e-16,,SUCCESS,True,[],5.684341886080802e-14
replay-ablation-4-11,vle_obs_0146,True,4.440892098500626e-16,2.7394902409243434e-16,,SUCCESS,True,[],5.684341886080802e-14
replay-ablation-4-11,vle_obs_0147,True,4.440892098500626e-16,3.9812511593620295e-17,,SUCCESS,True,[],1.2789769243681803e-13
replay-ablation-4-11,vle_obs_0148,True,8.881784197001252e-16,3.1827757195429044e-16,,SUCCESS,True,[],5.684341886080802e-14
replay-ablation-4-11,vle_obs_0149,True,0.0,3.0246929914947634e-16,,SUCCESS,True,[],5.684341886080802e-14
replay-ablation-4-11,vle_obs_0186,True,4.440892098500626e-16,6.105204890305602e-17,,SUCCESS,True,[],5.684341886080802e-14
replay-ablation-4-11,vle_obs_0187,True,1.1102230246251565e-16,6.058640606531495e-17,,SUCCESS,True,[],5.684341886080802e-14
replay-ablation-4-11,vle_obs_0188,True,4.440892098500626e-16,5.939846133378927e-18,,SUCCESS,True,[],7.105427357601002e-14
replay-ablation-4-11,vle_obs_0189,True,0.0,1.4205340439540203e-16,,SUCCESS,True,[],1.1368683772161603e-13
replay-ablation-4-11,vle_obs_0190,True,2.220446049250313e-16,3.9831011857110837e-16,,SUCCESS,True,[],1.1368683772161603e-13
replay-ablation-4-11,vle_obs_0191,True,4.440892098500626e-16,3.087778353385867e-16,,SUCCESS,True,[],5.684341886080802e-14
replay-ablation-4-11,vle_obs_0192,True,4.440892098500626e-16,5.422912814361628e-16,,SUCCESS,True,[],5.684341886080802e-14
replay-ablation-4-11,vle_obs_0193,True,4.440892098500626e-16,6.507215406462221e-16,,SUCCESS,True,[],5.684341886080802e-14
replay-ablation-4-11,vle_obs_0194,True,4.440892098500626e-16,6.40430252759999e-17,,SUCCESS,True,[],5.684341886080802e-14
replay-ablation-4-11,vle_obs_0195,True,4.440892098500626e-16,6.7848167143175296e-18,,SUCCESS,True,[],5.684341886080802e-14
replay-ablation-4-11,vle_obs_0196,True,4.440892098500626e-16,1.6296710056909857e-16,,SUCCESS,True,[],5.684341886080802e-14
replay-ablation-4-11,vle_obs_0197,True,4.440892098500626e-16,4.8271067950482525e-17,,SUCCESS,True,[],5.684341886080802e-14
replay-ablation-4-11,vle_obs_0198,True,4.440892098500626e-16,1.7916965521289144e-16,,SUCCESS,True,[],8.526512829121202e-14
replay-ablation-4-11,vle_obs_0199,True,4.440892098500626e-16,8.249400628073203e-16,,SUCCESS,True,[],5.684341886080802e-14
replay-ablation-4-11,vle_obs_0200,True,4.440892098500626e-16,2.731125890062398e-16,,SUCCESS,True,[],5.684341886080802e-14
replay-ablation-4-11,vle_obs_0201,True,8.881784197001252e-16,4.916939031866644e-16,,SUCCESS,True,[],5.684341886080802e-14
replay-ablation-4-11,vle_obs_0202,True,8.881784197001252e-16,4.769599600829249e-16,,SUCCESS,True,[],7.105427357601002e-14
replay-ablation-4-11,Bottinger2008_state_030,True,8.881784197001252e-16,7.479418890682093e-17,,SUCCESS,True,[],1.7053025658242404e-13
replay-ablation-4-11,Bottinger2008_state_031,True,4.440892098500626e-16,5.856595795339815e-17,,SUCCESS,True,[],2.2737367544323206e-13
replay-ablation-4-11,Bottinger2008_state_032,True,4.440892098500626e-16,6.603529016021355e-17,,SUCCESS,True,[],1.7053025658242404e-13
replay-ablation-4-11,Bottinger2008_state_033,True,8.881784197001252e-16,1.635827343141046e-17,,SUCCESS,True,[],2.2737367544323206e-13
replay-ablation-4-11,Bottinger2008_state_034,True,0.0,1.530719386467042e-16,,SUCCESS,True,[],1.7053025658242404e-13
replay-ablation-4-11,Bottinger2008_state_035,True,4.440892098500626e-16,1.2087011931637076e-16,,SUCCESS,True,[],1.1368683772161603e-13
replay-ablation-4-11,Bottinger2008_state_043,True,4.440892098500626e-16,8.619817605533813e-17,,SUCCESS,True,[],1.5631940186722204e-13
replay-ablation-4-11,Bottinger2008_state_044,True,0.0,8.878211902944542e-17,,SUCCESS,True,[],2.2737367544323206e-13
replay-ablation-4-11,Bottinger2008_state_045,True,4.440892098500626e-16,4.510450069863045e-17,,SUCCESS,True,[],1.4210854715202004e-13
replay-ablation-4-11,Bottinger2008_state_047,True,8.881784197001252e-16,1.3252292070003364e-16,,SUCCESS,True,[],1.7053025658242404e-13
replay-ablation-4-11,Bottinger2008_state_048,True,8.881784197001252e-16,1.5587576591640012e-16,,SUCCESS,True,[],1.1368683772161603e-13
replay-ablation-4-11,Bottinger2008_state_049,True,0.0,1.9557338408795235e-16,,SUCCESS,True,[],5.684341886080802e-14
replay-ablation-4-11,Bottinger2008_state_050,True,4.440892098500626e-16,7.367263680693524e-17,,SUCCESS,True,[],5.684341886080802e-14
replay-ablation-4-11,Bottinger2008_state_055,True,8.881784197001252e-16,2.306065283724653e-17,,SUCCESS,True,[],1.2079226507921703e-13
replay-ablation-4-11,Bottinger2008_state_056,True,1.1102230246251565e-16,8.897332731267791e-17,,SUCCESS,True,[],3.410605131648481e-13
replay-ablation-4-11,Bottinger2008_state_057,True,0.0,4.44420664437725e-17,,SUCCESS,True,[],1.1368683772161603e-13
replay-ablation-4-11,Bottinger2008_state_058,True,2.042810365310288e-13,3.757874830363536e-14,,SUCCESS,True,[],1.9895196601282805e-13
replay-ablation-4-11,Bottinger2008_state_059,True,9.85878045867139e-14,4.8969377291376944e-15,,SUCCESS,True,[],1.1368683772161603e-13
replay-ablation-4-11,Matin2012_state_001,True,4.440892098500626e-16,4.077133390682737e-17,,SUCCESS,True,[],1.1368683772161603e-13
replay-ablation-4-11,Matin2012_state_002,True,1.1102230246251565e-16,9.72043086683926e-17,,SUCCESS,True,[],4.547473508864641e-13
replay-ablation-4-11,Matin2012_state_003,True,0.0,7.136367347227376e-17,,SUCCESS,True,[],2.2737367544323206e-13
replay-ablation-4-11,Matin2012_state_004,True,8.881784197001252e-16,2.2257862356638372e-17,,SUCCESS,True,[],4.547473508864641e-13
replay-ablation-4-11,Matin2012_state_005,True,0.0,9.928278406182816e-17,,SUCCESS,True,[],3.410605131648481e-13
replay-ablation-4-11,Matin2012_state_006,True,4.440892098500626e-16,1.8806047073480933e-17,,SUCCESS,True,[],5.684341886080802e-14
replay-ablation-4-11,Matin2012_state_007,True,0.0,2.7036070973614157e-17,,SUCCESS,True,[],1.1368683772161603e-13
replay-ablation-4-11,Matin2012_state_008,True,4.440892098500626e-16,4.1935340523263725e-17,,SUCCESS,True,[],1.5631940186722204e-13
replay-ablation-4-11,Matin2012_state_009,True,1.1102230246251565e-16,1.6205978490324424e-17,,SUCCESS,True,[],5.684341886080802e-14
replay-ablation-4-11,Matin2012_state_010,True,2.220446049250313e-16,5.3308820590055675e-17,,SUCCESS,True,[],2.2737367544323206e-13
replay-ablation-4-11,Matin2012_state_011,True,0.0,6.631242964916446e-17,,SUCCESS,True,[],3.410605131648481e-13
replay-ablation-4-11,Matin2012_state_012,True,2.220446049250313e-16,1.4455464490878004e-18,,SUCCESS,True,[],1.1368683772161603e-13
replay-ablation-4-11,Matin2012_state_013,True,4.440892098500626e-16,7.617740092693279e-17,,SUCCESS,True,[],1.5631940186722204e-13
replay-ablation-4-11,Matin2012_state_014,True,0.0,1.0850728637062871e-16,,SUCCESS,True,[],2.2737367544323206e-13
replay-ablation-4-11,Matin2012_state_015,True,2.220446049250313e-16,2.9110755181153994e-18,,SUCCESS,True,[],1.2789769243681803e-13
replay-ablation-4-11,Matin2012_state_017,True,4.440892098500626e-16,3.496623111178075e-17,,SUCCESS,True,[],2.2737367544323206e-13
replay-ablation-4-11,Matin2012_state_018,True,0.0,4.501563209077264e-16,,SUCCESS,True,[],1.1368683772161603e-13
replay-ablation-4-11,Matin2012_state_019,True,1.3322676295501878e-15,2.275026629664242e-16,,SUCCESS,True,[],2.2737367544323206e-13
replay-ablation-4-00,vle_obs_0119,True,4.440892098500626e-16,5.931383602547427e-17,,SUCCESS,True,[],5.684341886080802e-14
replay-ablation-4-00,vle_obs_0120,True,4.440892098500626e-16,8.969370704708823e-17,,SUCCESS,True,[],5.684341886080802e-14
replay-ablation-4-00,vle_obs_0121,True,4.440892098500626e-16,6.7436656165875e-17,,SUCCESS,True,[],1.1368683772161603e-13
replay-ablation-4-00,vle_obs_0122,True,0.0,1.4311191719661706e-16,,SUCCESS,True,[],5.684341886080802e-14
replay-ablation-4-00,vle_obs_0123,True,4.440892098500626e-16,4.710622986689512e-17,,SUCCESS,True,[],5.684341886080802e-14
replay-ablation-4-00,vle_obs_0124,True,4.440892098500626e-16,4.516935490019032e-17,,SUCCESS,True,[],5.684341886080802e-14
replay-ablation-4-00,vle_obs_0125,True,4.440892098500626e-16,1.282859608417008e-16,,SUCCESS,True,[],5.684341886080802e-14
replay-ablation-4-00,vle_obs_0126,True,4.440892098500626e-16,3.7679060111049465e-17,,SUCCESS,True,[],5.684341886080802e-14
replay-ablation-4-00,vle_obs_0127,True,4.440892098500626e-16,4.879202124221393e-17,,SUCCESS,True,[],4.263256414560601e-14
replay-ablation-4-00,vle_obs_0128,True,4.440892098500626e-16,1.2847676595497865e-16,,SUCCESS,True,[],5.684341886080802e-14
replay-ablation-4-00,vle_obs_0129,True,8.881784197001252e-16,5.003980676600976e-17,,SUCCESS,True,[],5.684341886080802e-14
replay-ablation-4-00,vle_obs_0130,True,4.440892098500626e-16,8.77329959895906e-18,,SUCCESS,True,[],5.684341886080802e-14
replay-ablation-4-00,vle_obs_0131,True,1.1102230246251565e-16,1.8793131840624288e-16,,SUCCESS,True,[],7.105427357601002e-14
replay-ablation-4-00,vle_obs_0132,True,8.881784197001252e-16,1.9608241349586691e-16,,SUCCESS,True,[],5.684341886080802e-14
replay-ablation-4-00,vle_obs_0133,True,4.440892098500626e-16,7.039823030187192e-17,,SUCCESS,True,[],5.684341886080802e-14
replay-ablation-4-00,vle_obs_0134,True,1.1102230246251565e-16,1.3709237913947463e-17,,SUCCESS,True,[],5.684341886080802e-14
replay-ablation-4-00,vle_obs_0135,True,4.440892098500626e-16,4.618185588248343e-17,,SUCCESS,True,[],1.2789769243681803e-13
replay-ablation-4-00,vle_obs_0136,True,4.440892098500626e-16,2.4418431880201824e-16,,SUCCESS,True,[],5.684341886080802e-14
replay-ablation-4-00,vle_obs_0137,True,8.881784197001252e-16,1.7947962752653714e-16,,SUCCESS,True,[],8.526512829121202e-14
replay-ablation-4-00,vle_obs_0138,True,1.1102230246251565e-16,1.7029467939707346e-17,,SUCCESS,True,[],5.684341886080802e-14
replay-ablation-4-00,vle_obs_0139,True,4.440892098500626e-16,2.9154577934471824e-16,,SUCCESS,True,[],5.684341886080802e-14
replay-ablation-4-00,vle_obs_0140,True,4.440892098500626e-16,4.943177282557928e-16,,SUCCESS,True,[],5.684341886080802e-14
replay-ablation-4-00,vle_obs_0141,True,4.440892098500626e-16,4.3770453724434395e-16,,SUCCESS,True,[],2.842170943040401e-14
replay-ablation-4-00,vle_obs_0142,True,0.0,6.795673515901048e-16,,SUCCESS,True,[],5.684341886080802e-14
replay-ablation-4-00,vle_obs_0143,True,1.1102230246251565e-16,4.8565953696083644e-17,,SUCCESS,True,[],5.684341886080802e-14
replay-ablation-4-00,vle_obs_0144,True,8.881784197001252e-16,3.483369551219357e-17,,SUCCESS,True,[],5.684341886080802e-14
replay-ablation-4-00,vle_obs_0145,True,4.440892098500626e-16,7.71973336521524e-17,,SUCCESS,True,[],5.684341886080802e-14
replay-ablation-4-00,vle_obs_0146,True,4.440892098500626e-16,5.291999751925714e-17,,SUCCESS,True,[],5.684341886080802e-14
replay-ablation-4-00,vle_obs_0147,True,8.881784197001252e-16,1.1865034234796698e-16,,SUCCESS,True,[],5.684341886080802e-14
replay-ablation-4-00,vle_obs_0148,True,0.0,5.820580545665228e-16,,SUCCESS,True,[],8.526512829121202e-14
replay-ablation-4-00,vle_obs_0149,True,8.881784197001252e-16,5.587639804923973e-16,,SUCCESS,True,[],5.684341886080802e-14
replay-ablation-4-00,vle_obs_0186,True,4.440892098500626e-16,8.924573883117411e-17,,SUCCESS,True,[],5.684341886080802e-14
replay-ablation-4-00,vle_obs_0187,True,2.220446049250313e-16,5.800372970752812e-17,,SUCCESS,True,[],5.684341886080802e-14
replay-ablation-4-00,vle_obs_0188,True,4.440892098500626e-16,1.119243009626252e-16,,SUCCESS,True,[],5.684341886080802e-14
replay-ablation-4-00,vle_obs_0189,True,4.440892098500626e-16,3.977663755316498e-16,,SUCCESS,True,[],2.842170943040401e-14
replay-ablation-4-00,vle_obs_0190,True,4.440892098500626e-16,4.44318740561299e-16,,SUCCESS,True,[],5.684341886080802e-14
replay-ablation-4-00,vle_obs_0191,True,4.440892098500626e-16,4.2289443222205994e-16,,SUCCESS,True,[],5.684341886080802e-14
replay-ablation-4-00,vle_obs_0192,True,0.0,7.268075173555673e-16,,SUCCESS,True,[],5.684341886080802e-14
replay-ablation-4-00,vle_obs_0193,True,0.0,6.532777839719471e-16,,SUCCESS,True,[],5.684341886080802e-14
replay-ablation-4-00,vle_obs_0194,True,0.0,1.787902979534989e-17,,SUCCESS,True,[],5.684341886080802e-14
replay-ablation-4-00,vle_obs_0195,True,0.0,3.839083471806592e-17,,SUCCESS,True,[],8.526512829121202e-14
replay-ablation-4-00,vle_obs_0196,True,4.440892098500626e-16,2.662616900662558e-17,,SUCCESS,True,[],7.105427357601002e-14
replay-ablation-4-00,vle_obs_0197,True,4.440892098500626e-16,2.4873568795024183e-16,,SUCCESS,True,[],5.684341886080802e-14
replay-ablation-4-00,vle_obs_0198,True,0.0,1.2525564267494609e-16,,SUCCESS,True,[],5.684341886080802e-14
replay-ablation-4-00,vle_obs_0199,True,1.3322676295501878e-15,5.040278296840404e-16,,SUCCESS,True,[],1.1368683772161603e-13
replay-ablation-4-00,vle_obs_0200,True,4.440892098500626e-16,3.583662142710372e-16,,SUCCESS,True,[],5.684341886080802e-14
replay-ablation-4-00,vle_obs_0201,True,2.220446049250313e-16,3.720431915169236e-16,,SUCCESS,True,[],5.684341886080802e-14
replay-ablation-4-00,vle_obs_0202,True,4.440892098500626e-16,7.071180516665748e-16,,SUCCESS,True,[],5.684341886080802e-14
replay-ablation-4-00,Bottinger2008_state_030,True,2.220446049250313e-16,3.237562609768712e-17,,SUCCESS,True,[],1.1368683772161603e-13
replay-ablation-4-00,Bottinger2008_state_031,True,8.881784197001252e-16,5.481638467806208e-17,,SUCCESS,True,[],1.7053025658242404e-13
replay-ablation-4-00,Bottinger2008_state_032,True,4.440892098500626e-16,1.2921380675780846e-16,,SUCCESS,True,[],5.684341886080802e-14
replay-ablation-4-00,Bottinger2008_state_033,True,8.881784197001252e-16,7.395807024881118e-17,,SUCCESS,True,[],1.7053025658242404e-13
replay-ablation-4-00,Bottinger2008_state_034,True,1.1102230246251565e-16,1.1048747703575006e-16,,SUCCESS,True,[],1.4210854715202004e-13
replay-ablation-4-00,Bottinger2008_state_035,True,8.881784197001252e-16,1.476285689371721e-17,,SUCCESS,True,[],1.7053025658242404e-13
replay-ablation-4-00,Bottinger2008_state_043,True,1.3322676295501878e-15,4.0290570099679323e-17,,SUCCESS,True,[],1.1368683772161603e-13
replay-ablation-4-00,Bottinger2008_state_044,True,1.1102230246251565e-16,8.477593358244889e-17,,SUCCESS,True,[],1.7053025658242404e-13
replay-ablation-4-00,Bottinger2008_state_045,True,1.1102230246251565e-16,1.7440288699143487e-17,,SUCCESS,True,[],5.684341886080802e-14
replay-ablation-4-00,Bottinger2008_state_047,True,4.440892098500626e-16,9.197770409511927e-17,,SUCCESS,True,[],1.1368683772161603e-13
replay-ablation-4-00,Bottinger2008_state_048,True,4.440892098500626e-16,3.1044344132292126e-16,,SUCCESS,True,[],2.2737367544323206e-13
replay-ablation-4-00,Bottinger2008_state_049,True,4.440892098500626e-16,2.1230074665450187e-16,,SUCCESS,True,[],3.410605131648481e-13
replay-ablation-4-00,Bottinger2008_state_050,True,4.440892098500626e-16,9.393428916339597e-17,,SUCCESS,True,[],3.979039320256561e-13
replay-ablation-4-00,Bottinger2008_state_055,True,4.440892098500626e-16,3.569043479394784e-17,,SUCCESS,True,[],5.684341886080802e-14
replay-ablation-4-00,Bottinger2008_state_056,True,4.440892098500626e-16,4.638334097272259e-17,,SUCCESS,True,[],1.1368683772161603e-13
replay-ablation-4-00,Bottinger2008_state_057,True,3.006483950684924e-13,1.0375881192571682e-13,,SUCCESS,True,[],2.8421709430404007e-13
replay-ablation-4-00,Bottinger2008_state_058,True,2.05613304160579e-13,3.7572031106739354e-14,,SUCCESS,True,[],2.2737367544323206e-13
replay-ablation-4-00,Bottinger2008_state_059,True,4.440892098500626e-16,2.185691764516287e-16,,SUCCESS,True,[],1.1368683772161603e-13
replay-ablation-4-00,Matin2012_state_001,True,4.440892098500626e-16,5.3492882868266993e-17,,SUCCESS,True,[],1.1368683772161603e-13
replay-ablation-4-00,Matin2012_state_002,True,2.220446049250313e-16,7.423005781094671e-17,,SUCCESS,True,[],1.7053025658242404e-13
replay-ablation-4-00,Matin2012_state_003,True,1.3322676295501878e-15,2.2300088985449927e-17,,SUCCESS,True,[],1.1368683772161603e-13
replay-ablation-4-00,Matin2012_state_004,True,8.881784197001252e-16,1.1869840330255866e-16,,SUCCESS,True,[],8.526512829121202e-14
replay-ablation-4-00,Matin2012_state_005,True,4.440892098500626e-16,3.430243072398728e-17,,SUCCESS,True,[],1.2789769243681803e-13
replay-ablation-4-00,Matin2012_state_006,True,0.0,1.4244788075750466e-16,,SUCCESS,True,[],8.526512829121202e-14
replay-ablation-4-00,Matin2012_state_007,True,4.440892098500626e-16,2.0789044960070173e-17,,SUCCESS,True,[],5.684341886080802e-14
replay-ablation-4-00,Matin2012_state_008,True,4.440892098500626e-16,1.0427457431628693e-16,,SUCCESS,True,[],1.7053025658242404e-13
replay-ablation-4-00,Matin2012_state_009,True,8.881784197001252e-16,2.8351301035550247e-17,,SUCCESS,True,[],1.9895196601282805e-13
replay-ablation-4-00,Matin2012_state_010,True,0.0,5.803289268597024e-17,,SUCCESS,True,[],1.1368683772161603e-13
replay-ablation-4-00,Matin2012_state_011,True,4.440892098500626e-16,7.023880622875322e-17,,SUCCESS,True,[],1.7053025658242404e-13
replay-ablation-4-00,Matin2012_state_012,True,4.440892098500626e-16,1.537879530036848e-18,,SUCCESS,True,[],1.7053025658242404e-13
replay-ablation-4-00,Matin2012_state_013,True,1.1102230246251565e-16,9.123186046773739e-18,,SUCCESS,True,[],9.947598300641403e-14
replay-ablation-4-00,Matin2012_state_014,True,8.881784197001252e-16,2.7698572210667813e-17,,SUCCESS,True,[],3.410605131648481e-13
replay-ablation-4-00,Matin2012_state_015,True,2.220446049250313e-16,1.9528659625177177e-16,,SUCCESS,True,[],1.4210854715202004e-13
replay-ablation-4-00,Matin2012_state_017,True,4.440892098500626e-16,1.7955715333315027e-16,,SUCCESS,True,[],1.1368683772161603e-13
replay-ablation-4-00,Matin2012_state_018,True,0.0,3.4750505608870743e-16,,SUCCESS,True,[],1.8474111129762605e-13
replay-ablation-4-00,Matin2012_state_019,True,8.881784197001252e-16,4.0572327882929626e-16,,SUCCESS,True,[],1.1368683772161603e-13
replay-ablation-off-11,vle_obs_0119,True,4.440892098500626e-16,1.0435162733739507e-17,,SUCCESS,True,[],7.105427357601002e-15
replay-ablation-off-11,vle_obs_0120,True,4.440892098500626e-16,2.0749685283061448e-17,,SUCCESS,True,[],1.4210854715202004e-14
replay-ablation-off-11,vle_obs_0121,True,4.440892098500626e-16,7.699765534423684e-18,,SUCCESS,True,[],9.769962616701378e-15
replay-ablation-off-11,vle_obs_0122,True,2.220446049250313e-16,3.745341829823579e-17,,SUCCESS,True,[],7.549516567451064e-15
replay-ablation-off-11,vle_obs_0123,True,1.1102230246251565e-16,5.04565178068616e-17,,SUCCESS,True,[],1.509903313490213e-14
replay-ablation-off-11,vle_obs_0124,True,2.220446049250313e-16,2.916325362069144e-17,,SUCCESS,True,[],4.884981308350689e-15
replay-ablation-off-11,vle_obs_0125,True,2.220446049250313e-16,1.2560374606191976e-16,,SUCCESS,True,[],1.021405182655144e-14
replay-ablation-off-11,vle_obs_0126,True,4.440892098500626e-16,1.0364180053694043e-16,,SUCCESS,True,[],1.0658141036401503e-14
replay-ablation-off-11,vle_obs_0127,True,8.881784197001252e-16,2.329877697161903e-17,,SUCCESS,True,[],7.993605777301127e-15
replay-ablation-off-11,vle_obs_0128,True,4.440892098500626e-16,3.0248134000278033e-16,,SUCCESS,True,[],5.329070518200751e-15
replay-ablation-off-11,vle_obs_0129,True,0.0,1.914636905042465e-16,,SUCCESS,True,[],2.353672812205332e-14
replay-ablation-off-11,vle_obs_0130,True,0.0,2.0070952645977912e-16,,SUCCESS,True,[],5.773159728050814e-15
replay-ablation-off-11,vle_obs_0131,True,4.440892098500626e-16,1.6906889754861972e-16,,SUCCESS,True,[],1.4210854715202004e-14
replay-ablation-off-11,vle_obs_0132,True,8.881784197001252e-16,1.0652802347132425e-16,,SUCCESS,True,[],4.440892098500626e-15
replay-ablation-off-11,vle_obs_0133,True,4.440892098500626e-16,6.042923646772698e-17,,SUCCESS,True,[],2.9753977059954195e-14
replay-ablation-off-11,vle_obs_0134,True,3.3306690738754696e-16,1.0614417620175151e-16,,SUCCESS,True,[],2.531308496145357e-14
replay-ablation-off-11,vle_obs_0135,True,1.1102230246251565e-16,6.242554556112236e-17,,SUCCESS,True,[],8.881784197001252e-15
replay-ablation-off-11,vle_obs_0136,True,4.440892098500626e-16,2.050360579372516e-16,,SUCCESS,True,[],9.769962616701378e-15
replay-ablation-off-11,vle_obs_0137,True,0.0,7.882354043040257e-17,,SUCCESS,True,[],4.1744385725905886e-14
replay-ablation-off-11,vle_obs_0138,True,4.440892098500626e-16,1.212760578946657e-16,,SUCCESS,True,[],3.8191672047105385e-14
replay-ablation-off-11,vle_obs_0139,True,1.1102230246251565e-16,3.985760801567205e-16,,SUCCESS,True,[],1.865174681370263e-14
replay-ablation-off-11,vle_obs_0140,True,4.440892098500626e-16,3.5553314264575123e-16,,SUCCESS,True,[],1.3322676295501878e-14
replay-ablation-off-11,vle_obs_0141,True,4.440892098500626e-16,7.069485600697094e-16,,SUCCESS,True,[],3.730349362740526e-14
replay-ablation-off-11,vle_obs_0142,True,4.440892098500626e-16,6.583438598772901e-16,,SUCCESS,True,[],1.0658141036401503e-14
replay-ablation-off-11,vle_obs_0143,True,4.440892098500626e-16,4.829267064754855e-17,,SUCCESS,True,[],8.881784197001252e-15
replay-ablation-off-11,vle_obs_0144,True,4.440892098500626e-16,3.481779836928715e-17,,SUCCESS,True,[],2.020605904817785e-14
replay-ablation-off-11,vle_obs_0145,True,4.440892098500626e-16,4.814253501327575e-17,,SUCCESS,True,[],1.2434497875801753e-14
replay-ablation-off-11,vle_obs_0146,True,4.440892098500626e-16,2.7503180055393924e-16,,SUCCESS,True,[],1.6431300764452317e-14
replay-ablation-off-11,vle_obs_0147,True,4.440892098500626e-16,2.69829463207274e-16,,SUCCESS,True,[],5.950795411990839e-14
replay-ablation-off-11,vle_obs_0148,True,0.0,2.6737460323465685e-16,,SUCCESS,True,[],7.105427357601002e-15
replay-ablation-off-11,vle_obs_0149,True,8.881784197001252e-16,5.842439084259936e-16,,SUCCESS,True,[],2.6645352591003757e-15
replay-ablation-off-11,vle_obs_0186,True,4.440892098500626e-16,1.0278947812224693e-16,,SUCCESS,True,[],5.329070518200751e-15
replay-ablation-off-11,vle_obs_0187,True,4.440892098500626e-16,1.447000851568671e-16,,SUCCESS,True,[],1.4210854715202004e-14
replay-ablation-off-11,vle_obs_0188,True,4.440892098500626e-16,1.669271156855598e-16,,SUCCESS,True,[],8.881784197001252e-15
replay-ablation-off-11,vle_obs_0189,True,4.440892098500626e-16,3.6872772539752816e-16,,SUCCESS,True,[],2.398081733190338e-14
replay-ablation-off-11,vle_obs_0190,True,8.881784197001252e-16,3.1175918865852365e-16,,SUCCESS,True,[],1.199040866595169e-14
replay-ablation-off-11,vle_obs_0191,True,1.3322676295501878e-15,7.255398328382826e-16,,SUCCESS,True,[],3.9968028886505635e-14
replay-ablation-off-11,vle_obs_0192,True,4.440892098500626e-16,6.184895254890374e-16,,SUCCESS,True,[],2.6645352591003757e-14
replay-ablation-off-11,vle_obs_0193,True,0.0,7.967520795607842e-16,,SUCCESS,True,[],1.0658141036401503e-14
replay-ablation-off-11,vle_obs_0194,True,2.220446049250313e-16,9.063170386800105e-18,,SUCCESS,True,[],5.329070518200751e-15
replay-ablation-off-11,vle_obs_0195,True,4.440892098500626e-16,4.210568796541539e-17,,SUCCESS,True,[],5.329070518200751e-15
replay-ablation-off-11,vle_obs_0196,True,4.440892098500626e-16,2.9002199518259274e-18,,SUCCESS,True,[],3.019806626980426e-14
replay-ablation-off-11,vle_obs_0197,True,4.440892098500626e-16,7.304602961087917e-17,,SUCCESS,True,[],1.1546319456101628e-14
replay-ablation-off-11,vle_obs_0198,True,0.0,2.1993222440346723e-16,,SUCCESS,True,[],8.881784197001252e-15
replay-ablation-off-11,vle_obs_0199,True,2.220446049250313e-16,3.661800375315575e-16,,SUCCESS,True,[],9.769962616701378e-15
replay-ablation-off-11,vle_obs_0200,True,4.440892098500626e-16,4.124904656483687e-16,,SUCCESS,True,[],2.4868995751603507e-14
replay-ablation-off-11,vle_obs_0201,True,0.0,7.156860695763805e-16,,SUCCESS,True,[],8.881784197001252e-15
replay-ablation-off-11,vle_obs_0202,True,4.440892098500626e-16,5.153077986267996e-16,,SUCCESS,True,[],8.881784197001252e-15
replay-ablation-off-11,Bottinger2008_state_030,True,4.440892098500626e-16,3.505379963768193e-18,,SUCCESS,True,[],3.863576125695545e-14
replay-ablation-off-11,Bottinger2008_state_031,True,8.881784197001252e-16,6.63064424670257e-17,,SUCCESS,True,[],1.0746958878371515e-13
replay-ablation-off-11,Bottinger2008_state_032,True,1.1102230246251565e-16,1.2955327905887073e-16,,SUCCESS,True,[],8.570921750106208e-14
replay-ablation-off-11,Bottinger2008_state_033,True,1.1102230246251565e-16,5.862237873463714e-17,,SUCCESS,True,[],2.1271873151818e-13
replay-ablation-off-11,Bottinger2008_state_034,True,4.440892098500626e-16,4.7791901166714296e-17,,SUCCESS,True,[],1.021405182655144e-13
replay-ablation-off-11,Bottinger2008_state_035,True,4.440892098500626e-16,4.3325617584019295e-17,,SUCCESS,True,[],2.042810365310288e-14
replay-ablation-off-11,Bottinger2008_state_043,True,1.1102230246251565e-16,4.4942155534223517e-17,,SUCCESS,True,[],8.881784197001252e-15
replay-ablation-off-11,Bottinger2008_state_044,True,8.881784197001252e-16,7.308237197505145e-17,,SUCCESS,True,[],3.774758283725532e-14
replay-ablation-off-11,Bottinger2008_state_045,True,4.440892098500626e-16,4.150328297606675e-17,,SUCCESS,True,[],2.6645352591003757e-14
replay-ablation-off-11,Bottinger2008_state_047,True,4.440892098500626e-16,1.8828751131549488e-16,,SUCCESS,True,[],5.773159728050814e-14
replay-ablation-off-11,Bottinger2008_state_048,True,4.440892098500626e-16,1.669232859764577e-16,,SUCCESS,True,[],2.708944180085382e-14
replay-ablation-off-11,Bottinger2008_state_049,True,4.440892098500626e-16,4.988606897870446e-17,,SUCCESS,True,[],4.263256414560601e-14
replay-ablation-off-11,Bottinger2008_state_050,True,0.0,3.2808822422790243e-16,,SUCCESS,True,[],7.194245199571014e-14
replay-ablation-off-11,Bottinger2008_state_055,True,2.220446049250313e-16,5.708713283367836e-17,,SUCCESS,True,[],3.2862601528904634e-14
replay-ablation-off-11,Bottinger2008_state_056,True,4.440892098500626e-16,1.4416531799975843e-16,,SUCCESS,True,[],1.1546319456101628e-14
replay-ablation-off-11,Bottinger2008_state_057,True,0.0,3.737378573145511e-17,,SUCCESS,True,[],1.1057821325266559e-13
replay-ablation-off-11,Bottinger2008_state_058,True,8.881784197001252e-16,1.6879898953263136e-16,,SUCCESS,True,[],1.5987211554602254e-14
replay-ablation-off-11,Bottinger2008_state_059,True,1.1102230246251565e-16,1.348432708930632e-16,,SUCCESS,True,[],2.4868995751603507e-14
replay-ablation-off-11,Matin2012_state_001,True,0.0,1.1193246182705787e-16,,SUCCESS,True,[],2.886579864025407e-14
replay-ablation-off-11,Matin2012_state_002,True,4.440892098500626e-16,3.4974690280790384e-17,,SUCCESS,True,[],8.881784197001252e-15
replay-ablation-off-11,Matin2012_state_003,True,4.440892098500626e-16,1.4651404002386782e-17,,SUCCESS,True,[],3.9968028886505635e-14
replay-ablation-off-11,Matin2012_state_004,True,4.440892098500626e-16,1.443998181040848e-16,,SUCCESS,True,[],2.398081733190338e-14
replay-ablation-off-11,Matin2012_state_005,True,4.440892098500626e-16,5.155531514687823e-17,,SUCCESS,True,[],1.687538997430238e-14
replay-ablation-off-11,Matin2012_state_006,True,4.440892098500626e-16,3.495307358658551e-17,,SUCCESS,True,[],8.704148513061227e-14
replay-ablation-off-11,Matin2012_state_007,True,4.440892098500626e-16,1.6305645585440672e-16,,SUCCESS,True,[],4.75175454539567e-14
replay-ablation-off-11,Matin2012_state_008,True,1.3322676295501878e-15,3.127344503883364e-17,,SUCCESS,True,[],2.7533531010703882e-14
replay-ablation-off-11,Matin2012_state_009,True,4.440892098500626e-16,8.149713170906823e-17,,SUCCESS,True,[],1.163513729807164e-13
replay-ablation-off-11,Matin2012_state_010,True,4.440892098500626e-16,6.7638731006517305e-18,,SUCCESS,True,[],2.5757174171303632e-14
replay-ablation-off-11,Matin2012_state_011,True,2.220446049250313e-16,2.562301994702676e-16,,SUCCESS,True,[],1.7363888105137448e-13
replay-ablation-off-11,Matin2012_state_012,True,4.440892098500626e-16,7.784700878936191e-17,,SUCCESS,True,[],8.348877145181177e-14
replay-ablation-off-11,Matin2012_state_013,True,4.440892098500626e-16,8.955278047488993e-17,,SUCCESS,True,[],1.2878587085651816e-13
replay-ablation-off-11,Matin2012_state_014,True,4.440892098500626e-16,3.408426697255444e-18,,SUCCESS,True,[],9.237055564881302e-14
replay-ablation-off-11,Matin2012_state_015,True,1.1102230246251565e-16,4.075213474549973e-17,,SUCCESS,True,[],2.5757174171303632e-14
replay-ablation-off-11,Matin2012_state_017,True,0.0,1.8666206137536857e-16,,SUCCESS,True,[],9.85878045867139e-14
replay-ablation-off-11,Matin2012_state_018,True,0.0,6.501404643988615e-16,,SUCCESS,True,[],7.549516567451064e-14
replay-ablation-off-11,Matin2012_state_019,True,1.3322676295501878e-15,3.4551945871818217e-16,,SUCCESS,True,[],3.2862601528904634e-14
replay-ablation-off-00,vle_obs_0119,True,0.0,2.992766938181969e-17,,SUCCESS,True,[],1.2212453270876722e-14
replay-ablation-off-00,vle_obs_0120,True,4.440892098500626e-16,1.5270880613654367e-16,,SUCCESS,True,[],6.661338147750939e-15
replay-ablation-off-00,vle_obs_0121,True,8.881784197001252e-16,3.466654371030465e-17,,SUCCESS,True,[],7.327471962526033e-15
replay-ablation-off-00,vle_obs_0122,True,4.440892098500626e-16,8.145718256294902e-17,,SUCCESS,True,[],8.881784197001252e-15
replay-ablation-off-00,vle_obs_0123,True,1.1102230246251565e-16,1.263918029709555e-17,,SUCCESS,True,[],9.769962616701378e-15
replay-ablation-off-00,vle_obs_0124,True,2.220446049250313e-16,9.107422976502141e-17,,SUCCESS,True,[],5.329070518200751e-15
replay-ablation-off-00,vle_obs_0125,True,4.440892098500626e-16,1.5241003710795232e-16,,SUCCESS,True,[],7.105427357601002e-15
replay-ablation-off-00,vle_obs_0126,True,4.440892098500626e-16,8.42859612265932e-17,,SUCCESS,True,[],7.993605777301127e-15
replay-ablation-off-00,vle_obs_0127,True,8.881784197001252e-16,7.850822870892366e-17,,SUCCESS,True,[],2.6645352591003757e-14
replay-ablation-off-00,vle_obs_0128,True,4.440892098500626e-16,2.5786478011272604e-16,,SUCCESS,True,[],1.1546319456101628e-14
replay-ablation-off-00,vle_obs_0129,True,4.440892098500626e-16,9.080493129005078e-17,,SUCCESS,True,[],1.7763568394002505e-14
replay-ablation-off-00,vle_obs_0130,True,4.440892098500626e-16,2.095460203392131e-16,,SUCCESS,True,[],2.353672812205332e-14
replay-ablation-off-00,vle_obs_0131,True,1.1102230246251565e-16,5.187142462593865e-18,,SUCCESS,True,[],8.881784197001252e-15
replay-ablation-off-00,vle_obs_0132,True,4.440892098500626e-16,1.0640680499330723e-16,,SUCCESS,True,[],1.2878587085651816e-14
replay-ablation-off-00,vle_obs_0133,True,1.1102230246251565e-16,5.042288147384972e-17,,SUCCESS,True,[],9.325873406851315e-15
replay-ablation-off-00,vle_obs_0134,True,1.1102230246251565e-16,1.8432232755903848e-16,,SUCCESS,True,[],1.3322676295501878e-14
replay-ablation-off-00,vle_obs_0135,True,1.1102230246251565e-16,5.3738974958325095e-18,,SUCCESS,True,[],3.1086244689504383e-15
replay-ablation-off-00,vle_obs_0136,True,8.881784197001252e-16,1.9385038627273955e-16,,SUCCESS,True,[],2.842170943040401e-14
replay-ablation-off-00,vle_obs_0137,True,4.440892098500626e-16,3.109596851552842e-16,,SUCCESS,True,[],2.6645352591003757e-14
replay-ablation-off-00,vle_obs_0138,True,2.220446049250313e-16,2.265185391279735e-16,,SUCCESS,True,[],8.881784197001252e-15
replay-ablation-off-00,vle_obs_0139,True,4.440892098500626e-16,2.13415366936805e-16,,SUCCESS,True,[],1.509903313490213e-14
replay-ablation-off-00,vle_obs_0140,True,0.0,5.878488638331475e-16,,SUCCESS,True,[],3.108624468950438e-14
replay-ablation-off-00,vle_obs_0141,True,8.881784197001252e-16,5.958645064847277e-16,,SUCCESS,True,[],1.9539925233402755e-14
replay-ablation-off-00,vle_obs_0142,True,8.881784197001252e-16,4.490260323297404e-16,,SUCCESS,True,[],8.881784197001252e-15
replay-ablation-off-00,vle_obs_0143,True,4.440892098500626e-16,1.122419129039691e-17,,SUCCESS,True,[],9.547918011776346e-15
replay-ablation-off-00,vle_obs_0144,True,1.1102230246251565e-16,7.299327616367408e-17,,SUCCESS,True,[],3.4638958368304884e-14
replay-ablation-off-00,vle_obs_0145,True,0.0,1.676532649533021e-16,,SUCCESS,True,[],1.021405182655144e-14
replay-ablation-off-00,vle_obs_0146,True,0.0,5.8117347298035916e-18,,SUCCESS,True,[],8.881784197001252e-15
replay-ablation-off-00,vle_obs_0147,True,0.0,1.8309024378610881e-16,,SUCCESS,True,[],3.2862601528904634e-14
replay-ablation-off-00,vle_obs_0148,True,4.440892098500626e-16,3.491400707095261e-16,,SUCCESS,True,[],7.716050021144838e-15
replay-ablation-off-00,vle_obs_0149,True,4.440892098500626e-16,7.59850188401394e-16,,SUCCESS,True,[],2.5757174171303632e-14
replay-ablation-off-00,vle_obs_0186,True,0.0,3.2609127596852155e-17,,SUCCESS,True,[],4.884981308350689e-15
replay-ablation-off-00,vle_obs_0187,True,4.440892098500626e-16,6.054983334617972e-17,,SUCCESS,True,[],3.1086244689504383e-15
replay-ablation-off-00,vle_obs_0188,True,4.440892098500626e-16,3.505756812025237e-16,,SUCCESS,True,[],1.9539925233402755e-14
replay-ablation-off-00,vle_obs_0189,True,4.440892098500626e-16,2.1007653830213348e-16,,SUCCESS,True,[],3.730349362740526e-14
replay-ablation-off-00,vle_obs_0190,True,1.1102230246251565e-16,3.559773007060282e-16,,SUCCESS,True,[],1.2434497875801753e-14
replay-ablation-off-00,vle_obs_0191,True,0.0,5.06372282570076e-16,,SUCCESS,True,[],4.3520742565306136e-14
replay-ablation-off-00,vle_obs_0192,True,1.3322676295501878e-15,4.485660572146733e-16,,SUCCESS,True,[],2.3092638912203256e-14
replay-ablation-off-00,vle_obs_0193,True,8.881784197001252e-16,7.226385157346829e-16,,SUCCESS,True,[],3.019806626980426e-14
replay-ablation-off-00,vle_obs_0194,True,1.1102230246251565e-16,1.1895165181722603e-17,,SUCCESS,True,[],1.554312234475219e-14
replay-ablation-off-00,vle_obs_0195,True,8.881784197001252e-16,6.54996317036468e-17,,SUCCESS,True,[],1.887379141862766e-14
replay-ablation-off-00,vle_obs_0196,True,4.440892098500626e-16,6.886606465300331e-17,,SUCCESS,True,[],2.5979218776228663e-14
replay-ablation-off-00,vle_obs_0197,True,1.1102230246251565e-16,1.5377648973120146e-16,,SUCCESS,True,[],1.3766765505351941e-14
replay-ablation-off-00,vle_obs_0198,True,4.440892098500626e-16,2.0435445715631425e-17,,SUCCESS,True,[],2.0872192862952943e-14
replay-ablation-off-00,vle_obs_0199,True,4.440892098500626e-16,4.980924142842313e-16,,SUCCESS,True,[],1.4210854715202004e-14
replay-ablation-off-00,vle_obs_0200,True,4.440892098500626e-16,3.4078244239612377e-16,,SUCCESS,True,[],5.329070518200751e-15
replay-ablation-off-00,vle_obs_0201,True,1.3322676295501878e-15,3.508288444896266e-16,,SUCCESS,True,[],1.2878587085651816e-14
replay-ablation-off-00,vle_obs_0202,True,4.440892098500626e-16,8.374010277975598e-16,,SUCCESS,True,[],5.329070518200751e-15
replay-ablation-off-00,Bottinger2008_state_030,True,4.440892098500626e-16,6.95945154034275e-17,,SUCCESS,True,[],1.1945999744966684e-13
replay-ablation-off-00,Bottinger2008_state_031,True,4.440892098500626e-16,1.1433006135037719e-17,,SUCCESS,True,[],9.370282327836321e-14
replay-ablation-off-00,Bottinger2008_state_032,True,1.1102230246251565e-16,1.1805036433591764e-16,,SUCCESS,True,[],5.684341886080802e-14
replay-ablation-off-00,Bottinger2008_state_033,True,8.881784197001252e-16,2.3024605779154526e-17,,SUCCESS,True,[],5.240252676230739e-14
replay-ablation-off-00,Bottinger2008_state_034,True,0.0,6.5023005819216444e-18,,SUCCESS,True,[],2.7533531010703882e-14
replay-ablation-off-00,Bottinger2008_state_035,True,4.440892098500626e-16,2.7057055651093416e-16,,SUCCESS,True,[],1.4921397450962104e-13
replay-ablation-off-00,Bottinger2008_state_043,True,2.220446049250313e-16,8.36966326834419e-17,,SUCCESS,True,[],8.881784197001252e-15
replay-ablation-off-00,Bottinger2008_state_044,True,1.1102230246251565e-16,1.5383784478517572e-16,,SUCCESS,True,[],8.038014698286133e-14
replay-ablation-off-00,Bottinger2008_state_045,True,1.3322676295501878e-15,5.4542511128352205e-17,,SUCCESS,True,[],7.682743330406083e-14
replay-ablation-off-00,Bottinger2008_state_047,True,4.440892098500626e-16,7.103202161821839e-17,,SUCCESS,True,[],2.398081733190338e-14
replay-ablation-off-00,Bottinger2008_state_048,True,8.881784197001252e-16,6.161410491781722e-17,,SUCCESS,True,[],9.592326932761353e-14
replay-ablation-off-00,Bottinger2008_state_049,True,8.881784197001252e-16,2.9797178857387005e-16,,SUCCESS,True,[],5.773159728050814e-14
replay-ablation-off-00,Bottinger2008_state_050,True,8.881784197001252e-16,4.810523751109308e-17,,SUCCESS,True,[],7.993605777301127e-14
replay-ablation-off-00,Bottinger2008_state_055,True,8.881784197001252e-16,6.512255524595997e-17,,SUCCESS,True,[],1.3433698597964394e-13
replay-ablation-off-00,Bottinger2008_state_056,True,2.220446049250313e-16,1.9241985955776326e-17,,SUCCESS,True,[],5.3512749786932545e-14
replay-ablation-off-00,Bottinger2008_state_057,True,0.0,1.924893691115451e-17,,SUCCESS,True,[],4.8405723873656825e-14
replay-ablation-off-00,Bottinger2008_state_058,True,8.881784197001252e-16,8.039202912146434e-17,,SUCCESS,True,[],3.2862601528904634e-14
replay-ablation-off-00,Bottinger2008_state_059,True,8.881784197001252e-16,1.2376240250527262e-16,,SUCCESS,True,[],3.375077994860476e-14
replay-ablation-off-00,Matin2012_state_001,True,4.440892098500626e-16,4.427795123752474e-18,,SUCCESS,True,[],2.4424906541753444e-14
replay-ablation-off-00,Matin2012_state_002,True,4.440892098500626e-16,4.417188276169079e-17,,SUCCESS,True,[],3.552713678800501e-14
replay-ablation-off-00,Matin2012_state_003,True,0.0,4.969404107802476e-17,,SUCCESS,True,[],1.141309269314661e-13
replay-ablation-off-00,Matin2012_state_004,True,0.0,2.7642758419614903e-17,,SUCCESS,True,[],6.616929226765933e-14
replay-ablation-off-00,Matin2012_state_005,True,0.0,5.314810603551752e-17,,SUCCESS,True,[],2.7533531010703882e-14
replay-ablation-off-00,Matin2012_state_006,True,2.220446049250313e-16,6.895291139956064e-17,,SUCCESS,True,[],1.2967404927621828e-13
replay-ablation-off-00,Matin2012_state_007,True,4.440892098500626e-16,6.769338799443704e-17,,SUCCESS,True,[],1.0969003483296547e-13
replay-ablation-off-00,Matin2012_state_008,True,8.881784197001252e-16,7.201684076994783e-17,,SUCCESS,True,[],1.509903313490213e-14
replay-ablation-off-00,Matin2012_state_009,True,1.7763568394002505e-15,1.821836442766205e-16,,SUCCESS,True,[],8.348877145181177e-14
replay-ablation-off-00,Matin2012_state_010,True,4.440892098500626e-16,7.352839126036468e-20,,SUCCESS,True,[],1.638689184346731e-13
replay-ablation-off-00,Matin2012_state_011,True,4.440892098500626e-16,4.736846452200168e-17,,SUCCESS,True,[],2.531308496145357e-14
replay-ablation-off-00,Matin2012_state_012,True,8.881784197001252e-16,1.8026504703395732e-16,,SUCCESS,True,[],9.14823772291129e-14
replay-ablation-off-00,Matin2012_state_013,True,0.0,2.280738973544063e-16,,SUCCESS,True,[],9.85878045867139e-14
replay-ablation-off-00,Matin2012_state_014,True,4.440892098500626e-16,1.5435054160100473e-16,,SUCCESS,True,[],7.815970093361102e-14
replay-ablation-off-00,Matin2012_state_015,True,4.440892098500626e-16,2.067477220472234e-16,,SUCCESS,True,[],3.552713678800501e-14
replay-ablation-off-00,Matin2012_state_017,True,4.440892098500626e-16,2.0528927852482349e-16,,SUCCESS,True,[],1.5987211554602254e-14
replay-ablation-off-00,Matin2012_state_018,True,4.440892098500626e-16,3.827031217787148e-16,,SUCCESS,True,[],2.930988785010413e-14
replay-ablation-off-00,Matin2012_state_019,True,4.440892098500626e-16,2.221080471372464e-16,,SUCCESS,True,[],1.3322676295501878e-13
