problem,kind,identity,target,source,quantity,basis,species,temperature_K,loading,observed,predicted,scaled_residual,ln_pred_over_obs,cost,record_sha256
F1,packet,vle_obs_0119,vle_obs_0119-pco2,Hilliard2008,pressure,true-species-vapor-partial-pressure,pCO2,313.137,0.15290305806116122,5.7,5.201986190087895,-0.30475220849615264,-0.09142566254884579,0.04643695429164125,66ff7715958e9d22e77bd129faf7f67822204e3285b50993bf3f67d72c3b9778
F1,packet,vle_obs_0120,vle_obs_0120-pco2,Hilliard2008,pressure,true-species-vapor-partial-pressure,pCO2,313.20799999999997,0.16290325806516132,6.64,5.971115966992711,-0.35392708136133205,-0.10617812440839962,0.06263218946047548,66ff7715958e9d22e77bd129faf7f67822204e3285b50993bf3f67d72c3b9778
F1,packet,vle_obs_0121,vle_obs_0121-pco2,Hilliard2008,pressure,true-species-vapor-partial-pressure,pCO2,313.135,0.1699033980679614,7.21,6.495626479398476,-0.34779950061091247,-0.10433985018327374,0.06048224631260005,66ff7715958e9d22e77bd129faf7f67822204e3285b50993bf3f67d72c3b9778
F1,packet,vle_obs_0122,vle_obs_0122-pco2,Hilliard2008,pressure,true-species-vapor-partial-pressure,pCO2,313.294,0.19090381807636156,9.950000000000001,8.728284999610713,-0.436678832295249,-0.1310036496885747,0.0953442012873711,66ff7715958e9d22e77bd129faf7f67822204e3285b50993bf3f67d72c3b9778
F1,packet,vle_obs_0123,vle_obs_0123-pco2,Hilliard2008,pressure,true-species-vapor-partial-pressure,pCO2,313.18399999999997,0.19390387807756157,9.85,9.152669184379265,-0.24475301432351337,-0.073425904297054,0.02995201901022297,66ff7715958e9d22e77bd129faf7f67822204e3285b50993bf3f67d72c3b9778
F1,packet,vle_obs_0124,vle_obs_0124-pco2,Hilliard2008,pressure,true-species-vapor-partial-pressure,pCO2,313.18399999999997,0.23190463809276188,14.6,14.175181672729993,-0.09842954254754308,-0.029528862764262923,0.004844187423059297,66ff7715958e9d22e77bd129faf7f67822204e3285b50993bf3f67d72c3b9778
F1,packet,vle_obs_0125,vle_obs_0125-pco2,Hilliard2008,pressure,true-species-vapor-partial-pressure,pCO2,313.27,0.24590491809836199,19.099999999999998,16.887366233442897,-0.4104085094576309,-0.12312255283728928,0.08421757231761716,66ff7715958e9d22e77bd129faf7f67822204e3285b50993bf3f67d72c3b9778
F1,packet,vle_obs_0126,vle_obs_0126-pco2,Hilliard2008,pressure,true-species-vapor-partial-pressure,pCO2,313.118,0.2689053781075622,23.099999999999998,21.89793353051231,-0.17813448164917445,-0.05344034449475233,0.015865946776210033,66ff7715958e9d22e77bd129faf7f67822204e3285b50993bf3f67d72c3b9778
F1,packet,vle_obs_0127,vle_obs_0127-pco2,Hilliard2008,pressure,true-species-vapor-partial-pressure,pCO2,313.503,0.2719054381087622,22.4,24.358634828712884,0.2794181363202279,0.08382544089606836,0.03903724745233473,66ff7715958e9d22e77bd129faf7f67822204e3285b50993bf3f67d72c3b9778
F1,packet,vle_obs_0128,vle_obs_0128-pco2,Hilliard2008,pressure,true-species-vapor-partial-pressure,pCO2,313.01599999999996,0.32590651813036264,48.5,44.823784886166926,-0.2627496225636509,-0.07882488676909527,0.03451868207867051,66ff7715958e9d22e77bd129faf7f67822204e3285b50993bf3f67d72c3b9778
F1,packet,vle_obs_0129,vle_obs_0129-pco2,Hilliard2008,pressure,true-species-vapor-partial-pressure,pCO2,313.029,0.3479069581391628,66.19999999999999,60.97985630276285,-0.2737895928355132,-0.08213687785065395,0.037480370572518046,66ff7715958e9d22e77bd129faf7f67822204e3285b50993bf3f67d72c3b9778
F1,packet,vle_obs_0130,vle_obs_0130-pco2,Hilliard2008,pressure,true-species-vapor-partial-pressure,pCO2,313.14,0.3499069981399628,72.1,63.32616723230333,-0.43251805387995135,-0.1297554161639854,0.09353593346605024,66ff7715958e9d22e77bd129faf7f67822204e3285b50993bf3f67d72c3b9778
F1,packet,vle_obs_0131,vle_obs_0131-pco2,Hilliard2008,pressure,true-species-vapor-partial-pressure,pCO2,313.02,0.3599071981439629,96.60000000000001,71.37639756575369,-1.0087049760932985,-0.3026114928279895,0.5087428643976909,66ff7715958e9d22e77bd129faf7f67822204e3285b50993bf3f67d72c3b9778
F1,packet,vle_obs_0132,vle_obs_0132-pco2,Hilliard2008,pressure,true-species-vapor-partial-pressure,pCO2,313.2,0.3819076381527631,131.0,93.20312304576852,-1.1347203099875103,-0.3404160929962531,0.6437950909490757,66ff7715958e9d22e77bd129faf7f67822204e3285b50993bf3f67d72c3b9778
F1,packet,vle_obs_0133,vle_obs_0133-pco2,Hilliard2008,pressure,true-species-vapor-partial-pressure,pCO2,313.03,0.3859077181543631,120.0,108.92735423713162,-0.32270185878240387,-0.09681055763472116,0.05206824483080927,66ff7715958e9d22e77bd129faf7f67822204e3285b50993bf3f67d72c3b9778
F1,packet,vle_obs_0134,vle_obs_0134-pco2,Hilliard2008,pressure,true-species-vapor-partial-pressure,pCO2,313.0,0.38890777815556316,113.0,114.47605955102696,0.0432596517654943,0.01297789552964829,0.0009356987354359171,66ff7715958e9d22e77bd129faf7f67822204e3285b50993bf3f67d72c3b9778
F1,packet,vle_obs_0135,vle_obs_0135-pco2,Hilliard2008,pressure,true-species-vapor-partial-pressure,pCO2,313.15,0.39990799815996325,128.0,140.9260685612823,0.3206838416710683,0.09620515250132049,0.05141906315445739,66ff7715958e9d22e77bd129faf7f67822204e3285b50993bf3f67d72c3b9778
F1,packet,vle_obs_0136,vle_obs_0136-pco2,Hilliard2008,pressure,true-species-vapor-partial-pressure,pCO2,313.169,0.46390927818556377,750.0,585.4008772035469,-0.8259211126834827,-0.2477763338050448,0.34107284218816103,66ff7715958e9d22e77bd129faf7f67822204e3285b50993bf3f67d72c3b9778
F1,packet,vle_obs_0137,vle_obs_0137-pco2,Hilliard2008,pressure,true-species-vapor-partial-pressure,pCO2,313.08,0.4659093181863638,574.0,634.5733580069517,0.33441166536037614,0.10032349960811283,0.0559155809645501,66ff7715958e9d22e77bd129faf7f67822204e3285b50993bf3f67d72c3b9778
F1,packet,vle_obs_0138,vle_obs_0138-pco2,Hilliard2008,pressure,true-species-vapor-partial-pressure,pCO2,313.14,0.48090961819236383,883.0,989.6839912036028,0.38020163588271194,0.11406049076481357,0.07227664196394513,66ff7715958e9d22e77bd129faf7f67822204e3285b50993bf3f67d72c3b9778
F1,packet,vle_obs_0139,vle_obs_0139-pco2,Hilliard2008,pressure,true-species-vapor-partial-pressure,pCO2,313.02799999999996,0.4909098181963639,1100.0,1339.3529837682138,0.6562548987190828,0.19687646961572483,0.21533524604639684,66ff7715958e9d22e77bd129faf7f67822204e3285b50993bf3f67d72c3b9778
F1,packet,vle_obs_0140,vle_obs_0140-pco2,Hilliard2008,pressure,true-species-vapor-partial-pressure,pCO2,313.168,0.5009100182003641,1870.0,1901.7945169790391,0.056198307277928614,0.016859492183378583,0.001579124870452242,66ff7715958e9d22e77bd129faf7f67822204e3285b50993bf3f67d72c3b9778
F1,packet,vle_obs_0141,vle_obs_0141-pco2,Hilliard2008,pressure,true-species-vapor-partial-pressure,pCO2,313.147,0.5179103582071641,3030.0,3336.1610913887866,0.3208605086498807,0.0962581525949642,0.05147573300553008,66ff7715958e9d22e77bd129faf7f67822204e3285b50993bf3f67d72c3b9778
F1,packet,vle_obs_0142,vle_obs_0142-pco2,Hilliard2008,pressure,true-species-vapor-partial-pressure,pCO2,313.15,0.5909118182363647,28300.0,23575.838669782584,-0.6087980074078043,-0.1826394022223413,0.18531750691185647,66ff7715958e9d22e77bd129faf7f67822204e3285b50993bf3f67d72c3b9778
F1,packet,vle_obs_0143,vle_obs_0143-pco2,Hilliard2008,pressure,true-species-vapor-partial-pressure,pCO2,333.018,0.11390227804556091,19.400000000000002,18.73866316863902,-0.11561375840607241,-0.03468412752182172,0.006683270566388839,66ff7715958e9d22e77bd129faf7f67822204e3285b50993bf3f67d72c3b9778
F1,packet,vle_obs_0144,vle_obs_0144-pco2,Hilliard2008,pressure,true-species-vapor-partial-pressure,pCO2,333.114,0.19090381807636156,58.9,57.985684911294335,-0.05214974149473465,-0.015644922448420393,0.0013597977689838244,66ff7715958e9d22e77bd129faf7f67822204e3285b50993bf3f67d72c3b9778
F1,packet,vle_obs_0145,vle_obs_0145-pco2,Hilliard2008,pressure,true-species-vapor-partial-pressure,pCO2,333.10999999999996,0.29090581811636235,209.0,198.664108898085,-0.1690624944150633,-0.05071874832451899,0.014291063508921655,66ff7715958e9d22e77bd129faf7f67822204e3285b50993bf3f67d72c3b9778
F1,packet,vle_obs_0146,vle_obs_0146-pco2,Hilliard2008,pressure,true-species-vapor-partial-pressure,pCO2,333.034,0.3859077181543631,763.0,748.0522632866067,-0.0659506168226801,-0.019785185046804026,0.0021747419296459874,66ff7715958e9d22e77bd129faf7f67822204e3285b50993bf3f67d72c3b9778
F1,packet,vle_obs_0147,vle_obs_0147-pco2,Hilliard2008,pressure,true-species-vapor-partial-pressure,pCO2,332.921,0.4849096981939639,4860.0,6279.521361256862,0.854184411009061,0.2562553233027183,0.3648155040054482,66ff7715958e9d22e77bd129faf7f67822204e3285b50993bf3f67d72c3b9778
F1,packet,vle_obs_0148,vle_obs_0148-pco2,Hilliard2008,pressure,true-species-vapor-partial-pressure,pCO2,333.256,0.5439108782175645,25800.0,33174.278403434575,0.838001122796344,0.25140033683890317,0.35112294090396656,66ff7715958e9d22e77bd129faf7f67822204e3285b50993bf3f67d72c3b9778
F1,packet,vle_obs_0149,vle_obs_0149-pco2,Hilliard2008,pressure,true-species-vapor-partial-pressure,pCO2,333.09499999999997,0.5649112982259645,50200.0,53815.58253743878,0.23182678925117814,0.06954803677535344,0.026871830107255083,66ff7715958e9d22e77bd129faf7f67822204e3285b50993bf3f67d72c3b9778
F1,packet,vle_obs_0186,vle_obs_0186-pco2,Jou1995,pressure,true-species-vapor-partial-pressure,pCO2,313.15,0.08870177403548071,1.47,1.6878797180061766,0.4607024524628889,0.13821073573886666,0.1061233748526602,66ff7715958e9d22e77bd129faf7f67822204e3285b50993bf3f67d72c3b9778
F1,packet,vle_obs_0187,vle_obs_0187-pco2,Jou1995,pressure,true-species-vapor-partial-pressure,pCO2,313.15,0.20290405808116166,8.959999999999999,9.946234387098363,0.34807932998029234,0.1044237989940877,0.06057960997976462,66ff7715958e9d22e77bd129faf7f67822204e3285b50993bf3f67d72c3b9778
F1,packet,vle_obs_0188,vle_obs_0188-pco2,Jou1995,pressure,true-species-vapor-partial-pressure,pCO2,313.15,0.36490729814596295,67.7,79.62338865422316,0.5407389902922601,0.16222169708767803,0.1461993278111465,66ff7715958e9d22e77bd129faf7f67822204e3285b50993bf3f67d72c3b9778
F1,packet,vle_obs_0189,vle_obs_0189-pco2,Jou1995,pressure,true-species-vapor-partial-pressure,pCO2,313.15,0.4734094681893638,604.0,793.1428706025287,0.9080972405551968,0.27242917216655904,0.4123202991519815,66ff7715958e9d22e77bd129faf7f67822204e3285b50993bf3f67d72c3b9778
F1,packet,vle_obs_0190,vle_obs_0190-pco2,Jou1995,pressure,true-species-vapor-partial-pressure,pCO2,313.15,0.5129102582051641,2570.0,2844.4875906340617,0.3382568123647151,0.10147704370941453,0.05720883555556904,66ff7715958e9d22e77bd129faf7f67822204e3285b50993bf3f67d72c3b9778
F1,packet,vle_obs_0191,vle_obs_0191-pco2,Jou1995,pressure,true-species-vapor-partial-pressure,pCO2,313.15,0.5569111382227645,8090.0,10657.23088791184,0.9186996243656997,0.2756098873097099,0.4220044999048389,66ff7715958e9d22e77bd129faf7f67822204e3285b50993bf3f67d72c3b9778
F1,packet,vle_obs_0192,vle_obs_0192-pco2,Jou1995,pressure,true-species-vapor-partial-pressure,pCO2,313.15,0.6089121782435649,36100.0,33699.94324947873,-0.2293223732455539,-0.06879671197366617,0.02629437543548657,66ff7715958e9d22e77bd129faf7f67822204e3285b50993bf3f67d72c3b9778
F1,packet,vle_obs_0193,vle_obs_0193-pco2,Jou1995,pressure,true-species-vapor-partial-pressure,pCO2,313.15,0.6419128382567652,103000.0,59033.148880159046,-1.8554328555784636,-0.556629856673539,1.7213155407800258,66ff7715958e9d22e77bd129faf7f67822204e3285b50993bf3f67d72c3b9778
F1,packet,vle_obs_0194,vle_obs_0194-pco2,Jou1995,pressure,true-species-vapor-partial-pressure,pCO2,333.15,0.05630112602252045,4.28,5.017338292065748,0.529821875963977,0.15894656278919309,0.14035561012499392,66ff7715958e9d22e77bd129faf7f67822204e3285b50993bf3f67d72c3b9778
F1,packet,vle_obs_0195,vle_obs_0195-pco2,Jou1995,pressure,true-species-vapor-partial-pressure,pCO2,333.15,0.11890237804756094,19.3,20.63837895200991,0.22349100823784995,0.06704730247135499,0.02497411538158536,66ff7715958e9d22e77bd129faf7f67822204e3285b50993bf3f67d72c3b9778
F1,packet,vle_obs_0196,vle_obs_0196-pco2,Jou1995,pressure,true-species-vapor-partial-pressure,pCO2,333.15,0.20590411808236164,57.9,71.0888493738314,0.6840436991529792,0.20521310974589377,0.2339578911754458,66ff7715958e9d22e77bd129faf7f67822204e3285b50993bf3f67d72c3b9778
F1,packet,vle_obs_0197,vle_obs_0197-pco2,Jou1995,pressure,true-species-vapor-partial-pressure,pCO2,333.15,0.38890777815556316,528.0,796.5332508523522,1.3705753032586023,0.4111725909775807,0.9392383309512049,66ff7715958e9d22e77bd129faf7f67822204e3285b50993bf3f67d72c3b9778
F1,packet,vle_obs_0198,vle_obs_0198-pco2,Jou1995,pressure,true-species-vapor-partial-pressure,pCO2,333.15,0.4379087581751635,2009.9999999999998,2020.7350763684635,0.017755407797283528,0.005326622339185058,0.00015762725302391836,66ff7715958e9d22e77bd129faf7f67822204e3285b50993bf3f67d72c3b9778
F1,packet,vle_obs_0199,vle_obs_0199-pco2,Jou1995,pressure,true-species-vapor-partial-pressure,pCO2,333.15,0.5039100782015641,11000.0,11130.726652081205,0.03938059352051785,0.011814178056155355,0.0007754155730141262,66ff7715958e9d22e77bd129faf7f67822204e3285b50993bf3f67d72c3b9778
F1,packet,vle_obs_0200,vle_obs_0200-pco2,Jou1995,pressure,true-species-vapor-partial-pressure,pCO2,333.15,0.5609112182243645,34000.0,49882.25117532931,1.2776824233340849,0.38330472700022544,0.8162361874484299,66ff7715958e9d22e77bd129faf7f67822204e3285b50993bf3f67d72c3b9778
F1,packet,vle_obs_0201,vle_obs_0201-pco2,Jou1995,pressure,true-species-vapor-partial-pressure,pCO2,333.15,0.5789115782315646,82000.0,73525.2603480581,-0.3636340729480555,-0.10909022188441664,0.06611486950439588,66ff7715958e9d22e77bd129faf7f67822204e3285b50993bf3f67d72c3b9778
F1,packet,vle_obs_0202,vle_obs_0202-pco2,Jou1995,pressure,true-species-vapor-partial-pressure,pCO2,333.15,0.6679133582671654,282000.0,291463.5326809788,0.1100260824379675,0.03300782473139025,0.006052869408323211,66ff7715958e9d22e77bd129faf7f67822204e3285b50993bf3f67d72c3b9778
F1,packet,vle_obs_0203,vle_obs_0203-pco2,Jou1995,pressure,true-species-vapor-partial-pressure,pCO2,353.15,0.01730034600692014,2.96,3.6976229394703655,0.7416696535458693,0.2225008960637608,0.2750369374954249,66ff7715958e9d22e77bd129faf7f67822204e3285b50993bf3f67d72c3b9778
F1,packet,vle_obs_0204,vle_obs_0204-pco2,Jou1995,pressure,true-species-vapor-partial-pressure,pCO2,353.15,0.023500470009400188,4.84,6.3231542192659695,0.8910114941848696,0.2673034482554609,0.39695074138477693,66ff7715958e9d22e77bd129faf7f67822204e3285b50993bf3f67d72c3b9778
F1,packet,vle_obs_0205,vle_obs_0205-pco2,Jou1995,pressure,true-species-vapor-partial-pressure,pCO2,353.15,0.07800156003120062,46.5,53.82950648978349,0.4878981733247073,0.1463694519974122,0.11902231376679306,66ff7715958e9d22e77bd129faf7f67822204e3285b50993bf3f67d72c3b9778
F1,packet,vle_obs_0206,vle_obs_0206-pco2,Jou1995,pressure,true-species-vapor-partial-pressure,pCO2,353.15,0.11790235804716094,99.2,119.81952179135223,0.629495370994449,0.1888486112983347,0.19813221105171946,66ff7715958e9d22e77bd129faf7f67822204e3285b50993bf3f67d72c3b9778
F1,packet,vle_obs_0207,vle_obs_0207-pco2,Jou1995,pressure,true-species-vapor-partial-pressure,pCO2,353.15,0.18690373807476152,278.0,329.98510502919436,0.5714213449201598,0.17142640347604793,0.16326117671518214,66ff7715958e9d22e77bd129faf7f67822204e3285b50993bf3f67d72c3b9778
F1,packet,vle_obs_0208,vle_obs_0208-pco2,Jou1995,pressure,true-species-vapor-partial-pressure,pCO2,353.15,0.3479069581391628,2670.0,2506.325976539259,-0.21086848656756318,-0.06326054597026895,0.022232759313647286,66ff7715958e9d22e77bd129faf7f67822204e3285b50993bf3f67d72c3b9778
F1,packet,vle_obs_0209,vle_obs_0209-pco2,Jou1995,pressure,true-species-vapor-partial-pressure,pCO2,353.15,0.4599091981839637,16000.0,17967.702325910002,0.38662369572453187,0.11598710871735955,0.0747389410478477,66ff7715958e9d22e77bd129faf7f67822204e3285b50993bf3f67d72c3b9778
F1,packet,vle_obs_0210,vle_obs_0210-pco2,Jou1995,pressure,true-species-vapor-partial-pressure,pCO2,353.15,0.5169103382067641,56000.0,69851.2880885746,0.7367227852636794,0.22101683557910382,0.27138023116333676,66ff7715958e9d22e77bd129faf7f67822204e3285b50993bf3f67d72c3b9778
F1,packet,vle_obs_0211,vle_obs_0211-pco2,Jou1995,pressure,true-species-vapor-partial-pressure,pCO2,353.15,0.5784115682313646,235000.0,248393.9479904133,0.18476823883539326,0.05543047165061797,0.01706965104116646,66ff7715958e9d22e77bd129faf7f67822204e3285b50993bf3f67d72c3b9778
F1,packet,vle_obs_0212,vle_obs_0212-pco2,Jou1995,pressure,true-species-vapor-partial-pressure,pCO2,353.15,0.6399127982559651,558000.0,579903.5942881373,0.1283430353300974,0.038502910599029216,0.008235967358871313,66ff7715958e9d22e77bd129faf7f67822204e3285b50993bf3f67d72c3b9778
F1,packet,vle_obs_0213,vle_obs_0213-pco2,Jou1995,pressure,true-species-vapor-partial-pressure,pCO2,353.15,0.6889137782755654,958000.0,921267.3177836953,-0.1303251216900475,-0.03909753650701425,0.008492318671762845,66ff7715958e9d22e77bd129faf7f67822204e3285b50993bf3f67d72c3b9778
F1,packet,vle_obs_0214,vle_obs_0214-pco2,Jou1995,pressure,true-species-vapor-partial-pressure,pCO2,373.15,0.011600232004640094,7.24,9.559783819339575,0.9264796912340427,0.2779439073702128,0.42918230913456357,66ff7715958e9d22e77bd129faf7f67822204e3285b50993bf3f67d72c3b9778
F1,packet,vle_obs_0215,vle_obs_0215-pco2,Jou1995,pressure,true-species-vapor-partial-pressure,pCO2,373.15,0.056501130022600446,136.0,155.02657563729522,0.4364722407027566,0.13094167221082698,0.09525400845204254,66ff7715958e9d22e77bd129faf7f67822204e3285b50993bf3f67d72c3b9778
F1,packet,vle_obs_0216,vle_obs_0216-pco2,Jou1995,pressure,true-species-vapor-partial-pressure,pCO2,373.15,0.18790375807516152,1430.0,1745.680733594207,0.6649004684096655,0.19947014052289966,0.22104631644569633,66ff7715958e9d22e77bd129faf7f67822204e3285b50993bf3f67d72c3b9778
F1,packet,vle_obs_0217,vle_obs_0217-pco2,Jou1995,pressure,true-species-vapor-partial-pressure,pCO2,373.15,0.38090761815236307,19000.0,20849.26394029308,0.3095988861046154,0.09287966583138461,0.04792573513860931,66ff7715958e9d22e77bd129faf7f67822204e3285b50993bf3f67d72c3b9778
F1,packet,vle_obs_0218,vle_obs_0218-pco2,Jou1995,pressure,true-species-vapor-partial-pressure,pCO2,373.15,0.4219084381687634,39000.0,40558.42703384373,0.1306064372813325,0.03918193118439975,0.008529020729661321,66ff7715958e9d22e77bd129faf7f67822204e3285b50993bf3f67d72c3b9778
F1,packet,vle_obs_0219,vle_obs_0219-pco2,Jou1995,pressure,true-species-vapor-partial-pressure,pCO2,373.15,0.4769095381907638,69000.0,115117.41433025489,1.7061536569402207,0.5118460970820662,1.4554801505452442,66ff7715958e9d22e77bd129faf7f67822204e3285b50993bf3f67d72c3b9778
F1,packet,vle_obs_0220,vle_obs_0220-pco2,Jou1995,pressure,true-species-vapor-partial-pressure,pCO2,373.15,0.48090961819236383,109000.0,124721.86240692817,0.44912758371189837,0.1347382751135695,0.10085779322544414,66ff7715958e9d22e77bd129faf7f67822204e3285b50993bf3f67d72c3b9778
F1,packet,vle_obs_0221,vle_obs_0221-pco2,Jou1995,pressure,true-species-vapor-partial-pressure,pCO2,373.15,0.5709114182283646,509000.0,607769.6612567824,0.5911598233933353,0.17734794701800058,0.1747349683972197,66ff7715958e9d22e77bd129faf7f67822204e3285b50993bf3f67d72c3b9778
F1,packet,vle_obs_0222,vle_obs_0222-pco2,Jou1995,pressure,true-species-vapor-partial-pressure,pCO2,373.15,0.5889117782355647,376000.0,765637.3610979401,2.3703983177346,0.71111949532038,2.8093940923595113,66ff7715958e9d22e77bd129faf7f67822204e3285b50993bf3f67d72c3b9778
F1,packet,vle_obs_0223,vle_obs_0223-pco2,Jou1995,pressure,true-species-vapor-partial-pressure,pCO2,373.15,0.613412268245365,909000.0,1004069.2082316071,0.3315704540002024,0.09947113620006072,0.05496948298295017,66ff7715958e9d22e77bd129faf7f67822204e3285b50993bf3f67d72c3b9778
F1,packet,vle_obs_0224,vle_obs_0224-pco2,Jou1995,pressure,true-species-vapor-partial-pressure,pCO2,393.15,0.003230064601292026,2.02,4.702826264802181,2.8168871650377723,0.8450661495113316,3.9674266502772686,66ff7715958e9d22e77bd129faf7f67822204e3285b50993bf3f67d72c3b9778
F1,packet,vle_obs_0225,vle_obs_0225-pco2,Jou1995,pressure,true-species-vapor-partial-pressure,pCO2,393.15,0.011100222004440089,22.1,41.43728584218401,2.0953449706542164,0.6286034911962649,2.1952352730229596,66ff7715958e9d22e77bd129faf7f67822204e3285b50993bf3f67d72c3b9778
F1,packet,vle_obs_0226,vle_obs_0226-pco2,Jou1995,pressure,true-species-vapor-partial-pressure,pCO2,393.15,0.024600492009840196,98.4,166.75047214429668,1.7581923739452396,0.5274577121835718,1.5456202118995988,66ff7715958e9d22e77bd129faf7f67822204e3285b50993bf3f67d72c3b9778
F1,packet,vle_obs_0227,vle_obs_0227-pco2,Jou1995,pressure,true-species-vapor-partial-pressure,pCO2,393.15,0.11890237804756094,2290.0,2972.7976254055,0.8698388443240006,0.26095165329720016,0.37830980754745647,66ff7715958e9d22e77bd129faf7f67822204e3285b50993bf3f67d72c3b9778
F1,packet,vle_obs_0228,vle_obs_0228-pco2,Jou1995,pressure,true-species-vapor-partial-pressure,pCO2,393.15,0.3489069781395628,46800.0,60506.78969264806,0.8562412738035104,0.2568723821410531,0.3665745594823291,66ff7715958e9d22e77bd129faf7f67822204e3285b50993bf3f67d72c3b9778
F1,packet,vle_obs_0229,vle_obs_0229-pco2,Jou1995,pressure,true-species-vapor-partial-pressure,pCO2,393.15,0.4114082281645633,122000.0,145999.1211678727,0.5985985251961039,0.17957955755883118,0.1791600971834753,66ff7715958e9d22e77bd129faf7f67822204e3285b50993bf3f67d72c3b9778
F1,packet,vle_obs_0230,vle_obs_0230-pco2,Jou1995,pressure,true-species-vapor-partial-pressure,pCO2,393.15,0.4439088781775636,222000.0,240691.75136934646,0.2694656432913258,0.08083969298739772,0.03630586645720401,66ff7715958e9d22e77bd129faf7f67822204e3285b50993bf3f67d72c3b9778
F1,packet,vle_obs_0231,vle_obs_0231-pco2,Jou1995,pressure,true-species-vapor-partial-pressure,pCO2,393.15,0.4729094581891638,422000.0,378315.13451924507,-0.3642592551262968,-0.10927777653788903,0.0663424024725823,66ff7715958e9d22e77bd129faf7f67822204e3285b50993bf3f67d72c3b9778
F1,packet,vle_obs_0232,vle_obs_0232-pco2,Jou1995,pressure,true-species-vapor-partial-pressure,pCO2,393.15,0.5359107182143643,822000.0,911285.8716907876,0.34372084286337273,0.10311625285901181,0.059072008909353685,66ff7715958e9d22e77bd129faf7f67822204e3285b50993bf3f67d72c3b9778
F1,packet,vle_obs_0233,vle_obs_0233-pco2,Jou1995,pressure,true-species-vapor-partial-pressure,pCO2,393.15,0.6389127782555651,2804000.0,2317461.6549206837,-0.6352483224413257,-0.19057449673239768,0.20177021558225924,66ff7715958e9d22e77bd129faf7f67822204e3285b50993bf3f67d72c3b9778
F2,packet,vle_obs_0119,vle_obs_0119-pco2,Hilliard2008,pressure,true-species-vapor-partial-pressure,pCO2,313.137,0.15290305806116122,5.7,4.612421997313906,-0.7057102558943694,-0.21171307676831083,0.24901348263724818,ce5489a603434ea513df9876f6aa6dceffde617a93807d9c516ce60b86cc2452
F2,packet,vle_obs_0120,vle_obs_0120-pco2,Hilliard2008,pressure,true-species-vapor-partial-pressure,pCO2,313.20799999999997,0.16290325806516132,6.64,5.414081244287253,-0.6803625535858489,-0.20410876607575465,0.23144660216092852,ce5489a603434ea513df9876f6aa6dceffde617a93807d9c516ce60b86cc2452
F2,packet,vle_obs_0121,vle_obs_0121-pco2,Hilliard2008,pressure,true-species-vapor-partial-pressure,pCO2,313.135,0.1699033980679614,7.21,5.98358617263257,-0.6214962288633206,-0.18644886865899615,0.19312878124566446,ce5489a603434ea513df9876f6aa6dceffde617a93807d9c516ce60b86cc2452
F2,packet,vle_obs_0122,vle_obs_0122-pco2,Hilliard2008,pressure,true-species-vapor-partial-pressure,pCO2,313.294,0.19090381807636156,9.950000000000001,8.433191679397595,-0.5513241371852746,-0.16539724115558238,0.15197915212154375,ce5489a603434ea513df9876f6aa6dceffde617a93807d9c516ce60b86cc2452
F2,packet,vle_obs_0123,vle_obs_0123-pco2,Hilliard2008,pressure,true-species-vapor-partial-pressure,pCO2,313.18399999999997,0.19390387807756157,9.85,8.893999297810176,-0.340315473488181,-0.10209464204645428,0.057907310747742406,ce5489a603434ea513df9876f6aa6dceffde617a93807d9c516ce60b86cc2452
F2,packet,vle_obs_0124,vle_obs_0124-pco2,Hilliard2008,pressure,true-species-vapor-partial-pressure,pCO2,313.18399999999997,0.23190463809276188,14.6,15.119072113467636,0.11645157332363812,0.03493547199709143,0.006780484464775333,ce5489a603434ea513df9876f6aa6dceffde617a93807d9c516ce60b86cc2452
F2,packet,vle_obs_0125,vle_obs_0125-pco2,Hilliard2008,pressure,true-species-vapor-partial-pressure,pCO2,313.27,0.24590491809836199,19.099999999999998,18.652973421173463,-0.07894256300039292,-0.023682768900117872,0.0031159641265355023,ce5489a603434ea513df9876f6aa6dceffde617a93807d9c516ce60b86cc2452
F2,packet,vle_obs_0126,vle_obs_0126-pco2,Hilliard2008,pressure,true-species-vapor-partial-pressure,pCO2,313.118,0.2689053781075622,23.099999999999998,25.65648797546348,0.34987954872554305,0.10496386461766291,0.061207849308194825,ce5489a603434ea513df9876f6aa6dceffde617a93807d9c516ce60b86cc2452
F2,packet,vle_obs_0127,vle_obs_0127-pco2,Hilliard2008,pressure,true-species-vapor-partial-pressure,pCO2,313.503,0.2719054381087622,22.4,28.625802775373042,0.8174918239156176,0.24524754717468528,0.3341464410844416,ce5489a603434ea513df9876f6aa6dceffde617a93807d9c516ce60b86cc2452
F2,packet,vle_obs_0128,vle_obs_0128-pco2,Hilliard2008,pressure,true-species-vapor-partial-pressure,pCO2,313.01599999999996,0.32590651813036264,48.5,60.96681400197741,0.7625529514529713,0.22876588543589138,0.2907435018848188,ce5489a603434ea513df9876f6aa6dceffde617a93807d9c516ce60b86cc2452
F2,packet,vle_obs_0129,vle_obs_0129-pco2,Hilliard2008,pressure,true-species-vapor-partial-pressure,pCO2,313.029,0.3479069581391628,66.19999999999999,87.86476870118832,0.9437281675546731,0.2831184502664019,0.4453114271180506,ce5489a603434ea513df9876f6aa6dceffde617a93807d9c516ce60b86cc2452
F2,packet,vle_obs_0130,vle_obs_0130-pco2,Hilliard2008,pressure,true-species-vapor-partial-pressure,pCO2,313.14,0.3499069981399628,72.1,91.73917316316513,0.8029847733652358,0.24089543200957073,0.3223922731282095,ce5489a603434ea513df9876f6aa6dceffde617a93807d9c516ce60b86cc2452
F2,packet,vle_obs_0131,vle_obs_0131-pco2,Hilliard2008,pressure,true-species-vapor-partial-pressure,pCO2,313.02,0.3599071981439629,96.60000000000001,106.52838065248,0.3261089780999958,0.09783269342999873,0.053173532798711766,ce5489a603434ea513df9876f6aa6dceffde617a93807d9c516ce60b86cc2452
F2,packet,vle_obs_0132,vle_obs_0132-pco2,Hilliard2008,pressure,true-species-vapor-partial-pressure,pCO2,313.2,0.3819076381527631,131.0,150.60312901659634,0.4648358965047816,0.13945076895143446,0.108036205339702,ce5489a603434ea513df9876f6aa6dceffde617a93807d9c516ce60b86cc2452
F2,packet,vle_obs_0133,vle_obs_0133-pco2,Hilliard2008,pressure,true-species-vapor-partial-pressure,pCO2,313.03,0.3859077181543631,120.0,172.92218862363603,1.2178332459794863,0.3653499737938459,0.7415589075064659,ce5489a603434ea513df9876f6aa6dceffde617a93807d9c516ce60b86cc2452
F2,packet,vle_obs_0134,vle_obs_0134-pco2,Hilliard2008,pressure,true-species-vapor-partial-pressure,pCO2,313.0,0.38890777815556316,113.0,182.91286077586963,1.6054068336672804,0.4816220501001841,1.2886655507928015,ce5489a603434ea513df9876f6aa6dceffde617a93807d9c516ce60b86cc2452
F2,packet,vle_obs_0135,vle_obs_0135-pco2,Hilliard2008,pressure,true-species-vapor-partial-pressure,pCO2,313.15,0.39990799815996325,128.0,230.47494297782526,1.9603729511782335,0.58811188535347,1.9215310538556283,ce5489a603434ea513df9876f6aa6dceffde617a93807d9c516ce60b86cc2452
F2,packet,vle_obs_0136,vle_obs_0136-pco2,Hilliard2008,pressure,true-species-vapor-partial-pressure,pCO2,313.169,0.46390927818556377,750.0,994.295614192501,0.9398711816534335,0.28196135449603005,0.44167891905131074,ce5489a603434ea513df9876f6aa6dceffde617a93807d9c516ce60b86cc2452
F2,packet,vle_obs_0137,vle_obs_0137-pco2,Hilliard2008,pressure,true-species-vapor-partial-pressure,pCO2,313.08,0.4659093181863638,574.0,1060.3604133833505,2.0457824854038513,0.6137347456211554,2.0926129887925797,ce5489a603434ea513df9876f6aa6dceffde617a93807d9c516ce60b86cc2452
F2,packet,vle_obs_0138,vle_obs_0138-pco2,Hilliard2008,pressure,true-species-vapor-partial-pressure,pCO2,313.14,0.48090961819236383,883.0,1579.7345711653056,1.9389563945710275,0.5816869183713083,1.879775950023939,ce5489a603434ea513df9876f6aa6dceffde617a93807d9c516ce60b86cc2452
F2,packet,vle_obs_0139,vle_obs_0139-pco2,Hilliard2008,pressure,true-species-vapor-partial-pressure,pCO2,313.02799999999996,0.4909098181963639,1100.0,2045.56459002269,2.0678788490906093,0.6203636547271827,2.1380614672581513,ce5489a603434ea513df9876f6aa6dceffde617a93807d9c516ce60b86cc2452
F2,packet,vle_obs_0140,vle_obs_0140-pco2,Hilliard2008,pressure,true-species-vapor-partial-pressure,pCO2,313.168,0.5009100182003641,1870.0,2734.8220685481865,1.2670931522918318,0.38012794568754954,0.8027625282924257,ce5489a603434ea513df9876f6aa6dceffde617a93807d9c516ce60b86cc2452
F2,packet,vle_obs_0141,vle_obs_0141-pco2,Hilliard2008,pressure,true-species-vapor-partial-pressure,pCO2,313.147,0.5179103582071641,3030.0,4318.974268442668,1.181517722271387,0.3544553166814161,0.6979920640206833,ce5489a603434ea513df9876f6aa6dceffde617a93807d9c516ce60b86cc2452
F2,packet,vle_obs_0142,vle_obs_0142-pco2,Hilliard2008,pressure,true-species-vapor-partial-pressure,pCO2,313.15,0.5909118182363647,28300.0,22530.257266700493,-0.7600087713992999,-0.22800263141978996,0.28880666630193663,ce5489a603434ea513df9876f6aa6dceffde617a93807d9c516ce60b86cc2452
F2,packet,vle_obs_0143,vle_obs_0143-pco2,Hilliard2008,pressure,true-species-vapor-partial-pressure,pCO2,333.018,0.11390227804556091,19.400000000000002,15.406570026844934,-0.7682634083617322,-0.23047902250851968,0.29511433231379286,ce5489a603434ea513df9876f6aa6dceffde617a93807d9c516ce60b86cc2452
F2,packet,vle_obs_0144,vle_obs_0144-pco2,Hilliard2008,pressure,true-species-vapor-partial-pressure,pCO2,333.114,0.19090381807636156,58.9,55.79913485556128,-0.18027575257030737,-0.05408272577109221,0.01624967348239534,ce5489a603434ea513df9876f6aa6dceffde617a93807d9c516ce60b86cc2452
F2,packet,vle_obs_0145,vle_obs_0145-pco2,Hilliard2008,pressure,true-species-vapor-partial-pressure,pCO2,333.10999999999996,0.29090581811636235,209.0,239.16722683152065,0.44942916383604076,0.13482874915081222,0.10099328665318139,ce5489a603434ea513df9876f6aa6dceffde617a93807d9c516ce60b86cc2452
F2,packet,vle_obs_0146,vle_obs_0146-pco2,Hilliard2008,pressure,true-species-vapor-partial-pressure,pCO2,333.034,0.3859077181543631,763.0,1105.9763029441094,1.2374190821959996,0.3712257246587999,0.7656029924913951,ce5489a603434ea513df9876f6aa6dceffde617a93807d9c516ce60b86cc2452
F2,packet,vle_obs_0147,vle_obs_0147-pco2,Hilliard2008,pressure,true-species-vapor-partial-pressure,pCO2,332.921,0.4849096981939639,4860.0,9028.98813325807,2.064672890400452,0.6194018671201356,2.1314370721772784,ce5489a603434ea513df9876f6aa6dceffde617a93807d9c516ce60b86cc2452
F2,packet,vle_obs_0148,vle_obs_0148-pco2,Hilliard2008,pressure,true-species-vapor-partial-pressure,pCO2,333.256,0.5439108782175645,25800.0,36363.517802438306,1.143971739812593,0.3431915219437779,0.6543356707449255,ce5489a603434ea513df9876f6aa6dceffde617a93807d9c516ce60b86cc2452
F2,packet,vle_obs_0149,vle_obs_0149-pco2,Hilliard2008,pressure,true-species-vapor-partial-pressure,pCO2,333.09499999999997,0.5649112982259645,50200.0,54545.55204114236,0.2767371437981269,0.08302114313943806,0.03829172337877259,ce5489a603434ea513df9876f6aa6dceffde617a93807d9c516ce60b86cc2452
F2,packet,vle_obs_0186,vle_obs_0186-pco2,Jou1995,pressure,true-species-vapor-partial-pressure,pCO2,313.15,0.08870177403548071,1.47,1.308126596229842,-0.38888788776889727,-0.11666636633066918,0.07561689462667721,ce5489a603434ea513df9876f6aa6dceffde617a93807d9c516ce60b86cc2452
F2,packet,vle_obs_0187,vle_obs_0187-pco2,Jou1995,pressure,true-species-vapor-partial-pressure,pCO2,313.15,0.20290405808116166,8.959999999999999,9.888074785578352,0.3285307898877126,0.09855923696631379,0.053966239952122186,ce5489a603434ea513df9876f6aa6dceffde617a93807d9c516ce60b86cc2452
F2,packet,vle_obs_0188,vle_obs_0188-pco2,Jou1995,pressure,true-species-vapor-partial-pressure,pCO2,313.15,0.36490729814596295,67.7,119.72990687864724,1.9005075001632825,0.5701522500489847,1.8059643790884445,ce5489a603434ea513df9876f6aa6dceffde617a93807d9c516ce60b86cc2452
F2,packet,vle_obs_0189,vle_obs_0189-pco2,Jou1995,pressure,true-species-vapor-partial-pressure,pCO2,313.15,0.4734094681893638,604.0,1298.3080378099567,2.5508099614630746,0.7652429884389224,3.2533157297496262,ce5489a603434ea513df9876f6aa6dceffde617a93807d9c516ce60b86cc2452
F2,packet,vle_obs_0190,vle_obs_0190-pco2,Jou1995,pressure,true-species-vapor-partial-pressure,pCO2,313.15,0.5129102582051641,2570.0,3792.655255709334,1.2972015668631318,0.3891604700589395,0.8413659525360822,ce5489a603434ea513df9876f6aa6dceffde617a93807d9c516ce60b86cc2452
F2,packet,vle_obs_0191,vle_obs_0191-pco2,Jou1995,pressure,true-species-vapor-partial-pressure,pCO2,313.15,0.5569111382227645,8090.0,11286.744130779625,1.1100007342416196,0.3330002202724859,0.6160508150084674,ce5489a603434ea513df9876f6aa6dceffde617a93807d9c516ce60b86cc2452
F2,packet,vle_obs_0192,vle_obs_0192-pco2,Jou1995,pressure,true-species-vapor-partial-pressure,pCO2,313.15,0.6089121782435649,36100.0,31040.332040814777,-0.5033515762994469,-0.15100547288983407,0.12668140468156897,ce5489a603434ea513df9876f6aa6dceffde617a93807d9c516ce60b86cc2452
F2,packet,vle_obs_0193,vle_obs_0193-pco2,Jou1995,pressure,true-species-vapor-partial-pressure,pCO2,313.15,0.6419128382567652,103000.0,51613.0952946991,-2.3031785438634618,-0.6909535631590386,2.652315702456508,ce5489a603434ea513df9876f6aa6dceffde617a93807d9c516ce60b86cc2452
F2,packet,vle_obs_0194,vle_obs_0194-pco2,Jou1995,pressure,true-species-vapor-partial-pressure,pCO2,333.15,0.05630112602252045,4.28,3.703557579306388,-0.4821971465851055,-0.14465914397553165,0.11625704408740885,ce5489a603434ea513df9876f6aa6dceffde617a93807d9c516ce60b86cc2452
F2,packet,vle_obs_0195,vle_obs_0195-pco2,Jou1995,pressure,true-species-vapor-partial-pressure,pCO2,333.15,0.11890237804756094,19.3,17.13494712731135,-0.39661675414486003,-0.11898502624345801,0.07865242483420218,ce5489a603434ea513df9876f6aa6dceffde617a93807d9c516ce60b86cc2452
F2,packet,vle_obs_0196,vle_obs_0196-pco2,Jou1995,pressure,true-species-vapor-partial-pressure,pCO2,333.15,0.20590411808236164,57.9,70.60473716017856,0.6612661875177865,0.19837985625533594,0.21863648537715422,ce5489a603434ea513df9876f6aa6dceffde617a93807d9c516ce60b86cc2452
F2,packet,vle_obs_0197,vle_obs_0197-pco2,Jou1995,pressure,true-species-vapor-partial-pressure,pCO2,333.15,0.38890777815556316,528.0,1182.565999066597,2.6878188275549038,0.8063456482664711,3.6121850248793086,ce5489a603434ea513df9876f6aa6dceffde617a93807d9c516ce60b86cc2452
F2,packet,vle_obs_0198,vle_obs_0198-pco2,Jou1995,pressure,true-species-vapor-partial-pressure,pCO2,333.15,0.4379087581751635,2009.9999999999998,3144.5536317385386,1.4917907617119182,0.4475372285135754,1.1127198383645125,ce5489a603434ea513df9876f6aa6dceffde617a93807d9c516ce60b86cc2452
F2,packet,vle_obs_0199,vle_obs_0199-pco2,Jou1995,pressure,true-species-vapor-partial-pressure,pCO2,333.15,0.5039100782015641,11000.0,14657.977772263954,0.9569649076020398,0.28708947228061193,0.45789091719089026,ce5489a603434ea513df9876f6aa6dceffde617a93807d9c516ce60b86cc2452
F2,packet,vle_obs_0200,vle_obs_0200-pco2,Jou1995,pressure,true-species-vapor-partial-pressure,pCO2,333.15,0.5609112182243645,34000.0,51207.61330345734,1.3650923123603314,0.4095276937080994,0.9317385106326382,ce5489a603434ea513df9876f6aa6dceffde617a93807d9c516ce60b86cc2452
F2,packet,vle_obs_0201,vle_obs_0201-pco2,Jou1995,pressure,true-species-vapor-partial-pressure,pCO2,333.15,0.5789115782315646,82000.0,71399.88530850701,-0.46140994747811925,-0.13842298424343577,0.10644956981588038,ce5489a603434ea513df9876f6aa6dceffde617a93807d9c516ce60b86cc2452
F2,packet,vle_obs_0202,vle_obs_0202-pco2,Jou1995,pressure,true-species-vapor-partial-pressure,pCO2,333.15,0.6679133582671654,282000.0,239807.92020270467,-0.5402293350729378,-0.16206880052188133,0.14592386723667425,ce5489a603434ea513df9876f6aa6dceffde617a93807d9c516ce60b86cc2452
F2,packet,vle_obs_0203,vle_obs_0203-pco2,Jou1995,pressure,true-species-vapor-partial-pressure,pCO2,353.15,0.01730034600692014,2.96,2.593415942498981,-0.4407112162902195,-0.13221336488706584,0.09711318808200231,ce5489a603434ea513df9876f6aa6dceffde617a93807d9c516ce60b86cc2452
F2,packet,vle_obs_0204,vle_obs_0204-pco2,Jou1995,pressure,true-species-vapor-partial-pressure,pCO2,353.15,0.023500470009400188,4.84,4.475843106349372,-0.26073327697990006,-0.07821998309397002,0.03399092086233864,ce5489a603434ea513df9876f6aa6dceffde617a93807d9c516ce60b86cc2452
F2,packet,vle_obs_0205,vle_obs_0205-pco2,Jou1995,pressure,true-species-vapor-partial-pressure,pCO2,353.15,0.07800156003120062,46.5,41.728999244308525,-0.3608533332061655,-0.10825599996184965,0.06510756404299996,ce5489a603434ea513df9876f6aa6dceffde617a93807d9c516ce60b86cc2452
F2,packet,vle_obs_0206,vle_obs_0206-pco2,Jou1995,pressure,true-species-vapor-partial-pressure,pCO2,353.15,0.11790235804716094,99.2,99.7278016390476,0.017688255846773318,0.005306476754031995,0.00015643719745045523,ce5489a603434ea513df9876f6aa6dceffde617a93807d9c516ce60b86cc2452
F2,packet,vle_obs_0207,vle_obs_0207-pco2,Jou1995,pressure,true-species-vapor-partial-pressure,pCO2,353.15,0.18690373807476152,278.0,312.9592401910722,0.39483948446014233,0.11845184533804269,0.0779491092443755,ce5489a603434ea513df9876f6aa6dceffde617a93807d9c516ce60b86cc2452
F2,packet,vle_obs_0208,vle_obs_0208-pco2,Jou1995,pressure,true-species-vapor-partial-pressure,pCO2,353.15,0.3479069581391628,2670.0,3286.2539859304934,0.6922327918686114,0.2076698375605834,0.23959311906910616,ce5489a603434ea513df9876f6aa6dceffde617a93807d9c516ce60b86cc2452
F2,packet,vle_obs_0209,vle_obs_0209-pco2,Jou1995,pressure,true-species-vapor-partial-pressure,pCO2,353.15,0.4599091981839637,16000.0,25331.380947372218,1.5315175284722446,0.45945525854167335,1.1727729700088663,ce5489a603434ea513df9876f6aa6dceffde617a93807d9c516ce60b86cc2452
F2,packet,vle_obs_0210,vle_obs_0210-pco2,Jou1995,pressure,true-species-vapor-partial-pressure,pCO2,353.15,0.5169103382067641,56000.0,82393.18590554269,1.287170158132488,0.3861510474397464,0.828403507993407,ce5489a603434ea513df9876f6aa6dceffde617a93807d9c516ce60b86cc2452
F2,packet,vle_obs_0211,vle_obs_0211-pco2,Jou1995,pressure,true-species-vapor-partial-pressure,pCO2,353.15,0.5784115682313646,235000.0,237573.0457783444,0.03629874405090547,0.01088962321527164,0.0006587994098365725,ce5489a603434ea513df9876f6aa6dceffde617a93807d9c516ce60b86cc2452
F2,packet,vle_obs_0212,vle_obs_0212-pco2,Jou1995,pressure,true-species-vapor-partial-pressure,pCO2,353.15,0.6399127982559651,558000.0,492031.92029151384,-0.41938456450747535,-0.1258153693522426,0.08794170647356238,ce5489a603434ea513df9876f6aa6dceffde617a93807d9c516ce60b86cc2452
F2,packet,vle_obs_0213,vle_obs_0213-pco2,Jou1995,pressure,true-species-vapor-partial-pressure,pCO2,353.15,0.6889137782755654,958000.0,735917.5706224474,-0.879098873169819,-0.2637296619509457,0.3864074144042228,ce5489a603434ea513df9876f6aa6dceffde617a93807d9c516ce60b86cc2452
F2,packet,vle_obs_0214,vle_obs_0214-pco2,Jou1995,pressure,true-species-vapor-partial-pressure,pCO2,373.15,0.011600232004640094,7.24,6.735955767608926,-0.24053832015176724,-0.07216149604553017,0.028929341730717036,ce5489a603434ea513df9876f6aa6dceffde617a93807d9c516ce60b86cc2452
F2,packet,vle_obs_0215,vle_obs_0215-pco2,Jou1995,pressure,true-species-vapor-partial-pressure,pCO2,373.15,0.056501130022600446,136.0,116.77512376410759,-0.5080160649912715,-0.15240481949738144,0.1290401611446079,ce5489a603434ea513df9876f6aa6dceffde617a93807d9c516ce60b86cc2452
F2,packet,vle_obs_0216,vle_obs_0216-pco2,Jou1995,pressure,true-species-vapor-partial-pressure,pCO2,373.15,0.18790375807516152,1430.0,1647.8453593759625,0.4726471582751137,0.1417941474825341,0.1116976681127702,ce5489a603434ea513df9876f6aa6dceffde617a93807d9c516ce60b86cc2452
F2,packet,vle_obs_0217,vle_obs_0217-pco2,Jou1995,pressure,true-species-vapor-partial-pressure,pCO2,373.15,0.38090761815236307,19000.0,27486.714331370968,1.230879311818173,0.36926379354545186,0.7575319401309895,ce5489a603434ea513df9876f6aa6dceffde617a93807d9c516ce60b86cc2452
F2,packet,vle_obs_0218,vle_obs_0218-pco2,Jou1995,pressure,true-species-vapor-partial-pressure,pCO2,373.15,0.4219084381687634,39000.0,54770.36276634981,1.131958586979755,0.3395875760939265,0.6406651213186019,ce5489a603434ea513df9876f6aa6dceffde617a93807d9c516ce60b86cc2452
F2,packet,vle_obs_0219,vle_obs_0219-pco2,Jou1995,pressure,true-species-vapor-partial-pressure,pCO2,373.15,0.4769095381907638,69000.0,145212.3325372156,2.4803017633866222,0.7440905290159866,3.0759484187293937,ce5489a603434ea513df9876f6aa6dceffde617a93807d9c516ce60b86cc2452
F2,packet,vle_obs_0220,vle_obs_0220-pco2,Jou1995,pressure,true-species-vapor-partial-pressure,pCO2,373.15,0.48090961819236383,109000.0,155743.06958573445,1.1895325913552088,0.35685977740656266,0.7074938929481192,ce5489a603434ea513df9876f6aa6dceffde617a93807d9c516ce60b86cc2452
F2,packet,vle_obs_0221,vle_obs_0221-pco2,Jou1995,pressure,true-species-vapor-partial-pressure,pCO2,373.15,0.5709114182283646,509000.0,585801.1107382668,0.46844104648746926,0.14053231394624077,0.10971850701713767,ce5489a603434ea513df9876f6aa6dceffde617a93807d9c516ce60b86cc2452
F2,packet,vle_obs_0222,vle_obs_0222-pco2,Jou1995,pressure,true-species-vapor-partial-pressure,pCO2,373.15,0.5889117782355647,376000.0,710959.1189339061,2.1234192892567316,0.6370257867770195,2.2544547389937817,ce5489a603434ea513df9876f6aa6dceffde617a93807d9c516ce60b86cc2452
F2,packet,vle_obs_0223,vle_obs_0223-pco2,Jou1995,pressure,true-species-vapor-partial-pressure,pCO2,373.15,0.613412268245365,909000.0,894385.0528790583,-0.05402901271195192,-0.016208703813585575,0.0014595671073141313,ce5489a603434ea513df9876f6aa6dceffde617a93807d9c516ce60b86cc2452
F2,packet,vle_obs_0224,vle_obs_0224-pco2,Jou1995,pressure,true-species-vapor-partial-pressure,pCO2,393.15,0.003230064601292026,2.02,3.3863045894126333,1.7221390792618207,0.5166417237785462,1.4828815041603758,ce5489a603434ea513df9876f6aa6dceffde617a93807d9c516ce60b86cc2452
F2,packet,vle_obs_0225,vle_obs_0225-pco2,Jou1995,pressure,true-species-vapor-partial-pressure,pCO2,393.15,0.011100222004440089,22.1,29.399188701591694,0.9512982341873957,0.2853894702562187,0.45248416518402856,ce5489a603434ea513df9876f6aa6dceffde617a93807d9c516ce60b86cc2452
F2,packet,vle_obs_0226,vle_obs_0226-pco2,Jou1995,pressure,true-species-vapor-partial-pressure,pCO2,393.15,0.024600492009840196,98.4,120.36639464055395,0.6716652519191961,0.20149957557575884,0.2255671053178386,ce5489a603434ea513df9876f6aa6dceffde617a93807d9c516ce60b86cc2452
F2,packet,vle_obs_0227,vle_obs_0227-pco2,Jou1995,pressure,true-species-vapor-partial-pressure,pCO2,393.15,0.11890237804756094,2290.0,2482.1231049421804,0.2685415569219851,0.08056246707659553,0.03605728389704189,ce5489a603434ea513df9876f6aa6dceffde617a93807d9c516ce60b86cc2452
F2,packet,vle_obs_0228,vle_obs_0228-pco2,Jou1995,pressure,true-species-vapor-partial-pressure,pCO2,393.15,0.3489069781395628,46800.0,73315.6430029895,1.496302646273898,0.4488907938821694,1.119460804623135,ce5489a603434ea513df9876f6aa6dceffde617a93807d9c516ce60b86cc2452
F2,packet,vle_obs_0229,vle_obs_0229-pco2,Jou1995,pressure,true-species-vapor-partial-pressure,pCO2,393.15,0.4114082281645633,122000.0,183653.89623286735,1.363439809472121,0.40903194284163624,0.9294840570266868,ce5489a603434ea513df9876f6aa6dceffde617a93807d9c516ce60b86cc2452
F2,packet,vle_obs_0230,vle_obs_0230-pco2,Jou1995,pressure,true-species-vapor-partial-pressure,pCO2,393.15,0.4439088781775636,222000.0,296202.28063564847,0.9612173985982527,0.2883652195794758,0.4619694436839961,ce5489a603434ea513df9876f6aa6dceffde617a93807d9c516ce60b86cc2452
F2,packet,vle_obs_0231,vle_obs_0231-pco2,Jou1995,pressure,true-species-vapor-partial-pressure,pCO2,393.15,0.4729094581891638,422000.0,444419.6846614305,0.17254679222060876,0.05176403766618263,0.014886197752810965,ce5489a603434ea513df9876f6aa6dceffde617a93807d9c516ce60b86cc2452
F2,packet,vle_obs_0232,vle_obs_0232-pco2,Jou1995,pressure,true-species-vapor-partial-pressure,pCO2,393.15,0.5359107182143643,822000.0,935423.1816126584,0.4308621083165814,0.1292586324949744,0.09282107819150476,ce5489a603434ea513df9876f6aa6dceffde617a93807d9c516ce60b86cc2452
F2,packet,vle_obs_0233,vle_obs_0233-pco2,Jou1995,pressure,true-species-vapor-partial-pressure,pCO2,393.15,0.6389127782555651,2804000.0,2053001.956635686,-1.0391462602476451,-0.31174387807429355,0.5399124750933333,ce5489a603434ea513df9876f6aa6dceffde617a93807d9c516ce60b86cc2452
F3,packet,vle_obs_0119,vle_obs_0119-pco2,Hilliard2008,pressure,true-species-vapor-partial-pressure,pCO2,313.137,0.15290305806116122,5.7,3.7540431985101006,-1.392109098047287,-0.4176327294141861,0.9689838704330155,08303373245b0ffaeb973c65df34e6c3ed4efe5eefda80f9c519be34c4a5fa25
F3,packet,vle_obs_0120,vle_obs_0120-pco2,Hilliard2008,pressure,true-species-vapor-partial-pressure,pCO2,313.20799999999997,0.16290325806516132,6.64,4.516373335252308,-1.2846755038809696,-0.3854026511642909,0.8251955751359116,08303373245b0ffaeb973c65df34e6c3ed4efe5eefda80f9c519be34c4a5fa25
F3,packet,vle_obs_0121,vle_obs_0121-pco2,Hilliard2008,pressure,true-species-vapor-partial-pressure,pCO2,313.135,0.1699033980679614,7.21,5.08352958697556,-1.164877101276359,-0.3494631303829077,0.6784693305390064,08303373245b0ffaeb973c65df34e6c3ed4efe5eefda80f9c519be34c4a5fa25
F3,packet,vle_obs_0122,vle_obs_0122-pco2,Hilliard2008,pressure,true-species-vapor-partial-pressure,pCO2,313.294,0.19090381807636156,9.950000000000001,7.591047391868494,-0.9020099099665546,-0.2706029729899664,0.406810938838936,08303373245b0ffaeb973c65df34e6c3ed4efe5eefda80f9c519be34c4a5fa25
F3,packet,vle_obs_0123,vle_obs_0123-pco2,Hilliard2008,pressure,true-species-vapor-partial-pressure,pCO2,313.18399999999997,0.19390387807756157,9.85,8.09148297910352,-0.6555314358802774,-0.1966594307640832,0.21486073171362913,08303373245b0ffaeb973c65df34e6c3ed4efe5eefda80f9c519be34c4a5fa25
F3,packet,vle_obs_0124,vle_obs_0124-pco2,Hilliard2008,pressure,true-species-vapor-partial-pressure,pCO2,313.18399999999997,0.23190463809276188,14.6,15.26548099437599,0.1485753553262708,0.04457260659788124,0.011037318105163814,08303373245b0ffaeb973c65df34e6c3ed4efe5eefda80f9c519be34c4a5fa25
F3,packet,vle_obs_0125,vle_obs_0125-pco2,Hilliard2008,pressure,true-species-vapor-partial-pressure,pCO2,313.27,0.24590491809836199,19.099999999999998,19.606300587865995,0.08720879363914923,0.026162638091744767,0.0038026868439978573,08303373245b0ffaeb973c65df34e6c3ed4efe5eefda80f9c519be34c4a5fa25
F3,packet,vle_obs_0126,vle_obs_0126-pco2,Hilliard2008,pressure,true-species-vapor-partial-pressure,pCO2,313.118,0.2689053781075622,23.099999999999998,28.847899815601846,0.74068192030103,0.22220457609030897,0.2743048535304107,08303373245b0ffaeb973c65df34e6c3ed4efe5eefda80f9c519be34c4a5fa25
F3,packet,vle_obs_0127,vle_obs_0127-pco2,Hilliard2008,pressure,true-species-vapor-partial-pressure,pCO2,313.503,0.2719054381087622,22.4,32.37850509765707,1.2281127362103719,0.36843382086311155,0.7541304464210632,08303373245b0ffaeb973c65df34e6c3ed4efe5eefda80f9c519be34c4a5fa25
F3,packet,vle_obs_0128,vle_obs_0128-pco2,Hilliard2008,pressure,true-species-vapor-partial-pressure,pCO2,313.01599999999996,0.32590651813036264,48.5,80.79498094528897,1.7011701621350672,0.5103510486405202,1.4469899602693255,08303373245b0ffaeb973c65df34e6c3ed4efe5eefda80f9c519be34c4a5fa25
F3,packet,vle_obs_0129,vle_obs_0129-pco2,Hilliard2008,pressure,true-species-vapor-partial-pressure,pCO2,313.029,0.3479069581391628,66.19999999999999,123.64085086289293,2.082335120247166,0.6247005360741498,2.16805977650739,08303373245b0ffaeb973c65df34e6c3ed4efe5eefda80f9c519be34c4a5fa25
F3,packet,vle_obs_0130,vle_obs_0130-pco2,Hilliard2008,pressure,true-species-vapor-partial-pressure,pCO2,313.14,0.3499069981399628,72.1,129.79931523064485,1.9597849479744216,0.5879354843923265,1.9203785211535531,08303373245b0ffaeb973c65df34e6c3ed4efe5eefda80f9c519be34c4a5fa25
F3,packet,vle_obs_0131,vle_obs_0131-pco2,Hilliard2008,pressure,true-species-vapor-partial-pressure,pCO2,313.02,0.3599071981439629,96.60000000000001,155.33637473167875,1.58338061288352,0.47501418386505595,1.2535470826276955,08303373245b0ffaeb973c65df34e6c3ed4efe5eefda80f9c519be34c4a5fa25
F3,packet,vle_obs_0132,vle_obs_0132-pco2,Hilliard2008,pressure,true-species-vapor-partial-pressure,pCO2,313.2,0.3819076381527631,131.0,237.8974191362107,1.988807485084034,0.5966422455252102,1.97767760636314,08303373245b0ffaeb973c65df34e6c3ed4efe5eefda80f9c519be34c4a5fa25
F3,packet,vle_obs_0133,vle_obs_0133-pco2,Hilliard2008,pressure,true-species-vapor-partial-pressure,pCO2,313.03,0.3859077181543631,120.0,267.7634175258849,2.675373591439114,0.8026120774317342,3.578811926884912,08303373245b0ffaeb973c65df34e6c3ed4efe5eefda80f9c519be34c4a5fa25
F3,packet,vle_obs_0134,vle_obs_0134-pco2,Hilliard2008,pressure,true-species-vapor-partial-pressure,pCO2,313.0,0.38890777815556316,113.0,284.9601540943233,3.083205138621989,0.9249615415865967,4.753076963412519,08303373245b0ffaeb973c65df34e6c3ed4efe5eefda80f9c519be34c4a5fa25
F3,packet,vle_obs_0135,vle_obs_0135-pco2,Hilliard2008,pressure,true-species-vapor-partial-pressure,pCO2,313.15,0.39990799815996325,128.0,366.9608819786199,3.510749966132895,1.0532249898398685,6.162682662351062,08303373245b0ffaeb973c65df34e6c3ed4efe5eefda80f9c519be34c4a5fa25
F3,packet,vle_obs_0136,vle_obs_0136-pco2,Hilliard2008,pressure,true-species-vapor-partial-pressure,pCO2,313.169,0.46390927818556377,750.0,1663.7226813255766,2.655799143682028,0.7967397431046084,3.526634545791097,08303373245b0ffaeb973c65df34e6c3ed4efe5eefda80f9c519be34c4a5fa25
F3,packet,vle_obs_0137,vle_obs_0137-pco2,Hilliard2008,pressure,true-species-vapor-partial-pressure,pCO2,313.08,0.4659093181863638,574.0,1749.623033007619,3.7150874589468583,1.1145262376840575,6.9009374138121125,08303373245b0ffaeb973c65df34e6c3ed4efe5eefda80f9c519be34c4a5fa25
F3,packet,vle_obs_0138,vle_obs_0138-pco2,Hilliard2008,pressure,true-species-vapor-partial-pressure,pCO2,313.14,0.48090961819236383,883.0,2556.5608453401983,3.5436433796109745,1.0630930138832924,6.278704200930345,08303373245b0ffaeb973c65df34e6c3ed4efe5eefda80f9c519be34c4a5fa25
F3,packet,vle_obs_0139,vle_obs_0139-pco2,Hilliard2008,pressure,true-species-vapor-partial-pressure,pCO2,313.02799999999996,0.4909098181963639,1100.0,3250.032681187268,3.6111829074556376,1.0833548722366912,6.520320995549876,08303373245b0ffaeb973c65df34e6c3ed4efe5eefda80f9c519be34c4a5fa25
F3,packet,vle_obs_0140,vle_obs_0140-pco2,Hilliard2008,pressure,true-species-vapor-partial-pressure,pCO2,313.168,0.5009100182003641,1870.0,4219.464716177909,2.712566148761253,0.8137698446283759,3.6790075557027277,08303373245b0ffaeb973c65df34e6c3ed4efe5eefda80f9c519be34c4a5fa25
F3,packet,vle_obs_0141,vle_obs_0141-pco2,Hilliard2008,pressure,true-species-vapor-partial-pressure,pCO2,313.147,0.5179103582071641,3030.0,6353.057978523728,2.4679121629535965,0.7403736488860789,3.0452952220271494,08303373245b0ffaeb973c65df34e6c3ed4efe5eefda80f9c519be34c4a5fa25
F3,packet,vle_obs_0142,vle_obs_0142-pco2,Hilliard2008,pressure,true-species-vapor-partial-pressure,pCO2,313.15,0.5909118182363647,28300.0,28481.10844022967,0.021264003630352673,0.006379201089105802,0.00022607892519582582,08303373245b0ffaeb973c65df34e6c3ed4efe5eefda80f9c519be34c4a5fa25
F3,packet,vle_obs_0143,vle_obs_0143-pco2,Hilliard2008,pressure,true-species-vapor-partial-pressure,pCO2,333.018,0.11390227804556091,19.400000000000002,11.151494071436055,-1.845665265672661,-0.5536995797017983,1.7032401364552674,08303373245b0ffaeb973c65df34e6c3ed4efe5eefda80f9c519be34c4a5fa25
F3,packet,vle_obs_0144,vle_obs_0144-pco2,Hilliard2008,pressure,true-species-vapor-partial-pressure,pCO2,333.114,0.19090381807636156,58.9,48.953254916911376,-0.6165840972139762,-0.18497522916419284,0.19008797446858705,08303373245b0ffaeb973c65df34e6c3ed4efe5eefda80f9c519be34c4a5fa25
F3,packet,vle_obs_0145,vle_obs_0145-pco2,Hilliard2008,pressure,true-species-vapor-partial-pressure,pCO2,333.10999999999996,0.29090581811636235,209.0,274.31768892894496,0.9065087714252283,0.2719526314275685,0.41087907633543846,08303373245b0ffaeb973c65df34e6c3ed4efe5eefda80f9c519be34c4a5fa25
F3,packet,vle_obs_0146,vle_obs_0146-pco2,Hilliard2008,pressure,true-species-vapor-partial-pressure,pCO2,333.034,0.3859077181543631,763.0,1597.980666189147,2.4641266540444846,0.7392379962133454,3.0359600835862337,08303373245b0ffaeb973c65df34e6c3ed4efe5eefda80f9c519be34c4a5fa25
F3,packet,vle_obs_0147,vle_obs_0147-pco2,Hilliard2008,pressure,true-species-vapor-partial-pressure,pCO2,332.921,0.4849096981939639,4860.0,13559.518226758946,3.420167716561999,1.0260503149685996,5.848773604706459,08303373245b0ffaeb973c65df34e6c3ed4efe5eefda80f9c519be34c4a5fa25
F3,packet,vle_obs_0149,vle_obs_0149-pco2,Hilliard2008,pressure,true-species-vapor-partial-pressure,pCO2,333.09499999999997,0.5649112982259645,50200.0,69367.64514811856,1.0780184128861952,0.3234055238658585,0.5810618492608356,08303373245b0ffaeb973c65df34e6c3ed4efe5eefda80f9c519be34c4a5fa25
F3,packet,vle_obs_0186,vle_obs_0186-pco2,Jou1995,pressure,true-species-vapor-partial-pressure,pCO2,313.15,0.08870177403548071,1.47,0.8951014725953713,-1.6536019690770116,-0.49608059072310345,1.367199736067685,08303373245b0ffaeb973c65df34e6c3ed4efe5eefda80f9c519be34c4a5fa25
F3,packet,vle_obs_0187,vle_obs_0187-pco2,Jou1995,pressure,true-species-vapor-partial-pressure,pCO2,313.15,0.20290405808116166,8.959999999999999,9.198176167191438,0.08744998239630707,0.026234994718892117,0.0038237497105572077,08303373245b0ffaeb973c65df34e6c3ed4efe5eefda80f9c519be34c4a5fa25
F3,packet,vle_obs_0188,vle_obs_0188-pco2,Jou1995,pressure,true-species-vapor-partial-pressure,pCO2,313.15,0.36490729814596295,67.7,175.8596305715753,3.181999811114239,0.9545999433342717,5.062561398965527,08303373245b0ffaeb973c65df34e6c3ed4efe5eefda80f9c519be34c4a5fa25
F3,packet,vle_obs_0189,vle_obs_0189-pco2,Jou1995,pressure,true-species-vapor-partial-pressure,pCO2,313.15,0.4734094681893638,604.0,2122.6716191362693,4.189521913514593,1.2568565740543778,8.776046931909487,08303373245b0ffaeb973c65df34e6c3ed4efe5eefda80f9c519be34c4a5fa25
F3,packet,vle_obs_0190,vle_obs_0190-pco2,Jou1995,pressure,true-species-vapor-partial-pressure,pCO2,313.15,0.5129102582051641,2570.0,5646.128125455869,2.6235470793481905,0.7870641238044571,3.44149963877821,08303373245b0ffaeb973c65df34e6c3ed4efe5eefda80f9c519be34c4a5fa25
F3,packet,vle_obs_0191,vle_obs_0191-pco2,Jou1995,pressure,true-species-vapor-partial-pressure,pCO2,313.15,0.5569111382227645,8090.0,15031.26022324061,2.0650110545594482,0.6195033163678344,2.1321353277263624,08303373245b0ffaeb973c65df34e6c3ed4efe5eefda80f9c519be34c4a5fa25
F3,packet,vle_obs_0192,vle_obs_0192-pco2,Jou1995,pressure,true-species-vapor-partial-pressure,pCO2,313.15,0.6089121782435649,36100.0,38413.79992706252,0.20707967598795457,0.06212390279638637,0.021440996103638123,08303373245b0ffaeb973c65df34e6c3ed4efe5eefda80f9c519be34c4a5fa25
F3,packet,vle_obs_0193,vle_obs_0193-pco2,Jou1995,pressure,true-species-vapor-partial-pressure,pCO2,313.15,0.6419128382567652,103000.0,62398.505760218766,-1.6706255309710258,-0.5011876592913077,1.395494832366111,08303373245b0ffaeb973c65df34e6c3ed4efe5eefda80f9c519be34c4a5fa25
F3,packet,vle_obs_0194,vle_obs_0194-pco2,Jou1995,pressure,true-species-vapor-partial-pressure,pCO2,333.15,0.05630112602252045,4.28,2.3359736184105926,-2.018414127267043,-0.6055242381801129,2.0369977945755897,08303373245b0ffaeb973c65df34e6c3ed4efe5eefda80f9c519be34c4a5fa25
F3,packet,vle_obs_0195,vle_obs_0195-pco2,Jou1995,pressure,true-species-vapor-partial-pressure,pCO2,333.15,0.11890237804756094,19.3,12.545438726750358,-1.43582648154668,-0.43074794446400394,1.0307988425553591,08303373245b0ffaeb973c65df34e6c3ed4efe5eefda80f9c519be34c4a5fa25
F3,packet,vle_obs_0196,vle_obs_0196-pco2,Jou1995,pressure,true-species-vapor-partial-pressure,pCO2,333.15,0.20590411808236164,57.9,64.50482113030472,0.3600752754523119,0.10802258263569356,0.06482710199602913,08303373245b0ffaeb973c65df34e6c3ed4efe5eefda80f9c519be34c4a5fa25
F3,packet,vle_obs_0197,vle_obs_0197-pco2,Jou1995,pressure,true-species-vapor-partial-pressure,pCO2,333.15,0.38890777815556316,528.0,1716.5962790027609,3.930008059733736,1.1790024179201208,7.722481674786063,08303373245b0ffaeb973c65df34e6c3ed4efe5eefda80f9c519be34c4a5fa25
F3,packet,vle_obs_0198,vle_obs_0198-pco2,Jou1995,pressure,true-species-vapor-partial-pressure,pCO2,333.15,0.4379087581751635,2009.9999999999998,4841.168143602364,2.9300710717360365,0.8790213215208109,4.292658242712183,08303373245b0ffaeb973c65df34e6c3ed4efe5eefda80f9c519be34c4a5fa25
F3,packet,vle_obs_0199,vle_obs_0199-pco2,Jou1995,pressure,true-species-vapor-partial-pressure,pCO2,333.15,0.5039100782015641,11000.0,21044.64998631775,2.162503658689883,0.6487510976069649,2.3382110369235654,08303373245b0ffaeb973c65df34e6c3ed4efe5eefda80f9c519be34c4a5fa25
F3,packet,vle_obs_0200,vle_obs_0200-pco2,Jou1995,pressure,true-species-vapor-partial-pressure,pCO2,333.15,0.5609112182243645,34000.0,65004.41602794009,2.1603156062103994,0.6480946818631198,2.333481759218103,08303373245b0ffaeb973c65df34e6c3ed4efe5eefda80f9c519be34c4a5fa25
F3,packet,vle_obs_0201,vle_obs_0201-pco2,Jou1995,pressure,true-species-vapor-partial-pressure,pCO2,333.15,0.5789115782315646,82000.0,87997.73459587609,0.23530607884636628,0.07059182365390988,0.02768447537102617,08303373245b0ffaeb973c65df34e6c3ed4efe5eefda80f9c519be34c4a5fa25
F3,packet,vle_obs_0202,vle_obs_0202-pco2,Jou1995,pressure,true-species-vapor-partial-pressure,pCO2,333.15,0.6679133582671654,282000.0,273087.3208041533,-0.10705156823615043,-0.03211547047084513,0.005730019130909586,08303373245b0ffaeb973c65df34e6c3ed4efe5eefda80f9c519be34c4a5fa25
F4,packet,vle_obs_0119,vle_obs_0119-pco2,Hilliard2008,pressure,true-species-vapor-partial-pressure,pCO2,313.137,0.15290305806116122,5.7,5.38381847930831,-0.19022765968386562,-0.05706829790515969,0.0180932812544003,f075066e07a8801b299dd119476fa286888939743b8836da425236dc85e5068b
F4,packet,vle_obs_0120,vle_obs_0120-pco2,Hilliard2008,pressure,true-species-vapor-partial-pressure,pCO2,313.20799999999997,0.16290325806516132,6.64,6.172452300755405,-0.24338582994550578,-0.07301574898365173,0.02961833110913133,f075066e07a8801b299dd119476fa286888939743b8836da425236dc85e5068b
F4,packet,vle_obs_0121,vle_obs_0121-pco2,Hilliard2008,pressure,true-species-vapor-partial-pressure,pCO2,313.135,0.1699033980679614,7.21,6.70776768725554,-0.2406758004256053,-0.07220274012768159,0.028962420455252894,f075066e07a8801b299dd119476fa286888939743b8836da425236dc85e5068b
F4,packet,vle_obs_0122,vle_obs_0122-pco2,Hilliard2008,pressure,true-species-vapor-partial-pressure,pCO2,313.294,0.19090381807636156,9.950000000000001,8.980889652702011,-0.341578677689176,-0.10247360330675279,0.05833799652594299,f075066e07a8801b299dd119476fa286888939743b8836da425236dc85e5068b
F4,packet,vle_obs_0123,vle_obs_0123-pco2,Hilliard2008,pressure,true-species-vapor-partial-pressure,pCO2,313.18399999999997,0.19390387807756157,9.85,9.40658995929424,-0.15353650678689948,-0.046060952036069844,0.011786729458161815,f075066e07a8801b299dd119476fa286888939743b8836da425236dc85e5068b
F4,packet,vle_obs_0124,vle_obs_0124-pco2,Hilliard2008,pressure,true-species-vapor-partial-pressure,pCO2,313.18399999999997,0.23190463809276188,14.6,14.476180277881875,-0.028389898400544164,-0.008516969520163249,0.00040299316559661003,f075066e07a8801b299dd119476fa286888939743b8836da425236dc85e5068b
F4,packet,vle_obs_0125,vle_obs_0125-pco2,Hilliard2008,pressure,true-species-vapor-partial-pressure,pCO2,313.27,0.24590491809836199,19.099999999999998,17.197487035721224,-0.3497502149384833,-0.10492506448154498,0.06116260642475763,f075066e07a8801b299dd119476fa286888939743b8836da425236dc85e5068b
F4,packet,vle_obs_0126,vle_obs_0126-pco2,Hilliard2008,pressure,true-species-vapor-partial-pressure,pCO2,313.118,0.2689053781075622,23.099999999999998,22.184657237139266,-0.13477227674687248,-0.04043168302406174,0.009081783289767793,f075066e07a8801b299dd119476fa286888939743b8836da425236dc85e5068b
F4,packet,vle_obs_0127,vle_obs_0127-pco2,Hilliard2008,pressure,true-species-vapor-partial-pressure,pCO2,313.503,0.2719054381087622,22.4,24.657039393895378,0.3200049154937702,0.09600147464813105,0.051201572970087504,f075066e07a8801b299dd119476fa286888939743b8836da425236dc85e5068b
F4,packet,vle_obs_0128,vle_obs_0128-pco2,Hilliard2008,pressure,true-species-vapor-partial-pressure,pCO2,313.01599999999996,0.32590651813036264,48.5,44.76336818060859,-0.2672455584688451,-0.08017366754065354,0.03571009426066246,f075066e07a8801b299dd119476fa286888939743b8836da425236dc85e5068b
F4,packet,vle_obs_0129,vle_obs_0129-pco2,Hilliard2008,pressure,true-species-vapor-partial-pressure,pCO2,313.029,0.3479069581391628,66.19999999999999,60.54109967161601,-0.297859983778403,-0.0893579951335209,0.04436028496823525,f075066e07a8801b299dd119476fa286888939743b8836da425236dc85e5068b
F4,packet,vle_obs_0130,vle_obs_0130-pco2,Hilliard2008,pressure,true-species-vapor-partial-pressure,pCO2,313.14,0.3499069981399628,72.1,62.84412779711745,-0.45798848548820464,-0.1373965456464614,0.10487672641988972,f075066e07a8801b299dd119476fa286888939743b8836da425236dc85e5068b
F4,packet,vle_obs_0131,vle_obs_0131-pco2,Hilliard2008,pressure,true-species-vapor-partial-pressure,pCO2,313.02,0.3599071981439629,96.60000000000001,70.61928420310758,-1.0442516222147462,-0.31327548666442384,0.5452307252490646,f075066e07a8801b299dd119476fa286888939743b8836da425236dc85e5068b
F4,packet,vle_obs_0132,vle_obs_0132-pco2,Hilliard2008,pressure,true-species-vapor-partial-pressure,pCO2,313.2,0.3819076381527631,131.0,91.52411948835854,-1.195315948968797,-0.3585947846906391,0.7143901089295879,f075066e07a8801b299dd119476fa286888939743b8836da425236dc85e5068b
F4,packet,vle_obs_0133,vle_obs_0133-pco2,Hilliard2008,pressure,true-species-vapor-partial-pressure,pCO2,313.03,0.3859077181543631,120.0,107.0234370369418,-0.38147964858990857,-0.11444389457697257,0.07276336114414006,f075066e07a8801b299dd119476fa286888939743b8836da425236dc85e5068b
F4,packet,vle_obs_0134,vle_obs_0134-pco2,Hilliard2008,pressure,true-species-vapor-partial-pressure,pCO2,313.0,0.38890777815556316,113.0,112.38420932238708,-0.018214591925090968,-0.00546437757752729,0.00016588567949879455,f075066e07a8801b299dd119476fa286888939743b8836da425236dc85e5068b
F4,packet,vle_obs_0135,vle_obs_0135-pco2,Hilliard2008,pressure,true-species-vapor-partial-pressure,pCO2,313.15,0.39990799815996325,128.0,137.97918234407163,0.2502418575966724,0.07507255727900171,0.03131049364671663,f075066e07a8801b299dd119476fa286888939743b8836da425236dc85e5068b
F4,packet,vle_obs_0136,vle_obs_0136-pco2,Hilliard2008,pressure,true-species-vapor-partial-pressure,pCO2,313.169,0.46390927818556377,750.0,565.3517134158278,-0.9420838914558146,-0.2826251674367444,0.44376102927026556,f075066e07a8801b299dd119476fa286888939743b8836da425236dc85e5068b
F4,packet,vle_obs_0137,vle_obs_0137-pco2,Hilliard2008,pressure,true-species-vapor-partial-pressure,pCO2,313.08,0.4659093181863638,574.0,613.4507631803821,0.22156869665348777,0.06647060899604633,0.02454634366836264,f075066e07a8801b299dd119476fa286888939743b8836da425236dc85e5068b
F4,packet,vle_obs_0138,vle_obs_0138-pco2,Hilliard2008,pressure,true-species-vapor-partial-pressure,pCO2,313.14,0.48090961819236383,883.0,955.3119524231822,0.26237579429908364,0.0787127382897251,0.034420528717037525,f075066e07a8801b299dd119476fa286888939743b8836da425236dc85e5068b
F4,packet,vle_obs_0139,vle_obs_0139-pco2,Hilliard2008,pressure,true-species-vapor-partial-pressure,pCO2,313.02799999999996,0.4909098181963639,1100.0,1291.8398836307074,0.5358576293261422,0.16075728879784265,0.1435716994535166,f075066e07a8801b299dd119476fa286888939743b8836da425236dc85e5068b
F4,packet,vle_obs_0140,vle_obs_0140-pco2,Hilliard2008,pressure,true-species-vapor-partial-pressure,pCO2,313.168,0.5009100182003641,1870.0,1834.3791742553792,-0.06410777087043078,-0.01923233126112923,0.0020549031429878263,f075066e07a8801b299dd119476fa286888939743b8836da425236dc85e5068b
F4,packet,vle_obs_0141,vle_obs_0141-pco2,Hilliard2008,pressure,true-species-vapor-partial-pressure,pCO2,313.147,0.5179103582071641,3030.0,3214.3408577588248,0.19686565411271714,0.05905969623381514,0.01937804288461399,f075066e07a8801b299dd119476fa286888939743b8836da425236dc85e5068b
F4,packet,vle_obs_0142,vle_obs_0142-pco2,Hilliard2008,pressure,true-species-vapor-partial-pressure,pCO2,313.15,0.5909118182363647,28300.0,22313.129644009838,-0.7922884205603857,-0.23768652616811572,0.3138604706770353,f075066e07a8801b299dd119476fa286888939743b8836da425236dc85e5068b
F4,packet,vle_obs_0143,vle_obs_0143-pco2,Hilliard2008,pressure,true-species-vapor-partial-pressure,pCO2,333.018,0.11390227804556091,19.400000000000002,19.575847384334327,0.030078213269827445,0.009023463980948233,0.00045234945675261186,f075066e07a8801b299dd119476fa286888939743b8836da425236dc85e5068b
F4,packet,vle_obs_0144,vle_obs_0144-pco2,Hilliard2008,pressure,true-species-vapor-partial-pressure,pCO2,333.114,0.19090381807636156,58.9,60.034820945373234,0.0636121743890238,0.019083652316707143,0.0020232543652497883,f075066e07a8801b299dd119476fa286888939743b8836da425236dc85e5068b
F4,packet,vle_obs_0145,vle_obs_0145-pco2,Hilliard2008,pressure,true-species-vapor-partial-pressure,pCO2,333.10999999999996,0.29090581811636235,209.0,202.54475638842723,-0.10457790212417664,-0.03137337063725299,0.005468268806346935,f075066e07a8801b299dd119476fa286888939743b8836da425236dc85e5068b
F4,packet,vle_obs_0146,vle_obs_0146-pco2,Hilliard2008,pressure,true-species-vapor-partial-pressure,pCO2,333.034,0.3859077181543631,763.0,748.4409990665894,-0.06421885364670246,-0.01926565609401074,0.002062030581848295,f075066e07a8801b299dd119476fa286888939743b8836da425236dc85e5068b
F4,packet,vle_obs_0147,vle_obs_0147-pco2,Hilliard2008,pressure,true-species-vapor-partial-pressure,pCO2,332.921,0.4849096981939639,4860.0,6115.540105234214,0.765982173254178,0.22979465197625337,0.29336434487159674,f075066e07a8801b299dd119476fa286888939743b8836da425236dc85e5068b
F4,packet,vle_obs_0149,vle_obs_0149-pco2,Hilliard2008,pressure,true-species-vapor-partial-pressure,pCO2,333.09499999999997,0.5649112982259645,50200.0,50976.12446149097,0.05114116199113213,0.015342348597339638,0.0013077092249016088,f075066e07a8801b299dd119476fa286888939743b8836da425236dc85e5068b
F4,packet,vle_obs_0186,vle_obs_0186-pco2,Jou1995,pressure,true-species-vapor-partial-pressure,pCO2,313.15,0.08870177403548071,1.47,1.764382870438321,0.6084619332548741,0.18253857997646222,0.18511296211012943,f075066e07a8801b299dd119476fa286888939743b8836da425236dc85e5068b
F4,packet,vle_obs_0187,vle_obs_0187-pco2,Jou1995,pressure,true-species-vapor-partial-pressure,pCO2,313.15,0.20290405808116166,8.959999999999999,10.213248132518212,0.4363849568876104,0.13091548706628311,0.0952159152989008,f075066e07a8801b299dd119476fa286888939743b8836da425236dc85e5068b
F4,packet,vle_obs_0188,vle_obs_0188-pco2,Jou1995,pressure,true-species-vapor-partial-pressure,pCO2,313.15,0.36490729814596295,67.7,78.70192595466233,0.5019381577022545,0.15058144731067633,0.12597095707876665,f075066e07a8801b299dd119476fa286888939743b8836da425236dc85e5068b
F4,packet,vle_obs_0189,vle_obs_0189-pco2,Jou1995,pressure,true-species-vapor-partial-pressure,pCO2,313.15,0.4734094681893638,604.0,766.1997173335083,0.7928955513722719,0.23786866541168156,0.3143416776929695,f075066e07a8801b299dd119476fa286888939743b8836da425236dc85e5068b
F4,packet,vle_obs_0190,vle_obs_0190-pco2,Jou1995,pressure,true-species-vapor-partial-pressure,pCO2,313.15,0.5129102582051641,2570.0,2742.3135110554863,0.21632004110967967,0.0648960123329039,0.02339718009284675,f075066e07a8801b299dd119476fa286888939743b8836da425236dc85e5068b
F4,packet,vle_obs_0191,vle_obs_0191-pco2,Jou1995,pressure,true-species-vapor-partial-pressure,pCO2,313.15,0.5569111382227645,8090.0,10193.080740878946,0.7702680009769065,0.23108040029307195,0.29665639666447985,f075066e07a8801b299dd119476fa286888939743b8836da425236dc85e5068b
F4,packet,vle_obs_0192,vle_obs_0192-pco2,Jou1995,pressure,true-species-vapor-partial-pressure,pCO2,313.15,0.6089121782435649,36100.0,31727.969626563612,-0.43031416956283314,-0.12909425086884993,0.09258514226327536,f075066e07a8801b299dd119476fa286888939743b8836da425236dc85e5068b
F4,packet,vle_obs_0193,vle_obs_0193-pco2,Jou1995,pressure,true-species-vapor-partial-pressure,pCO2,313.15,0.6419128382567652,103000.0,55029.72300359737,-2.0895184357443073,-0.6268555307232921,2.1830436466576684,f075066e07a8801b299dd119476fa286888939743b8836da425236dc85e5068b
F4,packet,vle_obs_0194,vle_obs_0194-pco2,Jou1995,pressure,true-species-vapor-partial-pressure,pCO2,333.15,0.05630112602252045,4.28,5.273777264102396,0.6959794820820839,0.20879384462462516,0.2421937197396229,f075066e07a8801b299dd119476fa286888939743b8836da425236dc85e5068b
F4,packet,vle_obs_0195,vle_obs_0195-pco2,Jou1995,pressure,true-species-vapor-partial-pressure,pCO2,333.15,0.11890237804756094,19.3,21.550537347888184,0.3676521842161775,0.11029565526485326,0.06758406427946306,f075066e07a8801b299dd119476fa286888939743b8836da425236dc85e5068b
F4,packet,vle_obs_0196,vle_obs_0196-pco2,Jou1995,pressure,true-species-vapor-partial-pressure,pCO2,333.15,0.20590411808236164,57.9,73.42834273766893,0.7919753911616952,0.23759261734850856,0.31361251010286006,f075066e07a8801b299dd119476fa286888939743b8836da425236dc85e5068b
F4,packet,vle_obs_0197,vle_obs_0197-pco2,Jou1995,pressure,true-species-vapor-partial-pressure,pCO2,333.15,0.38890777815556316,528.0,796.4617921102088,1.3702762492115017,0.4110828747634505,0.9388284995765708,f075066e07a8801b299dd119476fa286888939743b8836da425236dc85e5068b
F4,packet,vle_obs_0198,vle_obs_0198-pco2,Jou1995,pressure,true-species-vapor-partial-pressure,pCO2,333.15,0.4379087581751635,2009.9999999999998,1996.7882888944623,-0.021982292772930446,-0.006594687831879133,0.00024161059777741506,f075066e07a8801b299dd119476fa286888939743b8836da425236dc85e5068b
F4,packet,vle_obs_0199,vle_obs_0199-pco2,Jou1995,pressure,true-species-vapor-partial-pressure,pCO2,333.15,0.5039100782015641,11000.0,10774.447199907385,-0.06905980692520938,-0.020717942077562813,0.002384628466273599,f075066e07a8801b299dd119476fa286888939743b8836da425236dc85e5068b
F4,packet,vle_obs_0200,vle_obs_0200-pco2,Jou1995,pressure,true-species-vapor-partial-pressure,pCO2,333.15,0.5609112182243645,34000.0,47404.717212080424,1.107870727917871,0.33236121837536126,0.6136887748886367,f075066e07a8801b299dd119476fa286888939743b8836da425236dc85e5068b
F4,packet,vle_obs_0201,vle_obs_0201-pco2,Jou1995,pressure,true-species-vapor-partial-pressure,pCO2,333.15,0.5789115782315646,82000.0,69560.25392937537,-0.5484196909209165,-0.16452590727627495,0.15038207869489678,f075066e07a8801b299dd119476fa286888939743b8836da425236dc85e5068b
F4,packet,vle_obs_0202,vle_obs_0202-pco2,Jou1995,pressure,true-species-vapor-partial-pressure,pCO2,333.15,0.6679133582671654,282000.0,272320.19985459367,-0.11642830552415093,-0.03492849165724528,0.0067777751636125165,f075066e07a8801b299dd119476fa286888939743b8836da425236dc85e5068b
F5,packet,vle_obs_0119,vle_obs_0119-pco2,Hilliard2008,pressure,true-species-vapor-partial-pressure,pCO2,313.137,0.15290305806116122,5.7,4.791954133647764,-0.5784262850520537,-0.17352788551561613,0.16728848361955986,9e1b067fe9bb19ba50cde940379487d15bc1843eb2598c653cc23eeb140d44f7
F5,packet,vle_obs_0120,vle_obs_0120-pco2,Hilliard2008,pressure,true-species-vapor-partial-pressure,pCO2,313.20799999999997,0.16290325806516132,6.64,5.618794143488956,-0.5566496260688004,-0.16699488782064012,0.15492940310126765,9e1b067fe9bb19ba50cde940379487d15bc1843eb2598c653cc23eeb140d44f7
F5,packet,vle_obs_0121,vle_obs_0121-pco2,Hilliard2008,pressure,true-species-vapor-partial-pressure,pCO2,313.135,0.1699033980679614,7.21,6.204235158419909,-0.500789341259711,-0.1502368023779133,0.12539498215966763,9e1b067fe9bb19ba50cde940379487d15bc1843eb2598c653cc23eeb140d44f7
F5,packet,vle_obs_0122,vle_obs_0122-pco2,Hilliard2008,pressure,true-species-vapor-partial-pressure,pCO2,313.294,0.19090381807636156,9.950000000000001,8.717022078439586,-0.44098292113915993,-0.13229487634174797,0.09723296836821327,9e1b067fe9bb19ba50cde940379487d15bc1843eb2598c653cc23eeb140d44f7
F5,packet,vle_obs_0123,vle_obs_0123-pco2,Hilliard2008,pressure,true-species-vapor-partial-pressure,pCO2,313.18399999999997,0.19390387807756157,9.85,9.184065232233836,-0.23333837606364677,-0.07000151281909403,0.027223398872009922,9e1b067fe9bb19ba50cde940379487d15bc1843eb2598c653cc23eeb140d44f7
F5,packet,vle_obs_0124,vle_obs_0124-pco2,Hilliard2008,pressure,true-species-vapor-partial-pressure,pCO2,313.18399999999997,0.23190463809276188,14.6,15.533661788140291,0.2066262289496343,0.06198786868489029,0.021347199244973348,9e1b067fe9bb19ba50cde940379487d15bc1843eb2598c653cc23eeb140d44f7
F5,packet,vle_obs_0125,vle_obs_0125-pco2,Hilliard2008,pressure,true-species-vapor-partial-pressure,pCO2,313.27,0.24590491809836199,19.099999999999998,19.12259997810295,0.0039418181476534005,0.00118254544429602,7.768965154584843e-06,9e1b067fe9bb19ba50cde940379487d15bc1843eb2598c653cc23eeb140d44f7
F5,packet,vle_obs_0126,vle_obs_0126-pco2,Hilliard2008,pressure,true-species-vapor-partial-pressure,pCO2,313.118,0.2689053781075622,23.099999999999998,26.201294449158166,0.41992066158421076,0.12597619847526323,0.08816668101266063,9e1b067fe9bb19ba50cde940379487d15bc1843eb2598c653cc23eeb140d44f7
F5,packet,vle_obs_0127,vle_obs_0127-pco2,Hilliard2008,pressure,true-species-vapor-partial-pressure,pCO2,313.503,0.2719054381087622,22.4,29.20571670243061,0.8843450291061077,0.2653035087318323,0.3910330652523412,9e1b067fe9bb19ba50cde940379487d15bc1843eb2598c653cc23eeb140d44f7
F5,packet,vle_obs_0128,vle_obs_0128-pco2,Hilliard2008,pressure,true-species-vapor-partial-pressure,pCO2,313.01599999999996,0.32590651813036264,48.5,61.609075837673466,0.7974846559015472,0.23924539677046414,0.3179908881992045,9e1b067fe9bb19ba50cde940379487d15bc1843eb2598c653cc23eeb140d44f7
F5,packet,vle_obs_0129,vle_obs_0129-pco2,Hilliard2008,pressure,true-species-vapor-partial-pressure,pCO2,313.029,0.3479069581391628,66.19999999999999,88.39515766584155,0.9637890922152078,0.28913672766456233,0.46444470713650715,9e1b067fe9bb19ba50cde940379487d15bc1843eb2598c653cc23eeb140d44f7
F5,packet,vle_obs_0130,vle_obs_0130-pco2,Hilliard2008,pressure,true-species-vapor-partial-pressure,pCO2,313.14,0.3499069981399628,72.1,92.25757460388185,0.8217678159536834,0.24653034478610503,0.33765117166864345,9e1b067fe9bb19ba50cde940379487d15bc1843eb2598c653cc23eeb140d44f7
F5,packet,vle_obs_0131,vle_obs_0131-pco2,Hilliard2008,pressure,true-species-vapor-partial-pressure,pCO2,313.02,0.3599071981439629,96.60000000000001,106.9096137986467,0.3380166846783486,0.10140500540350458,0.05712763956047107,9e1b067fe9bb19ba50cde940379487d15bc1843eb2598c653cc23eeb140d44f7
F5,packet,vle_obs_0132,vle_obs_0132-pco2,Hilliard2008,pressure,true-species-vapor-partial-pressure,pCO2,313.2,0.3819076381527631,131.0,150.44008708413415,0.46122529754570984,0.13836758926371295,0.1063643875480643,9e1b067fe9bb19ba50cde940379487d15bc1843eb2598c653cc23eeb140d44f7
F5,packet,vle_obs_0133,vle_obs_0133-pco2,Hilliard2008,pressure,true-species-vapor-partial-pressure,pCO2,313.03,0.3859077181543631,120.0,172.4858049462403,1.2094106671220803,0.3628232001366241,0.7313370808743377,9e1b067fe9bb19ba50cde940379487d15bc1843eb2598c653cc23eeb140d44f7
F5,packet,vle_obs_0134,vle_obs_0134-pco2,Hilliard2008,pressure,true-species-vapor-partial-pressure,pCO2,313.0,0.38890777815556316,113.0,182.31333331934516,1.5944633324486976,0.47833899973460925,1.271156659261703,9e1b067fe9bb19ba50cde940379487d15bc1843eb2598c653cc23eeb140d44f7
F5,packet,vle_obs_0135,vle_obs_0135-pco2,Hilliard2008,pressure,true-species-vapor-partial-pressure,pCO2,313.15,0.39990799815996325,128.0,229.06954986473482,1.939984682411425,0.5819954047234275,1.8817702839954789,9e1b067fe9bb19ba50cde940379487d15bc1843eb2598c653cc23eeb140d44f7
F5,packet,vle_obs_0136,vle_obs_0136-pco2,Hilliard2008,pressure,true-species-vapor-partial-pressure,pCO2,313.169,0.46390927818556377,750.0,966.0578689885824,0.8438351055772133,0.253150531673164,0.3560288427022534,9e1b067fe9bb19ba50cde940379487d15bc1843eb2598c653cc23eeb140d44f7
F5,packet,vle_obs_0137,vle_obs_0137-pco2,Hilliard2008,pressure,true-species-vapor-partial-pressure,pCO2,313.08,0.4659093181863638,574.0,1029.7345366979775,1.9480897344149772,0.5844269203244932,1.8975268066665083,9e1b067fe9bb19ba50cde940379487d15bc1843eb2598c653cc23eeb140d44f7
F5,packet,vle_obs_0138,vle_obs_0138-pco2,Hilliard2008,pressure,true-species-vapor-partial-pressure,pCO2,313.14,0.48090961819236383,883.0,1522.5844690254264,1.8161309263919267,0.544839277917578,1.649165770898599,9e1b067fe9bb19ba50cde940379487d15bc1843eb2598c653cc23eeb140d44f7
F5,packet,vle_obs_0139,vle_obs_0139-pco2,Hilliard2008,pressure,true-species-vapor-partial-pressure,pCO2,313.02799999999996,0.4909098181963639,1100.0,1960.6126354966095,1.9264893790982345,0.5779468137294703,1.8556806638891505,9e1b067fe9bb19ba50cde940379487d15bc1843eb2598c653cc23eeb140d44f7
F5,packet,vle_obs_0140,vle_obs_0140-pco2,Hilliard2008,pressure,true-species-vapor-partial-pressure,pCO2,313.168,0.5009100182003641,1870.0,2607.547715465451,1.1082392539149133,0.332471776174474,0.6140971219589418,9e1b067fe9bb19ba50cde940379487d15bc1843eb2598c653cc23eeb140d44f7
F5,packet,vle_obs_0141,vle_obs_0141-pco2,Hilliard2008,pressure,true-species-vapor-partial-pressure,pCO2,313.147,0.5179103582071641,3030.0,4079.2927516466398,0.9912033622804417,0.2973610086841325,0.4912420526980263,9e1b067fe9bb19ba50cde940379487d15bc1843eb2598c653cc23eeb140d44f7
F5,packet,vle_obs_0142,vle_obs_0142-pco2,Hilliard2008,pressure,true-species-vapor-partial-pressure,pCO2,313.15,0.5909118182363647,28300.0,20579.85017655746,-1.0618311810681533,-0.318549354320446,0.5637427285442947,9e1b067fe9bb19ba50cde940379487d15bc1843eb2598c653cc23eeb140d44f7
F5,packet,vle_obs_0143,vle_obs_0143-pco2,Hilliard2008,pressure,true-species-vapor-partial-pressure,pCO2,333.018,0.11390227804556091,19.400000000000002,16.195369884506473,-0.6018255809355245,-0.18054767428065735,0.18109701493419078,9e1b067fe9bb19ba50cde940379487d15bc1843eb2598c653cc23eeb140d44f7
F5,packet,vle_obs_0144,vle_obs_0144-pco2,Hilliard2008,pressure,true-species-vapor-partial-pressure,pCO2,333.114,0.19090381807636156,58.9,57.98794502617746,-0.05201982030002726,-0.015605946090008177,0.0013530308520235642,9e1b067fe9bb19ba50cde940379487d15bc1843eb2598c653cc23eeb140d44f7
F5,packet,vle_obs_0145,vle_obs_0145-pco2,Hilliard2008,pressure,true-species-vapor-partial-pressure,pCO2,333.10999999999996,0.29090581811636235,209.0,244.1537914956236,0.5182135593067511,0.15546406779202532,0.1342726465246858,9e1b067fe9bb19ba50cde940379487d15bc1843eb2598c653cc23eeb140d44f7
F5,packet,vle_obs_0146,vle_obs_0146-pco2,Hilliard2008,pressure,true-species-vapor-partial-pressure,pCO2,333.034,0.3859077181543631,763.0,1105.4536406386947,1.235843443119382,0.37075303293581463,0.7636545079505848,9e1b067fe9bb19ba50cde940379487d15bc1843eb2598c653cc23eeb140d44f7
F5,packet,vle_obs_0147,vle_obs_0147-pco2,Hilliard2008,pressure,true-species-vapor-partial-pressure,pCO2,332.921,0.4849096981939639,4860.0,8724.383889421895,1.950278044299563,0.5850834132898689,1.9017922250384642,9e1b067fe9bb19ba50cde940379487d15bc1843eb2598c653cc23eeb140d44f7
F5,packet,vle_obs_0149,vle_obs_0149-pco2,Hilliard2008,pressure,true-species-vapor-partial-pressure,pCO2,333.09499999999997,0.5649112982259645,50200.0,51027.7083395092,0.05451253088967066,0.016353759266901198,0.001485808011998649,9e1b067fe9bb19ba50cde940379487d15bc1843eb2598c653cc23eeb140d44f7
F5,packet,vle_obs_0186,vle_obs_0186-pco2,Jou1995,pressure,true-species-vapor-partial-pressure,pCO2,313.15,0.08870177403548071,1.47,1.3720332289058326,-0.22989550820371477,-0.06896865246111443,0.02642597234612214,9e1b067fe9bb19ba50cde940379487d15bc1843eb2598c653cc23eeb140d44f7
F5,packet,vle_obs_0187,vle_obs_0187-pco2,Jou1995,pressure,true-species-vapor-partial-pressure,pCO2,313.15,0.20290405808116166,8.959999999999999,10.203808337945102,0.43330263361559457,0.12999079008467837,0.09387558614910509,9e1b067fe9bb19ba50cde940379487d15bc1843eb2598c653cc23eeb140d44f7
F5,packet,vle_obs_0188,vle_obs_0188-pco2,Jou1995,pressure,true-species-vapor-partial-pressure,pCO2,313.15,0.36490729814596295,67.7,120.01187612107174,1.908348418808124,0.5725045256424371,1.8208968437837334,9e1b067fe9bb19ba50cde940379487d15bc1843eb2598c653cc23eeb140d44f7
F5,packet,vle_obs_0189,vle_obs_0189-pco2,Jou1995,pressure,true-species-vapor-partial-pressure,pCO2,313.15,0.4734094681893638,604.0,1256.270685786303,2.4410954667818587,0.7323286400345576,2.9794735389714706,9e1b067fe9bb19ba50cde940379487d15bc1843eb2598c653cc23eeb140d44f7
F5,packet,vle_obs_0190,vle_obs_0190-pco2,Jou1995,pressure,true-species-vapor-partial-pressure,pCO2,313.15,0.5129102582051641,2570.0,3593.088518308296,1.1170208174790546,0.33510624524371635,0.6238677533407877,9e1b067fe9bb19ba50cde940379487d15bc1843eb2598c653cc23eeb140d44f7
F5,packet,vle_obs_0191,vle_obs_0191-pco2,Jou1995,pressure,true-species-vapor-partial-pressure,pCO2,313.15,0.5569111382227645,8090.0,10459.123793430608,0.8561531889974832,0.2568459566992449,0.36649914151528007,9e1b067fe9bb19ba50cde940379487d15bc1843eb2598c653cc23eeb140d44f7
F5,packet,vle_obs_0192,vle_obs_0192-pco2,Jou1995,pressure,true-species-vapor-partial-pressure,pCO2,313.15,0.6089121782435649,36100.0,28219.835720229647,-0.8208924677541136,-0.24626774032623408,0.33693222180771926,9e1b067fe9bb19ba50cde940379487d15bc1843eb2598c653cc23eeb140d44f7
F5,packet,vle_obs_0193,vle_obs_0193-pco2,Jou1995,pressure,true-species-vapor-partial-pressure,pCO2,313.15,0.6419128382567652,103000.0,46513.94476320736,-2.6499227773758482,-0.7949768332127545,3.5110453630276646,9e1b067fe9bb19ba50cde940379487d15bc1843eb2598c653cc23eeb140d44f7
F5,packet,vle_obs_0194,vle_obs_0194-pco2,Jou1995,pressure,true-species-vapor-partial-pressure,pCO2,333.15,0.05630112602252045,4.28,3.9254759127755503,-0.28821804682387286,-0.08646541404716186,0.04153482125748408,9e1b067fe9bb19ba50cde940379487d15bc1843eb2598c653cc23eeb140d44f7
F5,packet,vle_obs_0195,vle_obs_0195-pco2,Jou1995,pressure,true-species-vapor-partial-pressure,pCO2,333.15,0.11890237804756094,19.3,18.00126118525243,-0.2322109154060492,-0.06966327462181476,0.02696095461685767,9e1b067fe9bb19ba50cde940379487d15bc1843eb2598c653cc23eeb140d44f7
F5,packet,vle_obs_0196,vle_obs_0196-pco2,Jou1995,pressure,true-species-vapor-partial-pressure,pCO2,333.15,0.20590411808236164,57.9,73.17085660813599,0.7802660778113037,0.2340798233433911,0.30440757609151775,9e1b067fe9bb19ba50cde940379487d15bc1843eb2598c653cc23eeb140d44f7
F5,packet,vle_obs_0197,vle_obs_0197-pco2,Jou1995,pressure,true-species-vapor-partial-pressure,pCO2,333.15,0.38890777815556316,528.0,1181.081624714006,2.6836321500575315,0.8050896450172594,3.6009407584112045,9e1b067fe9bb19ba50cde940379487d15bc1843eb2598c653cc23eeb140d44f7
F5,packet,vle_obs_0198,vle_obs_0198-pco2,Jou1995,pressure,true-species-vapor-partial-pressure,pCO2,333.15,0.4379087581751635,2009.9999999999998,3095.269166192179,1.4391338278636296,0.43174014835908886,1.0355530872507115,9e1b067fe9bb19ba50cde940379487d15bc1843eb2598c653cc23eeb140d44f7
F5,packet,vle_obs_0199,vle_obs_0199-pco2,Jou1995,pressure,true-species-vapor-partial-pressure,pCO2,333.15,0.5039100782015641,11000.0,14057.685810298912,0.817580020583316,0.2452740061749948,0.33421854502850773,9e1b067fe9bb19ba50cde940379487d15bc1843eb2598c653cc23eeb140d44f7
F5,packet,vle_obs_0200,vle_obs_0200-pco2,Jou1995,pressure,true-species-vapor-partial-pressure,pCO2,333.15,0.5609112182243645,34000.0,48107.24892715653,1.1569078216231128,0.3470723464869338,0.6692178538663681,9e1b067fe9bb19ba50cde940379487d15bc1843eb2598c653cc23eeb140d44f7
F5,packet,vle_obs_0201,vle_obs_0201-pco2,Jou1995,pressure,true-species-vapor-partial-pressure,pCO2,333.15,0.5789115782315646,82000.0,66765.85578061684,-0.6850914613582667,-0.20552743840748,0.23467515521300272,9e1b067fe9bb19ba50cde940379487d15bc1843eb2598c653cc23eeb140d44f7
F5,packet,vle_obs_0202,vle_obs_0202-pco2,Jou1995,pressure,true-species-vapor-partial-pressure,pCO2,333.15,0.6679133582671654,282000.0,221657.60987064583,-0.8025772583715952,-0.24077317751147856,0.32206512782763314,9e1b067fe9bb19ba50cde940379487d15bc1843eb2598c653cc23eeb140d44f7
F6,packet,vle_obs_0119,vle_obs_0119-pco2,Hilliard2008,pressure,true-species-vapor-partial-pressure,pCO2,313.137,0.15290305806116122,5.7,5.19242916046829,-0.31088180276407484,-0.09326454082922245,0.04832374764492057,37d7ad448549d25cdb9169552af356b8709b819a606b612b26c503fc6c28ca4a
F6,packet,vle_obs_0120,vle_obs_0120-pco2,Hilliard2008,pressure,true-species-vapor-partial-pressure,pCO2,313.20799999999997,0.16290325806516132,6.64,5.992168403886519,-0.3421953762696212,-0.10265861288088636,0.05854883777015382,37d7ad448549d25cdb9169552af356b8709b819a606b612b26c503fc6c28ca4a
F6,packet,vle_obs_0121,vle_obs_0121-pco2,Hilliard2008,pressure,true-species-vapor-partial-pressure,pCO2,313.135,0.1699033980679614,7.21,6.539973894561789,-0.32511925830978616,-0.09753577749293585,0.05285126606195273,37d7ad448549d25cdb9169552af356b8709b819a606b612b26c503fc6c28ca4a
F6,packet,vle_obs_0122,vle_obs_0122-pco2,Hilliard2008,pressure,true-species-vapor-partial-pressure,pCO2,313.294,0.19090381807636156,9.950000000000001,8.828636876797388,-0.39857307520056656,-0.11957192256016996,0.07943024813741824,37d7ad448549d25cdb9169552af356b8709b819a606b612b26c503fc6c28ca4a
F6,packet,vle_obs_0123,vle_obs_0123-pco2,Hilliard2008,pressure,true-species-vapor-partial-pressure,pCO2,313.18399999999997,0.19390387807756157,9.85,9.220870268577094,-0.2200067761775741,-0.06600203285327223,0.024201490782024597,37d7ad448549d25cdb9169552af356b8709b819a606b612b26c503fc6c28ca4a
F6,packet,vle_obs_0124,vle_obs_0124-pco2,Hilliard2008,pressure,true-species-vapor-partial-pressure,pCO2,313.18399999999997,0.23190463809276188,14.6,14.561699383371355,-0.00875592288543551,-0.002626776865630653,3.833309278784666e-05,37d7ad448549d25cdb9169552af356b8709b819a606b612b26c503fc6c28ca4a
F6,packet,vle_obs_0125,vle_obs_0125-pco2,Hilliard2008,pressure,true-species-vapor-partial-pressure,pCO2,313.27,0.24590491809836199,19.099999999999998,17.41875265477369,-0.3071365679850252,-0.09214097039550756,0.047166435696810005,37d7ad448549d25cdb9169552af356b8709b819a606b612b26c503fc6c28ca4a
F6,packet,vle_obs_0126,vle_obs_0126-pco2,Hilliard2008,pressure,true-species-vapor-partial-pressure,pCO2,313.118,0.2689053781075622,23.099999999999998,22.77461546280037,-0.04728686234756952,-0.014186058704270855,0.001118023675338994,37d7ad448549d25cdb9169552af356b8709b819a606b612b26c503fc6c28ca4a
F6,packet,vle_obs_0127,vle_obs_0127-pco2,Hilliard2008,pressure,true-species-vapor-partial-pressure,pCO2,313.503,0.2719054381087622,22.4,25.052535399956117,0.3730469237307812,0.11191407711923436,0.06958200365249964,37d7ad448549d25cdb9169552af356b8709b819a606b612b26c503fc6c28ca4a
F6,packet,vle_obs_0128,vle_obs_0128-pco2,Hilliard2008,pressure,true-species-vapor-partial-pressure,pCO2,313.01599999999996,0.32590651813036264,48.5,47.240630081453546,-0.08769822941058333,-0.026309468823175,0.003845489720875652,37d7ad448549d25cdb9169552af356b8709b819a606b612b26c503fc6c28ca4a
F6,packet,vle_obs_0129,vle_obs_0129-pco2,Hilliard2008,pressure,true-species-vapor-partial-pressure,pCO2,313.029,0.3479069581391628,66.19999999999999,64.48386302778039,-0.08755152019561871,-0.02626545605868561,0.003832634344281915,37d7ad448549d25cdb9169552af356b8709b819a606b612b26c503fc6c28ca4a
F6,packet,vle_obs_0130,vle_obs_0130-pco2,Hilliard2008,pressure,true-species-vapor-partial-pressure,pCO2,313.14,0.3499069981399628,72.1,66.92355319930631,-0.24834357785963684,-0.07450307335789105,0.030837266332062754,37d7ad448549d25cdb9169552af356b8709b819a606b612b26c503fc6c28ca4a
F6,packet,vle_obs_0131,vle_obs_0131-pco2,Hilliard2008,pressure,true-species-vapor-partial-pressure,pCO2,313.02,0.3599071981439629,96.60000000000001,76.00306556913563,-0.7993502176987943,-0.2398050653096383,0.31948038526755496,37d7ad448549d25cdb9169552af356b8709b819a606b612b26c503fc6c28ca4a
F6,packet,vle_obs_0132,vle_obs_0132-pco2,Hilliard2008,pressure,true-species-vapor-partial-pressure,pCO2,313.2,0.3819076381527631,131.0,102.04653403116887,-0.8325613265330132,-0.24976839795990394,0.3465791812192053,37d7ad448549d25cdb9169552af356b8709b819a606b612b26c503fc6c28ca4a
F6,packet,vle_obs_0133,vle_obs_0133-pco2,Hilliard2008,pressure,true-species-vapor-partial-pressure,pCO2,313.03,0.3859077181543631,120.0,116.01701162603987,-0.11251636826469193,-0.033754910479407575,0.0063299665637378865,37d7ad448549d25cdb9169552af356b8709b819a606b612b26c503fc6c28ca4a
F6,packet,vle_obs_0134,vle_obs_0134-pco2,Hilliard2008,pressure,true-species-vapor-partial-pressure,pCO2,313.0,0.38890777815556316,113.0,121.95538877635965,0.2542249779378104,0.07626749338134312,0.03231516970374009,37d7ad448549d25cdb9169552af356b8709b819a606b612b26c503fc6c28ca4a
F6,packet,vle_obs_0135,vle_obs_0135-pco2,Hilliard2008,pressure,true-species-vapor-partial-pressure,pCO2,313.15,0.39990799815996325,128.0,149.90970962150982,0.5266763769463921,0.15800291308391765,0.13869400301668908,37d7ad448549d25cdb9169552af356b8709b819a606b612b26c503fc6c28ca4a
F6,packet,vle_obs_0136,vle_obs_0136-pco2,Hilliard2008,pressure,true-species-vapor-partial-pressure,pCO2,313.169,0.46390927818556377,750.0,625.6319907519425,-0.6043696083140708,-0.18131088249422125,0.1826313117268517,37d7ad448549d25cdb9169552af356b8709b819a606b612b26c503fc6c28ca4a
F6,packet,vle_obs_0137,vle_obs_0137-pco2,Hilliard2008,pressure,true-species-vapor-partial-pressure,pCO2,313.08,0.4659093181863638,574.0,671.8856719788845,0.524862662486209,0.15745879874586272,0.1377404072360561,37d7ad448549d25cdb9169552af356b8709b819a606b612b26c503fc6c28ca4a
F6,packet,vle_obs_0138,vle_obs_0138-pco2,Hilliard2008,pressure,true-species-vapor-partial-pressure,pCO2,313.14,0.48090961819236383,883.0,1047.6409391509271,0.5699033008566348,0.17097099025699042,0.16239488616364398,37d7ad448549d25cdb9169552af356b8709b819a606b612b26c503fc6c28ca4a
F6,packet,vle_obs_0139,vle_obs_0139-pco2,Hilliard2008,pressure,true-species-vapor-partial-pressure,pCO2,313.02799999999996,0.4909098181963639,1100.0,1420.9593726262376,0.853406927365381,0.2560220782096143,0.36415169183761037,37d7ad448549d25cdb9169552af356b8709b819a606b612b26c503fc6c28ca4a
F6,packet,vle_obs_0140,vle_obs_0140-pco2,Hilliard2008,pressure,true-species-vapor-partial-pressure,pCO2,313.168,0.5009100182003641,1870.0,2003.0738364562253,0.2291482935715895,0.06874448807147684,0.026254470223385683,37d7ad448549d25cdb9169552af356b8709b819a606b612b26c503fc6c28ca4a
F6,packet,vle_obs_0141,vle_obs_0141-pco2,Hilliard2008,pressure,true-species-vapor-partial-pressure,pCO2,313.147,0.5179103582071641,3030.0,3500.457527911425,0.4811035423036243,0.14433106269108728,0.1157303092085476,37d7ad448549d25cdb9169552af356b8709b819a606b612b26c503fc6c28ca4a
F6,packet,vle_obs_0142,vle_obs_0142-pco2,Hilliard2008,pressure,true-species-vapor-partial-pressure,pCO2,313.15,0.5909118182363647,28300.0,24511.165767610248,-0.47911015100752263,-0.14373304530225678,0.11477326839922557,37d7ad448549d25cdb9169552af356b8709b819a606b612b26c503fc6c28ca4a
F6,packet,vle_obs_0143,vle_obs_0143-pco2,Hilliard2008,pressure,true-species-vapor-partial-pressure,pCO2,333.018,0.11390227804556091,19.400000000000002,18.395317339372337,-0.17725642089483867,-0.0531769262684516,0.0157099193742241,37d7ad448549d25cdb9169552af356b8709b819a606b612b26c503fc6c28ca4a
F6,packet,vle_obs_0144,vle_obs_0144-pco2,Hilliard2008,pressure,true-species-vapor-partial-pressure,pCO2,333.114,0.19090381807636156,58.9,53.81875980262675,-0.3007299635124659,-0.09021898905373976,0.045219255477104536,37d7ad448549d25cdb9169552af356b8709b819a606b612b26c503fc6c28ca4a
F6,packet,vle_obs_0145,vle_obs_0145-pco2,Hilliard2008,pressure,true-species-vapor-partial-pressure,pCO2,333.10999999999996,0.29090581811636235,209.0,168.5572992512342,-0.7168616835816393,-0.21505850507449178,0.25694533669375114,37d7ad448549d25cdb9169552af356b8709b819a606b612b26c503fc6c28ca4a
F6,packet,vle_obs_0146,vle_obs_0146-pco2,Hilliard2008,pressure,true-species-vapor-partial-pressure,pCO2,333.034,0.3859077181543631,763.0,581.3767428617616,-0.906196819725118,-0.2718590459175354,0.410596338039959,37d7ad448549d25cdb9169552af356b8709b819a606b612b26c503fc6c28ca4a
F6,packet,vle_obs_0147,vle_obs_0147-pco2,Hilliard2008,pressure,true-species-vapor-partial-pressure,pCO2,332.921,0.4849096981939639,4860.0,5026.747346218321,0.11244895393059172,0.03373468617917751,0.0063223836200421695,37d7ad448549d25cdb9169552af356b8709b819a606b612b26c503fc6c28ca4a
F6,packet,vle_obs_0148,vle_obs_0148-pco2,Hilliard2008,pressure,true-species-vapor-partial-pressure,pCO2,333.256,0.5439108782175645,25800.0,31418.855100576257,0.6567790056006227,0.19703370168018683,0.2156793310988714,37d7ad448549d25cdb9169552af356b8709b819a606b612b26c503fc6c28ca4a
F6,packet,vle_obs_0149,vle_obs_0149-pco2,Hilliard2008,pressure,true-species-vapor-partial-pressure,pCO2,333.09499999999997,0.5649112982259645,50200.0,54670.492743686846,0.2843636640768605,0.08530909922305814,0.04043134672360878,37d7ad448549d25cdb9169552af356b8709b819a606b612b26c503fc6c28ca4a
F6,packet,vle_obs_0186,vle_obs_0186-pco2,Jou1995,pressure,true-species-vapor-partial-pressure,pCO2,313.15,0.08870177403548071,1.47,1.665336927441966,0.41588353664660227,0.12476506099398067,0.08647955802684289,37d7ad448549d25cdb9169552af356b8709b819a606b612b26c503fc6c28ca4a
F6,packet,vle_obs_0187,vle_obs_0187-pco2,Jou1995,pressure,true-species-vapor-partial-pressure,pCO2,313.15,0.20290405808116166,8.959999999999999,10.119432255491096,0.40562444687563176,0.12168733406268953,0.0822655959515811,37d7ad448549d25cdb9169552af356b8709b819a606b612b26c503fc6c28ca4a
F6,packet,vle_obs_0188,vle_obs_0188-pco2,Jou1995,pressure,true-species-vapor-partial-pressure,pCO2,313.15,0.36490729814596295,67.7,84.18667339727332,0.7265015187066673,0.2179504556120002,0.2639022283415471,37d7ad448549d25cdb9169552af356b8709b819a606b612b26c503fc6c28ca4a
F6,packet,vle_obs_0189,vle_obs_0189-pco2,Jou1995,pressure,true-species-vapor-partial-pressure,pCO2,313.15,0.4734094681893638,604.0,838.5173447743919,1.0935368953126854,0.32806106859380557,0.5979114707050536,37d7ad448549d25cdb9169552af356b8709b819a606b612b26c503fc6c28ca4a
F6,packet,vle_obs_0190,vle_obs_0190-pco2,Jou1995,pressure,true-species-vapor-partial-pressure,pCO2,313.15,0.5129102582051641,2570.0,2980.961466549341,0.49446663118273626,0.14833998935482087,0.12224862467660207,37d7ad448549d25cdb9169552af356b8709b819a606b612b26c503fc6c28ca4a
F6,packet,vle_obs_0191,vle_obs_0191-pco2,Jou1995,pressure,true-species-vapor-partial-pressure,pCO2,313.15,0.5569111382227645,8090.0,11073.784659300738,1.0465061384334382,0.3139518415300315,0.5475875488894333,37d7ad448549d25cdb9169552af356b8709b819a606b612b26c503fc6c28ca4a
F6,packet,vle_obs_0192,vle_obs_0192-pco2,Jou1995,pressure,true-species-vapor-partial-pressure,pCO2,313.15,0.6089121782435649,36100.0,34873.02443515627,-0.11526424607472416,-0.034579273822417246,0.006642923211587282,37d7ad448549d25cdb9169552af356b8709b819a606b612b26c503fc6c28ca4a
F6,packet,vle_obs_0193,vle_obs_0193-pco2,Jou1995,pressure,true-species-vapor-partial-pressure,pCO2,313.15,0.6419128382567652,103000.0,61219.010602770766,-1.7342373872762473,-0.5202712161828742,1.5037896577133723,37d7ad448549d25cdb9169552af356b8709b819a606b612b26c503fc6c28ca4a
F6,packet,vle_obs_0194,vle_obs_0194-pco2,Jou1995,pressure,true-species-vapor-partial-pressure,pCO2,333.15,0.05630112602252045,4.28,5.145681666577249,0.6140161399681185,0.18420484199043555,0.18850791007067408,37d7ad448549d25cdb9169552af356b8709b819a606b612b26c503fc6c28ca4a
F6,packet,vle_obs_0195,vle_obs_0195-pco2,Jou1995,pressure,true-species-vapor-partial-pressure,pCO2,333.15,0.11890237804756094,19.3,20.203008442257882,0.1524214339732554,0.045726430191976614,0.011616146767231725,37d7ad448549d25cdb9169552af356b8709b819a606b612b26c503fc6c28ca4a
F6,packet,vle_obs_0196,vle_obs_0196-pco2,Jou1995,pressure,true-species-vapor-partial-pressure,pCO2,333.15,0.20590411808236164,57.9,64.82172859598268,0.3764116013735202,0.11292348041205606,0.07084284682428894,37d7ad448549d25cdb9169552af356b8709b819a606b612b26c503fc6c28ca4a
F6,packet,vle_obs_0197,vle_obs_0197-pco2,Jou1995,pressure,true-species-vapor-partial-pressure,pCO2,333.15,0.38890777815556316,528.0,615.9965710277766,0.5138170443280514,0.1541451132984154,0.13200397752100737,37d7ad448549d25cdb9169552af356b8709b819a606b612b26c503fc6c28ca4a
F6,packet,vle_obs_0198,vle_obs_0198-pco2,Jou1995,pressure,true-species-vapor-partial-pressure,pCO2,333.15,0.4379087581751635,2009.9999999999998,1527.1865055703713,-0.9156918824661124,-0.2747075647398337,0.41924581180716636,37d7ad448549d25cdb9169552af356b8709b819a606b612b26c503fc6c28ca4a
F6,packet,vle_obs_0199,vle_obs_0199-pco2,Jou1995,pressure,true-species-vapor-partial-pressure,pCO2,333.15,0.5039100782015641,11000.0,9256.129704409988,-0.5753642333210617,-0.1726092699963185,0.16552200049256655,37d7ad448549d25cdb9169552af356b8709b819a606b612b26c503fc6c28ca4a
F6,packet,vle_obs_0200,vle_obs_0200-pco2,Jou1995,pressure,true-species-vapor-partial-pressure,pCO2,333.15,0.5609112182243645,34000.0,48619.458666397884,1.1922110341340983,0.35766331024022946,0.7106835749555481,37d7ad448549d25cdb9169552af356b8709b819a606b612b26c503fc6c28ca4a
F6,packet,vle_obs_0201,vle_obs_0201-pco2,Jou1995,pressure,true-species-vapor-partial-pressure,pCO2,333.15,0.5789115782315646,82000.0,74416.97097757662,-0.32345075633257053,-0.09703522689977116,0.05231019588605596,37d7ad448549d25cdb9169552af356b8709b819a606b612b26c503fc6c28ca4a
F6,packet,vle_obs_0202,vle_obs_0202-pco2,Jou1995,pressure,true-species-vapor-partial-pressure,pCO2,333.15,0.6679133582671654,282000.0,343018.04511315044,0.6529199483443918,0.19587598450331753,0.21315222947302165,37d7ad448549d25cdb9169552af356b8709b819a606b612b26c503fc6c28ca4a
F6,packet,vle_obs_0203,vle_obs_0203-pco2,Jou1995,pressure,true-species-vapor-partial-pressure,pCO2,353.15,0.01730034600692014,2.96,3.9604900509361833,0.9705949983680042,0.29117849951040126,0.47102732542849307,37d7ad448549d25cdb9169552af356b8709b819a606b612b26c503fc6c28ca4a
F6,packet,vle_obs_0204,vle_obs_0204-pco2,Jou1995,pressure,true-species-vapor-partial-pressure,pCO2,353.15,0.023500470009400188,4.84,6.714897037147774,1.0913792528913944,0.32741377586741827,0.5955543368208891,37d7ad448549d25cdb9169552af356b8709b819a606b612b26c503fc6c28ca4a
F6,packet,vle_obs_0205,vle_obs_0205-pco2,Jou1995,pressure,true-species-vapor-partial-pressure,pCO2,353.15,0.07800156003120062,46.5,52.81891752330724,0.4247236679197461,0.12741710037592383,0.09019509704560137,37d7ad448549d25cdb9169552af356b8709b819a606b612b26c503fc6c28ca4a
F6,packet,vle_obs_0206,vle_obs_0206-pco2,Jou1995,pressure,true-species-vapor-partial-pressure,pCO2,353.15,0.11790235804716094,99.2,110.58445395157115,0.362138346337487,0.10864150390124609,0.06557209094402483,37d7ad448549d25cdb9169552af356b8709b819a606b612b26c503fc6c28ca4a
F6,packet,vle_obs_0207,vle_obs_0207-pco2,Jou1995,pressure,true-species-vapor-partial-pressure,pCO2,353.15,0.18690373807476152,278.0,272.10664834860626,-0.07142344908237667,-0.021427034724713002,0.002550654539411427,37d7ad448549d25cdb9169552af356b8709b819a606b612b26c503fc6c28ca4a
F6,packet,vle_obs_0208,vle_obs_0208-pco2,Jou1995,pressure,true-species-vapor-partial-pressure,pCO2,353.15,0.3479069581391628,2670.0,1551.99353376116,-1.8084607235027195,-0.5425382170508158,1.6352650942259899,37d7ad448549d25cdb9169552af356b8709b819a606b612b26c503fc6c28ca4a
F6,packet,vle_obs_0209,vle_obs_0209-pco2,Jou1995,pressure,true-species-vapor-partial-pressure,pCO2,353.15,0.4599091981839637,16000.0,10295.574555573057,-1.4695819137699784,-0.4408745741309935,1.079835500639916,37d7ad448549d25cdb9169552af356b8709b819a606b612b26c503fc6c28ca4a
F6,packet,vle_obs_0210,vle_obs_0210-pco2,Jou1995,pressure,true-species-vapor-partial-pressure,pCO2,353.15,0.5169103382067641,56000.0,50682.41338722158,-0.3325757210169646,-0.09977271630508937,0.05530330510497693,37d7ad448549d25cdb9169552af356b8709b819a606b612b26c503fc6c28ca4a
F6,packet,vle_obs_0211,vle_obs_0211-pco2,Jou1995,pressure,true-species-vapor-partial-pressure,pCO2,353.15,0.5784115682313646,235000.0,246333.15208735512,0.1569979412012625,0.04709938236037875,0.01232417677071754,37d7ad448549d25cdb9169552af356b8709b819a606b612b26c503fc6c28ca4a
F6,packet,vle_obs_0212,vle_obs_0212-pco2,Jou1995,pressure,true-species-vapor-partial-pressure,pCO2,353.15,0.6399127982559651,558000.0,708181.4790247887,0.7944714159087757,0.2383414247726327,0.31559241534804744,37d7ad448549d25cdb9169552af356b8709b819a606b612b26c503fc6c28ca4a
F6,packet,vle_obs_0213,vle_obs_0213-pco2,Jou1995,pressure,true-species-vapor-partial-pressure,pCO2,353.15,0.6889137782755654,958000.0,1272798.0161667112,0.9470838013813714,0.2841251404144114,0.4484838634194945,37d7ad448549d25cdb9169552af356b8709b819a606b612b26c503fc6c28ca4a
F6,packet,vle_obs_0214,vle_obs_0214-pco2,Jou1995,pressure,true-species-vapor-partial-pressure,pCO2,373.15,0.011600232004640094,7.24,10.00539404666899,1.0783438194563857,0.3235031458369157,0.581412696479893,37d7ad448549d25cdb9169552af356b8709b819a606b612b26c503fc6c28ca4a
F6,packet,vle_obs_0215,vle_obs_0215-pco2,Jou1995,pressure,true-species-vapor-partial-pressure,pCO2,373.15,0.056501130022600446,136.0,148.55044989782155,0.29423248254403117,0.08826974476320935,0.043286376892011806,37d7ad448549d25cdb9169552af356b8709b819a606b612b26c503fc6c28ca4a
F6,packet,vle_obs_0216,vle_obs_0216-pco2,Jou1995,pressure,true-species-vapor-partial-pressure,pCO2,373.15,0.18790375807516152,1430.0,1255.186569149532,-0.43463407353351413,-0.13039022206005424,0.09445338893816808,37d7ad448549d25cdb9169552af356b8709b819a606b612b26c503fc6c28ca4a
F6,packet,vle_obs_0217,vle_obs_0217-pco2,Jou1995,pressure,true-species-vapor-partial-pressure,pCO2,373.15,0.38090761815236307,19000.0,9531.103698104152,-2.299594850612229,-0.6898784551836686,2.64406823848114,37d7ad448549d25cdb9169552af356b8709b819a606b612b26c503fc6c28ca4a
F6,packet,vle_obs_0218,vle_obs_0218-pco2,Jou1995,pressure,true-species-vapor-partial-pressure,pCO2,373.15,0.4219084381687634,39000.0,17703.003948474292,-2.6327576878222994,-0.7898273063466897,3.46570652139371,37d7ad448549d25cdb9169552af356b8709b819a606b612b26c503fc6c28ca4a
F6,packet,vle_obs_0219,vle_obs_0219-pco2,Jou1995,pressure,true-species-vapor-partial-pressure,pCO2,373.15,0.4769095381907638,69000.0,56394.497278684736,-0.6724497227796106,-0.20173491683388317,0.22609431483318757,37d7ad448549d25cdb9169552af356b8709b819a606b612b26c503fc6c28ca4a
F6,packet,vle_obs_0220,vle_obs_0220-pco2,Jou1995,pressure,true-species-vapor-partial-pressure,pCO2,373.15,0.48090961819236383,109000.0,62414.48859023157,-1.8585014828647481,-0.5575504448594244,1.7270138809052338,37d7ad448549d25cdb9169552af356b8709b819a606b612b26c503fc6c28ca4a
F6,packet,vle_obs_0221,vle_obs_0221-pco2,Jou1995,pressure,true-species-vapor-partial-pressure,pCO2,373.15,0.5709114182283646,509000.0,588613.8252469345,0.48440769110003307,0.14532230733000992,0.11732540559843253,37d7ad448549d25cdb9169552af356b8709b819a606b612b26c503fc6c28ca4a
F6,packet,vle_obs_0222,vle_obs_0222-pco2,Jou1995,pressure,true-species-vapor-partial-pressure,pCO2,373.15,0.5889117782355647,376000.0,820321.3617625163,2.600356748940979,0.7801070246822938,3.380927610881449,37d7ad448549d25cdb9169552af356b8709b819a606b612b26c503fc6c28ca4a
F6,packet,vle_obs_0223,vle_obs_0223-pco2,Jou1995,pressure,true-species-vapor-partial-pressure,pCO2,373.15,0.613412268245365,909000.0,1205341.7720534785,0.9405777993084451,0.2821733397925335,0.4423432982759588,37d7ad448549d25cdb9169552af356b8709b819a606b612b26c503fc6c28ca4a
F6,packet,vle_obs_0224,vle_obs_0224-pco2,Jou1995,pressure,true-species-vapor-partial-pressure,pCO2,393.15,0.003230064601292026,2.02,4.657308421677964,2.784467259797909,0.8353401779393728,3.8766289604432385,37d7ad448549d25cdb9169552af356b8709b819a606b612b26c503fc6c28ca4a
F6,packet,vle_obs_0225,vle_obs_0225-pco2,Jou1995,pressure,true-species-vapor-partial-pressure,pCO2,393.15,0.011100222004440089,22.1,40.55728435205177,2.0237926489094478,0.6071377946728342,2.04786834288996,37d7ad448549d25cdb9169552af356b8709b819a606b612b26c503fc6c28ca4a
F6,packet,vle_obs_0226,vle_obs_0226-pco2,Jou1995,pressure,true-species-vapor-partial-pressure,pCO2,393.15,0.024600492009840196,98.4,158.2008528081068,1.582748806522711,0.47482464195681334,1.252546892274533,37d7ad448549d25cdb9169552af356b8709b819a606b612b26c503fc6c28ca4a
F6,packet,vle_obs_0227,vle_obs_0227-pco2,Jou1995,pressure,true-species-vapor-partial-pressure,pCO2,393.15,0.11890237804756094,2290.0,2228.947941592271,-0.09007372828574582,-0.027022118485723747,0.0040566382636471835,37d7ad448549d25cdb9169552af356b8709b819a606b612b26c503fc6c28ca4a
F6,packet,vle_obs_0228,vle_obs_0228-pco2,Jou1995,pressure,true-species-vapor-partial-pressure,pCO2,393.15,0.3489069781395628,46800.0,24047.83219303326,-2.219461159794248,-0.6658383479382743,2.463003919917614,37d7ad448549d25cdb9169552af356b8709b819a606b612b26c503fc6c28ca4a
F6,packet,vle_obs_0229,vle_obs_0229-pco2,Jou1995,pressure,true-species-vapor-partial-pressure,pCO2,393.15,0.4114082281645633,122000.0,53108.374113942846,-2.7722880810846613,-0.8316864243253984,3.8427906022620366,37d7ad448549d25cdb9169552af356b8709b819a606b612b26c503fc6c28ca4a
F6,packet,vle_obs_0230,vle_obs_0230-pco2,Jou1995,pressure,true-species-vapor-partial-pressure,pCO2,393.15,0.4439088781775636,222000.0,91651.8613283929,-2.9489336623319335,-0.88468009869958,4.348104872417215,37d7ad448549d25cdb9169552af356b8709b819a606b612b26c503fc6c28ca4a
F6,packet,vle_obs_0231,vle_obs_0231-pco2,Jou1995,pressure,true-species-vapor-partial-pressure,pCO2,393.15,0.4729094581891638,422000.0,165855.10318661682,-3.1129692640805375,-0.9338907792241612,4.845288819555062,37d7ad448549d25cdb9169552af356b8709b819a606b612b26c503fc6c28ca4a
F6,packet,vle_obs_0232,vle_obs_0232-pco2,Jou1995,pressure,true-species-vapor-partial-pressure,pCO2,393.15,0.5359107182143643,822000.0,700450.9205280934,-0.5333869840654235,-0.16001609521962704,0.14225083738520417,37d7ad448549d25cdb9169552af356b8709b819a606b612b26c503fc6c28ca4a
F6,packet,vle_obs_0233,vle_obs_0233-pco2,Jou1995,pressure,true-species-vapor-partial-pressure,pCO2,393.15,0.6389127782555651,2804000.0,3256982.936306381,0.49918106008313445,0.14975431802494032,0.12459086537286095,37d7ad448549d25cdb9169552af356b8709b819a606b612b26c503fc6c28ca4a
F1-no-heat,packet,vle_obs_0119,vle_obs_0119-pco2,Hilliard2008,pressure,true-species-vapor-partial-pressure,pCO2,313.137,0.15290305806116122,5.7,5.367997130680791,-0.2000376989807302,-0.060011309694219056,0.020007540506752616,756fec502d3a1433d538abb073c4caeabf91902013ab7e27d5459ce70396543b
F1-no-heat,packet,vle_obs_0120,vle_obs_0120-pco2,Hilliard2008,pressure,true-species-vapor-partial-pressure,pCO2,313.20799999999997,0.16290325806516132,6.64,6.155584845719712,-0.2525072958424247,-0.0757521887527274,0.0318799672268269,756fec502d3a1433d538abb073c4caeabf91902013ab7e27d5459ce70396543b
F1-no-heat,packet,vle_obs_0121,vle_obs_0121-pco2,Hilliard2008,pressure,true-species-vapor-partial-pressure,pCO2,313.135,0.1699033980679614,7.21,6.694599328469254,-0.24722606775691477,-0.07416782032707443,0.030560364289273306,756fec502d3a1433d538abb073c4caeabf91902013ab7e27d5459ce70396543b
F1-no-heat,packet,vle_obs_0122,vle_obs_0122-pco2,Hilliard2008,pressure,true-species-vapor-partial-pressure,pCO2,313.294,0.19090381807636156,9.950000000000001,8.97155562674168,-0.3450448821183861,-0.10351346463551582,0.05952798533804547,756fec502d3a1433d538abb073c4caeabf91902013ab7e27d5459ce70396543b
F1-no-heat,packet,vle_obs_0123,vle_obs_0123-pco2,Hilliard2008,pressure,true-species-vapor-partial-pressure,pCO2,313.18399999999997,0.19390387807756157,9.85,9.405246871805701,-0.15401247926560369,-0.0462037437796811,0.011859921884769002,756fec502d3a1433d538abb073c4caeabf91902013ab7e27d5459ce70396543b
F1-no-heat,packet,vle_obs_0124,vle_obs_0124-pco2,Hilliard2008,pressure,true-species-vapor-partial-pressure,pCO2,313.18399999999997,0.23190463809276188,14.6,14.52115381964411,-0.0180501943731082,-0.005415058311932459,0.00016290475845349343,756fec502d3a1433d538abb073c4caeabf91902013ab7e27d5459ce70396543b
F1-no-heat,packet,vle_obs_0125,vle_obs_0125-pco2,Hilliard2008,pressure,true-species-vapor-partial-pressure,pCO2,313.27,0.24590491809836199,19.099999999999998,17.27111128539661,-0.3355103240948718,-0.10065309722846154,0.05628358878712296,756fec502d3a1433d538abb073c4caeabf91902013ab7e27d5459ce70396543b
F1-no-heat,packet,vle_obs_0126,vle_obs_0126-pco2,Hilliard2008,pressure,true-species-vapor-partial-pressure,pCO2,313.118,0.2689053781075622,23.099999999999998,22.353166594147897,-0.10954874813114279,-0.032864624439342835,0.00600046410855028,756fec502d3a1433d538abb073c4caeabf91902013ab7e27d5459ce70396543b
F1-no-heat,packet,vle_obs_0127,vle_obs_0127-pco2,Hilliard2008,pressure,true-species-vapor-partial-pressure,pCO2,313.503,0.2719054381087622,22.4,24.820642360898308,0.3420490045269871,0.10261470135809612,0.058498760748951426,756fec502d3a1433d538abb073c4caeabf91902013ab7e27d5459ce70396543b
F1-no-heat,packet,vle_obs_0128,vle_obs_0128-pco2,Hilliard2008,pressure,true-species-vapor-partial-pressure,pCO2,313.01599999999996,0.32590651813036264,48.5,45.48131641635516,-0.21420728176452677,-0.06426218452935803,0.02294237978047368,756fec502d3a1433d538abb073c4caeabf91902013ab7e27d5459ce70396543b
F1-no-heat,packet,vle_obs_0129,vle_obs_0129-pco2,Hilliard2008,pressure,true-species-vapor-partial-pressure,pCO2,313.029,0.3479069581391628,66.19999999999999,61.72377566079693,-0.23337087764826325,-0.07001126329447897,0.02723098326716033,756fec502d3a1433d538abb073c4caeabf91902013ab7e27d5459ce70396543b
F1-no-heat,packet,vle_obs_0130,vle_obs_0130-pco2,Hilliard2008,pressure,true-species-vapor-partial-pressure,pCO2,313.14,0.3499069981399628,72.1,64.0752264541165,-0.39332079281029564,-0.11799623784308869,0.07735062302845976,756fec502d3a1433d538abb073c4caeabf91902013ab7e27d5459ce70396543b
F1-no-heat,packet,vle_obs_0131,vle_obs_0131-pco2,Hilliard2008,pressure,true-species-vapor-partial-pressure,pCO2,313.02,0.3599071981439629,96.60000000000001,72.1657729260419,-0.9720428897245766,-0.291612866917373,0.47243368973205274,756fec502d3a1433d538abb073c4caeabf91902013ab7e27d5459ce70396543b
F1-no-heat,packet,vle_obs_0132,vle_obs_0132-pco2,Hilliard2008,pressure,true-species-vapor-partial-pressure,pCO2,313.2,0.3819076381527631,131.0,94.06006018037417,-1.1042126895869873,-0.3312638068760962,0.6096428319224642,756fec502d3a1433d538abb073c4caeabf91902013ab7e27d5459ce70396543b
F1-no-heat,packet,vle_obs_0133,vle_obs_0133-pco2,Hilliard2008,pressure,true-species-vapor-partial-pressure,pCO2,313.03,0.3859077181543631,120.0,109.83063467561524,-0.29517416096478544,-0.08855224828943563,0.043563892650632534,756fec502d3a1433d538abb073c4caeabf91902013ab7e27d5459ce70396543b
F1-no-heat,packet,vle_obs_0134,vle_obs_0134-pco2,Hilliard2008,pressure,true-species-vapor-partial-pressure,pCO2,313.0,0.38890777815556316,113.0,115.39442743078236,0.0698941501145606,0.02096824503436818,0.002442596110118366,756fec502d3a1433d538abb073c4caeabf91902013ab7e27d5459ce70396543b
F1-no-heat,packet,vle_obs_0135,vle_obs_0135-pco2,Hilliard2008,pressure,true-species-vapor-partial-pressure,pCO2,313.15,0.39990799815996325,128.0,141.89635857158336,0.3435555266107778,0.10306665798323333,0.059015199932404436,756fec502d3a1433d538abb073c4caeabf91902013ab7e27d5459ce70396543b
F1-no-heat,packet,vle_obs_0136,vle_obs_0136-pco2,Hilliard2008,pressure,true-species-vapor-partial-pressure,pCO2,313.169,0.46390927818556377,750.0,588.3266373655757,-0.8093030238138295,-0.24279090714414883,0.3274856921771039,756fec502d3a1433d538abb073c4caeabf91902013ab7e27d5459ce70396543b
F1-no-heat,packet,vle_obs_0137,vle_obs_0137-pco2,Hilliard2008,pressure,true-species-vapor-partial-pressure,pCO2,313.08,0.4659093181863638,574.0,637.8178058771324,0.351410918388805,0.10542327551664149,0.061744816781431684,756fec502d3a1433d538abb073c4caeabf91902013ab7e27d5459ce70396543b
F1-no-heat,packet,vle_obs_0138,vle_obs_0138-pco2,Hilliard2008,pressure,true-species-vapor-partial-pressure,pCO2,313.14,0.48090961819236383,883.0,996.4733600946472,0.40299068406345706,0.12089720521903712,0.08120074572096653,756fec502d3a1433d538abb073c4caeabf91902013ab7e27d5459ce70396543b
F1-no-heat,packet,vle_obs_0139,vle_obs_0139-pco2,Hilliard2008,pressure,true-species-vapor-partial-pressure,pCO2,313.02799999999996,0.4909098181963639,1100.0,1351.268216881685,0.6857779719321371,0.2057333915796411,0.23514571339367749,756fec502d3a1433d538abb073c4caeabf91902013ab7e27d5459ce70396543b
F1-no-heat,packet,vle_obs_0140,vle_obs_0140-pco2,Hilliard2008,pressure,true-species-vapor-partial-pressure,pCO2,313.168,0.5009100182003641,1870.0,1922.5011223029874,0.09229525101227218,0.027688575303681653,0.004259206679709165,756fec502d3a1433d538abb073c4caeabf91902013ab7e27d5459ce70396543b
F1-no-heat,packet,vle_obs_0141,vle_obs_0141-pco2,Hilliard2008,pressure,true-species-vapor-partial-pressure,pCO2,313.147,0.5179103582071641,3030.0,3386.860288874872,0.3711356807952284,0.11134070423856852,0.06887084677966883,756fec502d3a1433d538abb073c4caeabf91902013ab7e27d5459ce70396543b
F1-no-heat,packet,vle_obs_0142,vle_obs_0142-pco2,Hilliard2008,pressure,true-species-vapor-partial-pressure,pCO2,313.15,0.5909118182363647,28300.0,24218.960813071677,-0.5190865786457401,-0.15572597359372203,0.1347254380650701,756fec502d3a1433d538abb073c4caeabf91902013ab7e27d5459ce70396543b
F1-no-heat,packet,vle_obs_0143,vle_obs_0143-pco2,Hilliard2008,pressure,true-species-vapor-partial-pressure,pCO2,333.018,0.11390227804556091,19.400000000000002,17.8201060847279,-0.2831523030569064,-0.08494569091707192,0.04008761336321509,756fec502d3a1433d538abb073c4caeabf91902013ab7e27d5459ce70396543b
F1-no-heat,packet,vle_obs_0144,vle_obs_0144-pco2,Hilliard2008,pressure,true-species-vapor-partial-pressure,pCO2,333.114,0.19090381807636156,58.9,55.711288756348345,-0.18552764529567223,-0.05565829358870167,0.017210253584478384,756fec502d3a1433d538abb073c4caeabf91902013ab7e27d5459ce70396543b
F1-no-heat,packet,vle_obs_0145,vle_obs_0145-pco2,Hilliard2008,pressure,true-species-vapor-partial-pressure,pCO2,333.10999999999996,0.29090581811636235,209.0,193.84469977345546,-0.2509231003923159,-0.07527693011769478,0.03148120115524612,756fec502d3a1433d538abb073c4caeabf91902013ab7e27d5459ce70396543b
F1-no-heat,packet,vle_obs_0146,vle_obs_0146-pco2,Hilliard2008,pressure,true-species-vapor-partial-pressure,pCO2,333.034,0.3859077181543631,763.0,740.1433290719182,-0.10138058635434458,-0.03041417590630337,0.005139011644775359,756fec502d3a1433d538abb073c4caeabf91902013ab7e27d5459ce70396543b
F1-no-heat,packet,vle_obs_0147,vle_obs_0147-pco2,Hilliard2008,pressure,true-species-vapor-partial-pressure,pCO2,332.921,0.4849096981939639,4860.0,6181.692592994358,0.8018455947327212,0.24055367841981634,0.32147817889613567,756fec502d3a1433d538abb073c4caeabf91902013ab7e27d5459ce70396543b
F1-no-heat,packet,vle_obs_0148,vle_obs_0148-pco2,Hilliard2008,pressure,true-species-vapor-partial-pressure,pCO2,333.256,0.5439108782175645,25800.0,31855.15699089836,0.7027493064188494,0.2108247919256548,0.24692829383608692,756fec502d3a1433d538abb073c4caeabf91902013ab7e27d5459ce70396543b
F1-no-heat,packet,vle_obs_0149,vle_obs_0149-pco2,Hilliard2008,pressure,true-species-vapor-partial-pressure,pCO2,333.09499999999997,0.5649112982259645,50200.0,51293.25534520047,0.07181414027683343,0.021544242083050027,0.002578635371850355,756fec502d3a1433d538abb073c4caeabf91902013ab7e27d5459ce70396543b
F1-no-heat,packet,vle_obs_0186,vle_obs_0186-pco2,Jou1995,pressure,true-species-vapor-partial-pressure,pCO2,313.15,0.08870177403548071,1.47,1.7527439387561572,0.5864004139153853,0.17592012417461558,0.17193272272006763,756fec502d3a1433d538abb073c4caeabf91902013ab7e27d5459ce70396543b
F1-no-heat,packet,vle_obs_0187,vle_obs_0187-pco2,Jou1995,pressure,true-species-vapor-partial-pressure,pCO2,313.15,0.20290405808116166,8.959999999999999,10.218590793483317,0.4381282038223656,0.13143846114670968,0.09597816149230617,756fec502d3a1433d538abb073c4caeabf91902013ab7e27d5459ce70396543b
F1-no-heat,packet,vle_obs_0188,vle_obs_0188-pco2,Jou1995,pressure,true-species-vapor-partial-pressure,pCO2,313.15,0.36490729814596295,67.7,80.43482293613722,0.5745367453101942,0.17236102359305824,0.16504623585581546,756fec502d3a1433d538abb073c4caeabf91902013ab7e27d5459ce70396543b
F1-no-heat,packet,vle_obs_0189,vle_obs_0189-pco2,Jou1995,pressure,true-species-vapor-partial-pressure,pCO2,313.15,0.4734094681893638,604.0,797.7405394838552,0.927364027182016,0.2782092081546048,0.4300020194556235,756fec502d3a1433d538abb073c4caeabf91902013ab7e27d5459ce70396543b
F1-no-heat,packet,vle_obs_0190,vle_obs_0190-pco2,Jou1995,pressure,true-species-vapor-partial-pressure,pCO2,313.15,0.5129102582051641,2570.0,2883.8347588834035,0.3840500768797118,0.11521502306391354,0.07374723077565629,756fec502d3a1433d538abb073c4caeabf91902013ab7e27d5459ce70396543b
F1-no-heat,packet,vle_obs_0191,vle_obs_0191-pco2,Jou1995,pressure,true-species-vapor-partial-pressure,pCO2,313.15,0.5569111382227645,8090.0,10902.29807194191,0.9944828941031425,0.29834486823094275,0.4944981133318811,756fec502d3a1433d538abb073c4caeabf91902013ab7e27d5459ce70396543b
F1-no-heat,packet,vle_obs_0192,vle_obs_0192-pco2,Jou1995,pressure,true-species-vapor-partial-pressure,pCO2,313.15,0.6089121782435649,36100.0,34654.08256311621,-0.13625774584712588,-0.04087732375413776,0.009283086651669976,756fec502d3a1433d538abb073c4caeabf91902013ab7e27d5459ce70396543b
F1-no-heat,packet,vle_obs_0193,vle_obs_0193-pco2,Jou1995,pressure,true-species-vapor-partial-pressure,pCO2,313.15,0.6419128382567652,103000.0,60814.92398096706,-1.7563125638822328,-0.5268937691646698,1.542316911025291,756fec502d3a1433d538abb073c4caeabf91902013ab7e27d5459ce70396543b
F1-no-heat,packet,vle_obs_0194,vle_obs_0194-pco2,Jou1995,pressure,true-species-vapor-partial-pressure,pCO2,333.15,0.05630112602252045,4.28,4.732048854195521,0.33468420228761214,0.10040526068628364,0.05600675763044764,756fec502d3a1433d538abb073c4caeabf91902013ab7e27d5459ce70396543b
F1-no-heat,packet,vle_obs_0195,vle_obs_0195-pco2,Jou1995,pressure,true-species-vapor-partial-pressure,pCO2,333.15,0.11890237804756094,19.3,19.628674695025406,0.05628798611917267,0.0168863958357518,0.0015841686906760877,756fec502d3a1433d538abb073c4caeabf91902013ab7e27d5459ce70396543b
F1-no-heat,packet,vle_obs_0196,vle_obs_0196-pco2,Jou1995,pressure,true-species-vapor-partial-pressure,pCO2,333.15,0.20590411808236164,57.9,68.46670974465088,0.5587675114301798,0.1676302534290539,0.15611056591493805,756fec502d3a1433d538abb073c4caeabf91902013ab7e27d5459ce70396543b
F1-no-heat,packet,vle_obs_0197,vle_obs_0197-pco2,Jou1995,pressure,true-species-vapor-partial-pressure,pCO2,333.15,0.38890777815556316,528.0,788.3116970463394,1.3359909418928138,0.40079728256784414,0.8924358984098238,756fec502d3a1433d538abb073c4caeabf91902013ab7e27d5459ce70396543b
F1-no-heat,packet,vle_obs_0198,vle_obs_0198-pco2,Jou1995,pressure,true-species-vapor-partial-pressure,pCO2,333.15,0.4379087581751635,2009.9999999999998,2005.2886661484445,-0.007822328447403494,-0.0023466985342210484,3.059441116952898e-05,756fec502d3a1433d538abb073c4caeabf91902013ab7e27d5459ce70396543b
F1-no-heat,packet,vle_obs_0199,vle_obs_0199-pco2,Jou1995,pressure,true-species-vapor-partial-pressure,pCO2,333.15,0.5039100782015641,11000.0,10876.71985492008,-0.037568535829249475,-0.011270560748774841,0.0007056974421768007,756fec502d3a1433d538abb073c4caeabf91902013ab7e27d5459ce70396543b
F1-no-heat,packet,vle_obs_0200,vle_obs_0200-pco2,Jou1995,pressure,true-species-vapor-partial-pressure,pCO2,333.15,0.5609112182243645,34000.0,47705.076026007875,1.1289242775198993,0.3386772832559698,0.6372350121869134,756fec502d3a1433d538abb073c4caeabf91902013ab7e27d5459ce70396543b
F1-no-heat,packet,vle_obs_0201,vle_obs_0201-pco2,Jou1995,pressure,true-species-vapor-partial-pressure,pCO2,333.15,0.5789115782315646,82000.0,70017.67803809259,-0.5265716456576275,-0.15797149369728825,0.138638849005291,756fec502d3a1433d538abb073c4caeabf91902013ab7e27d5459ce70396543b
F1-no-heat,packet,vle_obs_0202,vle_obs_0202-pco2,Jou1995,pressure,true-species-vapor-partial-pressure,pCO2,333.15,0.6679133582671654,282000.0,275009.5260082157,-0.08367111280539698,-0.025101333841619094,0.003500427559046733,756fec502d3a1433d538abb073c4caeabf91902013ab7e27d5459ce70396543b
F1-no-heat,packet,vle_obs_0203,vle_obs_0203-pco2,Jou1995,pressure,true-species-vapor-partial-pressure,pCO2,353.15,0.01730034600692014,2.96,3.196496265573557,0.25622008200638924,0.07686602460191677,0.03282436521168041,756fec502d3a1433d538abb073c4caeabf91902013ab7e27d5459ce70396543b
F1-no-heat,packet,vle_obs_0204,vle_obs_0204-pco2,Jou1995,pressure,true-species-vapor-partial-pressure,pCO2,353.15,0.023500470009400188,4.84,5.475391222143898,0.4111633617350031,0.12334900852050093,0.08452765501661451,756fec502d3a1433d538abb073c4caeabf91902013ab7e27d5459ce70396543b
F1-no-heat,packet,vle_obs_0205,vle_obs_0205-pco2,Jou1995,pressure,true-species-vapor-partial-pressure,pCO2,353.15,0.07800156003120062,46.5,47.35440310742889,0.0606916445620366,0.01820749336861098,0.0018417378598222934,756fec502d3a1433d538abb073c4caeabf91902013ab7e27d5459ce70396543b
F1-no-heat,packet,vle_obs_0206,vle_obs_0206-pco2,Jou1995,pressure,true-species-vapor-partial-pressure,pCO2,353.15,0.11790235804716094,99.2,106.70193806211807,0.24300435836045922,0.07290130750813777,0.029525559091089244,756fec502d3a1433d538abb073c4caeabf91902013ab7e27d5459ce70396543b
F1-no-heat,packet,vle_obs_0207,vle_obs_0207-pco2,Jou1995,pressure,true-species-vapor-partial-pressure,pCO2,353.15,0.18690373807476152,278.0,300.4907030259268,0.25931900485454457,0.07779570145636336,0.033623173139375656,756fec502d3a1433d538abb073c4caeabf91902013ab7e27d5459ce70396543b
F1-no-heat,packet,vle_obs_0208,vle_obs_0208-pco2,Jou1995,pressure,true-species-vapor-partial-pressure,pCO2,353.15,0.3479069581391628,2670.0,2411.2765667427425,-0.33974056468329306,-0.10192216940498791,0.057711825645661415,756fec502d3a1433d538abb073c4caeabf91902013ab7e27d5459ce70396543b
F1-no-heat,packet,vle_obs_0209,vle_obs_0209-pco2,Jou1995,pressure,true-species-vapor-partial-pressure,pCO2,353.15,0.4599091981839637,16000.0,17494.249290423682,0.29761164236383597,0.08928349270915079,0.0442863448352499,756fec502d3a1433d538abb073c4caeabf91902013ab7e27d5459ce70396543b
F1-no-heat,packet,vle_obs_0210,vle_obs_0210-pco2,Jou1995,pressure,true-species-vapor-partial-pressure,pCO2,353.15,0.5169103382067641,56000.0,65742.61594270852,0.5346522298739241,0.16039566896217725,0.14292650345457972,756fec502d3a1433d538abb073c4caeabf91902013ab7e27d5459ce70396543b
F1-no-heat,packet,vle_obs_0211,vle_obs_0211-pco2,Jou1995,pressure,true-species-vapor-partial-pressure,pCO2,353.15,0.5784115682313646,235000.0,226005.2829736264,-0.13009046385196635,-0.039027139155589904,0.008461764392609882,756fec502d3a1433d538abb073c4caeabf91902013ab7e27d5459ce70396543b
F1-no-heat,packet,vle_obs_0212,vle_obs_0212-pco2,Jou1995,pressure,true-species-vapor-partial-pressure,pCO2,353.15,0.6399127982559651,558000.0,521436.44632875867,-0.22590520808608355,-0.06777156242582506,0.025516581520208356,756fec502d3a1433d538abb073c4caeabf91902013ab7e27d5459ce70396543b
F1-no-heat,packet,vle_obs_0213,vle_obs_0213-pco2,Jou1995,pressure,true-species-vapor-partial-pressure,pCO2,353.15,0.6889137782755654,958000.0,825804.1921977028,-0.4949669600089669,-0.14849008800269006,0.12249614575025912,756fec502d3a1433d538abb073c4caeabf91902013ab7e27d5459ce70396543b
F1-no-heat,packet,vle_obs_0214,vle_obs_0214-pco2,Jou1995,pressure,true-species-vapor-partial-pressure,pCO2,373.15,0.011600232004640094,7.24,7.745713644975504,0.2250613529862038,0.06751840589586114,0.025326306303990315,756fec502d3a1433d538abb073c4caeabf91902013ab7e27d5459ce70396543b
F1-no-heat,packet,vle_obs_0215,vle_obs_0215-pco2,Jou1995,pressure,true-species-vapor-partial-pressure,pCO2,373.15,0.056501130022600446,136.0,127.86889598711691,-0.20549798939889963,-0.06164939681966988,0.02111471182349513,756fec502d3a1433d538abb073c4caeabf91902013ab7e27d5459ce70396543b
F1-no-heat,packet,vle_obs_0216,vle_obs_0216-pco2,Jou1995,pressure,true-species-vapor-partial-pressure,pCO2,373.15,0.18790375807516152,1430.0,1526.4277198334332,0.21751912514469326,0.06525573754340798,0.023657284901856365,756fec502d3a1433d538abb073c4caeabf91902013ab7e27d5459ce70396543b
F1-no-heat,packet,vle_obs_0217,vle_obs_0217-pco2,Jou1995,pressure,true-species-vapor-partial-pressure,pCO2,373.15,0.38090761815236307,19000.0,19901.25524594352,0.15447942753432226,0.04634382826029668,0.01193194676566596,756fec502d3a1433d538abb073c4caeabf91902013ab7e27d5459ce70396543b
F1-no-heat,packet,vle_obs_0218,vle_obs_0218-pco2,Jou1995,pressure,true-species-vapor-partial-pressure,pCO2,373.15,0.4219084381687634,39000.0,39013.728042399125,0.0011731304976961606,0.00035193914930884817,6.881175823124208e-07,756fec502d3a1433d538abb073c4caeabf91902013ab7e27d5459ce70396543b
F1-no-heat,packet,vle_obs_0219,vle_obs_0219-pco2,Jou1995,pressure,true-species-vapor-partial-pressure,pCO2,373.15,0.4769095381907638,69000.0,109112.29258067088,1.527570181649283,0.4582710544947849,1.1667353299320118,756fec502d3a1433d538abb073c4caeabf91902013ab7e27d5459ce70396543b
F1-no-heat,packet,vle_obs_0220,vle_obs_0220-pco2,Jou1995,pressure,true-species-vapor-partial-pressure,pCO2,373.15,0.48090961819236383,109000.0,117935.37085461448,0.2626296252321469,0.07878888756964406,0.034487160024788965,756fec502d3a1433d538abb073c4caeabf91902013ab7e27d5459ce70396543b
F1-no-heat,packet,vle_obs_0221,vle_obs_0221-pco2,Jou1995,pressure,true-species-vapor-partial-pressure,pCO2,373.15,0.5709114182283646,509000.0,544226.65533227,0.22305929788008527,0.06691778936402558,0.024877725185378306,756fec502d3a1433d538abb073c4caeabf91902013ab7e27d5459ce70396543b
F1-no-heat,packet,vle_obs_0222,vle_obs_0222-pco2,Jou1995,pressure,true-species-vapor-partial-pressure,pCO2,373.15,0.5889117782355647,376000.0,681585.310315502,1.982774267086021,0.5948322801258062,1.9656968971092537,756fec502d3a1433d538abb073c4caeabf91902013ab7e27d5459ce70396543b
F1-no-heat,packet,vle_obs_0223,vle_obs_0223-pco2,Jou1995,pressure,true-species-vapor-partial-pressure,pCO2,373.15,0.613412268245365,909000.0,888727.1481783227,-0.07518275235843999,-0.022554825707531995,0.002826223126095257,756fec502d3a1433d538abb073c4caeabf91902013ab7e27d5459ce70396543b
F1-no-heat,packet,vle_obs_0224,vle_obs_0224-pco2,Jou1995,pressure,true-species-vapor-partial-pressure,pCO2,393.15,0.003230064601292026,2.02,3.6335054816448085,1.957001227668929,0.5871003683006787,1.9149269025488478,756fec502d3a1433d538abb073c4caeabf91902013ab7e27d5459ce70396543b
F1-no-heat,packet,vle_obs_0225,vle_obs_0225-pco2,Jou1995,pressure,true-species-vapor-partial-pressure,pCO2,393.15,0.011100222004440089,22.1,31.995179482566957,1.2333588058623872,0.37000764175871614,0.7605869719991469,756fec502d3a1433d538abb073c4caeabf91902013ab7e27d5459ce70396543b
F1-no-heat,packet,vle_obs_0226,vle_obs_0226-pco2,Jou1995,pressure,true-species-vapor-partial-pressure,pCO2,393.15,0.024600492009840196,98.4,129.55450312009694,0.9168695401774396,0.2750608620532319,0.4203248768525948,756fec502d3a1433d538abb073c4caeabf91902013ab7e27d5459ce70396543b
F1-no-heat,packet,vle_obs_0227,vle_obs_0227-pco2,Jou1995,pressure,true-species-vapor-partial-pressure,pCO2,393.15,0.11890237804756094,2290.0,2424.585802908484,0.19036296436827016,0.05710888931048105,0.018119029101537648,756fec502d3a1433d538abb073c4caeabf91902013ab7e27d5459ce70396543b
F1-no-heat,packet,vle_obs_0228,vle_obs_0228-pco2,Jou1995,pressure,true-species-vapor-partial-pressure,pCO2,393.15,0.3489069781395628,46800.0,56053.162158623076,0.6013912058312585,0.18041736174937753,0.18083569122558757,756fec502d3a1433d538abb073c4caeabf91902013ab7e27d5459ce70396543b
F1-no-heat,packet,vle_obs_0229,vle_obs_0229-pco2,Jou1995,pressure,true-species-vapor-partial-pressure,pCO2,393.15,0.4114082281645633,122000.0,137809.48913776095,0.4061705771426557,0.12185117314279671,0.08248726886819902,756fec502d3a1433d538abb073c4caeabf91902013ab7e27d5459ce70396543b
F1-no-heat,packet,vle_obs_0230,vle_obs_0230-pco2,Jou1995,pressure,true-species-vapor-partial-pressure,pCO2,393.15,0.4439088781775636,222000.0,226794.19415256788,0.07121863559696606,0.021365590679089816,0.0025360470281467207,756fec502d3a1433d538abb073c4caeabf91902013ab7e27d5459ce70396543b
F1-no-heat,packet,vle_obs_0231,vle_obs_0231-pco2,Jou1995,pressure,true-species-vapor-partial-pressure,pCO2,393.15,0.4729094581891638,422000.0,353130.5670047983,-0.5938914909674401,-0.178167447290232,0.1763535515217645,756fec502d3a1433d538abb073c4caeabf91902013ab7e27d5459ce70396543b
F1-no-heat,packet,vle_obs_0232,vle_obs_0232-pco2,Jou1995,pressure,true-species-vapor-partial-pressure,pCO2,393.15,0.5359107182143643,822000.0,825229.6933505924,0.013071229034814476,0.003921368710444343,8.542851424028849e-05,756fec502d3a1433d538abb073c4caeabf91902013ab7e27d5459ce70396543b
F1-no-heat,packet,vle_obs_0233,vle_obs_0233-pco2,Jou1995,pressure,true-species-vapor-partial-pressure,pCO2,393.15,0.6389127782555651,2804000.0,2037000.0566022012,-1.06522934713545,-0.31956880414063493,0.5673567809993084,756fec502d3a1433d538abb073c4caeabf91902013ab7e27d5459ce70396543b
