problem,kind,identity,target,source,quantity,basis,species,temperature_K,loading,observed,predicted,scaled_residual,ln_pred_over_obs,cost,record_sha256
F1,packet,Bottinger2008_state_030,Bottinger2008_state_030::MEA + MEAH+,Bottinger2008,species,true-species-liquid-mole-fraction-linear-aggregate,MEA + MEAH+,293.15,0.0749014980299606,0.1054,0.10392323057707725,-0.12796962070387705,-0.01411017707379031,0.008188111911547079,66ff7715958e9d22e77bd129faf7f67822204e3285b50993bf3f67d72c3b9778
F1,packet,Bottinger2008_state_030,Bottinger2008_state_030::MEACOO-,Bottinger2008,species,true-species-liquid-mole-fraction,MEACOO-,293.15,0.0749014980299606,0.0086,0.008295638160477015,-0.16363539759300288,-0.03603234942652667,0.013388271672710067,66ff7715958e9d22e77bd129faf7f67822204e3285b50993bf3f67d72c3b9778
F1,packet,Bottinger2008_state_031,Bottinger2008_state_031::MEA + MEAH+,Bottinger2008,species,true-species-liquid-mole-fraction-linear-aggregate,MEA + MEAH+,293.15,0.1499029980599612,0.0966,0.09569267550227686,-0.08511486845432845,-0.009436981714959944,0.0036222704159988178,66ff7715958e9d22e77bd129faf7f67822204e3285b50993bf3f67d72c3b9778
F1,packet,Bottinger2008_state_031,Bottinger2008_state_031::MEACOO-,Bottinger2008,species,true-species-liquid-mole-fraction,MEACOO-,293.15,0.1499029980599612,0.0171,0.016526192792620072,-0.21173697689296245,-0.0341318992792694,0.022416273691885456,66ff7715958e9d22e77bd129faf7f67822204e3285b50993bf3f67d72c3b9778
F1,packet,Bottinger2008_state_032,Bottinger2008_state_032::MEA + MEAH+,Bottinger2008,species,true-species-liquid-mole-fraction-linear-aggregate,MEA + MEAH+,293.15,0.2349046980939619,0.0871,0.08652261960199986,-0.05946245087540012,-0.006651005816325886,0.0017678915320546863,66ff7715958e9d22e77bd129faf7f67822204e3285b50993bf3f67d72c3b9778
F1,packet,Bottinger2008_state_032,Bottinger2008_state_032::MEACOO-,Bottinger2008,species,true-species-liquid-mole-fraction,MEACOO-,293.15,0.2349046980939619,0.0267,0.025696247520527446,-0.2735020380034211,-0.03831859504007371,0.0374016823960124,66ff7715958e9d22e77bd129faf7f67822204e3285b50993bf3f67d72c3b9778
F1,packet,Bottinger2008_state_033,Bottinger2008_state_033::MEA + MEAH+,Bottinger2008,species,true-species-liquid-mole-fraction-linear-aggregate,MEA + MEAH+,293.15,0.30890617812356247,0.078,0.07881068253543229,0.09212301539003281,0.010339726156574901,0.004243324982276112,66ff7715958e9d22e77bd129faf7f67822204e3285b50993bf3f67d72c3b9778
F1,packet,Bottinger2008_state_033,Bottinger2008_state_033::MEACOO-,Bottinger2008,species,true-species-liquid-mole-fraction,MEACOO-,293.15,0.30890617812356247,0.0349,0.03340818206661838,-0.33225343727875756,-0.04368598717203851,0.05519617329177464,66ff7715958e9d22e77bd129faf7f67822204e3285b50993bf3f67d72c3b9778
F1,packet,Bottinger2008_state_034,Bottinger2008_state_034::MEA + MEAH+,Bottinger2008,species,true-species-liquid-mole-fraction-linear-aggregate,MEA + MEAH+,293.15,0.38790775815516315,0.0678,0.07117741016066212,0.4341144165375475,0.0486133001054375,0.09422766332286765,66ff7715958e9d22e77bd129faf7f67822204e3285b50993bf3f67d72c3b9778
F1,packet,Bottinger2008_state_034,Bottinger2008_state_034::MEACOO-,Bottinger2008,species,true-species-liquid-mole-fraction,MEACOO-,293.15,0.38790775815516315,0.043,0.04104144569023717,-0.3695385490118543,-0.046617689081180906,0.06827936960289331,66ff7715958e9d22e77bd129faf7f67822204e3285b50993bf3f67d72c3b9778
F1,packet,Bottinger2008_state_035,Bottinger2008_state_035::MEA + MEAH+,Bottinger2008,species,true-species-liquid-mole-fraction-linear-aggregate,MEA + MEAH+,293.15,0.4739094781895638,0.062,0.06493459772418134,0.40758301724740786,0.046246189443970236,0.0830619579742504,66ff7715958e9d22e77bd129faf7f67822204e3285b50993bf3f67d72c3b9778
F1,packet,Bottinger2008_state_035,Bottinger2008_state_035::MEACOO-,Bottinger2008,species,true-species-liquid-mole-fraction,MEACOO-,293.15,0.4739094781895638,0.0493,0.047284169375371755,-0.3399377107298889,-0.04174852708056296,0.0577788235881388,66ff7715958e9d22e77bd129faf7f67822204e3285b50993bf3f67d72c3b9778
F1,packet,Bottinger2008_state_042,Bottinger2008_state_042::MEA + MEAH+,Bottinger2008,species,true-species-liquid-mole-fraction-linear-aggregate,MEA + MEAH+,313.15,0.124902498049961,0.1009,0.09844733746044583,-0.22115983224113372,-0.02460816722677474,0.024455835698463206,66ff7715958e9d22e77bd129faf7f67822204e3285b50993bf3f67d72c3b9778
F1,packet,Bottinger2008_state_042,Bottinger2008_state_042::MEACOO-,Bottinger2008,species,true-species-liquid-mole-fraction,MEACOO-,313.15,0.124902498049961,0.0144,0.013771528774635937,-0.2575701743295339,-0.04462487788072952,0.03317119735207324,66ff7715958e9d22e77bd129faf7f67822204e3285b50993bf3f67d72c3b9778
F1,packet,Bottinger2008_state_043,Bottinger2008_state_043::MEA + MEAH+,Bottinger2008,species,true-species-liquid-mole-fraction-linear-aggregate,MEA + MEAH+,313.15,0.20490409808196164,0.0934,0.0897468764369014,-0.3533001511700778,-0.039898121403505564,0.06241049840839991,66ff7715958e9d22e77bd129faf7f67822204e3285b50993bf3f67d72c3b9778
F1,packet,Bottinger2008_state_043,Bottinger2008_state_043::MEACOO-,Bottinger2008,species,true-species-liquid-mole-fraction,MEACOO-,313.15,0.20490409808196164,0.0241,0.022471984418508895,-0.47742392419093993,-0.06994244406848783,0.11396680169493818,66ff7715958e9d22e77bd129faf7f67822204e3285b50993bf3f67d72c3b9778
F1,packet,Bottinger2008_state_044,Bottinger2008_state_044::MEA + MEAH+,Bottinger2008,species,true-species-liquid-mole-fraction-linear-aggregate,MEA + MEAH+,313.15,0.2359047180943619,0.0876,0.08641834645394644,-0.12107106004647071,-0.013581001456993017,0.007329100790388058,66ff7715958e9d22e77bd129faf7f67822204e3285b50993bf3f67d72c3b9778
F1,packet,Bottinger2008_state_044,Bottinger2008_state_044::MEACOO-,Bottinger2008,species,true-species-liquid-mole-fraction,MEACOO-,313.15,0.2359047180943619,0.0271,0.025800510754349203,-0.3502666430325595,-0.0491394394738334,0.06134336061064923,66ff7715958e9d22e77bd129faf7f67822204e3285b50993bf3f67d72c3b9778
F1,packet,Bottinger2008_state_045,Bottinger2008_state_045::MEA + MEAH+,Bottinger2008,species,true-species-liquid-mole-fraction-linear-aggregate,MEA + MEAH+,313.15,0.2799055981119623,0.084,0.08175865256141056,-0.23844121687121772,-0.027045152936998836,0.028427106951513542,66ff7715958e9d22e77bd129faf7f67822204e3285b50993bf3f67d72c3b9778
F1,packet,Bottinger2008_state_045,Bottinger2008_state_045::MEACOO-,Bottinger2008,species,true-species-liquid-mole-fraction,MEACOO-,313.15,0.2799055981119623,0.0327,0.03046019662788105,-0.5245441152503393,-0.07095427517531183,0.13757326442188061,66ff7715958e9d22e77bd129faf7f67822204e3285b50993bf3f67d72c3b9778
F1,packet,Bottinger2008_state_046,Bottinger2008_state_046::MEA + MEAH+,Bottinger2008,species,true-species-liquid-mole-fraction-linear-aggregate,MEA + MEAH+,313.15,0.34290685813716276,0.0758,0.07530159399276534,-0.05808927823247833,-0.006596989503908319,0.0016871821227851403,66ff7715958e9d22e77bd129faf7f67822204e3285b50993bf3f67d72c3b9778
F1,packet,Bottinger2008_state_046,Bottinger2008_state_046::MEACOO-,Bottinger2008,species,true-species-liquid-mole-fraction,MEACOO-,313.15,0.34290685813716276,0.0396,0.03691723119560578,-0.5408808073375443,-0.07015070613992867,0.14627602387305685,66ff7715958e9d22e77bd129faf7f67822204e3285b50993bf3f67d72c3b9778
F1,packet,Bottinger2008_state_047,Bottinger2008_state_047::MEA + MEAH+,Bottinger2008,species,true-species-liquid-mole-fraction-linear-aggregate,MEA + MEAH+,313.15,0.3539070781415628,0.0749,0.07421439093721799,-0.08075489549846943,-0.009195811214366164,0.0032606765734843586,66ff7715958e9d22e77bd129faf7f67822204e3285b50993bf3f67d72c3b9778
F1,packet,Bottinger2008_state_047,Bottinger2008_state_047::MEACOO-,Bottinger2008,species,true-species-liquid-mole-fraction,MEACOO-,313.15,0.3539070781415628,0.041,0.038004427021606876,-0.5873672506653187,-0.07586941319498434,0.17250014357706767,66ff7715958e9d22e77bd129faf7f67822204e3285b50993bf3f67d72c3b9778
F1,packet,Bottinger2008_state_048,Bottinger2008_state_048::MEA + MEAH+,Bottinger2008,species,true-species-liquid-mole-fraction-linear-aggregate,MEA + MEAH+,313.15,0.4599091981839637,0.065,0.0653614368608662,0.04819158144882725,0.005545164209852725,0.0011612142612694755,66ff7715958e9d22e77bd129faf7f67822204e3285b50993bf3f67d72c3b9778
F1,packet,Bottinger2008_state_048,Bottinger2008_state_048::MEACOO-,Bottinger2008,species,true-species-liquid-mole-fraction,MEACOO-,313.15,0.4599091981839637,0.0492,0.04685703805871797,-0.39577059818953186,-0.048792400723683745,0.07831718319564994,66ff7715958e9d22e77bd129faf7f67822204e3285b50993bf3f67d72c3b9778
F1,packet,Bottinger2008_state_049,Bottinger2008_state_049::MEA + MEAH+,Bottinger2008,species,true-species-liquid-mole-fraction-linear-aggregate,MEA + MEAH+,313.15,0.4659093181863638,0.0663,0.06504716684937731,-0.16419831594006418,-0.019077246611798965,0.013480543478776566,66ff7715958e9d22e77bd129faf7f67822204e3285b50993bf3f67d72c3b9778
F1,packet,Bottinger2008_state_049,Bottinger2008_state_049::MEACOO-,Bottinger2008,species,true-species-liquid-mole-fraction,MEACOO-,313.15,0.4659093181863638,0.0502,0.0471712359830249,-0.5031169463413784,-0.06223072700948193,0.1265633308479367,66ff7715958e9d22e77bd129faf7f67822204e3285b50993bf3f67d72c3b9778
F1,packet,Bottinger2008_state_049,Bottinger2008_state_049::HCO3-,Bottinger2008,species,true-species-liquid-mole-fraction-linear-aggregate,HCO3-,313.15,0.4659093181863638,0.004,0.005118386648640649,0.7988476061718921,0.24654492058729344,0.3190787489432812,66ff7715958e9d22e77bd129faf7f67822204e3285b50993bf3f67d72c3b9778
F1,packet,Bottinger2008_state_050,Bottinger2008_state_050::MEA + MEAH+,Bottinger2008,species,true-species-liquid-mole-fraction-linear-aggregate,MEA + MEAH+,313.15,0.4869097381947639,0.0646,0.06428715151785078,-0.041936793853783884,-0.004854620385071474,0.0008793473393673829,66ff7715958e9d22e77bd129faf7f67822204e3285b50993bf3f67d72c3b9778
F1,packet,Bottinger2008_state_050,Bottinger2008_state_050::MEACOO-,Bottinger2008,species,true-species-liquid-mole-fraction,MEACOO-,313.15,0.4869097381947639,0.0511,0.0479308291450785,-0.518685900969149,-0.0640255851041139,0.13451753193208893,66ff7715958e9d22e77bd129faf7f67822204e3285b50993bf3f67d72c3b9778
F1,packet,Bottinger2008_state_050,Bottinger2008_state_050::HCO3-,Bottinger2008,species,true-species-liquid-mole-fraction-linear-aggregate,HCO3-,313.15,0.4869097381947639,0.0052,0.006711412330926492,0.9943502177147974,0.2551507847572479,0.49436617773473246,66ff7715958e9d22e77bd129faf7f67822204e3285b50993bf3f67d72c3b9778
F1,packet,Bottinger2008_state_055,Bottinger2008_state_055::MEA + MEAH+,Bottinger2008,species,true-species-liquid-mole-fraction-linear-aggregate,MEA + MEAH+,333.15,0.13090261805236106,0.0974,0.09783837250066109,0.040816806393024985,0.004490646297933446,0.0008330058420628427,66ff7715958e9d22e77bd129faf7f67822204e3285b50993bf3f67d72c3b9778
F1,packet,Bottinger2008_state_055,Bottinger2008_state_055::MEACOO-,Bottinger2008,species,true-species-liquid-mole-fraction,MEACOO-,333.15,0.13090261805236106,0.0147,0.014380479566693473,-0.12936049931438312,-0.02197579248643663,0.008367069391433259,66ff7715958e9d22e77bd129faf7f67822204e3285b50993bf3f67d72c3b9778
F1,packet,Bottinger2008_state_056,Bottinger2008_state_056::MEA + MEAH+,Bottinger2008,species,true-species-liquid-mole-fraction-linear-aggregate,MEA + MEAH+,333.15,0.20290405808116166,0.0905,0.09003924614024988,-0.045846155199016185,-0.005104207200733794,0.0010509349732661395,66ff7715958e9d22e77bd129faf7f67822204e3285b50993bf3f67d72c3b9778
F1,packet,Bottinger2008_state_056,Bottinger2008_state_056::MEACOO-,Bottinger2008,species,true-species-liquid-mole-fraction,MEACOO-,333.15,0.20290405808116166,0.0231,0.022179577663415904,-0.27807321346951497,-0.040660677111616625,0.03866235602463122,66ff7715958e9d22e77bd129faf7f67822204e3285b50993bf3f67d72c3b9778
F1,packet,Bottinger2008_state_057,Bottinger2008_state_057::MEA + MEAH+,Bottinger2008,species,true-species-liquid-mole-fraction-linear-aggregate,MEA + MEAH+,333.15,0.27690553811076224,0.0791,0.08217956290185215,0.3456299553144941,0.03819376987768513,0.05973003300534959,66ff7715958e9d22e77bd129faf7f67822204e3285b50993bf3f67d72c3b9778
F1,packet,Bottinger2008_state_057,Bottinger2008_state_057::MEACOO-,Bottinger2008,species,true-species-liquid-mole-fraction,MEACOO-,333.15,0.27690553811076224,0.0302,0.0300391966970366,-0.04000082163268705,-0.005338838953072375,0.000800032865645022,66ff7715958e9d22e77bd129faf7f67822204e3285b50993bf3f67d72c3b9778
F1,packet,Bottinger2008_state_058,Bottinger2008_state_058::MEA + MEAH+,Bottinger2008,species,true-species-liquid-mole-fraction-linear-aggregate,MEA + MEAH+,333.15,0.4149082981659633,0.0687,0.06881461074934783,0.014562992293244585,0.0016668887074707708,0.00010604037226655059,66ff7715958e9d22e77bd129faf7f67822204e3285b50993bf3f67d72c3b9778
F1,packet,Bottinger2008_state_058,Bottinger2008_state_058::MEACOO-,Bottinger2008,species,true-species-liquid-mole-fraction,MEACOO-,333.15,0.4149082981659633,0.0417,0.043403476313803056,0.32949251717660644,0.040038408490201835,0.05428265943768815,66ff7715958e9d22e77bd129faf7f67822204e3285b50993bf3f67d72c3b9778
F1,packet,Bottinger2008_state_058,Bottinger2008_state_058::HCO3-,Bottinger2008,species,true-species-liquid-mole-fraction-linear-aggregate,HCO3-,333.15,0.4149082981659633,0.0042,0.0031600628595893905,-0.7323500988807107,-0.2844926056132269,0.26816833366529336,66ff7715958e9d22e77bd129faf7f67822204e3285b50993bf3f67d72c3b9778
F1,packet,Bottinger2008_state_059,Bottinger2008_state_059::MEA + MEAH+,Bottinger2008,species,true-species-liquid-mole-fraction-linear-aggregate,MEA + MEAH+,333.15,0.4889097781955639,0.068,0.06466029651412436,-0.42816711357380055,-0.05036034714661291,0.09166353857305991,66ff7715958e9d22e77bd129faf7f67822204e3285b50993bf3f67d72c3b9778
F1,packet,Bottinger2008_state_059,Bottinger2008_state_059::MEACOO-,Bottinger2008,species,true-species-liquid-mole-fraction,MEACOO-,333.15,0.4889097781955639,0.0424,0.04755405994603227,0.9835992263420361,0.11471880578014587,0.48373371903032597,66ff7715958e9d22e77bd129faf7f67822204e3285b50993bf3f67d72c3b9778
F1,packet,Bottinger2008_state_059,Bottinger2008_state_059::HCO3-,Bottinger2008,species,true-species-liquid-mole-fraction-linear-aggregate,HCO3-,333.15,0.4889097781955639,0.0072,0.007278549414873653,0.04566826446142643,0.010850560133757193,0.0010427951894593922,66ff7715958e9d22e77bd129faf7f67822204e3285b50993bf3f67d72c3b9778
F1,packet,Bottinger2008_state_063,Bottinger2008_state_063::MEA + MEAH+,Bottinger2008,species,true-species-liquid-mole-fraction-linear-aggregate,MEA + MEAH+,353.15,0.06390127802556052,0.1084,0.10968032716973451,0.10813574068703681,0.011741929192044686,0.005846669206967034,66ff7715958e9d22e77bd129faf7f67822204e3285b50993bf3f67d72c3b9778
F1,packet,Bottinger2008_state_063,Bottinger2008_state_063::MEACOO-,Bottinger2008,species,true-species-liquid-mole-fraction,MEACOO-,353.15,0.06390127802556052,0.0068,0.007325408726576942,0.3127432896291324,0.07442634001446666,0.048904182604025695,66ff7715958e9d22e77bd129faf7f67822204e3285b50993bf3f67d72c3b9778
F1,packet,Bottinger2008_state_064,Bottinger2008_state_064::MEA + MEAH+,Bottinger2008,species,true-species-liquid-mole-fraction-linear-aggregate,MEA + MEAH+,353.15,0.14090281805636112,0.1005,0.10093334020434583,0.03921630808559478,0.004302573470811684,0.0007689594099321433,66ff7715958e9d22e77bd129faf7f67822204e3285b50993bf3f67d72c3b9778
F1,packet,Bottinger2008_state_064,Bottinger2008_state_064::MEACOO-,Bottinger2008,species,true-species-liquid-mole-fraction,MEACOO-,353.15,0.14090281805636112,0.014,0.016072314953916526,0.8634645641318858,0.13804089414118867,0.37278552675573373,66ff7715958e9d22e77bd129faf7f67822204e3285b50993bf3f67d72c3b9778
F1,packet,Bottinger2008_state_065,Bottinger2008_state_065::MEA + MEAH+,Bottinger2008,species,true-species-liquid-mole-fraction-linear-aggregate,MEA + MEAH+,353.15,0.24490489809796198,0.0906,0.08932084603339555,-0.1271524817698265,-0.014219314185028607,0.008083876810113029,66ff7715958e9d22e77bd129faf7f67822204e3285b50993bf3f67d72c3b9778
F1,packet,Bottinger2008_state_065,Bottinger2008_state_065::MEACOO-,Bottinger2008,species,true-species-liquid-mole-fraction,MEACOO-,353.15,0.24490489809796198,0.0224,0.027684520528820013,1.631024854574078,0.21181247245666815,1.3301210381191961,66ff7715958e9d22e77bd129faf7f67822204e3285b50993bf3f67d72c3b9778
F1,packet,Bottinger2008_state_066,Bottinger2008_state_066::MEA + MEAH+,Bottinger2008,species,true-species-liquid-mole-fraction-linear-aggregate,MEA + MEAH+,353.15,0.33590671813436274,0.0858,0.07959040821136146,-0.648182858939305,-0.07512542076153851,0.2100705093113655,66ff7715958e9d22e77bd129faf7f67822204e3285b50993bf3f67d72c3b9778
F1,packet,Bottinger2008_state_066,Bottinger2008_state_066::MEACOO-,Bottinger2008,species,true-species-liquid-mole-fraction,MEACOO-,353.15,0.33590671813436274,0.0337,0.03741416365551532,0.8499230332987006,0.10455150273735475,0.361184581265832,66ff7715958e9d22e77bd129faf7f67822204e3285b50993bf3f67d72c3b9778
F1,packet,Bottinger2008_state_067,Bottinger2008_state_067::MEA + MEAH+,Bottinger2008,species,true-species-liquid-mole-fraction-linear-aggregate,MEA + MEAH+,353.15,0.39790795815916324,0.0872,0.07357565010703306,-1.401682087753801,-0.16989020085709092,0.9823563375649271,66ff7715958e9d22e77bd129faf7f67822204e3285b50993bf3f67d72c3b9778
F1,packet,Bottinger2008_state_067,Bottinger2008_state_067::MEACOO-,Bottinger2008,species,true-species-liquid-mole-fraction,MEACOO-,353.15,0.39790795815916324,0.0336,0.04342716936392495,2.253937927505722,0.2565592004772908,2.5401180905243947,66ff7715958e9d22e77bd129faf7f67822204e3285b50993bf3f67d72c3b9778
F1,packet,Bottinger2008_state_067,Bottinger2008_state_067::HCO3-,Bottinger2008,species,true-species-liquid-mole-fraction-linear-aggregate,HCO3-,353.15,0.39790795815916324,0.0046,0.003114834102504979,-1.0172369160924803,-0.3898804102966701,0.51738547173067,66ff7715958e9d22e77bd129faf7f67822204e3285b50993bf3f67d72c3b9778
F1,packet,Matin2012_state_001,Matin2012_state_001::MEA,Matin2012,species,true-species-liquid-mole-fraction,MEA,293.15,0.10590211804236084,0.0915,0.08855950648901272,-0.28970379418593917,-0.03266425651391217,0.0419641441828645,66ff7715958e9d22e77bd129faf7f67822204e3285b50993bf3f67d72c3b9778
F1,packet,Matin2012_state_001,Matin2012_state_001::MEAH+,Matin2012,species,true-species-liquid-mole-fraction,MEAH+,293.15,0.10590211804236084,0.0115,0.011951034051909632,0.20978327995796853,0.0384707708052326,0.0220045122749617,66ff7715958e9d22e77bd129faf7f67822204e3285b50993bf3f67d72c3b9778
F1,packet,Matin2012_state_001,Matin2012_state_001::MEACOO-,Matin2012,species,true-species-liquid-mole-fraction,MEACOO-,293.15,0.10590211804236084,0.0097,0.011708328056556574,1.0194558662723725,0.18817450279080186,0.5196451316385767,66ff7715958e9d22e77bd129faf7f67822204e3285b50993bf3f67d72c3b9778
F1,packet,Matin2012_state_001,Matin2012_state_001::HCO3-,Matin2012,species,true-species-liquid-mole-fraction-linear-aggregate,HCO3-,293.15,0.10590211804236084,0.0024,0.00018686943243602445,-1.7847827157773994,-2.5528138656193904,1.5927246712688747,66ff7715958e9d22e77bd129faf7f67822204e3285b50993bf3f67d72c3b9778
F1,packet,Matin2012_state_002,Matin2012_state_002::MEA,Matin2012,species,true-species-liquid-mole-fraction,MEA,293.15,0.12790255805116105,0.0867,0.08365724659658023,-0.314659090322623,-0.03572583014072641,0.049505171561330316,66ff7715958e9d22e77bd129faf7f67822204e3285b50993bf3f67d72c3b9778
F1,packet,Matin2012_state_002,Matin2012_state_002::MEAH+,Matin2012,species,true-species-liquid-mole-fraction,MEAH+,293.15,0.12790255805116105,0.0139,0.014439988480545526,0.22593660273871422,0.038112495581561164,0.02552367422855578,66ff7715958e9d22e77bd129faf7f67822204e3285b50993bf3f67d72c3b9778
F1,packet,Matin2012_state_002,Matin2012_state_002::MEACOO-,Matin2012,species,true-species-liquid-mole-fraction,MEACOO-,293.15,0.12790255805116105,0.0124,0.014121633386565847,0.7685863332883247,0.13001143169907114,0.2953624758587959,66ff7715958e9d22e77bd129faf7f67822204e3285b50993bf3f67d72c3b9778
F1,packet,Matin2012_state_002,Matin2012_state_002::HCO3-,Matin2012,species,true-species-liquid-mole-fraction-linear-aggregate,HCO3-,293.15,0.12790255805116105,0.0022,0.0002423780022466148,-1.6046081948798236,-2.2057141390769557,1.287383729537743,66ff7715958e9d22e77bd129faf7f67822204e3285b50993bf3f67d72c3b9778
F1,packet,Matin2012_state_003,Matin2012_state_003::MEA,Matin2012,species,true-species-liquid-mole-fraction,MEA,293.15,0.1499029980599612,0.0817,0.07875855555210357,-0.32076820587747323,-0.03666708812984807,0.05144612095092653,66ff7715958e9d22e77bd129faf7f67822204e3285b50993bf3f67d72c3b9778
F1,packet,Matin2012_state_003,Matin2012_state_003::MEAH+,Matin2012,species,true-species-liquid-mole-fraction,MEAH+,293.15,0.1499029980599612,0.0162,0.01693411995017333,0.2801984542646301,0.04431927634943961,0.039255586886144,66ff7715958e9d22e77bd129faf7f67822204e3285b50993bf3f67d72c3b9778
F1,packet,Matin2012_state_003,Matin2012_state_003::MEACOO-,Matin2012,species,true-species-liquid-mole-fraction,MEACOO-,293.15,0.1499029980599612,0.0151,0.01652619279262007,0.5682042998486327,0.09025182040846598,0.16142806318323746,66ff7715958e9d22e77bd129faf7f67822204e3285b50993bf3f67d72c3b9778
F1,packet,Matin2012_state_003,Matin2012_state_003::HCO3-,Matin2012,species,true-species-liquid-mole-fraction-linear-aggregate,HCO3-,293.15,0.1499029980599612,0.002,0.00030663217291896977,-1.4111398559008583,-1.875253564105467,0.9956578464559476,66ff7715958e9d22e77bd129faf7f67822204e3285b50993bf3f67d72c3b9778
F1,packet,Matin2012_state_004,Matin2012_state_004::MEA,Matin2012,species,true-species-liquid-mole-fraction,MEA,293.15,0.17290345806916138,0.0768,0.0736416419215644,-0.3638661380686165,-0.04199398743812404,0.06619928321648474,66ff7715958e9d22e77bd129faf7f67822204e3285b50993bf3f67d72c3b9778
F1,packet,Matin2012_state_004,Matin2012_state_004::MEAH+,Matin2012,species,true-species-liquid-mole-fraction,MEAH+,293.15,0.17290345806916138,0.0186,0.019548442648428095,0.3316233036461877,0.04973404261224706,0.054987007760605805,66ff7715958e9d22e77bd129faf7f67822204e3285b50993bf3f67d72c3b9778
F1,packet,Matin2012_state_004,Matin2012_state_004::MEACOO-,Matin2012,species,true-species-liquid-mole-fraction,MEACOO-,293.15,0.17290345806916138,0.0177,0.019028783502304823,0.4797052354891057,0.0723881144251059,0.11505855647782919,66ff7715958e9d22e77bd129faf7f67822204e3285b50993bf3f67d72c3b9778
F1,packet,Matin2012_state_004,Matin2012_state_004::HCO3-,Matin2012,species,true-species-liquid-mole-fraction-linear-aggregate,HCO3-,293.15,0.17290345806916138,0.002,0.00038507341188683626,-1.3457721567609695,-1.6474684632059131,0.9055513489565358,66ff7715958e9d22e77bd129faf7f67822204e3285b50993bf3f67d72c3b9778
F1,packet,Matin2012_state_005,Matin2012_state_005::MEA,Matin2012,species,true-species-liquid-mole-fraction,MEA,293.15,0.19490389807796157,0.0718,0.06875220690179024,-0.3725908433019275,-0.043375639633028165,0.06941196825622074,66ff7715958e9d22e77bd129faf7f67822204e3285b50993bf3f67d72c3b9778
F1,packet,Matin2012_state_005,Matin2012_state_005::MEAH+,Matin2012,species,true-species-liquid-mole-fraction,MEAH+,293.15,0.19490389807796157,0.021,0.0220571277351952,0.34100894683716054,0.049113365231175925,0.058143550911494694,66ff7715958e9d22e77bd129faf7f67822204e3285b50993bf3f67d72c3b9778
F1,packet,Matin2012_state_005,Matin2012_state_005::MEACOO-,Matin2012,species,true-species-liquid-mole-fraction,MEACOO-,293.15,0.19490389807796157,0.0203,0.02140953316687037,0.36618256332355476,0.05321541187289587,0.0670448348411046,66ff7715958e9d22e77bd129faf7f67822204e3285b50993bf3f67d72c3b9778
F1,packet,Matin2012_state_005,Matin2012_state_005::HCO3-,Matin2012,species,true-species-liquid-mole-fraction-linear-aggregate,HCO3-,293.15,0.19490389807796157,0.002,0.00047313640044079096,-1.2723863329660074,-1.4415187395967302,0.8094834901593417,66ff7715958e9d22e77bd129faf7f67822204e3285b50993bf3f67d72c3b9778
F1,packet,Matin2012_state_006,Matin2012_state_006::MEA,Matin2012,species,true-species-liquid-mole-fraction,MEA,293.15,0.21790435808716177,0.0668,0.06364677537594754,-0.4105761229234972,-0.0483544186301171,0.08428637635744535,66ff7715958e9d22e77bd129faf7f67822204e3285b50993bf3f67d72c3b9778
F1,packet,Matin2012_state_006,Matin2012_state_006::MEAH+,Matin2012,species,true-species-liquid-mole-fraction,MEAH+,293.15,0.21790435808716177,0.0234,0.02469018100417841,0.38628173777796676,0.05366961203899474,0.07460679047038293,66ff7715958e9d22e77bd129faf7f67822204e3285b50993bf3f67d72c3b9778
F1,packet,Matin2012_state_006,Matin2012_state_006::MEACOO-,Matin2012,species,true-species-liquid-mole-fraction,MEACOO-,293.15,0.21790435808716177,0.0228,0.023881911068229473,0.3298509354358146,0.0463607773447468,0.05440081980394097,66ff7715958e9d22e77bd129faf7f67822204e3285b50993bf3f67d72c3b9778
F1,packet,Matin2012_state_006,Matin2012_state_006::HCO3-,Matin2012,species,true-species-liquid-mole-fraction-linear-aggregate,HCO3-,293.15,0.21790435808716177,0.0021,0.0005817892131514044,-1.2547196585525582,-1.2835844182977032,0.7871607107791241,66ff7715958e9d22e77bd129faf7f67822204e3285b50993bf3f67d72c3b9778
F1,packet,Matin2012_state_007,Matin2012_state_007::MEA,Matin2012,species,true-species-liquid-mole-fraction,MEA,293.15,0.24090481809636194,0.0618,0.058549093923011816,-0.452772434120917,-0.054037749808460975,0.10250143854989006,66ff7715958e9d22e77bd129faf7f67822204e3285b50993bf3f67d72c3b9778
F1,packet,Matin2012_state_007,Matin2012_state_007::MEAH+,Matin2012,species,true-species-liquid-mole-fraction,MEAH+,293.15,0.24090481809636194,0.0257,0.027336210384492538,0.4583222365525315,0.061721219124977154,0.10502963625925733,66ff7715958e9d22e77bd129faf7f67822204e3285b50993bf3f67d72c3b9778
F1,packet,Matin2012_state_007,Matin2012_state_007::MEACOO-,Matin2012,species,true-species-liquid-mole-fraction,MEACOO-,293.15,0.24090481809636194,0.0252,0.026333562684369375,0.32203485351402694,0.044000278776620654,0.05185322343890039,66ff7715958e9d22e77bd129faf7f67822204e3285b50993bf3f67d72c3b9778
F1,packet,Matin2012_state_007,Matin2012_state_007::HCO3-,Matin2012,species,true-species-liquid-mole-fraction-linear-aggregate,HCO3-,293.15,0.24090481809636194,0.0023,0.0007111673705314163,-1.2917338450964095,-1.1737565982253046,0.8342881632837775,66ff7715958e9d22e77bd129faf7f67822204e3285b50993bf3f67d72c3b9778
F1,packet,Matin2012_state_008,Matin2012_state_008::MEA,Matin2012,species,true-species-liquid-mole-fraction,MEA,293.15,0.26390527810556214,0.0568,0.05346100868046028,-0.4998489999310958,-0.060583747247074715,0.12492451136605832,66ff7715958e9d22e77bd129faf7f67822204e3285b50993bf3f67d72c3b9778
F1,packet,Matin2012_state_008,Matin2012_state_008::MEAH+,Matin2012,species,true-species-liquid-mole-fraction,MEAH+,293.15,0.26390527810556214,0.0281,0.029998154215660423,0.4982032062100847,0.06536627728499174,0.12410321733900408,66ff7715958e9d22e77bd129faf7f67822204e3285b50993bf3f67d72c3b9778
F1,packet,Matin2012_state_008,Matin2012_state_008::MEACOO-,Matin2012,species,true-species-liquid-mole-fraction,MEACOO-,293.15,0.26390527810556214,0.0276,0.028759703502104175,0.3084317824745148,0.04115945069218285,0.04756508222020321,66ff7715958e9d22e77bd129faf7f67822204e3285b50993bf3f67d72c3b9778
F1,packet,Matin2012_state_008,Matin2012_state_008::HCO3-,Matin2012,species,true-species-liquid-mole-fraction-linear-aggregate,HCO3-,293.15,0.26390527810556214,0.0026,0.0008660550462233157,-1.376146788711654,-1.099318253698966,0.9468899920406989,66ff7715958e9d22e77bd129faf7f67822204e3285b50993bf3f67d72c3b9778
F1,packet,Matin2012_state_009,Matin2012_state_009::MEA,Matin2012,species,true-species-liquid-mole-fraction,MEA,293.15,0.2869057381147623,0.0518,0.048385064476812664,-0.552578563622546,-0.0681989683548793,0.15267153448757806,66ff7715958e9d22e77bd129faf7f67822204e3285b50993bf3f67d72c3b9778
F1,packet,Matin2012_state_009,Matin2012_state_009::MEAH+,Matin2012,species,true-species-liquid-mole-fraction,MEAH+,293.15,0.2869057381147623,0.0304,0.032679504718694116,0.5642338412609198,0.07230550597806439,0.15917991381202642,66ff7715958e9d22e77bd129faf7f67822204e3285b50993bf3f67d72c3b9778
F1,packet,Matin2012_state_009,Matin2012_state_009::MEACOO-,Matin2012,species,true-species-liquid-mole-fraction,MEACOO-,293.15,0.2869057381147623,0.0299,0.031154296416876923,0.3143600042298054,0.04109368203132717,0.049411106129681644,66ff7715958e9d22e77bd129faf7f67822204e3285b50993bf3f67d72c3b9778
F1,packet,Matin2012_state_009,Matin2012_state_009::HCO3-,Matin2012,species,true-species-liquid-mole-fraction-linear-aggregate,HCO3-,293.15,0.2869057381147623,0.003,0.0010524888308838585,-1.4980855147047243,-1.0474546141368506,1.1221301046840593,66ff7715958e9d22e77bd129faf7f67822204e3285b50993bf3f67d72c3b9778
F1,packet,Matin2012_state_010,Matin2012_state_010::MEA,Matin2012,species,true-species-liquid-mole-fraction,MEA,293.15,0.3099061981239625,0.0469,0.043324886134904865,-0.6283152662733097,-0.07929046801547468,0.19739003691605003,66ff7715958e9d22e77bd129faf7f67822204e3285b50993bf3f67d72c3b9778
F1,packet,Matin2012_state_010,Matin2012_state_010::MEAH+,Matin2012,species,true-species-liquid-mole-fraction,MEAH+,293.15,0.3099061981239625,0.0327,0.03538433116234328,0.6286489841553355,0.07889402171757728,0.19759977263976766,66ff7715958e9d22e77bd129faf7f67822204e3285b50993bf3f67d72c3b9778
F1,packet,Matin2012_state_010,Matin2012_state_010::MEACOO-,Matin2012,species,true-species-liquid-mole-fraction,MEACOO-,293.15,0.3099061981239625,0.0321,0.033509647251097806,0.33483307627026343,0.04297734488215842,0.056056594482304024,66ff7715958e9d22e77bd129faf7f67822204e3285b50993bf3f67d72c3b9778
F1,packet,Matin2012_state_010,Matin2012_state_010::HCO3-,Matin2012,species,true-species-liquid-mole-fraction-linear-aggregate,HCO3-,293.15,0.3099061981239625,0.0034,0.001278162093564844,-1.58346112420534,-0.9783522499341876,1.2536745659348196,66ff7715958e9d22e77bd129faf7f67822204e3285b50993bf3f67d72c3b9778
F1,packet,Matin2012_state_011,Matin2012_state_011::MEA,Matin2012,species,true-species-liquid-mole-fraction,MEA,293.15,0.33390667813356273,0.0419,0.038067345706826,-0.7384690352936409,-0.09592898035057067,0.2726682580437604,66ff7715958e9d22e77bd129faf7f67822204e3285b50993bf3f67d72c3b9778
F1,packet,Matin2012_state_011,Matin2012_state_011::MEAH+,Matin2012,species,true-species-liquid-mole-fraction,MEAH+,293.15,0.33390667813356273,0.0349,0.0382367618942615,0.743154096717483,0.091310576892047,0.27613900573398903,66ff7715958e9d22e77bd129faf7f67822204e3285b50993bf3f67d72c3b9778
F1,packet,Matin2012_state_011,Matin2012_state_011::MEACOO-,Matin2012,species,true-species-liquid-mole-fraction,MEACOO-,293.15,0.33390667813356273,0.0342,0.0359147553853504,0.3879537070928497,0.04892258050226401,0.07525403942354231,66ff7715958e9d22e77bd129faf7f67822204e3285b50993bf3f67d72c3b9778
F1,packet,Matin2012_state_011,Matin2012_state_011::HCO3-,Matin2012,species,true-species-liquid-mole-fraction-linear-aggregate,HCO3-,293.15,0.33390667813356273,0.004,0.001566292268395109,-1.738362665432065,-0.9375831472518322,1.5109523782840366,66ff7715958e9d22e77bd129faf7f67822204e3285b50993bf3f67d72c3b9778
F1,packet,Matin2012_state_012,Matin2012_state_012::MEA,Matin2012,species,true-species-liquid-mole-fraction,MEA,293.15,0.3579071581431629,0.0371,0.03284242234319982,-0.9039443008068326,-0.12189592577624475,0.40855764948057677,66ff7715958e9d22e77bd129faf7f67822204e3285b50993bf3f67d72c3b9778
F1,packet,Matin2012_state_012,Matin2012_state_012::MEAH+,Matin2012,species,true-species-liquid-mole-fraction,MEAH+,293.15,0.3579071581431629,0.0372,0.04112533178430462,0.8316380898950477,0.1003155154773472,0.34581095628214176,66ff7715958e9d22e77bd129faf7f67822204e3285b50993bf3f67d72c3b9778
F1,packet,Matin2012_state_012,Matin2012_state_012::MEACOO-,Matin2012,species,true-species-liquid-mole-fraction,MEACOO-,293.15,0.3579071581431629,0.0362,0.03825110655146992,0.4439624570281201,0.05511337047256491,0.09855133162522269,66ff7715958e9d22e77bd129faf7f67822204e3285b50993bf3f67d72c3b9778
F1,packet,Matin2012_state_012,Matin2012_state_012::HCO3-,Matin2012,species,true-species-liquid-mole-fraction-linear-aggregate,HCO3-,293.15,0.3579071581431629,0.0046,0.0019231724262225576,-1.8334435436831797,-0.8720801756857536,1.680757613936768,66ff7715958e9d22e77bd129faf7f67822204e3285b50993bf3f67d72c3b9778
F1,packet,Matin2012_state_013,Matin2012_state_013::MEA,Matin2012,species,true-species-liquid-mole-fraction,MEA,293.15,0.3819076381527631,0.0322,0.02766620442705091,-1.0743591405092634,-0.15175484101743672,0.5771237813979015,66ff7715958e9d22e77bd129faf7f67822204e3285b50993bf3f67d72c3b9778
F1,packet,Matin2012_state_013,Matin2012_state_013::MEAH+,Matin2012,species,true-species-liquid-mole-fraction,MEAH+,293.15,0.3819076381527631,0.0394,0.04405527715765414,0.9423637970959796,0.1116793281686427,0.4440247630385763,66ff7715958e9d22e77bd129faf7f67822204e3285b50993bf3f67d72c3b9778
F1,packet,Matin2012_state_013,Matin2012_state_013::MEACOO-,Matin2012,species,true-species-liquid-mole-fraction,MEACOO-,293.15,0.3819076381527631,0.0381,0.04049737548646069,0.49841486205003976,0.06102288707660603,0.12420868735618008,66ff7715958e9d22e77bd129faf7f67822204e3285b50993bf3f67d72c3b9778
F1,packet,Matin2012_state_013,Matin2012_state_013::HCO3-,Matin2012,species,true-species-liquid-mole-fraction-linear-aggregate,HCO3-,293.15,0.3819076381527631,0.0053,0.0023701226195938603,-1.9149525362131632,-0.8047651285241546,1.833521607974613,66ff7715958e9d22e77bd129faf7f67822204e3285b50993bf3f67d72c3b9778
F1,packet,Matin2012_state_014,Matin2012_state_014::MEA,Matin2012,species,true-species-liquid-mole-fraction,MEA,293.15,0.4059081181623633,0.0274,0.022567670493446337,-1.292066712982263,-0.19402464041035142,0.8347181953983948,66ff7715958e9d22e77bd129faf7f67822204e3285b50993bf3f67d72c3b9778
F1,packet,Matin2012_state_014,Matin2012_state_014::MEAH+,Matin2012,species,true-species-liquid-mole-fraction,MEAH+,293.15,0.4059081181623633,0.0415,0.04702980547963872,1.0737486368230518,0.12508813262071722,0.5764680675396809,66ff7715958e9d22e77bd129faf7f67822204e3285b50993bf3f67d72c3b9778
F1,packet,Matin2012_state_014,Matin2012_state_014::MEACOO-,Matin2012,species,true-species-liquid-mole-fraction,MEACOO-,293.15,0.4059081181623633,0.04,0.0426213750068845,0.5242750013769004,0.06347643404655666,0.13743213853437447,66ff7715958e9d22e77bd129faf7f67822204e3285b50993bf3f67d72c3b9778
F1,packet,Matin2012_state_014,Matin2012_state_014::HCO3-,Matin2012,species,true-species-liquid-mole-fraction-linear-aggregate,HCO3-,293.15,0.4059081181623633,0.0061,0.002939318916245004,-1.9631559526428546,-0.7301108778074175,1.926990647198537,66ff7715958e9d22e77bd129faf7f67822204e3285b50993bf3f67d72c3b9778
F1,packet,Matin2012_state_015,Matin2012_state_015::MEA,Matin2012,species,true-species-liquid-mole-fraction,MEA,293.15,0.4309086181723635,0.0227,0.017400817838261216,-1.6205450035898423,-0.2658477171725219,1.313083054330001,66ff7715958e9d22e77bd129faf7f67822204e3285b50993bf3f67d72c3b9778
F1,packet,Matin2012_state_015,Matin2012_state_015::MEAH+,Matin2012,species,true-species-liquid-mole-fraction,MEAH+,293.15,0.4309086181723635,0.0436,0.05017244531795492,1.2262024846930826,0.1404088275943058,0.7517862667337447,66ff7715958e9d22e77bd129faf7f67822204e3285b50993bf3f67d72c3b9778
F1,packet,Matin2012_state_015,Matin2012_state_015::MEACOO-,Matin2012,species,true-species-liquid-mole-fraction,MEACOO-,293.15,0.4309086181723635,0.0417,0.044645575725106586,0.5697438539857997,0.06825408570467366,0.16230402957729614,66ff7715958e9d22e77bd129faf7f67822204e3285b50993bf3f67d72c3b9778
F1,packet,Matin2012_state_015,Matin2012_state_015::HCO3-,Matin2012,species,true-species-liquid-mole-fraction-linear-aggregate,HCO3-,293.15,0.4309086181723635,0.007,0.003720476445059303,-1.9291315029062923,-0.6320584123425244,1.8607741777527451,66ff7715958e9d22e77bd129faf7f67822204e3285b50993bf3f67d72c3b9778
F1,packet,Matin2012_state_016,Matin2012_state_016::MEA,Matin2012,species,true-species-liquid-mole-fraction,MEA,293.15,0.4549090981819637,0.0181,0.012704496175645232,-1.9201081225461814,-0.353955977882554,1.8434076011339107,66ff7715958e9d22e77bd129faf7f67822204e3285b50993bf3f67d72c3b9778
F1,packet,Matin2012_state_016,Matin2012_state_016::MEAH+,Matin2012,species,true-species-liquid-mole-fraction,MEAH+,293.15,0.4549090981819637,0.0457,0.05321179229077154,1.3486162101923773,0.15218173348554886,0.9093828411968252,66ff7715958e9d22e77bd129faf7f67822204e3285b50993bf3f67d72c3b9778
F1,packet,Matin2012_state_016,Matin2012_state_016::MEACOO-,Matin2012,species,true-species-liquid-mole-fraction,MEACOO-,293.15,0.4549090981819637,0.0433,0.04630252482920967,0.5633254839042539,0.06704385654530472,0.1586678004079809,66ff7715958e9d22e77bd129faf7f67822204e3285b50993bf3f67d72c3b9778
F1,packet,Matin2012_state_016,Matin2012_state_016::HCO3-,Matin2012,species,true-species-liquid-mole-fraction-linear-aggregate,HCO3-,293.15,0.4549090981819637,0.008,0.0047565398344501224,-1.8019223141943765,-0.5199210633106738,1.6234620131958086,66ff7715958e9d22e77bd129faf7f67822204e3285b50993bf3f67d72c3b9778
F1,packet,Matin2012_state_017,Matin2012_state_017::MEA,Matin2012,species,true-species-liquid-mole-fraction,MEA,293.15,0.4799095981919638,0.0135,0.008374808394919782,-2.1809325979064758,-0.4774614862134976,2.3782334983055446,66ff7715958e9d22e77bd129faf7f67822204e3285b50993bf3f67d72c3b9778
F1,packet,Matin2012_state_017,Matin2012_state_017::MEAH+,Matin2012,species,true-species-liquid-mole-fraction,MEAH+,293.15,0.4799095981919638,0.0477,0.05633778446444628,1.4970163716544684,0.16643403940098217,1.1205290085007549,66ff7715958e9d22e77bd129faf7f67822204e3285b50993bf3f67d72c3b9778
F1,packet,Matin2012_state_017,Matin2012_state_017::MEACOO-,Matin2012,species,true-species-liquid-mole-fraction,MEACOO-,293.15,0.4799095981919638,0.0448,0.047506149809983224,0.4938229580261358,0.0586510329230372,0.12193055693684134,66ff7715958e9d22e77bd129faf7f67822204e3285b50993bf3f67d72c3b9778
F1,packet,Matin2012_state_017,Matin2012_state_017::HCO3-,Matin2012,species,true-species-liquid-mole-fraction-linear-aggregate,HCO3-,293.15,0.4799095981919638,0.0091,0.006357721923584497,-1.4357476839871743,-0.35860428845110426,1.0306857060372676,66ff7715958e9d22e77bd129faf7f67822204e3285b50993bf3f67d72c3b9778
F1,packet,Matin2012_state_018,Matin2012_state_018::MEA,Matin2012,species,true-species-liquid-mole-fraction,MEA,293.15,0.5049100982019641,0.009,0.005106171269465258,-2.049383542386706,-0.5667747162934853,2.099986451902742,66ff7715958e9d22e77bd129faf7f67822204e3285b50993bf3f67d72c3b9778
F1,packet,Matin2012_state_018,Matin2012_state_018::MEAH+,Matin2012,species,true-species-liquid-mole-fraction,MEAH+,293.15,0.5049100982019641,0.0496,0.05929899884315932,1.6273487991878055,0.17860158921559738,1.3241320571089963,66ff7715958e9d22e77bd129faf7f67822204e3285b50993bf3f67d72c3b9778
F1,packet,Matin2012_state_018,Matin2012_state_018::MEACOO-,Matin2012,species,true-species-liquid-mole-fraction,MEACOO-,293.15,0.5049100982019641,0.0462,0.04781335829134326,0.28707442906463776,0.034325264529433935,0.041205863911393865,66ff7715958e9d22e77bd129faf7f67822204e3285b50993bf3f67d72c3b9778
F1,packet,Matin2012_state_018,Matin2012_state_018::HCO3-,Matin2012,species,true-species-liquid-mole-fraction-linear-aggregate,HCO3-,293.15,0.5049100982019641,0.0102,0.008853964452408616,-0.6663542314808834,-0.14152240085070122,0.22201398090623933,66ff7715958e9d22e77bd129faf7f67822204e3285b50993bf3f67d72c3b9778
F1,packet,Matin2012_state_019,Matin2012_state_019::MEA,Matin2012,species,true-species-liquid-mole-fraction,MEA,293.15,0.5309106182123643,0.0046,0.0030838445981486175,-1.0384626040077962,-0.3998792387689471,0.5392022899613265,66ff7715958e9d22e77bd129faf7f67822204e3285b50993bf3f67d72c3b9778
F1,packet,Matin2012_state_019,Matin2012_state_019::MEAH+,Matin2012,species,true-species-liquid-mole-fraction,MEAH+,293.15,0.5309106182123643,0.0515,0.06212284726122062,1.7272922375968498,0.18753202441586206,1.4917692370311662,66ff7715958e9d22e77bd129faf7f67822204e3285b50993bf3f67d72c3b9778
F1,packet,Matin2012_state_019,Matin2012_state_019::MEACOO-,Matin2012,species,true-species-liquid-mole-fraction,MEACOO-,293.15,0.5309106182123643,0.0475,0.047011213059613345,-0.0850064244150705,-0.010343562048748148,0.0036130460959175473,66ff7715958e9d22e77bd129faf7f67822204e3285b50993bf3f67d72c3b9778
F1,packet,Matin2012_state_019,Matin2012_state_019::HCO3-,Matin2012,species,true-species-liquid-mole-fraction-linear-aggregate,HCO3-,293.15,0.5309106182123643,0.0114,0.012567904379295922,0.5457497099513653,0.09753293725657543,0.14892137295599966,66ff7715958e9d22e77bd129faf7f67822204e3285b50993bf3f67d72c3b9778
F2,packet,Bottinger2008_state_030,Bottinger2008_state_030::MEA + MEAH+,Bottinger2008,species,true-species-liquid-mole-fraction-linear-aggregate,MEA + MEAH+,293.15,0.0749014980299606,0.1054,0.1041805298273354,-0.10567332518757289,-0.011637378111697102,0.005583425828099263,ce5489a603434ea513df9876f6aa6dceffde617a93807d9c516ce60b86cc2452
F2,packet,Bottinger2008_state_030,Bottinger2008_state_030::MEACOO-,Bottinger2008,species,true-species-liquid-mole-fraction,MEACOO-,293.15,0.0749014980299606,0.0086,0.00803833894996614,-0.3019683064698174,-0.06753973967586603,0.04559242905612479,ce5489a603434ea513df9876f6aa6dceffde617a93807d9c516ce60b86cc2452
F2,packet,Bottinger2008_state_031,Bottinger2008_state_031::MEA + MEAH+,Bottinger2008,species,true-species-liquid-mole-fraction-linear-aggregate,MEA + MEAH+,293.15,0.1499029980599612,0.0966,0.09621729429216581,-0.03590109829589034,-0.003969625357445035,0.0006444444294255901,ce5489a603434ea513df9876f6aa6dceffde617a93807d9c516ce60b86cc2452
F2,packet,Bottinger2008_state_031,Bottinger2008_state_031::MEACOO-,Bottinger2008,species,true-species-liquid-mole-fraction,MEACOO-,293.15,0.1499029980599612,0.0171,0.01600157408291768,-0.4053232166355424,-0.06639136592549066,0.0821434549718914,ce5489a603434ea513df9876f6aa6dceffde617a93807d9c516ce60b86cc2452
F2,packet,Bottinger2008_state_032,Bottinger2008_state_032::MEA + MEAH+,Bottinger2008,species,true-species-liquid-mole-fraction-linear-aggregate,MEA + MEAH+,293.15,0.2349046980939619,0.0871,0.08736701183643039,0.027498644328567943,0.003060888612582667,0.00037808771995454096,ce5489a603434ea513df9876f6aa6dceffde617a93807d9c516ce60b86cc2452
F2,packet,Bottinger2008_state_032,Bottinger2008_state_032::MEACOO-,Bottinger2008,species,true-species-liquid-mole-fraction,MEACOO-,293.15,0.2349046980939619,0.0267,0.024851855148265795,-0.5035817034698111,-0.07173116179627212,0.1267972660347784,ce5489a603434ea513df9876f6aa6dceffde617a93807d9c516ce60b86cc2452
F2,packet,Bottinger2008_state_033,Bottinger2008_state_033::MEA + MEAH+,Bottinger2008,species,true-species-liquid-mole-fraction-linear-aggregate,MEA + MEAH+,293.15,0.30890617812356247,0.078,0.07991036461514364,0.21708688808450477,0.02419673750884093,0.02356335848910715,ce5489a603434ea513df9876f6aa6dceffde617a93807d9c516ce60b86cc2452
F2,packet,Bottinger2008_state_033,Bottinger2008_state_033::MEACOO-,Bottinger2008,species,true-species-liquid-mole-fraction,MEACOO-,293.15,0.30890617812356247,0.0349,0.0323084984499325,-0.5771718374315148,-0.0771565236820806,0.16656366496203548,ce5489a603434ea513df9876f6aa6dceffde617a93807d9c516ce60b86cc2452
F2,packet,Bottinger2008_state_034,Bottinger2008_state_034::MEA + MEAH+,Bottinger2008,species,true-species-liquid-mole-fraction-linear-aggregate,MEA + MEAH+,293.15,0.38790775815516315,0.0678,0.072486051299514,0.6023202184465305,0.06683195253504744,0.18139482277473812,ce5489a603434ea513df9876f6aa6dceffde617a93807d9c516ce60b86cc2452
F2,packet,Bottinger2008_state_034,Bottinger2008_state_034::MEACOO-,Bottinger2008,species,true-species-liquid-mole-fraction,MEACOO-,293.15,0.38790775815516315,0.043,0.03973279396503756,-0.6164539688608373,-0.07902322452799036,0.19000774786213906,ce5489a603434ea513df9876f6aa6dceffde617a93807d9c516ce60b86cc2452
F2,packet,Bottinger2008_state_035,Bottinger2008_state_035::MEA + MEAH+,Bottinger2008,species,true-species-liquid-mole-fraction-linear-aggregate,MEA + MEAH+,293.15,0.4739094781895638,0.062,0.06659657033778557,0.6384125469146626,0.07151869474561913,0.20378529002903317,ce5489a603434ea513df9876f6aa6dceffde617a93807d9c516ce60b86cc2452
F2,packet,Bottinger2008_state_035,Bottinger2008_state_035::MEACOO-,Bottinger2008,species,true-species-liquid-mole-fraction,MEACOO-,293.15,0.4739094781895638,0.0493,0.04562208343071607,-0.620222018428993,-0.0775321959954894,0.1923376760720671,ce5489a603434ea513df9876f6aa6dceffde617a93807d9c516ce60b86cc2452
F2,packet,Bottinger2008_state_042,Bottinger2008_state_042::MEA + MEAH+,Bottinger2008,species,true-species-liquid-mole-fraction-linear-aggregate,MEA + MEAH+,313.15,0.124902498049961,0.1009,0.09881312689215127,-0.18817611432360076,-0.02089946815040188,0.017705125000964432,ce5489a603434ea513df9876f6aa6dceffde617a93807d9c516ce60b86cc2452
F2,packet,Bottinger2008_state_042,Bottinger2008_state_042::MEACOO-,Bottinger2008,species,true-species-liquid-mole-fraction,MEACOO-,313.15,0.124902498049961,0.0144,0.01340573980429398,-0.407483686764762,-0.07154524773399361,0.08302147748970133,ce5489a603434ea513df9876f6aa6dceffde617a93807d9c516ce60b86cc2452
F2,packet,Bottinger2008_state_043,Bottinger2008_state_043::MEA + MEAH+,Bottinger2008,species,true-species-liquid-mole-fraction-linear-aggregate,MEA + MEAH+,313.15,0.20490409808196164,0.0934,0.09037518719314476,-0.2925350877036013,-0.03292159346457195,0.042788388768876855,ce5489a603434ea513df9876f6aa6dceffde617a93807d9c516ce60b86cc2452
F2,packet,Bottinger2008_state_043,Bottinger2008_state_043::MEACOO-,Bottinger2008,species,true-species-liquid-mole-fraction,MEACOO-,313.15,0.20490409808196164,0.0241,0.021843673740940105,-0.661679254856274,-0.09830049218438011,0.218909718153577,ce5489a603434ea513df9876f6aa6dceffde617a93807d9c516ce60b86cc2452
F2,packet,Bottinger2008_state_044,Bottinger2008_state_044::MEA + MEAH+,Bottinger2008,species,true-species-liquid-mole-fraction-linear-aggregate,MEA + MEAH+,313.15,0.2359047180943619,0.0876,0.08715725353027146,-0.04536336780005548,-0.005066999029315813,0.0010289175690815552,ce5489a603434ea513df9876f6aa6dceffde617a93807d9c516ce60b86cc2452
F2,packet,Bottinger2008_state_044,Bottinger2008_state_044::MEACOO-,Bottinger2008,species,true-species-liquid-mole-fraction,MEACOO-,313.15,0.2359047180943619,0.0271,0.02506160285368443,-0.5494331930769725,-0.07819681982129079,0.15093841682737885,ce5489a603434ea513df9876f6aa6dceffde617a93807d9c516ce60b86cc2452
F2,packet,Bottinger2008_state_045,Bottinger2008_state_045::MEA + MEAH+,Bottinger2008,species,true-species-liquid-mole-fraction-linear-aggregate,MEA + MEAH+,313.15,0.2799055981119623,0.084,0.08266558631958931,-0.14195890217135024,-0.016013410146483026,0.010076164952847494,ce5489a603434ea513df9876f6aa6dceffde617a93807d9c516ce60b86cc2452
F2,packet,Bottinger2008_state_045,Bottinger2008_state_045::MEACOO-,Bottinger2008,species,true-species-liquid-mole-fraction,MEACOO-,313.15,0.2799055981119623,0.0327,0.029553258822545954,-0.7369417277409943,-0.10118105848883274,0.2715415550429409,ce5489a603434ea513df9876f6aa6dceffde617a93807d9c516ce60b86cc2452
F2,packet,Bottinger2008_state_046,Bottinger2008_state_046::MEA + MEAH+,Bottinger2008,species,true-species-liquid-mole-fraction-linear-aggregate,MEA + MEAH+,313.15,0.34290685813716276,0.0758,0.07648547779879197,0.07989251734172108,0.00900259746812753,0.0031914071635986015,ce5489a603434ea513df9876f6aa6dceffde617a93807d9c516ce60b86cc2452
F2,packet,Bottinger2008_state_046,Bottinger2008_state_046::MEACOO-,Bottinger2008,species,true-species-liquid-mole-fraction,MEACOO-,313.15,0.34290685813716276,0.0396,0.035733327758168607,-0.7795710164982653,-0.10274531431325619,0.3038654848820693,ce5489a603434ea513df9876f6aa6dceffde617a93807d9c516ce60b86cc2452
F2,packet,Bottinger2008_state_047,Bottinger2008_state_047::MEA + MEAH+,Bottinger2008,species,true-species-liquid-mole-fraction-linear-aggregate,MEA + MEAH+,313.15,0.3539070781415628,0.0749,0.0754541077622623,0.06526593195080176,0.007370736711172849,0.0021298209367033426,ce5489a603434ea513df9876f6aa6dceffde617a93807d9c516ce60b86cc2452
F2,packet,Bottinger2008_state_047,Bottinger2008_state_047::MEACOO-,Bottinger2008,species,true-species-liquid-mole-fraction,MEACOO-,313.15,0.3539070781415628,0.041,0.036764684832320184,-0.8304539544470231,-0.10903433358517733,0.34482688522834914,ce5489a603434ea513df9876f6aa6dceffde617a93807d9c516ce60b86cc2452
F2,packet,Bottinger2008_state_048,Bottinger2008_state_048::MEA + MEAH+,Bottinger2008,species,true-species-liquid-mole-fraction-linear-aggregate,MEA + MEAH+,313.15,0.4599091981839637,0.065,0.06742393010910214,0.32319068121361794,0.03661273113777403,0.05222610821166121,ce5489a603434ea513df9876f6aa6dceffde617a93807d9c516ce60b86cc2452
F2,packet,Bottinger2008_state_048,Bottinger2008_state_048::MEACOO-,Bottinger2008,species,true-species-liquid-mole-fraction,MEACOO-,313.15,0.4599091981839637,0.0492,0.04479420831109612,-0.7442215690716009,-0.09381477120471925,0.27693287193569777,ce5489a603434ea513df9876f6aa6dceffde617a93807d9c516ce60b86cc2452
F2,packet,Bottinger2008_state_049,Bottinger2008_state_049::MEA + MEAH+,Bottinger2008,species,true-species-liquid-mole-fraction-linear-aggregate,MEA + MEAH+,313.15,0.4659093181863638,0.0663,0.06716968975122692,0.11398292938753876,0.013032203217080169,0.006496054095882324,ce5489a603434ea513df9876f6aa6dceffde617a93807d9c516ce60b86cc2452
F2,packet,Bottinger2008_state_049,Bottinger2008_state_049::MEACOO-,Bottinger2008,species,true-species-liquid-mole-fraction,MEACOO-,313.15,0.4659093181863638,0.0502,0.04504832099778218,-0.8557606315976449,-0.10827931308743413,0.3661631292962001,ce5489a603434ea513df9876f6aa6dceffde617a93807d9c516ce60b86cc2452
F2,packet,Bottinger2008_state_049,Bottinger2008_state_049::HCO3-,Bottinger2008,species,true-species-liquid-mole-fraction-linear-aggregate,HCO3-,313.15,0.4659093181863638,0.004,0.007237625006206047,2.3125892901471765,0.5929987536447159,2.674034612451711,ce5489a603434ea513df9876f6aa6dceffde617a93807d9c516ce60b86cc2452
F2,packet,Bottinger2008_state_050,Bottinger2008_state_050::MEA + MEAH+,Bottinger2008,species,true-species-liquid-mole-fraction-linear-aggregate,MEA + MEAH+,313.15,0.4869097381947639,0.0646,0.06658254327629975,0.2657564713538539,0.030228019431707047,0.03531325103322588,ce5489a603434ea513df9876f6aa6dceffde617a93807d9c516ce60b86cc2452
F2,packet,Bottinger2008_state_050,Bottinger2008_state_050::MEACOO-,Bottinger2008,species,true-species-liquid-mole-fraction,MEACOO-,313.15,0.4869097381947639,0.0511,0.045634780988147126,-0.8944711967025979,-0.11311433046024215,0.4000393608652888,ce5489a603434ea513df9876f6aa6dceffde617a93807d9c516ce60b86cc2452
F2,packet,Bottinger2008_state_050,Bottinger2008_state_050::HCO3-,Bottinger2008,species,true-species-liquid-mole-fraction-linear-aggregate,HCO3-,313.15,0.4869097381947639,0.0052,0.009001291551625797,2.5008497050169716,0.5487094471890742,3.1271246235417367,ce5489a603434ea513df9876f6aa6dceffde617a93807d9c516ce60b86cc2452
F2,packet,Bottinger2008_state_055,Bottinger2008_state_055::MEA + MEAH+,Bottinger2008,species,true-species-liquid-mole-fraction-linear-aggregate,MEA + MEAH+,333.15,0.13090261805236106,0.0974,0.0982144848822611,0.07583658121611749,0.008327497726980396,0.0028755935252743918,ce5489a603434ea513df9876f6aa6dceffde617a93807d9c516ce60b86cc2452
F2,packet,Bottinger2008_state_055,Bottinger2008_state_055::MEACOO-,Bottinger2008,species,true-species-liquid-mole-fraction,MEACOO-,333.15,0.13090261805236106,0.0147,0.01400436982422721,-0.2816316501104411,-0.04847808257001701,0.039658193171964964,ce5489a603434ea513df9876f6aa6dceffde617a93807d9c516ce60b86cc2452
F2,packet,Bottinger2008_state_056,Bottinger2008_state_056::MEA + MEAH+,Bottinger2008,species,true-species-liquid-mole-fraction-linear-aggregate,MEA + MEAH+,333.15,0.20290405808116166,0.0905,0.09065371245894824,0.015294772034650827,0.0016970394230627463,0.0001169650257959685,ce5489a603434ea513df9876f6aa6dceffde617a93807d9c516ce60b86cc2452
F2,packet,Bottinger2008_state_056,Bottinger2008_state_056::MEACOO-,Bottinger2008,species,true-species-liquid-mole-fraction,MEACOO-,333.15,0.20290405808116166,0.0231,0.02156511215509731,-0.46371233984975474,-0.06875578664863856,0.10751456706446721,ce5489a603434ea513df9876f6aa6dceffde617a93807d9c516ce60b86cc2452
F2,packet,Bottinger2008_state_057,Bottinger2008_state_057::MEA + MEAH+,Bottinger2008,species,true-species-liquid-mole-fraction-linear-aggregate,MEA + MEAH+,333.15,0.27690553811076224,0.0791,0.08308899704197398,0.447698882376428,0.04919941208754824,0.10021714464055137,ce5489a603434ea513df9876f6aa6dceffde617a93807d9c516ce60b86cc2452
F2,packet,Bottinger2008_state_057,Bottinger2008_state_057::MEACOO-,Bottinger2008,species,true-species-liquid-mole-fraction,MEACOO-,333.15,0.27690553811076224,0.0302,0.02912974380315699,-0.26623288478681906,-0.03608214839642335,0.035439974470955836,ce5489a603434ea513df9876f6aa6dceffde617a93807d9c516ce60b86cc2452
F2,packet,Bottinger2008_state_058,Bottinger2008_state_058::MEA + MEAH+,Bottinger2008,species,true-species-liquid-mole-fraction-linear-aggregate,MEA + MEAH+,333.15,0.4149082981659633,0.0687,0.07066440924087904,0.2496072733010215,0.028192841560814308,0.031151895442385422,ce5489a603434ea513df9876f6aa6dceffde617a93807d9c516ce60b86cc2452
F2,packet,Bottinger2008_state_058,Bottinger2008_state_058::MEACOO-,Bottinger2008,species,true-species-liquid-mole-fraction,MEACOO-,333.15,0.4149082981659633,0.0417,0.041553181399312994,-0.02839818195106519,-0.0035270424606376263,0.00040322836906290236,ce5489a603434ea513df9876f6aa6dceffde617a93807d9c516ce60b86cc2452
F2,packet,Bottinger2008_state_058,Bottinger2008_state_058::HCO3-,Bottinger2008,species,true-species-liquid-mole-fraction-linear-aggregate,HCO3-,333.15,0.4149082981659633,0.0042,0.005005728055537017,0.5674141236176177,0.17549834254052238,0.16097939384037455,ce5489a603434ea513df9876f6aa6dceffde617a93807d9c516ce60b86cc2452
F2,packet,Bottinger2008_state_059,Bottinger2008_state_059::MEA + MEAH+,Bottinger2008,species,true-species-liquid-mole-fraction-linear-aggregate,MEA + MEAH+,333.15,0.4889097781955639,0.068,0.06730361331102377,-0.08928034474054236,-0.010293780352637028,0.0039854899784950455,ce5489a603434ea513df9876f6aa6dceffde617a93807d9c516ce60b86cc2452
F2,packet,Bottinger2008_state_059,Bottinger2008_state_059::MEACOO-,Bottinger2008,species,true-species-liquid-mole-fraction,MEACOO-,333.15,0.4889097781955639,0.0424,0.044908127198455314,0.4786502287128461,0.05747042277768162,0.11455302072342995,ce5489a603434ea513df9876f6aa6dceffde617a93807d9c516ce60b86cc2452
F2,packet,Bottinger2008_state_059,Bottinger2008_state_059::HCO3-,Bottinger2008,species,true-species-liquid-mole-fraction-linear-aggregate,HCO3-,333.15,0.4889097781955639,0.0072,0.009899891814460672,1.569704543291088,0.31844280322657,1.2319861766143418,ce5489a603434ea513df9876f6aa6dceffde617a93807d9c516ce60b86cc2452
F2,packet,Bottinger2008_state_063,Bottinger2008_state_063::MEA + MEAH+,Bottinger2008,species,true-species-liquid-mole-fraction-linear-aggregate,MEA + MEAH+,353.15,0.06390127802556052,0.1084,0.10987487697528535,0.12456731210180341,0.013514147320309238,0.0077585076221340496,ce5489a603434ea513df9876f6aa6dceffde617a93807d9c516ce60b86cc2452
F2,packet,Bottinger2008_state_063,Bottinger2008_state_063::MEACOO-,Bottinger2008,species,true-species-liquid-mole-fraction,MEACOO-,353.15,0.06390127802556052,0.0068,0.007130864555176878,0.19694318760528487,0.047509870878767624,0.019393309572065216,ce5489a603434ea513df9876f6aa6dceffde617a93807d9c516ce60b86cc2452
F2,packet,Bottinger2008_state_064,Bottinger2008_state_064::MEA + MEAH+,Bottinger2008,species,true-species-liquid-mole-fraction-linear-aggregate,MEA + MEAH+,353.15,0.14090281805636112,0.1005,0.10138160837556302,0.07978356339936807,0.0087339702403269,0.003182708494350492,ce5489a603434ea513df9876f6aa6dceffde617a93807d9c516ce60b86cc2452
F2,packet,Bottinger2008_state_064,Bottinger2008_state_064::MEACOO-,Bottinger2008,species,true-species-liquid-mole-fraction,MEACOO-,353.15,0.14090281805636112,0.014,0.015624060967054902,0.6766920696062089,0.10975476609275665,0.2289560785339671,ce5489a603434ea513df9876f6aa6dceffde617a93807d9c516ce60b86cc2452
F2,packet,Bottinger2008_state_065,Bottinger2008_state_065::MEA + MEAH+,Bottinger2008,species,true-species-liquid-mole-fraction-linear-aggregate,MEA + MEAH+,353.15,0.24490489809796198,0.0906,0.09018417676430648,-0.041334317663371374,-0.004600225267968737,0.0008542629083482474,ce5489a603434ea513df9876f6aa6dceffde617a93807d9c516ce60b86cc2452
F2,packet,Bottinger2008_state_065,Bottinger2008_state_065::MEACOO-,Bottinger2008,species,true-species-liquid-mole-fraction,MEACOO-,353.15,0.24490489809796198,0.0224,0.02682116076565245,1.3645557918680404,0.18013019790880574,0.9310062545603074,ce5489a603434ea513df9876f6aa6dceffde617a93807d9c516ce60b86cc2452
F2,packet,Bottinger2008_state_066,Bottinger2008_state_066::MEA + MEAH+,Bottinger2008,species,true-species-liquid-mole-fraction-linear-aggregate,MEA + MEAH+,353.15,0.33590671813436274,0.0858,0.08098134774385804,-0.5029908409333989,-0.057800153105967714,0.12649989303144388,ce5489a603434ea513df9876f6aa6dceffde617a93807d9c516ce60b86cc2452
F2,packet,Bottinger2008_state_066,Bottinger2008_state_066::MEACOO-,Bottinger2008,species,true-species-liquid-mole-fraction,MEACOO-,353.15,0.33590671813436274,0.0337,0.03602283119212136,0.5315403185632397,0.06665509985924829,0.14126755512915518,ce5489a603434ea513df9876f6aa6dceffde617a93807d9c516ce60b86cc2452
F2,packet,Bottinger2008_state_067,Bottinger2008_state_067::MEA + MEAH+,Bottinger2008,species,true-species-liquid-mole-fraction-linear-aggregate,MEA + MEAH+,353.15,0.39790795815916324,0.0872,0.07553115054806459,-1.2004989148081704,-0.14365916971123066,0.7205988222277974,ce5489a603434ea513df9876f6aa6dceffde617a93807d9c516ce60b86cc2452
F2,packet,Bottinger2008_state_067,Bottinger2008_state_067::MEACOO-,Bottinger2008,species,true-species-liquid-mole-fraction,MEACOO-,353.15,0.39790795815916324,0.0336,0.04147013975781281,1.8050779261038556,0.21044757737780537,1.6291531596536983,ce5489a603434ea513df9876f6aa6dceffde617a93807d9c516ce60b86cc2452
F2,packet,Bottinger2008_state_067,Bottinger2008_state_067::HCO3-,Bottinger2008,species,true-species-liquid-mole-fraction-linear-aggregate,HCO3-,353.15,0.39790795815916324,0.0046,0.005058185956990985,0.31382599793903115,0.09495160900197705,0.04924337849121439,ce5489a603434ea513df9876f6aa6dceffde617a93807d9c516ce60b86cc2452
F2,packet,Matin2012_state_001,Matin2012_state_001::MEA,Matin2012,species,true-species-liquid-mole-fraction,MEA,293.15,0.10590211804236084,0.0915,0.08873727682411663,-0.27218947545648986,-0.030658913931201907,0.037043555274639546,ce5489a603434ea513df9876f6aa6dceffde617a93807d9c516ce60b86cc2452
F2,packet,Matin2012_state_001,Matin2012_state_001::MEAH+,Matin2012,species,true-species-liquid-mole-fraction,MEAH+,293.15,0.10590211804236084,0.0115,0.01213799695303975,0.2967427688556975,0.053993741017878606,0.04402813543407296,ce5489a603434ea513df9876f6aa6dceffde617a93807d9c516ce60b86cc2452
F2,packet,Matin2012_state_001,Matin2012_state_001::MEACOO-,Matin2012,species,true-species-liquid-mole-fraction,MEACOO-,293.15,0.10590211804236084,0.0097,0.011343594883131058,0.8343121234167806,0.15652737164795216,0.3480383596401087,ce5489a603434ea513df9876f6aa6dceffde617a93807d9c516ce60b86cc2452
F2,packet,Matin2012_state_001,Matin2012_state_001::HCO3-,Matin2012,species,true-species-liquid-mole-fraction-linear-aggregate,HCO3-,293.15,0.10590211804236084,0.0024,0.0005516031722156256,-1.4906426030519146,-1.470395119498645,1.111007685016694,ce5489a603434ea513df9876f6aa6dceffde617a93807d9c516ce60b86cc2452
F2,packet,Matin2012_state_002,Matin2012_state_002::MEA,Matin2012,species,true-species-liquid-mole-fraction,MEA,293.15,0.12790255805116105,0.0867,0.08387434813880851,-0.29220805182952336,-0.03313406034233524,0.04269277277700271,ce5489a603434ea513df9876f6aa6dceffde617a93807d9c516ce60b86cc2452
F2,packet,Matin2012_state_002,Matin2012_state_002::MEAH+,Matin2012,species,true-species-liquid-mole-fraction,MEAH+,293.15,0.12790255805116105,0.0139,0.014666603892317134,0.32075476665988895,0.053684225035059596,0.051441810167519905,ce5489a603434ea513df9876f6aa6dceffde617a93807d9c516ce60b86cc2452
F2,packet,Matin2012_state_002,Matin2012_state_002::MEACOO-,Matin2012,species,true-species-liquid-mole-fraction,MEACOO-,293.15,0.12790255805116105,0.0124,0.013677916507971608,0.5704984410587536,0.0980861259354193,0.16273423562523406,ce5489a603434ea513df9876f6aa6dceffde617a93807d9c516ce60b86cc2452
F2,packet,Matin2012_state_002,Matin2012_state_002::HCO3-,Matin2012,species,true-species-liquid-mole-fraction-linear-aggregate,HCO3-,293.15,0.12790255805116105,0.0022,0.0006860955624443858,-1.2409052766849296,-1.1651957174676133,0.7699229528522508,ce5489a603434ea513df9876f6aa6dceffde617a93807d9c516ce60b86cc2452
F2,packet,Matin2012_state_003,Matin2012_state_003::MEA,Matin2012,species,true-species-liquid-mole-fraction,MEA,293.15,0.1499029980599612,0.0817,0.07901594259523255,-0.2926998260378893,-0.033404364755882494,0.04283659408130533,ce5489a603434ea513df9876f6aa6dceffde617a93807d9c516ce60b86cc2452
F2,packet,Matin2012_state_003,Matin2012_state_003::MEAH+,Matin2012,species,true-species-liquid-mole-fraction,MEAH+,293.15,0.1499029980599612,0.0162,0.01720135169693325,0.38219530417299685,0.059976725524272974,0.07303662526594479,ce5489a603434ea513df9876f6aa6dceffde617a93807d9c516ce60b86cc2452
F2,packet,Matin2012_state_003,Matin2012_state_003::MEACOO-,Matin2012,species,true-species-liquid-mole-fraction,MEACOO-,293.15,0.1499029980599612,0.0151,0.016001574082917695,0.3591928617201968,0.05799235376224569,0.06450975595537221,ce5489a603434ea513df9876f6aa6dceffde617a93807d9c516ce60b86cc2452
F2,packet,Matin2012_state_003,Matin2012_state_003::HCO3-,Matin2012,species,true-species-liquid-mole-fraction-linear-aggregate,HCO3-,293.15,0.1499029980599612,0.002,0.0008312516092043364,-0.9739569923297197,-0.8779699316889763,0.4742961114539768,ce5489a603434ea513df9876f6aa6dceffde617a93807d9c516ce60b86cc2452
F2,packet,Matin2012_state_004,Matin2012_state_004::MEA,Matin2012,species,true-species-liquid-mole-fraction,MEA,293.15,0.17290345806916138,0.0768,0.07394258959818101,-0.3291947467533393,-0.03791566429141641,0.0541845906449976,ce5489a603434ea513df9876f6aa6dceffde617a93807d9c516ce60b86cc2452
F2,packet,Matin2012_state_004,Matin2012_state_004::MEAH+,Matin2012,species,true-species-liquid-mole-fraction,MEAH+,293.15,0.17290345806916138,0.0186,0.019858229611039755,0.4399404234404744,0.06545693047217986,0.09677378808849196,ce5489a603434ea513df9876f6aa6dceffde617a93807d9c516ce60b86cc2452
F2,packet,Matin2012_state_004,Matin2012_state_004::MEACOO-,Matin2012,species,true-species-liquid-mole-fraction,MEACOO-,293.15,0.17290345806916138,0.0177,0.018418048933131093,0.2592234415635712,0.03976646452610757,0.033598396328031105,ce5489a603434ea513df9876f6aa6dceffde617a93807d9c516ce60b86cc2452
F2,packet,Matin2012_state_004,Matin2012_state_004::HCO3-,Matin2012,species,true-species-liquid-mole-fraction-linear-aggregate,HCO3-,293.15,0.17290345806916138,0.002,0.000995808617446581,-0.8368261521278492,-0.6973473715789343,0.3501390044425511,ce5489a603434ea513df9876f6aa6dceffde617a93807d9c516ce60b86cc2452
F2,packet,Matin2012_state_005,Matin2012_state_005::MEA,Matin2012,species,true-species-liquid-mole-fraction,MEA,293.15,0.19490389807796157,0.0718,0.06909672536251206,-0.3304736720645407,-0.038377136236887974,0.05460642396391079,ce5489a603434ea513df9876f6aa6dceffde617a93807d9c516ce60b86cc2452
F2,packet,Matin2012_state_005,Matin2012_state_005::MEAH+,Matin2012,species,true-species-liquid-mole-fraction,MEAH+,293.15,0.19490389807796157,0.021,0.02240652698240394,0.453718381420625,0.06482986183678084,0.10293018481947587,ce5489a603434ea513df9876f6aa6dceffde617a93807d9c516ce60b86cc2452
F2,packet,Matin2012_state_005,Matin2012_state_005::MEACOO-,Matin2012,species,true-species-liquid-mole-fraction,MEACOO-,293.15,0.19490389807796157,0.0203,0.020715615495142538,0.13716683008004593,0.020266901574250103,0.009407369637104097,ce5489a603434ea513df9876f6aa6dceffde617a93807d9c516ce60b86cc2452
F2,packet,Matin2012_state_005,Matin2012_state_005::HCO3-,Matin2012,species,true-species-liquid-mole-fraction-linear-aggregate,HCO3-,293.15,0.19490389807796157,0.002,0.0011670544018365348,-0.6941213318028876,-0.538664211515549,0.2409022116319072,ce5489a603434ea513df9876f6aa6dceffde617a93807d9c516ce60b86cc2452
F2,packet,Matin2012_state_006,Matin2012_state_006::MEA,Matin2012,species,true-species-liquid-mole-fraction,MEA,293.15,0.21790435808716177,0.0668,0.06403957400504344,-0.35943046809330187,-0.04220184444989854,0.06459513069688505,ce5489a603434ea513df9876f6aa6dceffde617a93807d9c516ce60b86cc2452
F2,packet,Matin2012_state_006,Matin2012_state_006::MEAH+,Matin2012,species,true-species-liquid-mole-fraction,MEAH+,293.15,0.21790435808716177,0.0234,0.025078216669072496,0.5024600805606273,0.06926358517407034,0.12623306627849604,ce5489a603434ea513df9876f6aa6dceffde617a93807d9c516ce60b86cc2452
F2,packet,Matin2012_state_006,Matin2012_state_006::MEACOO-,Matin2012,species,true-species-liquid-mole-fraction,MEACOO-,293.15,0.21790435808716177,0.0228,0.02310107673407514,0.09179168721802995,0.013118692345778189,0.004212856921166321,ce5489a603434ea513df9876f6aa6dceffde617a93807d9c516ce60b86cc2452
F2,packet,Matin2012_state_006,Matin2012_state_006::HCO3-,Matin2012,species,true-species-liquid-mole-fraction-linear-aggregate,HCO3-,293.15,0.21790435808716177,0.0021,0.0013626231806395375,-0.6094023300499688,-0.4325256934518199,0.18568559993516556,ce5489a603434ea513df9876f6aa6dceffde617a93807d9c516ce60b86cc2452
F2,packet,Matin2012_state_007,Matin2012_state_007::MEA,Matin2012,species,true-species-liquid-mole-fraction,MEA,293.15,0.24090481809636194,0.0618,0.05899398847751256,-0.39080940424616145,-0.046467815960737395,0.07636599522361982,ce5489a603434ea513df9876f6aa6dceffde617a93807d9c516ce60b86cc2452
F2,packet,Matin2012_state_007,Matin2012_state_007::MEAH+,Matin2012,species,true-species-liquid-mole-fraction,MEAH+,293.15,0.24090481809636194,0.0257,0.027757889210553898,0.576439554777002,0.07702910376267066,0.16614128015575416,ce5489a603434ea513df9876f6aa6dceffde617a93807d9c516ce60b86cc2452
F2,packet,Matin2012_state_007,Matin2012_state_007::MEACOO-,Matin2012,species,true-species-liquid-mole-fraction,MEACOO-,293.15,0.24090481809636194,0.0252,0.02546698912024634,0.0758491818881646,0.010539074696605514,0.0028765491965519383,ce5489a603434ea513df9876f6aa6dceffde617a93807d9c516ce60b86cc2452
F2,packet,Matin2012_state_007,Matin2012_state_007::HCO3-,Matin2012,species,true-species-liquid-mole-fraction-linear-aggregate,HCO3-,293.15,0.24090481809636194,0.0023,0.0015777392546761056,-0.587203857986906,-0.37691615201254053,0.17240418541735322,ce5489a603434ea513df9876f6aa6dceffde617a93807d9c516ce60b86cc2452
F2,packet,Matin2012_state_008,Matin2012_state_008::MEA,Matin2012,species,true-species-liquid-mole-fraction,MEA,293.15,0.26390527810556214,0.0568,0.05396325452235172,-0.42466249665393463,-0.0512329825971564,0.09016911803217652,ce5489a603434ea513df9876f6aa6dceffde617a93807d9c516ce60b86cc2452
F2,packet,Matin2012_state_008,Matin2012_state_008::MEAH+,Matin2012,species,true-species-liquid-mole-fraction,MEAH+,293.15,0.26390527810556214,0.0281,0.03044569733282583,0.6156685912928688,0.08017510513337989,0.18952390715227274,ce5489a603434ea513df9876f6aa6dceffde617a93807d9c516ce60b86cc2452
F2,packet,Matin2012_state_008,Matin2012_state_008::MEACOO-,Matin2012,species,true-species-liquid-mole-fraction,MEACOO-,293.15,0.26390527810556214,0.0276,0.027809914108204725,0.05582822026721408,0.007576806996055172,0.0015583950891022865,ce5489a603434ea513df9876f6aa6dceffde617a93807d9c516ce60b86cc2452
F2,packet,Matin2012_state_008,Matin2012_state_008::HCO3-,Matin2012,species,true-species-liquid-mole-fraction-linear-aggregate,HCO3-,293.15,0.26390527810556214,0.0026,0.0018158404509382832,-0.6223488484616798,-0.358963026120863,0.19365904459078945,ce5489a603434ea513df9876f6aa6dceffde617a93807d9c516ce60b86cc2452
F2,packet,Matin2012_state_009,Matin2012_state_009::MEA,Matin2012,species,true-species-liquid-mole-fraction,MEA,293.15,0.2869057381147623,0.0518,0.048951946533813996,-0.46085007543462825,-0.056551015322373964,0.10619139601405127,ce5489a603434ea513df9876f6aa6dceffde617a93807d9c516ce60b86cc2452
F2,packet,Matin2012_state_009,Matin2012_state_009::MEAH+,Matin2012,species,true-species-liquid-mole-fraction,MEAH+,293.15,0.2869057381147623,0.0304,0.03314162304380593,0.6786195652984983,0.08634737775831831,0.23026225720296142,ce5489a603434ea513df9876f6aa6dceffde617a93807d9c516ce60b86cc2452
F2,packet,Matin2012_state_009,Matin2012_state_009::MEACOO-,Matin2012,species,true-species-liquid-mole-fraction,MEACOO-,293.15,0.2869057381147623,0.0299,0.03012529517374582,0.05646495582602008,0.007506709664791845,0.0015941456182171996,ce5489a603434ea513df9876f6aa6dceffde617a93807d9c516ce60b86cc2452
F2,packet,Matin2012_state_009,Matin2012_state_009::HCO3-,Matin2012,species,true-species-liquid-mole-fraction-linear-aggregate,HCO3-,293.15,0.2869057381147623,0.003,0.002081482154236537,-0.7065521890488177,-0.3655320745631215,0.2496079979248381,ce5489a603434ea513df9876f6aa6dceffde617a93807d9c516ce60b86cc2452
F2,packet,Matin2012_state_010,Matin2012_state_010::MEA,Matin2012,species,true-species-liquid-mole-fraction,MEA,293.15,0.3099061981239625,0.0469,0.043966599634006835,-0.5155360924416805,-0.06458742902279689,0.1328887313050185,ce5489a603434ea513df9876f6aa6dceffde617a93807d9c516ce60b86cc2452
F2,packet,Matin2012_state_010,Matin2012_state_010::MEAH+,Matin2012,species,true-species-liquid-mole-fraction,MEAH+,293.15,0.3099061981239625,0.0327,0.03584537625183255,0.7366220730287009,0.09183950598017104,0.27130603923655033,ce5489a603434ea513df9876f6aa6dceffde617a93807d9c516ce60b86cc2452
F2,packet,Matin2012_state_010,Matin2012_state_010::MEACOO-,Matin2012,species,true-species-liquid-mole-fraction,MEACOO-,293.15,0.3099061981239625,0.0321,0.03240688708613338,0.07289479480602942,0.009514934460538017,0.002656825554906567,ce5489a603434ea513df9876f6aa6dceffde617a93807d9c516ce60b86cc2452
F2,packet,Matin2012_state_010,Matin2012_state_010::HCO3-,Matin2012,species,true-species-liquid-mole-fraction-linear-aggregate,HCO3-,293.15,0.3099061981239625,0.0034,0.0023809077230674955,-0.7605166245764957,-0.3562936204049462,0.2891927681286133,ce5489a603434ea513df9876f6aa6dceffde617a93807d9c516ce60b86cc2452
F2,packet,Matin2012_state_011,Matin2012_state_011::MEA,Matin2012,species,true-species-liquid-mole-fraction,MEA,293.15,0.33390667813356273,0.0419,0.038802627772844704,-0.5967961902033324,-0.07679785648792839,0.17808284632060606,ce5489a603434ea513df9876f6aa6dceffde617a93807d9c516ce60b86cc2452
F2,packet,Matin2012_state_011,Matin2012_state_011::MEAH+,Matin2012,species,true-species-liquid-mole-fraction,MEAH+,293.15,0.33390667813356273,0.0349,0.03867423562133055,0.8405869980691648,0.10268680290108578,0.35329325066146505,ce5489a603434ea513df9876f6aa6dceffde617a93807d9c516ce60b86cc2452
F2,packet,Matin2012_state_011,Matin2012_state_011::MEACOO-,Matin2012,species,true-species-liquid-mole-fraction,MEACOO-,293.15,0.33390667813356273,0.0342,0.03474199674269868,0.12262369744313943,0.015723591854293464,0.0075182855873133,ce5489a603434ea513df9876f6aa6dceffde617a93807d9c516ce60b86cc2452
F2,packet,Matin2012_state_011,Matin2012_state_011::HCO3-,Matin2012,species,true-species-liquid-mole-fraction-linear-aggregate,HCO3-,293.15,0.33390667813356273,0.004,0.002739024566894764,-0.9006967379323116,-0.3786925015857219,0.40562730686095366,ce5489a603434ea513df9876f6aa6dceffde617a93807d9c516ce60b86cc2452
F2,packet,Matin2012_state_012,Matin2012_state_012::MEA,Matin2012,species,true-species-liquid-mole-fraction,MEA,293.15,0.3579071581431629,0.0371,0.033694234973653384,-0.7230923622816596,-0.09629021592010595,0.2614312821950355,ce5489a603434ea513df9876f6aa6dceffde617a93807d9c516ce60b86cc2452
F2,packet,Matin2012_state_012,Matin2012_state_012::MEAH+,Matin2012,species,true-species-liquid-mole-fraction,MEAH+,293.15,0.3579071581431629,0.0372,0.041509154858358425,0.9129565377878026,0.10960524062575956,0.4167448199447457,ce5489a603434ea513df9876f6aa6dceffde617a93807d9c516ce60b86cc2452
F2,packet,Matin2012_state_012,Matin2012_state_012::MEACOO-,Matin2012,species,true-species-liquid-mole-fraction,MEACOO-,293.15,0.3579071581431629,0.0362,0.03701546576427937,0.17650774118601084,0.022276700106670277,0.015577491349293895,ce5489a603434ea513df9876f6aa6dceffde617a93807d9c516ce60b86cc2452
F2,packet,Matin2012_state_012,Matin2012_state_012::HCO3-,Matin2012,species,true-species-liquid-mole-fraction-linear-aggregate,HCO3-,293.15,0.3579071581431629,0.0046,0.0031587661012230043,-0.9871465060116409,-0.37587482644768533,0.4872291121654953,ce5489a603434ea513df9876f6aa6dceffde617a93807d9c516ce60b86cc2452
F2,packet,Matin2012_state_013,Matin2012_state_013::MEA,Matin2012,species,true-species-liquid-mole-fraction,MEA,293.15,0.3819076381527631,0.0322,0.02866849040964136,-0.8368506138290615,-0.11616782804758585,0.35015947493303845,ce5489a603434ea513df9876f6aa6dceffde617a93807d9c516ce60b86cc2452
F2,packet,Matin2012_state_013,Matin2012_state_013::MEAH+,Matin2012,species,true-species-liquid-mole-fraction,MEAH+,293.15,0.3819076381527631,0.0394,0.04434700773383033,1.001418569601282,0.11827942081433053,0.5014195757711389,ce5489a603434ea513df9876f6aa6dceffde617a93807d9c516ce60b86cc2452
F2,packet,Matin2012_state_013,Matin2012_state_013::MEACOO-,Matin2012,species,true-species-liquid-mole-fraction,MEACOO-,293.15,0.3819076381527631,0.0381,0.0392033498073659,0.2293866543380249,0.02854791528229166,0.02630911859419626,ce5489a603434ea513df9876f6aa6dceffde617a93807d9c516ce60b86cc2452
F2,packet,Matin2012_state_013,Matin2012_state_013::HCO3-,Matin2012,species,true-species-liquid-mole-fraction-linear-aggregate,HCO3-,293.15,0.3819076381527631,0.0053,0.003664063542044049,-1.0692395150038896,-0.3691340316356372,0.5716365702228765,ce5489a603434ea513df9876f6aa6dceffde617a93807d9c516ce60b86cc2452
F2,packet,Matin2012_state_014,Matin2012_state_014::MEA,Matin2012,species,true-species-liquid-mole-fraction,MEA,293.15,0.4059081181623633,0.0274,0.02377077390215464,-0.9703813095843207,-0.1420861746152503,0.4708199429952906,ce5489a603434ea513df9876f6aa6dceffde617a93807d9c516ce60b86cc2452
F2,packet,Matin2012_state_014,Matin2012_state_014::MEAH+,Matin2012,species,true-species-liquid-mole-fraction,MEAH+,293.15,0.4059081181623633,0.0415,0.04718209315283528,1.1033190588029667,0.1283210110159797,0.6086564727589321,ce5489a603434ea513df9876f6aa6dceffde617a93807d9c516ce60b86cc2452
F2,packet,Matin2012_state_014,Matin2012_state_014::MEACOO-,Matin2012,species,true-species-liquid-mole-fraction,MEACOO-,293.15,0.4059081181623633,0.04,0.04126596718981987,0.2531934379639736,0.031158667158878134,0.03205345851400827,ce5489a603434ea513df9876f6aa6dceffde617a93807d9c516ce60b86cc2452
F2,packet,Matin2012_state_014,Matin2012_state_014::HCO3-,Matin2012,species,true-species-liquid-mole-fraction-linear-aggregate,HCO3-,293.15,0.4059081181623633,0.0061,0.004294570809192532,-1.121384590563645,-0.3509371487472352,0.6287516999767969,ce5489a603434ea513df9876f6aa6dceffde617a93807d9c516ce60b86cc2452
F2,packet,Matin2012_state_015,Matin2012_state_015::MEA,Matin2012,species,true-species-liquid-mole-fraction,MEA,293.15,0.4309086181723635,0.0227,0.018890344469383955,-1.1650322723596471,-0.18371400759843856,0.6786500978197415,ce5489a603434ea513df9876f6aa6dceffde617a93807d9c516ce60b86cc2452
F2,packet,Matin2012_state_015,Matin2012_state_015::MEAH+,Matin2012,species,true-species-liquid-mole-fraction,MEAH+,293.15,0.4309086181723635,0.0436,0.050121212232665205,1.2166440732584338,0.13938716598583867,0.7401114004974366,ce5489a603434ea513df9876f6aa6dceffde617a93807d9c516ce60b86cc2452
F2,packet,Matin2012_state_015,Matin2012_state_015::MEACOO-,Matin2012,species,true-species-liquid-mole-fraction,MEACOO-,293.15,0.4309086181723635,0.0417,0.043207249447950714,0.29153761082218826,0.035507163661723844,0.04249708926195485,ce5489a603434ea513df9876f6aa6dceffde617a93807d9c516ce60b86cc2452
F2,packet,Matin2012_state_015,Matin2012_state_015::HCO3-,Matin2012,species,true-species-liquid-mole-fraction-linear-aggregate,HCO3-,293.15,0.4309086181723635,0.007,0.005158496941046102,-1.0832370935022928,-0.3052649024901,0.5867013003696475,ce5489a603434ea513df9876f6aa6dceffde617a93807d9c516ce60b86cc2452
F2,packet,Matin2012_state_016,Matin2012_state_016::MEA,Matin2012,species,true-species-liquid-mole-fraction,MEA,293.15,0.4549090981819637,0.0181,0.01455951481820713,-1.2599591394280683,-0.21766721898379573,0.7937485165141591,ce5489a603434ea513df9876f6aa6dceffde617a93807d9c516ce60b86cc2452
F2,packet,Matin2012_state_016,Matin2012_state_016::MEAH+,Matin2012,species,true-species-liquid-mole-fraction,MEAH+,293.15,0.4549090981819637,0.0457,0.052910513633564346,1.294526684661463,0.1465037666528359,0.8378996686502993,ce5489a603434ea513df9876f6aa6dceffde617a93807d9c516ce60b86cc2452
F2,packet,Matin2012_state_016,Matin2012_state_016::MEACOO-,Matin2012,species,true-species-liquid-mole-fraction,MEACOO-,293.15,0.4549090981819637,0.0433,0.044748719870740306,0.271804853797431,0.032910203062813774,0.036938939273921424,ce5489a603434ea513df9876f6aa6dceffde617a93807d9c516ce60b86cc2452
F2,packet,Matin2012_state_016,Matin2012_state_016::HCO3-,Matin2012,species,true-species-liquid-mole-fraction-linear-aggregate,HCO3-,293.15,0.4549090981819637,0.008,0.006309736244503343,-0.9390354197203653,-0.23734766560361562,0.4408937597447013,ce5489a603434ea513df9876f6aa6dceffde617a93807d9c516ce60b86cc2452
F2,packet,Matin2012_state_017,Matin2012_state_017::MEA,Matin2012,species,true-species-liquid-mole-fraction,MEA,293.15,0.4799095981919638,0.0135,0.010651950155307873,-1.2119361041243093,-0.23694669687767247,0.7343945602400044,ce5489a603434ea513df9876f6aa6dceffde617a93807d9c516ce60b86cc2452
F2,packet,Matin2012_state_017,Matin2012_state_017::MEAH+,Matin2012,species,true-species-liquid-mole-fraction,MEAH+,293.15,0.4799095981919638,0.0477,0.05575224419197931,1.3955362551090655,0.1559862662003906,0.9737607196619175,ce5489a603434ea513df9876f6aa6dceffde617a93807d9c516ce60b86cc2452
F2,packet,Matin2012_state_017,Matin2012_state_017::MEACOO-,Matin2012,species,true-species-liquid-mole-fraction,MEACOO-,293.15,0.4799095981919638,0.0448,0.04581441367804171,0.18511198504410797,0.022390611316217904,0.017133223503485027,ce5489a603434ea513df9876f6aa6dceffde617a93807d9c516ce60b86cc2452
F2,packet,Matin2012_state_017,Matin2012_state_017::HCO3-,Matin2012,species,true-species-liquid-mole-fraction-linear-aggregate,HCO3-,293.15,0.4799095981919638,0.0091,0.008048193592342283,-0.5506839830668676,-0.12282674574023257,0.15162642460319506,ce5489a603434ea513df9876f6aa6dceffde617a93807d9c516ce60b86cc2452
F2,packet,Matin2012_state_018,Matin2012_state_018::MEA,Matin2012,species,true-species-liquid-mole-fraction,MEA,293.15,0.5049100982019641,0.009,0.007619466627184595,-0.7265965120081075,-0.16651820651999683,0.26397124563117397,ce5489a603434ea513df9876f6aa6dceffde617a93807d9c516ce60b86cc2452
F2,packet,Matin2012_state_018,Matin2012_state_018::MEAH+,Matin2012,species,true-species-liquid-mole-fraction,MEAH+,293.15,0.5049100982019641,0.0496,0.0584986003046752,1.493053742395168,0.16501199380487927,1.1146047388401084,ce5489a603434ea513df9876f6aa6dceffde617a93807d9c516ce60b86cc2452
F2,packet,Matin2012_state_018,Matin2012_state_018::MEACOO-,Matin2012,species,true-species-liquid-mole-fraction,MEACOO-,293.15,0.5049100982019641,0.0462,0.04610020305202838,-0.01775746405188916,-0.002162443495476394,0.0001576637647770679,ce5489a603434ea513df9876f6aa6dceffde617a93807d9c516ce60b86cc2452
F2,packet,Matin2012_state_018,Matin2012_state_018::HCO3-,Matin2012,species,true-species-liquid-mole-fraction-linear-aggregate,HCO3-,293.15,0.5049100982019641,0.0102,0.01056468636758726,0.18053780573626668,0.03512924435393496,0.016296949650032984,ce5489a603434ea513df9876f6aa6dceffde617a93807d9c516ce60b86cc2452
F2,packet,Matin2012_state_019,Matin2012_state_019::MEA,Matin2012,species,true-species-liquid-mole-fraction,MEA,293.15,0.5309106182123643,0.0046,0.005466008699715872,0.5931566436410081,0.1724923756150986,0.17591740194773292,ce5489a603434ea513df9876f6aa6dceffde617a93807d9c516ce60b86cc2452
F2,packet,Matin2012_state_019,Matin2012_state_019::MEAH+,Matin2012,species,true-species-liquid-mole-fraction,MEAH+,293.15,0.5309106182123643,0.0515,0.061253175222427445,1.5858821499882028,0.173433880777643,1.2575110968256022,ce5489a603434ea513df9876f6aa6dceffde617a93807d9c516ce60b86cc2452
F2,packet,Matin2012_state_019,Matin2012_state_019::MEACOO-,Matin2012,species,true-species-liquid-mole-fraction,MEACOO-,293.15,0.5309106182123643,0.0475,0.04549828713389702,-0.3481239767135623,-0.04305503120115376,0.060595151581432444,ce5489a603434ea513df9876f6aa6dceffde617a93807d9c516ce60b86cc2452
F2,packet,Matin2012_state_019,Matin2012_state_019::HCO3-,Matin2012,species,true-species-liquid-mole-fraction-linear-aggregate,HCO3-,293.15,0.5309106182123643,0.0114,0.014076733702836648,1.2508101415124517,0.2109099870849906,0.7822630050551997,ce5489a603434ea513df9876f6aa6dceffde617a93807d9c516ce60b86cc2452
F3,packet,Bottinger2008_state_030,Bottinger2008_state_030::MEA + MEAH+,Bottinger2008,species,true-species-liquid-mole-fraction-linear-aggregate,MEA + MEAH+,293.15,0.0749014980299606,0.1054,0.10488696271868918,-0.04445730340648317,-0.004879411377401568,0.00098822591308805,08303373245b0ffaeb973c65df34e6c3ed4efe5eefda80f9c519be34c4a5fa25
F3,packet,Bottinger2008_state_030,Bottinger2008_state_030::MEACOO-,Bottinger2008,species,true-species-liquid-mole-fraction,MEACOO-,293.15,0.0749014980299606,0.0086,0.007331906096541299,-0.6817709158380111,-0.15952668070972204,0.2324057908413002,08303373245b0ffaeb973c65df34e6c3ed4efe5eefda80f9c519be34c4a5fa25
F3,packet,Bottinger2008_state_031,Bottinger2008_state_031::MEA + MEAH+,Bottinger2008,species,true-species-liquid-mole-fraction-linear-aggregate,MEA + MEAH+,293.15,0.1499029980599612,0.0966,0.09735351848362699,0.07068653692560789,0.007770132562190441,0.0024982932512676637,08303373245b0ffaeb973c65df34e6c3ed4efe5eefda80f9c519be34c4a5fa25
F3,packet,Bottinger2008_state_031,Bottinger2008_state_031::MEACOO-,Bottinger2008,species,true-species-liquid-mole-fraction,MEACOO-,293.15,0.1499029980599612,0.0171,0.014865349992903565,-0.8245940985595703,-0.14004546257262115,0.3399777136896352,08303373245b0ffaeb973c65df34e6c3ed4efe5eefda80f9c519be34c4a5fa25
F3,packet,Bottinger2008_state_032,Bottinger2008_state_032::MEA + MEAH+,Bottinger2008,species,true-species-liquid-mole-fraction-linear-aggregate,MEA + MEAH+,293.15,0.2349046980939619,0.0871,0.08877830011814564,0.1728424426514562,0.019085368238032568,0.014937254990860963,08303373245b0ffaeb973c65df34e6c3ed4efe5eefda80f9c519be34c4a5fa25
F3,packet,Bottinger2008_state_032,Bottinger2008_state_032::MEACOO-,Bottinger2008,species,true-species-liquid-mole-fraction,MEACOO-,293.15,0.2349046980939619,0.0267,0.023440566822563506,-0.8881289311816062,-0.13019541913978927,0.3943864992008911,08303373245b0ffaeb973c65df34e6c3ed4efe5eefda80f9c519be34c4a5fa25
F3,packet,Bottinger2008_state_033,Bottinger2008_state_033::MEA + MEAH+,Bottinger2008,species,true-species-liquid-mole-fraction-linear-aggregate,MEA + MEAH+,293.15,0.30890617812356247,0.078,0.08141173630739176,0.3876973076581549,0.04281061660635609,0.07515460118269102,08303373245b0ffaeb973c65df34e6c3ed4efe5eefda80f9c519be34c4a5fa25
F3,packet,Bottinger2008_state_033,Bottinger2008_state_033::MEACOO-,Bottinger2008,species,true-species-liquid-mole-fraction,MEACOO-,293.15,0.30890617812356247,0.0349,0.030807125156561664,-0.9115534172468455,-0.12474082973095532,0.4154648162472008,08303373245b0ffaeb973c65df34e6c3ed4efe5eefda80f9c519be34c4a5fa25
F3,packet,Bottinger2008_state_034,Bottinger2008_state_034::MEA + MEAH+,Bottinger2008,species,true-species-liquid-mole-fraction-linear-aggregate,MEA + MEAH+,293.15,0.38790775815516315,0.0678,0.07405715391352535,0.8042614284736959,0.08827495033167901,0.3234182226652749,08303373245b0ffaeb973c65df34e6c3ed4efe5eefda80f9c519be34c4a5fa25
F3,packet,Bottinger2008_state_034,Bottinger2008_state_034::MEACOO-,Bottinger2008,species,true-species-liquid-mole-fraction,MEACOO-,293.15,0.38790775815516315,0.043,0.03816167741386153,-0.9128910539883893,-0.11936831269326567,0.41668503822601616,08303373245b0ffaeb973c65df34e6c3ed4efe5eefda80f9c519be34c4a5fa25
F3,packet,Bottinger2008_state_035,Bottinger2008_state_035::MEA + MEAH+,Bottinger2008,species,true-species-liquid-mole-fraction-linear-aggregate,MEA + MEAH+,293.15,0.4739094781895638,0.062,0.06856170056815715,0.9113473011329374,0.10059969302312277,0.4152769516411444,08303373245b0ffaeb973c65df34e6c3ed4efe5eefda80f9c519be34c4a5fa25
F3,packet,Bottinger2008_state_035,Bottinger2008_state_035::MEACOO-,Bottinger2008,species,true-species-liquid-mole-fraction,MEACOO-,293.15,0.4739094781895638,0.0493,0.043656805861396926,-0.9516347619903998,-0.12156489198477996,0.4528043601142624,08303373245b0ffaeb973c65df34e6c3ed4efe5eefda80f9c519be34c4a5fa25
F3,packet,Bottinger2008_state_043,Bottinger2008_state_043::MEA + MEAH+,Bottinger2008,species,true-species-liquid-mole-fraction-linear-aggregate,MEA + MEAH+,313.15,0.20490409808196164,0.0934,0.09118293511839733,-0.2144163328435852,-0.02402358059254762,0.022987181895045554,08303373245b0ffaeb973c65df34e6c3ed4efe5eefda80f9c519be34c4a5fa25
F3,packet,Bottinger2008_state_043,Bottinger2008_state_043::MEACOO-,Bottinger2008,species,true-species-liquid-mole-fraction,MEACOO-,313.15,0.20490409808196164,0.0241,0.021035926499758058,-0.8985552786633261,-0.1359800787973851,0.4037007944068638,08303373245b0ffaeb973c65df34e6c3ed4efe5eefda80f9c519be34c4a5fa25
F3,packet,Bottinger2008_state_044,Bottinger2008_state_044::MEA + MEAH+,Bottinger2008,species,true-species-liquid-mole-fraction-linear-aggregate,MEA + MEAH+,313.15,0.2359047180943619,0.0876,0.08805481456016519,0.046599852475941575,0.005178515347856886,0.001085773125389759,08303373245b0ffaeb973c65df34e6c3ed4efe5eefda80f9c519be34c4a5fa25
F3,packet,Bottinger2008_state_044,Bottinger2008_state_044::MEACOO-,Bottinger2008,species,true-species-liquid-mole-fraction,MEACOO-,313.15,0.2359047180943619,0.0271,0.024164041893449447,-0.7913633710378846,-0.1146680718973108,0.3131279925102223,08303373245b0ffaeb973c65df34e6c3ed4efe5eefda80f9c519be34c4a5fa25
F3,packet,Bottinger2008_state_045,Bottinger2008_state_045::MEA + MEAH+,Bottinger2008,species,true-species-liquid-mole-fraction-linear-aggregate,MEA + MEAH+,313.15,0.2799055981119623,0.084,0.08369051905113617,-0.03292350519828038,-0.0036911007489840468,0.0005419785972705975,08303373245b0ffaeb973c65df34e6c3ed4efe5eefda80f9c519be34c4a5fa25
F3,packet,Bottinger2008_state_045,Bottinger2008_state_045::MEACOO-,Bottinger2008,species,true-species-liquid-mole-fraction,MEACOO-,313.15,0.2799055981119623,0.0327,0.028528323165605354,-0.9769734975163106,-0.13647768883181483,0.47723860742462626,08303373245b0ffaeb973c65df34e6c3ed4efe5eefda80f9c519be34c4a5fa25
F3,packet,Bottinger2008_state_047,Bottinger2008_state_047::MEA + MEAH+,Bottinger2008,species,true-species-liquid-mole-fraction-linear-aggregate,MEA + MEAH+,313.15,0.3539070781415628,0.0749,0.07674572808238131,0.21740024527459537,0.024343834230635485,0.023631433322727113,08303373245b0ffaeb973c65df34e6c3ed4efe5eefda80f9c519be34c4a5fa25
F3,packet,Bottinger2008_state_047,Bottinger2008_state_047::MEACOO-,Bottinger2008,species,true-species-liquid-mole-fraction,MEACOO-,313.15,0.3539070781415628,0.041,0.03547303601689781,-1.0837184280592533,-0.14479920764607077,0.5872228156576095,08303373245b0ffaeb973c65df34e6c3ed4efe5eefda80f9c519be34c4a5fa25
F3,packet,Bottinger2008_state_048,Bottinger2008_state_048::MEA + MEAH+,Bottinger2008,species,true-species-liquid-mole-fraction-linear-aggregate,MEA + MEAH+,313.15,0.4599091981839637,0.065,0.06951726176517052,0.6023015686894024,0.06718782255808572,0.1813835898228575,08303373245b0ffaeb973c65df34e6c3ed4efe5eefda80f9c519be34c4a5fa25
F3,packet,Bottinger2008_state_048,Bottinger2008_state_048::MEACOO-,Bottinger2008,species,true-species-liquid-mole-fraction,MEACOO-,313.15,0.4599091981839637,0.0492,0.04270044017356173,-1.0978986193307894,-0.14168439480248973,0.6026906891642267,08303373245b0ffaeb973c65df34e6c3ed4efe5eefda80f9c519be34c4a5fa25
F3,packet,Bottinger2008_state_049,Bottinger2008_state_049::MEA + MEAH+,Bottinger2008,species,true-species-liquid-mole-fraction-linear-aggregate,MEA + MEAH+,313.15,0.4659093181863638,0.0663,0.06931983148472928,0.3957839429527241,0.044541136676426056,0.0783224647496026,08303373245b0ffaeb973c65df34e6c3ed4efe5eefda80f9c519be34c4a5fa25
F3,packet,Bottinger2008_state_049,Bottinger2008_state_049::MEACOO-,Bottinger2008,species,true-species-liquid-mole-fraction,MEACOO-,313.15,0.4659093181863638,0.0502,0.04289767385357515,-1.213010987778214,-0.1571974247611924,0.7356978282353392,08303373245b0ffaeb973c65df34e6c3ed4efe5eefda80f9c519be34c4a5fa25
F3,packet,Bottinger2008_state_049,Bottinger2008_state_049::HCO3-,Bottinger2008,species,true-species-liquid-mole-fraction-linear-aggregate,HCO3-,313.15,0.4659093181863638,0.004,0.009383532834701383,3.845380596215273,0.852661965818721,7.393475964874465,08303373245b0ffaeb973c65df34e6c3ed4efe5eefda80f9c519be34c4a5fa25
F3,packet,Bottinger2008_state_050,Bottinger2008_state_050::MEA + MEAH+,Bottinger2008,species,true-species-liquid-mole-fraction-linear-aggregate,MEA + MEAH+,313.15,0.4869097381947639,0.0646,0.06890352943806939,0.5768806217251188,0.0644929914353213,0.1663956258609798,08303373245b0ffaeb973c65df34e6c3ed4efe5eefda80f9c519be34c4a5fa25
F3,packet,Bottinger2008_state_050,Bottinger2008_state_050::MEACOO-,Bottinger2008,species,true-species-liquid-mole-fraction,MEACOO-,313.15,0.4869097381947639,0.0511,0.043312969744034056,-1.2744730369829695,-0.16533237485724453,0.8121407609982968,08303373245b0ffaeb973c65df34e6c3ed4efe5eefda80f9c519be34c4a5fa25
F3,packet,Bottinger2008_state_050,Bottinger2008_state_050::HCO3-,Bottinger2008,species,true-species-liquid-mole-fraction-linear-aggregate,HCO3-,313.15,0.4869097381947639,0.0052,0.011315348542036146,4.023255619760622,0.7775014565620247,8.093292890967714,08303373245b0ffaeb973c65df34e6c3ed4efe5eefda80f9c519be34c4a5fa25
F3,packet,Bottinger2008_state_055,Bottinger2008_state_055::MEA + MEAH+,Bottinger2008,species,true-species-liquid-mole-fraction-linear-aggregate,MEA + MEAH+,333.15,0.13090261805236106,0.0974,0.09856096339869319,0.10809715071631197,0.011849063832182262,0.0058424969964925326,08303373245b0ffaeb973c65df34e6c3ed4efe5eefda80f9c519be34c4a5fa25
F3,packet,Bottinger2008_state_055,Bottinger2008_state_055::MEACOO-,Bottinger2008,species,true-species-liquid-mole-fraction,MEACOO-,333.15,0.13090261805236106,0.0147,0.013657894908158474,-0.42190489548239896,-0.07352975780179274,0.08900187041600699,08303373245b0ffaeb973c65df34e6c3ed4efe5eefda80f9c519be34c4a5fa25
F3,packet,Bottinger2008_state_056,Bottinger2008_state_056::MEA + MEAH+,Bottinger2008,species,true-species-liquid-mole-fraction-linear-aggregate,MEA + MEAH+,333.15,0.20290405808116166,0.0905,0.09120016602819958,0.06966826151239638,0.007706866857392724,0.0024268333310798256,08303373245b0ffaeb973c65df34e6c3ed4efe5eefda80f9c519be34c4a5fa25
F3,packet,Bottinger2008_state_056,Bottinger2008_state_056::MEACOO-,Bottinger2008,species,true-species-liquid-mole-fraction,MEACOO-,333.15,0.20290405808116166,0.0231,0.021018663392050326,-0.628802600589025,-0.09442184153884826,0.19769635525376048,08303373245b0ffaeb973c65df34e6c3ed4efe5eefda80f9c519be34c4a5fa25
F3,packet,Bottinger2008_state_057,Bottinger2008_state_057::MEA + MEAH+,Bottinger2008,species,true-species-liquid-mole-fraction-linear-aggregate,MEA + MEAH+,333.15,0.27690553811076224,0.0791,0.08389218696043488,0.537843654369795,0.05881961112654312,0.14463789827292775,08303373245b0ffaeb973c65df34e6c3ed4efe5eefda80f9c519be34c4a5fa25
F3,packet,Bottinger2008_state_057,Bottinger2008_state_057::MEACOO-,Bottinger2008,species,true-species-liquid-mole-fraction,MEACOO-,333.15,0.27690553811076224,0.0302,0.028326543676536864,-0.4660339113092381,-0.06404262022141645,0.1085938032450934,08303373245b0ffaeb973c65df34e6c3ed4efe5eefda80f9c519be34c4a5fa25
F3,packet,Bottinger2008_state_058,Bottinger2008_state_058::MEA + MEAH+,Bottinger2008,species,true-species-liquid-mole-fraction-linear-aggregate,MEA + MEAH+,333.15,0.4149082981659633,0.0687,0.07241540339270694,0.4720970003439571,0.05266983157734875,0.1114377888668811,08303373245b0ffaeb973c65df34e6c3ed4efe5eefda80f9c519be34c4a5fa25
F3,packet,Bottinger2008_state_058,Bottinger2008_state_058::MEACOO-,Bottinger2008,species,true-species-liquid-mole-fraction,MEACOO-,333.15,0.4149082981659633,0.0417,0.03980157956539976,-0.36719931036755177,-0.046594529729036424,0.0674176667672028,08303373245b0ffaeb973c65df34e6c3ed4efe5eefda80f9c519be34c4a5fa25
F3,packet,Bottinger2008_state_058,Bottinger2008_state_058::HCO3-,Bottinger2008,species,true-species-liquid-mole-fraction-linear-aggregate,HCO3-,333.15,0.4149082981659633,0.0042,0.0067516625506944756,1.7969454582355462,0.474704253073902,1.6145064899366786,08303373245b0ffaeb973c65df34e6c3ed4efe5eefda80f9c519be34c4a5fa25
F3,packet,Bottinger2008_state_059,Bottinger2008_state_059::MEA + MEAH+,Bottinger2008,species,true-species-liquid-mole-fraction-linear-aggregate,MEA + MEAH+,333.15,0.4889097781955639,0.068,0.06985367817016935,0.23765104745760873,0.026895037267450683,0.0282390101788493,08303373245b0ffaeb973c65df34e6c3ed4efe5eefda80f9c519be34c4a5fa25
F3,packet,Bottinger2008_state_059,Bottinger2008_state_059::MEACOO-,Bottinger2008,species,true-species-liquid-mole-fraction,MEACOO-,333.15,0.4889097781955639,0.0424,0.0423548407399418,-0.008618179400419876,-0.0010656444856130761,3.7136508088910746e-05,08303373245b0ffaeb973c65df34e6c3ed4efe5eefda80f9c519be34c4a5fa25
F3,packet,Bottinger2008_state_059,Bottinger2008_state_059::HCO3-,Bottinger2008,species,true-species-liquid-mole-fraction-linear-aggregate,HCO3-,333.15,0.4889097781955639,0.0072,0.012422894731799758,3.036566704534743,0.5454600935199023,4.610368675544495,08303373245b0ffaeb973c65df34e6c3ed4efe5eefda80f9c519be34c4a5fa25
F3,packet,Matin2012_state_001,Matin2012_state_001::MEA,Matin2012,species,true-species-liquid-mole-fraction,MEA,293.15,0.10590211804236084,0.0915,0.08878258837594258,-0.2677252831583665,-0.03014841835642292,0.035838413621113764,08303373245b0ffaeb973c65df34e6c3ed4efe5eefda80f9c519be34c4a5fa25
F3,packet,Matin2012_state_001,Matin2012_state_001::MEAH+,Matin2012,species,true-species-liquid-mole-fraction,MEAH+,293.15,0.10590211804236084,0.0115,0.012998658906001955,0.697050653954398,0.1224991556940898,0.24293980708912696,08303373245b0ffaeb973c65df34e6c3ed4efe5eefda80f9c519be34c4a5fa25
F3,packet,Matin2012_state_001,Matin2012_state_001::MEACOO-,Matin2012,species,true-species-liquid-mole-fraction,MEACOO-,293.15,0.10590211804236084,0.0097,0.010437621443911367,0.3744271288890187,0.07329083994474835,0.07009783742403691,08303373245b0ffaeb973c65df34e6c3ed4efe5eefda80f9c519be34c4a5fa25
F3,packet,Matin2012_state_002,Matin2012_state_002::MEA,Matin2012,species,true-species-liquid-mole-fraction,MEA,293.15,0.12790255805116105,0.0867,0.08393669040020209,-0.2857610754703114,-0.03239105481892769,0.0408296961269745,08303373245b0ffaeb973c65df34e6c3ed4efe5eefda80f9c519be34c4a5fa25
F3,packet,Matin2012_state_002,Matin2012_state_002::MEAH+,Matin2012,species,true-species-liquid-mole-fraction,MEAH+,293.15,0.12790255805116105,0.0139,0.01563310027678742,0.7251465593252807,0.11750163886817556,0.2629187662506464,08303373245b0ffaeb973c65df34e6c3ed4efe5eefda80f9c519be34c4a5fa25
F3,packet,Matin2012_state_002,Matin2012_state_002::MEACOO-,Matin2012,species,true-species-liquid-mole-fraction,MEACOO-,293.15,0.12790255805116105,0.0124,0.012649077947493995,0.11119551227410494,0.0198878503798011,0.006182220974950312,08303373245b0ffaeb973c65df34e6c3ed4efe5eefda80f9c519be34c4a5fa25
F3,packet,Matin2012_state_003,Matin2012_state_003::MEA,Matin2012,species,true-species-liquid-mole-fraction,MEA,293.15,0.1499029980599612,0.0817,0.07909820269363407,-0.2837292591456839,-0.03236384930202522,0.04025114624767933,08303373245b0ffaeb973c65df34e6c3ed4efe5eefda80f9c519be34c4a5fa25
F3,packet,Matin2012_state_003,Matin2012_state_003::MEAH+,Matin2012,species,true-species-liquid-mole-fraction,MEAH+,293.15,0.1499029980599612,0.0162,0.01825531578999291,0.784471675569813,0.11944507154149107,0.30769790488565496,08303373245b0ffaeb973c65df34e6c3ed4efe5eefda80f9c519be34c4a5fa25
F3,packet,Matin2012_state_003,Matin2012_state_003::MEACOO-,Matin2012,species,true-species-liquid-mole-fraction,MEACOO-,293.15,0.1499029980599612,0.0151,0.014865349992903546,-0.09348605860416526,-0.015661742884886958,0.004369821576670711,08303373245b0ffaeb973c65df34e6c3ed4efe5eefda80f9c519be34c4a5fa25
F3,packet,Matin2012_state_004,Matin2012_state_004::MEA,Matin2012,species,true-species-liquid-mole-fraction,MEA,293.15,0.17290345806916138,0.0768,0.07404940329833667,-0.31688902092895377,-0.03647215756361976,0.05020932579265545,08303373245b0ffaeb973c65df34e6c3ed4efe5eefda80f9c519be34c4a5fa25
F3,packet,Matin2012_state_004,Matin2012_state_004::MEAH+,Matin2012,species,true-species-liquid-mole-fraction,MEAH+,293.15,0.17290345806916138,0.0186,0.020983541539817265,0.8334061328032402,0.12057681352331238,0.347282891097026,08303373245b0ffaeb973c65df34e6c3ed4efe5eefda80f9c519be34c4a5fa25
F3,packet,Matin2012_state_004,Matin2012_state_004::MEACOO-,Matin2012,species,true-species-liquid-mole-fraction,MEACOO-,293.15,0.17290345806916138,0.0177,0.017185923411935974,-0.1855872159075909,-0.029473997120422212,0.01722130735416538,08303373245b0ffaeb973c65df34e6c3ed4efe5eefda80f9c519be34c4a5fa25
F3,packet,Matin2012_state_005,Matin2012_state_005::MEA,Matin2012,species,true-species-liquid-mole-fraction,MEA,293.15,0.19490389807796157,0.0718,0.06923134189385721,-0.31401688339153916,-0.03643079842545594,0.04930330152746775,08303373245b0ffaeb973c65df34e6c3ed4efe5eefda80f9c519be34c4a5fa25
F3,packet,Matin2012_state_005,Matin2012_state_005::MEAH+,Matin2012,species,true-species-liquid-mole-fraction,MEAH+,293.15,0.19490389807796157,0.021,0.023580471705755005,0.8324102276629044,0.11589646167065992,0.34645339355890414,08303373245b0ffaeb973c65df34e6c3ed4efe5eefda80f9c519be34c4a5fa25
F3,packet,Matin2012_state_005,Matin2012_state_005::MEACOO-,Matin2012,species,true-species-liquid-mole-fraction,MEACOO-,293.15,0.19490389807796157,0.0203,0.019407054333918705,-0.2947015399608229,-0.04498426061444731,0.04342449882764024,08303373245b0ffaeb973c65df34e6c3ed4efe5eefda80f9c519be34c4a5fa25
F3,packet,Matin2012_state_006,Matin2012_state_006::MEA,Matin2012,species,true-species-liquid-mole-fraction,MEA,293.15,0.21790435808716177,0.0668,0.06420876651827265,-0.3374001929332488,-0.03956332903994732,0.056919445095696755,08303373245b0ffaeb973c65df34e6c3ed4efe5eefda80f9c519be34c4a5fa25
F3,packet,Matin2012_state_006,Matin2012_state_006::MEAH+,Matin2012,species,true-species-liquid-mole-fraction,MEAH+,293.15,0.21790435808716177,0.0234,0.02628213496414358,0.8629146599232272,0.11615340707569792,0.37231085515520945,08303373245b0ffaeb973c65df34e6c3ed4efe5eefda80f9c519be34c4a5fa25
F3,packet,Matin2012_state_006,Matin2012_state_006::MEACOO-,Matin2012,species,true-species-liquid-mole-fraction,MEACOO-,293.15,0.21790435808716177,0.0228,0.021727965965073155,-0.32683964479476996,-0.04816035099397241,0.0534120767047857,08303373245b0ffaeb973c65df34e6c3ed4efe5eefda80f9c519be34c4a5fa25
F3,packet,Matin2012_state_007,Matin2012_state_007::MEA,Matin2012,species,true-species-liquid-mole-fraction,MEA,293.15,0.24090481809636194,0.0618,0.05920469719563286,-0.3614627861235575,-0.04290248120046976,0.06532767287610233,08303373245b0ffaeb973c65df34e6c3ed4efe5eefda80f9c519be34c4a5fa25
F3,packet,Matin2012_state_007,Matin2012_state_007::MEAH+,Matin2012,species,true-species-liquid-mole-fraction,MEAH+,293.15,0.24090481809636194,0.0257,0.028970119767949283,0.9159999349997989,0.11977395407758959,0.41952794045981795,08303373245b0ffaeb973c65df34e6c3ed4efe5eefda80f9c519be34c4a5fa25
F3,packet,Matin2012_state_007,Matin2012_state_007::MEACOO-,Matin2012,species,true-species-liquid-mole-fraction,MEACOO-,293.15,0.24090481809636194,0.0252,0.024044049758733633,-0.328394954905218,-0.04695643985609392,0.053921623203600076,08303373245b0ffaeb973c65df34e6c3ed4efe5eefda80f9c519be34c4a5fa25
F3,packet,Matin2012_state_008,Matin2012_state_008::MEA,Matin2012,species,true-species-liquid-mole-fraction,MEA,293.15,0.26390527810556214,0.0568,0.05422415656132306,-0.3856053051911591,-0.04640982355979438,0.07434572569578347,08303373245b0ffaeb973c65df34e6c3ed4efe5eefda80f9c519be34c4a5fa25
F3,packet,Matin2012_state_008,Matin2012_state_008::MEAH+,Matin2012,species,true-species-liquid-mole-fraction,MEAH+,293.15,0.26390527810556214,0.0281,0.03164429074876653,0.9302600390463343,0.11878816889399238,0.43269187012324367,08303373245b0ffaeb973c65df34e6c3ed4efe5eefda80f9c519be34c4a5fa25
F3,packet,Matin2012_state_008,Matin2012_state_008::MEACOO-,Matin2012,species,true-species-liquid-mole-fraction,MEACOO-,293.15,0.26390527810556214,0.0276,0.026350418317518713,-0.3323355538514059,-0.046331622434091044,0.055223460176860355,08303373245b0ffaeb973c65df34e6c3ed4efe5eefda80f9c519be34c4a5fa25
F3,packet,Matin2012_state_009,Matin2012_state_009::MEA,Matin2012,species,true-species-liquid-mole-fraction,MEA,293.15,0.2869057381147623,0.0518,0.049274035029504726,-0.4087321958730215,-0.0499928797871625,0.08353100397159101,08303373245b0ffaeb973c65df34e6c3ed4efe5eefda80f9c519be34c4a5fa25
F3,packet,Matin2012_state_009,Matin2012_state_009::MEAH+,Matin2012,species,true-species-liquid-mole-fraction,MEAH+,293.15,0.2869057381147623,0.0304,0.03430439334852245,0.9664339971590221,0.12083082352016535,0.46699733543238237,08303373245b0ffaeb973c65df34e6c3ed4efe5eefda80f9c519be34c4a5fa25
F3,packet,Matin2012_state_009,Matin2012_state_009::MEACOO-,Matin2012,species,true-species-liquid-mole-fraction,MEACOO-,293.15,0.2869057381147623,0.0299,0.028640435570911695,-0.3156803080421815,-0.04303892993829003,0.0498270284428033,08303373245b0ffaeb973c65df34e6c3ed4efe5eefda80f9c519be34c4a5fa25
F3,packet,Matin2012_state_010,Matin2012_state_010::MEA,Matin2012,species,true-species-liquid-mole-fraction,MEA,293.15,0.3099061981239625,0.0469,0.044363999983747834,-0.4456942032077615,-0.05558934607607527,0.0993216613865007,08303373245b0ffaeb973c65df34e6c3ed4efe5eefda80f9c519be34c4a5fa25
F3,packet,Matin2012_state_010,Matin2012_state_010::MEAH+,Matin2012,species,true-species-liquid-mole-fraction,MEAH+,293.15,0.3099061981239625,0.0327,0.03694997371269187,0.9953100029723343,0.12218985806157188,0.49532100100839405,08303373245b0ffaeb973c65df34e6c3ed4efe5eefda80f9c519be34c4a5fa25
F3,packet,Matin2012_state_010,Matin2012_state_010::MEACOO-,Matin2012,species,true-species-liquid-mole-fraction,MEACOO-,293.15,0.3099061981239625,0.0321,0.03090488762634436,-0.28387467307734815,-0.037941683130863255,0.040292415007385646,08303373245b0ffaeb973c65df34e6c3ed4efe5eefda80f9c519be34c4a5fa25
F3,packet,Matin2012_state_011,Matin2012_state_011::MEA,Matin2012,species,true-species-liquid-mole-fraction,MEA,293.15,0.33390667813356273,0.0419,0.03929831793246615,-0.5012874889275236,-0.06410410966945948,0.12564457327763107,08303373245b0ffaeb973c65df34e6c3ed4efe5eefda80f9c519be34c4a5fa25
F3,packet,Matin2012_state_011,Matin2012_state_011::MEAH+,Matin2012,species,true-species-liquid-mole-fraction,MEAH+,293.15,0.33390667813356273,0.0349,0.039694258211914434,1.0677635215845063,0.12871971860210954,0.5700594690132732,08303373245b0ffaeb973c65df34e6c3ed4efe5eefda80f9c519be34c4a5fa25
F3,packet,Matin2012_state_011,Matin2012_state_011::MEACOO-,Matin2012,species,true-species-liquid-mole-fraction,MEACOO-,293.15,0.33390667813356273,0.0342,0.03322628073222455,-0.2202984768722743,-0.028884492966892803,0.024265709456121987,08303373245b0ffaeb973c65df34e6c3ed4efe5eefda80f9c519be34c4a5fa25
F3,packet,Matin2012_state_012,Matin2012_state_012::MEA,Matin2012,species,true-species-liquid-mole-fraction,MEA,293.15,0.3579071581431629,0.0371,0.03431494749350984,-0.591306264647592,-0.0780359233862704,0.17482154930574403,08303373245b0ffaeb973c65df34e6c3ed4efe5eefda80f9c519be34c4a5fa25
F3,packet,Matin2012_state_012,Matin2012_state_012::MEAH+,Matin2012,species,true-species-liquid-mole-fraction,MEAH+,293.15,0.3579071581431629,0.0372,0.04242043534214445,1.1060244368950114,0.13132145046730317,0.6116450275044635,08303373245b0ffaeb973c65df34e6c3ed4efe5eefda80f9c519be34c4a5fa25
F3,packet,Matin2012_state_012,Matin2012_state_012::MEACOO-,Matin2012,species,true-species-liquid-mole-fraction,MEACOO-,293.15,0.3579071581431629,0.0362,0.03548346651453475,-0.1550938280227813,-0.019992262822117905,0.01202704774538003,08303373245b0ffaeb973c65df34e6c3ed4efe5eefda80f9c519be34c4a5fa25
F3,packet,Matin2012_state_013,Matin2012_state_013::MEA,Matin2012,species,true-species-liquid-mole-fraction,MEA,293.15,0.3819076381527631,0.0322,0.02944994706491407,-0.6516713116317365,-0.08927433991061073,0.21233774920191392,08303373245b0ffaeb973c65df34e6c3ed4efe5eefda80f9c519be34c4a5fa25
F3,packet,Matin2012_state_013,Matin2012_state_013::MEAH+,Matin2012,species,true-species-liquid-mole-fraction,MEAH+,293.15,0.3819076381527631,0.0394,0.04512613305879203,1.1591362467190354,0.13569570937003433,0.6717984192289462,08303373245b0ffaeb973c65df34e6c3ed4efe5eefda80f9c519be34c4a5fa25
F3,packet,Matin2012_state_013,Matin2012_state_013::MEACOO-,Matin2012,species,true-species-liquid-mole-fraction,MEACOO-,293.15,0.3819076381527631,0.0381,0.03764275596159341,-0.0950611306458613,-0.012073751137473923,0.004518309279834755,08303373245b0ffaeb973c65df34e6c3ed4efe5eefda80f9c519be34c4a5fa25
F3,packet,Matin2012_state_014,Matin2012_state_014::MEA,Matin2012,species,true-species-liquid-mole-fraction,MEA,293.15,0.4059081181623633,0.0274,0.02475962031961675,-0.7059838717602276,-0.10132890012102061,0.24920661359278073,08303373245b0ffaeb973c65df34e6c3ed4efe5eefda80f9c519be34c4a5fa25
F3,packet,Matin2012_state_014,Matin2012_state_014::MEAH+,Matin2012,species,true-species-liquid-mole-fraction,MEAH+,293.15,0.4059081181623633,0.0415,0.04780757560790789,1.2247719627005604,0.14149068522433983,0.7500331803086915,08303373245b0ffaeb973c65df34e6c3ed4efe5eefda80f9c519be34c4a5fa25
F3,packet,Matin2012_state_014,Matin2012_state_014::MEACOO-,Matin2012,species,true-species-liquid-mole-fraction,MEACOO-,293.15,0.4059081181623633,0.04,0.039651615645254594,-0.06967687094908137,-0.008747759189735157,0.0024274331726274697,08303373245b0ffaeb973c65df34e6c3ed4efe5eefda80f9c519be34c4a5fa25
F3,packet,Matin2012_state_015,Matin2012_state_015::MEA,Matin2012,species,true-species-liquid-mole-fraction,MEA,293.15,0.4309086181723635,0.0227,0.020154427109564246,-0.7784626576256133,-0.11894095255617856,0.3030020546587664,08303373245b0ffaeb973c65df34e6c3ed4efe5eefda80f9c519be34c4a5fa25
F3,packet,Matin2012_state_015,Matin2012_state_015::MEAH+,Matin2012,species,true-species-liquid-mole-fraction,MEAH+,293.15,0.4309086181723635,0.0436,0.05056874885160462,1.3001397111202644,0.1482766235094378,0.8451816342159423,08303373245b0ffaeb973c65df34e6c3ed4efe5eefda80f9c519be34c4a5fa25
F3,packet,Matin2012_state_015,Matin2012_state_015::MEACOO-,Matin2012,species,true-species-liquid-mole-fraction,MEACOO-,293.15,0.4309086181723635,0.0417,0.04149558508662334,-0.039538667964537526,-0.004914090682083539,0.000781653132204973,08303373245b0ffaeb973c65df34e6c3ed4efe5eefda80f9c519be34c4a5fa25
F3,packet,Matin2012_state_017,Matin2012_state_017::MEA,Matin2012,species,true-species-liquid-mole-fraction,MEA,293.15,0.4799095981919638,0.0135,0.012549192378776613,-0.4045989877546326,-0.07303337422600431,0.08185017044603667,08303373245b0ffaeb973c65df34e6c3ed4efe5eefda80f9c519be34c4a5fa25
F3,packet,Matin2012_state_017,Matin2012_state_017::MEAH+,Matin2012,species,true-species-liquid-mole-fraction,MEAH+,293.15,0.4799095981919638,0.0477,0.05585276203588193,1.4129570252828303,0.15778758093490838,0.9982237776480524,08303373245b0ffaeb973c65df34e6c3ed4efe5eefda80f9c519be34c4a5fa25
F3,packet,Matin2012_state_017,Matin2012_state_017::MEACOO-,Matin2012,species,true-species-liquid-mole-fraction,MEACOO-,293.15,0.4799095981919638,0.0448,0.04381648115256762,-0.17947424223218555,-0.022198110792773246,0.016105501812408607,08303373245b0ffaeb973c65df34e6c3ed4efe5eefda80f9c519be34c4a5fa25
F3,packet,Matin2012_state_018,Matin2012_state_018::MEA,Matin2012,species,true-species-liquid-mole-fraction,MEA,293.15,0.5049100982019641,0.009,0.009715467105195883,0.3765616343136232,0.07649458516038354,0.07089933221847344,08303373245b0ffaeb973c65df34e6c3ed4efe5eefda80f9c519be34c4a5fa25
F3,packet,Matin2012_state_018,Matin2012_state_018::MEAH+,Matin2012,species,true-species-liquid-mole-fraction,MEAH+,293.15,0.5049100982019641,0.0496,0.05847357288531154,1.4888545109583124,0.16458407288893756,1.108343877400458,08303373245b0ffaeb973c65df34e6c3ed4efe5eefda80f9c519be34c4a5fa25
F3,packet,Matin2012_state_018,Matin2012_state_018::MEACOO-,Matin2012,species,true-species-liquid-mole-fraction,MEACOO-,293.15,0.5049100982019641,0.0462,0.044028913461579264,-0.38631433067984594,-0.04813325585415138,0.07461938104430868,08303373245b0ffaeb973c65df34e6c3ed4efe5eefda80f9c519be34c4a5fa25
F3,packet,Matin2012_state_019,Matin2012_state_019::MEA,Matin2012,species,true-species-liquid-mole-fraction,MEA,293.15,0.5309106182123643,0.0046,0.007575142369496146,2.0377687462302374,0.49881584237672283,2.0762507315563767,08303373245b0ffaeb973c65df34e6c3ed4efe5eefda80f9c519be34c4a5fa25
F3,packet,Matin2012_state_019,Matin2012_state_019::MEAH+,Matin2012,species,true-species-liquid-mole-fraction,MEAH+,293.15,0.5309106182123643,0.0515,0.06115749278438473,1.5703240299812575,0.1718705781817609,1.2329587795682886,08303373245b0ffaeb973c65df34e6c3ed4efe5eefda80f9c519be34c4a5fa25
F3,packet,Matin2012_state_019,Matin2012_state_019::MEACOO-,Matin2012,species,true-species-liquid-mole-fraction,MEACOO-,293.15,0.5309106182123643,0.0475,0.0434842947328968,-0.6983835247136002,-0.08832987875987648,0.2438697737956959,08303373245b0ffaeb973c65df34e6c3ed4efe5eefda80f9c519be34c4a5fa25
F4,packet,Bottinger2008_state_030,Bottinger2008_state_030::MEA + MEAH+,Bottinger2008,species,true-species-liquid-mole-fraction-linear-aggregate,MEA + MEAH+,293.15,0.0749014980299606,0.1054,0.10402226520751585,-0.11938776364680581,-0.013157671345762801,0.007126719054292784,f075066e07a8801b299dd119476fa286888939743b8836da425236dc85e5068b
F4,packet,Bottinger2008_state_030,Bottinger2008_state_030::MEACOO-,Bottinger2008,species,true-species-liquid-mole-fraction,MEACOO-,293.15,0.0749014980299606,0.0086,0.00819660352414195,-0.2168798257301341,-0.048042339168513824,0.023518429404366666,f075066e07a8801b299dd119476fa286888939743b8836da425236dc85e5068b
F4,packet,Bottinger2008_state_031,Bottinger2008_state_031::MEA + MEAH+,Bottinger2008,species,true-species-liquid-mole-fraction-linear-aggregate,MEA + MEAH+,293.15,0.1499029980599612,0.0966,0.09594190435134876,-0.06173505146822149,-0.006835895942460444,0.001905608289891978,f075066e07a8801b299dd119476fa286888939743b8836da425236dc85e5068b
F4,packet,Bottinger2008_state_031,Bottinger2008_state_031::MEACOO-,Bottinger2008,species,true-species-liquid-mole-fraction,MEACOO-,293.15,0.1499029980599612,0.0171,0.016276963930442527,-0.30370334670017474,-0.04932761108484241,0.04611786139844327,f075066e07a8801b299dd119476fa286888939743b8836da425236dc85e5068b
F4,packet,Bottinger2008_state_032,Bottinger2008_state_032::MEA + MEAH+,Bottinger2008,species,true-species-liquid-mole-fraction-linear-aggregate,MEA + MEAH+,293.15,0.2349046980939619,0.0871,0.08705445631069827,-0.004690390247345203,-0.0005230264135038604,1.09998803361955e-05,f075066e07a8801b299dd119476fa286888939743b8836da425236dc85e5068b
F4,packet,Bottinger2008_state_032,Bottinger2008_state_032::MEACOO-,Bottinger2008,species,true-species-liquid-mole-fraction,MEACOO-,293.15,0.2349046980939619,0.0267,0.025164410818124233,-0.418416670810836,-0.05923283820283819,0.08753625520621175,f075066e07a8801b299dd119476fa286888939743b8836da425236dc85e5068b
F4,packet,Bottinger2008_state_033,Bottinger2008_state_033::MEA + MEAH+,Bottinger2008,species,true-species-liquid-mole-fraction-linear-aggregate,MEA + MEAH+,293.15,0.30890617812356247,0.078,0.07971370917446283,0.1947396789162303,0.021732754031827253,0.01896177127219824,f075066e07a8801b299dd119476fa286888939743b8836da425236dc85e5068b
F4,packet,Bottinger2008_state_033,Bottinger2008_state_033::MEACOO-,Bottinger2008,species,true-species-liquid-mole-fraction,MEACOO-,293.15,0.30890617812356247,0.0349,0.03250515556075637,-0.5333729263348836,-0.07108811981485863,0.14224333927351862,f075066e07a8801b299dd119476fa286888939743b8836da425236dc85e5068b
F4,packet,Bottinger2008_state_034,Bottinger2008_state_034::MEA + MEAH+,Bottinger2008,species,true-species-liquid-mole-fraction-linear-aggregate,MEA + MEAH+,293.15,0.38790775815516315,0.0678,0.07258589190309542,0.6151532009120074,0.06820838159693406,0.1892067302961443,f075066e07a8801b299dd119476fa286888939743b8836da425236dc85e5068b
F4,packet,Bottinger2008_state_034,Bottinger2008_state_034::MEACOO-,Bottinger2008,species,true-species-liquid-mole-fraction,MEACOO-,293.15,0.38790775815516315,0.043,0.03963296472355597,-0.6352896748007594,-0.08153890120719402,0.2017964854542273,f075066e07a8801b299dd119476fa286888939743b8836da425236dc85e5068b
F4,packet,Bottinger2008_state_035,Bottinger2008_state_035::MEA + MEAH+,Bottinger2008,species,true-species-liquid-mole-fraction-linear-aggregate,MEA + MEAH+,293.15,0.4739094781895638,0.062,0.06679743602420263,0.6663105589170316,0.07453031188964913,0.22198488046216353,f075066e07a8801b299dd119476fa286888939743b8836da425236dc85e5068b
F4,packet,Bottinger2008_state_035,Bottinger2008_state_035::MEACOO-,Bottinger2008,species,true-species-liquid-mole-fraction,MEACOO-,293.15,0.4739094781895638,0.0493,0.04542133670324382,-0.6540747549335885,-0.0819421149662402,0.2139068925207169,f075066e07a8801b299dd119476fa286888939743b8836da425236dc85e5068b
F4,packet,Bottinger2008_state_043,Bottinger2008_state_043::MEA + MEAH+,Bottinger2008,species,true-species-liquid-mole-fraction-linear-aggregate,MEA + MEAH+,313.15,0.20490409808196164,0.0934,0.08995763630876298,-0.3329171848391699,-0.037552493402579906,0.055416925980619,f075066e07a8801b299dd119476fa286888939743b8836da425236dc85e5068b
F4,packet,Bottinger2008_state_043,Bottinger2008_state_043::MEACOO-,Bottinger2008,species,true-species-liquid-mole-fraction,MEACOO-,313.15,0.20490409808196164,0.0241,0.02226122436729022,-0.5392303908239827,-0.07936549313890047,0.14538470719409258,f075066e07a8801b299dd119476fa286888939743b8836da425236dc85e5068b
F4,packet,Bottinger2008_state_044,Bottinger2008_state_044::MEA + MEAH+,Bottinger2008,species,true-species-liquid-mole-fraction-linear-aggregate,MEA + MEAH+,313.15,0.2359047180943619,0.0876,0.0866863049335945,-0.09361629778744858,-0.010485085876156167,0.004382005605714125,f075066e07a8801b299dd119476fa286888939743b8836da425236dc85e5068b
F4,packet,Bottinger2008_state_044,Bottinger2008_state_044::MEACOO-,Bottinger2008,species,true-species-liquid-mole-fraction,MEACOO-,313.15,0.2359047180943619,0.0271,0.02553255209364991,-0.42249269712940385,-0.05957953712975473,0.08925003956383909,f075066e07a8801b299dd119476fa286888939743b8836da425236dc85e5068b
F4,packet,Bottinger2008_state_045,Bottinger2008_state_045::MEA + MEAH+,Bottinger2008,species,true-species-liquid-mole-fraction-linear-aggregate,MEA + MEAH+,313.15,0.2799055981119623,0.084,0.08212452605733234,-0.19951850453911363,-0.022580093046578407,0.019903816826762153,f075066e07a8801b299dd119476fa286888939743b8836da425236dc85e5068b
F4,packet,Bottinger2008_state_045,Bottinger2008_state_045::MEACOO-,Bottinger2008,species,true-species-liquid-mole-fraction,MEACOO-,313.15,0.2799055981119623,0.0327,0.03009432303547194,-0.6102287973133628,-0.08303852740894224,0.1861895925352566,f075066e07a8801b299dd119476fa286888939743b8836da425236dc85e5068b
F4,packet,Bottinger2008_state_047,Bottinger2008_state_047::MEA + MEAH+,Bottinger2008,species,true-species-liquid-mole-fraction-linear-aggregate,MEA + MEAH+,313.15,0.3539070781415628,0.0749,0.07479135100768927,-0.012797290024820088,-0.0014516404676506276,8.188531598967986e-05,f075066e07a8801b299dd119476fa286888939743b8836da425236dc85e5068b
F4,packet,Bottinger2008_state_047,Bottinger2008_state_047::MEACOO-,Bottinger2008,species,true-species-liquid-mole-fraction,MEACOO-,313.15,0.3539070781415628,0.041,0.037427467706061396,-0.700496528223256,-0.09116720120267863,0.24534769302641746,f075066e07a8801b299dd119476fa286888939743b8836da425236dc85e5068b
F4,packet,Bottinger2008_state_048,Bottinger2008_state_048::MEA + MEAH+,Bottinger2008,species,true-species-liquid-mole-fraction-linear-aggregate,MEA + MEAH+,313.15,0.4599091981839637,0.065,0.06627259595969948,0.1696794612932632,0.019389207908975803,0.014395559792386001,f075066e07a8801b299dd119476fa286888939743b8836da425236dc85e5068b
F4,packet,Bottinger2008_state_048,Bottinger2008_state_048::MEACOO-,Bottinger2008,species,true-species-liquid-mole-fraction,MEACOO-,313.15,0.4599091981839637,0.0492,0.045945893977856596,-0.5496800713080074,-0.06842913716899911,0.15107409039658806,f075066e07a8801b299dd119476fa286888939743b8836da425236dc85e5068b
F4,packet,Bottinger2008_state_049,Bottinger2008_state_049::MEA + MEAH+,Bottinger2008,species,true-species-liquid-mole-fraction-linear-aggregate,MEA + MEAH+,313.15,0.4659093181863638,0.0663,0.06597152565742004,-0.04305037255307466,-0.004966677690875012,0.000926667288479262,f075066e07a8801b299dd119476fa286888939743b8836da425236dc85e5068b
F4,packet,Bottinger2008_state_049,Bottinger2008_state_049::MEACOO-,Bottinger2008,species,true-species-liquid-mole-fraction,MEACOO-,313.15,0.4659093181863638,0.0502,0.04624689517105485,-0.6566619317184642,-0.08202069642931703,0.2156024462841125,f075066e07a8801b299dd119476fa286888939743b8836da425236dc85e5068b
F4,packet,Bottinger2008_state_049,Bottinger2008_state_049::HCO3-,Bottinger2008,species,true-species-liquid-mole-fraction-linear-aggregate,HCO3-,313.15,0.4659093181863638,0.004,0.006042896212616243,1.4592115804401735,0.41258904130089574,1.0646492182453544,f075066e07a8801b299dd119476fa286888939743b8836da425236dc85e5068b
F4,packet,Bottinger2008_state_050,Bottinger2008_state_050::MEA + MEAH+,Bottinger2008,species,true-species-liquid-mole-fraction-linear-aggregate,MEA + MEAH+,313.15,0.4869097381947639,0.0646,0.06524476489270375,0.08642961028200405,0.009931400666080876,0.00373503876674955,f075066e07a8801b299dd119476fa286888939743b8836da425236dc85e5068b
F4,packet,Bottinger2008_state_050,Bottinger2008_state_050::MEACOO-,Bottinger2008,species,true-species-liquid-mole-fraction,MEACOO-,313.15,0.4869097381947639,0.0511,0.04697325069344699,-0.6754090518090035,-0.0842061916999141,0.22808869363276857,f075066e07a8801b299dd119476fa286888939743b8836da425236dc85e5068b
F4,packet,Bottinger2008_state_050,Bottinger2008_state_050::HCO3-,Bottinger2008,species,true-species-liquid-mole-fraction-linear-aggregate,HCO3-,313.15,0.4869097381947639,0.0052,0.007669318996488727,1.6245519713741625,0.3885691979084047,1.3195845538478388,f075066e07a8801b299dd119476fa286888939743b8836da425236dc85e5068b
F4,packet,Bottinger2008_state_055,Bottinger2008_state_055::MEA + MEAH+,Bottinger2008,species,true-species-liquid-mole-fraction-linear-aggregate,MEA + MEAH+,333.15,0.13090261805236106,0.0974,0.09790542393714591,0.047059956903715776,0.005175740184203353,0.001107319771889793,f075066e07a8801b299dd119476fa286888939743b8836da425236dc85e5068b
F4,packet,Bottinger2008_state_055,Bottinger2008_state_055::MEACOO-,Bottinger2008,species,true-species-liquid-mole-fraction,MEACOO-,333.15,0.13090261805236106,0.0147,0.014313427458995455,-0.15650710162127326,-0.02664941394119882,0.012247236428945778,f075066e07a8801b299dd119476fa286888939743b8836da425236dc85e5068b
F4,packet,Bottinger2008_state_056,Bottinger2008_state_056::MEA + MEAH+,Bottinger2008,species,true-species-liquid-mole-fraction-linear-aggregate,MEA + MEAH+,333.15,0.20290405808116166,0.0905,0.09016173147632621,-0.0336585595695311,-0.003744776674222393,0.0005664493161478368,f075066e07a8801b299dd119476fa286888939743b8836da425236dc85e5068b
F4,packet,Bottinger2008_state_056,Bottinger2008_state_056::MEACOO-,Bottinger2008,species,true-species-liquid-mole-fraction,MEACOO-,333.15,0.20290405808116166,0.0231,0.022057091028077347,-0.31507823925155654,-0.046198478758478746,0.04963714842493055,f075066e07a8801b299dd119476fa286888939743b8836da425236dc85e5068b
F4,packet,Bottinger2008_state_057,Bottinger2008_state_057::MEA + MEAH+,Bottinger2008,species,true-species-liquid-mole-fraction-linear-aggregate,MEA + MEAH+,333.15,0.27690553811076224,0.0791,0.08238062915186209,0.36819631334030134,0.040637451396982806,0.06778426257869469,f075066e07a8801b299dd119476fa286888939743b8836da425236dc85e5068b
F4,packet,Bottinger2008_state_057,Bottinger2008_state_057::MEACOO-,Bottinger2008,species,true-species-liquid-mole-fraction,MEACOO-,333.15,0.27690553811076224,0.0302,0.029838128739907387,-0.09001772639119747,-0.012054860800231352,0.004051595532320245,f075066e07a8801b299dd119476fa286888939743b8836da425236dc85e5068b
F4,packet,Bottinger2008_state_058,Bottinger2008_state_058::MEA + MEAH+,Bottinger2008,species,true-species-liquid-mole-fraction-linear-aggregate,MEA + MEAH+,333.15,0.4149082981659633,0.0687,0.06923004164294976,0.06734963696947367,0.00768569697740728,0.0022679867999599473,f075066e07a8801b299dd119476fa286888939743b8836da425236dc85e5068b
F4,packet,Bottinger2008_state_058,Bottinger2008_state_058::MEACOO-,Bottinger2008,species,true-species-liquid-mole-fraction,MEACOO-,333.15,0.4149082981659633,0.0417,0.042988056717892124,0.24914056438919216,0.030421197562229343,0.031035510412082603,f075066e07a8801b299dd119476fa286888939743b8836da425236dc85e5068b
F4,packet,Bottinger2008_state_058,Bottinger2008_state_058::HCO3-,Bottinger2008,species,true-species-liquid-mole-fraction-linear-aggregate,HCO3-,333.15,0.4149082981659633,0.0042,0.00357558781951443,-0.4397268876658941,-0.1609549376206653,0.09667986786816692,f075066e07a8801b299dd119476fa286888939743b8836da425236dc85e5068b
F4,packet,Bottinger2008_state_059,Bottinger2008_state_059::MEA + MEAH+,Bottinger2008,species,true-species-liquid-mole-fraction-linear-aggregate,MEA + MEAH+,333.15,0.4889097781955639,0.068,0.0651770636469704,-0.3619149170550774,-0.04240008268987028,0.06549120359349177,f075066e07a8801b299dd119476fa286888939743b8836da425236dc85e5068b
F4,packet,Bottinger2008_state_059,Bottinger2008_state_059::MEACOO-,Bottinger2008,species,true-species-liquid-mole-fraction,MEACOO-,333.15,0.4889097781955639,0.0424,0.04703744896957183,0.8850093453381351,0.10379570879286643,0.3916207706679173,f075066e07a8801b299dd119476fa286888939743b8836da425236dc85e5068b
F4,packet,Bottinger2008_state_059,Bottinger2008_state_059::HCO3-,Bottinger2008,species,true-species-liquid-mole-fraction-linear-aggregate,HCO3-,333.15,0.4889097781955639,0.0072,0.007796628285915656,0.34687691041607893,0.07961034318102435,0.06016179548990223,f075066e07a8801b299dd119476fa286888939743b8836da425236dc85e5068b
F4,packet,Matin2012_state_001,Matin2012_state_001::MEA,Matin2012,species,true-species-liquid-mole-fraction,MEA,293.15,0.10590211804236084,0.0915,0.08857244966356434,-0.2884286045749417,-0.0325181149045065,0.04159552996852404,f075066e07a8801b299dd119476fa286888939743b8836da425236dc85e5068b
F4,packet,Matin2012_state_001,Matin2012_state_001::MEAH+,Matin2012,species,true-species-liquid-mole-fraction,MEAH+,293.15,0.10590211804236084,0.0115,0.012090127590649218,0.27447794913917123,0.05004218260538487,0.03766907228182274,f075066e07a8801b299dd119476fa286888939743b8836da425236dc85e5068b
F4,packet,Matin2012_state_001,Matin2012_state_001::MEACOO-,Matin2012,species,true-species-liquid-mole-fraction,MEACOO-,293.15,0.10590211804236084,0.0097,0.011556291333759162,0.9422798648523666,0.17510410738254314,0.44394567185309713,f075066e07a8801b299dd119476fa286888939743b8836da425236dc85e5068b
F4,packet,Matin2012_state_001,Matin2012_state_001::HCO3-,Matin2012,species,true-species-liquid-mole-fraction-linear-aggregate,HCO3-,293.15,0.10590211804236084,0.0024,0.00033890606951462776,-1.6621725245849772,-1.957501028427435,1.3814087507425983,f075066e07a8801b299dd119476fa286888939743b8836da425236dc85e5068b
F4,packet,Matin2012_state_002,Matin2012_state_002::MEA,Matin2012,species,true-species-liquid-mole-fraction,MEA,293.15,0.12790255805116105,0.0867,0.08367289492253978,-0.31304085599381803,-0.03553879478818214,0.04899728876067116,f075066e07a8801b299dd119476fa286888939743b8836da425236dc85e5068b
F4,packet,Matin2012_state_002,Matin2012_state_002::MEAH+,Matin2012,species,true-species-liquid-mole-fraction,MEAH+,293.15,0.12790255805116105,0.0139,0.01462143643453298,0.30185624875856965,0.05059986069468521,0.04555859745729774,f075066e07a8801b299dd119476fa286888939743b8836da425236dc85e5068b
F4,packet,Matin2012_state_002,Matin2012_state_002::MEACOO-,Matin2012,species,true-species-liquid-mole-fraction,MEACOO-,293.15,0.12790255805116105,0.0124,0.013924537094897613,0.680596917365006,0.11595606991354694,0.23160608196337443,f075066e07a8801b299dd119476fa286888939743b8836da425236dc85e5068b
F4,packet,Matin2012_state_002,Matin2012_state_002::HCO3-,Matin2012,species,true-species-liquid-mole-fraction-linear-aggregate,HCO3-,293.15,0.12790255805116105,0.0022,0.0004394741879648053,-1.4430539442911432,-1.610633654401382,1.041202343067113,f075066e07a8801b299dd119476fa286888939743b8836da425236dc85e5068b
F4,packet,Matin2012_state_003,Matin2012_state_003::MEA,Matin2012,species,true-species-liquid-mole-fraction,MEA,293.15,0.1499029980599612,0.0817,0.07877667102430239,-0.3187926909157697,-0.03643710182554828,0.05081438989065874,f075066e07a8801b299dd119476fa286888939743b8836da425236dc85e5068b
F4,packet,Matin2012_state_003,Matin2012_state_003::MEAH+,Matin2012,species,true-species-liquid-mole-fraction,MEAH+,293.15,0.1499029980599612,0.0162,0.017165233327046503,0.36840966681164267,0.05787477776544402,0.06786284130013279,f075066e07a8801b299dd119476fa286888939743b8836da425236dc85e5068b
F4,packet,Matin2012_state_003,Matin2012_state_003::MEACOO-,Matin2012,species,true-species-liquid-mole-fraction,MEACOO-,293.15,0.1499029980599612,0.0151,0.01627696393044244,0.46890993244718715,0.07505610860288775,0.10993826237381281,f075066e07a8801b299dd119476fa286888939743b8836da425236dc85e5068b
F4,packet,Matin2012_state_003,Matin2012_state_003::HCO3-,Matin2012,species,true-species-liquid-mole-fraction-linear-aggregate,HCO3-,293.15,0.1499029980599612,0.002,0.0005558609163440632,-1.2034492363799474,-1.280384347044663,0.7241450322717392,f075066e07a8801b299dd119476fa286888939743b8836da425236dc85e5068b
F4,packet,Matin2012_state_004,Matin2012_state_004::MEA,Matin2012,species,true-species-liquid-mole-fraction,MEA,293.15,0.17290345806916138,0.0768,0.07366199628334832,-0.36152116551286506,-0.04171762818235124,0.06534877655689018,f075066e07a8801b299dd119476fa286888939743b8836da425236dc85e5068b
F4,packet,Matin2012_state_004,Matin2012_state_004::MEAH+,Matin2012,species,true-species-liquid-mole-fraction,MEAH+,293.15,0.17290345806916138,0.0186,0.01984026279640029,0.4336583204196825,0.06455176683615159,0.09402976943461,f075066e07a8801b299dd119476fa286888939743b8836da425236dc85e5068b
F4,packet,Matin2012_state_004,Matin2012_state_004::MEACOO-,Matin2012,species,true-species-liquid-mole-fraction,MEACOO-,293.15,0.17290345806916138,0.0177,0.018716608979631195,0.3670068518524167,0.05584667081059086,0.06734701465331087,f075066e07a8801b299dd119476fa286888939743b8836da425236dc85e5068b
F4,packet,Matin2012_state_004,Matin2012_state_004::HCO3-,Matin2012,species,true-species-liquid-mole-fraction-linear-aggregate,HCO3-,293.15,0.17290345806916138,0.002,0.0006972478172157854,-1.0856268189868454,-1.0537615636011834,0.5892927950517485,f075066e07a8801b299dd119476fa286888939743b8836da425236dc85e5068b
F4,packet,Matin2012_state_005,Matin2012_state_005::MEA,Matin2012,species,true-species-liquid-mole-fraction,MEA,293.15,0.19490389807796157,0.0718,0.06877426950852214,-0.36989370311465314,-0.043054790768183464,0.06841067580193558,f075066e07a8801b299dd119476fa286888939743b8836da425236dc85e5068b
F4,packet,Matin2012_state_005,Matin2012_state_005::MEAH+,Matin2012,species,true-species-liquid-mole-fraction,MEAH+,293.15,0.19490389807796157,0.021,0.02241636890027412,0.45689319363681297,0.0652690087430454,0.10437569519582314,f075066e07a8801b299dd119476fa286888939743b8836da425236dc85e5068b
F4,packet,Matin2012_state_005,Matin2012_state_005::MEACOO-,Matin2012,species,true-species-liquid-mole-fraction,MEACOO-,293.15,0.19490389807796157,0.0203,0.021028229384902293,0.24033973099085623,0.035244905395819946,0.02888159314637857,f075066e07a8801b299dd119476fa286888939743b8836da425236dc85e5068b
F4,packet,Matin2012_state_005,Matin2012_state_005::HCO3-,Matin2012,species,true-species-liquid-mole-fraction-linear-aggregate,HCO3-,293.15,0.19490389807796157,0.002,0.0008544400899153689,-0.9546332584038592,-0.8504560707195151,0.45566232902538467,f075066e07a8801b299dd119476fa286888939743b8836da425236dc85e5068b
F4,packet,Matin2012_state_006,Matin2012_state_006::MEA,Matin2012,species,true-species-liquid-mole-fraction,MEA,293.15,0.21790435808716177,0.0668,0.06367002536572725,-0.4075487805042647,-0.047989188120039605,0.08304800424525666,f075066e07a8801b299dd119476fa286888939743b8836da425236dc85e5068b
F4,packet,Matin2012_state_006,Matin2012_state_006::MEAH+,Matin2012,species,true-species-liquid-mole-fraction,MEAH+,293.15,0.21790435808716177,0.0234,0.025130685554886383,0.5181693278102941,0.07135360915744265,0.13424972614168604,f075066e07a8801b299dd119476fa286888939743b8836da425236dc85e5068b
F4,packet,Matin2012_state_006,Matin2012_state_006::MEACOO-,Matin2012,species,true-species-liquid-mole-fraction,MEACOO-,293.15,0.21790435808716177,0.0228,0.023418156524719777,0.18846235509749273,0.026751105392889725,0.017759029644446724,f075066e07a8801b299dd119476fa286888939743b8836da425236dc85e5068b
F4,packet,Matin2012_state_006,Matin2012_state_006::HCO3-,Matin2012,species,true-species-liquid-mole-fraction-linear-aggregate,HCO3-,293.15,0.21790435808716177,0.0021,0.0010455437290728439,-0.8714514635761619,-0.6974002797272225,0.3797138266845173,f075066e07a8801b299dd119476fa286888939743b8836da425236dc85e5068b
F4,packet,Matin2012_state_007,Matin2012_state_007::MEA,Matin2012,species,true-species-liquid-mole-fraction,MEA,293.15,0.24090481809636194,0.0618,0.05857273254517854,-0.4494801469110674,-0.05363409110195822,0.10101620123359738,f075066e07a8801b299dd119476fa286888939743b8836da425236dc85e5068b
F4,packet,Matin2012_state_007,Matin2012_state_007::MEAH+,Matin2012,species,true-species-liquid-mole-fraction,MEAH+,293.15,0.24090481809636194,0.0257,0.027869942801397894,0.6078271152375052,0.08105779725465607,0.1847269010089737,f075066e07a8801b299dd119476fa286888939743b8836da425236dc85e5068b
F4,packet,Matin2012_state_007,Matin2012_state_007::MEACOO-,Matin2012,species,true-species-liquid-mole-fraction,MEACOO-,293.15,0.24090481809636194,0.0252,0.02577619165606815,0.16369081138299754,0.02260726733606579,0.01339734086561204,f075066e07a8801b299dd119476fa286888939743b8836da425236dc85e5068b
F4,packet,Matin2012_state_007,Matin2012_state_007::HCO3-,Matin2012,species,true-species-liquid-mole-fraction-linear-aggregate,HCO3-,293.15,0.24090481809636194,0.0023,0.0012685384974091241,-0.8385865874722568,-0.59504367457285,0.3516137323441825,f075066e07a8801b299dd119476fa286888939743b8836da425236dc85e5068b
F4,packet,Matin2012_state_008,Matin2012_state_008::MEA,Matin2012,species,true-species-liquid-mole-fraction,MEA,293.15,0.26390527810556214,0.0568,0.053484001108975575,-0.4964070196144353,-0.060153761239970446,0.12320996456124317,f075066e07a8801b299dd119476fa286888939743b8836da425236dc85e5068b
F4,packet,Matin2012_state_008,Matin2012_state_008::MEAH+,Matin2012,species,true-species-liquid-mole-fraction,MEAH+,293.15,0.26390527810556214,0.0281,0.03063787347493068,0.6661085236038533,0.08646736256444845,0.2218502826088526,f075066e07a8801b299dd119476fa286888939743b8836da425236dc85e5068b
F4,packet,Matin2012_state_008,Matin2012_state_008::MEACOO-,Matin2012,species,true-species-liquid-mole-fraction,MEACOO-,293.15,0.26390527810556214,0.0276,0.028096991848941932,0.13217868322923745,0.017846746247082913,0.00873560215010755,f075066e07a8801b299dd119476fa286888939743b8836da425236dc85e5068b
F4,packet,Matin2012_state_008,Matin2012_state_008::HCO3-,Matin2012,species,true-species-liquid-mole-fraction-linear-aggregate,HCO3-,293.15,0.26390527810556214,0.0026,0.0015287670176250584,-0.8501849066467789,-0.5310499053448444,0.3614071877449961,f075066e07a8801b299dd119476fa286888939743b8836da425236dc85e5068b
F4,packet,Matin2012_state_009,Matin2012_state_009::MEA,Matin2012,species,true-species-liquid-mole-fraction,MEA,293.15,0.2869057381147623,0.0518,0.048406083432527,-0.5491774381024265,-0.06776465268658231,0.15079792926037222,f075066e07a8801b299dd119476fa286888939743b8836da425236dc85e5068b
F4,packet,Matin2012_state_009,Matin2012_state_009::MEAH+,Matin2012,species,true-species-liquid-mole-fraction,MEAH+,293.15,0.2869057381147623,0.0304,0.03343846895550639,0.7520962761154426,0.09526439393279433,0.28282440427335803,f075066e07a8801b299dd119476fa286888939743b8836da425236dc85e5068b
F4,packet,Matin2012_state_009,Matin2012_state_009::MEACOO-,Matin2012,species,true-species-liquid-mole-fraction,MEACOO-,293.15,0.2869057381147623,0.0299,0.03037431329828024,0.11887551335344392,0.015738813544494176,0.007065693837522411,f075066e07a8801b299dd119476fa286888939743b8836da425236dc85e5068b
F4,packet,Matin2012_state_009,Matin2012_state_009::HCO3-,Matin2012,species,true-species-liquid-mole-fraction-linear-aggregate,HCO3-,293.15,0.2869057381147623,0.003,0.001832472629499648,-0.8980979773079631,-0.49294607015397435,0.40328998842232733,f075066e07a8801b299dd119476fa286888939743b8836da425236dc85e5068b
F4,packet,Matin2012_state_010,Matin2012_state_010::MEA,Matin2012,species,true-species-liquid-mole-fraction,MEA,293.15,0.3099061981239625,0.0469,0.04334224337369887,-0.6252647849386862,-0.0788899184847705,0.19547802564221076,f075066e07a8801b299dd119476fa286888939743b8836da425236dc85e5068b
F4,packet,Matin2012_state_010,Matin2012_state_010::MEAH+,Matin2012,species,true-species-liquid-mole-fraction,MEAH+,293.15,0.3099061981239625,0.0327,0.03627583369384508,0.8374317784180513,0.10377670320377712,0.35064599175221006,f075066e07a8801b299dd119476fa286888939743b8836da425236dc85e5068b
F4,packet,Matin2012_state_010,Matin2012_state_010::MEACOO-,Matin2012,species,true-species-liquid-mole-fraction,MEACOO-,293.15,0.3099061981239625,0.0321,0.03260078761732706,0.11895192810619003,0.01548041798555004,0.0070747806000901,f075066e07a8801b299dd119476fa286888939743b8836da425236dc85e5068b
F4,packet,Matin2012_state_010,Matin2012_state_010::HCO3-,Matin2012,species,true-species-liquid-mole-fraction-linear-aggregate,HCO3-,293.15,0.3099061981239625,0.0034,0.002187022986195623,-0.9052067267196843,-0.44123417960520456,0.4096996090492826,f075066e07a8801b299dd119476fa286888939743b8836da425236dc85e5068b
F4,packet,Matin2012_state_011,Matin2012_state_011::MEA,Matin2012,species,true-species-liquid-mole-fraction,MEA,293.15,0.33390667813356273,0.0419,0.03807859839732795,-0.7363008868346923,-0.09563342447517267,0.2710694979767772,f075066e07a8801b299dd119476fa286888939743b8836da425236dc85e5068b
F4,packet,Matin2012_state_011,Matin2012_state_011::MEAH+,Matin2012,species,true-species-liquid-mole-fraction,MEAH+,293.15,0.33390667813356273,0.0349,0.039280031514416495,0.9755081323867472,0.11822945657940746,0.4758080581763397,f075066e07a8801b299dd119476fa286888939743b8836da425236dc85e5068b
F4,packet,Matin2012_state_011,Matin2012_state_011::MEACOO-,Matin2012,species,true-species-liquid-mole-fraction,MEACOO-,293.15,0.33390667813356273,0.0342,0.0348602333152366,0.14937405322094952,0.019121088922220236,0.01115630388782753,f075066e07a8801b299dd119476fa286888939743b8836da425236dc85e5068b
F4,packet,Matin2012_state_011,Matin2012_state_011::HCO3-,Matin2012,species,true-species-liquid-mole-fraction-linear-aggregate,HCO3-,293.15,0.33390667813356273,0.004,0.002620816562313724,-0.9851310269187686,-0.42280842689909587,0.4852415700990138,f075066e07a8801b299dd119476fa286888939743b8836da425236dc85e5068b
F4,packet,Matin2012_state_012,Matin2012_state_012::MEA,Matin2012,species,true-species-liquid-mole-fraction,MEA,293.15,0.3579071581431629,0.0371,0.032844610549421074,-0.9034797134987104,-0.12182930056497533,0.4081377963518559,f075066e07a8801b299dd119476fa286888939743b8836da425236dc85e5068b
F4,packet,Matin2012_state_012,Matin2012_state_012::MEAH+,Matin2012,species,true-species-liquid-mole-fraction,MEAH+,293.15,0.3579071581431629,0.0372,0.04233229822306257,1.0873513184454608,0.12924158478872108,0.591166444862541,f075066e07a8801b299dd119476fa286888939743b8836da425236dc85e5068b
F4,packet,Matin2012_state_012,Matin2012_state_012::MEACOO-,Matin2012,species,true-species-liquid-mole-fraction,MEACOO-,293.15,0.3579071581431629,0.0362,0.037041952314531695,0.1822407607211455,0.02299199783291448,0.016605847434110907,f075066e07a8801b299dd119476fa286888939743b8836da425236dc85e5068b
F4,packet,Matin2012_state_012,Matin2012_state_012::HCO3-,Matin2012,species,true-species-liquid-mole-fraction-linear-aggregate,HCO3-,293.15,0.3579071581431629,0.0046,0.0031323304453565906,-1.0052531196187735,-0.384279024751613,0.5052669172516381,f075066e07a8801b299dd119476fa286888939743b8836da425236dc85e5068b
F4,packet,Matin2012_state_013,Matin2012_state_013::MEA,Matin2012,species,true-species-liquid-mole-fraction,MEA,293.15,0.3819076381527631,0.0322,0.027655555604086408,-1.076882558273363,-0.15213981875820376,0.5798380221566916,f075066e07a8801b299dd119476fa286888939743b8836da425236dc85e5068b
F4,packet,Matin2012_state_013,Matin2012_state_013::MEAH+,Matin2012,species,true-species-liquid-mole-fraction,MEAH+,293.15,0.3819076381527631,0.0394,0.045434503006172924,1.221559312990471,0.1425059782158159,0.7461035775768756,f075066e07a8801b299dd119476fa286888939743b8836da425236dc85e5068b
F4,packet,Matin2012_state_013,Matin2012_state_013::MEACOO-,Matin2012,species,true-species-liquid-mole-fraction,MEACOO-,293.15,0.3819076381527631,0.0381,0.03912879914313074,0.21388755574443666,0.02664446471332725,0.02287394325116475,f075066e07a8801b299dd119476fa286888939743b8836da425236dc85e5068b
F4,packet,Matin2012_state_013,Matin2012_state_013::HCO3-,Matin2012,species,true-species-liquid-mole-fraction-linear-aggregate,HCO3-,293.15,0.3819076381527631,0.0053,0.003738705302941978,-1.0204540503647201,-0.3489674447482327,0.5206632344528814,f075066e07a8801b299dd119476fa286888939743b8836da425236dc85e5068b
F4,packet,Matin2012_state_014,Matin2012_state_014::MEA,Matin2012,species,true-species-liquid-mole-fraction,MEA,293.15,0.4059081181623633,0.0274,0.022539364609586828,-1.2996351311265166,-0.19527969463904898,0.844525737029119,f075066e07a8801b299dd119476fa286888939743b8836da425236dc85e5068b
F4,packet,Matin2012_state_014,Matin2012_state_014::MEAH+,Matin2012,species,true-species-liquid-mole-fraction,MEAH+,293.15,0.4059081181623633,0.0415,0.048584406468365884,1.375612906478812,0.15760919762458508,0.9461554342355425,f075066e07a8801b299dd119476fa286888939743b8836da425236dc85e5068b
F4,packet,Matin2012_state_014,Matin2012_state_014::MEACOO-,Matin2012,species,true-species-liquid-mole-fraction,MEACOO-,293.15,0.4059081181623633,0.04,0.04109508104763789,0.21901620952757828,0.02700897768650187,0.023984050017914035,f075066e07a8801b299dd119476fa286888939743b8836da425236dc85e5068b
F4,packet,Matin2012_state_014,Matin2012_state_014::HCO3-,Matin2012,species,true-species-liquid-mole-fraction-linear-aggregate,HCO3-,293.15,0.4059081181623633,0.0061,0.004465623549422957,-1.015140652532325,-0.3118799138750314,0.5152552722118773,f075066e07a8801b299dd119476fa286888939743b8836da425236dc85e5068b
F4,packet,Matin2012_state_015,Matin2012_state_015::MEA,Matin2012,species,true-species-liquid-mole-fraction,MEA,293.15,0.4309086181723635,0.0227,0.01734767048781677,-1.636798015958175,-0.2689066929408391,1.339553872522309,f075066e07a8801b299dd119476fa286888939743b8836da425236dc85e5068b
F4,packet,Matin2012_state_015,Matin2012_state_015::MEAH+,Matin2012,species,true-species-liquid-mole-fraction,MEAH+,293.15,0.4309086181723635,0.0436,0.05190390226431092,1.5492354970729332,0.17433682512737997,1.2000653126954093,f075066e07a8801b299dd119476fa286888939743b8836da425236dc85e5068b
F4,packet,Matin2012_state_015,Matin2012_state_015::MEACOO-,Matin2012,species,true-species-liquid-mole-fraction,MEACOO-,293.15,0.4309086181723635,0.0417,0.04296726814144486,0.24511956314213884,0.029937491011492293,0.030041800117496496,f075066e07a8801b299dd119476fa286888939743b8836da425236dc85e5068b
F4,packet,Matin2012_state_015,Matin2012_state_015::HCO3-,Matin2012,species,true-species-liquid-mole-fraction-linear-aggregate,HCO3-,293.15,0.4309086181723635,0.007,0.005398802827475662,-0.9418806897201988,-0.25973291867947357,0.44356961683389867,f075066e07a8801b299dd119476fa286888939743b8836da425236dc85e5068b
F4,packet,Matin2012_state_017,Matin2012_state_017::MEA,Matin2012,species,true-species-liquid-mole-fraction,MEA,293.15,0.4799095981919638,0.0135,0.008259421691502301,-2.230033322764978,-0.4913351134978457,2.486524310321104,f075066e07a8801b299dd119476fa286888939743b8836da425236dc85e5068b
F4,packet,Matin2012_state_017,Matin2012_state_017::MEAH+,Matin2012,species,true-species-liquid-mole-fraction,MEAH+,293.15,0.4799095981919638,0.0477,0.05832957618544993,1.8422142435788438,0.2011778770373786,1.6968766596223859,f075066e07a8801b299dd119476fa286888939743b8836da425236dc85e5068b
F4,packet,Matin2012_state_017,Matin2012_state_017::MEACOO-,Matin2012,species,true-species-liquid-mole-fraction,MEACOO-,293.15,0.4799095981919638,0.0448,0.04562975122067698,0.15141445632791609,0.0183518034035085,0.011463168792539204,f075066e07a8801b299dd119476fa286888939743b8836da425236dc85e5068b
F4,packet,Matin2012_state_017,Matin2012_state_017::HCO3-,Matin2012,species,true-species-liquid-mole-fraction-linear-aggregate,HCO3-,293.15,0.4799095981919638,0.0091,0.008234180881878873,-0.4533084388068731,-0.09998052273616458,0.10274427034676231,f075066e07a8801b299dd119476fa286888939743b8836da425236dc85e5068b
F4,packet,Matin2012_state_018,Matin2012_state_018::MEA,Matin2012,species,true-species-liquid-mole-fraction,MEA,293.15,0.5049100982019641,0.009,0.004985341588236346,-2.1129781114545545,-0.590722653053106,2.232338249743028,f075066e07a8801b299dd119476fa286888939743b8836da425236dc85e5068b
F4,packet,Matin2012_state_018,Matin2012_state_018::MEAH+,Matin2012,species,true-species-liquid-mole-fraction,MEAH+,293.15,0.5049100982019641,0.0496,0.06131455220183617,1.9655288929255317,0.2120263742163861,1.931651914462533,f075066e07a8801b299dd119476fa286888939743b8836da425236dc85e5068b
F4,packet,Matin2012_state_018,Matin2012_state_018::MEACOO-,Matin2012,species,true-species-liquid-mole-fraction,MEACOO-,293.15,0.5049100982019641,0.0462,0.04591864391267682,-0.0500633607336619,-0.006108578030807942,0.0012531700439743802,f075066e07a8801b299dd119476fa286888939743b8836da425236dc85e5068b
F4,packet,Matin2012_state_018,Matin2012_state_018::HCO3-,Matin2012,species,true-species-liquid-mole-fraction-linear-aggregate,HCO3-,293.15,0.5049100982019641,0.0102,0.010748766389864745,0.2716665296360118,0.05240327326746632,0.036901351662237035,f075066e07a8801b299dd119476fa286888939743b8836da425236dc85e5068b
F4,packet,Matin2012_state_019,Matin2012_state_019::MEA,Matin2012,species,true-species-liquid-mole-fraction,MEA,293.15,0.5309106182123643,0.0046,0.0029970060379252185,-1.097941069914234,-0.4284425005061566,0.6027372965022064,f075066e07a8801b299dd119476fa286888939743b8836da425236dc85e5068b
F4,packet,Matin2012_state_019,Matin2012_state_019::MEAH+,Matin2012,species,true-species-liquid-mole-fraction,MEAH+,293.15,0.5309106182123643,0.0515,0.06405906536741245,2.042124449985764,0.21822374644879056,2.08513613461483,f075066e07a8801b299dd119476fa286888939743b8836da425236dc85e5068b
F4,packet,Matin2012_state_019,Matin2012_state_019::MEACOO-,Matin2012,species,true-species-liquid-mole-fraction,MEACOO-,293.15,0.5309106182123643,0.0475,0.04516184229730366,-0.4066361222080589,-0.050477177699645284,0.08267646794220371,f075066e07a8801b299dd119476fa286888939743b8836da425236dc85e5068b
F4,packet,Matin2012_state_019,Matin2012_state_019::HCO3-,Matin2012,species,true-species-liquid-mole-fraction-linear-aggregate,HCO3-,293.15,0.5309106182123643,0.0114,0.01441735807818982,1.4099804103690747,0.23481954734012092,0.9940223788122722,f075066e07a8801b299dd119476fa286888939743b8836da425236dc85e5068b
F5,packet,Bottinger2008_state_030,Bottinger2008_state_030::MEA + MEAH+,Bottinger2008,species,true-species-liquid-mole-fraction-linear-aggregate,MEA + MEAH+,293.15,0.0749014980299606,0.1054,0.10425324309897979,-0.09937234844195854,-0.010939667049106198,0.004937431817435009,9e1b067fe9bb19ba50cde940379487d15bc1843eb2598c653cc23eeb140d44f7
F5,packet,Bottinger2008_state_030,Bottinger2008_state_030::MEACOO-,Bottinger2008,species,true-species-liquid-mole-fraction,MEACOO-,293.15,0.0749014980299606,0.0086,0.007965625674027772,-0.3410614655764669,-0.07662671006006208,0.05816146165058375,9e1b067fe9bb19ba50cde940379487d15bc1843eb2598c653cc23eeb140d44f7
F5,packet,Bottinger2008_state_031,Bottinger2008_state_031::MEA + MEAH+,Bottinger2008,species,true-species-liquid-mole-fraction-linear-aggregate,MEA + MEAH+,293.15,0.1499029980599612,0.0966,0.09635950184075717,-0.02256080293084736,-0.0024927332572989673,0.00025449491444226536,9e1b067fe9bb19ba50cde940379487d15bc1843eb2598c653cc23eeb140d44f7
F5,packet,Bottinger2008_state_031,Bottinger2008_state_031::MEACOO-,Bottinger2008,species,true-species-liquid-mole-fraction,MEACOO-,293.15,0.1499029980599612,0.0171,0.015859366519798912,-0.45779833217752347,-0.07531819010472818,0.10478965647226106,9e1b067fe9bb19ba50cde940379487d15bc1843eb2598c653cc23eeb140d44f7
F5,packet,Bottinger2008_state_032,Bottinger2008_state_032::MEA + MEAH+,Bottinger2008,species,true-species-liquid-mole-fraction-linear-aggregate,MEA + MEAH+,293.15,0.2349046980939619,0.0871,0.08758821265318925,0.05027936696078831,0.005589546276500013,0.0012640073709888056,9e1b067fe9bb19ba50cde940379487d15bc1843eb2598c653cc23eeb140d44f7
F5,packet,Bottinger2008_state_032,Bottinger2008_state_032::MEACOO-,Bottinger2008,species,true-species-liquid-mole-fraction,MEACOO-,293.15,0.2349046980939619,0.0267,0.024630654302047136,-0.5638544136111351,-0.08067178837905811,0.1589658998743785,9e1b067fe9bb19ba50cde940379487d15bc1843eb2598c653cc23eeb140d44f7
F5,packet,Bottinger2008_state_033,Bottinger2008_state_033::MEA + MEAH+,Bottinger2008,species,true-species-liquid-mole-fraction-linear-aggregate,MEA + MEAH+,293.15,0.30890617812356247,0.078,0.08019702659605799,0.24966211318840742,0.027777612633467508,0.03116558538085058,9e1b067fe9bb19ba50cde940379487d15bc1843eb2598c653cc23eeb140d44f7
F5,packet,Bottinger2008_state_033,Bottinger2008_state_033::MEACOO-,Bottinger2008,species,true-species-liquid-mole-fraction,MEACOO-,293.15,0.30890617812356247,0.0349,0.032021836448401605,-0.6410163812023151,-0.08606877011762197,0.20545100048485587,9e1b067fe9bb19ba50cde940379487d15bc1843eb2598c653cc23eeb140d44f7
F5,packet,Bottinger2008_state_034,Bottinger2008_state_034::MEA + MEAH+,Bottinger2008,species,true-species-liquid-mole-fraction-linear-aggregate,MEA + MEAH+,293.15,0.38790775815516315,0.0678,0.07283712423550451,0.6474452744864406,0.07166357856674492,0.2095926917274112,9e1b067fe9bb19ba50cde940379487d15bc1843eb2598c653cc23eeb140d44f7
F5,packet,Bottinger2008_state_034,Bottinger2008_state_034::MEACOO-,Bottinger2008,species,true-species-liquid-mole-fraction,MEACOO-,293.15,0.38790775815516315,0.043,0.03938172128642582,-0.6826940969007876,-0.08789833377744082,0.233035614971591,9e1b067fe9bb19ba50cde940379487d15bc1843eb2598c653cc23eeb140d44f7
F5,packet,Bottinger2008_state_035,Bottinger2008_state_035::MEA + MEAH+,Bottinger2008,species,true-species-liquid-mole-fraction-linear-aggregate,MEA + MEAH+,293.15,0.4739094781895638,0.062,0.06701248580698153,0.6961785843029908,0.07774457231195998,0.24233231062105826,9e1b067fe9bb19ba50cde940379487d15bc1843eb2598c653cc23eeb140d44f7
F5,packet,Bottinger2008_state_035,Bottinger2008_state_035::MEACOO-,Bottinger2008,species,true-species-liquid-mole-fraction,MEACOO-,293.15,0.4739094781895638,0.0493,0.04520617620657246,-0.6903581439169536,-0.08669036180676211,0.2382971834362306,9e1b067fe9bb19ba50cde940379487d15bc1843eb2598c653cc23eeb140d44f7
F5,packet,Bottinger2008_state_043,Bottinger2008_state_043::MEA + MEAH+,Bottinger2008,species,true-species-liquid-mole-fraction-linear-aggregate,MEA + MEAH+,313.15,0.20490409808196164,0.0934,0.09051772715062673,-0.2787497920090205,-0.031345633593499386,0.038850723272536095,9e1b067fe9bb19ba50cde940379487d15bc1843eb2598c653cc23eeb140d44f7
F5,packet,Bottinger2008_state_043,Bottinger2008_state_043::MEACOO-,Bottinger2008,species,true-species-liquid-mole-fraction,MEACOO-,313.15,0.20490409808196164,0.0241,0.02170113356456343,-0.7034798930899027,-0.10484734331623728,0.24744197999089043,9e1b067fe9bb19ba50cde940379487d15bc1843eb2598c653cc23eeb140d44f7
F5,packet,Bottinger2008_state_044,Bottinger2008_state_044::MEA + MEAH+,Bottinger2008,species,true-species-liquid-mole-fraction-linear-aggregate,MEA + MEAH+,313.15,0.2359047180943619,0.0876,0.08732059080976812,-0.028627990802446733,-0.0031947002531654356,0.0004097809286924874,9e1b067fe9bb19ba50cde940379487d15bc1843eb2598c653cc23eeb140d44f7
F5,packet,Bottinger2008_state_044,Bottinger2008_state_044::MEACOO-,Bottinger2008,species,true-species-liquid-mole-fraction,MEACOO-,313.15,0.2359047180943619,0.0271,0.02489826530147154,-0.5934594874739778,-0.08473559344939266,0.17609708163643822,9e1b067fe9bb19ba50cde940379487d15bc1843eb2598c653cc23eeb140d44f7
F5,packet,Bottinger2008_state_045,Bottinger2008_state_045::MEA + MEAH+,Bottinger2008,species,true-species-liquid-mole-fraction-linear-aggregate,MEA + MEAH+,313.15,0.2799055981119623,0.084,0.08285827939281994,-0.12145963906170944,-0.013685127642340743,0.007376221960500366,9e1b067fe9bb19ba50cde940379487d15bc1843eb2598c653cc23eeb140d44f7
F5,packet,Bottinger2008_state_045,Bottinger2008_state_045::MEACOO-,Bottinger2008,species,true-species-liquid-mole-fraction,MEACOO-,313.15,0.2799055981119623,0.0327,0.029360565433285565,-0.7820689851790245,-0.10772261571544535,0.3058159487894746,9e1b067fe9bb19ba50cde940379487d15bc1843eb2598c653cc23eeb140d44f7
F5,packet,Bottinger2008_state_047,Bottinger2008_state_047::MEA + MEAH+,Bottinger2008,species,true-species-liquid-mole-fraction-linear-aggregate,MEA + MEAH+,313.15,0.3539070781415628,0.0749,0.07569663738867938,0.09383243682913817,0.010579848704815773,0.004402263100647103,9e1b067fe9bb19ba50cde940379487d15bc1843eb2598c653cc23eeb140d44f7
F5,packet,Bottinger2008_state_047,Bottinger2008_state_047::MEACOO-,Bottinger2008,species,true-species-liquid-mole-fraction,MEACOO-,313.15,0.3539070781415628,0.041,0.03652215538930826,-0.8780087471944591,-0.11565299329665717,0.3854496800749918,9e1b067fe9bb19ba50cde940379487d15bc1843eb2598c653cc23eeb140d44f7
F5,packet,Bottinger2008_state_048,Bottinger2008_state_048::MEA + MEAH+,Bottinger2008,species,true-species-liquid-mole-fraction-linear-aggregate,MEA + MEAH+,313.15,0.4599091981839637,0.065,0.06774346128459072,0.3657948379454286,0.041340672801986354,0.06690293173376119,9e1b067fe9bb19ba50cde940379487d15bc1843eb2598c653cc23eeb140d44f7
F5,packet,Bottinger2008_state_048,Bottinger2008_state_048::MEACOO-,Bottinger2008,species,true-species-liquid-mole-fraction,MEACOO-,313.15,0.4599091981839637,0.0492,0.04447470168452043,-0.7981922830201973,-0.10097309745575193,0.31855546033649734,9e1b067fe9bb19ba50cde940379487d15bc1843eb2598c653cc23eeb140d44f7
F5,packet,Bottinger2008_state_049,Bottinger2008_state_049::MEA + MEAH+,Bottinger2008,species,true-species-liquid-mole-fraction-linear-aggregate,MEA + MEAH+,313.15,0.4659093181863638,0.0663,0.0674929875796563,0.15635485971904345,0.017833807581170036,0.012223421078880877,9e1b067fe9bb19ba50cde940379487d15bc1843eb2598c653cc23eeb140d44f7
F5,packet,Bottinger2008_state_049,Bottinger2008_state_049::MEACOO-,Bottinger2008,species,true-species-liquid-mole-fraction,MEACOO-,313.15,0.4659093181863638,0.0502,0.04472505414210499,-0.9094594448330587,-0.11548118674790421,0.41355824089802773,9e1b067fe9bb19ba50cde940379487d15bc1843eb2598c653cc23eeb140d44f7
F5,packet,Bottinger2008_state_049,Bottinger2008_state_049::HCO3-,Bottinger2008,species,true-species-liquid-mole-fraction-linear-aggregate,HCO3-,313.15,0.4659093181863638,0.004,0.007561182298254845,2.5437016416106033,0.6367332055021678,3.235209020766239,9e1b067fe9bb19ba50cde940379487d15bc1843eb2598c653cc23eeb140d44f7
F5,packet,Bottinger2008_state_050,Bottinger2008_state_050::MEA + MEAH+,Bottinger2008,species,true-species-liquid-mole-fraction-linear-aggregate,MEA + MEAH+,313.15,0.4869097381947639,0.0646,0.0669157343820301,0.3104201584490753,0.03521972124869691,0.0481803373857745,9e1b067fe9bb19ba50cde940379487d15bc1843eb2598c653cc23eeb140d44f7
F5,packet,Bottinger2008_state_050,Bottinger2008_state_050::MEACOO-,Bottinger2008,species,true-species-liquid-mole-fraction,MEACOO-,313.15,0.4869097381947639,0.0511,0.04530166018790295,-0.9489917859405972,-0.12044081665263962,0.45029270489136214,9e1b067fe9bb19ba50cde940379487d15bc1843eb2598c653cc23eeb140d44f7
F5,packet,Bottinger2008_state_050,Bottinger2008_state_050::HCO3-,Bottinger2008,species,true-species-liquid-mole-fraction-linear-aggregate,HCO3-,313.15,0.4869097381947639,0.0052,0.009335073093892893,2.7204428249295347,0.585119981465943,3.7004045818552935,9e1b067fe9bb19ba50cde940379487d15bc1843eb2598c653cc23eeb140d44f7
F5,packet,Bottinger2008_state_055,Bottinger2008_state_055::MEA + MEAH+,Bottinger2008,species,true-species-liquid-mole-fraction-linear-aggregate,MEA + MEAH+,333.15,0.13090261805236106,0.0974,0.09829762030308546,0.08357730941205413,0.009173607697719226,0.0034925833242791158,9e1b067fe9bb19ba50cde940379487d15bc1843eb2598c653cc23eeb140d44f7
F5,packet,Bottinger2008_state_055,Bottinger2008_state_055::MEACOO-,Bottinger2008,species,true-species-liquid-mole-fraction,MEACOO-,333.15,0.13090261805236106,0.0147,0.0139212337545567,-0.31528997791226704,-0.054432211013115885,0.04970388508595892,9e1b067fe9bb19ba50cde940379487d15bc1843eb2598c653cc23eeb140d44f7
F5,packet,Bottinger2008_state_056,Bottinger2008_state_056::MEA + MEAH+,Bottinger2008,species,true-species-liquid-mole-fraction-linear-aggregate,MEA + MEAH+,333.15,0.20290405808116166,0.0905,0.09077958730466089,0.027819632304566324,0.0030846002079074554,0.0003869659707806351,9e1b067fe9bb19ba50cde940379487d15bc1843eb2598c653cc23eeb140d44f7
F5,packet,Bottinger2008_state_056,Bottinger2008_state_056::MEACOO-,Bottinger2008,species,true-species-liquid-mole-fraction,MEACOO-,333.15,0.20290405808116166,0.0231,0.021439235886972746,-0.501741423875303,-0.074609921560404,0.12587222821620822,9e1b067fe9bb19ba50cde940379487d15bc1843eb2598c653cc23eeb140d44f7
F5,packet,Bottinger2008_state_057,Bottinger2008_state_057::MEA + MEAH+,Bottinger2008,species,true-species-liquid-mole-fraction-linear-aggregate,MEA + MEAH+,333.15,0.27690553811076224,0.0791,0.08325756159349121,0.4666174627936256,0.051226079914001056,0.10886592829198029,9e1b067fe9bb19ba50cde940379487d15bc1843eb2598c653cc23eeb140d44f7
F5,packet,Bottinger2008_state_057,Bottinger2008_state_057::MEACOO-,Bottinger2008,species,true-species-liquid-mole-fraction,MEACOO-,333.15,0.27690553811076224,0.0302,0.028961177105533756,-0.30816489912095635,-0.04188571178001618,0.0474828025251146,9e1b067fe9bb19ba50cde940379487d15bc1843eb2598c653cc23eeb140d44f7
F5,packet,Bottinger2008_state_058,Bottinger2008_state_058::MEA + MEAH+,Bottinger2008,species,true-species-liquid-mole-fraction-linear-aggregate,MEA + MEAH+,333.15,0.4149082981659633,0.0687,0.0709163787926469,0.28162373477088914,0.031752220220702725,0.039655963993152056,9e1b067fe9bb19ba50cde940379487d15bc1843eb2598c653cc23eeb140d44f7
F5,packet,Bottinger2008_state_058,Bottinger2008_state_058::MEACOO-,Bottinger2008,species,true-species-liquid-mole-fraction,MEACOO-,333.15,0.4149082981659633,0.0417,0.04130123463786427,-0.07713063097402968,-0.009608734905316647,0.0029745671172259733,9e1b067fe9bb19ba50cde940379487d15bc1843eb2598c653cc23eeb140d44f7
F5,packet,Bottinger2008_state_058,Bottinger2008_state_058::HCO3-,Bottinger2008,species,true-species-liquid-mole-fraction-linear-aggregate,HCO3-,333.15,0.4149082981659633,0.0042,0.005257887363088664,0.7449911007666652,0.22464477878219202,0.2775058701107637,9e1b067fe9bb19ba50cde940379487d15bc1843eb2598c653cc23eeb140d44f7
F5,packet,Bottinger2008_state_059,Bottinger2008_state_059::MEA + MEAH+,Bottinger2008,species,true-species-liquid-mole-fraction-linear-aggregate,MEA + MEAH+,333.15,0.4889097781955639,0.068,0.06759530490349883,-0.05188398673092033,-0.005969178629489475,0.0013459740395471585,9e1b067fe9bb19ba50cde940379487d15bc1843eb2598c653cc23eeb140d44f7
F5,packet,Bottinger2008_state_059,Bottinger2008_state_059::MEACOO-,Bottinger2008,species,true-species-liquid-mole-fraction,MEACOO-,333.15,0.4889097781955639,0.0424,0.04461674514677114,0.4230429669410578,0.05096087804507161,0.08948267593914647,9e1b067fe9bb19ba50cde940379487d15bc1843eb2598c653cc23eeb140d44f7
F5,packet,Bottinger2008_state_059,Bottinger2008_state_059::HCO3-,Bottinger2008,species,true-species-liquid-mole-fraction-linear-aggregate,HCO3-,333.15,0.4889097781955639,0.0072,0.010194183598290026,1.7408044176104802,0.34773629616037877,1.5152000101860816,9e1b067fe9bb19ba50cde940379487d15bc1843eb2598c653cc23eeb140d44f7
F5,packet,Matin2012_state_001,Matin2012_state_001::MEA,Matin2012,species,true-species-liquid-mole-fraction,MEA,293.15,0.10590211804236084,0.0915,0.08877892588076113,-0.26808612012205646,-0.03018967161107453,0.03593508390104884,9e1b067fe9bb19ba50cde940379487d15bc1843eb2598c653cc23eeb140d44f7
F5,packet,Matin2012_state_001,Matin2012_state_001::MEAH+,Matin2012,species,true-species-liquid-mole-fraction,MEAH+,293.15,0.10590211804236084,0.0115,0.01219756904673298,0.32445071941068865,0.0588896380508914,0.052634134663056706,9e1b067fe9bb19ba50cde940379487d15bc1843eb2598c653cc23eeb140d44f7
F5,packet,Matin2012_state_001,Matin2012_state_001::MEACOO-,Matin2012,species,true-species-liquid-mole-fraction,MEACOO-,293.15,0.10590211804236084,0.0097,0.011242373724914411,0.7829308248296504,0.1475641221502972,0.30649033823421834,9e1b067fe9bb19ba50cde940379487d15bc1843eb2598c653cc23eeb140d44f7
F5,packet,Matin2012_state_001,Matin2012_state_001::HCO3-,Matin2012,species,true-species-liquid-mole-fraction-linear-aggregate,HCO3-,293.15,0.10590211804236084,0.0024,0.000652824259386872,-1.409012694042845,-1.3019160513256633,0.9926583859869378,9e1b067fe9bb19ba50cde940379487d15bc1843eb2598c653cc23eeb140d44f7
F5,packet,Matin2012_state_002,Matin2012_state_002::MEA,Matin2012,species,true-species-liquid-mole-fraction,MEA,293.15,0.12790255805116105,0.0867,0.0839240218498545,-0.28707116340698086,-0.03254199603920296,0.04120492642991875,9e1b067fe9bb19ba50cde940379487d15bc1843eb2598c653cc23eeb140d44f7
F5,packet,Matin2012_state_002,Matin2012_state_002::MEAH+,Matin2012,species,true-species-liquid-mole-fraction,MEAH+,293.15,0.12790255805116105,0.0139,0.014738590874041165,0.3508748426950486,0.05858044327864994,0.06155657761813755,9e1b067fe9bb19ba50cde940379487d15bc1843eb2598c653cc23eeb140d44f7
F5,packet,Matin2012_state_002,Matin2012_state_002::MEACOO-,Matin2012,species,true-species-liquid-mole-fraction,MEACOO-,293.15,0.12790255805116105,0.0124,0.013556255804211369,0.5161856268800757,0.08915165113955749,0.1332238006987884,9e1b067fe9bb19ba50cde940379487d15bc1843eb2598c653cc23eeb140d44f7
F5,packet,Matin2012_state_002,Matin2012_state_002::HCO3-,Matin2012,species,true-species-liquid-mole-fraction-linear-aggregate,HCO3-,293.15,0.12790255805116105,0.0022,0.0008077561668627488,-1.1411834697846321,-1.0019524000528697,0.6511498558548462,9e1b067fe9bb19ba50cde940379487d15bc1843eb2598c653cc23eeb140d44f7
F5,packet,Matin2012_state_003,Matin2012_state_003::MEA,Matin2012,species,true-species-liquid-mole-fraction,MEA,293.15,0.1499029980599612,0.0817,0.07907338170466968,-0.2864360191199905,-0.032677698205575804,0.041022796524653786,9e1b067fe9bb19ba50cde940379487d15bc1843eb2598c653cc23eeb140d44f7
F5,packet,Matin2012_state_003,Matin2012_state_003::MEAH+,Matin2012,species,true-species-liquid-mole-fraction,MEAH+,293.15,0.1499029980599612,0.0162,0.017286120136087477,0.41454967026239603,0.06489263297467276,0.08592571455733064,9e1b067fe9bb19ba50cde940379487d15bc1843eb2598c653cc23eeb140d44f7
F5,packet,Matin2012_state_003,Matin2012_state_003::MEACOO-,Matin2012,species,true-species-liquid-mole-fraction,MEACOO-,293.15,0.1499029980599612,0.0151,0.01585936651979898,0.3025364620713071,0.04906552958301183,0.04576415544131171,9e1b067fe9bb19ba50cde940379487d15bc1843eb2598c653cc23eeb140d44f7
F5,packet,Matin2012_state_003,Matin2012_state_003::HCO3-,Matin2012,species,true-species-liquid-mole-fraction-linear-aggregate,HCO3-,293.15,0.1499029980599612,0.002,0.0009734590406877894,-0.8554507994268421,-0.7200467098956232,0.3658980351200116,9e1b067fe9bb19ba50cde940379487d15bc1843eb2598c653cc23eeb140d44f7
F5,packet,Matin2012_state_004,Matin2012_state_004::MEA,Matin2012,species,true-species-liquid-mole-fraction,MEA,293.15,0.17290345806916138,0.0768,0.07400789774120146,-0.32167076714268766,-0.03703282641184363,0.05173604121708259,9e1b067fe9bb19ba50cde940379487d15bc1843eb2598c653cc23eeb140d44f7
F5,packet,Matin2012_state_004,Matin2012_state_004::MEAH+,Matin2012,species,true-species-liquid-mole-fraction,MEAH+,293.15,0.17290345806916138,0.0186,0.01995664737825841,0.4743522301602844,0.07040070903500094,0.11250501912901771,9e1b067fe9bb19ba50cde940379487d15bc1843eb2598c653cc23eeb140d44f7
F5,packet,Matin2012_state_004,Matin2012_state_004::MEACOO-,Matin2012,species,true-species-liquid-mole-fraction,MEACOO-,293.15,0.17290345806916138,0.0177,0.018254323004300216,0.20011660805061926,0.030837289345759456,0.020023328408842588,9e1b067fe9bb19ba50cde940379487d15bc1843eb2598c653cc23eeb140d44f7
F5,packet,Matin2012_state_004,Matin2012_state_004::HCO3-,Matin2012,species,true-species-liquid-mole-fraction-linear-aggregate,HCO3-,293.15,0.17290345806916138,0.002,0.0011595343773871847,-0.7003880188440127,-0.5451286548278875,0.24527168847012054,9e1b067fe9bb19ba50cde940379487d15bc1843eb2598c653cc23eeb140d44f7
F5,packet,Matin2012_state_005,Matin2012_state_005::MEA,Matin2012,species,true-species-liquid-mole-fraction,MEA,293.15,0.19490389807796157,0.0718,0.06916935731905238,-0.3215944597735477,-0.03732652480981175,0.05171149827852,9e1b067fe9bb19ba50cde940379487d15bc1843eb2598c653cc23eeb140d44f7
F5,packet,Matin2012_state_005,Matin2012_state_005::MEAH+,Matin2012,species,true-species-liquid-mole-fraction,MEAH+,293.15,0.19490389807796157,0.021,0.022518157200759573,0.489728129277281,0.06979953274868082,0.11991682030271263,9e1b067fe9bb19ba50cde940379487d15bc1843eb2598c653cc23eeb140d44f7
F5,packet,Matin2012_state_005,Matin2012_state_005::MEACOO-,Matin2012,species,true-species-liquid-mole-fraction,MEACOO-,293.15,0.19490389807796157,0.0203,0.020531353297578984,0.07635422362342768,0.011332260861209602,0.002914983732568201,9e1b067fe9bb19ba50cde940379487d15bc1843eb2598c653cc23eeb140d44f7
F5,packet,Matin2012_state_005,Matin2012_state_005::HCO3-,Matin2012,species,true-species-liquid-mole-fraction-linear-aggregate,HCO3-,293.15,0.19490389807796157,0.002,0.0013513163929855087,-0.5405696725120761,-0.3920679573013605,0.1461077854199066,9e1b067fe9bb19ba50cde940379487d15bc1843eb2598c653cc23eeb140d44f7
F5,packet,Matin2012_state_006,Matin2012_state_006::MEA,Matin2012,species,true-species-liquid-mole-fraction,MEA,293.15,0.21790435808716177,0.0668,0.06411970117900762,-0.3489972423167165,-0.04095141315197595,0.06089953757233647,9e1b067fe9bb19ba50cde940379487d15bc1843eb2598c653cc23eeb140d44f7
F5,packet,Matin2012_state_006,Matin2012_state_006::MEAH+,Matin2012,species,true-species-liquid-mole-fraction,MEAH+,293.15,0.21790435808716177,0.0234,0.0252036787767021,0.5400235858389515,0.0742539447016752,0.14581273663117972,9e1b067fe9bb19ba50cde940379487d15bc1843eb2598c653cc23eeb140d44f7
F5,packet,Matin2012_state_006,Matin2012_state_006::MEACOO-,Matin2012,species,true-species-liquid-mole-fraction,MEACOO-,293.15,0.21790435808716177,0.0228,0.022895487425673038,0.029112020022267298,0.004179299534318134,0.00042375485488844604,9e1b067fe9bb19ba50cde940379487d15bc1843eb2598c653cc23eeb140d44f7
F5,packet,Matin2012_state_006,Matin2012_state_006::HCO3-,Matin2012,species,true-species-liquid-mole-fraction-linear-aggregate,HCO3-,293.15,0.21790435808716177,0.0021,0.0015682122443040811,-0.4394940129718336,-0.29200107207367726,0.09657749371904312,9e1b067fe9bb19ba50cde940379487d15bc1843eb2598c653cc23eeb140d44f7
F5,packet,Matin2012_state_007,Matin2012_state_007::MEA,Matin2012,species,true-species-liquid-mole-fraction,MEA,293.15,0.24090481809636194,0.0618,0.05908151656982993,-0.3786188621406788,-0.044985237363003874,0.07167612138435117,9e1b067fe9bb19ba50cde940379487d15bc1843eb2598c653cc23eeb140d44f7
F5,packet,Matin2012_state_007,Matin2012_state_007::MEAH+,Matin2012,species,true-species-liquid-mole-fraction,MEAH+,293.15,0.24090481809636194,0.0257,0.02789703227209455,0.6154152022673809,0.08202932109261489,0.18936793559090068,9e1b067fe9bb19ba50cde940379487d15bc1843eb2598c653cc23eeb140d44f7
F5,packet,Matin2012_state_007,Matin2012_state_007::MEACOO-,Matin2012,species,true-species-liquid-mole-fraction,MEACOO-,293.15,0.24090481809636194,0.0252,0.025240317936151863,0.011453959134051821,0.0015986395957868105,6.559658992226458e-05,9e1b067fe9bb19ba50cde940379487d15bc1843eb2598c653cc23eeb140d44f7
F5,packet,Matin2012_state_007,Matin2012_state_007::HCO3-,Matin2012,species,true-species-liquid-mole-fraction-linear-aggregate,HCO3-,293.15,0.24090481809636194,0.0023,0.0018044101620419198,-0.4029185674455936,-0.24267536458666647,0.0811716859962047,9e1b067fe9bb19ba50cde940379487d15bc1843eb2598c653cc23eeb140d44f7
F5,packet,Matin2012_state_008,Matin2012_state_008::MEA,Matin2012,species,true-species-liquid-mole-fraction,MEA,293.15,0.26390527810556214,0.0568,0.05405818750794398,-0.4104509718646742,-0.049475312855881276,0.0842350001523278,9e1b067fe9bb19ba50cde940379487d15bc1843eb2598c653cc23eeb140d44f7
F5,packet,Matin2012_state_008,Matin2012_state_008::MEAH+,Matin2012,species,true-species-liquid-mole-fraction,MEAH+,293.15,0.26390527810556214,0.0281,0.030598172885080818,0.6556884212810544,0.08517072119806184,0.21496365290102076,9e1b067fe9bb19ba50cde940379487d15bc1843eb2598c653cc23eeb140d44f7
F5,packet,Matin2012_state_008,Matin2012_state_008::MEACOO-,Matin2012,species,true-species-liquid-mole-fraction,MEACOO-,293.15,0.26390527810556214,0.0276,0.0275625055384907,-0.00997193125247302,-0.0013594185730864527,4.9719706452024066e-05,9e1b067fe9bb19ba50cde940379487d15bc1843eb2598c653cc23eeb140d44f7
F5,packet,Matin2012_state_008,Matin2012_state_008::HCO3-,Matin2012,species,true-species-liquid-mole-fraction-linear-aggregate,HCO3-,293.15,0.26390527810556214,0.0026,0.0020632487282696197,-0.42599307280188903,-0.23122965190938238,0.09073504903759776,9e1b067fe9bb19ba50cde940379487d15bc1843eb2598c653cc23eeb140d44f7
F5,packet,Matin2012_state_009,Matin2012_state_009::MEA,Matin2012,species,true-species-liquid-mole-fraction,MEA,293.15,0.2869057381147623,0.0518,0.049054424133750246,-0.4442679395226136,-0.054459770914783705,0.09868700104383434,9e1b067fe9bb19ba50cde940379487d15bc1843eb2598c653cc23eeb140d44f7
F5,packet,Matin2012_state_009,Matin2012_state_009::MEAH+,Matin2012,species,true-species-liquid-mole-fraction,MEAH+,293.15,0.2869057381147623,0.0304,0.03330685706006652,0.719519074273892,0.09132068509579397,0.25885384912197923,9e1b067fe9bb19ba50cde940379487d15bc1843eb2598c653cc23eeb140d44f7
F5,packet,Matin2012_state_009,Matin2012_state_009::MEACOO-,Matin2012,species,true-species-liquid-mole-fraction,MEACOO-,293.15,0.2869057381147623,0.0299,0.02985758352785025,-0.010630694774373391,-0.0014196182900712434,5.650583569294487e-05,9e1b067fe9bb19ba50cde940379487d15bc1843eb2598c653cc23eeb140d44f7
F5,packet,Matin2012_state_009,Matin2012_state_009::HCO3-,Matin2012,species,true-species-liquid-mole-fraction-linear-aggregate,HCO3-,293.15,0.2869057381147623,0.003,0.0023491935269582156,-0.5006203638782958,-0.2445401994295609,0.12531037436481865,9e1b067fe9bb19ba50cde940379487d15bc1843eb2598c653cc23eeb140d44f7
F5,packet,Matin2012_state_010,Matin2012_state_010::MEA,Matin2012,species,true-species-liquid-mole-fraction,MEA,293.15,0.3099061981239625,0.0469,0.0440769507002626,-0.49614223193978835,-0.062080689491698725,0.12307855715709737,9e1b067fe9bb19ba50cde940379487d15bc1843eb2598c653cc23eeb140d44f7
F5,packet,Matin2012_state_010,Matin2012_state_010::MEAH+,Matin2012,species,true-species-liquid-mole-fraction,MEAH+,293.15,0.3099061981239625,0.0327,0.036022536999156564,0.7781117094043475,0.09676969243362066,0.30272891615607783,9e1b067fe9bb19ba50cde940379487d15bc1843eb2598c653cc23eeb140d44f7
F5,packet,Matin2012_state_010,Matin2012_state_010::MEACOO-,Matin2012,species,true-species-liquid-mole-fraction,MEACOO-,293.15,0.3099061981239625,0.0321,0.032119375252599704,0.004602197767151323,0.0006034083362343425,1.0590112143986312e-05,9e1b067fe9bb19ba50cde940379487d15bc1843eb2598c653cc23eeb140d44f7
F5,packet,Matin2012_state_010,Matin2012_state_010::HCO3-,Matin2012,species,true-species-liquid-mole-fraction-linear-aggregate,HCO3-,293.15,0.3099061981239625,0.0034,0.002668419372602864,-0.5459556920874148,-0.24228912978817674,0.14903380886132403,9e1b067fe9bb19ba50cde940379487d15bc1843eb2598c653cc23eeb140d44f7
F5,packet,Matin2012_state_011,Matin2012_state_011::MEA,Matin2012,species,true-species-liquid-mole-fraction,MEA,293.15,0.33390667813356273,0.0419,0.038921834033286376,-0.5738277392511799,-0.07373044756313943,0.16463913716706005,9e1b067fe9bb19ba50cde940379487d15bc1843eb2598c653cc23eeb140d44f7
F5,packet,Matin2012_state_011,Matin2012_state_011::MEAH+,Matin2012,species,true-species-liquid-mole-fraction,MEAH+,293.15,0.33390667813356273,0.0349,0.038862634328039755,0.8825466209442661,0.10754640266558946,0.389444269070071,9e1b067fe9bb19ba50cde940379487d15bc1843eb2598c653cc23eeb140d44f7
F5,packet,Matin2012_state_011,Matin2012_state_011::MEACOO-,Matin2012,species,true-species-liquid-mole-fraction,MEACOO-,293.15,0.33390667813356273,0.0342,0.034434391781928086,0.053029814915856385,0.0068301819850675885,0.0014060806350049923,9e1b067fe9bb19ba50cde940379487d15bc1843eb2598c653cc23eeb140d44f7
F5,packet,Matin2012_state_011,Matin2012_state_011::HCO3-,Matin2012,species,true-species-liquid-mole-fraction-linear-aggregate,HCO3-,293.15,0.33390667813356273,0.004,0.003046629586651874,-0.6809788666772328,-0.2722584350791974,0.23186610843050423,9e1b067fe9bb19ba50cde940379487d15bc1843eb2598c653cc23eeb140d44f7
F5,packet,Matin2012_state_012,Matin2012_state_012::MEA,Matin2012,species,true-species-liquid-mole-fraction,MEA,293.15,0.3579071581431629,0.0371,0.03382337555136325,-0.6956739806022826,-0.09246482179881842,0.24198114364351253,9e1b067fe9bb19ba50cde940379487d15bc1843eb2598c653cc23eeb140d44f7
F5,packet,Matin2012_state_012,Matin2012_state_012::MEAH+,Matin2012,species,true-species-liquid-mole-fraction,MEAH+,293.15,0.3579071581431629,0.0372,0.0417071718466464,0.9549092895437294,0.11436433946776232,0.45592587562845505,9e1b067fe9bb19ba50cde940379487d15bc1843eb2598c653cc23eeb140d44f7
F5,packet,Matin2012_state_012,Matin2012_state_012::MEACOO-,Matin2012,species,true-species-liquid-mole-fraction,MEACOO-,293.15,0.3579071581431629,0.0362,0.03668830826514332,0.1056944296847006,0.01339900959106945,0.005585656233187059,9e1b067fe9bb19ba50cde940379487d15bc1843eb2598c653cc23eeb140d44f7
F5,packet,Matin2012_state_012,Matin2012_state_012::HCO3-,Matin2012,species,true-species-liquid-mole-fraction-linear-aggregate,HCO3-,293.15,0.3579071581431629,0.0046,0.003485924220111349,-0.7630656026634597,-0.27732309498365953,0.2911345569840745,9e1b067fe9bb19ba50cde940379487d15bc1843eb2598c653cc23eeb140d44f7
F5,packet,Matin2012_state_013,Matin2012_state_013::MEA,Matin2012,species,true-species-liquid-mole-fraction,MEA,293.15,0.3819076381527631,0.0322,0.02880925571688032,-0.8034939059525303,-0.11126973798130567,0.32280122845142684,9e1b067fe9bb19ba50cde940379487d15bc1843eb2598c653cc23eeb140d44f7
F5,packet,Matin2012_state_013,Matin2012_state_013::MEAH+,Matin2012,species,true-species-liquid-mole-fraction,MEAH+,293.15,0.3819076381527631,0.0394,0.04455255854072359,1.0430280446808893,0.12290376673205308,0.5439537509954195,9e1b067fe9bb19ba50cde940379487d15bc1843eb2598c653cc23eeb140d44f7
F5,packet,Matin2012_state_013,Matin2012_state_013::MEACOO-,Matin2012,species,true-species-liquid-mole-fraction,MEACOO-,293.15,0.3819076381527631,0.0381,0.038857033895498765,0.157387504261697,0.019674830944138834,0.012385413248862847,9e1b067fe9bb19ba50cde940379487d15bc1843eb2598c653cc23eeb140d44f7
F5,packet,Matin2012_state_013,Matin2012_state_013::HCO3-,Matin2012,species,true-species-liquid-mole-fraction-linear-aggregate,HCO3-,293.15,0.3819076381527631,0.0053,0.004010381333592741,-0.8428880172596466,-0.27882048810186627,0.35523010481994916,9e1b067fe9bb19ba50cde940379487d15bc1843eb2598c653cc23eeb140d44f7
F5,packet,Matin2012_state_014,Matin2012_state_014::MEA,Matin2012,species,true-species-liquid-mole-fraction,MEA,293.15,0.4059081181623633,0.0274,0.023925672606188518,-0.9289645437998616,-0.13559096333884493,0.4314875618186425,9e1b067fe9bb19ba50cde940379487d15bc1843eb2598c653cc23eeb140d44f7
F5,packet,Matin2012_state_014,Matin2012_state_014::MEAH+,Matin2012,species,true-species-liquid-mole-fraction,MEAH+,293.15,0.4059081181623633,0.0415,0.047392533907667005,1.1441813412945636,0.13277127656150542,0.6545754708833134,9e1b067fe9bb19ba50cde940379487d15bc1843eb2598c653cc23eeb140d44f7
F5,packet,Matin2012_state_014,Matin2012_state_014::MEACOO-,Matin2012,species,true-species-liquid-mole-fraction,MEACOO-,293.15,0.4059081181623633,0.04,0.04090062824615617,0.18012564923123447,0.022265969358563543,0.016222624755486862,9e1b067fe9bb19ba50cde940379487d15bc1843eb2598c653cc23eeb140d44f7
F5,packet,Matin2012_state_014,Matin2012_state_014::HCO3-,Matin2012,species,true-species-liquid-mole-fraction-linear-aggregate,HCO3-,293.15,0.4059081181623633,0.0061,0.00465991455307371,-0.8944630105132235,-0.2692916594600989,0.40003203858818953,9e1b067fe9bb19ba50cde940379487d15bc1843eb2598c653cc23eeb140d44f7
F5,packet,Matin2012_state_015,Matin2012_state_015::MEA,Matin2012,species,true-species-liquid-mole-fraction,MEA,293.15,0.4309086181723635,0.0227,0.019063569336951535,-1.1120583067426502,-0.17458577532839822,0.6183368387976651,9e1b067fe9bb19ba50cde940379487d15bc1843eb2598c653cc23eeb140d44f7
F5,packet,Matin2012_state_015,Matin2012_state_015::MEAH+,Matin2012,species,true-species-liquid-mole-fraction,MEAH+,293.15,0.4309086181723635,0.0436,0.05033322293439178,1.2561983086551833,0.14360820443296587,0.7890170953340716,9e1b067fe9bb19ba50cde940379487d15bc1843eb2598c653cc23eeb140d44f7
F5,packet,Matin2012_state_015,Matin2012_state_015::MEACOO-,Matin2012,species,true-species-liquid-mole-fraction,MEACOO-,293.15,0.4309086181723635,0.0417,0.04282201522388136,0.21702422125364831,0.026551215927587517,0.023549756305376247,9e1b067fe9bb19ba50cde940379487d15bc1843eb2598c653cc23eeb140d44f7
F5,packet,Matin2012_state_015,Matin2012_state_015::HCO3-,Matin2012,species,true-species-liquid-mole-fraction-linear-aggregate,HCO3-,293.15,0.4309086181723635,0.007,0.005543743732417582,-0.8566213338720108,-0.23324011254749066,0.36690005482233146,9e1b067fe9bb19ba50cde940379487d15bc1843eb2598c653cc23eeb140d44f7
F5,packet,Matin2012_state_017,Matin2012_state_017::MEA,Matin2012,species,true-species-liquid-mole-fraction,MEA,293.15,0.4799095981919638,0.0135,0.010868395293659593,-1.1198317899320882,-0.21683062228744968,0.6270116188712522,9e1b067fe9bb19ba50cde940379487d15bc1843eb2598c653cc23eeb140d44f7
F5,packet,Matin2012_state_017,Matin2012_state_017::MEAH+,Matin2012,species,true-species-liquid-mole-fraction,MEAH+,293.15,0.4799095981919638,0.0477,0.05595449910143199,1.4305890990350074,0.1596074465249221,1.0232925851388972,9e1b067fe9bb19ba50cde940379487d15bc1843eb2598c653cc23eeb140d44f7
F5,packet,Matin2012_state_017,Matin2012_state_017::MEACOO-,Matin2012,species,true-species-liquid-mole-fraction,MEACOO-,293.15,0.4799095981919638,0.0448,0.045395724446269395,0.10870884056010863,0.013209785999296956,0.005908806007961559,9e1b067fe9bb19ba50cde940379487d15bc1843eb2598c653cc23eeb140d44f7
F5,packet,Matin2012_state_017,Matin2012_state_017::HCO3-,Matin2012,species,true-species-liquid-mole-fraction-linear-aggregate,HCO3-,293.15,0.4799095981919638,0.0091,0.008466984399173969,-0.33142178053718946,-0.07210000140906839,0.05492019830722049,9e1b067fe9bb19ba50cde940379487d15bc1843eb2598c653cc23eeb140d44f7
F5,packet,Matin2012_state_018,Matin2012_state_018::MEA,Matin2012,species,true-species-liquid-mole-fraction,MEA,293.15,0.5049100982019641,0.009,0.007849462552535776,-0.6055460249811704,-0.13677951253083714,0.1833429941852481,9e1b067fe9bb19ba50cde940379487d15bc1843eb2598c653cc23eeb140d44f7
F5,packet,Matin2012_state_018,Matin2012_state_018::MEAH+,Matin2012,species,true-species-liquid-mole-fraction,MEAH+,293.15,0.5049100982019641,0.0496,0.05868984211538857,1.5251412945282843,0.16827583069071947,1.1630279841377054,9e1b067fe9bb19ba50cde940379487d15bc1843eb2598c653cc23eeb140d44f7
F5,packet,Matin2012_state_018,Matin2012_state_018::MEACOO-,Matin2012,species,true-species-liquid-mole-fraction,MEACOO-,293.15,0.5049100982019641,0.0462,0.04567899887114303,-0.09270482719874855,-0.011341149110944531,0.004297092492974914,9e1b067fe9bb19ba50cde940379487d15bc1843eb2598c653cc23eeb140d44f7
F5,packet,Matin2012_state_018,Matin2012_state_018::HCO3-,Matin2012,species,true-species-liquid-mole-fraction-linear-aggregate,HCO3-,293.15,0.5049100982019641,0.0102,0.010986206509320058,0.3892111432277513,0.0742528119521723,0.07574265700632657,9e1b067fe9bb19ba50cde940379487d15bc1843eb2598c653cc23eeb140d44f7
F5,packet,Matin2012_state_019,Matin2012_state_019::MEA,Matin2012,species,true-species-liquid-mole-fraction,MEA,293.15,0.5309106182123643,0.0046,0.005695625530831529,0.75042844577502,0.21364212597307405,0.2815714261141561,9e1b067fe9bb19ba50cde940379487d15bc1843eb2598c653cc23eeb140d44f7
F5,packet,Matin2012_state_019,Matin2012_state_019::MEAH+,Matin2012,species,true-species-liquid-mole-fraction,MEAH+,293.15,0.5309106182123643,0.0515,0.061430444302318636,1.614706390620917,0.17632374014023164,1.3036383639560145,9e1b067fe9bb19ba50cde940379487d15bc1843eb2598c653cc23eeb140d44f7
F5,packet,Matin2012_state_019,Matin2012_state_019::MEACOO-,Matin2012,species,true-species-liquid-mole-fraction,MEACOO-,293.15,0.5309106182123643,0.0475,0.04509150056675379,-0.4188694666515149,-0.052035939792224914,0.08772581504646229,9e1b067fe9bb19ba50cde940379487d15bc1843eb2598c653cc23eeb140d44f7
F5,packet,Matin2012_state_019,Matin2012_state_019::HCO3-,Matin2012,species,true-species-liquid-mole-fraction-linear-aggregate,HCO3-,293.15,0.5309106182123643,0.0114,0.014484458290373509,1.4413356497072465,0.23946287714939923,1.0387242275585051,9e1b067fe9bb19ba50cde940379487d15bc1843eb2598c653cc23eeb140d44f7
F6,packet,Bottinger2008_state_030,Bottinger2008_state_030::MEA + MEAH+,Bottinger2008,species,true-species-liquid-mole-fraction-linear-aggregate,MEA + MEAH+,293.15,0.0749014980299606,0.1054,0.1039291917412265,-0.12745305535298895,-0.014052817490636117,0.008122140659406033,37d7ad448549d25cdb9169552af356b8709b819a606b612b26c503fc6c28ca4a
F6,packet,Bottinger2008_state_030,Bottinger2008_state_030::MEACOO-,Bottinger2008,species,true-species-liquid-mole-fraction,MEACOO-,293.15,0.0749014980299606,0.0086,0.008289677040437067,-0.16684030084028634,-0.036751192598866535,0.013917842992238624,37d7ad448549d25cdb9169552af356b8709b819a606b612b26c503fc6c28ca4a
F6,packet,Bottinger2008_state_031,Bottinger2008_state_031::MEA + MEAH+,Bottinger2008,species,true-species-liquid-mole-fraction-linear-aggregate,MEA + MEAH+,293.15,0.1499029980599612,0.0966,0.09573027688110883,-0.0815875346051761,-0.009044119951546387,0.0033282629014754045,37d7ad448549d25cdb9169552af356b8709b819a606b612b26c503fc6c28ca4a
F6,packet,Bottinger2008_state_031,Bottinger2008_state_031::MEACOO-,Bottinger2008,species,true-species-liquid-mole-fraction,MEACOO-,293.15,0.1499029980599612,0.0171,0.016488591531503335,-0.22561198099507965,-0.03640974407787064,0.02545038298426209,37d7ad448549d25cdb9169552af356b8709b819a606b612b26c503fc6c28ca4a
F6,packet,Bottinger2008_state_032,Bottinger2008_state_032::MEA + MEAH+,Bottinger2008,species,true-species-liquid-mole-fraction-linear-aggregate,MEA + MEAH+,293.15,0.2349046980939619,0.0871,0.08666439582153704,-0.044861398399892775,-0.0050137439135070055,0.0010062725331969511,37d7ad448549d25cdb9169552af356b8709b819a606b612b26c503fc6c28ca4a
F6,packet,Bottinger2008_state_032,Bottinger2008_state_032::MEACOO-,Bottinger2008,species,true-species-liquid-mole-fraction,MEACOO-,293.15,0.2349046980939619,0.0267,0.02555447141389903,-0.31213312972778556,-0.043851257653491925,0.0487135453368313,37d7ad448549d25cdb9169552af356b8709b819a606b612b26c503fc6c28ca4a
F6,packet,Bottinger2008_state_033,Bottinger2008_state_033::MEA + MEAH+,Bottinger2008,species,true-species-liquid-mole-fraction-linear-aggregate,MEA + MEAH+,293.15,0.30890617812356247,0.078,0.07915946657490835,0.13175756533049487,0.014755555453453048,0.008680028010909812,37d7ad448549d25cdb9169552af356b8709b819a606b612b26c503fc6c28ca4a
F6,packet,Bottinger2008_state_033,Bottinger2008_state_033::MEACOO-,Bottinger2008,species,true-species-liquid-mole-fraction,MEACOO-,293.15,0.30890617812356247,0.0349,0.03305939769521606,-0.4099336981701421,-0.054180955516972225,0.08402281844772458,37d7ad448549d25cdb9169552af356b8709b819a606b612b26c503fc6c28ca4a
F6,packet,Bottinger2008_state_034,Bottinger2008_state_034::MEA + MEAH+,Bottinger2008,species,true-species-liquid-mole-fraction-linear-aggregate,MEA + MEAH+,293.15,0.38790775815516315,0.0678,0.07197016893336029,0.536011431023174,0.059689517845309945,0.14365412709375538,37d7ad448549d25cdb9169552af356b8709b819a606b612b26c503fc6c28ca4a
F6,packet,Bottinger2008_state_034,Bottinger2008_state_034::MEACOO-,Bottinger2008,species,true-species-liquid-mole-fraction,MEACOO-,293.15,0.38790775815516315,0.043,0.0402486837728337,-0.5191162692766597,-0.0661228136597461,0.1347408505138587,37d7ad448549d25cdb9169552af356b8709b819a606b612b26c503fc6c28ca4a
F6,packet,Bottinger2008_state_035,Bottinger2008_state_035::MEA + MEAH+,Bottinger2008,species,true-species-liquid-mole-fraction-linear-aggregate,MEA + MEAH+,293.15,0.4739094781895638,0.062,0.06659485421814948,0.6381741969652055,0.07149292552448647,0.20363315283609246,37d7ad448549d25cdb9169552af356b8709b819a606b612b26c503fc6c28ca4a
F6,packet,Bottinger2008_state_035,Bottinger2008_state_035::MEACOO-,Bottinger2008,species,true-species-liquid-mole-fraction,MEACOO-,293.15,0.4739094781895638,0.0493,0.045623883984467026,-0.6199183837323727,-0.07749273005957583,0.19214940124467866,37d7ad448549d25cdb9169552af356b8709b819a606b612b26c503fc6c28ca4a
F6,packet,Bottinger2008_state_042,Bottinger2008_state_042::MEA + MEAH+,Bottinger2008,species,true-species-liquid-mole-fraction-linear-aggregate,MEA + MEAH+,313.15,0.124902498049961,0.1009,0.09842458986456884,-0.22321101311372074,-0.024839257522758496,0.024911578187626807,37d7ad448549d25cdb9169552af356b8709b819a606b612b26c503fc6c28ca4a
F6,packet,Bottinger2008_state_042,Bottinger2008_state_042::MEACOO-,Bottinger2008,species,true-species-liquid-mole-fraction,MEACOO-,313.15,0.124902498049961,0.0144,0.013794276936901032,-0.24824715700777364,-0.042974415154043606,0.030813325481221107,37d7ad448549d25cdb9169552af356b8709b819a606b612b26c503fc6c28ca4a
F6,packet,Bottinger2008_state_043,Bottinger2008_state_043::MEA + MEAH+,Bottinger2008,species,true-species-liquid-mole-fraction-linear-aggregate,MEA + MEAH+,313.15,0.20490409808196164,0.0934,0.0897191288354305,-0.3559836716218085,-0.04020734544456985,0.06336218723067179,37d7ad448549d25cdb9169552af356b8709b819a606b612b26c503fc6c28ca4a
F6,packet,Bottinger2008_state_043,Bottinger2008_state_043::MEACOO-,Bottinger2008,species,true-species-liquid-mole-fraction,MEACOO-,313.15,0.20490409808196164,0.0241,0.022499733686682413,-0.4692863088907878,-0.06870836750373085,0.11011481985616996,37d7ad448549d25cdb9169552af356b8709b819a606b612b26c503fc6c28ca4a
F6,packet,Bottinger2008_state_044,Bottinger2008_state_044::MEA + MEAH+,Bottinger2008,species,true-species-liquid-mole-fraction-linear-aggregate,MEA + MEAH+,313.15,0.2359047180943619,0.0876,0.08639356736260174,-0.12360990137277177,-0.013867776725749315,0.007639703858693182,37d7ad448549d25cdb9169552af356b8709b819a606b612b26c503fc6c28ca4a
F6,packet,Bottinger2008_state_044,Bottinger2008_state_044::MEACOO-,Bottinger2008,species,true-species-liquid-mole-fraction,MEACOO-,313.15,0.2359047180943619,0.0271,0.025825292244174455,-0.34358699617939203,-0.04817939661583283,0.05902601197178878,37d7ad448549d25cdb9169552af356b8709b819a606b612b26c503fc6c28ca4a
F6,packet,Bottinger2008_state_045,Bottinger2008_state_045::MEA + MEAH+,Bottinger2008,species,true-species-liquid-mole-fraction-linear-aggregate,MEA + MEAH+,313.15,0.2799055981119623,0.084,0.08174641647216081,-0.23974292849353107,-0.027194825229667277,0.028738335881327175,37d7ad448549d25cdb9169552af356b8709b819a606b612b26c503fc6c28ca4a
F6,packet,Bottinger2008_state_045,Bottinger2008_state_045::MEACOO-,Bottinger2008,species,true-species-liquid-mole-fraction,MEACOO-,313.15,0.2799055981119623,0.0327,0.030472436713390724,-0.5216775846860131,-0.07055251720086955,0.1360737511819162,37d7ad448549d25cdb9169552af356b8709b819a606b612b26c503fc6c28ca4a
F6,packet,Bottinger2008_state_046,Bottinger2008_state_046::MEA + MEAH+,Bottinger2008,species,true-species-liquid-mole-fraction-linear-aggregate,MEA + MEAH+,313.15,0.34290685813716276,0.0758,0.07533536125651087,-0.05415369970735835,-0.006148663072253501,0.001466311595997372,37d7ad448549d25cdb9169552af356b8709b819a606b612b26c503fc6c28ca4a
F6,packet,Bottinger2008_state_046,Bottinger2008_state_046::MEACOO-,Bottinger2008,species,true-species-liquid-mole-fraction,MEACOO-,313.15,0.34290685813716276,0.0396,0.03688347274601637,-0.5476869463676685,-0.07106556060989838,0.14998049561077068,37d7ad448549d25cdb9169552af356b8709b819a606b612b26c503fc6c28ca4a
F6,packet,Bottinger2008_state_047,Bottinger2008_state_047::MEA + MEAH+,Bottinger2008,species,true-species-liquid-mole-fraction-linear-aggregate,MEA + MEAH+,313.15,0.3539070781415628,0.0749,0.0742610908557528,-0.07525431616574682,-0.00856675220056991,0.0028316060507870915,37d7ad448549d25cdb9169552af356b8709b819a606b612b26c503fc6c28ca4a
F6,packet,Bottinger2008_state_047,Bottinger2008_state_047::MEACOO-,Bottinger2008,species,true-species-liquid-mole-fraction,MEACOO-,313.15,0.3539070781415628,0.041,0.03795773738973479,-0.5965220804441589,-0.0770986998566656,0.17791929622871377,37d7ad448549d25cdb9169552af356b8709b819a606b612b26c503fc6c28ca4a
F6,packet,Bottinger2008_state_048,Bottinger2008_state_048::MEA + MEAH+,Bottinger2008,species,true-species-liquid-mole-fraction-linear-aggregate,MEA + MEAH+,313.15,0.4599091981839637,0.065,0.06563492872610521,0.08465716348069474,0.00972073444621966,0.003583417664298538,37d7ad448549d25cdb9169552af356b8709b819a606b612b26c503fc6c28ca4a
F6,packet,Bottinger2008_state_048,Bottinger2008_state_048::MEACOO-,Bottinger2008,species,true-species-liquid-mole-fraction,MEACOO-,313.15,0.4599091981839637,0.0492,0.046583632618916924,-0.44195394950727634,-0.05464437541655505,0.09766164674254009,37d7ad448549d25cdb9169552af356b8709b819a606b612b26c503fc6c28ca4a
F6,packet,Bottinger2008_state_049,Bottinger2008_state_049::MEA + MEAH+,Bottinger2008,species,true-species-liquid-mole-fraction-linear-aggregate,MEA + MEAH+,313.15,0.4659093181863638,0.0663,0.06533706133544,-0.12620428106946274,-0.014630467000606152,0.007963760280129977,37d7ad448549d25cdb9169552af356b8709b819a606b612b26c503fc6c28ca4a
F6,packet,Bottinger2008_state_049,Bottinger2008_state_049::MEACOO-,Bottinger2008,species,true-species-liquid-mole-fraction,MEACOO-,313.15,0.4659093181863638,0.0502,0.04688144468186513,-0.5512550362350288,-0.06839306531106162,0.15194105748724146,37d7ad448549d25cdb9169552af356b8709b819a606b612b26c503fc6c28ca4a
F6,packet,Bottinger2008_state_049,Bottinger2008_state_049::HCO3-,Bottinger2008,species,true-species-liquid-mole-fraction-linear-aggregate,HCO3-,313.15,0.4659093181863638,0.004,0.005409145530873181,1.006532522052272,0.30179677672695865,0.5065538589744538,37d7ad448549d25cdb9169552af356b8709b819a606b612b26c503fc6c28ca4a
F6,packet,Bottinger2008_state_050,Bottinger2008_state_050::MEA + MEAH+,Bottinger2008,species,true-species-liquid-mole-fraction-linear-aggregate,MEA + MEAH+,313.15,0.4869097381947639,0.0646,0.06462913977402365,0.003906135928102976,0.000450978387203985,7.628948944408448e-06,37d7ad448549d25cdb9169552af356b8709b819a606b612b26c503fc6c28ca4a
F6,packet,Bottinger2008_state_050,Bottinger2008_state_050::MEACOO-,Bottinger2008,species,true-species-liquid-mole-fraction,MEACOO-,313.15,0.4869097381947639,0.0511,0.04758904451136587,-0.5746244662248984,-0.07118191978679253,0.1650966385921247,37d7ad448549d25cdb9169552af356b8709b819a606b612b26c503fc6c28ca4a
F6,packet,Bottinger2008_state_050,Bottinger2008_state_050::HCO3-,Bottinger2008,species,true-species-liquid-mole-fraction-linear-aggregate,HCO3-,313.15,0.4869097381947639,0.0052,0.00705511064056329,1.220467526686375,0.3050936421689527,0.7447704918479786,37d7ad448549d25cdb9169552af356b8709b819a606b612b26c503fc6c28ca4a
F6,packet,Bottinger2008_state_055,Bottinger2008_state_055::MEA + MEAH+,Bottinger2008,species,true-species-liquid-mole-fraction-linear-aggregate,MEA + MEAH+,333.15,0.13090261805236106,0.0974,0.0977915617622665,0.036458264643063176,0.004012082120479106,0.0006646025303918152,37d7ad448549d25cdb9169552af356b8709b819a606b612b26c503fc6c28ca4a
F6,packet,Bottinger2008_state_055,Bottinger2008_state_055::MEACOO-,Bottinger2008,species,true-species-liquid-mole-fraction,MEACOO-,333.15,0.13090261805236106,0.0147,0.01442729438727022,-0.11040713065982993,-0.018725637728747115,0.006094867250268379,37d7ad448549d25cdb9169552af356b8709b819a606b612b26c503fc6c28ca4a
F6,packet,Bottinger2008_state_056,Bottinger2008_state_056::MEA + MEAH+,Bottinger2008,species,true-species-liquid-mole-fraction-linear-aggregate,MEA + MEAH+,333.15,0.20290405808116166,0.0905,0.08995143533692616,-0.05458354856456053,-0.006079933383552748,0.001489681886949869,37d7ad448549d25cdb9169552af356b8709b819a606b612b26c503fc6c28ca4a
F6,packet,Bottinger2008_state_056,Bottinger2008_state_056::MEACOO-,Bottinger2008,species,true-species-liquid-mole-fraction,MEACOO-,333.15,0.20290405808116166,0.0231,0.022267402319336032,-0.2515400847927393,-0.0367087879054755,0.031636207128769245,37d7ad448549d25cdb9169552af356b8709b819a606b612b26c503fc6c28ca4a
F6,packet,Bottinger2008_state_057,Bottinger2008_state_057::MEA + MEAH+,Bottinger2008,species,true-species-liquid-mole-fraction-linear-aggregate,MEA + MEAH+,333.15,0.27690553811076224,0.0791,0.08202979805507137,0.3288213305355063,0.03636969739566193,0.054061733707570336,37d7ad448549d25cdb9169552af356b8709b819a606b612b26c503fc6c28ca4a
F6,packet,Bottinger2008_state_057,Bottinger2008_state_057::MEACOO-,Bottinger2008,species,true-species-liquid-mole-fraction,MEACOO-,333.15,0.27690553811076224,0.0302,0.030189002328717605,-0.0027357391249742354,-0.00036422762357001155,3.7421342799573976e-06,37d7ad448549d25cdb9169552af356b8709b819a606b612b26c503fc6c28ca4a
F6,packet,Bottinger2008_state_058,Bottinger2008_state_058::MEA + MEAH+,Bottinger2008,species,true-species-liquid-mole-fraction-linear-aggregate,MEA + MEAH+,333.15,0.4149082981659633,0.0687,0.06841277628737917,-0.03649602447532739,-0.004189604215292151,0.0006659799012518479,37d7ad448549d25cdb9169552af356b8709b819a606b612b26c503fc6c28ca4a
F6,packet,Bottinger2008_state_058,Bottinger2008_state_058::MEACOO-,Bottinger2008,species,true-species-liquid-mole-fraction,MEACOO-,333.15,0.4149082981659633,0.0417,0.0438056891845494,0.4072899776691291,0.0492625702008669,0.08294256295485984,37d7ad448549d25cdb9169552af356b8709b819a606b612b26c503fc6c28ca4a
F6,packet,Bottinger2008_state_058,Bottinger2008_state_058::HCO3-,Bottinger2008,species,true-species-liquid-mole-fraction-linear-aggregate,HCO3-,333.15,0.4149082981659633,0.0042,0.0027613790886077123,-1.0131133178818925,-0.41935430056823964,0.5131992974348283,37d7ad448549d25cdb9169552af356b8709b819a606b612b26c503fc6c28ca4a
F6,packet,Bottinger2008_state_059,Bottinger2008_state_059::MEA + MEAH+,Bottinger2008,species,true-species-liquid-mole-fraction-linear-aggregate,MEA + MEAH+,333.15,0.4889097781955639,0.068,0.0639835199355797,-0.5149333415923468,-0.06088215598207875,0.13257817314173026,37d7ad448549d25cdb9169552af356b8709b819a606b612b26c503fc6c28ca4a
F6,packet,Bottinger2008_state_059,Bottinger2008_state_059::MEACOO-,Bottinger2008,species,true-species-liquid-mole-fraction,MEACOO-,333.15,0.4889097781955639,0.0424,0.04823302176838992,1.1131720932041835,0.1288955231747536,0.6195760545442918,37d7ad448549d25cdb9169552af356b8709b819a606b612b26c503fc6c28ca4a
F6,packet,Bottinger2008_state_059,Bottinger2008_state_059::HCO3-,Bottinger2008,species,true-species-liquid-mole-fraction-linear-aggregate,HCO3-,333.15,0.4889097781955639,0.0072,0.0066201292281988285,-0.33713416965184373,-0.0839661353876666,0.056829724173419076,37d7ad448549d25cdb9169552af356b8709b819a606b612b26c503fc6c28ca4a
F6,packet,Bottinger2008_state_063,Bottinger2008_state_063::MEA + MEAH+,Bottinger2008,species,true-species-liquid-mole-fraction-linear-aggregate,MEA + MEAH+,353.15,0.06390127802556052,0.1084,0.10965464443875941,0.10596659111143723,0.011507741903951804,0.005614459215889264,37d7ad448549d25cdb9169552af356b8709b819a606b612b26c503fc6c28ca4a
F6,packet,Bottinger2008_state_063,Bottinger2008_state_063::MEACOO-,Bottinger2008,species,true-species-liquid-mole-fraction,MEACOO-,353.15,0.06390127802556052,0.0068,0.007351095134757309,0.32803281830792214,0.07792668786976023,0.05380276494351913,37d7ad448549d25cdb9169552af356b8709b819a606b612b26c503fc6c28ca4a
F6,packet,Bottinger2008_state_064,Bottinger2008_state_064::MEA + MEAH+,Bottinger2008,species,true-species-liquid-mole-fraction-linear-aggregate,MEA + MEAH+,353.15,0.14090281805636112,0.1005,0.10085566398909215,0.03218678634318078,0.003532697833625616,0.0005179946075507843,37d7ad448549d25cdb9169552af356b8709b819a606b612b26c503fc6c28ca4a
F6,packet,Bottinger2008_state_064,Bottinger2008_state_064::MEACOO-,Bottinger2008,species,true-species-liquid-mole-fraction,MEACOO-,353.15,0.14090281805636112,0.014,0.016150021105764616,0.8958421274019233,0.1428640269110432,0.40126655861400184,37d7ad448549d25cdb9169552af356b8709b819a606b612b26c503fc6c28ca4a
F6,packet,Bottinger2008_state_065,Bottinger2008_state_065::MEA + MEAH+,Bottinger2008,species,true-species-liquid-mole-fraction-linear-aggregate,MEA + MEAH+,353.15,0.24490489809796198,0.0906,0.08910813126407467,-0.14829709104625527,-0.016603622757717176,0.010996013606390662,37d7ad448549d25cdb9169552af356b8709b819a606b612b26c503fc6c28ca4a
F6,packet,Bottinger2008_state_065,Bottinger2008_state_065::MEACOO-,Bottinger2008,species,true-species-liquid-mole-fraction,MEACOO-,353.15,0.24490489809796198,0.0224,0.027897410025010526,1.6967314892007794,0.2194728950125108,1.4394488732227473,37d7ad448549d25cdb9169552af356b8709b819a606b612b26c503fc6c28ca4a
F6,packet,Bottinger2008_state_066,Bottinger2008_state_066::MEA + MEAH+,Bottinger2008,species,true-species-liquid-mole-fraction-linear-aggregate,MEA + MEAH+,353.15,0.33590671813436274,0.0858,0.07912954175659168,-0.6962900045311403,-0.08093272790952867,0.2424098852049877,37d7ad448549d25cdb9169552af356b8709b819a606b612b26c503fc6c28ca4a
F6,packet,Bottinger2008_state_066,Bottinger2008_state_066::MEACOO-,Bottinger2008,species,true-species-liquid-mole-fraction,MEACOO-,353.15,0.33590671813436274,0.0337,0.037875698583788885,0.9555374333613005,0.11681187075759254,0.4565258932773509,37d7ad448549d25cdb9169552af356b8709b819a606b612b26c503fc6c28ca4a
F6,packet,Bottinger2008_state_067,Bottinger2008_state_067::MEA + MEAH+,Bottinger2008,species,true-species-liquid-mole-fraction-linear-aggregate,MEA + MEAH+,353.15,0.39790795815916324,0.0872,0.07278347881795644,-1.4831811915682678,-0.18071534078070153,1.0999132235109332,37d7ad448549d25cdb9169552af356b8709b819a606b612b26c503fc6c28ca4a
F6,packet,Bottinger2008_state_067,Bottinger2008_state_067::MEACOO-,Bottinger2008,species,true-species-liquid-mole-fraction,MEACOO-,353.15,0.39790795815916324,0.0336,0.04422118118146897,2.4360507296947183,0.27467781957940224,2.9671715788230846,37d7ad448549d25cdb9169552af356b8709b819a606b612b26c503fc6c28ca4a
F6,packet,Bottinger2008_state_067,Bottinger2008_state_067::HCO3-,Bottinger2008,species,true-species-liquid-mole-fraction-linear-aggregate,HCO3-,353.15,0.39790795815916324,0.0046,0.0023372850536003513,-1.5498047578079786,-0.677066281221521,1.2009473936621236,37d7ad448549d25cdb9169552af356b8709b819a606b612b26c503fc6c28ca4a
F6,packet,Matin2012_state_001,Matin2012_state_001::MEA,Matin2012,species,true-species-liquid-mole-fraction,MEA,293.15,0.10590211804236084,0.0915,0.088548543280588,-0.2907839132425609,-0.032788059000055235,0.0422776421003286,37d7ad448549d25cdb9169552af356b8709b819a606b612b26c503fc6c28ca4a
F6,packet,Matin2012_state_001,Matin2012_state_001::MEAH+,Matin2012,species,true-species-liquid-mole-fraction,MEAH+,293.15,0.10590211804236084,0.0115,0.011976556975677696,0.22165440729195168,0.040604118321793586,0.0245653381359732,37d7ad448549d25cdb9169552af356b8709b819a606b612b26c503fc6c28ca4a
F6,packet,Matin2012_state_001,Matin2012_state_001::MEACOO-,Matin2012,species,true-species-liquid-mole-fraction,MEACOO-,293.15,0.10590211804236084,0.0097,0.011693768415791578,1.0120651856810041,0.1869302003702267,0.5121379700337627,37d7ad448549d25cdb9169552af356b8709b819a606b612b26c503fc6c28ca4a
F6,packet,Matin2012_state_001,Matin2012_state_001::HCO3-,Matin2012,species,true-species-liquid-mole-fraction-linear-aggregate,HCO3-,293.15,0.10590211804236084,0.0024,0.00020142974568587433,-1.7730405276726817,-2.477783352389944,1.571836356384911,37d7ad448549d25cdb9169552af356b8709b819a606b612b26c503fc6c28ca4a
F6,packet,Matin2012_state_002,Matin2012_state_002::MEA,Matin2012,species,true-species-liquid-mole-fraction,MEA,293.15,0.12790255805116105,0.0867,0.0836466351170975,-0.31575645117916273,-0.03585268289976918,0.049851068230629486,37d7ad448549d25cdb9169552af356b8709b819a606b612b26c503fc6c28ca4a
F6,packet,Matin2012_state_002,Matin2012_state_002::MEAH+,Matin2012,species,true-species-liquid-mole-fraction,MEAH+,293.15,0.12790255805116105,0.0139,0.014474820111817565,0.24051050703663843,0.04052175573690516,0.02892265199751045,37d7ad448549d25cdb9169552af356b8709b819a606b612b26c503fc6c28ca4a
F6,packet,Matin2012_state_002,Matin2012_state_002::MEACOO-,Matin2012,species,true-species-liquid-mole-fraction,MEACOO-,293.15,0.12790255805116105,0.0124,0.014097413331740005,0.7577738088125024,0.12829485629417423,0.2871105726611035,37d7ad448549d25cdb9169552af356b8709b819a606b612b26c503fc6c28ca4a
F6,packet,Matin2012_state_002,Matin2012_state_002::HCO3-,Matin2012,species,true-species-liquid-mole-fraction-linear-aggregate,HCO3-,293.15,0.12790255805116105,0.0022,0.00026659893354061937,-1.5847549725076888,-2.110467231832533,1.2557241614439227,37d7ad448549d25cdb9169552af356b8709b819a606b612b26c503fc6c28ca4a
F6,packet,Matin2012_state_003,Matin2012_state_003::MEA,Matin2012,species,true-species-liquid-mole-fraction,MEA,293.15,0.1499029980599612,0.0817,0.07874955509769022,-0.3217497167186236,-0.03678137372931365,0.051761440104257275,37d7ad448549d25cdb9169552af356b8709b819a606b612b26c503fc6c28ca4a
F6,packet,Matin2012_state_003,Matin2012_state_003::MEAH+,Matin2012,species,true-species-liquid-mole-fraction,MEAH+,293.15,0.1499029980599612,0.0162,0.016980721783418657,0.2979854135185717,0.047067445598829846,0.04439765333491709,37d7ad448549d25cdb9169552af356b8709b819a606b612b26c503fc6c28ca4a
F6,packet,Matin2012_state_003,Matin2012_state_003::MEACOO-,Matin2012,species,true-species-liquid-mole-fraction,MEACOO-,293.15,0.1499029980599612,0.0151,0.01648859153150332,0.5532237177304065,0.08797397560986403,0.15302824092972622,37d7ad448549d25cdb9169552af356b8709b819a606b612b26c503fc6c28ca4a
F6,packet,Matin2012_state_003,Matin2012_state_003::HCO3-,Matin2012,species,true-species-liquid-mole-fraction-linear-aggregate,HCO3-,293.15,0.1499029980599612,0.002,0.0003442345006715835,-1.3798045827736802,-1.7595793464136193,0.9519303433216249,37d7ad448549d25cdb9169552af356b8709b819a606b612b26c503fc6c28ca4a
F6,packet,Matin2012_state_004,Matin2012_state_004::MEA,Matin2012,species,true-species-liquid-mole-fraction,MEA,293.15,0.17290345806916138,0.0768,0.07363596611083419,-0.36452003331403304,-0.0420710637949288,0.06643742734363188,37d7ad448549d25cdb9169552af356b8709b819a606b612b26c503fc6c28ca4a
F6,packet,Matin2012_state_004,Matin2012_state_004::MEAH+,Matin2012,species,true-species-liquid-mole-fraction,MEAH+,293.15,0.17290345806916138,0.0186,0.019610586639373654,0.3533519718089705,0.05290797435901659,0.06242880799064374,37d7ad448549d25cdb9169552af356b8709b819a606b612b26c503fc6c28ca4a
F6,packet,Matin2012_state_004,Matin2012_state_004::MEACOO-,Matin2012,species,true-species-liquid-mole-fraction,MEACOO-,293.15,0.17290345806916138,0.0177,0.018972315456695477,0.4593196594568506,0.06941619578495513,0.1054872747817786,37d7ad448549d25cdb9169552af356b8709b819a606b612b26c503fc6c28ca4a
F6,packet,Matin2012_state_004,Matin2012_state_004::HCO3-,Matin2012,species,true-species-liquid-mole-fraction-linear-aggregate,HCO3-,293.15,0.17290345806916138,0.002,0.0004415426802779533,-1.2987144331017053,-1.5106277730991726,0.8433295893733419,37d7ad448549d25cdb9169552af356b8709b819a606b612b26c503fc6c28ca4a
F6,packet,Matin2012_state_005,Matin2012_state_005::MEA,Matin2012,species,true-species-liquid-mole-fraction,MEA,293.15,0.19490389807796157,0.0718,0.06875161727148509,-0.37266292524632244,-0.04338421583530766,0.06943882792657305,37d7ad448549d25cdb9169552af356b8709b819a606b612b26c503fc6c28ca4a
F6,packet,Matin2012_state_005,Matin2012_state_005::MEAH+,Matin2012,species,true-species-liquid-mole-fraction,MEAH+,293.15,0.19490389807796157,0.021,0.022137932869796425,0.36707511928916886,0.05277011888363747,0.06737207160057877,37d7ad448549d25cdb9169552af356b8709b819a606b612b26c503fc6c28ca4a
F6,packet,Matin2012_state_005,Matin2012_state_005::MEACOO-,Matin2012,species,true-species-liquid-mole-fraction,MEACOO-,293.15,0.19490389807796157,0.0203,0.021329317804600255,0.3397088464027248,0.049461663017361365,0.05770105016213504,37d7ad448549d25cdb9169552af356b8709b819a606b612b26c503fc6c28ca4a
F6,packet,Matin2012_state_005,Matin2012_state_005::HCO3-,Matin2012,species,true-species-liquid-mole-fraction-linear-aggregate,HCO3-,293.15,0.19490389807796157,0.002,0.000553353056022184,-1.2055391199815133,-1.284906224081229,0.7266622849029007,37d7ad448549d25cdb9169552af356b8709b819a606b612b26c503fc6c28ca4a
F6,packet,Matin2012_state_006,Matin2012_state_006::MEA,Matin2012,species,true-species-liquid-mole-fraction,MEA,293.15,0.21790435808716177,0.0668,0.06365393177536925,-0.40964430008212843,-0.04824198564228236,0.08390422629488845,37d7ad448549d25cdb9169552af356b8709b819a606b612b26c503fc6c28ca4a
F6,packet,Matin2012_state_006,Matin2012_state_006::MEAH+,Matin2012,species,true-species-liquid-mole-fraction,MEAH+,293.15,0.21790435808716177,0.0234,0.02479534806523057,0.41776888180555943,0.05792003519742807,0.08726541930253374,37d7ad448549d25cdb9169552af356b8709b819a606b612b26c503fc6c28ca4a
F6,packet,Matin2012_state_006,Matin2012_state_006::MEACOO-,Matin2012,species,true-species-liquid-mole-fraction,MEACOO-,293.15,0.21790435808716177,0.0228,0.023769587742039577,0.295606018914505,0.04164640163655029,0.04369145920924134,37d7ad448549d25cdb9169552af356b8709b819a606b612b26c503fc6c28ca4a
F6,packet,Matin2012_state_006,Matin2012_state_006::HCO3-,Matin2012,species,true-species-liquid-mole-fraction-linear-aggregate,HCO3-,293.15,0.21790435808716177,0.0021,0.0006941137652409542,-1.1618894502140873,-1.1070567497790849,0.674993547259397,37d7ad448549d25cdb9169552af356b8709b819a606b612b26c503fc6c28ca4a
F6,packet,Matin2012_state_007,Matin2012_state_007::MEA,Matin2012,species,true-species-liquid-mole-fraction,MEA,293.15,0.24090481809636194,0.0618,0.05856703089187785,-0.45027424904208246,-0.05373143897321729,0.10137344967520565,37d7ad448549d25cdb9169552af356b8709b819a606b612b26c503fc6c28ca4a
F6,packet,Matin2012_state_007,Matin2012_state_007::MEAH+,Matin2012,species,true-species-liquid-mole-fraction,MEAH+,293.15,0.24090481809636194,0.0257,0.027471766387397057,0.49629310571346114,0.06666780855577176,0.12315342338935635,37d7ad448549d25cdb9169552af356b8709b819a606b612b26c503fc6c28ca4a
F6,packet,Matin2012_state_007,Matin2012_state_007::MEACOO-,Matin2012,species,true-species-liquid-mole-fraction,MEACOO-,293.15,0.24090481809636194,0.0252,0.02618006981366697,0.27842892433720756,0.0381544326402313,0.038761332953787225,37d7ad448549d25cdb9169552af356b8709b819a606b612b26c503fc6c28ca4a
F6,packet,Matin2012_state_007,Matin2012_state_007::HCO3-,Matin2012,species,true-species-liquid-mole-fraction-linear-aggregate,HCO3-,293.15,0.24090481809636194,0.0023,0.0008646611662254213,-1.1669421412801453,-0.9783266870721926,0.6808769805477453,37d7ad448549d25cdb9169552af356b8709b819a606b612b26c503fc6c28ca4a
F6,packet,Matin2012_state_008,Matin2012_state_008::MEA,Matin2012,species,true-species-liquid-mole-fraction,MEA,293.15,0.26390527810556214,0.0568,0.05349346529980726,-0.494990224579752,-0.05997682321415832,0.12250766121475666,37d7ad448549d25cdb9169552af356b8709b819a606b612b26c503fc6c28ca4a
F6,packet,Matin2012_state_008,Matin2012_state_008::MEAH+,Matin2012,species,true-species-liquid-mole-fraction,MEAH+,293.15,0.26390527810556214,0.0281,0.03017137539853375,0.5436680836046591,0.07112406407633677,0.1477874925651813,37d7ad448549d25cdb9169552af356b8709b819a606b612b26c503fc6c28ca4a
F6,packet,Matin2012_state_008,Matin2012_state_008::MEACOO-,Matin2012,species,true-species-liquid-mole-fraction,MEACOO-,293.15,0.26390527810556214,0.0276,0.028554025727458385,0.2537302466644643,0.03398215965417828,0.03218951903620495,37d7ad448549d25cdb9169552af356b8709b819a606b612b26c503fc6c28ca4a
F6,packet,Matin2012_state_008,Matin2012_state_008::HCO3-,Matin2012,species,true-species-liquid-mole-fraction-linear-aggregate,HCO3-,293.15,0.26390527810556214,0.0026,0.0010717330744340766,-1.2129102583856533,-0.8862344111133138,0.7355756474485761,37d7ad448549d25cdb9169552af356b8709b819a606b612b26c503fc6c28ca4a
F6,packet,Matin2012_state_009,Matin2012_state_009::MEA,Matin2012,species,true-species-liquid-mole-fraction,MEA,293.15,0.2869057381147623,0.0518,0.04843668566735158,-0.5442256201696475,-0.06713265432206604,0.14809076282451872,37d7ad448549d25cdb9169552af356b8709b819a606b612b26c503fc6c28ca4a
F6,packet,Matin2012_state_009,Matin2012_state_009::MEAH+,Matin2012,species,true-species-liquid-mole-fraction,MEAH+,293.15,0.2869057381147623,0.0304,0.03289906769642528,0.618581112976555,0.07900171146296359,0.19132129666565678,37d7ad448549d25cdb9169552af356b8709b819a606b612b26c503fc6c28ca4a
F6,packet,Matin2012_state_009,Matin2012_state_009::MEACOO-,Matin2012,species,true-species-liquid-mole-fraction,MEACOO-,293.15,0.2869057381147623,0.0299,0.030883112139740626,0.24639401998511942,0.03235102140914946,0.030355006542213715,37d7ad448549d25cdb9169552af356b8709b819a606b612b26c503fc6c28ca4a
F6,packet,Matin2012_state_009,Matin2012_state_009::HCO3-,Matin2012,species,true-species-liquid-mole-fraction-linear-aggregate,HCO3-,293.15,0.2869057381147623,0.003,0.0013236721066515785,-1.2894829948834012,-0.8182025154109277,0.8313831970467329,37d7ad448549d25cdb9169552af356b8709b819a606b612b26c503fc6c28ca4a
F6,packet,Matin2012_state_010,Matin2012_state_010::MEA,Matin2012,species,true-species-liquid-mole-fraction,MEA,293.15,0.3099061981239625,0.0469,0.043401510540537966,-0.6148487626471058,-0.07752342987003723,0.1890195004643385,37d7ad448549d25cdb9169552af356b8709b819a606b612b26c503fc6c28ca4a
F6,packet,Matin2012_state_010,Matin2012_state_010::MEAH+,Matin2012,species,true-species-liquid-mole-fraction,MEAH+,293.15,0.3099061981239625,0.0327,0.03566040845632009,0.6933040881311687,0.0866659886535153,0.2403352793096957,37d7ad448549d25cdb9169552af356b8709b819a606b612b26c503fc6c28ca4a
F6,packet,Matin2012_state_010,Matin2012_state_010::MEACOO-,Matin2012,species,true-species-liquid-mole-fraction,MEACOO-,293.15,0.3099061981239625,0.0321,0.03315694520652773,0.25105586853390405,0.032396173044603134,0.03151452456265646,37d7ad448549d25cdb9169552af356b8709b819a606b612b26c503fc6c28ca4a
F6,packet,Matin2012_state_010,Matin2012_state_010::HCO3-,Matin2012,species,true-species-liquid-mole-fraction-linear-aggregate,HCO3-,293.15,0.3099061981239625,0.0034,0.001630860957726396,-1.3202530166220923,-0.7346673613251133,0.8715340139498673,37d7ad448549d25cdb9169552af356b8709b819a606b612b26c503fc6c28ca4a
F6,packet,Matin2012_state_011,Matin2012_state_011::MEA,Matin2012,species,true-species-liquid-mole-fraction,MEA,293.15,0.33390667813356273,0.0419,0.03817804642892643,-0.7171394163918248,-0.09302517733281744,0.2571444712714035,37d7ad448549d25cdb9169552af356b8709b819a606b612b26c503fc6c28ca4a
F6,packet,Matin2012_state_011,Matin2012_state_011::MEAH+,Matin2012,species,true-species-liquid-mole-fraction,MEAH+,293.15,0.33390667813356273,0.0349,0.038584242811660556,0.8205440560491215,0.10035714660454009,0.33664627395877195,37d7ad448549d25cdb9169552af356b8709b819a606b612b26c503fc6c28ca4a
F6,packet,Matin2012_state_011,Matin2012_state_011::MEACOO-,Matin2012,species,true-species-liquid-mole-fraction,MEACOO-,293.15,0.33390667813356273,0.0342,0.03545657298284415,0.2842925300552377,0.03608300731726967,0.04041112132260411,37d7ad448549d25cdb9169552af356b8709b819a606b612b26c503fc6c28ca4a
F6,packet,Matin2012_state_011,Matin2012_state_011::HCO3-,Matin2012,species,true-species-liquid-mole-fraction-linear-aggregate,HCO3-,293.15,0.33390667813356273,0.004,0.0020244676167452255,-1.4110945594676962,-0.6809876004380476,0.9955939278796658,37d7ad448549d25cdb9169552af356b8709b819a606b612b26c503fc6c28ca4a
F6,packet,Matin2012_state_012,Matin2012_state_012::MEA,Matin2012,species,true-species-liquid-mole-fraction,MEA,293.15,0.3579071581431629,0.0371,0.032997945254082804,-0.8709245745047126,-0.11717167511325031,0.37925480723810734,37d7ad448549d25cdb9169552af356b8709b819a606b612b26c503fc6c28ca4a
F6,packet,Matin2012_state_012,Matin2012_state_012::MEAH+,Matin2012,species,true-species-liquid-mole-fraction,MEAH+,293.15,0.3579071581431629,0.0372,0.0415582425358341,0.9233564694563781,0.11078711666207408,0.4262935848434736,37d7ad448549d25cdb9169552af356b8709b819a606b612b26c503fc6c28ca4a
F6,packet,Matin2012_state_012,Matin2012_state_012::MEACOO-,Matin2012,species,true-species-liquid-mole-fraction,MEACOO-,293.15,0.3579071581431629,0.0362,0.037662671413079996,0.3165955439567083,0.03961033690753308,0.05011636922662201,37d7ad448549d25cdb9169552af356b8709b819a606b612b26c503fc6c28ca4a
F6,packet,Matin2012_state_012,Matin2012_state_012::HCO3-,Matin2012,species,true-species-liquid-mole-fraction-linear-aggregate,HCO3-,293.15,0.3579071581431629,0.0046,0.002511593883545043,-1.43041514825682,-0.6051387385224704,1.02304374818129,37d7ad448549d25cdb9169552af356b8709b819a606b612b26c503fc6c28ca4a
F6,packet,Matin2012_state_013,Matin2012_state_013::MEA,Matin2012,species,true-species-liquid-mole-fraction,MEA,293.15,0.3819076381527631,0.0322,0.02788117706985234,-1.0234177559591613,-0.14401464840102382,0.5236919516062427,37d7ad448549d25cdb9169552af356b8709b819a606b612b26c503fc6c28ca4a
F6,packet,Matin2012_state_013,Matin2012_state_013::MEAH+,Matin2012,species,true-species-liquid-mole-fraction,MEAH+,293.15,0.3819076381527631,0.0394,0.044588129993642235,1.0502287436522748,0.12370186365931786,0.5514902069967178,37d7ad448549d25cdb9169552af356b8709b819a606b612b26c503fc6c28ca4a
F6,packet,Matin2012_state_013,Matin2012_state_013::MEACOO-,Matin2012,species,true-species-liquid-mole-fraction,MEACOO-,293.15,0.3819076381527631,0.0381,0.03974954729781577,0.34294122615712397,0.04238417016863894,0.05880434229907582,37d7ad448549d25cdb9169552af356b8709b819a606b612b26c503fc6c28ca4a
F6,packet,Matin2012_state_013,Matin2012_state_013::HCO3-,Matin2012,species,true-species-liquid-mole-fraction-linear-aggregate,HCO3-,293.15,0.3819076381527631,0.0053,0.0031179256251264395,-1.426192401878144,-0.5305389035981235,1.0170123835874747,37d7ad448549d25cdb9169552af356b8709b819a606b612b26c503fc6c28ca4a
F6,packet,Matin2012_state_014,Matin2012_state_014::MEA,Matin2012,species,true-species-liquid-mole-fraction,MEA,293.15,0.4059081181623633,0.0274,0.022862589484180025,-1.2132113678663037,-0.18104108566917151,0.7359409115600138,37d7ad448549d25cdb9169552af356b8709b819a606b612b26c503fc6c28ca4a
F6,packet,Matin2012_state_014,Matin2012_state_014::MEAH+,Matin2012,species,true-species-liquid-mole-fraction,MEAH+,293.15,0.4059081181623633,0.0415,0.04767572782576268,1.1991704516044037,0.1387289905362925,0.7190048860005548,37d7ad448549d25cdb9169552af356b8709b819a606b612b26c503fc6c28ca4a
F6,packet,Matin2012_state_014,Matin2012_state_014::MEACOO-,Matin2012,species,true-species-liquid-mole-fraction,MEACOO-,293.15,0.4059081181623633,0.04,0.041680528753412646,0.33610575068252907,0.041154629273084636,0.0564835378209332,37d7ad448549d25cdb9169552af356b8709b819a606b612b26c503fc6c28ca4a
F6,packet,Matin2012_state_014,Matin2012_state_014::HCO3-,Matin2012,species,true-species-liquid-mole-fraction-linear-aggregate,HCO3-,293.15,0.4059081181623633,0.0061,0.0038801193608484124,-1.378807850404713,-0.4524228549119972,0.9505555441688327,37d7ad448549d25cdb9169552af356b8709b819a606b612b26c503fc6c28ca4a
F6,packet,Matin2012_state_015,Matin2012_state_015::MEA,Matin2012,species,true-species-liquid-mole-fraction,MEA,293.15,0.4309086181723635,0.0227,0.017809888258137528,-1.4954470158600834,-0.24261110131341243,1.1181808886224143,37d7ad448549d25cdb9169552af356b8709b819a606b612b26c503fc6c28ca4a
F6,packet,Matin2012_state_015,Matin2012_state_015::MEAH+,Matin2012,species,true-species-liquid-mole-fraction,MEAH+,293.15,0.4309086181723635,0.0436,0.05094464532039561,1.370269649327539,0.15568250703692812,0.9388194559341084,37d7ad448549d25cdb9169552af356b8709b819a606b612b26c503fc6c28ca4a
F6,packet,Matin2012_state_015,Matin2012_state_015::MEACOO-,Matin2012,species,true-species-liquid-mole-fraction,MEACOO-,293.15,0.4309086181723635,0.0417,0.043464296014159964,0.3412564824293933,0.0414386909808172,0.058227993400041415,37d7ad448549d25cdb9169552af356b8709b819a606b612b26c503fc6c28ca4a
F6,packet,Matin2012_state_015,Matin2012_state_015::HCO3-,Matin2012,species,true-species-liquid-mole-fraction-linear-aggregate,HCO3-,293.15,0.4309086181723635,0.007,0.0049016693801659066,-1.2343121293141726,-0.3563343121305577,0.7617632162860433,37d7ad448549d25cdb9169552af356b8709b819a606b612b26c503fc6c28ca4a
F6,packet,Matin2012_state_016,Matin2012_state_016::MEA,Matin2012,species,true-species-liquid-mole-fraction,MEA,293.15,0.4549090981819637,0.0181,0.013260800266844877,-1.7221351363541366,-0.31109960338608356,1.4828747139327403,37d7ad448549d25cdb9169552af356b8709b819a606b612b26c503fc6c28ca4a
F6,packet,Matin2012_state_016,Matin2012_state_016::MEAH+,Matin2012,species,true-species-liquid-mole-fraction,MEAH+,293.15,0.4549090981819637,0.0457,0.054101768291315036,1.508396461636452,0.16876857302467674,1.1376299427386842,37d7ad448549d25cdb9169552af356b8709b819a606b612b26c503fc6c28ca4a
F6,packet,Matin2012_state_016,Matin2012_state_016::MEACOO-,Matin2012,species,true-species-liquid-mole-fraction,MEACOO-,293.15,0.4549090981819637,0.0433,0.04485622717788332,0.2919750802782964,0.035309788404242454,0.04262472375175881,37d7ad448549d25cdb9169552af356b8709b819a606b612b26c503fc6c28ca4a
F6,packet,Matin2012_state_016,Matin2012_state_016::HCO3-,Matin2012,species,true-species-liquid-mole-fraction-linear-aggregate,HCO3-,293.15,0.4549090981819637,0.008,0.006202673019956951,-0.9985149889128053,-0.25446121028847435,0.49851609154176985,37d7ad448549d25cdb9169552af356b8709b819a606b612b26c503fc6c28ca4a
F6,packet,Matin2012_state_017,Matin2012_state_017::MEA,Matin2012,species,true-species-liquid-mole-fraction,MEA,293.15,0.4799095981919638,0.0135,0.009105795523226939,-1.869874245435345,-0.3937786039533699,1.7482148468712004,37d7ad448549d25cdb9169552af356b8709b819a606b612b26c503fc6c28ca4a
F6,packet,Matin2012_state_017,Matin2012_state_017::MEAH+,Matin2012,species,true-species-liquid-mole-fraction,MEAH+,293.15,0.4799095981919638,0.0477,0.057328434349331596,1.6687061264006233,0.18386533920483197,1.3922900681434864,37d7ad448549d25cdb9169552af356b8709b819a606b612b26c503fc6c28ca4a
F6,packet,Matin2012_state_017,Matin2012_state_017::MEACOO-,Matin2012,species,true-species-liquid-mole-fraction,MEACOO-,293.15,0.4799095981919638,0.0448,0.04578447940657581,0.17964952674741078,0.021737016681534403,0.01613697623028433,37d7ad448549d25cdb9169552af356b8709b819a606b612b26c503fc6c28ca4a
F6,packet,Matin2012_state_017,Matin2012_state_017::HCO3-,Matin2012,species,true-species-liquid-mole-fraction-linear-aggregate,HCO3-,293.15,0.4799095981919638,0.0091,0.008079078754229205,-0.5345137412412541,-0.11899656305576155,0.14285246978786115,37d7ad448549d25cdb9169552af356b8709b819a606b612b26c503fc6c28ca4a
F6,packet,Matin2012_state_018,Matin2012_state_018::MEA,Matin2012,species,true-species-liquid-mole-fraction,MEA,293.15,0.5049100982019641,0.009,0.005932266934055896,-1.6145963504968963,-0.41681815507499853,1.3034606875189483,37d7ad448549d25cdb9169552af356b8709b819a606b612b26c503fc6c28ca4a
F6,packet,Matin2012_state_018,Matin2012_state_018::MEAH+,Matin2012,species,true-species-liquid-mole-fraction,MEAH+,293.15,0.5049100982019641,0.0496,0.06035756826600229,1.8049611184567604,0.19629551218031582,1.6289423195703399,37d7ad448549d25cdb9169552af356b8709b819a606b612b26c503fc6c28ca4a
F6,packet,Matin2012_state_018,Matin2012_state_018::MEACOO-,Matin2012,species,true-species-liquid-mole-fraction,MEACOO-,293.15,0.5049100982019641,0.0462,0.04592864428946966,-0.048283934258067054,-0.0058908170706726505,0.0011656691537186706,37d7ad448549d25cdb9169552af356b8709b819a606b612b26c503fc6c28ca4a
F6,packet,Matin2012_state_018,Matin2012_state_018::HCO3-,Matin2012,species,true-species-liquid-mole-fraction-linear-aggregate,HCO3-,293.15,0.5049100982019641,0.0102,0.010738217868217631,0.26644448921664865,0.051421420963965465,0.0354963329169604,37d7ad448549d25cdb9169552af356b8709b819a606b612b26c503fc6c28ca4a
F6,packet,Matin2012_state_019,Matin2012_state_019::MEA,Matin2012,species,true-species-liquid-mole-fraction,MEA,293.15,0.5309106182123643,0.0046,0.0038403675489750533,-0.5202961993321553,-0.1804882255969661,0.13535406751974294,37d7ad448549d25cdb9169552af356b8709b819a606b612b26c503fc6c28ca4a
F6,packet,Matin2012_state_019,Matin2012_state_019::MEAH+,Matin2012,species,true-species-liquid-mole-fraction,MEAH+,293.15,0.5309106182123643,0.0515,0.063217070751399,1.9052147563250408,0.2049925638367736,1.8149216338593424,37d7ad448549d25cdb9169552af356b8709b819a606b612b26c503fc6c28ca4a
F6,packet,Matin2012_state_019,Matin2012_state_019::MEACOO-,Matin2012,species,true-species-liquid-mole-fraction,MEACOO-,293.15,0.5309106182123643,0.0475,0.04516045272846635,-0.4068777863536777,-0.050507946821200876,0.08277476651403451,37d7ad448549d25cdb9169552af356b8709b819a606b612b26c503fc6c28ca4a
F6,packet,Matin2012_state_019,Matin2012_state_019::HCO3-,Matin2012,species,true-species-liquid-mole-fraction-linear-aggregate,HCO3-,293.15,0.5309106182123643,0.0114,0.014418533557534492,1.4105296997824721,0.23490107624584514,0.9947970169842154,37d7ad448549d25cdb9169552af356b8709b819a606b612b26c503fc6c28ca4a
F1-no-heat,packet,Bottinger2008_state_030,Bottinger2008_state_030::MEA + MEAH+,Bottinger2008,species,true-species-liquid-mole-fraction-linear-aggregate,MEA + MEAH+,293.15,0.0749014980299606,0.1054,0.1039179515117364,-0.1284270787056842,-0.014160976104944163,0.008246757272438003,756fec502d3a1433d538abb073c4caeabf91902013ab7e27d5459ce70396543b
F1-no-heat,packet,Bottinger2008_state_030,Bottinger2008_state_030::MEACOO-,Bottinger2008,species,true-species-liquid-mole-fraction,MEACOO-,293.15,0.0749014980299606,0.0086,0.008300917200478382,-0.16079720404388073,-0.0353961884805243,0.012927870414164707,756fec502d3a1433d538abb073c4caeabf91902013ab7e27d5459ce70396543b
F1-no-heat,packet,Bottinger2008_state_031,Bottinger2008_state_031::MEA + MEAH+,Bottinger2008,species,true-species-liquid-mole-fraction-linear-aggregate,MEA + MEAH+,293.15,0.1499029980599612,0.0966,0.09567554132693146,-0.08672220197641164,-0.00961605194590099,0.003760370157818768,756fec502d3a1433d538abb073c4caeabf91902013ab7e27d5459ce70396543b
F1-no-heat,packet,Bottinger2008_state_031,Bottinger2008_state_031::MEACOO-,Bottinger2008,species,true-species-liquid-mole-fraction,MEACOO-,293.15,0.1499029980599612,0.0171,0.016543326891761707,-0.2054144310842413,-0.03309565195312784,0.021097544248831257,756fec502d3a1433d538abb073c4caeabf91902013ab7e27d5459ce70396543b
F1-no-heat,packet,Bottinger2008_state_032,Bottinger2008_state_032::MEA + MEAH+,Bottinger2008,species,true-species-liquid-mole-fraction-linear-aggregate,MEA + MEAH+,293.15,0.2349046980939619,0.0871,0.086476548909243,-0.06420711542296563,-0.007183617553624007,0.0020612768354690155,756fec502d3a1433d538abb073c4caeabf91902013ab7e27d5459ce70396543b
F1-no-heat,packet,Bottinger2008_state_032,Bottinger2008_state_032::MEACOO-,Bottinger2008,species,true-species-liquid-mole-fraction,MEACOO-,293.15,0.2349046980939619,0.0267,0.02574231807126278,-0.26094875442431087,-0.03652731013450954,0.03404712621779965,756fec502d3a1433d538abb073c4caeabf91902013ab7e27d5459ce70396543b
F1-no-heat,packet,Bottinger2008_state_033,Bottinger2008_state_033::MEA + MEAH+,Bottinger2008,species,true-species-liquid-mole-fraction-linear-aggregate,MEA + MEAH+,293.15,0.30890617812356247,0.078,0.07871642782647892,0.08141225300896802,0.00914304680424145,0.0033139774699981117,756fec502d3a1433d538abb073c4caeabf91902013ab7e27d5459ce70396543b
F1-no-heat,packet,Bottinger2008_state_033,Bottinger2008_state_033::MEACOO-,Bottinger2008,species,true-species-liquid-mole-fraction,MEACOO-,293.15,0.30890617812356247,0.0349,0.03350243661632902,-0.31126133266614286,-0.040868658206617545,0.048441808606551624,756fec502d3a1433d538abb073c4caeabf91902013ab7e27d5459ce70396543b
F1-no-heat,packet,Bottinger2008_state_034,Bottinger2008_state_034::MEA + MEAH+,Bottinger2008,species,true-species-liquid-mole-fraction-linear-aggregate,MEA + MEAH+,293.15,0.38790775815516315,0.0678,0.07099304583246985,0.4104172021169471,0.046019731276389406,0.0842211398967515,756fec502d3a1433d538abb073c4caeabf91902013ab7e27d5459ce70396543b
F1-no-heat,packet,Bottinger2008_state_034,Bottinger2008_state_034::MEACOO-,Bottinger2008,species,true-species-liquid-mole-fraction,MEACOO-,293.15,0.38790775815516315,0.043,0.04122581012886081,-0.33475280587531775,-0.04213559604351327,0.056029720520699086,756fec502d3a1433d538abb073c4caeabf91902013ab7e27d5459ce70396543b
F1-no-heat,packet,Bottinger2008_state_035,Bottinger2008_state_035::MEA + MEAH+,Bottinger2008,species,true-species-liquid-mole-fraction-linear-aggregate,MEA + MEAH+,293.15,0.4739094781895638,0.062,0.06458399532951671,0.3588882402106543,0.04083224473120612,0.06440038448075015,756fec502d3a1433d538abb073c4caeabf91902013ab7e27d5459ce70396543b
F1-no-heat,packet,Bottinger2008_state_035,Bottinger2008_state_035::MEACOO-,Bottinger2008,species,true-species-liquid-mole-fraction,MEACOO-,293.15,0.4739094781895638,0.0493,0.0476347750993641,-0.2808136426030184,-0.03436101723275504,0.03942815093598787,756fec502d3a1433d538abb073c4caeabf91902013ab7e27d5459ce70396543b
F1-no-heat,packet,Bottinger2008_state_042,Bottinger2008_state_042::MEA + MEAH+,Bottinger2008,species,true-species-liquid-mole-fraction-linear-aggregate,MEA + MEAH+,313.15,0.124902498049961,0.1009,0.09844671457224934,-0.22121599889546142,-0.024614494367590455,0.024468259083658395,756fec502d3a1433d538abb073c4caeabf91902013ab7e27d5459ce70396543b
F1-no-heat,packet,Bottinger2008_state_042,Bottinger2008_state_042::MEACOO-,Bottinger2008,species,true-species-liquid-mole-fraction,MEACOO-,313.15,0.124902498049961,0.0144,0.013772151576550384,-0.2573149276432852,-0.04457965502694874,0.03310548599403454,756fec502d3a1433d538abb073c4caeabf91902013ab7e27d5459ce70396543b
F1-no-heat,packet,Bottinger2008_state_043,Bottinger2008_state_043::MEA + MEAH+,Bottinger2008,species,true-species-liquid-mole-fraction-linear-aggregate,MEA + MEAH+,313.15,0.20490409808196164,0.0934,0.08974364141412756,-0.3536130160418214,-0.03993416812968258,0.06252108255709671,756fec502d3a1433d538abb073c4caeabf91902013ab7e27d5459ce70396543b
F1-no-heat,packet,Bottinger2008_state_043,Bottinger2008_state_043::MEACOO-,Bottinger2008,species,true-species-liquid-mole-fraction,MEACOO-,313.15,0.20490409808196164,0.0241,0.022475219258246557,-0.4764752908367867,-0.06979850453594157,0.11351435138900023,756fec502d3a1433d538abb073c4caeabf91902013ab7e27d5459ce70396543b
F1-no-heat,packet,Bottinger2008_state_044,Bottinger2008_state_044::MEA + MEAH+,Bottinger2008,species,true-species-liquid-mole-fraction-linear-aggregate,MEA + MEAH+,313.15,0.2359047180943619,0.0876,0.0864132718116486,-0.12159100290485673,-0.013639724997861565,0.00739218599370444,756fec502d3a1433d538abb073c4caeabf91902013ab7e27d5459ce70396543b
F1-no-heat,packet,Bottinger2008_state_044,Bottinger2008_state_044::MEACOO-,Bottinger2008,species,true-species-liquid-mole-fraction,MEACOO-,313.15,0.2359047180943619,0.0271,0.025805585177093866,-0.3488988740986881,-0.048942779654119174,0.0608652121736661,756fec502d3a1433d538abb073c4caeabf91902013ab7e27d5459ce70396543b
F1-no-heat,packet,Bottinger2008_state_045,Bottinger2008_state_045::MEA + MEAH+,Bottinger2008,species,true-species-liquid-mole-fraction-linear-aggregate,MEA + MEAH+,313.15,0.2799055981119623,0.084,0.08174978951612183,-0.23938409402959315,-0.027153563795604005,0.02865237223718455,756fec502d3a1433d538abb073c4caeabf91902013ab7e27d5459ce70396543b
F1-no-heat,packet,Bottinger2008_state_045,Bottinger2008_state_045::MEACOO-,Bottinger2008,species,true-species-liquid-mole-fraction,MEACOO-,313.15,0.2799055981119623,0.0327,0.03046905941810819,-0.52246852034937,-0.07066335449566459,0.13648667737803002,756fec502d3a1433d538abb073c4caeabf91902013ab7e27d5459ce70396543b
F1-no-heat,packet,Bottinger2008_state_046,Bottinger2008_state_046::MEA + MEAH+,Bottinger2008,species,true-species-liquid-mole-fraction-linear-aggregate,MEA + MEAH+,313.15,0.34290685813716276,0.0758,0.0752837434383237,-0.06016976243313628,-0.006834071743517782,0.001810200155630029,756fec502d3a1433d538abb073c4caeabf91902013ab7e27d5459ce70396543b
F1-no-heat,packet,Bottinger2008_state_046,Bottinger2008_state_046::MEACOO-,Bottinger2008,species,true-species-liquid-mole-fraction,MEACOO-,313.15,0.34290685813716276,0.0396,0.036935081561377196,-0.5372819432707271,-0.0696672990412841,0.14433594328238442,756fec502d3a1433d538abb073c4caeabf91902013ab7e27d5459ce70396543b
F1-no-heat,packet,Bottinger2008_state_047,Bottinger2008_state_047::MEA + MEAH+,Bottinger2008,species,true-species-liquid-mole-fraction-linear-aggregate,MEA + MEAH+,313.15,0.3539070781415628,0.0749,0.07419436451167769,-0.08311372065044867,-0.009465693211574174,0.0034539452801804088,756fec502d3a1433d538abb073c4caeabf91902013ab7e27d5459ce70396543b
F1-no-heat,packet,Bottinger2008_state_047,Bottinger2008_state_047::MEACOO-,Bottinger2008,species,true-species-liquid-mole-fraction,MEACOO-,313.15,0.3539070781415628,0.041,0.03802445330396617,-0.5834405286340844,-0.07534260594130153,0.1702014252264099,756fec502d3a1433d538abb073c4caeabf91902013ab7e27d5459ce70396543b
F1-no-heat,packet,Bottinger2008_state_048,Bottinger2008_state_048::MEA + MEAH+,Bottinger2008,species,true-species-liquid-mole-fraction-linear-aggregate,MEA + MEAH+,313.15,0.4599091981839637,0.065,0.0653045273209979,0.040603642799719175,0.004674095086029656,0.0008243279043035934,756fec502d3a1433d538abb073c4caeabf91902013ab7e27d5459ce70396543b
F1-no-heat,packet,Bottinger2008_state_048,Bottinger2008_state_048::MEACOO-,Bottinger2008,species,true-species-liquid-mole-fraction,MEACOO-,313.15,0.4599091981839637,0.0492,0.04691395058232511,-0.386156996228867,-0.0475785384957147,0.0745586128682506,756fec502d3a1433d538abb073c4caeabf91902013ab7e27d5459ce70396543b
F1-no-heat,packet,Bottinger2008_state_049,Bottinger2008_state_049::MEA + MEAH+,Bottinger2008,species,true-species-liquid-mole-fraction-linear-aggregate,MEA + MEAH+,313.15,0.4659093181863638,0.0663,0.06498737481413855,-0.17203475568302085,-0.019996879790611596,0.014797978581458336,756fec502d3a1433d538abb073c4caeabf91902013ab7e27d5459ce70396543b
F1-no-heat,packet,Bottinger2008_state_049,Bottinger2008_state_049::MEACOO-,Bottinger2008,species,true-species-liquid-mole-fraction,MEACOO-,313.15,0.4659093181863638,0.0502,0.04723103148045981,-0.4931841394585035,-0.060963903509614316,0.12161529770671231,756fec502d3a1433d538abb073c4caeabf91902013ab7e27d5459ce70396543b
F1-no-heat,packet,Bottinger2008_state_049,Bottinger2008_state_049::HCO3-,Bottinger2008,species,true-species-liquid-mole-fraction-linear-aggregate,HCO3-,313.15,0.4659093181863638,0.004,0.0050586236167640556,0.7561597262600397,0.23480007268015188,0.2858887658088291,756fec502d3a1433d538abb073c4caeabf91902013ab7e27d5459ce70396543b
F1-no-heat,packet,Bottinger2008_state_050,Bottinger2008_state_050::MEA + MEAH+,Bottinger2008,species,true-species-liquid-mole-fraction-linear-aggregate,MEA + MEAH+,313.15,0.4869097381947639,0.0646,0.06421858178069678,-0.05112844762777786,-0.005921806134713399,0.0013070590784132116,756fec502d3a1433d538abb073c4caeabf91902013ab7e27d5459ce70396543b
F1-no-heat,packet,Bottinger2008_state_050,Bottinger2008_state_050::MEACOO-,Bottinger2008,species,true-species-liquid-mole-fraction,MEACOO-,313.15,0.4869097381947639,0.0511,0.04799940374129786,-0.5074625627990409,-0.06259590843521684,0.12875912632128525,756fec502d3a1433d538abb073c4caeabf91902013ab7e27d5459ce70396543b
F1-no-heat,packet,Bottinger2008_state_050,Bottinger2008_state_050::HCO3-,Bottinger2008,species,true-species-liquid-mole-fraction-linear-aggregate,HCO3-,313.15,0.4869097381947639,0.0052,0.006642883400967732,0.9492653953735078,0.24488749077665542,0.4505523954268111,756fec502d3a1433d538abb073c4caeabf91902013ab7e27d5459ce70396543b
F1-no-heat,packet,Bottinger2008_state_055,Bottinger2008_state_055::MEA + MEAH+,Bottinger2008,species,true-species-liquid-mole-fraction-linear-aggregate,MEA + MEAH+,333.15,0.13090261805236106,0.0974,0.097843504081947,0.0412946072576352,0.004543094499848828,0.0008526222942811689,756fec502d3a1433d538abb073c4caeabf91902013ab7e27d5459ce70396543b
F1-no-heat,packet,Bottinger2008_state_055,Bottinger2008_state_055::MEACOO-,Bottinger2008,species,true-species-liquid-mole-fraction,MEACOO-,333.15,0.13090261805236106,0.0147,0.014375348720097127,-0.13143776514286323,-0.02233264860615073,0.008637943052875236,756fec502d3a1433d538abb073c4caeabf91902013ab7e27d5459ce70396543b
F1-no-heat,packet,Bottinger2008_state_056,Bottinger2008_state_056::MEA + MEAH+,Bottinger2008,species,true-species-liquid-mole-fraction-linear-aggregate,MEA + MEAH+,333.15,0.20290405808116166,0.0905,0.09005118796582254,-0.044657913848503414,-0.004971586879733022,0.0009971646346501764,756fec502d3a1433d538abb073c4caeabf91902013ab7e27d5459ce70396543b
F1-no-heat,packet,Bottinger2008_state_056,Bottinger2008_state_056::MEACOO-,Bottinger2008,species,true-species-liquid-mole-fraction,MEACOO-,333.15,0.20290405808116166,0.0231,0.02216763724549032,-0.281680590486308,-0.041199173981765126,0.03967197752835758,756fec502d3a1433d538abb073c4caeabf91902013ab7e27d5459ce70396543b
F1-no-heat,packet,Bottinger2008_state_057,Bottinger2008_state_057::MEA + MEAH+,Bottinger2008,species,true-species-liquid-mole-fraction-linear-aggregate,MEA + MEAH+,333.15,0.27690553811076224,0.0791,0.08220433091099137,0.3484097543200188,0.03849511338223617,0.06069467845266793,756fec502d3a1433d538abb073c4caeabf91902013ab7e27d5459ce70396543b
F1-no-heat,packet,Bottinger2008_state_057,Bottinger2008_state_057::MEACOO-,Bottinger2008,species,true-species-liquid-mole-fraction,MEACOO-,333.15,0.27690553811076224,0.0302,0.030014430575133526,-0.046161548474247596,-0.006163639200186635,0.0010654442787701552,756fec502d3a1433d538abb073c4caeabf91902013ab7e27d5459ce70396543b
F1-no-heat,packet,Bottinger2008_state_058,Bottinger2008_state_058::MEA + MEAH+,Bottinger2008,species,true-species-liquid-mole-fraction-linear-aggregate,MEA + MEAH+,333.15,0.4149082981659633,0.0687,0.06890176517720391,0.02563725250367355,0.0029325978710320294,0.00032863435796855786,756fec502d3a1433d538abb073c4caeabf91902013ab7e27d5459ce70396543b
F1-no-heat,packet,Bottinger2008_state_058,Bottinger2008_state_058::MEACOO-,Bottinger2008,species,true-species-liquid-mole-fraction,MEACOO-,333.15,0.4149082981659633,0.0417,0.04331631561690174,0.31263358160575205,0.038028239316347454,0.048869878173820214,756fec502d3a1433d538abb073c4caeabf91902013ab7e27d5459ce70396543b
F1-no-heat,packet,Bottinger2008_state_058,Bottinger2008_state_058::HCO3-,Bottinger2008,species,true-species-liquid-mole-fraction-linear-aggregate,HCO3-,333.15,0.4149082981659633,0.0042,0.0032471650903878524,-0.6710104997268643,-0.2573021894858083,0.2251275453718481,756fec502d3a1433d538abb073c4caeabf91902013ab7e27d5459ce70396543b
F1-no-heat,packet,Bottinger2008_state_059,Bottinger2008_state_059::MEA + MEAH+,Bottinger2008,species,true-species-liquid-mole-fraction-linear-aggregate,MEA + MEAH+,333.15,0.4889097781955639,0.068,0.06481134699504457,-0.40880166730197925,-0.048027009199266335,0.08355940159443907,756fec502d3a1433d538abb073c4caeabf91902013ab7e27d5459ce70396543b
F1-no-heat,packet,Bottinger2008_state_059,Bottinger2008_state_059::MEACOO-,Bottinger2008,species,true-species-liquid-mole-fraction,MEACOO-,333.15,0.4889097781955639,0.0424,0.04740299350984053,0.9547697537863603,0.11153701868502015,0.45579264137263353,756fec502d3a1433d538abb073c4caeabf91902013ab7e27d5459ce70396543b
F1-no-heat,packet,Bottinger2008_state_059,Bottinger2008_state_059::HCO3-,Bottinger2008,species,true-species-liquid-mole-fraction-linear-aggregate,HCO3-,333.15,0.4889097781955639,0.0072,0.0074294658690027765,0.13341038895510274,0.03137294169863244,0.008899165940575899,756fec502d3a1433d538abb073c4caeabf91902013ab7e27d5459ce70396543b
F1-no-heat,packet,Bottinger2008_state_063,Bottinger2008_state_063::MEA + MEAH+,Bottinger2008,species,true-species-liquid-mole-fraction-linear-aggregate,MEA + MEAH+,353.15,0.06390127802556052,0.1084,0.10968302401708967,0.10836351495689786,0.011766517140220256,0.0058713256869069134,756fec502d3a1433d538abb073c4caeabf91902013ab7e27d5459ce70396543b
F1-no-heat,packet,Bottinger2008_state_063,Bottinger2008_state_063::MEACOO-,Bottinger2008,species,true-species-liquid-mole-fraction,MEACOO-,353.15,0.06390127802556052,0.0068,0.007322714691334918,0.31113969722316587,0.07405850651176608,0.048403955594061666,756fec502d3a1433d538abb073c4caeabf91902013ab7e27d5459ce70396543b
F1-no-heat,packet,Bottinger2008_state_064,Bottinger2008_state_064::MEA + MEAH+,Bottinger2008,species,true-species-liquid-mole-fraction-linear-aggregate,MEA + MEAH+,353.15,0.14090281805636112,0.1005,0.10094445719455492,0.04022237054795558,0.004412709309062054,0.0008089195462485221,756fec502d3a1433d538abb073c4caeabf91902013ab7e27d5459ce70396543b
F1-no-heat,packet,Bottinger2008_state_064,Bottinger2008_state_064::MEACOO-,Bottinger2008,species,true-species-liquid-mole-fraction,MEACOO-,353.15,0.14090281805636112,0.014,0.016061208072927862,0.8588366970532757,0.13734959854800344,0.36880023610269,756fec502d3a1433d538abb073c4caeabf91902013ab7e27d5459ce70396543b
F1-no-heat,packet,Bottinger2008_state_065,Bottinger2008_state_065::MEA + MEAH+,Bottinger2008,species,true-species-liquid-mole-fraction-linear-aggregate,MEA + MEAH+,353.15,0.24490489809796198,0.0906,0.08936036218217519,-0.12322443517145226,-0.013777005227992708,0.007592130711661721,756fec502d3a1433d538abb073c4caeabf91902013ab7e27d5459ce70396543b
F1-no-heat,packet,Bottinger2008_state_065,Bottinger2008_state_065::MEACOO-,Bottinger2008,species,true-species-liquid-mole-fraction,MEACOO-,353.15,0.24490489809796198,0.0224,0.027645026514177957,1.6188353438820853,0.21038488002332217,1.3103139353009146,756fec502d3a1433d538abb073c4caeabf91902013ab7e27d5459ce70396543b
F1-no-heat,packet,Bottinger2008_state_066,Bottinger2008_state_066::MEA + MEAH+,Bottinger2008,species,true-species-liquid-mole-fraction-linear-aggregate,MEA + MEAH+,353.15,0.33590671813436274,0.0858,0.07968942634590201,-0.6378469367534437,-0.07388209768085592,0.2034243573628758,756fec502d3a1433d538abb073c4caeabf91902013ab7e27d5459ce70396543b
F1-no-heat,packet,Bottinger2008_state_066,Bottinger2008_state_066::MEACOO-,Bottinger2008,species,true-species-liquid-mole-fraction,MEACOO-,353.15,0.33590671813436274,0.0337,0.03731516448274459,0.8272687603534533,0.10190196116774082,0.34218680092836967,756fec502d3a1433d538abb073c4caeabf91902013ab7e27d5459ce70396543b
F1-no-heat,packet,Bottinger2008_state_067,Bottinger2008_state_067::MEA + MEAH+,Bottinger2008,species,true-species-liquid-mole-fraction-linear-aggregate,MEA + MEAH+,353.15,0.39790795815916324,0.0872,0.0737557907239918,-1.3831491024699796,-0.16744482048599027,0.956550719831755,756fec502d3a1433d538abb073c4caeabf91902013ab7e27d5459ce70396543b
F1-no-heat,packet,Bottinger2008_state_067,Bottinger2008_state_067::MEACOO-,Bottinger2008,species,true-species-liquid-mole-fraction,MEACOO-,353.15,0.39790795815916324,0.0336,0.04324700052676227,2.212614799716118,0.25240181202139483,2.4478321259613987,756fec502d3a1433d538abb073c4caeabf91902013ab7e27d5459ce70396543b
F1-no-heat,packet,Bottinger2008_state_067,Bottinger2008_state_067::HCO3-,Bottinger2008,species,true-species-liquid-mole-fraction-linear-aggregate,HCO3-,353.15,0.39790795815916324,0.0046,0.0032947505215715775,-0.894006492074262,-0.33372585264936006,0.3996238039354637,756fec502d3a1433d538abb073c4caeabf91902013ab7e27d5459ce70396543b
F1-no-heat,packet,Matin2012_state_001,Matin2012_state_001::MEA,Matin2012,species,true-species-liquid-mole-fraction,MEA,293.15,0.10590211804236084,0.0915,0.08855863053887862,-0.28979009469176126,-0.03267414765378975,0.04198914949072998,756fec502d3a1433d538abb073c4caeabf91902013ab7e27d5459ce70396543b
F1-no-heat,packet,Matin2012_state_001,Matin2012_state_001::MEAH+,Matin2012,species,true-species-liquid-mole-fraction,MEAH+,293.15,0.10590211804236084,0.0115,0.011942841022162587,0.20597256844771494,0.037784985846305116,0.02121234947647431,756fec502d3a1433d538abb073c4caeabf91902013ab7e27d5459ce70396543b
F1-no-heat,packet,Matin2012_state_001,Matin2012_state_001::MEACOO-,Matin2012,species,true-species-liquid-mole-fraction,MEACOO-,293.15,0.10590211804236084,0.0097,0.011717396992184935,1.0240593868959058,0.18894877432882745,0.5243488139448093,756fec502d3a1433d538abb073c4caeabf91902013ab7e27d5459ce70396543b
F1-no-heat,packet,Matin2012_state_001,Matin2012_state_001::HCO3-,Matin2012,species,true-species-liquid-mole-fraction-linear-aggregate,HCO3-,293.15,0.10590211804236084,0.0024,0.00017780009777358137,-1.7920966953438857,-2.602564143348727,1.605805282731238,756fec502d3a1433d538abb073c4caeabf91902013ab7e27d5459ce70396543b
F1-no-heat,packet,Matin2012_state_002,Matin2012_state_002::MEA,Matin2012,species,true-species-liquid-mole-fraction,MEA,293.15,0.12790255805116105,0.0867,0.08365551927658296,-0.3148377170027959,-0.0357464779375436,0.049561394023766296,756fec502d3a1433d538abb073c4caeabf91902013ab7e27d5459ce70396543b
F1-no-heat,packet,Matin2012_state_002,Matin2012_state_002::MEAH+,Matin2012,species,true-species-liquid-mole-fraction,MEAH+,293.15,0.12790255805116105,0.0139,0.014429061993960301,0.22136485102941508,0.037355526652734374,0.024501198635637565,756fec502d3a1433d538abb073c4caeabf91902013ab7e27d5459ce70396543b
F1-no-heat,packet,Matin2012_state_002,Matin2012_state_002::MEACOO-,Matin2012,species,true-species-liquid-mole-fraction,MEACOO-,293.15,0.12790255805116105,0.0124,0.014134287133526935,0.7742353274673819,0.13090708454449773,0.299720171149262,756fec502d3a1433d538abb073c4caeabf91902013ab7e27d5459ce70396543b
F1-no-heat,packet,Matin2012_state_002,Matin2012_state_002::HCO3-,Matin2012,species,true-species-liquid-mole-fraction-linear-aggregate,HCO3-,293.15,0.12790255805116105,0.0022,0.00022972371635862708,-1.6149805603617808,-2.2593352857055,1.3040811051732257,756fec502d3a1433d538abb073c4caeabf91902013ab7e27d5459ce70396543b
F1-no-heat,packet,Matin2012_state_003,Matin2012_state_003::MEA,Matin2012,species,true-species-liquid-mole-fraction,MEA,293.15,0.1499029980599612,0.0817,0.07875568202003559,-0.32108156815315186,-0.036703574127718276,0.051546686703843554,756fec502d3a1433d538abb073c4caeabf91902013ab7e27d5459ce70396543b
F1-no-heat,packet,Matin2012_state_003,Matin2012_state_003::MEAH+,Matin2012,species,true-species-liquid-mole-fraction,MEAH+,293.15,0.1499029980599612,0.0162,0.016919859306895883,0.2747554606472838,0.04347679670988875,0.037745281577750554,756fec502d3a1433d538abb073c4caeabf91902013ab7e27d5459ce70396543b
F1-no-heat,packet,Matin2012_state_003,Matin2012_state_003::MEACOO-,Matin2012,species,true-species-liquid-mole-fraction,MEACOO-,293.15,0.1499029980599612,0.0151,0.016543326891761734,0.5750306341680215,0.09128806773460926,0.16533011511583848,756fec502d3a1433d538abb073c4caeabf91902013ab7e27d5459ce70396543b
F1-no-heat,packet,Matin2012_state_003,Matin2012_state_003::HCO3-,Matin2012,species,true-species-liquid-mole-fraction-linear-aggregate,HCO3-,293.15,0.1499029980599612,0.002,0.00028949738328282214,-1.4254188472643148,-1.9327562013166104,1.015909445068164,756fec502d3a1433d538abb073c4caeabf91902013ab7e27d5459ce70396543b
F1-no-heat,packet,Matin2012_state_004,Matin2012_state_004::MEA,Matin2012,species,true-species-liquid-mole-fraction,MEA,293.15,0.17290345806916138,0.0768,0.07363719872757958,-0.3643780267765452,-0.04205432460491032,0.06638567319878434,756fec502d3a1433d538abb073c4caeabf91902013ab7e27d5459ce70396543b
F1-no-heat,packet,Matin2012_state_004,Matin2012_state_004::MEAH+,Matin2012,species,true-species-liquid-mole-fraction,MEAH+,293.15,0.17290345806916138,0.0186,0.019529939348050234,0.3251536181993831,0.048787058586024744,0.052862437714075096,756fec502d3a1433d538abb073c4caeabf91902013ab7e27d5459ce70396543b
F1-no-heat,packet,Matin2012_state_004,Matin2012_state_004::MEACOO-,Matin2012,species,true-species-liquid-mole-fraction,MEACOO-,293.15,0.17290345806916138,0.0177,0.019051729902288008,0.4879891344000028,0.07359326638913807,0.119066697646232,756fec502d3a1433d538abb073c4caeabf91902013ab7e27d5459ce70396543b
F1-no-heat,packet,Matin2012_state_004,Matin2012_state_004::HCO3-,Matin2012,species,true-species-liquid-mole-fraction-linear-aggregate,HCO3-,293.15,0.17290345806916138,0.002,0.000362126154545586,-1.3648948712120117,-1.7089098152061184,0.931469004730427,756fec502d3a1433d538abb073c4caeabf91902013ab7e27d5459ce70396543b
F1-no-heat,packet,Matin2012_state_005,Matin2012_state_005::MEA,Matin2012,species,true-species-liquid-mole-fraction,MEA,293.15,0.19490389807796157,0.0718,0.06874584280636772,-0.3733688500772957,-0.04346820960679235,0.06970214910402106,756fec502d3a1433d538abb073c4caeabf91902013ab7e27d5459ce70396543b
F1-no-heat,packet,Matin2012_state_005,Matin2012_state_005::MEAH+,Matin2012,species,true-species-liquid-mole-fraction,MEAH+,293.15,0.19490389807796157,0.021,0.022033717934591256,0.3334573982552435,0.048051475741505895,0.05559691822557804,756fec502d3a1433d538abb073c4caeabf91902013ab7e27d5459ce70396543b
F1-no-heat,packet,Matin2012_state_005,Matin2012_state_005::MEACOO-,Matin2012,species,true-species-liquid-mole-fraction,MEACOO-,293.15,0.19490389807796157,0.0203,0.021439306950895735,0.37600889468506166,0.05460512458088896,0.07069134444114089,756fec502d3a1433d538abb073c4caeabf91902013ab7e27d5459ce70396543b
F1-no-heat,packet,Matin2012_state_005,Matin2012_state_005::HCO3-,Matin2012,species,true-species-liquid-mole-fraction-linear-aggregate,HCO3-,293.15,0.19490389807796157,0.002,0.00044336159651624116,-1.297198669569799,-1.5065167774860422,0.8413621941668283,756fec502d3a1433d538abb073c4caeabf91902013ab7e27d5459ce70396543b
F1-no-heat,packet,Matin2012_state_006,Matin2012_state_006::MEA,Matin2012,species,true-species-liquid-mole-fraction,MEA,293.15,0.21790435808716177,0.0668,0.06363788076172852,-0.41173427581659855,-0.04849417804029884,0.08476255694110943,756fec502d3a1433d538abb073c4caeabf91902013ab7e27d5459ce70396543b
F1-no-heat,packet,Matin2012_state_006,Matin2012_state_006::MEAH+,Matin2012,species,true-species-liquid-mole-fraction,MEAH+,293.15,0.21790435808716177,0.0234,0.024660608496325464,0.3774276935106177,0.05247115050709768,0.0712258319143724,756fec502d3a1433d538abb073c4caeabf91902013ab7e27d5459ce70396543b
F1-no-heat,packet,Matin2012_state_006,Matin2012_state_006::MEACOO-,Matin2012,species,true-species-liquid-mole-fraction,MEACOO-,293.15,0.21790435808716177,0.0228,0.02392037806052693,0.34157867698991734,0.047970198203110194,0.058337996287091146,756fec502d3a1433d538abb073c4caeabf91902013ab7e27d5459ce70396543b
F1-no-heat,packet,Matin2012_state_006,Matin2012_state_006::HCO3-,Matin2012,species,true-species-liquid-mole-fraction-linear-aggregate,HCO3-,293.15,0.21790435808716177,0.0021,0.0005433210354954421,-1.2865115409128576,-1.3519922528924386,0.8275559724509876,756fec502d3a1433d538abb073c4caeabf91902013ab7e27d5459ce70396543b
F1-no-heat,packet,Matin2012_state_007,Matin2012_state_007::MEA,Matin2012,species,true-species-liquid-mole-fraction,MEA,293.15,0.24090481809636194,0.0618,0.058537027186912824,-0.4544530380344257,-0.05424386708397287,0.1032637818893596,756fec502d3a1433d538abb073c4caeabf91902013ab7e27d5459ce70396543b
F1-no-heat,packet,Matin2012_state_007,Matin2012_state_007::MEAH+,Matin2012,species,true-species-liquid-mole-fraction,MEAH+,293.15,0.24090481809636194,0.0257,0.027299257879223895,0.4479713947405868,0.06036852600903818,0.10033918525291331,756fec502d3a1433d538abb073c4caeabf91902013ab7e27d5459ce70396543b
F1-no-heat,packet,Matin2012_state_007,Matin2012_state_007::MEACOO-,Matin2012,species,true-species-liquid-mole-fraction,MEACOO-,293.15,0.24090481809636194,0.0252,0.02638258177986492,0.3359607329161708,0.04586001681785873,0.05643480703078532,756fec502d3a1433d538abb073c4caeabf91902013ab7e27d5459ce70396543b
F1-no-heat,packet,Matin2012_state_007,Matin2012_state_007::HCO3-,Matin2012,species,true-species-liquid-mole-fraction-linear-aggregate,HCO3-,293.15,0.24090481809636194,0.0023,0.0006621469399919824,-1.331587853665055,-1.2451769068764256,0.8865631060141539,756fec502d3a1433d538abb073c4caeabf91902013ab7e27d5459ce70396543b
F1-no-heat,packet,Matin2012_state_008,Matin2012_state_008::MEA,Matin2012,species,true-species-liquid-mole-fraction,MEA,293.15,0.26390527810556214,0.0568,0.05344498737517034,-0.5022473989265964,-0.06088347422219309,0.12612622486426583,756fec502d3a1433d538abb073c4caeabf91902013ab7e27d5459ce70396543b
F1-no-heat,packet,Matin2012_state_008,Matin2012_state_008::MEAH+,Matin2012,species,true-species-liquid-mole-fraction,MEAH+,293.15,0.26390527810556214,0.0281,0.02995243628329637,0.48620374889668544,0.06384108993167444,0.11819704272059557,756fec502d3a1433d538abb073c4caeabf91902013ab7e27d5459ce70396543b
F1-no-heat,packet,Matin2012_state_008,Matin2012_state_008::MEACOO-,Matin2012,species,true-species-liquid-mole-fraction,MEACOO-,293.15,0.26390527810556214,0.0276,0.028821442581459474,0.32485175038815794,0.043303871469248835,0.05276432986512504,756fec502d3a1433d538abb073c4caeabf91902013ab7e27d5459ce70396543b
F1-no-heat,packet,Matin2012_state_008,Matin2012_state_008::HCO3-,Matin2012,species,true-species-liquid-mole-fraction-linear-aggregate,HCO3-,293.15,0.26390527810556214,0.0026,0.0008043145150177002,-1.4251472103034122,-1.1732763434916584,1.015522285517799,756fec502d3a1433d538abb073c4caeabf91902013ab7e27d5459ce70396543b
F1-no-heat,packet,Matin2012_state_009,Matin2012_state_009::MEA,Matin2012,species,true-species-liquid-mole-fraction,MEA,293.15,0.2869057381147623,0.0518,0.04836411898148717,-0.5559678023483546,-0.06863195383142871,0.15455009862402957,756fec502d3a1433d538abb073c4caeabf91902013ab7e27d5459ce70396543b
F1-no-heat,packet,Matin2012_state_009,Matin2012_state_009::MEAH+,Matin2012,species,true-species-liquid-mole-fraction,MEAH+,293.15,0.2869057381147623,0.0304,0.03262347623963685,0.5503654058507056,0.07058955084146772,0.15145103997860593,756fec502d3a1433d538abb073c4caeabf91902013ab7e27d5459ce70396543b
F1-no-heat,packet,Matin2012_state_009,Matin2012_state_009::MEACOO-,Matin2012,species,true-species-liquid-mole-fraction,MEACOO-,293.15,0.2869057381147623,0.0299,0.03123127022720071,0.333651686015216,0.04356136337254577,0.05566172379039814,756fec502d3a1433d538abb073c4caeabf91902013ab7e27d5459ce70396543b
F1-no-heat,packet,Matin2012_state_009,Matin2012_state_009::HCO3-,Matin2012,species,true-species-liquid-mole-fraction-linear-aggregate,HCO3-,293.15,0.2869057381147623,0.003,0.0009755135115199553,-1.5572972988308038,-1.1234035568168266,1.212587438472859,756fec502d3a1433d538abb073c4caeabf91902013ab7e27d5459ce70396543b
F1-no-heat,packet,Matin2012_state_010,Matin2012_state_010::MEA,Matin2012,species,true-species-liquid-mole-fraction,MEA,293.15,0.3099061981239625,0.0469,0.04329778988443337,-0.633077348957228,-0.07991608367641839,0.20039346488135593,756fec502d3a1433d538abb073c4caeabf91902013ab7e27d5459ce70396543b
F1-no-heat,packet,Matin2012_state_010,Matin2012_state_010::MEAH+,Matin2012,species,true-species-liquid-mole-fraction,MEAH+,293.15,0.3099061981239625,0.0327,0.03531631827456342,0.6127209073919015,0.07697005328725677,0.1877134551775776,756fec502d3a1433d538abb073c4caeabf91902013ab7e27d5459ce70396543b
F1-no-heat,packet,Matin2012_state_010,Matin2012_state_010::MEACOO-,Matin2012,species,true-species-liquid-mole-fraction,MEACOO-,293.15,0.3099061981239625,0.0321,0.03360475623066355,0.35742428281794625,0.04581158129933201,0.06387605897396162,756fec502d3a1433d538abb073c4caeabf91902013ab7e27d5459ce70396543b
F1-no-heat,packet,Matin2012_state_010,Matin2012_state_010::HCO3-,Matin2012,species,true-species-liquid-mole-fraction-linear-aggregate,HCO3-,293.15,0.3099061981239625,0.0034,0.0011830516507450677,-1.6544390666081583,-1.0556781867631917,1.368584312559637,756fec502d3a1433d538abb073c4caeabf91902013ab7e27d5459ce70396543b
F1-no-heat,packet,Matin2012_state_011,Matin2012_state_011::MEA,Matin2012,species,true-species-liquid-mole-fraction,MEA,293.15,0.33390667813356273,0.0419,0.038032126027281225,-0.7452551007165268,-0.09685460259884206,0.27770258257200026,756fec502d3a1433d538abb073c4caeabf91902013ab7e27d5459ce70396543b
F1-no-heat,packet,Matin2012_state_011,Matin2012_state_011::MEAH+,Matin2012,species,true-species-liquid-mole-fraction,MEAH+,293.15,0.33390667813356273,0.0349,0.03815439427855666,0.7248094161596119,0.08915410612366474,0.26267434487681873,756fec502d3a1433d538abb073c4caeabf91902013ab7e27d5459ce70396543b
F1-no-heat,packet,Matin2012_state_011,Matin2012_state_011::MEACOO-,Matin2012,species,true-species-liquid-mole-fraction,MEACOO-,293.15,0.33390667813356273,0.0342,0.036032342548003256,0.4145571375572974,0.05219129517532544,0.08592881014985,756fec502d3a1433d538abb073c4caeabf91902013ab7e27d5459ce70396543b
F1-no-heat,packet,Matin2012_state_011,Matin2012_state_011::HCO3-,Matin2012,species,true-species-liquid-mole-fraction-linear-aggregate,HCO3-,293.15,0.33390667813356273,0.004,0.0014487038798730537,-1.8223543715192474,-1.0156250803823654,1.6604877276976555,756fec502d3a1433d538abb073c4caeabf91902013ab7e27d5459ce70396543b
F1-no-heat,packet,Matin2012_state_012,Matin2012_state_012::MEA,Matin2012,species,true-species-liquid-mole-fraction,MEA,293.15,0.3579071581431629,0.0371,0.032796721609034164,-0.9136472167655703,-0.1232884101628002,0.4173756183517365,756fec502d3a1433d538abb073c4caeabf91902013ab7e27d5459ce70396543b
F1-no-heat,packet,Matin2012_state_012,Matin2012_state_012::MEAH+,Matin2012,species,true-species-liquid-mole-fraction,MEAH+,293.15,0.3579071581431629,0.0372,0.041026801422233396,0.8107630131850421,0.09791678508606076,0.3286683317744444,756fec502d3a1433d538abb073c4caeabf91902013ab7e27d5459ce70396543b
F1-no-heat,packet,Matin2012_state_012,Matin2012_state_012::MEACOO-,Matin2012,species,true-species-liquid-mole-fraction,MEACOO-,293.15,0.3579071581431629,0.0362,0.038395337578016886,0.47518129394304814,0.058876916151142496,0.11289863105669476,756fec502d3a1433d538abb073c4caeabf91902013ab7e27d5459ce70396543b
F1-no-heat,packet,Matin2012_state_012,Matin2012_state_012::HCO3-,Matin2012,species,true-species-liquid-mole-fraction-linear-aggregate,HCO3-,293.15,0.3579071581431629,0.0046,0.0017789407537091317,-1.9322323604731975,-0.9500381985086159,1.8667609474299123,756fec502d3a1433d538abb073c4caeabf91902013ab7e27d5459ce70396543b
F1-no-heat,packet,Matin2012_state_013,Matin2012_state_013::MEA,Matin2012,species,true-species-liquid-mole-fraction,MEA,293.15,0.3819076381527631,0.0322,0.027606687631098505,-1.088462646659122,-0.15390840370390507,0.5923754665860904,756fec502d3a1433d538abb073c4caeabf91902013ab7e27d5459ce70396543b
F1-no-heat,packet,Matin2012_state_013,Matin2012_state_013::MEAH+,Matin2012,species,true-species-liquid-mole-fraction,MEAH+,293.15,0.3819076381527631,0.0394,0.04393912457716892,0.9188511289815632,0.10903932731275409,0.4221436986153466,756fec502d3a1433d538abb073c4caeabf91902013ab7e27d5459ce70396543b
F1-no-heat,packet,Matin2012_state_013,Matin2012_state_013::MEACOO-,Matin2012,species,true-species-liquid-mole-fraction,MEACOO-,293.15,0.3819076381527631,0.0381,0.04067304492382363,0.5349365745995063,0.06535130402311563,0.14307856942212657,756fec502d3a1433d538abb073c4caeabf91902013ab7e27d5459ce70396543b
F1-no-heat,packet,Matin2012_state_013,Matin2012_state_013::HCO3-,Matin2012,species,true-species-liquid-mole-fraction-linear-aggregate,HCO3-,293.15,0.3819076381527631,0.0053,0.0021944537484194556,-2.0297687918827085,-0.8817736667700715,2.059980674250495,756fec502d3a1433d538abb073c4caeabf91902013ab7e27d5459ce70396543b
F1-no-heat,packet,Matin2012_state_014,Matin2012_state_014::MEA,Matin2012,species,true-species-liquid-mole-fraction,MEA,293.15,0.4059081181623633,0.0274,0.0224894228048979,-1.3129885548401337,-0.19749791227424285,0.8619694725705913,756fec502d3a1433d538abb073c4caeabf91902013ab7e27d5459ce70396543b
F1-no-heat,packet,Matin2012_state_014,Matin2012_state_014::MEAH+,Matin2012,species,true-species-liquid-mole-fraction,MEAH+,293.15,0.4059081181623633,0.0415,0.0468953806496174,1.0476467280810484,0.1222257497531974,0.5487818334294631,756fec502d3a1433d538abb073c4caeabf91902013ab7e27d5459ce70396543b
F1-no-heat,packet,Matin2012_state_014,Matin2012_state_014::MEACOO-,Matin2012,species,true-species-liquid-mole-fraction,MEACOO-,293.15,0.4059081181623633,0.04,0.042834047847979846,0.5668095695959691,0.06845384268989169,0.16063654409278386,756fec502d3a1433d538abb073c4caeabf91902013ab7e27d5459ce70396543b
F1-no-heat,packet,Matin2012_state_014,Matin2012_state_014::HCO3-,Matin2012,species,true-species-liquid-mole-fraction-linear-aggregate,HCO3-,293.15,0.4059081181623633,0.0061,0.002726649080170683,-2.095249018527526,-0.8052153590686727,2.1950342248202808,756fec502d3a1433d538abb073c4caeabf91902013ab7e27d5459ce70396543b
F1-no-heat,packet,Matin2012_state_015,Matin2012_state_015::MEA,Matin2012,species,true-species-liquid-mole-fraction,MEA,293.15,0.4309086181723635,0.0227,0.017295127169803515,-1.6528663089285889,-0.2719401291444245,1.3659835175956088,756fec502d3a1433d538abb073c4caeabf91902013ab7e27d5459ce70396543b
F1-no-heat,packet,Matin2012_state_015,Matin2012_state_015::MEAH+,Matin2012,species,true-species-liquid-mole-fraction,MEAH+,293.15,0.4309086181723635,0.0436,0.05002000667831448,1.1977624399840447,0.1373659086073598,0.7173174313182662,756fec502d3a1433d538abb073c4caeabf91902013ab7e27d5459ce70396543b
F1-no-heat,packet,Matin2012_state_015,Matin2012_state_015::MEACOO-,Matin2012,species,true-species-liquid-mole-fraction,MEACOO-,293.15,0.4309086181723635,0.0417,0.04490370591467234,0.6196723239211487,0.07401919961256367,0.1919968945169185,756fec502d3a1433d538abb073c4caeabf91902013ab7e27d5459ce70396543b
F1-no-heat,packet,Matin2012_state_015,Matin2012_state_015::HCO3-,Matin2012,species,true-species-liquid-mole-fraction-linear-aggregate,HCO3-,293.15,0.4309086181723635,0.007,0.0034623544903025875,-2.080967946880831,-0.7039613028862555,2.16521379797271,756fec502d3a1433d538abb073c4caeabf91902013ab7e27d5459ce70396543b
F1-no-heat,packet,Matin2012_state_016,Matin2012_state_016::MEA,Matin2012,species,true-species-liquid-mole-fraction,MEA,293.15,0.4549090981819637,0.0181,0.012561689033297884,-1.9709291696448816,-0.3652603090995737,1.9422808958785314,756fec502d3a1433d538abb073c4caeabf91902013ab7e27d5459ce70396543b
F1-no-heat,packet,Matin2012_state_016,Matin2012_state_016::MEAH+,Matin2012,species,true-species-liquid-mole-fraction,MEAH+,293.15,0.4549090981819637,0.0457,0.05304585063645979,1.3188241717163007,0.14905834801144185,0.8696485979515933,756fec502d3a1433d538abb073c4caeabf91902013ab7e27d5459ce70396543b
F1-no-heat,packet,Matin2012_state_016,Matin2012_state_016::MEACOO-,Matin2012,species,true-species-liquid-mole-fraction,MEACOO-,293.15,0.4549090981819637,0.0433,0.046611275596758116,0.6212524571778832,0.07368984244987031,0.19297730777477884,756fec502d3a1433d538abb073c4caeabf91902013ab7e27d5459ce70396543b
F1-no-heat,packet,Matin2012_state_016,Matin2012_state_016::HCO3-,Matin2012,species,true-species-liquid-mole-fraction-linear-aggregate,HCO3-,293.15,0.4549090981819637,0.008,0.004447807526561969,-1.9734402630211283,-0.5870302575738428,1.94723323585645,756fec502d3a1433d538abb073c4caeabf91902013ab7e27d5459ce70396543b
F1-no-heat,packet,Matin2012_state_017,Matin2012_state_017::MEA,Matin2012,species,true-species-liquid-mole-fraction,MEA,293.15,0.4799095981919638,0.0135,0.008184827799594004,-2.261775404428083,-0.5004075133772345,2.5578139900379093,756fec502d3a1433d538abb073c4caeabf91902013ab7e27d5459ce70396543b
F1-no-heat,packet,Matin2012_state_017,Matin2012_state_017::MEAH+,Matin2012,species,true-species-liquid-mole-fraction,MEAH+,293.15,0.4799095981919638,0.0477,0.05616516414377514,1.4670995049870263,0.1633653117227889,1.0761904787665888,756fec502d3a1433d538abb073c4caeabf91902013ab7e27d5459ce70396543b
F1-no-heat,packet,Matin2012_state_017,Matin2012_state_017::MEACOO-,Matin2012,species,true-species-liquid-mole-fraction,MEACOO-,293.15,0.4799095981919638,0.0448,0.04786875446591993,0.5599916908613006,0.06625484454992514,0.15679534691684924,756fec502d3a1433d538abb073c4caeabf91902013ab7e27d5459ce70396543b
F1-no-heat,packet,Matin2012_state_017,Matin2012_state_017::HCO3-,Matin2012,species,true-species-liquid-mole-fraction-linear-aggregate,HCO3-,293.15,0.4799095981919638,0.0091,0.005995152390010854,-1.6255746649157834,-0.4173232058483232,1.3212464956080308,756fec502d3a1433d538abb073c4caeabf91902013ab7e27d5459ce70396543b
F1-no-heat,packet,Matin2012_state_018,Matin2012_state_018::MEA,Matin2012,species,true-species-liquid-mole-fraction,MEA,293.15,0.5049100982019641,0.009,0.004889817627545699,-2.1632538802391057,-0.6100695695253435,2.3398336751847735,756fec502d3a1433d538abb073c4caeabf91902013ab7e27d5459ce70396543b
F1-no-heat,packet,Matin2012_state_018,Matin2012_state_018::MEAH+,Matin2012,species,true-species-liquid-mole-fraction,MEAH+,293.15,0.5049100982019641,0.0496,0.05912593147257444,1.598310649760812,0.1756787672501315,1.2772984665694145,756fec502d3a1433d538abb073c4caeabf91902013ab7e27d5459ce70396543b
F1-no-heat,packet,Matin2012_state_018,Matin2012_state_018::MEACOO-,Matin2012,species,true-species-liquid-mole-fraction,MEACOO-,293.15,0.5049100982019641,0.0462,0.04820278074605997,0.3563666807935896,0.04243691313172243,0.06349860558992008,756fec502d3a1433d538abb073c4caeabf91902013ab7e27d5459ce70396543b
F1-no-heat,packet,Matin2012_state_018,Matin2012_state_018::HCO3-,Matin2012,species,true-species-liquid-mole-fraction-linear-aggregate,HCO3-,293.15,0.5049100982019641,0.0102,0.008464555577789478,-0.8591309020844171,-0.18650020723049812,0.36905295345819217,756fec502d3a1433d538abb073c4caeabf91902013ab7e27d5459ce70396543b
F1-no-heat,packet,Matin2012_state_019,Matin2012_state_019::MEA,Matin2012,species,true-species-liquid-mole-fraction,MEA,293.15,0.5309106182123643,0.0046,0.0028903420107989704,-1.1709986227404312,-0.46468146553565565,0.6856188872299933,756fec502d3a1433d538abb073c4caeabf91902013ab7e27d5459ce70396543b
F1-no-heat,packet,Matin2012_state_019,Matin2012_state_019::MEAH+,Matin2012,species,true-species-liquid-mole-fraction,MEAH+,293.15,0.5309106182123643,0.0515,0.06195089083057284,1.699331842369568,0.1847601801337565,1.4438643552455752,756fec502d3a1433d538abb073c4caeabf91902013ab7e27d5459ce70396543b
F1-no-heat,packet,Matin2012_state_019,Matin2012_state_019::MEACOO-,Matin2012,species,true-species-liquid-mole-fraction,MEACOO-,293.15,0.5309106182123643,0.0475,0.04737664474961638,-0.021453087023238632,-0.0026003305706467643,0.0002301174714133249,756fec502d3a1433d538abb073c4caeabf91902013ab7e27d5459ce70396543b
F1-no-heat,packet,Matin2012_state_019,Matin2012_state_019::HCO3-,Matin2012,species,true-species-liquid-mole-fraction-linear-aggregate,HCO3-,293.15,0.5309106182123643,0.0114,0.012202214654069225,0.3748666607800116,0.0680041088864294,0.07026250668217814,756fec502d3a1433d538abb073c4caeabf91902013ab7e27d5459ce70396543b
