source,source_file,source_commit,source_csv_sha256,csv_data_row_number,source_row_identity,verified_source_locator,source_pdf_attachment,source_pdf_sha256,temperature_reported,temperature_unit,evaluation_temperature_k,MEA_content_reported,MEA_content_unit,MEA_mass_fraction_unloaded,MEA_conversion,MEA_molar_mass_kg_per_mol,loading_reported,loading_reported_unit,alternative_BaCO3_loading_reported,loading_mol_CO2_per_mol_MEA,loading_conversion,pressure_reported,pressure_reported_unit,pressure_quantity,pressure_pa_reported_quantity,measurement_method,subset,canonical21_duplicate,admitted,reason,prior_model_selection_access
Wagner2013,data/reference/MEA/observations/vapor_liquid_equilibrium/Wagner_2013_VLE.csv,f11431ff75210180f068ba19e29b1bd02777ea6a,91d0e4a4d3d3b55abb1983b700fa8d0057fcc609d2846472ce8e6476cff8a239,1,Table 4 row 1,Table 4 p.887 / PDF p.5; pCO2 model-subtraction discussion p.886 / PDF p.4,WYNE2K3R,5ceca33b941346f90ff085f66b67b69973e85786dee0eefbb246a92de1215b9f,313.23,K,313.23,7.008,mol MEA/kg H2O,0.299743739821075,w_MEA=m_MEA*0.06108/(1+m_MEA*0.06108),0.06108,4.980,mol CO2/kg H2O,,0.710616438356164,"alpha=m_CO2/m_MEA, using both reported row molalities",0.448,MPa,total pressure p_tot required to dissolve CO2,448000,Synthetic gas solubility,outside amendment temperature scope,none identified,no,total pressure only; pCO2 would require model-calculated solvent partial pressures; temperature outside requested 80 C and 100/120 C source subsets,"none, per parent declaration; observed-row inspection for preregistration only"
Wagner2013,data/reference/MEA/observations/vapor_liquid_equilibrium/Wagner_2013_VLE.csv,f11431ff75210180f068ba19e29b1bd02777ea6a,91d0e4a4d3d3b55abb1983b700fa8d0057fcc609d2846472ce8e6476cff8a239,2,Table 4 row 2,Table 4 p.887 / PDF p.5; pCO2 model-subtraction discussion p.886 / PDF p.4,WYNE2K3R,5ceca33b941346f90ff085f66b67b69973e85786dee0eefbb246a92de1215b9f,313.24,K,313.24,7.008,mol MEA/kg H2O,0.299743739821075,w_MEA=m_MEA*0.06108/(1+m_MEA*0.06108),0.06108,5.267,mol CO2/kg H2O,,0.751569634703196,"alpha=m_CO2/m_MEA, using both reported row molalities",0.695,MPa,total pressure p_tot required to dissolve CO2,695000,Synthetic gas solubility,outside amendment temperature scope,none identified,no,total pressure only; pCO2 would require model-calculated solvent partial pressures; temperature outside requested 80 C and 100/120 C source subsets,"none, per parent declaration; observed-row inspection for preregistration only"
Wagner2013,data/reference/MEA/observations/vapor_liquid_equilibrium/Wagner_2013_VLE.csv,f11431ff75210180f068ba19e29b1bd02777ea6a,91d0e4a4d3d3b55abb1983b700fa8d0057fcc609d2846472ce8e6476cff8a239,3,Table 4 row 3,Table 4 p.887 / PDF p.5; pCO2 model-subtraction discussion p.886 / PDF p.4,WYNE2K3R,5ceca33b941346f90ff085f66b67b69973e85786dee0eefbb246a92de1215b9f,313.24,K,313.24,7.008,mol MEA/kg H2O,0.299743739821075,w_MEA=m_MEA*0.06108/(1+m_MEA*0.06108),0.06108,5.261,mol CO2/kg H2O,,0.750713470319635,"alpha=m_CO2/m_MEA, using both reported row molalities",0.739,MPa,total pressure p_tot required to dissolve CO2,739000,Synthetic gas solubility,outside amendment temperature scope,none identified,no,total pressure only; pCO2 would require model-calculated solvent partial pressures; temperature outside requested 80 C and 100/120 C source subsets,"none, per parent declaration; observed-row inspection for preregistration only"
Wagner2013,data/reference/MEA/observations/vapor_liquid_equilibrium/Wagner_2013_VLE.csv,f11431ff75210180f068ba19e29b1bd02777ea6a,91d0e4a4d3d3b55abb1983b700fa8d0057fcc609d2846472ce8e6476cff8a239,4,Table 4 row 4,Table 4 p.887 / PDF p.5; pCO2 model-subtraction discussion p.886 / PDF p.4,WYNE2K3R,5ceca33b941346f90ff085f66b67b69973e85786dee0eefbb246a92de1215b9f,313.18,K,313.18,7.069,mol MEA/kg H2O,0.301566003563187,w_MEA=m_MEA*0.06108/(1+m_MEA*0.06108),0.06108,5.405,mol CO2/kg H2O,,0.764606026312067,"alpha=m_CO2/m_MEA, using both reported row molalities",0.745,MPa,total pressure p_tot required to dissolve CO2,745000,Synthetic gas solubility,outside amendment temperature scope,none identified,no,total pressure only; pCO2 would require model-calculated solvent partial pressures; temperature outside requested 80 C and 100/120 C source subsets,"none, per parent declaration; observed-row inspection for preregistration only"
Wagner2013,data/reference/MEA/observations/vapor_liquid_equilibrium/Wagner_2013_VLE.csv,f11431ff75210180f068ba19e29b1bd02777ea6a,91d0e4a4d3d3b55abb1983b700fa8d0057fcc609d2846472ce8e6476cff8a239,5,Table 4 row 5,Table 4 p.887 / PDF p.5; pCO2 model-subtraction discussion p.886 / PDF p.4,WYNE2K3R,5ceca33b941346f90ff085f66b67b69973e85786dee0eefbb246a92de1215b9f,313.23,K,313.23,7.008,mol MEA/kg H2O,0.299743739821075,w_MEA=m_MEA*0.06108/(1+m_MEA*0.06108),0.06108,5.739,mol CO2/kg H2O,,0.818921232876712,"alpha=m_CO2/m_MEA, using both reported row molalities",1.312,MPa,total pressure p_tot required to dissolve CO2,1312000,Synthetic gas solubility,outside amendment temperature scope,none identified,no,total pressure only; pCO2 would require model-calculated solvent partial pressures; temperature outside requested 80 C and 100/120 C source subsets,"none, per parent declaration; observed-row inspection for preregistration only"
Wagner2013,data/reference/MEA/observations/vapor_liquid_equilibrium/Wagner_2013_VLE.csv,f11431ff75210180f068ba19e29b1bd02777ea6a,91d0e4a4d3d3b55abb1983b700fa8d0057fcc609d2846472ce8e6476cff8a239,6,Table 4 row 6,Table 4 p.887 / PDF p.5; pCO2 model-subtraction discussion p.886 / PDF p.4,WYNE2K3R,5ceca33b941346f90ff085f66b67b69973e85786dee0eefbb246a92de1215b9f,313.26,K,313.26,7.008,mol MEA/kg H2O,0.299743739821075,w_MEA=m_MEA*0.06108/(1+m_MEA*0.06108),0.06108,5.965,mol CO2/kg H2O,,0.851170091324201,"alpha=m_CO2/m_MEA, using both reported row molalities",1.671,MPa,total pressure p_tot required to dissolve CO2,1671000,Synthetic gas solubility,outside amendment temperature scope,none identified,no,total pressure only; pCO2 would require model-calculated solvent partial pressures; temperature outside requested 80 C and 100/120 C source subsets,"none, per parent declaration; observed-row inspection for preregistration only"
Wagner2013,data/reference/MEA/observations/vapor_liquid_equilibrium/Wagner_2013_VLE.csv,f11431ff75210180f068ba19e29b1bd02777ea6a,91d0e4a4d3d3b55abb1983b700fa8d0057fcc609d2846472ce8e6476cff8a239,7,Table 4 row 7,Table 4 p.887 / PDF p.5; pCO2 model-subtraction discussion p.886 / PDF p.4,WYNE2K3R,5ceca33b941346f90ff085f66b67b69973e85786dee0eefbb246a92de1215b9f,313.24,K,313.24,7.008,mol MEA/kg H2O,0.299743739821075,w_MEA=m_MEA*0.06108/(1+m_MEA*0.06108),0.06108,6.627,mol CO2/kg H2O,,0.945633561643836,"alpha=m_CO2/m_MEA, using both reported row molalities",3.62,MPa,total pressure p_tot required to dissolve CO2,3620000,Synthetic gas solubility,outside amendment temperature scope,none identified,no,total pressure only; pCO2 would require model-calculated solvent partial pressures; temperature outside requested 80 C and 100/120 C source subsets,"none, per parent declaration; observed-row inspection for preregistration only"
Wagner2013,data/reference/MEA/observations/vapor_liquid_equilibrium/Wagner_2013_VLE.csv,f11431ff75210180f068ba19e29b1bd02777ea6a,91d0e4a4d3d3b55abb1983b700fa8d0057fcc609d2846472ce8e6476cff8a239,8,Table 4 row 8,Table 4 p.887 / PDF p.5; pCO2 model-subtraction discussion p.886 / PDF p.4,WYNE2K3R,5ceca33b941346f90ff085f66b67b69973e85786dee0eefbb246a92de1215b9f,313.23,K,313.23,7.008,mol MEA/kg H2O,0.299743739821075,w_MEA=m_MEA*0.06108/(1+m_MEA*0.06108),0.06108,6.855,mol CO2/kg H2O,,0.978167808219178,"alpha=m_CO2/m_MEA, using both reported row molalities",4.92,MPa,total pressure p_tot required to dissolve CO2,4920000,Synthetic gas solubility,outside amendment temperature scope,none identified,no,total pressure only; pCO2 would require model-calculated solvent partial pressures; temperature outside requested 80 C and 100/120 C source subsets,"none, per parent declaration; observed-row inspection for preregistration only"
Wagner2013,data/reference/MEA/observations/vapor_liquid_equilibrium/Wagner_2013_VLE.csv,f11431ff75210180f068ba19e29b1bd02777ea6a,91d0e4a4d3d3b55abb1983b700fa8d0057fcc609d2846472ce8e6476cff8a239,9,Table 4 row 9,Table 4 p.887 / PDF p.5; pCO2 model-subtraction discussion p.886 / PDF p.4,WYNE2K3R,5ceca33b941346f90ff085f66b67b69973e85786dee0eefbb246a92de1215b9f,313.25,K,313.25,7.008,mol MEA/kg H2O,0.299743739821075,w_MEA=m_MEA*0.06108/(1+m_MEA*0.06108),0.06108,7.233,mol CO2/kg H2O,,1.03210616438356,"alpha=m_CO2/m_MEA, using both reported row molalities",7.32,MPa,total pressure p_tot required to dissolve CO2,7320000,Synthetic gas solubility,outside amendment temperature scope,none identified,no,total pressure only; pCO2 would require model-calculated solvent partial pressures; temperature outside requested 80 C and 100/120 C source subsets,"none, per parent declaration; observed-row inspection for preregistration only"
Wagner2013,data/reference/MEA/observations/vapor_liquid_equilibrium/Wagner_2013_VLE.csv,f11431ff75210180f068ba19e29b1bd02777ea6a,91d0e4a4d3d3b55abb1983b700fa8d0057fcc609d2846472ce8e6476cff8a239,10,Table 4 row 10,Table 4 p.887 / PDF p.5; pCO2 model-subtraction discussion p.886 / PDF p.4,WYNE2K3R,5ceca33b941346f90ff085f66b67b69973e85786dee0eefbb246a92de1215b9f,313.20,K,313.2,7.008,mol MEA/kg H2O,0.299743739821075,w_MEA=m_MEA*0.06108/(1+m_MEA*0.06108),0.06108,7.279,mol CO2/kg H2O,,1.0386700913242,"alpha=m_CO2/m_MEA, using both reported row molalities",7.51,MPa,total pressure p_tot required to dissolve CO2,7510000,Synthetic gas solubility,outside amendment temperature scope,none identified,no,total pressure only; pCO2 would require model-calculated solvent partial pressures; temperature outside requested 80 C and 100/120 C source subsets,"none, per parent declaration; observed-row inspection for preregistration only"
Wagner2013,data/reference/MEA/observations/vapor_liquid_equilibrium/Wagner_2013_VLE.csv,f11431ff75210180f068ba19e29b1bd02777ea6a,91d0e4a4d3d3b55abb1983b700fa8d0057fcc609d2846472ce8e6476cff8a239,11,Table 4 row 11,Table 4 p.887 / PDF p.5; pCO2 model-subtraction discussion p.886 / PDF p.4,WYNE2K3R,5ceca33b941346f90ff085f66b67b69973e85786dee0eefbb246a92de1215b9f,353.26,K,353.26,7.069,mol MEA/kg H2O,0.301566003563187,w_MEA=m_MEA*0.06108/(1+m_MEA*0.06108),0.06108,4.151,mol CO2/kg H2O,,0.587211769698684,"alpha=m_CO2/m_MEA, using both reported row molalities",0.513,MPa,total pressure p_tot required to dissolve CO2,513000,Synthetic gas solubility,never-accessed 80 C,none identified,no,total pressure only; pCO2 would require model-calculated solvent partial pressures,"none, per parent declaration; observed-row inspection for preregistration only"
Wagner2013,data/reference/MEA/observations/vapor_liquid_equilibrium/Wagner_2013_VLE.csv,f11431ff75210180f068ba19e29b1bd02777ea6a,91d0e4a4d3d3b55abb1983b700fa8d0057fcc609d2846472ce8e6476cff8a239,12,Table 4 row 12,Table 4 p.887 / PDF p.5; pCO2 model-subtraction discussion p.886 / PDF p.4,WYNE2K3R,5ceca33b941346f90ff085f66b67b69973e85786dee0eefbb246a92de1215b9f,353.16,K,353.16,7.069,mol MEA/kg H2O,0.301566003563187,w_MEA=m_MEA*0.06108/(1+m_MEA*0.06108),0.06108,4.544,mol CO2/kg H2O,,0.64280662045551,"alpha=m_CO2/m_MEA, using both reported row molalities",0.981,MPa,total pressure p_tot required to dissolve CO2,981000,Synthetic gas solubility,never-accessed 80 C,none identified,no,total pressure only; pCO2 would require model-calculated solvent partial pressures,"none, per parent declaration; observed-row inspection for preregistration only"
Wagner2013,data/reference/MEA/observations/vapor_liquid_equilibrium/Wagner_2013_VLE.csv,f11431ff75210180f068ba19e29b1bd02777ea6a,91d0e4a4d3d3b55abb1983b700fa8d0057fcc609d2846472ce8e6476cff8a239,13,Table 4 row 13,Table 4 p.887 / PDF p.5; pCO2 model-subtraction discussion p.886 / PDF p.4,WYNE2K3R,5ceca33b941346f90ff085f66b67b69973e85786dee0eefbb246a92de1215b9f,353.17,K,353.17,7.069,mol MEA/kg H2O,0.301566003563187,w_MEA=m_MEA*0.06108/(1+m_MEA*0.06108),0.06108,4.862,mol CO2/kg H2O,,0.68779176686943,"alpha=m_CO2/m_MEA, using both reported row molalities",1.715,MPa,total pressure p_tot required to dissolve CO2,1715000,Synthetic gas solubility,never-accessed 80 C,none identified,no,total pressure only; pCO2 would require model-calculated solvent partial pressures,"none, per parent declaration; observed-row inspection for preregistration only"
Wagner2013,data/reference/MEA/observations/vapor_liquid_equilibrium/Wagner_2013_VLE.csv,f11431ff75210180f068ba19e29b1bd02777ea6a,91d0e4a4d3d3b55abb1983b700fa8d0057fcc609d2846472ce8e6476cff8a239,14,Table 4 row 14,Table 4 p.887 / PDF p.5; pCO2 model-subtraction discussion p.886 / PDF p.4,WYNE2K3R,5ceca33b941346f90ff085f66b67b69973e85786dee0eefbb246a92de1215b9f,353.18,K,353.18,7.069,mol MEA/kg H2O,0.301566003563187,w_MEA=m_MEA*0.06108/(1+m_MEA*0.06108),0.06108,5.027,mol CO2/kg H2O,,0.711133116423822,"alpha=m_CO2/m_MEA, using both reported row molalities",2.234,MPa,total pressure p_tot required to dissolve CO2,2234000,Synthetic gas solubility,never-accessed 80 C,none identified,no,total pressure only; pCO2 would require model-calculated solvent partial pressures,"none, per parent declaration; observed-row inspection for preregistration only"
Wagner2013,data/reference/MEA/observations/vapor_liquid_equilibrium/Wagner_2013_VLE.csv,f11431ff75210180f068ba19e29b1bd02777ea6a,91d0e4a4d3d3b55abb1983b700fa8d0057fcc609d2846472ce8e6476cff8a239,15,Table 4 row 15,Table 4 p.887 / PDF p.5; pCO2 model-subtraction discussion p.886 / PDF p.4,WYNE2K3R,5ceca33b941346f90ff085f66b67b69973e85786dee0eefbb246a92de1215b9f,353.16,K,353.16,7.069,mol MEA/kg H2O,0.301566003563187,w_MEA=m_MEA*0.06108/(1+m_MEA*0.06108),0.06108,5.182,mol CO2/kg H2O,,0.733059838732494,"alpha=m_CO2/m_MEA, using both reported row molalities",2.71,MPa,total pressure p_tot required to dissolve CO2,2710000,Synthetic gas solubility,never-accessed 80 C,none identified,no,total pressure only; pCO2 would require model-calculated solvent partial pressures,"none, per parent declaration; observed-row inspection for preregistration only"
Wagner2013,data/reference/MEA/observations/vapor_liquid_equilibrium/Wagner_2013_VLE.csv,f11431ff75210180f068ba19e29b1bd02777ea6a,91d0e4a4d3d3b55abb1983b700fa8d0057fcc609d2846472ce8e6476cff8a239,16,Table 4 row 16,Table 4 p.887 / PDF p.5; pCO2 model-subtraction discussion p.886 / PDF p.4,WYNE2K3R,5ceca33b941346f90ff085f66b67b69973e85786dee0eefbb246a92de1215b9f,353.15,K,353.15,7.069,mol MEA/kg H2O,0.301566003563187,w_MEA=m_MEA*0.06108/(1+m_MEA*0.06108),0.06108,5.457,mol CO2/kg H2O,,0.771962087989815,"alpha=m_CO2/m_MEA, using both reported row molalities",3.80,MPa,total pressure p_tot required to dissolve CO2,3800000,Synthetic gas solubility,never-accessed 80 C,none identified,no,total pressure only; pCO2 would require model-calculated solvent partial pressures,"none, per parent declaration; observed-row inspection for preregistration only"
Wagner2013,data/reference/MEA/observations/vapor_liquid_equilibrium/Wagner_2013_VLE.csv,f11431ff75210180f068ba19e29b1bd02777ea6a,91d0e4a4d3d3b55abb1983b700fa8d0057fcc609d2846472ce8e6476cff8a239,17,Table 4 row 17,Table 4 p.887 / PDF p.5; pCO2 model-subtraction discussion p.886 / PDF p.4,WYNE2K3R,5ceca33b941346f90ff085f66b67b69973e85786dee0eefbb246a92de1215b9f,353.21,K,353.21,7.069,mol MEA/kg H2O,0.301566003563187,w_MEA=m_MEA*0.06108/(1+m_MEA*0.06108),0.06108,5.732,mol CO2/kg H2O,,0.810864337247135,"alpha=m_CO2/m_MEA, using both reported row molalities",5.52,MPa,total pressure p_tot required to dissolve CO2,5520000,Synthetic gas solubility,never-accessed 80 C,none identified,no,total pressure only; pCO2 would require model-calculated solvent partial pressures,"none, per parent declaration; observed-row inspection for preregistration only"
Wagner2013,data/reference/MEA/observations/vapor_liquid_equilibrium/Wagner_2013_VLE.csv,f11431ff75210180f068ba19e29b1bd02777ea6a,91d0e4a4d3d3b55abb1983b700fa8d0057fcc609d2846472ce8e6476cff8a239,18,Table 4 row 18,Table 4 p.887 / PDF p.5; pCO2 model-subtraction discussion p.886 / PDF p.4,WYNE2K3R,5ceca33b941346f90ff085f66b67b69973e85786dee0eefbb246a92de1215b9f,353.18,K,353.18,7.069,mol MEA/kg H2O,0.301566003563187,w_MEA=m_MEA*0.06108/(1+m_MEA*0.06108),0.06108,6.059,mol CO2/kg H2O,,0.857122648182204,"alpha=m_CO2/m_MEA, using both reported row molalities",7.40,MPa,total pressure p_tot required to dissolve CO2,7400000,Synthetic gas solubility,never-accessed 80 C,none identified,no,total pressure only; pCO2 would require model-calculated solvent partial pressures,"none, per parent declaration; observed-row inspection for preregistration only"
Wagner2013,data/reference/MEA/observations/vapor_liquid_equilibrium/Wagner_2013_VLE.csv,f11431ff75210180f068ba19e29b1bd02777ea6a,91d0e4a4d3d3b55abb1983b700fa8d0057fcc609d2846472ce8e6476cff8a239,19,Table 4 row 19,Table 4 p.887 / PDF p.5; pCO2 model-subtraction discussion p.886 / PDF p.4,WYNE2K3R,5ceca33b941346f90ff085f66b67b69973e85786dee0eefbb246a92de1215b9f,393.14,K,393.14,7.069,mol MEA/kg H2O,0.301566003563187,w_MEA=m_MEA*0.06108/(1+m_MEA*0.06108),0.06108,3.370,mol CO2/kg H2O,,0.476729381807894,"alpha=m_CO2/m_MEA, using both reported row molalities",0.644,MPa,total pressure p_tot required to dissolve CO2,644000,Synthetic gas solubility,never-accessed outside-fit >=100 C (100/120 source isotherms),none identified,no,total pressure only; pCO2 would require model-calculated solvent partial pressures,"none, per parent declaration; observed-row inspection for preregistration only"
Wagner2013,data/reference/MEA/observations/vapor_liquid_equilibrium/Wagner_2013_VLE.csv,f11431ff75210180f068ba19e29b1bd02777ea6a,91d0e4a4d3d3b55abb1983b700fa8d0057fcc609d2846472ce8e6476cff8a239,20,Table 4 row 20,Table 4 p.887 / PDF p.5; pCO2 model-subtraction discussion p.886 / PDF p.4,WYNE2K3R,5ceca33b941346f90ff085f66b67b69973e85786dee0eefbb246a92de1215b9f,393.19,K,393.19,7.069,mol MEA/kg H2O,0.301566003563187,w_MEA=m_MEA*0.06108/(1+m_MEA*0.06108),0.06108,3.603,mol CO2/kg H2O,,0.509690196633187,"alpha=m_CO2/m_MEA, using both reported row molalities",0.972,MPa,total pressure p_tot required to dissolve CO2,972000,Synthetic gas solubility,never-accessed outside-fit >=100 C (100/120 source isotherms),none identified,no,total pressure only; pCO2 would require model-calculated solvent partial pressures,"none, per parent declaration; observed-row inspection for preregistration only"
Wagner2013,data/reference/MEA/observations/vapor_liquid_equilibrium/Wagner_2013_VLE.csv,f11431ff75210180f068ba19e29b1bd02777ea6a,91d0e4a4d3d3b55abb1983b700fa8d0057fcc609d2846472ce8e6476cff8a239,21,Table 4 row 21,Table 4 p.887 / PDF p.5; pCO2 model-subtraction discussion p.886 / PDF p.4,WYNE2K3R,5ceca33b941346f90ff085f66b67b69973e85786dee0eefbb246a92de1215b9f,393.19,K,393.19,7.069,mol MEA/kg H2O,0.301566003563187,w_MEA=m_MEA*0.06108/(1+m_MEA*0.06108),0.06108,3.731,mol CO2/kg H2O,,0.527797425378413,"alpha=m_CO2/m_MEA, using both reported row molalities",1.249,MPa,total pressure p_tot required to dissolve CO2,1249000,Synthetic gas solubility,never-accessed outside-fit >=100 C (100/120 source isotherms),none identified,no,total pressure only; pCO2 would require model-calculated solvent partial pressures,"none, per parent declaration; observed-row inspection for preregistration only"
Wagner2013,data/reference/MEA/observations/vapor_liquid_equilibrium/Wagner_2013_VLE.csv,f11431ff75210180f068ba19e29b1bd02777ea6a,91d0e4a4d3d3b55abb1983b700fa8d0057fcc609d2846472ce8e6476cff8a239,22,Table 4 row 22,Table 4 p.887 / PDF p.5; pCO2 model-subtraction discussion p.886 / PDF p.4,WYNE2K3R,5ceca33b941346f90ff085f66b67b69973e85786dee0eefbb246a92de1215b9f,393.19,K,393.19,7.069,mol MEA/kg H2O,0.301566003563187,w_MEA=m_MEA*0.06108/(1+m_MEA*0.06108),0.06108,3.995,mol CO2/kg H2O,,0.565143584665441,"alpha=m_CO2/m_MEA, using both reported row molalities",2.084,MPa,total pressure p_tot required to dissolve CO2,2084000,Synthetic gas solubility,never-accessed outside-fit >=100 C (100/120 source isotherms),none identified,no,total pressure only; pCO2 would require model-calculated solvent partial pressures,"none, per parent declaration; observed-row inspection for preregistration only"
Wagner2013,data/reference/MEA/observations/vapor_liquid_equilibrium/Wagner_2013_VLE.csv,f11431ff75210180f068ba19e29b1bd02777ea6a,91d0e4a4d3d3b55abb1983b700fa8d0057fcc609d2846472ce8e6476cff8a239,23,Table 4 row 23,Table 4 p.887 / PDF p.5; pCO2 model-subtraction discussion p.886 / PDF p.4,WYNE2K3R,5ceca33b941346f90ff085f66b67b69973e85786dee0eefbb246a92de1215b9f,393.21,K,393.21,7.069,mol MEA/kg H2O,0.301566003563187,w_MEA=m_MEA*0.06108/(1+m_MEA*0.06108),0.06108,4.148,mol CO2/kg H2O,,0.586787381524968,"alpha=m_CO2/m_MEA, using both reported row molalities",2.76,MPa,total pressure p_tot required to dissolve CO2,2760000,Synthetic gas solubility,never-accessed outside-fit >=100 C (100/120 source isotherms),none identified,no,total pressure only; pCO2 would require model-calculated solvent partial pressures,"none, per parent declaration; observed-row inspection for preregistration only"
Wagner2013,data/reference/MEA/observations/vapor_liquid_equilibrium/Wagner_2013_VLE.csv,f11431ff75210180f068ba19e29b1bd02777ea6a,91d0e4a4d3d3b55abb1983b700fa8d0057fcc609d2846472ce8e6476cff8a239,24,Table 4 row 24,Table 4 p.887 / PDF p.5; pCO2 model-subtraction discussion p.886 / PDF p.4,WYNE2K3R,5ceca33b941346f90ff085f66b67b69973e85786dee0eefbb246a92de1215b9f,393.18,K,393.18,7.069,mol MEA/kg H2O,0.301566003563187,w_MEA=m_MEA*0.06108/(1+m_MEA*0.06108),0.06108,4.255,mol CO2/kg H2O,,0.60192389305418,"alpha=m_CO2/m_MEA, using both reported row molalities",3.23,MPa,total pressure p_tot required to dissolve CO2,3230000,Synthetic gas solubility,never-accessed outside-fit >=100 C (100/120 source isotherms),none identified,no,total pressure only; pCO2 would require model-calculated solvent partial pressures,"none, per parent declaration; observed-row inspection for preregistration only"
Wagner2013,data/reference/MEA/observations/vapor_liquid_equilibrium/Wagner_2013_VLE.csv,f11431ff75210180f068ba19e29b1bd02777ea6a,91d0e4a4d3d3b55abb1983b700fa8d0057fcc609d2846472ce8e6476cff8a239,25,Table 4 row 25,Table 4 p.887 / PDF p.5; pCO2 model-subtraction discussion p.886 / PDF p.4,WYNE2K3R,5ceca33b941346f90ff085f66b67b69973e85786dee0eefbb246a92de1215b9f,393.19,K,393.19,7.069,mol MEA/kg H2O,0.301566003563187,w_MEA=m_MEA*0.06108/(1+m_MEA*0.06108),0.06108,4.316,mol CO2/kg H2O,,0.610553119253077,"alpha=m_CO2/m_MEA, using both reported row molalities",3.41,MPa,total pressure p_tot required to dissolve CO2,3410000,Synthetic gas solubility,never-accessed outside-fit >=100 C (100/120 source isotherms),none identified,no,total pressure only; pCO2 would require model-calculated solvent partial pressures,"none, per parent declaration; observed-row inspection for preregistration only"
Wagner2013,data/reference/MEA/observations/vapor_liquid_equilibrium/Wagner_2013_VLE.csv,f11431ff75210180f068ba19e29b1bd02777ea6a,91d0e4a4d3d3b55abb1983b700fa8d0057fcc609d2846472ce8e6476cff8a239,26,Table 4 row 26,Table 4 p.887 / PDF p.5; pCO2 model-subtraction discussion p.886 / PDF p.4,WYNE2K3R,5ceca33b941346f90ff085f66b67b69973e85786dee0eefbb246a92de1215b9f,393.21,K,393.21,7.069,mol MEA/kg H2O,0.301566003563187,w_MEA=m_MEA*0.06108/(1+m_MEA*0.06108),0.06108,4.483,mol CO2/kg H2O,,0.634177394256613,"alpha=m_CO2/m_MEA, using both reported row molalities",4.21,MPa,total pressure p_tot required to dissolve CO2,4210000,Synthetic gas solubility,never-accessed outside-fit >=100 C (100/120 source isotherms),none identified,no,total pressure only; pCO2 would require model-calculated solvent partial pressures,"none, per parent declaration; observed-row inspection for preregistration only"
Wagner2013,data/reference/MEA/observations/vapor_liquid_equilibrium/Wagner_2013_VLE.csv,f11431ff75210180f068ba19e29b1bd02777ea6a,91d0e4a4d3d3b55abb1983b700fa8d0057fcc609d2846472ce8e6476cff8a239,27,Table 4 row 27,Table 4 p.887 / PDF p.5; pCO2 model-subtraction discussion p.886 / PDF p.4,WYNE2K3R,5ceca33b941346f90ff085f66b67b69973e85786dee0eefbb246a92de1215b9f,393.19,K,393.19,7.069,mol MEA/kg H2O,0.301566003563187,w_MEA=m_MEA*0.06108/(1+m_MEA*0.06108),0.06108,4.709,mol CO2/kg H2O,,0.666147970009902,"alpha=m_CO2/m_MEA, using both reported row molalities",5.23,MPa,total pressure p_tot required to dissolve CO2,5230000,Synthetic gas solubility,never-accessed outside-fit >=100 C (100/120 source isotherms),none identified,no,total pressure only; pCO2 would require model-calculated solvent partial pressures,"none, per parent declaration; observed-row inspection for preregistration only"
Wagner2013,data/reference/MEA/observations/vapor_liquid_equilibrium/Wagner_2013_VLE.csv,f11431ff75210180f068ba19e29b1bd02777ea6a,91d0e4a4d3d3b55abb1983b700fa8d0057fcc609d2846472ce8e6476cff8a239,28,Table 4 row 28,Table 4 p.887 / PDF p.5; pCO2 model-subtraction discussion p.886 / PDF p.4,WYNE2K3R,5ceca33b941346f90ff085f66b67b69973e85786dee0eefbb246a92de1215b9f,393.16,K,393.16,7.069,mol MEA/kg H2O,0.301566003563187,w_MEA=m_MEA*0.06108/(1+m_MEA*0.06108),0.06108,4.987,mol CO2/kg H2O,,0.705474607440939,"alpha=m_CO2/m_MEA, using both reported row molalities",7.23,MPa,total pressure p_tot required to dissolve CO2,7230000,Synthetic gas solubility,never-accessed outside-fit >=100 C (100/120 source isotherms),none identified,no,total pressure only; pCO2 would require model-calculated solvent partial pressures,"none, per parent declaration; observed-row inspection for preregistration only"
Wagner2013,data/reference/MEA/observations/vapor_liquid_equilibrium/Wagner_2013_VLE.csv,f11431ff75210180f068ba19e29b1bd02777ea6a,91d0e4a4d3d3b55abb1983b700fa8d0057fcc609d2846472ce8e6476cff8a239,29,Table 6 row 1,Table 6 p.889 / PDF p.7; headspace calibration p.885 / PDF p.3,WYNE2K3R,5ceca33b941346f90ff085f66b67b69973e85786dee0eefbb246a92de1215b9f,313.20,K,313.2,7.055,mol MEA/kg H2O,0.301148618154174,w_MEA=m_MEA*0.06108/(1+m_MEA*0.06108),0.06108,3.296,mol CO2/kg H2O,,0.467186392629341,"alpha=m_CO2/m_MEA, using both reported row molalities",1.38,kPa,CO2 partial pressure pCO2,1380,Headspace gas chromatography,outside amendment temperature scope,none identified,no,temperature outside requested 80 C and 100/120 C source subsets,"none, per parent declaration; observed-row inspection for preregistration only"
Wagner2013,data/reference/MEA/observations/vapor_liquid_equilibrium/Wagner_2013_VLE.csv,f11431ff75210180f068ba19e29b1bd02777ea6a,91d0e4a4d3d3b55abb1983b700fa8d0057fcc609d2846472ce8e6476cff8a239,30,Table 6 row 2,Table 6 p.889 / PDF p.7; headspace calibration p.885 / PDF p.3,WYNE2K3R,5ceca33b941346f90ff085f66b67b69973e85786dee0eefbb246a92de1215b9f,313.16,K,313.16,7.097,mol MEA/kg H2O,0.302399280477875,w_MEA=m_MEA*0.06108/(1+m_MEA*0.06108),0.06108,3.498,mol CO2/kg H2O,,0.492884317317176,"alpha=m_CO2/m_MEA, using both reported row molalities",3.27,kPa,CO2 partial pressure pCO2,3270,Headspace gas chromatography,outside amendment temperature scope,none identified,no,temperature outside requested 80 C and 100/120 C source subsets,"none, per parent declaration; observed-row inspection for preregistration only"
Wagner2013,data/reference/MEA/observations/vapor_liquid_equilibrium/Wagner_2013_VLE.csv,f11431ff75210180f068ba19e29b1bd02777ea6a,91d0e4a4d3d3b55abb1983b700fa8d0057fcc609d2846472ce8e6476cff8a239,31,Table 6 row 3,Table 6 p.889 / PDF p.7; headspace calibration p.885 / PDF p.3,WYNE2K3R,5ceca33b941346f90ff085f66b67b69973e85786dee0eefbb246a92de1215b9f,313.21,K,313.21,6.919,mol MEA/kg H2O,0.297067904337015,w_MEA=m_MEA*0.06108/(1+m_MEA*0.06108),0.06108,3.519,mol CO2/kg H2O,,0.508599508599509,"alpha=m_CO2/m_MEA, using both reported row molalities",6.08,kPa,CO2 partial pressure pCO2,6080,Headspace gas chromatography,outside amendment temperature scope,none identified,no,temperature outside requested 80 C and 100/120 C source subsets,"none, per parent declaration; observed-row inspection for preregistration only"
Wagner2013,data/reference/MEA/observations/vapor_liquid_equilibrium/Wagner_2013_VLE.csv,f11431ff75210180f068ba19e29b1bd02777ea6a,91d0e4a4d3d3b55abb1983b700fa8d0057fcc609d2846472ce8e6476cff8a239,32,Table 6 row 4,Table 6 p.889 / PDF p.7; headspace calibration p.885 / PDF p.3,WYNE2K3R,5ceca33b941346f90ff085f66b67b69973e85786dee0eefbb246a92de1215b9f,313.21,K,313.21,7.055,mol MEA/kg H2O,0.301148618154174,w_MEA=m_MEA*0.06108/(1+m_MEA*0.06108),0.06108,3.679,mol CO2/kg H2O,,0.521474131821403,"alpha=m_CO2/m_MEA, using both reported row molalities",9.02,kPa,CO2 partial pressure pCO2,9020,Headspace gas chromatography,outside amendment temperature scope,none identified,no,temperature outside requested 80 C and 100/120 C source subsets,"none, per parent declaration; observed-row inspection for preregistration only"
Wagner2013,data/reference/MEA/observations/vapor_liquid_equilibrium/Wagner_2013_VLE.csv,f11431ff75210180f068ba19e29b1bd02777ea6a,91d0e4a4d3d3b55abb1983b700fa8d0057fcc609d2846472ce8e6476cff8a239,33,Table 6 row 5,Table 6 p.889 / PDF p.7; headspace calibration p.885 / PDF p.3,WYNE2K3R,5ceca33b941346f90ff085f66b67b69973e85786dee0eefbb246a92de1215b9f,313.21,K,313.21,7.097,mol MEA/kg H2O,0.302399280477875,w_MEA=m_MEA*0.06108/(1+m_MEA*0.06108),0.06108,3.826,mol CO2/kg H2O,,0.539101028603635,"alpha=m_CO2/m_MEA, using both reported row molalities",17.5,kPa,CO2 partial pressure pCO2,17500,Headspace gas chromatography,outside amendment temperature scope,none identified,no,temperature outside requested 80 C and 100/120 C source subsets,"none, per parent declaration; observed-row inspection for preregistration only"
Wagner2013,data/reference/MEA/observations/vapor_liquid_equilibrium/Wagner_2013_VLE.csv,f11431ff75210180f068ba19e29b1bd02777ea6a,91d0e4a4d3d3b55abb1983b700fa8d0057fcc609d2846472ce8e6476cff8a239,34,Table 6 row 6,Table 6 p.889 / PDF p.7; headspace calibration p.885 / PDF p.3,WYNE2K3R,5ceca33b941346f90ff085f66b67b69973e85786dee0eefbb246a92de1215b9f,313.21,K,313.21,7.097,mol MEA/kg H2O,0.302399280477875,w_MEA=m_MEA*0.06108/(1+m_MEA*0.06108),0.06108,3.958,mol CO2/kg H2O,,0.557700436804283,"alpha=m_CO2/m_MEA, using both reported row molalities",29.2,kPa,CO2 partial pressure pCO2,29200,Headspace gas chromatography,outside amendment temperature scope,none identified,no,temperature outside requested 80 C and 100/120 C source subsets,"none, per parent declaration; observed-row inspection for preregistration only"
Wagner2013,data/reference/MEA/observations/vapor_liquid_equilibrium/Wagner_2013_VLE.csv,f11431ff75210180f068ba19e29b1bd02777ea6a,91d0e4a4d3d3b55abb1983b700fa8d0057fcc609d2846472ce8e6476cff8a239,35,Table 6 row 7,Table 6 p.889 / PDF p.7; headspace calibration p.885 / PDF p.3,WYNE2K3R,5ceca33b941346f90ff085f66b67b69973e85786dee0eefbb246a92de1215b9f,313.16,K,313.16,7.035,mol MEA/kg H2O,0.300551487174422,w_MEA=m_MEA*0.06108/(1+m_MEA*0.06108),0.06108,4.061,mol CO2/kg H2O,,0.5772565742715,"alpha=m_CO2/m_MEA, using both reported row molalities",49.1,kPa,CO2 partial pressure pCO2,49100,Headspace gas chromatography,outside amendment temperature scope,none identified,no,temperature outside requested 80 C and 100/120 C source subsets,"none, per parent declaration; observed-row inspection for preregistration only"
Wagner2013,data/reference/MEA/observations/vapor_liquid_equilibrium/Wagner_2013_VLE.csv,f11431ff75210180f068ba19e29b1bd02777ea6a,91d0e4a4d3d3b55abb1983b700fa8d0057fcc609d2846472ce8e6476cff8a239,36,Table 6 row 8,Table 6 p.889 / PDF p.7; headspace calibration p.885 / PDF p.3,WYNE2K3R,5ceca33b941346f90ff085f66b67b69973e85786dee0eefbb246a92de1215b9f,313.21,K,313.21,6.919,mol MEA/kg H2O,0.297067904337015,w_MEA=m_MEA*0.06108/(1+m_MEA*0.06108),0.06108,4.106,mol CO2/kg H2O,,0.593438358144241,"alpha=m_CO2/m_MEA, using both reported row molalities",66.4,kPa,CO2 partial pressure pCO2,66400,Headspace gas chromatography,outside amendment temperature scope,none identified,no,temperature outside requested 80 C and 100/120 C source subsets,"none, per parent declaration; observed-row inspection for preregistration only"
Wagner2013,data/reference/MEA/observations/vapor_liquid_equilibrium/Wagner_2013_VLE.csv,f11431ff75210180f068ba19e29b1bd02777ea6a,91d0e4a4d3d3b55abb1983b700fa8d0057fcc609d2846472ce8e6476cff8a239,37,Table 6 row 9,Table 6 p.889 / PDF p.7; headspace calibration p.885 / PDF p.3,WYNE2K3R,5ceca33b941346f90ff085f66b67b69973e85786dee0eefbb246a92de1215b9f,352.86,K,352.86,7.192,mol MEA/kg H2O,0.305211712551967,w_MEA=m_MEA*0.06108/(1+m_MEA*0.06108),0.06108,2.105,mol CO2/kg H2O,,0.292686318131257,"alpha=m_CO2/m_MEA, using both reported row molalities",1.58,kPa,CO2 partial pressure pCO2,1580,Headspace gas chromatography,never-accessed 80 C,none identified,yes,direct experimental pCO2; composition/temperature/loading within prespecified rules; no canonical-21 duplicate,"none, per parent declaration; observed-row inspection for preregistration only"
Wagner2013,data/reference/MEA/observations/vapor_liquid_equilibrium/Wagner_2013_VLE.csv,f11431ff75210180f068ba19e29b1bd02777ea6a,91d0e4a4d3d3b55abb1983b700fa8d0057fcc609d2846472ce8e6476cff8a239,38,Table 6 row 10,Table 6 p.889 / PDF p.7; headspace calibration p.885 / PDF p.3,WYNE2K3R,5ceca33b941346f90ff085f66b67b69973e85786dee0eefbb246a92de1215b9f,352.83,K,352.83,6.992,mol MEA/kg H2O,0.299264193768138,w_MEA=m_MEA*0.06108/(1+m_MEA*0.06108),0.06108,2.462,mol CO2/kg H2O,,0.352116704805492,"alpha=m_CO2/m_MEA, using both reported row molalities",3.75,kPa,CO2 partial pressure pCO2,3750,Headspace gas chromatography,never-accessed 80 C,none identified,yes,direct experimental pCO2; composition/temperature/loading within prespecified rules; no canonical-21 duplicate,"none, per parent declaration; observed-row inspection for preregistration only"
Wagner2013,data/reference/MEA/observations/vapor_liquid_equilibrium/Wagner_2013_VLE.csv,f11431ff75210180f068ba19e29b1bd02777ea6a,91d0e4a4d3d3b55abb1983b700fa8d0057fcc609d2846472ce8e6476cff8a239,39,Table 6 row 11,Table 6 p.889 / PDF p.7; headspace calibration p.885 / PDF p.3,WYNE2K3R,5ceca33b941346f90ff085f66b67b69973e85786dee0eefbb246a92de1215b9f,352.81,K,352.81,7.036,mol MEA/kg H2O,0.300581367957652,w_MEA=m_MEA*0.06108/(1+m_MEA*0.06108),0.06108,2.787,mol CO2/kg H2O,,0.396105741898806,"alpha=m_CO2/m_MEA, using both reported row molalities",6.59,kPa,CO2 partial pressure pCO2,6590,Headspace gas chromatography,never-accessed 80 C,none identified,yes,direct experimental pCO2; composition/temperature/loading within prespecified rules; no canonical-21 duplicate,"none, per parent declaration; observed-row inspection for preregistration only"
Wagner2013,data/reference/MEA/observations/vapor_liquid_equilibrium/Wagner_2013_VLE.csv,f11431ff75210180f068ba19e29b1bd02777ea6a,91d0e4a4d3d3b55abb1983b700fa8d0057fcc609d2846472ce8e6476cff8a239,40,Table 6 row 12,Table 6 p.889 / PDF p.7; headspace calibration p.885 / PDF p.3,WYNE2K3R,5ceca33b941346f90ff085f66b67b69973e85786dee0eefbb246a92de1215b9f,352.83,K,352.83,6.992,mol MEA/kg H2O,0.299264193768138,w_MEA=m_MEA*0.06108/(1+m_MEA*0.06108),0.06108,3.002,mol CO2/kg H2O,,0.429347826086956,"alpha=m_CO2/m_MEA, using both reported row molalities",11.8,kPa,CO2 partial pressure pCO2,11800,Headspace gas chromatography,never-accessed 80 C,none identified,yes,direct experimental pCO2; composition/temperature/loading within prespecified rules; no canonical-21 duplicate,"none, per parent declaration; observed-row inspection for preregistration only"
Wagner2013,data/reference/MEA/observations/vapor_liquid_equilibrium/Wagner_2013_VLE.csv,f11431ff75210180f068ba19e29b1bd02777ea6a,91d0e4a4d3d3b55abb1983b700fa8d0057fcc609d2846472ce8e6476cff8a239,41,Table 6 row 13,Table 6 p.889 / PDF p.7; headspace calibration p.885 / PDF p.3,WYNE2K3R,5ceca33b941346f90ff085f66b67b69973e85786dee0eefbb246a92de1215b9f,352.85,K,352.85,7.192,mol MEA/kg H2O,0.305211712551967,w_MEA=m_MEA*0.06108/(1+m_MEA*0.06108),0.06108,3.204,mol CO2/kg H2O,,0.445494994438265,"alpha=m_CO2/m_MEA, using both reported row molalities",18.4,kPa,CO2 partial pressure pCO2,18400,Headspace gas chromatography,never-accessed 80 C,none identified,yes,direct experimental pCO2; composition/temperature/loading within prespecified rules; no canonical-21 duplicate,"none, per parent declaration; observed-row inspection for preregistration only"
Wagner2013,data/reference/MEA/observations/vapor_liquid_equilibrium/Wagner_2013_VLE.csv,f11431ff75210180f068ba19e29b1bd02777ea6a,91d0e4a4d3d3b55abb1983b700fa8d0057fcc609d2846472ce8e6476cff8a239,42,Table 6 row 14,Table 6 p.889 / PDF p.7; headspace calibration p.885 / PDF p.3,WYNE2K3R,5ceca33b941346f90ff085f66b67b69973e85786dee0eefbb246a92de1215b9f,352.81,K,352.81,7.036,mol MEA/kg H2O,0.300581367957652,w_MEA=m_MEA*0.06108/(1+m_MEA*0.06108),0.06108,3.228,mol CO2/kg H2O,,0.458783399658897,"alpha=m_CO2/m_MEA, using both reported row molalities",23.0,kPa,CO2 partial pressure pCO2,23000,Headspace gas chromatography,never-accessed 80 C,none identified,yes,direct experimental pCO2; composition/temperature/loading within prespecified rules; no canonical-21 duplicate,"none, per parent declaration; observed-row inspection for preregistration only"
Wagner2013,data/reference/MEA/observations/vapor_liquid_equilibrium/Wagner_2013_VLE.csv,f11431ff75210180f068ba19e29b1bd02777ea6a,91d0e4a4d3d3b55abb1983b700fa8d0057fcc609d2846472ce8e6476cff8a239,43,Table 6 row 15,Table 6 p.889 / PDF p.7; headspace calibration p.885 / PDF p.3,WYNE2K3R,5ceca33b941346f90ff085f66b67b69973e85786dee0eefbb246a92de1215b9f,352.84,K,352.84,6.992,mol MEA/kg H2O,0.299264193768138,w_MEA=m_MEA*0.06108/(1+m_MEA*0.06108),0.06108,3.289,mol CO2/kg H2O,,0.470394736842105,"alpha=m_CO2/m_MEA, using both reported row molalities",29.6,kPa,CO2 partial pressure pCO2,29600,Headspace gas chromatography,never-accessed 80 C,none identified,yes,direct experimental pCO2; composition/temperature/loading within prespecified rules; no canonical-21 duplicate,"none, per parent declaration; observed-row inspection for preregistration only"
Wagner2013,data/reference/MEA/observations/vapor_liquid_equilibrium/Wagner_2013_VLE.csv,f11431ff75210180f068ba19e29b1bd02777ea6a,91d0e4a4d3d3b55abb1983b700fa8d0057fcc609d2846472ce8e6476cff8a239,44,Table 6 row 16,Table 6 p.889 / PDF p.7; headspace calibration p.885 / PDF p.3,WYNE2K3R,5ceca33b941346f90ff085f66b67b69973e85786dee0eefbb246a92de1215b9f,352.82,K,352.82,6.992,mol MEA/kg H2O,0.299264193768138,w_MEA=m_MEA*0.06108/(1+m_MEA*0.06108),0.06108,3.400,mol CO2/kg H2O,,0.486270022883295,"alpha=m_CO2/m_MEA, using both reported row molalities",39.7,kPa,CO2 partial pressure pCO2,39700,Headspace gas chromatography,never-accessed 80 C,none identified,yes,direct experimental pCO2; composition/temperature/loading within prespecified rules; no canonical-21 duplicate,"none, per parent declaration; observed-row inspection for preregistration only"
Wagner2013,data/reference/MEA/observations/vapor_liquid_equilibrium/Wagner_2013_VLE.csv,f11431ff75210180f068ba19e29b1bd02777ea6a,91d0e4a4d3d3b55abb1983b700fa8d0057fcc609d2846472ce8e6476cff8a239,45,Table 6 row 17,Table 6 p.889 / PDF p.7; headspace calibration p.885 / PDF p.3,WYNE2K3R,5ceca33b941346f90ff085f66b67b69973e85786dee0eefbb246a92de1215b9f,352.83,K,352.83,6.992,mol MEA/kg H2O,0.299264193768138,w_MEA=m_MEA*0.06108/(1+m_MEA*0.06108),0.06108,3.489,mol CO2/kg H2O,,0.49899885583524,"alpha=m_CO2/m_MEA, using both reported row molalities",55.2,kPa,CO2 partial pressure pCO2,55200,Headspace gas chromatography,never-accessed 80 C,none identified,yes,direct experimental pCO2; composition/temperature/loading within prespecified rules; no canonical-21 duplicate,"none, per parent declaration; observed-row inspection for preregistration only"
Wagner2013,data/reference/MEA/observations/vapor_liquid_equilibrium/Wagner_2013_VLE.csv,f11431ff75210180f068ba19e29b1bd02777ea6a,91d0e4a4d3d3b55abb1983b700fa8d0057fcc609d2846472ce8e6476cff8a239,46,Table 6 row 18,Table 6 p.889 / PDF p.7; headspace calibration p.885 / PDF p.3,WYNE2K3R,5ceca33b941346f90ff085f66b67b69973e85786dee0eefbb246a92de1215b9f,352.83,K,352.83,7.019,mol MEA/kg H2O,0.300073047176504,w_MEA=m_MEA*0.06108/(1+m_MEA*0.06108),0.06108,3.591,mol CO2/kg H2O,,0.511611340646816,"alpha=m_CO2/m_MEA, using both reported row molalities",70.4,kPa,CO2 partial pressure pCO2,70400,Headspace gas chromatography,never-accessed 80 C,none identified,yes,direct experimental pCO2; composition/temperature/loading within prespecified rules; no canonical-21 duplicate,"none, per parent declaration; observed-row inspection for preregistration only"
Wagner2013,data/reference/MEA/observations/vapor_liquid_equilibrium/Wagner_2013_VLE.csv,f11431ff75210180f068ba19e29b1bd02777ea6a,91d0e4a4d3d3b55abb1983b700fa8d0057fcc609d2846472ce8e6476cff8a239,47,Table 6 row 19,Table 6 p.889 / PDF p.7; headspace calibration p.885 / PDF p.3,WYNE2K3R,5ceca33b941346f90ff085f66b67b69973e85786dee0eefbb246a92de1215b9f,352.83,K,352.83,7.019,mol MEA/kg H2O,0.300073047176504,w_MEA=m_MEA*0.06108/(1+m_MEA*0.06108),0.06108,3.622,mol CO2/kg H2O,,0.516027924205727,"alpha=m_CO2/m_MEA, using both reported row molalities",78.7,kPa,CO2 partial pressure pCO2,78700,Headspace gas chromatography,never-accessed 80 C,none identified,yes,direct experimental pCO2; composition/temperature/loading within prespecified rules; no canonical-21 duplicate,"none, per parent declaration; observed-row inspection for preregistration only"
Wagner2013,data/reference/MEA/observations/vapor_liquid_equilibrium/Wagner_2013_VLE.csv,f11431ff75210180f068ba19e29b1bd02777ea6a,91d0e4a4d3d3b55abb1983b700fa8d0057fcc609d2846472ce8e6476cff8a239,48,Table 6 row 20,Table 6 p.889 / PDF p.7; headspace calibration p.885 / PDF p.3,WYNE2K3R,5ceca33b941346f90ff085f66b67b69973e85786dee0eefbb246a92de1215b9f,391.99,K,391.99,7.109,mol MEA/kg H2O,0.302755790801413,w_MEA=m_MEA*0.06108/(1+m_MEA*0.06108),0.06108,0.730,mol CO2/kg H2O,,0.10268673512449,"alpha=m_CO2/m_MEA, using both reported row molalities",2.92,kPa,CO2 partial pressure pCO2,2920,Headspace gas chromatography,never-accessed outside-fit >=100 C (100/120 source isotherms),none identified,yes,direct experimental pCO2; composition/temperature/loading within prespecified rules; no canonical-21 duplicate,"none, per parent declaration; observed-row inspection for preregistration only"
Wagner2013,data/reference/MEA/observations/vapor_liquid_equilibrium/Wagner_2013_VLE.csv,f11431ff75210180f068ba19e29b1bd02777ea6a,91d0e4a4d3d3b55abb1983b700fa8d0057fcc609d2846472ce8e6476cff8a239,49,Table 6 row 21,Table 6 p.889 / PDF p.7; headspace calibration p.885 / PDF p.3,WYNE2K3R,5ceca33b941346f90ff085f66b67b69973e85786dee0eefbb246a92de1215b9f,391.99,K,391.99,7.338,mol MEA/kg H2O,0.30949004292928,w_MEA=m_MEA*0.06108/(1+m_MEA*0.06108),0.06108,0.845,mol CO2/kg H2O,,0.1151539929136,"alpha=m_CO2/m_MEA, using both reported row molalities",3.10,kPa,CO2 partial pressure pCO2,3100,Headspace gas chromatography,never-accessed outside-fit >=100 C (100/120 source isotherms),none identified,yes,direct experimental pCO2; composition/temperature/loading within prespecified rules; no canonical-21 duplicate,"none, per parent declaration; observed-row inspection for preregistration only"
Wagner2013,data/reference/MEA/observations/vapor_liquid_equilibrium/Wagner_2013_VLE.csv,f11431ff75210180f068ba19e29b1bd02777ea6a,91d0e4a4d3d3b55abb1983b700fa8d0057fcc609d2846472ce8e6476cff8a239,50,Table 6 row 22,Table 6 p.889 / PDF p.7; headspace calibration p.885 / PDF p.3,WYNE2K3R,5ceca33b941346f90ff085f66b67b69973e85786dee0eefbb246a92de1215b9f,391.98,K,391.98,7.338,mol MEA/kg H2O,0.30949004292928,w_MEA=m_MEA*0.06108/(1+m_MEA*0.06108),0.06108,0.969,mol CO2/kg H2O,,0.132052330335241,"alpha=m_CO2/m_MEA, using both reported row molalities",4.24,kPa,CO2 partial pressure pCO2,4240,Headspace gas chromatography,never-accessed outside-fit >=100 C (100/120 source isotherms),none identified,yes,direct experimental pCO2; composition/temperature/loading within prespecified rules; no canonical-21 duplicate,"none, per parent declaration; observed-row inspection for preregistration only"
Wagner2013,data/reference/MEA/observations/vapor_liquid_equilibrium/Wagner_2013_VLE.csv,f11431ff75210180f068ba19e29b1bd02777ea6a,91d0e4a4d3d3b55abb1983b700fa8d0057fcc609d2846472ce8e6476cff8a239,51,Table 6 row 23,Table 6 p.889 / PDF p.7; headspace calibration p.885 / PDF p.3,WYNE2K3R,5ceca33b941346f90ff085f66b67b69973e85786dee0eefbb246a92de1215b9f,392.03,K,392.03,7.251,mol MEA/kg H2O,0.306946994224956,w_MEA=m_MEA*0.06108/(1+m_MEA*0.06108),0.06108,1.239,mol CO2/kg H2O,,0.170872983036823,"alpha=m_CO2/m_MEA, using both reported row molalities",7.16,kPa,CO2 partial pressure pCO2,7160,Headspace gas chromatography,never-accessed outside-fit >=100 C (100/120 source isotherms),none identified,yes,direct experimental pCO2; composition/temperature/loading within prespecified rules; no canonical-21 duplicate,"none, per parent declaration; observed-row inspection for preregistration only"
Wagner2013,data/reference/MEA/observations/vapor_liquid_equilibrium/Wagner_2013_VLE.csv,f11431ff75210180f068ba19e29b1bd02777ea6a,91d0e4a4d3d3b55abb1983b700fa8d0057fcc609d2846472ce8e6476cff8a239,52,Table 6 row 24,Table 6 p.889 / PDF p.7; headspace calibration p.885 / PDF p.3,WYNE2K3R,5ceca33b941346f90ff085f66b67b69973e85786dee0eefbb246a92de1215b9f,392.00,K,392,7.338,mol MEA/kg H2O,0.30949004292928,w_MEA=m_MEA*0.06108/(1+m_MEA*0.06108),0.06108,1.564,mol CO2/kg H2O,,0.213137094576179,"alpha=m_CO2/m_MEA, using both reported row molalities",12.2,kPa,CO2 partial pressure pCO2,12200,Headspace gas chromatography,never-accessed outside-fit >=100 C (100/120 source isotherms),none identified,yes,direct experimental pCO2; composition/temperature/loading within prespecified rules; no canonical-21 duplicate,"none, per parent declaration; observed-row inspection for preregistration only"
Wagner2013,data/reference/MEA/observations/vapor_liquid_equilibrium/Wagner_2013_VLE.csv,f11431ff75210180f068ba19e29b1bd02777ea6a,91d0e4a4d3d3b55abb1983b700fa8d0057fcc609d2846472ce8e6476cff8a239,53,Table 6 row 25,Table 6 p.889 / PDF p.7; headspace calibration p.885 / PDF p.3,WYNE2K3R,5ceca33b941346f90ff085f66b67b69973e85786dee0eefbb246a92de1215b9f,391.94,K,391.94,7.109,mol MEA/kg H2O,0.302755790801413,w_MEA=m_MEA*0.06108/(1+m_MEA*0.06108),0.06108,1.704,mol CO2/kg H2O,,0.23969615979744,"alpha=m_CO2/m_MEA, using both reported row molalities",16.0,kPa,CO2 partial pressure pCO2,16000,Headspace gas chromatography,never-accessed outside-fit >=100 C (100/120 source isotherms),none identified,yes,direct experimental pCO2; composition/temperature/loading within prespecified rules; no canonical-21 duplicate,"none, per parent declaration; observed-row inspection for preregistration only"
Wagner2013,data/reference/MEA/observations/vapor_liquid_equilibrium/Wagner_2013_VLE.csv,f11431ff75210180f068ba19e29b1bd02777ea6a,91d0e4a4d3d3b55abb1983b700fa8d0057fcc609d2846472ce8e6476cff8a239,54,Table 6 row 26,Table 6 p.889 / PDF p.7; headspace calibration p.885 / PDF p.3,WYNE2K3R,5ceca33b941346f90ff085f66b67b69973e85786dee0eefbb246a92de1215b9f,392.00,K,392,7.338,mol MEA/kg H2O,0.30949004292928,w_MEA=m_MEA*0.06108/(1+m_MEA*0.06108),0.06108,2.004,mol CO2/kg H2O,,0.273098937040065,"alpha=m_CO2/m_MEA, using both reported row molalities",24.2,kPa,CO2 partial pressure pCO2,24200,Headspace gas chromatography,never-accessed outside-fit >=100 C (100/120 source isotherms),none identified,yes,direct experimental pCO2; composition/temperature/loading within prespecified rules; no canonical-21 duplicate,"none, per parent declaration; observed-row inspection for preregistration only"
Wagner2013,data/reference/MEA/observations/vapor_liquid_equilibrium/Wagner_2013_VLE.csv,f11431ff75210180f068ba19e29b1bd02777ea6a,91d0e4a4d3d3b55abb1983b700fa8d0057fcc609d2846472ce8e6476cff8a239,55,Table 6 row 27,Table 6 p.889 / PDF p.7; headspace calibration p.885 / PDF p.3,WYNE2K3R,5ceca33b941346f90ff085f66b67b69973e85786dee0eefbb246a92de1215b9f,391.98,K,391.98,7.338,mol MEA/kg H2O,0.30949004292928,w_MEA=m_MEA*0.06108/(1+m_MEA*0.06108),0.06108,2.087,mol CO2/kg H2O,,0.284409920959389,"alpha=m_CO2/m_MEA, using both reported row molalities",27.6,kPa,CO2 partial pressure pCO2,27600,Headspace gas chromatography,never-accessed outside-fit >=100 C (100/120 source isotherms),none identified,yes,direct experimental pCO2; composition/temperature/loading within prespecified rules; no canonical-21 duplicate,"none, per parent declaration; observed-row inspection for preregistration only"
Wagner2013,data/reference/MEA/observations/vapor_liquid_equilibrium/Wagner_2013_VLE.csv,f11431ff75210180f068ba19e29b1bd02777ea6a,91d0e4a4d3d3b55abb1983b700fa8d0057fcc609d2846472ce8e6476cff8a239,56,Table 6 row 28,Table 6 p.889 / PDF p.7; headspace calibration p.885 / PDF p.3,WYNE2K3R,5ceca33b941346f90ff085f66b67b69973e85786dee0eefbb246a92de1215b9f,392.00,K,392,7.338,mol MEA/kg H2O,0.30949004292928,w_MEA=m_MEA*0.06108/(1+m_MEA*0.06108),0.06108,2.369,mol CO2/kg H2O,,0.322840010902153,"alpha=m_CO2/m_MEA, using both reported row molalities",41.6,kPa,CO2 partial pressure pCO2,41600,Headspace gas chromatography,never-accessed outside-fit >=100 C (100/120 source isotherms),none identified,yes,direct experimental pCO2; composition/temperature/loading within prespecified rules; no canonical-21 duplicate,"none, per parent declaration; observed-row inspection for preregistration only"
Wagner2013,data/reference/MEA/observations/vapor_liquid_equilibrium/Wagner_2013_VLE.csv,f11431ff75210180f068ba19e29b1bd02777ea6a,91d0e4a4d3d3b55abb1983b700fa8d0057fcc609d2846472ce8e6476cff8a239,57,Table 6 row 29,Table 6 p.889 / PDF p.7; headspace calibration p.885 / PDF p.3,WYNE2K3R,5ceca33b941346f90ff085f66b67b69973e85786dee0eefbb246a92de1215b9f,392.01,K,392.01,7.109,mol MEA/kg H2O,0.302755790801413,w_MEA=m_MEA*0.06108/(1+m_MEA*0.06108),0.06108,2.497,mol CO2/kg H2O,,0.351244900829934,"alpha=m_CO2/m_MEA, using both reported row molalities",62.4,kPa,CO2 partial pressure pCO2,62400,Headspace gas chromatography,never-accessed outside-fit >=100 C (100/120 source isotherms),none identified,yes,direct experimental pCO2; composition/temperature/loading within prespecified rules; no canonical-21 duplicate,"none, per parent declaration; observed-row inspection for preregistration only"
Wagner2013,data/reference/MEA/observations/vapor_liquid_equilibrium/Wagner_2013_VLE.csv,f11431ff75210180f068ba19e29b1bd02777ea6a,91d0e4a4d3d3b55abb1983b700fa8d0057fcc609d2846472ce8e6476cff8a239,58,Table 6 row 30,Table 6 p.889 / PDF p.7; headspace calibration p.885 / PDF p.3,WYNE2K3R,5ceca33b941346f90ff085f66b67b69973e85786dee0eefbb246a92de1215b9f,392.01,K,392.01,7.251,mol MEA/kg H2O,0.306946994224956,w_MEA=m_MEA*0.06108/(1+m_MEA*0.06108),0.06108,2.618,mol CO2/kg H2O,,0.361053647772721,"alpha=m_CO2/m_MEA, using both reported row molalities",69.8,kPa,CO2 partial pressure pCO2,69800,Headspace gas chromatography,never-accessed outside-fit >=100 C (100/120 source isotherms),none identified,yes,direct experimental pCO2; composition/temperature/loading within prespecified rules; no canonical-21 duplicate,"none, per parent declaration; observed-row inspection for preregistration only"
Wagner2013,data/reference/MEA/observations/vapor_liquid_equilibrium/Wagner_2013_VLE.csv,f11431ff75210180f068ba19e29b1bd02777ea6a,91d0e4a4d3d3b55abb1983b700fa8d0057fcc609d2846472ce8e6476cff8a239,59,Table 6 row 31,Table 6 p.889 / PDF p.7; headspace calibration p.885 / PDF p.3,WYNE2K3R,5ceca33b941346f90ff085f66b67b69973e85786dee0eefbb246a92de1215b9f,391.96,K,391.96,7.251,mol MEA/kg H2O,0.306946994224956,w_MEA=m_MEA*0.06108/(1+m_MEA*0.06108),0.06108,2.633,mol CO2/kg H2O,,0.363122327954765,"alpha=m_CO2/m_MEA, using both reported row molalities",73.2,kPa,CO2 partial pressure pCO2,73200,Headspace gas chromatography,never-accessed outside-fit >=100 C (100/120 source isotherms),none identified,yes,direct experimental pCO2; composition/temperature/loading within prespecified rules; no canonical-21 duplicate,"none, per parent declaration; observed-row inspection for preregistration only"
Kim2014,data/reference/MEA/observations/vapor_liquid_equilibrium/Kim_2014_VLE.csv,f11431ff75210180f068ba19e29b1bd02777ea6a,587c252cfa076b5783c47e3711354b7a3966d5a5135a99e52d645e66df6c6cee,1,kim2014_vle_30wt_t40_0.06,Table A1-1 p.1455 / PDF p.10; method p.1448 / PDF p.3,ZCF9LPL6,e7ff3ed9d272b24f1546b99e8ea5f5f3a2aa9dc858a3416f47eac00328853502,40,degC,313.15,0.30,unloaded-solvent mass fraction,0.3,reported mass fraction retained unchanged,0.06108,0.06,mol CO2/mol MEA,,0.06,alpha retained unchanged,-0.54,kPa,source-calculated pCO2 from total-pressure subtraction,-540,reaction calorimeter total-pressure change,outside amendment temperature scope,none identified,no,Calculated from total-pressure change assuming amine+water partial pressure stays constant at the pre-first-addition total pressure.; nonpositive reported pressure; logarithmic pressure scoring unavailable; temperature outside requested 80 C and 100/120 C source subsets,"none, per parent declaration; observed-row inspection for preregistration only"
Kim2014,data/reference/MEA/observations/vapor_liquid_equilibrium/Kim_2014_VLE.csv,f11431ff75210180f068ba19e29b1bd02777ea6a,587c252cfa076b5783c47e3711354b7a3966d5a5135a99e52d645e66df6c6cee,2,kim2014_vle_30wt_t40_0.15,Table A1-1 p.1455 / PDF p.10; method p.1448 / PDF p.3,ZCF9LPL6,e7ff3ed9d272b24f1546b99e8ea5f5f3a2aa9dc858a3416f47eac00328853502,40,degC,313.15,0.30,unloaded-solvent mass fraction,0.3,reported mass fraction retained unchanged,0.06108,0.15,mol CO2/mol MEA,,0.15,alpha retained unchanged,-0.87,kPa,source-calculated pCO2 from total-pressure subtraction,-870,reaction calorimeter total-pressure change,outside amendment temperature scope,none identified,no,Calculated from total-pressure change assuming amine+water partial pressure stays constant at the pre-first-addition total pressure.; nonpositive reported pressure; logarithmic pressure scoring unavailable; temperature outside requested 80 C and 100/120 C source subsets,"none, per parent declaration; observed-row inspection for preregistration only"
Kim2014,data/reference/MEA/observations/vapor_liquid_equilibrium/Kim_2014_VLE.csv,f11431ff75210180f068ba19e29b1bd02777ea6a,587c252cfa076b5783c47e3711354b7a3966d5a5135a99e52d645e66df6c6cee,3,kim2014_vle_30wt_t40_0.23,Table A1-1 p.1455 / PDF p.10; method p.1448 / PDF p.3,ZCF9LPL6,e7ff3ed9d272b24f1546b99e8ea5f5f3a2aa9dc858a3416f47eac00328853502,40,degC,313.15,0.30,unloaded-solvent mass fraction,0.3,reported mass fraction retained unchanged,0.06108,0.23,mol CO2/mol MEA,,0.23,alpha retained unchanged,-0.98,kPa,source-calculated pCO2 from total-pressure subtraction,-980,reaction calorimeter total-pressure change,outside amendment temperature scope,none identified,no,Calculated from total-pressure change assuming amine+water partial pressure stays constant at the pre-first-addition total pressure.; nonpositive reported pressure; logarithmic pressure scoring unavailable; temperature outside requested 80 C and 100/120 C source subsets,"none, per parent declaration; observed-row inspection for preregistration only"
Kim2014,data/reference/MEA/observations/vapor_liquid_equilibrium/Kim_2014_VLE.csv,f11431ff75210180f068ba19e29b1bd02777ea6a,587c252cfa076b5783c47e3711354b7a3966d5a5135a99e52d645e66df6c6cee,4,kim2014_vle_30wt_t40_0.31,Table A1-1 p.1455 / PDF p.10; method p.1448 / PDF p.3,ZCF9LPL6,e7ff3ed9d272b24f1546b99e8ea5f5f3a2aa9dc858a3416f47eac00328853502,40,degC,313.15,0.30,unloaded-solvent mass fraction,0.3,reported mass fraction retained unchanged,0.06108,0.31,mol CO2/mol MEA,,0.31,alpha retained unchanged,-1.41,kPa,source-calculated pCO2 from total-pressure subtraction,-1410,reaction calorimeter total-pressure change,outside amendment temperature scope,none identified,no,Calculated from total-pressure change assuming amine+water partial pressure stays constant at the pre-first-addition total pressure.; nonpositive reported pressure; logarithmic pressure scoring unavailable; temperature outside requested 80 C and 100/120 C source subsets,"none, per parent declaration; observed-row inspection for preregistration only"
Kim2014,data/reference/MEA/observations/vapor_liquid_equilibrium/Kim_2014_VLE.csv,f11431ff75210180f068ba19e29b1bd02777ea6a,587c252cfa076b5783c47e3711354b7a3966d5a5135a99e52d645e66df6c6cee,5,kim2014_vle_30wt_t40_0.39,Table A1-1 p.1455 / PDF p.10; method p.1448 / PDF p.3,ZCF9LPL6,e7ff3ed9d272b24f1546b99e8ea5f5f3a2aa9dc858a3416f47eac00328853502,40,degC,313.15,0.30,unloaded-solvent mass fraction,0.3,reported mass fraction retained unchanged,0.06108,0.39,mol CO2/mol MEA,,0.39,alpha retained unchanged,-1.41,kPa,source-calculated pCO2 from total-pressure subtraction,-1410,reaction calorimeter total-pressure change,outside amendment temperature scope,none identified,no,Calculated from total-pressure change assuming amine+water partial pressure stays constant at the pre-first-addition total pressure.; nonpositive reported pressure; logarithmic pressure scoring unavailable; temperature outside requested 80 C and 100/120 C source subsets,"none, per parent declaration; observed-row inspection for preregistration only"
Kim2014,data/reference/MEA/observations/vapor_liquid_equilibrium/Kim_2014_VLE.csv,f11431ff75210180f068ba19e29b1bd02777ea6a,587c252cfa076b5783c47e3711354b7a3966d5a5135a99e52d645e66df6c6cee,6,kim2014_vle_30wt_t40_0.44,Table A1-1 p.1455 / PDF p.10; method p.1448 / PDF p.3,ZCF9LPL6,e7ff3ed9d272b24f1546b99e8ea5f5f3a2aa9dc858a3416f47eac00328853502,40,degC,313.15,0.30,unloaded-solvent mass fraction,0.3,reported mass fraction retained unchanged,0.06108,0.44,mol CO2/mol MEA,,0.44,alpha retained unchanged,-1.41,kPa,source-calculated pCO2 from total-pressure subtraction,-1410,reaction calorimeter total-pressure change,outside amendment temperature scope,none identified,no,Calculated from total-pressure change assuming amine+water partial pressure stays constant at the pre-first-addition total pressure.; nonpositive reported pressure; logarithmic pressure scoring unavailable; temperature outside requested 80 C and 100/120 C source subsets,"none, per parent declaration; observed-row inspection for preregistration only"
Kim2014,data/reference/MEA/observations/vapor_liquid_equilibrium/Kim_2014_VLE.csv,f11431ff75210180f068ba19e29b1bd02777ea6a,587c252cfa076b5783c47e3711354b7a3966d5a5135a99e52d645e66df6c6cee,7,kim2014_vle_30wt_t40_0.51,Table A1-1 p.1455 / PDF p.10; method p.1448 / PDF p.3,ZCF9LPL6,e7ff3ed9d272b24f1546b99e8ea5f5f3a2aa9dc858a3416f47eac00328853502,40,degC,313.15,0.30,unloaded-solvent mass fraction,0.3,reported mass fraction retained unchanged,0.06108,0.51,mol CO2/mol MEA,,0.51,alpha retained unchanged,3.80,kPa,source-calculated pCO2 from total-pressure subtraction,3800,reaction calorimeter total-pressure change,outside amendment temperature scope,none identified,no,Calculated from total-pressure change assuming amine+water partial pressure stays constant at the pre-first-addition total pressure.; temperature outside requested 80 C and 100/120 C source subsets,"none, per parent declaration; observed-row inspection for preregistration only"
Kim2014,data/reference/MEA/observations/vapor_liquid_equilibrium/Kim_2014_VLE.csv,f11431ff75210180f068ba19e29b1bd02777ea6a,587c252cfa076b5783c47e3711354b7a3966d5a5135a99e52d645e66df6c6cee,8,kim2014_vle_30wt_t40_0.56,Table A1-1 p.1455 / PDF p.10; method p.1448 / PDF p.3,ZCF9LPL6,e7ff3ed9d272b24f1546b99e8ea5f5f3a2aa9dc858a3416f47eac00328853502,40,degC,313.15,0.30,unloaded-solvent mass fraction,0.3,reported mass fraction retained unchanged,0.06108,0.56,mol CO2/mol MEA,,0.56,alpha retained unchanged,28.54,kPa,source-calculated pCO2 from total-pressure subtraction,28540,reaction calorimeter total-pressure change,outside amendment temperature scope,none identified,no,Calculated from total-pressure change assuming amine+water partial pressure stays constant at the pre-first-addition total pressure.; temperature outside requested 80 C and 100/120 C source subsets,"none, per parent declaration; observed-row inspection for preregistration only"
Kim2014,data/reference/MEA/observations/vapor_liquid_equilibrium/Kim_2014_VLE.csv,f11431ff75210180f068ba19e29b1bd02777ea6a,587c252cfa076b5783c47e3711354b7a3966d5a5135a99e52d645e66df6c6cee,9,kim2014_vle_30wt_t40_0.61,Table A1-1 p.1455 / PDF p.10; method p.1448 / PDF p.3,ZCF9LPL6,e7ff3ed9d272b24f1546b99e8ea5f5f3a2aa9dc858a3416f47eac00328853502,40,degC,313.15,0.30,unloaded-solvent mass fraction,0.3,reported mass fraction retained unchanged,0.06108,0.61,mol CO2/mol MEA,,0.61,alpha retained unchanged,91.96,kPa,source-calculated pCO2 from total-pressure subtraction,91960,reaction calorimeter total-pressure change,outside amendment temperature scope,none identified,no,Calculated from total-pressure change assuming amine+water partial pressure stays constant at the pre-first-addition total pressure.; temperature outside requested 80 C and 100/120 C source subsets,"none, per parent declaration; observed-row inspection for preregistration only"
Kim2014,data/reference/MEA/observations/vapor_liquid_equilibrium/Kim_2014_VLE.csv,f11431ff75210180f068ba19e29b1bd02777ea6a,587c252cfa076b5783c47e3711354b7a3966d5a5135a99e52d645e66df6c6cee,10,kim2014_vle_30wt_t40_0.65,Table A1-1 p.1455 / PDF p.10; method p.1448 / PDF p.3,ZCF9LPL6,e7ff3ed9d272b24f1546b99e8ea5f5f3a2aa9dc858a3416f47eac00328853502,40,degC,313.15,0.30,unloaded-solvent mass fraction,0.3,reported mass fraction retained unchanged,0.06108,0.65,mol CO2/mol MEA,,0.65,alpha retained unchanged,192.83,kPa,source-calculated pCO2 from total-pressure subtraction,192830,reaction calorimeter total-pressure change,outside amendment temperature scope,none identified,no,Calculated from total-pressure change assuming amine+water partial pressure stays constant at the pre-first-addition total pressure.; temperature outside requested 80 C and 100/120 C source subsets,"none, per parent declaration; observed-row inspection for preregistration only"
Kim2014,data/reference/MEA/observations/vapor_liquid_equilibrium/Kim_2014_VLE.csv,f11431ff75210180f068ba19e29b1bd02777ea6a,587c252cfa076b5783c47e3711354b7a3966d5a5135a99e52d645e66df6c6cee,11,kim2014_vle_30wt_t40_0.69,Table A1-1 p.1455 / PDF p.10; method p.1448 / PDF p.3,ZCF9LPL6,e7ff3ed9d272b24f1546b99e8ea5f5f3a2aa9dc858a3416f47eac00328853502,40,degC,313.15,0.30,unloaded-solvent mass fraction,0.3,reported mass fraction retained unchanged,0.06108,0.69,mol CO2/mol MEA,,0.69,alpha retained unchanged,308.14,kPa,source-calculated pCO2 from total-pressure subtraction,308140,reaction calorimeter total-pressure change,outside amendment temperature scope,none identified,no,Calculated from total-pressure change assuming amine+water partial pressure stays constant at the pre-first-addition total pressure.; temperature outside requested 80 C and 100/120 C source subsets,"none, per parent declaration; observed-row inspection for preregistration only"
Kim2014,data/reference/MEA/observations/vapor_liquid_equilibrium/Kim_2014_VLE.csv,f11431ff75210180f068ba19e29b1bd02777ea6a,587c252cfa076b5783c47e3711354b7a3966d5a5135a99e52d645e66df6c6cee,12,kim2014_vle_30wt_t80_0.06,Table A1-1 p.1455 / PDF p.10; method p.1448 / PDF p.3,ZCF9LPL6,e7ff3ed9d272b24f1546b99e8ea5f5f3a2aa9dc858a3416f47eac00328853502,80,degC,353.15,0.30,unloaded-solvent mass fraction,0.3,reported mass fraction retained unchanged,0.06108,0.06,mol CO2/mol MEA,,0.06,alpha retained unchanged,-0.97,kPa,source-calculated pCO2 from total-pressure subtraction,-970,reaction calorimeter total-pressure change,never-accessed 80 C,none identified,no,Calculated from total-pressure change assuming amine+water partial pressure stays constant at the pre-first-addition total pressure.; nonpositive reported pressure; logarithmic pressure scoring unavailable,"none, per parent declaration; observed-row inspection for preregistration only"
Kim2014,data/reference/MEA/observations/vapor_liquid_equilibrium/Kim_2014_VLE.csv,f11431ff75210180f068ba19e29b1bd02777ea6a,587c252cfa076b5783c47e3711354b7a3966d5a5135a99e52d645e66df6c6cee,13,kim2014_vle_30wt_t80_0.14,Table A1-1 p.1455 / PDF p.10; method p.1448 / PDF p.3,ZCF9LPL6,e7ff3ed9d272b24f1546b99e8ea5f5f3a2aa9dc858a3416f47eac00328853502,80,degC,353.15,0.30,unloaded-solvent mass fraction,0.3,reported mass fraction retained unchanged,0.06108,0.14,mol CO2/mol MEA,,0.14,alpha retained unchanged,-1.19,kPa,source-calculated pCO2 from total-pressure subtraction,-1190,reaction calorimeter total-pressure change,never-accessed 80 C,none identified,no,Calculated from total-pressure change assuming amine+water partial pressure stays constant at the pre-first-addition total pressure.; nonpositive reported pressure; logarithmic pressure scoring unavailable,"none, per parent declaration; observed-row inspection for preregistration only"
Kim2014,data/reference/MEA/observations/vapor_liquid_equilibrium/Kim_2014_VLE.csv,f11431ff75210180f068ba19e29b1bd02777ea6a,587c252cfa076b5783c47e3711354b7a3966d5a5135a99e52d645e66df6c6cee,14,kim2014_vle_30wt_t80_0.20,Table A1-1 p.1455 / PDF p.10; method p.1448 / PDF p.3,ZCF9LPL6,e7ff3ed9d272b24f1546b99e8ea5f5f3a2aa9dc858a3416f47eac00328853502,80,degC,353.15,0.30,unloaded-solvent mass fraction,0.3,reported mass fraction retained unchanged,0.06108,0.20,mol CO2/mol MEA,,0.2,alpha retained unchanged,-1.62,kPa,source-calculated pCO2 from total-pressure subtraction,-1620,reaction calorimeter total-pressure change,never-accessed 80 C,none identified,no,Calculated from total-pressure change assuming amine+water partial pressure stays constant at the pre-first-addition total pressure.; nonpositive reported pressure; logarithmic pressure scoring unavailable,"none, per parent declaration; observed-row inspection for preregistration only"
Kim2014,data/reference/MEA/observations/vapor_liquid_equilibrium/Kim_2014_VLE.csv,f11431ff75210180f068ba19e29b1bd02777ea6a,587c252cfa076b5783c47e3711354b7a3966d5a5135a99e52d645e66df6c6cee,15,kim2014_vle_30wt_t80_0.28,Table A1-1 p.1455 / PDF p.10; method p.1448 / PDF p.3,ZCF9LPL6,e7ff3ed9d272b24f1546b99e8ea5f5f3a2aa9dc858a3416f47eac00328853502,80,degC,353.15,0.30,unloaded-solvent mass fraction,0.3,reported mass fraction retained unchanged,0.06108,0.28,mol CO2/mol MEA,,0.28,alpha retained unchanged,-0.76,kPa,source-calculated pCO2 from total-pressure subtraction,-760,reaction calorimeter total-pressure change,never-accessed 80 C,none identified,no,Calculated from total-pressure change assuming amine+water partial pressure stays constant at the pre-first-addition total pressure.; nonpositive reported pressure; logarithmic pressure scoring unavailable,"none, per parent declaration; observed-row inspection for preregistration only"
Kim2014,data/reference/MEA/observations/vapor_liquid_equilibrium/Kim_2014_VLE.csv,f11431ff75210180f068ba19e29b1bd02777ea6a,587c252cfa076b5783c47e3711354b7a3966d5a5135a99e52d645e66df6c6cee,16,kim2014_vle_30wt_t80_0.36,Table A1-1 p.1455 / PDF p.10; method p.1448 / PDF p.3,ZCF9LPL6,e7ff3ed9d272b24f1546b99e8ea5f5f3a2aa9dc858a3416f47eac00328853502,80,degC,353.15,0.30,unloaded-solvent mass fraction,0.3,reported mass fraction retained unchanged,0.06108,0.36,mol CO2/mol MEA,,0.36,alpha retained unchanged,1.62,kPa,source-calculated pCO2 from total-pressure subtraction,1620,reaction calorimeter total-pressure change,never-accessed 80 C,none identified,no,Calculated from total-pressure change assuming amine+water partial pressure stays constant at the pre-first-addition total pressure.,"none, per parent declaration; observed-row inspection for preregistration only"
Kim2014,data/reference/MEA/observations/vapor_liquid_equilibrium/Kim_2014_VLE.csv,f11431ff75210180f068ba19e29b1bd02777ea6a,587c252cfa076b5783c47e3711354b7a3966d5a5135a99e52d645e66df6c6cee,17,kim2014_vle_30wt_t80_0.45,Table A1-1 p.1455 / PDF p.10; method p.1448 / PDF p.3,ZCF9LPL6,e7ff3ed9d272b24f1546b99e8ea5f5f3a2aa9dc858a3416f47eac00328853502,80,degC,353.15,0.30,unloaded-solvent mass fraction,0.3,reported mass fraction retained unchanged,0.06108,0.45,mol CO2/mol MEA,,0.45,alpha retained unchanged,18.14,kPa,source-calculated pCO2 from total-pressure subtraction,18140,reaction calorimeter total-pressure change,never-accessed 80 C,none identified,no,Calculated from total-pressure change assuming amine+water partial pressure stays constant at the pre-first-addition total pressure.,"none, per parent declaration; observed-row inspection for preregistration only"
Kim2014,data/reference/MEA/observations/vapor_liquid_equilibrium/Kim_2014_VLE.csv,f11431ff75210180f068ba19e29b1bd02777ea6a,587c252cfa076b5783c47e3711354b7a3966d5a5135a99e52d645e66df6c6cee,18,kim2014_vle_30wt_t80_0.50,Table A1-1 p.1455 / PDF p.10; method p.1448 / PDF p.3,ZCF9LPL6,e7ff3ed9d272b24f1546b99e8ea5f5f3a2aa9dc858a3416f47eac00328853502,80,degC,353.15,0.30,unloaded-solvent mass fraction,0.3,reported mass fraction retained unchanged,0.06108,0.50,mol CO2/mol MEA,,0.5,alpha retained unchanged,61.19,kPa,source-calculated pCO2 from total-pressure subtraction,61190,reaction calorimeter total-pressure change,never-accessed 80 C,none identified,no,Calculated from total-pressure change assuming amine+water partial pressure stays constant at the pre-first-addition total pressure.,"none, per parent declaration; observed-row inspection for preregistration only"
Kim2014,data/reference/MEA/observations/vapor_liquid_equilibrium/Kim_2014_VLE.csv,f11431ff75210180f068ba19e29b1bd02777ea6a,587c252cfa076b5783c47e3711354b7a3966d5a5135a99e52d645e66df6c6cee,19,kim2014_vle_30wt_t80_0.55,Table A1-1 p.1455 / PDF p.10; method p.1448 / PDF p.3,ZCF9LPL6,e7ff3ed9d272b24f1546b99e8ea5f5f3a2aa9dc858a3416f47eac00328853502,80,degC,353.15,0.30,unloaded-solvent mass fraction,0.3,reported mass fraction retained unchanged,0.06108,0.55,mol CO2/mol MEA,,0.55,alpha retained unchanged,214.20,kPa,source-calculated pCO2 from total-pressure subtraction,214200,reaction calorimeter total-pressure change,never-accessed 80 C,none identified,no,Calculated from total-pressure change assuming amine+water partial pressure stays constant at the pre-first-addition total pressure.,"none, per parent declaration; observed-row inspection for preregistration only"
Kim2014,data/reference/MEA/observations/vapor_liquid_equilibrium/Kim_2014_VLE.csv,f11431ff75210180f068ba19e29b1bd02777ea6a,587c252cfa076b5783c47e3711354b7a3966d5a5135a99e52d645e66df6c6cee,20,kim2014_vle_30wt_t80_0.58,Table A1-1 p.1455 / PDF p.10; method p.1448 / PDF p.3,ZCF9LPL6,e7ff3ed9d272b24f1546b99e8ea5f5f3a2aa9dc858a3416f47eac00328853502,80,degC,353.15,0.30,unloaded-solvent mass fraction,0.3,reported mass fraction retained unchanged,0.06108,0.58,mol CO2/mol MEA,,0.58,alpha retained unchanged,380.96,kPa,source-calculated pCO2 from total-pressure subtraction,380960,reaction calorimeter total-pressure change,never-accessed 80 C,none identified,no,Calculated from total-pressure change assuming amine+water partial pressure stays constant at the pre-first-addition total pressure.,"none, per parent declaration; observed-row inspection for preregistration only"
Kim2014,data/reference/MEA/observations/vapor_liquid_equilibrium/Kim_2014_VLE.csv,f11431ff75210180f068ba19e29b1bd02777ea6a,587c252cfa076b5783c47e3711354b7a3966d5a5135a99e52d645e66df6c6cee,21,kim2014_vle_30wt_t120_0.07,Table A1-1 p.1455 / PDF p.10; method p.1448 / PDF p.3,ZCF9LPL6,e7ff3ed9d272b24f1546b99e8ea5f5f3a2aa9dc858a3416f47eac00328853502,120,degC,393.15,0.30,unloaded-solvent mass fraction,0.3,reported mass fraction retained unchanged,0.06108,0.07,mol CO2/mol MEA,,0.07,alpha retained unchanged,1.26,kPa,source-calculated pCO2 from total-pressure subtraction,1260,reaction calorimeter total-pressure change,never-accessed outside-fit >=100 C (100/120 source isotherms),none identified,no,Calculated from total-pressure change assuming amine+water partial pressure stays constant at the pre-first-addition total pressure.,"none, per parent declaration; observed-row inspection for preregistration only"
Kim2014,data/reference/MEA/observations/vapor_liquid_equilibrium/Kim_2014_VLE.csv,f11431ff75210180f068ba19e29b1bd02777ea6a,587c252cfa076b5783c47e3711354b7a3966d5a5135a99e52d645e66df6c6cee,22,kim2014_vle_30wt_t120_0.16,Table A1-1 p.1455 / PDF p.10; method p.1448 / PDF p.3,ZCF9LPL6,e7ff3ed9d272b24f1546b99e8ea5f5f3a2aa9dc858a3416f47eac00328853502,120,degC,393.15,0.30,unloaded-solvent mass fraction,0.3,reported mass fraction retained unchanged,0.06108,0.16,mol CO2/mol MEA,,0.16,alpha retained unchanged,7.65,kPa,source-calculated pCO2 from total-pressure subtraction,7650,reaction calorimeter total-pressure change,never-accessed outside-fit >=100 C (100/120 source isotherms),none identified,no,Calculated from total-pressure change assuming amine+water partial pressure stays constant at the pre-first-addition total pressure.,"none, per parent declaration; observed-row inspection for preregistration only"
Kim2014,data/reference/MEA/observations/vapor_liquid_equilibrium/Kim_2014_VLE.csv,f11431ff75210180f068ba19e29b1bd02777ea6a,587c252cfa076b5783c47e3711354b7a3966d5a5135a99e52d645e66df6c6cee,23,kim2014_vle_30wt_t120_0.25,Table A1-1 p.1455 / PDF p.10; method p.1448 / PDF p.3,ZCF9LPL6,e7ff3ed9d272b24f1546b99e8ea5f5f3a2aa9dc858a3416f47eac00328853502,120,degC,393.15,0.30,unloaded-solvent mass fraction,0.3,reported mass fraction retained unchanged,0.06108,0.25,mol CO2/mol MEA,,0.25,alpha retained unchanged,21.32,kPa,source-calculated pCO2 from total-pressure subtraction,21320,reaction calorimeter total-pressure change,never-accessed outside-fit >=100 C (100/120 source isotherms),none identified,no,Calculated from total-pressure change assuming amine+water partial pressure stays constant at the pre-first-addition total pressure.,"none, per parent declaration; observed-row inspection for preregistration only"
Kim2014,data/reference/MEA/observations/vapor_liquid_equilibrium/Kim_2014_VLE.csv,f11431ff75210180f068ba19e29b1bd02777ea6a,587c252cfa076b5783c47e3711354b7a3966d5a5135a99e52d645e66df6c6cee,24,kim2014_vle_30wt_t120_0.33,Table A1-1 p.1455 / PDF p.10; method p.1448 / PDF p.3,ZCF9LPL6,e7ff3ed9d272b24f1546b99e8ea5f5f3a2aa9dc858a3416f47eac00328853502,120,degC,393.15,0.30,unloaded-solvent mass fraction,0.3,reported mass fraction retained unchanged,0.06108,0.33,mol CO2/mol MEA,,0.33,alpha retained unchanged,54.28,kPa,source-calculated pCO2 from total-pressure subtraction,54280,reaction calorimeter total-pressure change,never-accessed outside-fit >=100 C (100/120 source isotherms),none identified,no,Calculated from total-pressure change assuming amine+water partial pressure stays constant at the pre-first-addition total pressure.,"none, per parent declaration; observed-row inspection for preregistration only"
Kim2014,data/reference/MEA/observations/vapor_liquid_equilibrium/Kim_2014_VLE.csv,f11431ff75210180f068ba19e29b1bd02777ea6a,587c252cfa076b5783c47e3711354b7a3966d5a5135a99e52d645e66df6c6cee,25,kim2014_vle_30wt_t120_0.40,Table A1-1 p.1455 / PDF p.10; method p.1448 / PDF p.3,ZCF9LPL6,e7ff3ed9d272b24f1546b99e8ea5f5f3a2aa9dc858a3416f47eac00328853502,120,degC,393.15,0.30,unloaded-solvent mass fraction,0.3,reported mass fraction retained unchanged,0.06108,0.40,mol CO2/mol MEA,,0.4,alpha retained unchanged,145.30,kPa,source-calculated pCO2 from total-pressure subtraction,145300,reaction calorimeter total-pressure change,never-accessed outside-fit >=100 C (100/120 source isotherms),none identified,no,Calculated from total-pressure change assuming amine+water partial pressure stays constant at the pre-first-addition total pressure.,"none, per parent declaration; observed-row inspection for preregistration only"
Kim2014,data/reference/MEA/observations/vapor_liquid_equilibrium/Kim_2014_VLE.csv,f11431ff75210180f068ba19e29b1bd02777ea6a,587c252cfa076b5783c47e3711354b7a3966d5a5135a99e52d645e66df6c6cee,26,kim2014_vle_30wt_t120_0.46,Table A1-1 p.1455 / PDF p.10; method p.1448 / PDF p.3,ZCF9LPL6,e7ff3ed9d272b24f1546b99e8ea5f5f3a2aa9dc858a3416f47eac00328853502,120,degC,393.15,0.30,unloaded-solvent mass fraction,0.3,reported mass fraction retained unchanged,0.06108,0.46,mol CO2/mol MEA,,0.46,alpha retained unchanged,357.11,kPa,source-calculated pCO2 from total-pressure subtraction,357110,reaction calorimeter total-pressure change,never-accessed outside-fit >=100 C (100/120 source isotherms),none identified,no,Calculated from total-pressure change assuming amine+water partial pressure stays constant at the pre-first-addition total pressure.,"none, per parent declaration; observed-row inspection for preregistration only"
Kim2014,data/reference/MEA/observations/vapor_liquid_equilibrium/Kim_2014_VLE.csv,f11431ff75210180f068ba19e29b1bd02777ea6a,587c252cfa076b5783c47e3711354b7a3966d5a5135a99e52d645e66df6c6cee,27,kim2014_vle_30wt_t120_0.48,Table A1-1 p.1455 / PDF p.10; method p.1448 / PDF p.3,ZCF9LPL6,e7ff3ed9d272b24f1546b99e8ea5f5f3a2aa9dc858a3416f47eac00328853502,120,degC,393.15,0.30,unloaded-solvent mass fraction,0.3,reported mass fraction retained unchanged,0.06108,0.48,mol CO2/mol MEA,,0.48,alpha retained unchanged,430.36,kPa,source-calculated pCO2 from total-pressure subtraction,430360,reaction calorimeter total-pressure change,never-accessed outside-fit >=100 C (100/120 source isotherms),none identified,no,Calculated from total-pressure change assuming amine+water partial pressure stays constant at the pre-first-addition total pressure.,"none, per parent declaration; observed-row inspection for preregistration only"
Dugas2011,data/reference/MEA/observations/vapor_liquid_equilibrium/Dugas_2011_VLE.csv,f11431ff75210180f068ba19e29b1bd02777ea6a,361e3cc4aed4d2ae04bf91df4534ed8807366ca4bcbc174d67ef8c10765d5527,1,7 m MEA row 1,Table 1 p.2189 / PDF p.3; Data Interpretation p.2188 / PDF p.2 Fig.3,5H55QKVX,a9bae783a83c74e14408c39328a607e0b3b80e703842d34857012f656b911eb1,40,°C,313.15,7,mol MEA/kg H2O,0.299504048866598,w_MEA=m_MEA*0.06108/(1+m_MEA*0.06108),0.06108,0.252,mol CO2/mol alkalinity,,0.252,alpha unchanged: pure MEA has one mol alkalinity per mol MEA,15.7,Pa,experimental flux-inferred equilibrium CO2 partial pressure PCO2*,15.7,Wetted-wall absorption/desorption; equilibrium pCO2 at zero flux,outside amendment temperature scope,none identified,no,"equilibrium pCO2 is not explicitly measured; inferred by adjusting PCO2* to experimental absorption/desorption fluxes (Data Interpretation p.2188, Fig.3); temperature outside requested 80 C and 100/120 C source subsets","none, per parent declaration; observed-row inspection for preregistration only"
Dugas2011,data/reference/MEA/observations/vapor_liquid_equilibrium/Dugas_2011_VLE.csv,f11431ff75210180f068ba19e29b1bd02777ea6a,361e3cc4aed4d2ae04bf91df4534ed8807366ca4bcbc174d67ef8c10765d5527,2,7 m MEA row 2,Table 1 p.2189 / PDF p.3; Data Interpretation p.2188 / PDF p.2 Fig.3,5H55QKVX,a9bae783a83c74e14408c39328a607e0b3b80e703842d34857012f656b911eb1,40,°C,313.15,7,mol MEA/kg H2O,0.299504048866598,w_MEA=m_MEA*0.06108/(1+m_MEA*0.06108),0.06108,0.351,mol CO2/mol alkalinity,,0.351,alpha unchanged: pure MEA has one mol alkalinity per mol MEA,77,Pa,experimental flux-inferred equilibrium CO2 partial pressure PCO2*,77,Wetted-wall absorption/desorption; equilibrium pCO2 at zero flux,outside amendment temperature scope,none identified,no,"equilibrium pCO2 is not explicitly measured; inferred by adjusting PCO2* to experimental absorption/desorption fluxes (Data Interpretation p.2188, Fig.3); temperature outside requested 80 C and 100/120 C source subsets","none, per parent declaration; observed-row inspection for preregistration only"
Dugas2011,data/reference/MEA/observations/vapor_liquid_equilibrium/Dugas_2011_VLE.csv,f11431ff75210180f068ba19e29b1bd02777ea6a,361e3cc4aed4d2ae04bf91df4534ed8807366ca4bcbc174d67ef8c10765d5527,3,7 m MEA row 3,Table 1 p.2189 / PDF p.3; Data Interpretation p.2188 / PDF p.2 Fig.3,5H55QKVX,a9bae783a83c74e14408c39328a607e0b3b80e703842d34857012f656b911eb1,40,°C,313.15,7,mol MEA/kg H2O,0.299504048866598,w_MEA=m_MEA*0.06108/(1+m_MEA*0.06108),0.06108,0.432,mol CO2/mol alkalinity,,0.432,alpha unchanged: pure MEA has one mol alkalinity per mol MEA,465,Pa,experimental flux-inferred equilibrium CO2 partial pressure PCO2*,465,Wetted-wall absorption/desorption; equilibrium pCO2 at zero flux,outside amendment temperature scope,none identified,no,"equilibrium pCO2 is not explicitly measured; inferred by adjusting PCO2* to experimental absorption/desorption fluxes (Data Interpretation p.2188, Fig.3); temperature outside requested 80 C and 100/120 C source subsets","none, per parent declaration; observed-row inspection for preregistration only"
Dugas2011,data/reference/MEA/observations/vapor_liquid_equilibrium/Dugas_2011_VLE.csv,f11431ff75210180f068ba19e29b1bd02777ea6a,361e3cc4aed4d2ae04bf91df4534ed8807366ca4bcbc174d67ef8c10765d5527,4,7 m MEA row 4,Table 1 p.2189 / PDF p.3; Data Interpretation p.2188 / PDF p.2 Fig.3,5H55QKVX,a9bae783a83c74e14408c39328a607e0b3b80e703842d34857012f656b911eb1,40,°C,313.15,7,mol MEA/kg H2O,0.299504048866598,w_MEA=m_MEA*0.06108/(1+m_MEA*0.06108),0.06108,0.496,mol CO2/mol alkalinity,,0.496,alpha unchanged: pure MEA has one mol alkalinity per mol MEA,4216,Pa,experimental flux-inferred equilibrium CO2 partial pressure PCO2*,4216,Wetted-wall absorption/desorption; equilibrium pCO2 at zero flux,outside amendment temperature scope,none identified,no,"equilibrium pCO2 is not explicitly measured; inferred by adjusting PCO2* to experimental absorption/desorption fluxes (Data Interpretation p.2188, Fig.3); temperature outside requested 80 C and 100/120 C source subsets","none, per parent declaration; observed-row inspection for preregistration only"
Dugas2011,data/reference/MEA/observations/vapor_liquid_equilibrium/Dugas_2011_VLE.csv,f11431ff75210180f068ba19e29b1bd02777ea6a,361e3cc4aed4d2ae04bf91df4534ed8807366ca4bcbc174d67ef8c10765d5527,5,7 m MEA row 5,Table 1 p.2189 / PDF p.3; Data Interpretation p.2188 / PDF p.2 Fig.3,5H55QKVX,a9bae783a83c74e14408c39328a607e0b3b80e703842d34857012f656b911eb1,60,°C,333.15,7,mol MEA/kg H2O,0.299504048866598,w_MEA=m_MEA*0.06108/(1+m_MEA*0.06108),0.06108,0.252,mol CO2/mol alkalinity,,0.252,alpha unchanged: pure MEA has one mol alkalinity per mol MEA,109,Pa,experimental flux-inferred equilibrium CO2 partial pressure PCO2*,109,Wetted-wall absorption/desorption; equilibrium pCO2 at zero flux,outside amendment temperature scope,none identified,no,"equilibrium pCO2 is not explicitly measured; inferred by adjusting PCO2* to experimental absorption/desorption fluxes (Data Interpretation p.2188, Fig.3); temperature outside requested 80 C and 100/120 C source subsets","none, per parent declaration; observed-row inspection for preregistration only"
Dugas2011,data/reference/MEA/observations/vapor_liquid_equilibrium/Dugas_2011_VLE.csv,f11431ff75210180f068ba19e29b1bd02777ea6a,361e3cc4aed4d2ae04bf91df4534ed8807366ca4bcbc174d67ef8c10765d5527,6,7 m MEA row 6,Table 1 p.2189 / PDF p.3; Data Interpretation p.2188 / PDF p.2 Fig.3,5H55QKVX,a9bae783a83c74e14408c39328a607e0b3b80e703842d34857012f656b911eb1,60,°C,333.15,7,mol MEA/kg H2O,0.299504048866598,w_MEA=m_MEA*0.06108/(1+m_MEA*0.06108),0.06108,0.351,mol CO2/mol alkalinity,,0.351,alpha unchanged: pure MEA has one mol alkalinity per mol MEA,660,Pa,experimental flux-inferred equilibrium CO2 partial pressure PCO2*,660,Wetted-wall absorption/desorption; equilibrium pCO2 at zero flux,outside amendment temperature scope,none identified,no,"equilibrium pCO2 is not explicitly measured; inferred by adjusting PCO2* to experimental absorption/desorption fluxes (Data Interpretation p.2188, Fig.3); temperature outside requested 80 C and 100/120 C source subsets","none, per parent declaration; observed-row inspection for preregistration only"
Dugas2011,data/reference/MEA/observations/vapor_liquid_equilibrium/Dugas_2011_VLE.csv,f11431ff75210180f068ba19e29b1bd02777ea6a,361e3cc4aed4d2ae04bf91df4534ed8807366ca4bcbc174d67ef8c10765d5527,7,7 m MEA row 7,Table 1 p.2189 / PDF p.3; Data Interpretation p.2188 / PDF p.2 Fig.3,5H55QKVX,a9bae783a83c74e14408c39328a607e0b3b80e703842d34857012f656b911eb1,60,°C,333.15,7,mol MEA/kg H2O,0.299504048866598,w_MEA=m_MEA*0.06108/(1+m_MEA*0.06108),0.06108,0.432,mol CO2/mol alkalinity,,0.432,alpha unchanged: pure MEA has one mol alkalinity per mol MEA,3434,Pa,experimental flux-inferred equilibrium CO2 partial pressure PCO2*,3434,Wetted-wall absorption/desorption; equilibrium pCO2 at zero flux,outside amendment temperature scope,none identified,no,"equilibrium pCO2 is not explicitly measured; inferred by adjusting PCO2* to experimental absorption/desorption fluxes (Data Interpretation p.2188, Fig.3); temperature outside requested 80 C and 100/120 C source subsets","none, per parent declaration; observed-row inspection for preregistration only"
Dugas2011,data/reference/MEA/observations/vapor_liquid_equilibrium/Dugas_2011_VLE.csv,f11431ff75210180f068ba19e29b1bd02777ea6a,361e3cc4aed4d2ae04bf91df4534ed8807366ca4bcbc174d67ef8c10765d5527,8,7 m MEA row 8,Table 1 p.2189 / PDF p.3; Data Interpretation p.2188 / PDF p.2 Fig.3,5H55QKVX,a9bae783a83c74e14408c39328a607e0b3b80e703842d34857012f656b911eb1,60,°C,333.15,7,mol MEA/kg H2O,0.299504048866598,w_MEA=m_MEA*0.06108/(1+m_MEA*0.06108),0.06108,0.496,mol CO2/mol alkalinity,,0.496,alpha unchanged: pure MEA has one mol alkalinity per mol MEA,16157,Pa,experimental flux-inferred equilibrium CO2 partial pressure PCO2*,16157,Wetted-wall absorption/desorption; equilibrium pCO2 at zero flux,outside amendment temperature scope,none identified,no,"equilibrium pCO2 is not explicitly measured; inferred by adjusting PCO2* to experimental absorption/desorption fluxes (Data Interpretation p.2188, Fig.3); temperature outside requested 80 C and 100/120 C source subsets","none, per parent declaration; observed-row inspection for preregistration only"
Dugas2011,data/reference/MEA/observations/vapor_liquid_equilibrium/Dugas_2011_VLE.csv,f11431ff75210180f068ba19e29b1bd02777ea6a,361e3cc4aed4d2ae04bf91df4534ed8807366ca4bcbc174d67ef8c10765d5527,9,7 m MEA row 9,Table 1 p.2189 / PDF p.3; Data Interpretation p.2188 / PDF p.2 Fig.3,5H55QKVX,a9bae783a83c74e14408c39328a607e0b3b80e703842d34857012f656b911eb1,80,°C,353.15,7,mol MEA/kg H2O,0.299504048866598,w_MEA=m_MEA*0.06108/(1+m_MEA*0.06108),0.06108,0.271,mol CO2/mol alkalinity,,0.271,alpha unchanged: pure MEA has one mol alkalinity per mol MEA,1053,Pa,experimental flux-inferred equilibrium CO2 partial pressure PCO2*,1053,Wetted-wall absorption/desorption; equilibrium pCO2 at zero flux,never-accessed 80 C,none identified,no,"equilibrium pCO2 is not explicitly measured; inferred by adjusting PCO2* to experimental absorption/desorption fluxes (Data Interpretation p.2188, Fig.3)","none, per parent declaration; observed-row inspection for preregistration only"
Dugas2011,data/reference/MEA/observations/vapor_liquid_equilibrium/Dugas_2011_VLE.csv,f11431ff75210180f068ba19e29b1bd02777ea6a,361e3cc4aed4d2ae04bf91df4534ed8807366ca4bcbc174d67ef8c10765d5527,10,7 m MEA row 10,Table 1 p.2189 / PDF p.3; Data Interpretation p.2188 / PDF p.2 Fig.3,5H55QKVX,a9bae783a83c74e14408c39328a607e0b3b80e703842d34857012f656b911eb1,80,°C,353.15,7,mol MEA/kg H2O,0.299504048866598,w_MEA=m_MEA*0.06108/(1+m_MEA*0.06108),0.06108,0.366,mol CO2/mol alkalinity,,0.366,alpha unchanged: pure MEA has one mol alkalinity per mol MEA,4443,Pa,experimental flux-inferred equilibrium CO2 partial pressure PCO2*,4443,Wetted-wall absorption/desorption; equilibrium pCO2 at zero flux,never-accessed 80 C,none identified,no,"equilibrium pCO2 is not explicitly measured; inferred by adjusting PCO2* to experimental absorption/desorption fluxes (Data Interpretation p.2188, Fig.3)","none, per parent declaration; observed-row inspection for preregistration only"
Dugas2011,data/reference/MEA/observations/vapor_liquid_equilibrium/Dugas_2011_VLE.csv,f11431ff75210180f068ba19e29b1bd02777ea6a,361e3cc4aed4d2ae04bf91df4534ed8807366ca4bcbc174d67ef8c10765d5527,11,7 m MEA row 11,Table 1 p.2189 / PDF p.3; Data Interpretation p.2188 / PDF p.2 Fig.3,5H55QKVX,a9bae783a83c74e14408c39328a607e0b3b80e703842d34857012f656b911eb1,100,°C,373.15,7,mol MEA/kg H2O,0.299504048866598,w_MEA=m_MEA*0.06108/(1+m_MEA*0.06108),0.06108,0.271,mol CO2/mol alkalinity,,0.271,alpha unchanged: pure MEA has one mol alkalinity per mol MEA,5297,Pa,experimental flux-inferred equilibrium CO2 partial pressure PCO2*,5297,Wetted-wall absorption/desorption; equilibrium pCO2 at zero flux,never-accessed outside-fit >=100 C (100/120 source isotherms),none identified,no,"equilibrium pCO2 is not explicitly measured; inferred by adjusting PCO2* to experimental absorption/desorption fluxes (Data Interpretation p.2188, Fig.3)","none, per parent declaration; observed-row inspection for preregistration only"
Dugas2011,data/reference/MEA/observations/vapor_liquid_equilibrium/Dugas_2011_VLE.csv,f11431ff75210180f068ba19e29b1bd02777ea6a,361e3cc4aed4d2ae04bf91df4534ed8807366ca4bcbc174d67ef8c10765d5527,12,7 m MEA row 12,Table 1 p.2189 / PDF p.3; Data Interpretation p.2188 / PDF p.2 Fig.3,5H55QKVX,a9bae783a83c74e14408c39328a607e0b3b80e703842d34857012f656b911eb1,100,°C,373.15,7,mol MEA/kg H2O,0.299504048866598,w_MEA=m_MEA*0.06108/(1+m_MEA*0.06108),0.06108,0.366,mol CO2/mol alkalinity,,0.366,alpha unchanged: pure MEA has one mol alkalinity per mol MEA,19008,Pa,experimental flux-inferred equilibrium CO2 partial pressure PCO2*,19008,Wetted-wall absorption/desorption; equilibrium pCO2 at zero flux,never-accessed outside-fit >=100 C (100/120 source isotherms),none identified,no,"equilibrium pCO2 is not explicitly measured; inferred by adjusting PCO2* to experimental absorption/desorption fluxes (Data Interpretation p.2188, Fig.3)","none, per parent declaration; observed-row inspection for preregistration only"
Jou1995,data/reference/MEA/observations/vapor_liquid_equilibrium/Jou_1995_VLE_additional_states.csv,f11431ff75210180f068ba19e29b1bd02777ea6a,5e3d6479c13c9a0165b6eab54e128e1359e31b58001a98e45cbb6db09e8a734e,1,"Table 2, journal p. 142 (PDF p. 4), 0 °C block, listed data row 01",Table 2 p.143 / PDF p.4; Results p.142 / PDF p.3,VF5GM23T,3fe40a0b2de7ab08896f6f8cf923d5fb5dda068b31c2bc644dbd442f48b85267,0,degC,273.15,30,wt% unloaded solvent,0.3,w=reported wt%/100,0.06108,1.324,mol CO2/mol MEA (GC),1.331,1.324,GC and BaCO3 loading alternatives retained verbatim; rejected row has no chosen model loading,19954,kPa,source-calculated pCO2,19954000,gas analysis with calculated solvent vapor-pressure correction,outside amendment temperature scope,none identified,no,Authors calculated from gas analysis after subtracting solution vapor pressure Pf from total pressure; Pf from Raoult law; temperature outside requested 80 C and 100/120 C source subsets,"none, per parent declaration; observed-row inspection for preregistration only"
Jou1995,data/reference/MEA/observations/vapor_liquid_equilibrium/Jou_1995_VLE_additional_states.csv,f11431ff75210180f068ba19e29b1bd02777ea6a,5e3d6479c13c9a0165b6eab54e128e1359e31b58001a98e45cbb6db09e8a734e,2,"Table 2, journal p. 142 (PDF p. 4), 0 °C block, listed data row 02",Table 2 p.143 / PDF p.4; Results p.142 / PDF p.3,VF5GM23T,3fe40a0b2de7ab08896f6f8cf923d5fb5dda068b31c2bc644dbd442f48b85267,0,degC,273.15,30,wt% unloaded solvent,0.3,w=reported wt%/100,0.06108,,mol CO2/mol MEA (GC),1.291,,GC and BaCO3 loading alternatives retained verbatim; rejected row has no chosen model loading,14967,kPa,source-calculated pCO2,14967000,gas analysis with calculated solvent vapor-pressure correction,outside amendment temperature scope,none identified,no,Authors calculated from gas analysis after subtracting solution vapor pressure Pf from total pressure; Pf from Raoult law; temperature outside requested 80 C and 100/120 C source subsets; no positive unambiguous GC loading selected; pressure rejected independently,"none, per parent declaration; observed-row inspection for preregistration only"
Jou1995,data/reference/MEA/observations/vapor_liquid_equilibrium/Jou_1995_VLE_additional_states.csv,f11431ff75210180f068ba19e29b1bd02777ea6a,5e3d6479c13c9a0165b6eab54e128e1359e31b58001a98e45cbb6db09e8a734e,3,"Table 2, journal p. 142 (PDF p. 4), 0 °C block, listed data row 03",Table 2 p.143 / PDF p.4; Results p.142 / PDF p.3,VF5GM23T,3fe40a0b2de7ab08896f6f8cf923d5fb5dda068b31c2bc644dbd442f48b85267,0,degC,273.15,30,wt% unloaded solvent,0.3,w=reported wt%/100,0.06108,1.262,mol CO2/mol MEA (GC),1.320,1.262,GC and BaCO3 loading alternatives retained verbatim; rejected row has no chosen model loading,9979,kPa,source-calculated pCO2,9979000,gas analysis with calculated solvent vapor-pressure correction,outside amendment temperature scope,none identified,no,Authors calculated from gas analysis after subtracting solution vapor pressure Pf from total pressure; Pf from Raoult law; temperature outside requested 80 C and 100/120 C source subsets,"none, per parent declaration; observed-row inspection for preregistration only"
Jou1995,data/reference/MEA/observations/vapor_liquid_equilibrium/Jou_1995_VLE_additional_states.csv,f11431ff75210180f068ba19e29b1bd02777ea6a,5e3d6479c13c9a0165b6eab54e128e1359e31b58001a98e45cbb6db09e8a734e,4,"Table 2, journal p. 142 (PDF p. 4), 0 °C block, listed data row 04",Table 2 p.143 / PDF p.4; Results p.142 / PDF p.3,VF5GM23T,3fe40a0b2de7ab08896f6f8cf923d5fb5dda068b31c2bc644dbd442f48b85267,0,degC,273.15,30,wt% unloaded solvent,0.3,w=reported wt%/100,0.06108,,mol CO2/mol MEA (GC),1.221,,GC and BaCO3 loading alternatives retained verbatim; rejected row has no chosen model loading,5989,kPa,source-calculated pCO2,5989000,gas analysis with calculated solvent vapor-pressure correction,outside amendment temperature scope,none identified,no,Authors calculated from gas analysis after subtracting solution vapor pressure Pf from total pressure; Pf from Raoult law; temperature outside requested 80 C and 100/120 C source subsets; no positive unambiguous GC loading selected; pressure rejected independently,"none, per parent declaration; observed-row inspection for preregistration only"
Jou1995,data/reference/MEA/observations/vapor_liquid_equilibrium/Jou_1995_VLE_additional_states.csv,f11431ff75210180f068ba19e29b1bd02777ea6a,5e3d6479c13c9a0165b6eab54e128e1359e31b58001a98e45cbb6db09e8a734e,5,"Table 2, journal p. 142 (PDF p. 4), 0 °C block, listed data row 05",Table 2 p.143 / PDF p.4; Results p.142 / PDF p.3,VF5GM23T,3fe40a0b2de7ab08896f6f8cf923d5fb5dda068b31c2bc644dbd442f48b85267,0,degC,273.15,30,wt% unloaded solvent,0.3,w=reported wt%/100,0.06108,,mol CO2/mol MEA (GC),1.140,,GC and BaCO3 loading alternatives retained verbatim; rejected row has no chosen model loading,3495,kPa,source-calculated pCO2,3495000,gas analysis with calculated solvent vapor-pressure correction,outside amendment temperature scope,none identified,no,Authors calculated from gas analysis after subtracting solution vapor pressure Pf from total pressure; Pf from Raoult law; temperature outside requested 80 C and 100/120 C source subsets; no positive unambiguous GC loading selected; pressure rejected independently,"none, per parent declaration; observed-row inspection for preregistration only"
Jou1995,data/reference/MEA/observations/vapor_liquid_equilibrium/Jou_1995_VLE_additional_states.csv,f11431ff75210180f068ba19e29b1bd02777ea6a,5e3d6479c13c9a0165b6eab54e128e1359e31b58001a98e45cbb6db09e8a734e,6,"Table 2, journal p. 142 (PDF p. 4), 0 °C block, listed data row 06",Table 2 p.143 / PDF p.4; Results p.142 / PDF p.3,VF5GM23T,3fe40a0b2de7ab08896f6f8cf923d5fb5dda068b31c2bc644dbd442f48b85267,0,degC,273.15,30,wt% unloaded solvent,0.3,w=reported wt%/100,0.06108,,mol CO2/mol MEA (GC),1.132,,GC and BaCO3 loading alternatives retained verbatim; rejected row has no chosen model loading,3468,kPa,source-calculated pCO2,3468000,gas analysis with calculated solvent vapor-pressure correction,outside amendment temperature scope,none identified,no,Authors calculated from gas analysis after subtracting solution vapor pressure Pf from total pressure; Pf from Raoult law; temperature outside requested 80 C and 100/120 C source subsets; no positive unambiguous GC loading selected; pressure rejected independently,"none, per parent declaration; observed-row inspection for preregistration only"
Jou1995,data/reference/MEA/observations/vapor_liquid_equilibrium/Jou_1995_VLE_additional_states.csv,f11431ff75210180f068ba19e29b1bd02777ea6a,5e3d6479c13c9a0165b6eab54e128e1359e31b58001a98e45cbb6db09e8a734e,7,"Table 2, journal p. 142 (PDF p. 4), 0 °C block, listed data row 07",Table 2 p.143 / PDF p.4; Results p.142 / PDF p.3,VF5GM23T,3fe40a0b2de7ab08896f6f8cf923d5fb5dda068b31c2bc644dbd442f48b85267,0,degC,273.15,30,wt% unloaded solvent,0.3,w=reported wt%/100,0.06108,,mol CO2/mol MEA (GC),1.022,,GC and BaCO3 loading alternatives retained verbatim; rejected row has no chosen model loading,999,kPa,source-calculated pCO2,999000,gas analysis with calculated solvent vapor-pressure correction,outside amendment temperature scope,none identified,no,Authors calculated from gas analysis after subtracting solution vapor pressure Pf from total pressure; Pf from Raoult law; temperature outside requested 80 C and 100/120 C source subsets; no positive unambiguous GC loading selected; pressure rejected independently,"none, per parent declaration; observed-row inspection for preregistration only"
Jou1995,data/reference/MEA/observations/vapor_liquid_equilibrium/Jou_1995_VLE_additional_states.csv,f11431ff75210180f068ba19e29b1bd02777ea6a,5e3d6479c13c9a0165b6eab54e128e1359e31b58001a98e45cbb6db09e8a734e,8,"Table 2, journal p. 142 (PDF p. 4), 0 °C block, listed data row 08",Table 2 p.143 / PDF p.4; Results p.142 / PDF p.3,VF5GM23T,3fe40a0b2de7ab08896f6f8cf923d5fb5dda068b31c2bc644dbd442f48b85267,0,degC,273.15,30,wt% unloaded solvent,0.3,w=reported wt%/100,0.06108,,mol CO2/mol MEA (GC),0.970,,GC and BaCO3 loading alternatives retained verbatim; rejected row has no chosen model loading,599,kPa,source-calculated pCO2,599000,gas analysis with calculated solvent vapor-pressure correction,outside amendment temperature scope,none identified,no,Authors calculated from gas analysis after subtracting solution vapor pressure Pf from total pressure; Pf from Raoult law; temperature outside requested 80 C and 100/120 C source subsets; no positive unambiguous GC loading selected; pressure rejected independently,"none, per parent declaration; observed-row inspection for preregistration only"
Jou1995,data/reference/MEA/observations/vapor_liquid_equilibrium/Jou_1995_VLE_additional_states.csv,f11431ff75210180f068ba19e29b1bd02777ea6a,5e3d6479c13c9a0165b6eab54e128e1359e31b58001a98e45cbb6db09e8a734e,9,"Table 2, journal p. 142 (PDF p. 4), 0 °C block, listed data row 09",Table 2 p.143 / PDF p.4; Results p.142 / PDF p.3,VF5GM23T,3fe40a0b2de7ab08896f6f8cf923d5fb5dda068b31c2bc644dbd442f48b85267,0,degC,273.15,30,wt% unloaded solvent,0.3,w=reported wt%/100,0.06108,,mol CO2/mol MEA (GC),0.902,,GC and BaCO3 loading alternatives retained verbatim; rejected row has no chosen model loading,299,kPa,source-calculated pCO2,299000,gas analysis with calculated solvent vapor-pressure correction,outside amendment temperature scope,none identified,no,Authors calculated from gas analysis after subtracting solution vapor pressure Pf from total pressure; Pf from Raoult law; temperature outside requested 80 C and 100/120 C source subsets; no positive unambiguous GC loading selected; pressure rejected independently,"none, per parent declaration; observed-row inspection for preregistration only"
Jou1995,data/reference/MEA/observations/vapor_liquid_equilibrium/Jou_1995_VLE_additional_states.csv,f11431ff75210180f068ba19e29b1bd02777ea6a,5e3d6479c13c9a0165b6eab54e128e1359e31b58001a98e45cbb6db09e8a734e,10,"Table 2, journal p. 142 (PDF p. 4), 0 °C block, listed data row 10",Table 2 p.143 / PDF p.4; Results p.142 / PDF p.3,VF5GM23T,3fe40a0b2de7ab08896f6f8cf923d5fb5dda068b31c2bc644dbd442f48b85267,0,degC,273.15,30,wt% unloaded solvent,0.3,w=reported wt%/100,0.06108,0.772,mol CO2/mol MEA (GC),,0.772,GC and BaCO3 loading alternatives retained verbatim; rejected row has no chosen model loading,68.4,kPa,source-calculated pCO2,68400,gas analysis with calculated solvent vapor-pressure correction,outside amendment temperature scope,none identified,no,Authors calculated from gas analysis after subtracting solution vapor pressure Pf from total pressure; Pf from Raoult law; temperature outside requested 80 C and 100/120 C source subsets,"none, per parent declaration; observed-row inspection for preregistration only"
Jou1995,data/reference/MEA/observations/vapor_liquid_equilibrium/Jou_1995_VLE_additional_states.csv,f11431ff75210180f068ba19e29b1bd02777ea6a,5e3d6479c13c9a0165b6eab54e128e1359e31b58001a98e45cbb6db09e8a734e,11,"Table 2, journal p. 142 (PDF p. 4), 25 °C block, listed data row 01",Table 2 p.143 / PDF p.4; Results p.142 / PDF p.3,VF5GM23T,3fe40a0b2de7ab08896f6f8cf923d5fb5dda068b31c2bc644dbd442f48b85267,25,degC,298.15,30,wt% unloaded solvent,0.3,w=reported wt%/100,0.06108,,mol CO2/mol MEA (GC),1.247,,GC and BaCO3 loading alternatives retained verbatim; rejected row has no chosen model loading,19936,kPa,source-calculated pCO2,19936000,gas analysis with calculated solvent vapor-pressure correction,outside amendment temperature scope,none identified,no,Authors calculated from gas analysis after subtracting solution vapor pressure Pf from total pressure; Pf from Raoult law; temperature outside requested 80 C and 100/120 C source subsets; no positive unambiguous GC loading selected; pressure rejected independently,"none, per parent declaration; observed-row inspection for preregistration only"
Jou1995,data/reference/MEA/observations/vapor_liquid_equilibrium/Jou_1995_VLE_additional_states.csv,f11431ff75210180f068ba19e29b1bd02777ea6a,5e3d6479c13c9a0165b6eab54e128e1359e31b58001a98e45cbb6db09e8a734e,12,"Table 2, journal p. 142 (PDF p. 4), 25 °C block, listed data row 02",Table 2 p.143 / PDF p.4; Results p.142 / PDF p.3,VF5GM23T,3fe40a0b2de7ab08896f6f8cf923d5fb5dda068b31c2bc644dbd442f48b85267,25,degC,298.15,30,wt% unloaded solvent,0.3,w=reported wt%/100,0.06108,,mol CO2/mol MEA (GC),1.209,,GC and BaCO3 loading alternatives retained verbatim; rejected row has no chosen model loading,14955,kPa,source-calculated pCO2,14955000,gas analysis with calculated solvent vapor-pressure correction,outside amendment temperature scope,none identified,no,Authors calculated from gas analysis after subtracting solution vapor pressure Pf from total pressure; Pf from Raoult law; temperature outside requested 80 C and 100/120 C source subsets; no positive unambiguous GC loading selected; pressure rejected independently,"none, per parent declaration; observed-row inspection for preregistration only"
Jou1995,data/reference/MEA/observations/vapor_liquid_equilibrium/Jou_1995_VLE_additional_states.csv,f11431ff75210180f068ba19e29b1bd02777ea6a,5e3d6479c13c9a0165b6eab54e128e1359e31b58001a98e45cbb6db09e8a734e,13,"Table 2, journal p. 142 (PDF p. 4), 25 °C block, listed data row 03",Table 2 p.143 / PDF p.4; Results p.142 / PDF p.3,VF5GM23T,3fe40a0b2de7ab08896f6f8cf923d5fb5dda068b31c2bc644dbd442f48b85267,25,degC,298.15,30,wt% unloaded solvent,0.3,w=reported wt%/100,0.06108,,mol CO2/mol MEA (GC),1.170,,GC and BaCO3 loading alternatives retained verbatim; rejected row has no chosen model loading,9973,kPa,source-calculated pCO2,9973000,gas analysis with calculated solvent vapor-pressure correction,outside amendment temperature scope,none identified,no,Authors calculated from gas analysis after subtracting solution vapor pressure Pf from total pressure; Pf from Raoult law; temperature outside requested 80 C and 100/120 C source subsets; no positive unambiguous GC loading selected; pressure rejected independently,"none, per parent declaration; observed-row inspection for preregistration only"
Jou1995,data/reference/MEA/observations/vapor_liquid_equilibrium/Jou_1995_VLE_additional_states.csv,f11431ff75210180f068ba19e29b1bd02777ea6a,5e3d6479c13c9a0165b6eab54e128e1359e31b58001a98e45cbb6db09e8a734e,14,"Table 2, journal p. 142 (PDF p. 4), 25 °C block, listed data row 04",Table 2 p.143 / PDF p.4; Results p.142 / PDF p.3,VF5GM23T,3fe40a0b2de7ab08896f6f8cf923d5fb5dda068b31c2bc644dbd442f48b85267,25,degC,298.15,30,wt% unloaded solvent,0.3,w=reported wt%/100,0.06108,1.109,mol CO2/mol MEA (GC),1.104,1.109,GC and BaCO3 loading alternatives retained verbatim; rejected row has no chosen model loading,6425,kPa,source-calculated pCO2,6425000,gas analysis with calculated solvent vapor-pressure correction,outside amendment temperature scope,none identified,no,Authors calculated from gas analysis after subtracting solution vapor pressure Pf from total pressure; Pf from Raoult law; temperature outside requested 80 C and 100/120 C source subsets,"none, per parent declaration; observed-row inspection for preregistration only"
Jou1995,data/reference/MEA/observations/vapor_liquid_equilibrium/Jou_1995_VLE_additional_states.csv,f11431ff75210180f068ba19e29b1bd02777ea6a,5e3d6479c13c9a0165b6eab54e128e1359e31b58001a98e45cbb6db09e8a734e,15,"Table 2, journal p. 142 (PDF p. 4), 25 °C block, listed data row 05",Table 2 p.143 / PDF p.4; Results p.142 / PDF p.3,VF5GM23T,3fe40a0b2de7ab08896f6f8cf923d5fb5dda068b31c2bc644dbd442f48b85267,25,degC,298.15,30,wt% unloaded solvent,0.3,w=reported wt%/100,0.06108,1.102,mol CO2/mol MEA (GC),1.100,1.102,GC and BaCO3 loading alternatives retained verbatim; rejected row has no chosen model loading,6402,kPa,source-calculated pCO2,6402000,gas analysis with calculated solvent vapor-pressure correction,outside amendment temperature scope,none identified,no,Authors calculated from gas analysis after subtracting solution vapor pressure Pf from total pressure; Pf from Raoult law; temperature outside requested 80 C and 100/120 C source subsets,"none, per parent declaration; observed-row inspection for preregistration only"
Jou1995,data/reference/MEA/observations/vapor_liquid_equilibrium/Jou_1995_VLE_additional_states.csv,f11431ff75210180f068ba19e29b1bd02777ea6a,5e3d6479c13c9a0165b6eab54e128e1359e31b58001a98e45cbb6db09e8a734e,16,"Table 2, journal p. 142 (PDF p. 4), 25 °C block, listed data row 06",Table 2 p.143 / PDF p.4; Results p.142 / PDF p.3,VF5GM23T,3fe40a0b2de7ab08896f6f8cf923d5fb5dda068b31c2bc644dbd442f48b85267,25,degC,298.15,30,wt% unloaded solvent,0.3,w=reported wt%/100,0.06108,1.039,mol CO2/mol MEA (GC),1.037,1.039,GC and BaCO3 loading alternatives retained verbatim; rejected row has no chosen model loading,2996,kPa,source-calculated pCO2,2996000,gas analysis with calculated solvent vapor-pressure correction,outside amendment temperature scope,none identified,no,Authors calculated from gas analysis after subtracting solution vapor pressure Pf from total pressure; Pf from Raoult law; temperature outside requested 80 C and 100/120 C source subsets,"none, per parent declaration; observed-row inspection for preregistration only"
Jou1995,data/reference/MEA/observations/vapor_liquid_equilibrium/Jou_1995_VLE_additional_states.csv,f11431ff75210180f068ba19e29b1bd02777ea6a,5e3d6479c13c9a0165b6eab54e128e1359e31b58001a98e45cbb6db09e8a734e,17,"Table 2, journal p. 142 (PDF p. 4), 25 °C block, listed data row 07",Table 2 p.143 / PDF p.4; Results p.142 / PDF p.3,VF5GM23T,3fe40a0b2de7ab08896f6f8cf923d5fb5dda068b31c2bc644dbd442f48b85267,25,degC,298.15,30,wt% unloaded solvent,0.3,w=reported wt%/100,0.06108,0.923,mol CO2/mol MEA (GC),0.938,0.923,GC and BaCO3 loading alternatives retained verbatim; rejected row has no chosen model loading,996,kPa,source-calculated pCO2,996000,gas analysis with calculated solvent vapor-pressure correction,outside amendment temperature scope,none identified,no,Authors calculated from gas analysis after subtracting solution vapor pressure Pf from total pressure; Pf from Raoult law; temperature outside requested 80 C and 100/120 C source subsets,"none, per parent declaration; observed-row inspection for preregistration only"
Jou1995,data/reference/MEA/observations/vapor_liquid_equilibrium/Jou_1995_VLE_additional_states.csv,f11431ff75210180f068ba19e29b1bd02777ea6a,5e3d6479c13c9a0165b6eab54e128e1359e31b58001a98e45cbb6db09e8a734e,18,"Table 2, journal p. 142 (PDF p. 4), 25 °C block, listed data row 08",Table 2 p.143 / PDF p.4; Results p.142 / PDF p.3,VF5GM23T,3fe40a0b2de7ab08896f6f8cf923d5fb5dda068b31c2bc644dbd442f48b85267,25,degC,298.15,30,wt% unloaded solvent,0.3,w=reported wt%/100,0.06108,0.844,mol CO2/mol MEA (GC),0.855,0.844,GC and BaCO3 loading alternatives retained verbatim; rejected row has no chosen model loading,596,kPa,source-calculated pCO2,596000,gas analysis with calculated solvent vapor-pressure correction,outside amendment temperature scope,none identified,no,Authors calculated from gas analysis after subtracting solution vapor pressure Pf from total pressure; Pf from Raoult law; temperature outside requested 80 C and 100/120 C source subsets,"none, per parent declaration; observed-row inspection for preregistration only"
Jou1995,data/reference/MEA/observations/vapor_liquid_equilibrium/Jou_1995_VLE_additional_states.csv,f11431ff75210180f068ba19e29b1bd02777ea6a,5e3d6479c13c9a0165b6eab54e128e1359e31b58001a98e45cbb6db09e8a734e,19,"Table 2, journal p. 142 (PDF p. 4), 25 °C block, listed data row 09",Table 2 p.143 / PDF p.4; Results p.142 / PDF p.3,VF5GM23T,3fe40a0b2de7ab08896f6f8cf923d5fb5dda068b31c2bc644dbd442f48b85267,25,degC,298.15,30,wt% unloaded solvent,0.3,w=reported wt%/100,0.06108,0.809,mol CO2/mol MEA (GC),0.815,0.809,GC and BaCO3 loading alternatives retained verbatim; rejected row has no chosen model loading,297,kPa,source-calculated pCO2,297000,gas analysis with calculated solvent vapor-pressure correction,outside amendment temperature scope,none identified,no,Authors calculated from gas analysis after subtracting solution vapor pressure Pf from total pressure; Pf from Raoult law; temperature outside requested 80 C and 100/120 C source subsets,"none, per parent declaration; observed-row inspection for preregistration only"
Jou1995,data/reference/MEA/observations/vapor_liquid_equilibrium/Jou_1995_VLE_additional_states.csv,f11431ff75210180f068ba19e29b1bd02777ea6a,5e3d6479c13c9a0165b6eab54e128e1359e31b58001a98e45cbb6db09e8a734e,20,"Table 2, journal p. 142 (PDF p. 4), 40 °C block, listed data row 01",Table 2 p.143 / PDF p.4; Results p.142 / PDF p.3,VF5GM23T,3fe40a0b2de7ab08896f6f8cf923d5fb5dda068b31c2bc644dbd442f48b85267,40,degC,313.15,30,wt% unloaded solvent,0.3,w=reported wt%/100,0.06108,1.180,mol CO2/mol MEA (GC),1.151,1.18,GC and BaCO3 loading alternatives retained verbatim; rejected row has no chosen model loading,19914,kPa,source-calculated pCO2,19914000,gas analysis with calculated solvent vapor-pressure correction,outside amendment temperature scope,none identified,no,Authors calculated from gas analysis after subtracting solution vapor pressure Pf from total pressure; Pf from Raoult law; temperature outside requested 80 C and 100/120 C source subsets,"none, per parent declaration; observed-row inspection for preregistration only"
Jou1995,data/reference/MEA/observations/vapor_liquid_equilibrium/Jou_1995_VLE_additional_states.csv,f11431ff75210180f068ba19e29b1bd02777ea6a,5e3d6479c13c9a0165b6eab54e128e1359e31b58001a98e45cbb6db09e8a734e,21,"Table 2, journal p. 142 (PDF p. 4), 40 °C block, listed data row 02",Table 2 p.143 / PDF p.4; Results p.142 / PDF p.3,VF5GM23T,3fe40a0b2de7ab08896f6f8cf923d5fb5dda068b31c2bc644dbd442f48b85267,40,degC,313.15,30,wt% unloaded solvent,0.3,w=reported wt%/100,0.06108,1.132,mol CO2/mol MEA (GC),1.108,1.132,GC and BaCO3 loading alternatives retained verbatim; rejected row has no chosen model loading,14945,kPa,source-calculated pCO2,14945000,gas analysis with calculated solvent vapor-pressure correction,outside amendment temperature scope,none identified,no,Authors calculated from gas analysis after subtracting solution vapor pressure Pf from total pressure; Pf from Raoult law; temperature outside requested 80 C and 100/120 C source subsets,"none, per parent declaration; observed-row inspection for preregistration only"
Jou1995,data/reference/MEA/observations/vapor_liquid_equilibrium/Jou_1995_VLE_additional_states.csv,f11431ff75210180f068ba19e29b1bd02777ea6a,5e3d6479c13c9a0165b6eab54e128e1359e31b58001a98e45cbb6db09e8a734e,22,"Table 2, journal p. 142 (PDF p. 4), 40 °C block, listed data row 03",Table 2 p.143 / PDF p.4; Results p.142 / PDF p.3,VF5GM23T,3fe40a0b2de7ab08896f6f8cf923d5fb5dda068b31c2bc644dbd442f48b85267,40,degC,313.15,30,wt% unloaded solvent,0.3,w=reported wt%/100,0.06108,1.097,mol CO2/mol MEA (GC),1.073,1.097,GC and BaCO3 loading alternatives retained verbatim; rejected row has no chosen model loading,9969,kPa,source-calculated pCO2,9969000,gas analysis with calculated solvent vapor-pressure correction,outside amendment temperature scope,none identified,no,Authors calculated from gas analysis after subtracting solution vapor pressure Pf from total pressure; Pf from Raoult law; temperature outside requested 80 C and 100/120 C source subsets,"none, per parent declaration; observed-row inspection for preregistration only"
Jou1995,data/reference/MEA/observations/vapor_liquid_equilibrium/Jou_1995_VLE_additional_states.csv,f11431ff75210180f068ba19e29b1bd02777ea6a,5e3d6479c13c9a0165b6eab54e128e1359e31b58001a98e45cbb6db09e8a734e,23,"Table 2, journal p. 142 (PDF p. 4), 40 °C block, listed data row 04",Table 2 p.143 / PDF p.4; Results p.142 / PDF p.3,VF5GM23T,3fe40a0b2de7ab08896f6f8cf923d5fb5dda068b31c2bc644dbd442f48b85267,40,degC,313.15,30,wt% unloaded solvent,0.3,w=reported wt%/100,0.06108,1.049,mol CO2/mol MEA (GC),1.023,1.049,GC and BaCO3 loading alternatives retained verbatim; rejected row has no chosen model loading,5986,kPa,source-calculated pCO2,5986000,gas analysis with calculated solvent vapor-pressure correction,outside amendment temperature scope,none identified,no,Authors calculated from gas analysis after subtracting solution vapor pressure Pf from total pressure; Pf from Raoult law; temperature outside requested 80 C and 100/120 C source subsets,"none, per parent declaration; observed-row inspection for preregistration only"
Jou1995,data/reference/MEA/observations/vapor_liquid_equilibrium/Jou_1995_VLE_additional_states.csv,f11431ff75210180f068ba19e29b1bd02777ea6a,5e3d6479c13c9a0165b6eab54e128e1359e31b58001a98e45cbb6db09e8a734e,24,"Table 2, journal p. 142 (PDF p. 4), 40 °C block, listed data row 05",Table 2 p.143 / PDF p.4; Results p.142 / PDF p.3,VF5GM23T,3fe40a0b2de7ab08896f6f8cf923d5fb5dda068b31c2bc644dbd442f48b85267,40,degC,313.15,30,wt% unloaded solvent,0.3,w=reported wt%/100,0.06108,0.965,mol CO2/mol MEA (GC),0.929,0.965,GC and BaCO3 loading alternatives retained verbatim; rejected row has no chosen model loading,2992,kPa,source-calculated pCO2,2992000,gas analysis with calculated solvent vapor-pressure correction,outside amendment temperature scope,none identified,no,Authors calculated from gas analysis after subtracting solution vapor pressure Pf from total pressure; Pf from Raoult law; temperature outside requested 80 C and 100/120 C source subsets,"none, per parent declaration; observed-row inspection for preregistration only"
Jou1995,data/reference/MEA/observations/vapor_liquid_equilibrium/Jou_1995_VLE_additional_states.csv,f11431ff75210180f068ba19e29b1bd02777ea6a,5e3d6479c13c9a0165b6eab54e128e1359e31b58001a98e45cbb6db09e8a734e,25,"Table 2, journal p. 142 (PDF p. 4), 40 °C block, listed data row 06",Table 2 p.143 / PDF p.4; Results p.142 / PDF p.3,VF5GM23T,3fe40a0b2de7ab08896f6f8cf923d5fb5dda068b31c2bc644dbd442f48b85267,40,degC,313.15,30,wt% unloaded solvent,0.3,w=reported wt%/100,0.06108,0.844,mol CO2/mol MEA (GC),0.808,0.844,GC and BaCO3 loading alternatives retained verbatim; rejected row has no chosen model loading,993,kPa,source-calculated pCO2,993000,gas analysis with calculated solvent vapor-pressure correction,outside amendment temperature scope,none identified,no,Authors calculated from gas analysis after subtracting solution vapor pressure Pf from total pressure; Pf from Raoult law; temperature outside requested 80 C and 100/120 C source subsets,"none, per parent declaration; observed-row inspection for preregistration only"
Jou1995,data/reference/MEA/observations/vapor_liquid_equilibrium/Jou_1995_VLE_additional_states.csv,f11431ff75210180f068ba19e29b1bd02777ea6a,5e3d6479c13c9a0165b6eab54e128e1359e31b58001a98e45cbb6db09e8a734e,26,"Table 2, journal p. 142 (PDF p. 4), 40 °C block, listed data row 07",Table 2 p.143 / PDF p.4; Results p.142 / PDF p.3,VF5GM23T,3fe40a0b2de7ab08896f6f8cf923d5fb5dda068b31c2bc644dbd442f48b85267,40,degC,313.15,30,wt% unloaded solvent,0.3,w=reported wt%/100,0.06108,0.794,mol CO2/mol MEA (GC),0.778,0.794,GC and BaCO3 loading alternatives retained verbatim; rejected row has no chosen model loading,593,kPa,source-calculated pCO2,593000,gas analysis with calculated solvent vapor-pressure correction,outside amendment temperature scope,none identified,no,Authors calculated from gas analysis after subtracting solution vapor pressure Pf from total pressure; Pf from Raoult law; temperature outside requested 80 C and 100/120 C source subsets,"none, per parent declaration; observed-row inspection for preregistration only"
Jou1995,data/reference/MEA/observations/vapor_liquid_equilibrium/Jou_1995_VLE_additional_states.csv,f11431ff75210180f068ba19e29b1bd02777ea6a,5e3d6479c13c9a0165b6eab54e128e1359e31b58001a98e45cbb6db09e8a734e,27,"Table 2, journal p. 142 (PDF p. 4), 40 °C block, listed data row 08",Table 2 p.143 / PDF p.4; Results p.142 / PDF p.3,VF5GM23T,3fe40a0b2de7ab08896f6f8cf923d5fb5dda068b31c2bc644dbd442f48b85267,40,degC,313.15,30,wt% unloaded solvent,0.3,w=reported wt%/100,0.06108,0.709,mol CO2/mol MEA (GC),0.711,0.709,GC and BaCO3 loading alternatives retained verbatim; rejected row has no chosen model loading,293,kPa,source-calculated pCO2,293000,gas analysis with calculated solvent vapor-pressure correction,outside amendment temperature scope,none identified,no,Authors calculated from gas analysis after subtracting solution vapor pressure Pf from total pressure; Pf from Raoult law; temperature outside requested 80 C and 100/120 C source subsets,"none, per parent declaration; observed-row inspection for preregistration only"
Jou1995,data/reference/MEA/observations/vapor_liquid_equilibrium/Jou_1995_VLE_additional_states.csv,f11431ff75210180f068ba19e29b1bd02777ea6a,5e3d6479c13c9a0165b6eab54e128e1359e31b58001a98e45cbb6db09e8a734e,28,"Table 2, journal p. 142 (PDF p. 4), 60 °C block, listed data row 01",Table 2 p.143 / PDF p.4; Results p.142 / PDF p.3,VF5GM23T,3fe40a0b2de7ab08896f6f8cf923d5fb5dda068b31c2bc644dbd442f48b85267,60,degC,333.15,30,wt% unloaded solvent,0.3,w=reported wt%/100,0.06108,1.109,mol CO2/mol MEA (GC),1.082,1.109,GC and BaCO3 loading alternatives retained verbatim; rejected row has no chosen model loading,19893,kPa,source-calculated pCO2,19893000,gas analysis with calculated solvent vapor-pressure correction,outside amendment temperature scope,none identified,no,Authors calculated from gas analysis after subtracting solution vapor pressure Pf from total pressure; Pf from Raoult law; temperature outside requested 80 C and 100/120 C source subsets,"none, per parent declaration; observed-row inspection for preregistration only"
Jou1995,data/reference/MEA/observations/vapor_liquid_equilibrium/Jou_1995_VLE_additional_states.csv,f11431ff75210180f068ba19e29b1bd02777ea6a,5e3d6479c13c9a0165b6eab54e128e1359e31b58001a98e45cbb6db09e8a734e,29,"Table 2, journal p. 142 (PDF p. 4), 60 °C block, listed data row 02",Table 2 p.143 / PDF p.4; Results p.142 / PDF p.3,VF5GM23T,3fe40a0b2de7ab08896f6f8cf923d5fb5dda068b31c2bc644dbd442f48b85267,60,degC,333.15,30,wt% unloaded solvent,0.3,w=reported wt%/100,0.06108,1.062,mol CO2/mol MEA (GC),1.055,1.062,GC and BaCO3 loading alternatives retained verbatim; rejected row has no chosen model loading,14931,kPa,source-calculated pCO2,14931000,gas analysis with calculated solvent vapor-pressure correction,outside amendment temperature scope,none identified,no,Authors calculated from gas analysis after subtracting solution vapor pressure Pf from total pressure; Pf from Raoult law; temperature outside requested 80 C and 100/120 C source subsets,"none, per parent declaration; observed-row inspection for preregistration only"
Jou1995,data/reference/MEA/observations/vapor_liquid_equilibrium/Jou_1995_VLE_additional_states.csv,f11431ff75210180f068ba19e29b1bd02777ea6a,5e3d6479c13c9a0165b6eab54e128e1359e31b58001a98e45cbb6db09e8a734e,30,"Table 2, journal p. 142 (PDF p. 4), 60 °C block, listed data row 03",Table 2 p.143 / PDF p.4; Results p.142 / PDF p.3,VF5GM23T,3fe40a0b2de7ab08896f6f8cf923d5fb5dda068b31c2bc644dbd442f48b85267,60,degC,333.15,30,wt% unloaded solvent,0.3,w=reported wt%/100,0.06108,1.027,mol CO2/mol MEA (GC),1.001,1.027,GC and BaCO3 loading alternatives retained verbatim; rejected row has no chosen model loading,9959,kPa,source-calculated pCO2,9959000,gas analysis with calculated solvent vapor-pressure correction,outside amendment temperature scope,none identified,no,Authors calculated from gas analysis after subtracting solution vapor pressure Pf from total pressure; Pf from Raoult law; temperature outside requested 80 C and 100/120 C source subsets,"none, per parent declaration; observed-row inspection for preregistration only"
Jou1995,data/reference/MEA/observations/vapor_liquid_equilibrium/Jou_1995_VLE_additional_states.csv,f11431ff75210180f068ba19e29b1bd02777ea6a,5e3d6479c13c9a0165b6eab54e128e1359e31b58001a98e45cbb6db09e8a734e,31,"Table 2, journal p. 142 (PDF p. 4), 60 °C block, listed data row 04",Table 2 p.143 / PDF p.4; Results p.142 / PDF p.3,VF5GM23T,3fe40a0b2de7ab08896f6f8cf923d5fb5dda068b31c2bc644dbd442f48b85267,60,degC,333.15,30,wt% unloaded solvent,0.3,w=reported wt%/100,0.06108,0.942,mol CO2/mol MEA (GC),0.948,0.942,GC and BaCO3 loading alternatives retained verbatim; rejected row has no chosen model loading,5968,kPa,source-calculated pCO2,5968000,gas analysis with calculated solvent vapor-pressure correction,outside amendment temperature scope,none identified,no,Authors calculated from gas analysis after subtracting solution vapor pressure Pf from total pressure; Pf from Raoult law; temperature outside requested 80 C and 100/120 C source subsets,"none, per parent declaration; observed-row inspection for preregistration only"
Jou1995,data/reference/MEA/observations/vapor_liquid_equilibrium/Jou_1995_VLE_additional_states.csv,f11431ff75210180f068ba19e29b1bd02777ea6a,5e3d6479c13c9a0165b6eab54e128e1359e31b58001a98e45cbb6db09e8a734e,32,"Table 2, journal p. 142 (PDF p. 4), 60 °C block, listed data row 05",Table 2 p.143 / PDF p.4; Results p.142 / PDF p.3,VF5GM23T,3fe40a0b2de7ab08896f6f8cf923d5fb5dda068b31c2bc644dbd442f48b85267,60,degC,333.15,30,wt% unloaded solvent,0.3,w=reported wt%/100,0.06108,0.880,mol CO2/mol MEA (GC),0.878,0.88,GC and BaCO3 loading alternatives retained verbatim; rejected row has no chosen model loading,2977,kPa,source-calculated pCO2,2977000,gas analysis with calculated solvent vapor-pressure correction,outside amendment temperature scope,none identified,no,Authors calculated from gas analysis after subtracting solution vapor pressure Pf from total pressure; Pf from Raoult law; temperature outside requested 80 C and 100/120 C source subsets,"none, per parent declaration; observed-row inspection for preregistration only"
Jou1995,data/reference/MEA/observations/vapor_liquid_equilibrium/Jou_1995_VLE_additional_states.csv,f11431ff75210180f068ba19e29b1bd02777ea6a,5e3d6479c13c9a0165b6eab54e128e1359e31b58001a98e45cbb6db09e8a734e,33,"Table 2, journal p. 142 (PDF p. 4), 60 °C block, listed data row 06",Table 2 p.143 / PDF p.4; Results p.142 / PDF p.3,VF5GM23T,3fe40a0b2de7ab08896f6f8cf923d5fb5dda068b31c2bc644dbd442f48b85267,60,degC,333.15,30,wt% unloaded solvent,0.3,w=reported wt%/100,0.06108,0.749,mol CO2/mol MEA (GC),0.736,0.749,GC and BaCO3 loading alternatives retained verbatim; rejected row has no chosen model loading,982,kPa,source-calculated pCO2,982000,gas analysis with calculated solvent vapor-pressure correction,outside amendment temperature scope,none identified,no,Authors calculated from gas analysis after subtracting solution vapor pressure Pf from total pressure; Pf from Raoult law; temperature outside requested 80 C and 100/120 C source subsets,"none, per parent declaration; observed-row inspection for preregistration only"
Jou1995,data/reference/MEA/observations/vapor_liquid_equilibrium/Jou_1995_VLE_additional_states.csv,f11431ff75210180f068ba19e29b1bd02777ea6a,5e3d6479c13c9a0165b6eab54e128e1359e31b58001a98e45cbb6db09e8a734e,34,"Table 2, journal p. 142 (PDF p. 4), 60 °C block, listed data row 07",Table 2 p.143 / PDF p.4; Results p.142 / PDF p.3,VF5GM23T,3fe40a0b2de7ab08896f6f8cf923d5fb5dda068b31c2bc644dbd442f48b85267,60,degC,333.15,30,wt% unloaded solvent,0.3,w=reported wt%/100,0.06108,0.701,mol CO2/mol MEA (GC),0.715,0.701,GC and BaCO3 loading alternatives retained verbatim; rejected row has no chosen model loading,582,kPa,source-calculated pCO2,582000,gas analysis with calculated solvent vapor-pressure correction,outside amendment temperature scope,none identified,no,Authors calculated from gas analysis after subtracting solution vapor pressure Pf from total pressure; Pf from Raoult law; temperature outside requested 80 C and 100/120 C source subsets,"none, per parent declaration; observed-row inspection for preregistration only"
Jou1995,data/reference/MEA/observations/vapor_liquid_equilibrium/Jou_1995_VLE_additional_states.csv,f11431ff75210180f068ba19e29b1bd02777ea6a,5e3d6479c13c9a0165b6eab54e128e1359e31b58001a98e45cbb6db09e8a734e,35,"Table 2, journal p. 143 (PDF p. 5), 80 °C block, listed data row 01",Table 2 p.143 / PDF p.4; Results p.142 / PDF p.3,VF5GM23T,3fe40a0b2de7ab08896f6f8cf923d5fb5dda068b31c2bc644dbd442f48b85267,80,degC,353.15,30,wt% unloaded solvent,0.3,w=reported wt%/100,0.06108,,mol CO2/mol MEA (GC),1.033,,GC and BaCO3 loading alternatives retained verbatim; rejected row has no chosen model loading,19862,kPa,source-calculated pCO2,19862000,gas analysis with calculated solvent vapor-pressure correction,never-accessed 80 C,none identified,no,Authors calculated from gas analysis after subtracting solution vapor pressure Pf from total pressure; Pf from Raoult law; no positive unambiguous GC loading selected; pressure rejected independently,"none, per parent declaration; observed-row inspection for preregistration only"
Jou1995,data/reference/MEA/observations/vapor_liquid_equilibrium/Jou_1995_VLE_additional_states.csv,f11431ff75210180f068ba19e29b1bd02777ea6a,5e3d6479c13c9a0165b6eab54e128e1359e31b58001a98e45cbb6db09e8a734e,36,"Table 2, journal p. 143 (PDF p. 5), 80 °C block, listed data row 02",Table 2 p.143 / PDF p.4; Results p.142 / PDF p.3,VF5GM23T,3fe40a0b2de7ab08896f6f8cf923d5fb5dda068b31c2bc644dbd442f48b85267,80,degC,353.15,30,wt% unloaded solvent,0.3,w=reported wt%/100,0.06108,0.998,mol CO2/mol MEA (GC),1.006,0.998,GC and BaCO3 loading alternatives retained verbatim; rejected row has no chosen model loading,14902,kPa,source-calculated pCO2,14902000,gas analysis with calculated solvent vapor-pressure correction,never-accessed 80 C,none identified,no,Authors calculated from gas analysis after subtracting solution vapor pressure Pf from total pressure; Pf from Raoult law,"none, per parent declaration; observed-row inspection for preregistration only"
Jou1995,data/reference/MEA/observations/vapor_liquid_equilibrium/Jou_1995_VLE_additional_states.csv,f11431ff75210180f068ba19e29b1bd02777ea6a,5e3d6479c13c9a0165b6eab54e128e1359e31b58001a98e45cbb6db09e8a734e,37,"Table 2, journal p. 143 (PDF p. 5), 80 °C block, listed data row 03",Table 2 p.143 / PDF p.4; Results p.142 / PDF p.3,VF5GM23T,3fe40a0b2de7ab08896f6f8cf923d5fb5dda068b31c2bc644dbd442f48b85267,80,degC,353.15,30,wt% unloaded solvent,0.3,w=reported wt%/100,0.06108,0.953,mol CO2/mol MEA (GC),0.962,0.953,GC and BaCO3 loading alternatives retained verbatim; rejected row has no chosen model loading,9925,kPa,source-calculated pCO2,9925000,gas analysis with calculated solvent vapor-pressure correction,never-accessed 80 C,none identified,no,Authors calculated from gas analysis after subtracting solution vapor pressure Pf from total pressure; Pf from Raoult law,"none, per parent declaration; observed-row inspection for preregistration only"
Jou1995,data/reference/MEA/observations/vapor_liquid_equilibrium/Jou_1995_VLE_additional_states.csv,f11431ff75210180f068ba19e29b1bd02777ea6a,5e3d6479c13c9a0165b6eab54e128e1359e31b58001a98e45cbb6db09e8a734e,38,"Table 2, journal p. 143 (PDF p. 5), 80 °C block, listed data row 04",Table 2 p.143 / PDF p.4; Results p.142 / PDF p.3,VF5GM23T,3fe40a0b2de7ab08896f6f8cf923d5fb5dda068b31c2bc644dbd442f48b85267,80,degC,353.15,30,wt% unloaded solvent,0.3,w=reported wt%/100,0.06108,0.875,mol CO2/mol MEA (GC),0.901,0.875,GC and BaCO3 loading alternatives retained verbatim; rejected row has no chosen model loading,5943,kPa,source-calculated pCO2,5943000,gas analysis with calculated solvent vapor-pressure correction,never-accessed 80 C,none identified,no,Authors calculated from gas analysis after subtracting solution vapor pressure Pf from total pressure; Pf from Raoult law,"none, per parent declaration; observed-row inspection for preregistration only"
Jou1995,data/reference/MEA/observations/vapor_liquid_equilibrium/Jou_1995_VLE_additional_states.csv,f11431ff75210180f068ba19e29b1bd02777ea6a,5e3d6479c13c9a0165b6eab54e128e1359e31b58001a98e45cbb6db09e8a734e,39,"Table 2, journal p. 143 (PDF p. 5), 80 °C block, listed data row 05",Table 2 p.143 / PDF p.4; Results p.142 / PDF p.3,VF5GM23T,3fe40a0b2de7ab08896f6f8cf923d5fb5dda068b31c2bc644dbd442f48b85267,80,degC,353.15,30,wt% unloaded solvent,0.3,w=reported wt%/100,0.06108,0.797,mol CO2/mol MEA (GC),0.808,0.797,GC and BaCO3 loading alternatives retained verbatim; rejected row has no chosen model loading,2951,kPa,source-calculated pCO2,2951000,gas analysis with calculated solvent vapor-pressure correction,never-accessed 80 C,none identified,no,Authors calculated from gas analysis after subtracting solution vapor pressure Pf from total pressure; Pf from Raoult law,"none, per parent declaration; observed-row inspection for preregistration only"
Jou1995,data/reference/MEA/observations/vapor_liquid_equilibrium/Jou_1995_VLE_additional_states.csv,f11431ff75210180f068ba19e29b1bd02777ea6a,5e3d6479c13c9a0165b6eab54e128e1359e31b58001a98e45cbb6db09e8a734e,40,"Table 2, journal p. 143 (PDF p. 5), 100 °C block, listed data row 01",Table 2 p.143 / PDF p.4; Results p.142 / PDF p.3,VF5GM23T,3fe40a0b2de7ab08896f6f8cf923d5fb5dda068b31c2bc644dbd442f48b85267,100,degC,373.15,30,wt% unloaded solvent,0.3,w=reported wt%/100,0.06108,,mol CO2/mol MEA (GC),0.941,,GC and BaCO3 loading alternatives retained verbatim; rejected row has no chosen model loading,19812,kPa,source-calculated pCO2,19812000,gas analysis with calculated solvent vapor-pressure correction,never-accessed outside-fit >=100 C (100/120 source isotherms),none identified,no,Authors calculated from gas analysis after subtracting solution vapor pressure Pf from total pressure; Pf from Raoult law; no positive unambiguous GC loading selected; pressure rejected independently,"none, per parent declaration; observed-row inspection for preregistration only"
Jou1995,data/reference/MEA/observations/vapor_liquid_equilibrium/Jou_1995_VLE_additional_states.csv,f11431ff75210180f068ba19e29b1bd02777ea6a,5e3d6479c13c9a0165b6eab54e128e1359e31b58001a98e45cbb6db09e8a734e,41,"Table 2, journal p. 143 (PDF p. 5), 100 °C block, listed data row 02",Table 2 p.143 / PDF p.4; Results p.142 / PDF p.3,VF5GM23T,3fe40a0b2de7ab08896f6f8cf923d5fb5dda068b31c2bc644dbd442f48b85267,100,degC,373.15,30,wt% unloaded solvent,0.3,w=reported wt%/100,0.06108,,mol CO2/mol MEA (GC),0.914,,GC and BaCO3 loading alternatives retained verbatim; rejected row has no chosen model loading,14842,kPa,source-calculated pCO2,14842000,gas analysis with calculated solvent vapor-pressure correction,never-accessed outside-fit >=100 C (100/120 source isotherms),none identified,no,Authors calculated from gas analysis after subtracting solution vapor pressure Pf from total pressure; Pf from Raoult law; no positive unambiguous GC loading selected; pressure rejected independently,"none, per parent declaration; observed-row inspection for preregistration only"
Jou1995,data/reference/MEA/observations/vapor_liquid_equilibrium/Jou_1995_VLE_additional_states.csv,f11431ff75210180f068ba19e29b1bd02777ea6a,5e3d6479c13c9a0165b6eab54e128e1359e31b58001a98e45cbb6db09e8a734e,42,"Table 2, journal p. 143 (PDF p. 5), 100 °C block, listed data row 03",Table 2 p.143 / PDF p.4; Results p.142 / PDF p.3,VF5GM23T,3fe40a0b2de7ab08896f6f8cf923d5fb5dda068b31c2bc644dbd442f48b85267,100,degC,373.15,30,wt% unloaded solvent,0.3,w=reported wt%/100,0.06108,,mol CO2/mol MEA (GC),0.856,,GC and BaCO3 loading alternatives retained verbatim; rejected row has no chosen model loading,9871,kPa,source-calculated pCO2,9871000,gas analysis with calculated solvent vapor-pressure correction,never-accessed outside-fit >=100 C (100/120 source isotherms),none identified,no,Authors calculated from gas analysis after subtracting solution vapor pressure Pf from total pressure; Pf from Raoult law; no positive unambiguous GC loading selected; pressure rejected independently,"none, per parent declaration; observed-row inspection for preregistration only"
Jou1995,data/reference/MEA/observations/vapor_liquid_equilibrium/Jou_1995_VLE_additional_states.csv,f11431ff75210180f068ba19e29b1bd02777ea6a,5e3d6479c13c9a0165b6eab54e128e1359e31b58001a98e45cbb6db09e8a734e,43,"Table 2, journal p. 143 (PDF p. 5), 100 °C block, listed data row 04",Table 2 p.143 / PDF p.4; Results p.142 / PDF p.3,VF5GM23T,3fe40a0b2de7ab08896f6f8cf923d5fb5dda068b31c2bc644dbd442f48b85267,100,degC,373.15,30,wt% unloaded solvent,0.3,w=reported wt%/100,0.06108,,mol CO2/mol MEA (GC),0.810,,GC and BaCO3 loading alternatives retained verbatim; rejected row has no chosen model loading,5891,kPa,source-calculated pCO2,5891000,gas analysis with calculated solvent vapor-pressure correction,never-accessed outside-fit >=100 C (100/120 source isotherms),none identified,no,Authors calculated from gas analysis after subtracting solution vapor pressure Pf from total pressure; Pf from Raoult law; no positive unambiguous GC loading selected; pressure rejected independently,"none, per parent declaration; observed-row inspection for preregistration only"
Jou1995,data/reference/MEA/observations/vapor_liquid_equilibrium/Jou_1995_VLE_additional_states.csv,f11431ff75210180f068ba19e29b1bd02777ea6a,5e3d6479c13c9a0165b6eab54e128e1359e31b58001a98e45cbb6db09e8a734e,44,"Table 2, journal p. 143 (PDF p. 5), 100 °C block, listed data row 05",Table 2 p.143 / PDF p.4; Results p.142 / PDF p.3,VF5GM23T,3fe40a0b2de7ab08896f6f8cf923d5fb5dda068b31c2bc644dbd442f48b85267,100,degC,373.15,30,wt% unloaded solvent,0.3,w=reported wt%/100,0.06108,,mol CO2/mol MEA (GC),0.705,,GC and BaCO3 loading alternatives retained verbatim; rejected row has no chosen model loading,2899,kPa,source-calculated pCO2,2899000,gas analysis with calculated solvent vapor-pressure correction,never-accessed outside-fit >=100 C (100/120 source isotherms),none identified,no,Authors calculated from gas analysis after subtracting solution vapor pressure Pf from total pressure; Pf from Raoult law; no positive unambiguous GC loading selected; pressure rejected independently,"none, per parent declaration; observed-row inspection for preregistration only"
Jou1995,data/reference/MEA/observations/vapor_liquid_equilibrium/Jou_1995_VLE_additional_states.csv,f11431ff75210180f068ba19e29b1bd02777ea6a,5e3d6479c13c9a0165b6eab54e128e1359e31b58001a98e45cbb6db09e8a734e,45,"Table 2, journal p. 143 (PDF p. 5), 120 °C block, listed data row 01",Table 2 p.143 / PDF p.4; Results p.142 / PDF p.3,VF5GM23T,3fe40a0b2de7ab08896f6f8cf923d5fb5dda068b31c2bc644dbd442f48b85267,120,degC,393.15,30,wt% unloaded solvent,0.3,w=reported wt%/100,0.06108,,mol CO2/mol MEA (GC),0.863,,GC and BaCO3 loading alternatives retained verbatim; rejected row has no chosen model loading,17723,kPa,source-calculated pCO2,17723000,gas analysis with calculated solvent vapor-pressure correction,never-accessed outside-fit >=100 C (100/120 source isotherms),none identified,no,Authors calculated from gas analysis after subtracting solution vapor pressure Pf from total pressure; Pf from Raoult law; no positive unambiguous GC loading selected; pressure rejected independently,"none, per parent declaration; observed-row inspection for preregistration only"
Jou1995,data/reference/MEA/observations/vapor_liquid_equilibrium/Jou_1995_VLE_additional_states.csv,f11431ff75210180f068ba19e29b1bd02777ea6a,5e3d6479c13c9a0165b6eab54e128e1359e31b58001a98e45cbb6db09e8a734e,46,"Table 2, journal p. 143 (PDF p. 5), 120 °C block, listed data row 02",Table 2 p.143 / PDF p.4; Results p.142 / PDF p.3,VF5GM23T,3fe40a0b2de7ab08896f6f8cf923d5fb5dda068b31c2bc644dbd442f48b85267,120,degC,393.15,30,wt% unloaded solvent,0.3,w=reported wt%/100,0.06108,,mol CO2/mol MEA (GC),0.829,,GC and BaCO3 loading alternatives retained verbatim; rejected row has no chosen model loading,14741,kPa,source-calculated pCO2,14741000,gas analysis with calculated solvent vapor-pressure correction,never-accessed outside-fit >=100 C (100/120 source isotherms),none identified,no,Authors calculated from gas analysis after subtracting solution vapor pressure Pf from total pressure; Pf from Raoult law; no positive unambiguous GC loading selected; pressure rejected independently,"none, per parent declaration; observed-row inspection for preregistration only"
Jou1995,data/reference/MEA/observations/vapor_liquid_equilibrium/Jou_1995_VLE_additional_states.csv,f11431ff75210180f068ba19e29b1bd02777ea6a,5e3d6479c13c9a0165b6eab54e128e1359e31b58001a98e45cbb6db09e8a734e,47,"Table 2, journal p. 143 (PDF p. 5), 120 °C block, listed data row 03",Table 2 p.143 / PDF p.4; Results p.142 / PDF p.3,VF5GM23T,3fe40a0b2de7ab08896f6f8cf923d5fb5dda068b31c2bc644dbd442f48b85267,120,degC,393.15,30,wt% unloaded solvent,0.3,w=reported wt%/100,0.06108,0.780,mol CO2/mol MEA (GC),0.783,0.78,GC and BaCO3 loading alternatives retained verbatim; rejected row has no chosen model loading,9770,kPa,source-calculated pCO2,9770000,gas analysis with calculated solvent vapor-pressure correction,never-accessed outside-fit >=100 C (100/120 source isotherms),none identified,no,Authors calculated from gas analysis after subtracting solution vapor pressure Pf from total pressure; Pf from Raoult law,"none, per parent declaration; observed-row inspection for preregistration only"
Jou1995,data/reference/MEA/observations/vapor_liquid_equilibrium/Jou_1995_VLE_additional_states.csv,f11431ff75210180f068ba19e29b1bd02777ea6a,5e3d6479c13c9a0165b6eab54e128e1359e31b58001a98e45cbb6db09e8a734e,48,"Table 2, journal p. 143 (PDF p. 5), 120 °C block, listed data row 04",Table 2 p.143 / PDF p.4; Results p.142 / PDF p.3,VF5GM23T,3fe40a0b2de7ab08896f6f8cf923d5fb5dda068b31c2bc644dbd442f48b85267,120,degC,393.15,30,wt% unloaded solvent,0.3,w=reported wt%/100,0.06108,0.719,mol CO2/mol MEA (GC),0.722,0.719,GC and BaCO3 loading alternatives retained verbatim; rejected row has no chosen model loading,5809,kPa,source-calculated pCO2,5809000,gas analysis with calculated solvent vapor-pressure correction,never-accessed outside-fit >=100 C (100/120 source isotherms),none identified,no,Authors calculated from gas analysis after subtracting solution vapor pressure Pf from total pressure; Pf from Raoult law,"none, per parent declaration; observed-row inspection for preregistration only"
Jou1995,data/reference/MEA/observations/vapor_liquid_equilibrium/Jou_1995_VLE_additional_states.csv,f11431ff75210180f068ba19e29b1bd02777ea6a,5e3d6479c13c9a0165b6eab54e128e1359e31b58001a98e45cbb6db09e8a734e,49,"Table 2, journal p. 143 (PDF p. 5), 150 °C block, listed data row 01",Table 2 p.143 / PDF p.4; Results p.142 / PDF p.3,VF5GM23T,3fe40a0b2de7ab08896f6f8cf923d5fb5dda068b31c2bc644dbd442f48b85267,150,degC,423.15,30,wt% unloaded solvent,0.3,w=reported wt%/100,0.06108,,mol CO2/mol MEA (GC),0.755,,GC and BaCO3 loading alternatives retained verbatim; rejected row has no chosen model loading,16441,kPa,source-calculated pCO2,16441000,gas analysis with calculated solvent vapor-pressure correction,outside amendment temperature scope,none identified,no,Authors calculated from gas analysis after subtracting solution vapor pressure Pf from total pressure; Pf from Raoult law; temperature outside requested 80 C and 100/120 C source subsets; no positive unambiguous GC loading selected; pressure rejected independently,"none, per parent declaration; observed-row inspection for preregistration only"
Jou1995,data/reference/MEA/observations/vapor_liquid_equilibrium/Jou_1995_VLE_additional_states.csv,f11431ff75210180f068ba19e29b1bd02777ea6a,5e3d6479c13c9a0165b6eab54e128e1359e31b58001a98e45cbb6db09e8a734e,50,"Table 2, journal p. 143 (PDF p. 5), 150 °C block, listed data row 02",Table 2 p.143 / PDF p.4; Results p.142 / PDF p.3,VF5GM23T,3fe40a0b2de7ab08896f6f8cf923d5fb5dda068b31c2bc644dbd442f48b85267,150,degC,423.15,30,wt% unloaded solvent,0.3,w=reported wt%/100,0.06108,,mol CO2/mol MEA (GC),0.727,,GC and BaCO3 loading alternatives retained verbatim; rejected row has no chosen model loading,11504,kPa,source-calculated pCO2,11504000,gas analysis with calculated solvent vapor-pressure correction,outside amendment temperature scope,none identified,no,Authors calculated from gas analysis after subtracting solution vapor pressure Pf from total pressure; Pf from Raoult law; temperature outside requested 80 C and 100/120 C source subsets; no positive unambiguous GC loading selected; pressure rejected independently,"none, per parent declaration; observed-row inspection for preregistration only"
