candidate,candidate_r4_delta_ln_k_at_353_15_k,candidate_r5_delta_ln_k_at_353_15_k,partition,block,identity,target,temperature_k,mea_mass_fraction,source,loading_mol_co2_per_mol_mea,observed,unit,predicted,figure
retained,0.0,0.0,reserved,speciation,Jakobsen2005_state_015::CO2,CO2,293.15,0.3,Jakobsen,0.78,0.0005,dimensionless,0.0006454301144173,speciation_fit_retained
retained,0.0,0.0,reserved,speciation,Jakobsen2005_state_016::CO2,CO2,293.15,0.3,Jakobsen,0.99,0.0018,dimensionless,0.0047416212445612,speciation_fit_retained
retained,0.0,0.0,reserved,speciation,Jakobsen2005_state_023::CO2,CO2,313.15,0.3,Jakobsen,0.78,0.0009,dimensionless,0.0015056608064732,speciation_fit_retained
retained,0.0,0.0,reserved,speciation,Jakobsen2005_state_024::CO2,CO2,313.15,0.3,Jakobsen,0.99,0.0032,dimensionless,0.0076539562513978,speciation_fit_retained
retained,0.0,0.0,training,speciation,Matin2012_state_001::MEA,MEA,293.15,0.3,Matin,0.106,0.0915,dimensionless,0.0885700657651679,speciation_fit_retained
retained,0.0,0.0,training,speciation,Matin2012_state_002::MEA,MEA,293.15,0.3,Matin,0.128,0.0867,dimensionless,0.0836826062960622,speciation_fit_retained
retained,0.0,0.0,training,speciation,Matin2012_state_003::MEA,MEA,293.15,0.3,Matin,0.15,0.0817,dimensionless,0.0788041697046783,speciation_fit_retained
retained,0.0,0.0,training,speciation,Matin2012_state_004::MEA,MEA,293.15,0.3,Matin,0.173,0.0768,dimensionless,0.0737160025468056,speciation_fit_retained
retained,0.0,0.0,training,speciation,Matin2012_state_005::MEA,MEA,293.15,0.3,Matin,0.195,0.0718,dimensionless,0.0688633699985171,speciation_fit_retained
retained,0.0,0.0,training,speciation,Matin2012_state_006::MEA,MEA,293.15,0.3,Matin,0.218,0.0668,dimensionless,0.063808956092123,speciation_fit_retained
retained,0.0,0.0,training,speciation,Matin2012_state_007::MEA,MEA,293.15,0.3,Matin,0.241,0.0618,dimensionless,0.058778894958159,speciation_fit_retained
retained,0.0,0.0,training,speciation,Matin2012_state_008::MEA,MEA,293.15,0.3,Matin,0.264,0.0568,dimensionless,0.0537801573751886,speciation_fit_retained
retained,0.0,0.0,training,speciation,Matin2012_state_009::MEA,MEA,293.15,0.3,Matin,0.287,0.0518,dimensionless,0.0488222412723615,speciation_fit_retained
retained,0.0,0.0,training,speciation,Matin2012_state_010::MEA,MEA,293.15,0.3,Matin,0.31,0.0469,dimensionless,0.0439183053252704,speciation_fit_retained
retained,0.0,0.0,training,speciation,Matin2012_state_011::MEA,MEA,293.15,0.3,Matin,0.334,0.0419,dimensionless,0.0388788256268533,speciation_fit_retained
retained,0.0,0.0,training,speciation,Matin2012_state_012::MEA,MEA,293.15,0.3,Matin,0.358,0.0371,dimensionless,0.0339486559161298,speciation_fit_retained
retained,0.0,0.0,training,speciation,Matin2012_state_013::MEA,MEA,293.15,0.3,Matin,0.382,0.0322,dimensionless,0.0291720320119854,speciation_fit_retained
retained,0.0,0.0,training,speciation,Matin2012_state_014::MEA,MEA,293.15,0.3,Matin,0.406,0.0274,dimensionless,0.0246130255159443,speciation_fit_retained
retained,0.0,0.0,training,speciation,Matin2012_state_015::MEA,MEA,293.15,0.3,Matin,0.431,0.0227,dimensionless,0.0201919872911568,speciation_fit_retained
retained,0.0,0.0,training,speciation,Matin2012_state_016::MEA,MEA,293.15,0.3,Matin,0.455,0.0181,dimensionless,0.016379461972067,speciation_fit_retained
retained,0.0,0.0,training,speciation,Matin2012_state_017::MEA,MEA,293.15,0.3,Matin,0.48,0.0135,dimensionless,0.0129821892092677,speciation_fit_retained
retained,0.0,0.0,training,speciation,Matin2012_state_018::MEA,MEA,293.15,0.3,Matin,0.505,0.009,dimensionless,0.0102454821008093,speciation_fit_retained
retained,0.0,0.0,training,speciation,Matin2012_state_019::MEA,MEA,293.15,0.3,Matin,0.531,0.0046,dimensionless,0.0080754149729696,speciation_fit_retained
retained,0.0,0.0,training,speciation,Matin2012_state_001::MEAH+,MEAH+,293.15,0.3,Matin,0.106,0.0115,dimensionless,0.0128398600833384,speciation_fit_retained
retained,0.0,0.0,training,speciation,Matin2012_state_002::MEAH+,MEAH+,293.15,0.3,Matin,0.128,0.0139,dimensionless,0.0154364373554787,speciation_fit_retained
retained,0.0,0.0,training,speciation,Matin2012_state_003::MEAH+,MEAH+,293.15,0.3,Matin,0.15,0.0162,dimensionless,0.0180285305545958,speciation_fit_retained
retained,0.0,0.0,training,speciation,Matin2012_state_004::MEAH+,MEAH+,293.15,0.3,Matin,0.173,0.0186,dimensionless,0.0207355395879181,speciation_fit_retained
retained,0.0,0.0,training,speciation,Matin2012_state_005::MEAH+,MEAH+,293.15,0.3,Matin,0.195,0.021,dimensionless,0.0233235204863798,speciation_fit_retained
retained,0.0,0.0,training,speciation,Matin2012_state_006::MEAH+,MEAH+,293.15,0.3,Matin,0.218,0.0234,dimensionless,0.0260289878317203,speciation_fit_retained
retained,0.0,0.0,training,speciation,Matin2012_state_007::MEAH+,MEAH+,293.15,0.3,Matin,0.241,0.0257,dimensionless,0.0287353137729324,speciation_fit_retained
retained,0.0,0.0,training,speciation,Matin2012_state_008::MEAH+,MEAH+,293.15,0.3,Matin,0.264,0.0281,dimensionless,0.0314432622208051,speciation_fit_retained
retained,0.0,0.0,training,speciation,Matin2012_state_009::MEAH+,MEAH+,293.15,0.3,Matin,0.287,0.0304,dimensionless,0.0341532921937199,speciation_fit_retained
retained,0.0,0.0,training,speciation,Matin2012_state_010::MEAH+,MEAH+,293.15,0.3,Matin,0.31,0.0327,dimensionless,0.0368654643453528,speciation_fit_retained
retained,0.0,0.0,training,speciation,Matin2012_state_011::MEAH+,MEAH+,293.15,0.3,Matin,0.334,0.0349,dimensionless,0.0396972848566967,speciation_fit_retained
retained,0.0,0.0,training,speciation,Matin2012_state_012::MEAH+,MEAH+,293.15,0.3,Matin,0.358,0.0372,dimensionless,0.0425293184212182,speciation_fit_retained
retained,0.0,0.0,training,speciation,Matin2012_state_013::MEAH+,MEAH+,293.15,0.3,Matin,0.382,0.0394,dimensionless,0.0453584734112226,speciation_fit_retained
retained,0.0,0.0,training,speciation,Matin2012_state_014::MEAH+,MEAH+,293.15,0.3,Matin,0.406,0.0415,dimensionless,0.0481793921941203,speciation_fit_retained
retained,0.0,0.0,training,speciation,Matin2012_state_015::MEAH+,MEAH+,293.15,0.3,Matin,0.431,0.0436,dimensionless,0.0511000004883081,speciation_fit_retained
retained,0.0,0.0,training,speciation,Matin2012_state_016::MEAH+,MEAH+,293.15,0.3,Matin,0.455,0.0457,dimensionless,0.0538746411363519,speciation_fit_retained
retained,0.0,0.0,training,speciation,Matin2012_state_017::MEAH+,MEAH+,293.15,0.3,Matin,0.48,0.0477,dimensionless,0.0567206298200024,speciation_fit_retained
retained,0.0,0.0,training,speciation,Matin2012_state_018::MEAH+,MEAH+,293.15,0.3,Matin,0.505,0.0496,dimensionless,0.0595116078287035,speciation_fit_retained
retained,0.0,0.0,training,speciation,Matin2012_state_019::MEAH+,MEAH+,293.15,0.3,Matin,0.531,0.0515,dimensionless,0.0623555787980807,speciation_fit_retained
retained,0.0,0.0,reserved,speciation,Jakobsen2005_state_009::MEA + MEAH+,MEA + MEAH+,293.15,0.3,Jakobsen,0.11,0.1101,dimensionless,0.1009932432398492,speciation_fit_retained
retained,0.0,0.0,reserved,speciation,Jakobsen2005_state_010::MEA + MEAH+,MEA + MEAH+,293.15,0.3,Jakobsen,0.21,0.091,dimensionless,0.0906524526915948,speciation_fit_retained
retained,0.0,0.0,reserved,speciation,Jakobsen2005_state_012::MEA + MEAH+,MEA + MEAH+,293.15,0.3,Jakobsen,0.25,0.0836,dimensionless,0.0866133980180837,speciation_fit_retained
retained,0.0,0.0,reserved,speciation,Jakobsen2005_state_011::MEA + MEAH+,MEA + MEAH+,293.15,0.3,Jakobsen,0.29,0.0792,dimensionless,0.0826861393162331,speciation_fit_retained
retained,0.0,0.0,reserved,speciation,Jakobsen2005_state_013::MEA + MEAH+,MEA + MEAH+,293.15,0.3,Jakobsen,0.4,0.0778,dimensionless,0.0732032894005969,speciation_fit_retained
retained,0.0,0.0,reserved,speciation,Jakobsen2005_state_014::MEA + MEAH+,MEA + MEAH+,293.15,0.3,Jakobsen,0.6,0.0641,dimensionless,0.0743872069148488,speciation_fit_retained
retained,0.0,0.0,reserved,speciation,Jakobsen2005_state_015::MEA + MEAH+,MEA + MEAH+,293.15,0.3,Jakobsen,0.78,0.0752,dimensionless,0.0898293134706349,speciation_fit_retained
retained,0.0,0.0,reserved,speciation,Jakobsen2005_state_016::MEA + MEAH+,MEA + MEAH+,293.15,0.3,Jakobsen,0.99,0.0832,dimensionless,0.1064640131769698,speciation_fit_retained
retained,0.0,0.0,reserved,speciation,Jakobsen2005_state_017::MEA + MEAH+,MEA + MEAH+,313.15,0.3,Jakobsen,0.11,0.105,dimensionless,0.1006267306270303,speciation_fit_retained
retained,0.0,0.0,reserved,speciation,Jakobsen2005_state_018::MEA + MEAH+,MEA + MEAH+,313.15,0.3,Jakobsen,0.21,0.0875,dimensionless,0.0901254588632908,speciation_fit_retained
retained,0.0,0.0,reserved,speciation,Jakobsen2005_state_020::MEA + MEAH+,MEA + MEAH+,313.15,0.3,Jakobsen,0.25,0.0777,dimensionless,0.086050388203479,speciation_fit_retained
retained,0.0,0.0,reserved,speciation,Jakobsen2005_state_019::MEA + MEAH+,MEA + MEAH+,313.15,0.3,Jakobsen,0.29,0.0788,dimensionless,0.0821115912177425,speciation_fit_retained
retained,0.0,0.0,reserved,speciation,Jakobsen2005_state_021::MEA + MEAH+,MEA + MEAH+,313.15,0.3,Jakobsen,0.4,0.0849,dimensionless,0.0728389625557441,speciation_fit_retained
retained,0.0,0.0,reserved,speciation,Jakobsen2005_state_022::MEA + MEAH+,MEA + MEAH+,313.15,0.3,Jakobsen,0.6,0.0638,dimensionless,0.0741324589937841,speciation_fit_retained
retained,0.0,0.0,reserved,speciation,Jakobsen2005_state_023::MEA + MEAH+,MEA + MEAH+,313.15,0.3,Jakobsen,0.78,0.0755,dimensionless,0.0887579735289204,speciation_fit_retained
retained,0.0,0.0,reserved,speciation,Jakobsen2005_state_024::MEA + MEAH+,MEA + MEAH+,313.15,0.3,Jakobsen,0.99,0.0857,dimensionless,0.1034631379807696,speciation_fit_retained
retained,0.0,0.0,training,speciation,Bottinger2008_state_030::MEA + MEAH+,MEA + MEAH+,293.15,0.3,Bottinger,0.075,0.1054,dimensionless,0.1046376636899724,speciation_fit_retained
retained,0.0,0.0,training,speciation,Bottinger2008_state_031::MEA + MEAH+,MEA + MEAH+,293.15,0.3,Bottinger,0.15,0.0966,dimensionless,0.0968327002592742,speciation_fit_retained
retained,0.0,0.0,training,speciation,Bottinger2008_state_032::MEA + MEAH+,MEA + MEAH+,293.15,0.3,Bottinger,0.235,0.0871,dimensionless,0.0881175701440692,speciation_fit_retained
retained,0.0,0.0,training,speciation,Bottinger2008_state_033::MEA + MEAH+,MEA + MEAH+,293.15,0.3,Bottinger,0.309,0.078,dimensionless,0.0808776734982062,speciation_fit_retained
retained,0.0,0.0,training,speciation,Bottinger2008_state_034::MEA + MEAH+,MEA + MEAH+,293.15,0.3,Bottinger,0.388,0.0678,dimensionless,0.0740735968504166,speciation_fit_retained
retained,0.0,0.0,training,speciation,Bottinger2008_state_035::MEA + MEAH+,MEA + MEAH+,293.15,0.3,Bottinger,0.474,0.062,dimensionless,0.069781092525853,speciation_fit_retained
retained,0.0,0.0,training,speciation,Bottinger2008_state_042::MEA + MEAH+,MEA + MEAH+,313.15,0.3,Bottinger,0.125,0.1009,dimensionless,0.0990349464705922,speciation_fit_retained
retained,0.0,0.0,training,speciation,Bottinger2008_state_043::MEA + MEAH+,MEA + MEAH+,313.15,0.3,Bottinger,0.205,0.0934,dimensionless,0.0906417673982606,speciation_fit_retained
retained,0.0,0.0,training,speciation,Bottinger2008_state_044::MEA + MEAH+,MEA + MEAH+,313.15,0.3,Bottinger,0.236,0.0876,dimensionless,0.0874641332864969,speciation_fit_retained
retained,0.0,0.0,training,speciation,Bottinger2008_state_045::MEA + MEAH+,MEA + MEAH+,313.15,0.3,Bottinger,0.28,0.084,dimensionless,0.0830798848857594,speciation_fit_retained
retained,0.0,0.0,training,speciation,Bottinger2008_state_046::MEA + MEAH+,MEA + MEAH+,313.15,0.3,Bottinger,0.343,0.0758,dimensionless,0.0772443569146142,speciation_fit_retained
retained,0.0,0.0,training,speciation,Bottinger2008_state_047::MEA + MEAH+,MEA + MEAH+,313.15,0.3,Bottinger,0.354,0.0749,dimensionless,0.076309367134304,speciation_fit_retained
retained,0.0,0.0,training,speciation,Bottinger2008_state_048::MEA + MEAH+,MEA + MEAH+,313.15,0.3,Bottinger,0.46,0.065,dimensionless,0.0700158402414597,speciation_fit_retained
retained,0.0,0.0,training,speciation,Bottinger2008_state_049::MEA + MEAH+,MEA + MEAH+,313.15,0.3,Bottinger,0.466,0.0663,dimensionless,0.0698820414038139,speciation_fit_retained
retained,0.0,0.0,training,speciation,Bottinger2008_state_050::MEA + MEAH+,MEA + MEAH+,313.15,0.3,Bottinger,0.487,0.0646,dimensionless,0.0696606201537254,speciation_fit_retained
retained,0.0,0.0,training,speciation,Bottinger2008_state_055::MEA + MEAH+,MEA + MEAH+,333.15,0.3,Bottinger,0.131,0.0974,dimensionless,0.098205487751318,speciation_fit_retained
retained,0.0,0.0,training,speciation,Bottinger2008_state_056::MEA + MEAH+,MEA + MEAH+,333.15,0.3,Bottinger,0.203,0.0905,dimensionless,0.0906468562775652,speciation_fit_retained
retained,0.0,0.0,training,speciation,Bottinger2008_state_057::MEA + MEAH+,MEA + MEAH+,333.15,0.3,Bottinger,0.277,0.0791,dimensionless,0.0832324438442038,speciation_fit_retained
retained,0.0,0.0,training,speciation,Bottinger2008_state_058::MEA + MEAH+,MEA + MEAH+,333.15,0.3,Bottinger,0.415,0.0687,dimensionless,0.0722410793963607,speciation_fit_retained
retained,0.0,0.0,training,speciation,Bottinger2008_state_059::MEA + MEAH+,MEA + MEAH+,333.15,0.3,Bottinger,0.489,0.068,dimensionless,0.0702687709761974,speciation_fit_retained
retained,0.0,0.0,training,speciation,Bottinger2008_state_063::MEA + MEAH+,MEA + MEAH+,353.15,0.3,Bottinger,0.064,0.1084,dimensionless,0.1053202474820511,speciation_fit_retained
retained,0.0,0.0,training,speciation,Bottinger2008_state_064::MEA + MEAH+,MEA + MEAH+,353.15,0.3,Bottinger,0.141,0.1005,dimensionless,0.0970905818453107,speciation_fit_retained
retained,0.0,0.0,training,speciation,Bottinger2008_state_065::MEA + MEAH+,MEA + MEAH+,353.15,0.3,Bottinger,0.245,0.0906,dimensionless,0.0864276876554314,speciation_fit_retained
retained,0.0,0.0,training,speciation,Bottinger2008_state_066::MEA + MEAH+,MEA + MEAH+,353.15,0.3,Bottinger,0.336,0.0858,dimensionless,0.0781410566690839,speciation_fit_retained
retained,0.0,0.0,training,speciation,Bottinger2008_state_067::MEA + MEAH+,MEA + MEAH+,353.15,0.3,Bottinger,0.398,0.0872,dimensionless,0.0737838378288627,speciation_fit_retained
retained,0.0,0.0,reserved,speciation,Jakobsen2005_state_009::MEACOO-,MEACOO-,293.15,0.3,Jakobsen,0.11,0.0106,dimensionless,0.0112268238867663,speciation_fit_retained
retained,0.0,0.0,reserved,speciation,Jakobsen2005_state_010::MEACOO-,MEACOO-,293.15,0.3,Jakobsen,0.21,0.0206,dimensionless,0.0215676102926308,speciation_fit_retained
retained,0.0,0.0,reserved,speciation,Jakobsen2005_state_012::MEACOO-,MEACOO-,293.15,0.3,Jakobsen,0.25,0.0274,dimensionless,0.0256066600613859,speciation_fit_retained
retained,0.0,0.0,reserved,speciation,Jakobsen2005_state_011::MEACOO-,MEACOO-,293.15,0.3,Jakobsen,0.29,0.0307,dimensionless,0.0295339089402436,speciation_fit_retained
retained,0.0,0.0,reserved,speciation,Jakobsen2005_state_013::MEACOO-,MEACOO-,293.15,0.3,Jakobsen,0.4,0.0427,dimensionless,0.039016620911299,speciation_fit_retained
retained,0.0,0.0,reserved,speciation,Jakobsen2005_state_014::MEACOO-,MEACOO-,293.15,0.3,Jakobsen,0.6,0.0519,dimensionless,0.0378228785257651,speciation_fit_retained
retained,0.0,0.0,reserved,speciation,Jakobsen2005_state_015::MEACOO-,MEACOO-,293.15,0.3,Jakobsen,0.78,0.0385,dimensionless,0.0223183240814865,speciation_fit_retained
retained,0.0,0.0,reserved,speciation,Jakobsen2005_state_016::MEACOO-,MEACOO-,293.15,0.3,Jakobsen,0.99,0.0276,dimensionless,0.0052239495289554,speciation_fit_retained
retained,0.0,0.0,reserved,speciation,Jakobsen2005_state_017::MEACOO-,MEACOO-,313.15,0.3,Jakobsen,0.11,0.0103,dimensionless,0.0115933345987616,speciation_fit_retained
retained,0.0,0.0,reserved,speciation,Jakobsen2005_state_018::MEACOO-,MEACOO-,313.15,0.3,Jakobsen,0.21,0.018,dimensionless,0.0220945899213324,speciation_fit_retained
retained,0.0,0.0,reserved,speciation,Jakobsen2005_state_020::MEACOO-,MEACOO-,313.15,0.3,Jakobsen,0.25,0.0261,dimensionless,0.0261696411993253,speciation_fit_retained
retained,0.0,0.0,reserved,speciation,Jakobsen2005_state_019::MEACOO-,MEACOO-,313.15,0.3,Jakobsen,0.29,0.0284,dimensionless,0.0301083996626755,speciation_fit_retained
retained,0.0,0.0,reserved,speciation,Jakobsen2005_state_021::MEACOO-,MEACOO-,313.15,0.3,Jakobsen,0.4,0.0495,dimensionless,0.0393805192682733,speciation_fit_retained
retained,0.0,0.0,reserved,speciation,Jakobsen2005_state_022::MEACOO-,MEACOO-,313.15,0.3,Jakobsen,0.6,0.0494,dimensionless,0.0380621043754189,speciation_fit_retained
retained,0.0,0.0,reserved,speciation,Jakobsen2005_state_023::MEACOO-,MEACOO-,313.15,0.3,Jakobsen,0.78,0.0388,dimensionless,0.0232931288766464,speciation_fit_retained
retained,0.0,0.0,reserved,speciation,Jakobsen2005_state_024::MEACOO-,MEACOO-,313.15,0.3,Jakobsen,0.99,0.0312,dimensionless,0.007898002293339,speciation_fit_retained
retained,0.0,0.0,training,speciation,Bottinger2008_state_030::MEACOO-,MEACOO-,293.15,0.3,Bottinger,0.075,0.0086,dimensionless,0.0075824038275693,speciation_fit_retained
retained,0.0,0.0,training,speciation,Bottinger2008_state_031::MEACOO-,MEACOO-,293.15,0.3,Bottinger,0.15,0.0171,dimensionless,0.0153873659689583,speciation_fit_retained
retained,0.0,0.0,training,speciation,Bottinger2008_state_032::MEACOO-,MEACOO-,293.15,0.3,Bottinger,0.235,0.0267,dimensionless,0.024102490173158,speciation_fit_retained
retained,0.0,0.0,training,speciation,Bottinger2008_state_033::MEACOO-,MEACOO-,293.15,0.3,Bottinger,0.309,0.0349,dimensionless,0.0313423669263827,speciation_fit_retained
retained,0.0,0.0,training,speciation,Bottinger2008_state_034::MEACOO-,MEACOO-,293.15,0.3,Bottinger,0.388,0.043,dimensionless,0.0381463481566915,speciation_fit_retained
retained,0.0,0.0,training,speciation,Bottinger2008_state_035::MEACOO-,MEACOO-,293.15,0.3,Bottinger,0.474,0.0493,dimensionless,0.0424381427840295,speciation_fit_retained
retained,0.0,0.0,training,speciation,Matin2012_state_001::MEACOO-,MEACOO-,293.15,0.3,Matin,0.106,0.0097,dimensionless,0.0108101413373056,speciation_fit_retained
retained,0.0,0.0,training,speciation,Matin2012_state_002::MEACOO-,MEACOO-,293.15,0.3,Matin,0.128,0.0124,dimensionless,0.013101023147852,speciation_fit_retained
retained,0.0,0.0,training,speciation,Matin2012_state_003::MEACOO-,MEACOO-,293.15,0.3,Matin,0.15,0.0151,dimensionless,0.0153873659689583,speciation_fit_retained
retained,0.0,0.0,training,speciation,Matin2012_state_004::MEACOO-,MEACOO-,293.15,0.3,Matin,0.173,0.0177,dimensionless,0.017768523214595,speciation_fit_retained
retained,0.0,0.0,training,speciation,Matin2012_state_005::MEACOO-,MEACOO-,293.15,0.3,Matin,0.195,0.0203,dimensionless,0.0200331736369231,speciation_fit_retained
retained,0.0,0.0,training,speciation,Matin2012_state_006::MEACOO-,MEACOO-,293.15,0.3,Matin,0.218,0.0228,dimensionless,0.0223821183259026,speciation_fit_retained
retained,0.0,0.0,training,speciation,Matin2012_state_007::MEACOO-,MEACOO-,293.15,0.3,Matin,0.241,0.0252,dimensionless,0.0247058507593968,speciation_fit_retained
retained,0.0,0.0,training,speciation,Matin2012_state_008::MEACOO-,MEACOO-,293.15,0.3,Matin,0.264,0.0276,dimensionless,0.0269966358010574,speciation_fit_retained
retained,0.0,0.0,training,speciation,Matin2012_state_009::MEACOO-,MEACOO-,293.15,0.3,Matin,0.287,0.0299,dimensionless,0.0292445157947458,speciation_fit_retained
retained,0.0,0.0,training,speciation,Matin2012_state_010::MEACOO-,MEACOO-,293.15,0.3,Matin,0.31,0.0321,dimensionless,0.0314362702595003,speciation_fit_retained
retained,0.0,0.0,training,speciation,Matin2012_state_011::MEACOO-,MEACOO-,293.15,0.3,Matin,0.334,0.0342,dimensionless,0.0336439142097783,speciation_fit_retained
retained,0.0,0.0,training,speciation,Matin2012_state_012::MEACOO-,MEACOO-,293.15,0.3,Matin,0.358,0.0362,dimensionless,0.035742025721002,speciation_fit_retained
retained,0.0,0.0,training,speciation,Matin2012_state_013::MEACOO-,MEACOO-,293.15,0.3,Matin,0.382,0.0381,dimensionless,0.0376894536842441,speciation_fit_retained
retained,0.0,0.0,training,speciation,Matin2012_state_014::MEACOO-,MEACOO-,293.15,0.3,Matin,0.406,0.04,dimensionless,0.0394274712859769,speciation_fit_retained
retained,0.0,0.0,training,speciation,Matin2012_state_015::MEACOO-,MEACOO-,293.15,0.3,Matin,0.431,0.0417,dimensionless,0.0409277710728102,speciation_fit_retained
retained,0.0,0.0,training,speciation,Matin2012_state_016::MEACOO-,MEACOO-,293.15,0.3,Matin,0.455,0.0433,dimensionless,0.04196543001724,speciation_fit_retained
retained,0.0,0.0,training,speciation,Matin2012_state_017::MEACOO-,MEACOO-,293.15,0.3,Matin,0.48,0.0448,dimensionless,0.0425162914204285,speciation_fit_retained
retained,0.0,0.0,training,speciation,Matin2012_state_018::MEACOO-,MEACOO-,293.15,0.3,Matin,0.505,0.0462,dimensionless,0.0424612825795176,speciation_fit_retained
retained,0.0,0.0,training,speciation,Matin2012_state_019::MEACOO-,MEACOO-,293.15,0.3,Matin,0.531,0.0475,dimensionless,0.0417861140558648,speciation_fit_retained
retained,0.0,0.0,training,speciation,Bottinger2008_state_042::MEACOO-,MEACOO-,313.15,0.3,Bottinger,0.125,0.0144,dimensionless,0.0131851177012946,speciation_fit_retained
retained,0.0,0.0,training,speciation,Bottinger2008_state_043::MEACOO-,MEACOO-,313.15,0.3,Bottinger,0.205,0.0241,dimensionless,0.0215782830163511,speciation_fit_retained
retained,0.0,0.0,training,speciation,Bottinger2008_state_044::MEACOO-,MEACOO-,313.15,0.3,Bottinger,0.236,0.0271,dimensionless,0.0247559044256651,speciation_fit_retained
retained,0.0,0.0,training,speciation,Bottinger2008_state_045::MEACOO-,MEACOO-,313.15,0.3,Bottinger,0.28,0.0327,dimensionless,0.0291401182887869,speciation_fit_retained
retained,0.0,0.0,training,speciation,Bottinger2008_state_046::MEACOO-,MEACOO-,313.15,0.3,Bottinger,0.343,0.0396,dimensionless,0.0349755132023483,speciation_fit_retained
retained,0.0,0.0,training,speciation,Bottinger2008_state_047::MEACOO-,MEACOO-,313.15,0.3,Bottinger,0.354,0.041,dimensionless,0.0359104585519525,speciation_fit_retained
retained,0.0,0.0,training,speciation,Bottinger2008_state_048::MEACOO-,MEACOO-,313.15,0.3,Bottinger,0.46,0.0492,dimensionless,0.0422022110239152,speciation_fit_retained
retained,0.0,0.0,training,speciation,Bottinger2008_state_049::MEACOO-,MEACOO-,313.15,0.3,Bottinger,0.466,0.0502,dimensionless,0.0423357395459727,speciation_fit_retained
retained,0.0,0.0,training,speciation,Bottinger2008_state_050::MEACOO-,MEACOO-,313.15,0.3,Bottinger,0.487,0.0511,dimensionless,0.0425559097361625,speciation_fit_retained
retained,0.0,0.0,training,speciation,Bottinger2008_state_055::MEACOO-,MEACOO-,333.15,0.3,Bottinger,0.131,0.0147,dimensionless,0.0140145645401686,speciation_fit_retained
retained,0.0,0.0,training,speciation,Bottinger2008_state_056::MEACOO-,MEACOO-,333.15,0.3,Bottinger,0.203,0.0231,dimensionless,0.0215731485344035,speciation_fit_retained
retained,0.0,0.0,training,speciation,Bottinger2008_state_057::MEACOO-,MEACOO-,333.15,0.3,Bottinger,0.277,0.0302,dimensionless,0.0289873952072218,speciation_fit_retained
retained,0.0,0.0,training,speciation,Bottinger2008_state_058::MEACOO-,MEACOO-,333.15,0.3,Bottinger,0.415,0.0417,dimensionless,0.0399762556773355,speciation_fit_retained
retained,0.0,0.0,training,speciation,Bottinger2008_state_059::MEACOO-,MEACOO-,333.15,0.3,Bottinger,0.489,0.0424,dimensionless,0.0419400462103149,speciation_fit_retained
retained,0.0,0.0,training,speciation,Bottinger2008_state_063::MEACOO-,MEACOO-,353.15,0.3,Bottinger,0.064,0.0068,dimensionless,0.0068998109400837,speciation_fit_retained
retained,0.0,0.0,training,speciation,Bottinger2008_state_064::MEACOO-,MEACOO-,353.15,0.3,Bottinger,0.141,0.014,dimensionless,0.0151294170508234,speciation_fit_retained
retained,0.0,0.0,training,speciation,Bottinger2008_state_065::MEACOO-,MEACOO-,353.15,0.3,Bottinger,0.245,0.0224,dimensionless,0.0257919093326043,speciation_fit_retained
retained,0.0,0.0,training,speciation,Bottinger2008_state_066::MEACOO-,MEACOO-,353.15,0.3,Bottinger,0.336,0.0337,dimensionless,0.0340767849454154,speciation_fit_retained
retained,0.0,0.0,training,speciation,Bottinger2008_state_067::MEACOO-,MEACOO-,353.15,0.3,Bottinger,0.398,0.0336,dimensionless,0.0384296049258501,speciation_fit_retained
retained,0.0,0.0,reserved,speciation,Jakobsen2005_state_010::HCO3-,HCO3-,293.15,0.3,Jakobsen,0.21,0.0001,dimensionless,0.0004787291907144,speciation_fit_retained
retained,0.0,0.0,reserved,speciation,Jakobsen2005_state_012::HCO3-,HCO3-,293.15,0.3,Jakobsen,0.25,0.0002,dimensionless,0.000709801763378,speciation_fit_retained
retained,0.0,0.0,reserved,speciation,Jakobsen2005_state_011::HCO3-,HCO3-,293.15,0.3,Jakobsen,0.29,0.0002,dimensionless,0.0010473588639823,speciation_fit_retained
retained,0.0,0.0,reserved,speciation,Jakobsen2005_state_013::HCO3-,HCO3-,293.15,0.3,Jakobsen,0.4,0.0006,dimensionless,0.0032814781970547,speciation_fit_retained
retained,0.0,0.0,reserved,speciation,Jakobsen2005_state_014::HCO3-,HCO3-,293.15,0.3,Jakobsen,0.6,0.0139,dimensionless,0.0269590609436374,speciation_fit_retained
retained,0.0,0.0,reserved,speciation,Jakobsen2005_state_015::HCO3-,HCO3-,293.15,0.3,Jakobsen,0.78,0.0442,dimensionless,0.0631830557963505,speciation_fit_retained
retained,0.0,0.0,reserved,speciation,Jakobsen2005_state_016::HCO3-,HCO3-,293.15,0.3,Jakobsen,0.99,0.0671,dimensionless,0.1003198942822824,speciation_fit_retained
retained,0.0,0.0,reserved,speciation,Jakobsen2005_state_017::HCO3-,HCO3-,313.15,0.3,Jakobsen,0.11,0.0001,dimensionless,0.0002159606777834,speciation_fit_retained
retained,0.0,0.0,reserved,speciation,Jakobsen2005_state_018::HCO3-,HCO3-,313.15,0.3,Jakobsen,0.21,0.002,dimensionless,0.0006572498626847,speciation_fit_retained
retained,0.0,0.0,reserved,speciation,Jakobsen2005_state_020::HCO3-,HCO3-,313.15,0.3,Jakobsen,0.25,0.0004,dimensionless,0.0009670940975492,speciation_fit_retained
retained,0.0,0.0,reserved,speciation,Jakobsen2005_state_019::HCO3-,HCO3-,313.15,0.3,Jakobsen,0.29,0.0003,dimensionless,0.0014141613866506,speciation_fit_retained
retained,0.0,0.0,reserved,speciation,Jakobsen2005_state_021::HCO3-,HCO3-,313.15,0.3,Jakobsen,0.4,0.0012,dimensionless,0.004219678273905,speciation_fit_retained
retained,0.0,0.0,reserved,speciation,Jakobsen2005_state_022::HCO3-,HCO3-,313.15,0.3,Jakobsen,0.6,0.0151,dimensionless,0.0278743563790178,speciation_fit_retained
retained,0.0,0.0,reserved,speciation,Jakobsen2005_state_023::HCO3-,HCO3-,313.15,0.3,Jakobsen,0.78,0.0448,dimensionless,0.0619726809902535,speciation_fit_retained
retained,0.0,0.0,reserved,speciation,Jakobsen2005_state_024::HCO3-,HCO3-,313.15,0.3,Jakobsen,0.99,0.0696,dimensionless,0.0945096246353343,speciation_fit_retained
retained,0.0,0.0,training,speciation,Matin2012_state_001::HCO3-,HCO3-,293.15,0.3,Matin,0.106,0.0024,dimensionless,0.0001461619761586,speciation_fit_retained
retained,0.0,0.0,training,speciation,Matin2012_state_002::HCO3-,HCO3-,293.15,0.3,Matin,0.128,0.0022,dimensionless,0.0001951409580808,speciation_fit_retained
retained,0.0,0.0,training,speciation,Matin2012_state_003::HCO3-,HCO3-,293.15,0.3,Matin,0.15,0.002,dimensionless,0.0002534862910689,speciation_fit_retained
retained,0.0,0.0,training,speciation,Matin2012_state_004::HCO3-,HCO3-,293.15,0.3,Matin,0.173,0.002,dimensionless,0.0003267331275552,speciation_fit_retained
retained,0.0,0.0,training,speciation,Matin2012_state_005::HCO3-,HCO3-,293.15,0.3,Matin,0.195,0.002,dimensionless,0.0004112531785852,speciation_fit_retained
retained,0.0,0.0,training,speciation,Matin2012_state_006::HCO3-,HCO3-,293.15,0.3,Matin,0.218,0.0021,dimensionless,0.0005185119121212,speciation_fit_retained
retained,0.0,0.0,training,speciation,Matin2012_state_007::HCO3-,HCO3-,293.15,0.3,Matin,0.241,0.0023,dimensionless,0.0006501934628751,speciation_fit_retained
retained,0.0,0.0,training,speciation,Matin2012_state_008::HCO3-,HCO3-,293.15,0.3,Matin,0.264,0.0026,dimensionless,0.0008132393292093,speciation_fit_retained
retained,0.0,0.0,training,speciation,Matin2012_state_009::HCO3-,HCO3-,293.15,0.3,Matin,0.287,0.003,dimensionless,0.0010171200506183,speciation_fit_retained
retained,0.0,0.0,training,speciation,Matin2012_state_010::HCO3-,HCO3-,293.15,0.3,Matin,0.31,0.0034,dimensionless,0.0012749633011618,speciation_fit_retained
retained,0.0,0.0,training,speciation,Matin2012_state_011::HCO3-,HCO3-,293.15,0.3,Matin,0.334,0.004,dimensionless,0.0016216237139498,speciation_fit_retained
retained,0.0,0.0,training,speciation,Matin2012_state_012::HCO3-,HCO3-,293.15,0.3,Matin,0.358,0.0046,dimensionless,0.0020774549992562,speciation_fit_retained
retained,0.0,0.0,training,speciation,Matin2012_state_013::HCO3-,HCO3-,293.15,0.3,Matin,0.382,0.0053,dimensionless,0.002686565197304,speciation_fit_retained
retained,0.0,0.0,training,speciation,Matin2012_state_014::HCO3-,HCO3-,293.15,0.3,Matin,0.406,0.0061,dimensionless,0.0035127935623539,speciation_fit_retained
retained,0.0,0.0,training,speciation,Matin2012_state_015::HCO3-,HCO3-,293.15,0.3,Matin,0.431,0.007,dimensionless,0.0047003752477909,speciation_fit_retained
retained,0.0,0.0,training,speciation,Matin2012_state_016::HCO3-,HCO3-,293.15,0.3,Matin,0.455,0.008,dimensionless,0.0062703403450821,speciation_fit_retained
retained,0.0,0.0,training,speciation,Matin2012_state_017::HCO3-,HCO3-,293.15,0.3,Matin,0.48,0.0091,dimensionless,0.0084764840524157,speciation_fit_retained
retained,0.0,0.0,training,speciation,Matin2012_state_018::HCO3-,HCO3-,293.15,0.3,Matin,0.505,0.0102,dimensionless,0.0113375411753676,speciation_fit_retained
retained,0.0,0.0,training,speciation,Matin2012_state_019::HCO3-,HCO3-,293.15,0.3,Matin,0.531,0.0114,dimensionless,0.0149801881105368,speciation_fit_retained
retained,0.0,0.0,training,speciation,Bottinger2008_state_049::HCO3-,HCO3-,313.15,0.3,Bottinger,0.466,0.004,dimensionless,0.0085719764669462,speciation_fit_retained
retained,0.0,0.0,training,speciation,Bottinger2008_state_050::HCO3-,HCO3-,313.15,0.3,Bottinger,0.487,0.0052,dimensionless,0.0106967287831475,speciation_fit_retained
retained,0.0,0.0,training,speciation,Bottinger2008_state_058::HCO3-,HCO3-,333.15,0.3,Bottinger,0.415,0.0042,dimensionless,0.0059457479613112,speciation_fit_retained
retained,0.0,0.0,training,speciation,Bottinger2008_state_059::HCO3-,HCO3-,333.15,0.3,Bottinger,0.489,0.0072,dimensionless,0.0121983518924449,speciation_fit_retained
retained,0.0,0.0,training,speciation,Bottinger2008_state_067::HCO3-,HCO3-,353.15,0.3,Bottinger,0.398,0.0046,dimensionless,0.0058831137127022,speciation_fit_retained
retained,0.0,0.0,reserved,speciation,Jakobsen2005_state_009::CO3^2-,CO3^2-,293.15,0.3,Jakobsen,0.11,0.0001,dimensionless,0.0009629292856056,speciation_fit_retained
retained,0.0,0.0,reserved,speciation,Jakobsen2005_state_010::CO3^2-,CO3^2-,293.15,0.3,Jakobsen,0.21,0.0004,dimensionless,0.0015198311567332,speciation_fit_retained
retained,0.0,0.0,reserved,speciation,Jakobsen2005_state_012::CO3^2-,CO3^2-,293.15,0.3,Jakobsen,0.25,0.0006,dimensionless,0.0017384664019082,speciation_fit_retained
retained,0.0,0.0,reserved,speciation,Jakobsen2005_state_011::CO3^2-,CO3^2-,293.15,0.3,Jakobsen,0.29,0.0006,dimensionless,0.0019623723636563,speciation_fit_retained
retained,0.0,0.0,reserved,speciation,Jakobsen2005_state_013::CO3^2-,CO3^2-,293.15,0.3,Jakobsen,0.4,0.0012,dimensionless,0.0025884619571748,speciation_fit_retained
retained,0.0,0.0,reserved,speciation,Jakobsen2005_state_014::CO3^2-,CO3^2-,293.15,0.3,Jakobsen,0.6,0.0014,dimensionless,0.0024551586969787,speciation_fit_retained
retained,0.0,0.0,reserved,speciation,Jakobsen2005_state_015::CO3^2-,CO3^2-,293.15,0.3,Jakobsen,0.78,0.0014,dimensionless,0.0013283472984004,speciation_fit_retained
retained,0.0,0.0,reserved,speciation,Jakobsen2005_state_016::CO3^2-,CO3^2-,293.15,0.3,Jakobsen,0.99,0.0017,dimensionless,0.000285618023067,speciation_fit_retained
retained,0.0,0.0,reserved,speciation,Jakobsen2005_state_017::CO3^2-,CO3^2-,313.15,0.3,Jakobsen,0.11,0.0001,dimensionless,0.0005348892864198,speciation_fit_retained
retained,0.0,0.0,reserved,speciation,Jakobsen2005_state_018::CO3^2-,CO3^2-,313.15,0.3,Jakobsen,0.21,0.0027,dimensionless,0.0008142013406047,speciation_fit_retained
retained,0.0,0.0,reserved,speciation,Jakobsen2005_state_020::CO3^2-,CO3^2-,313.15,0.3,Jakobsen,0.25,0.0004,dimensionless,0.0009179302210847,speciation_fit_retained
retained,0.0,0.0,reserved,speciation,Jakobsen2005_state_019::CO3^2-,CO3^2-,313.15,0.3,Jakobsen,0.29,0.0004,dimensionless,0.0010205511978734,speciation_fit_retained
retained,0.0,0.0,reserved,speciation,Jakobsen2005_state_021::CO3^2-,CO3^2-,313.15,0.3,Jakobsen,0.4,0.001,dimensionless,0.0012823738460761,speciation_fit_retained
retained,0.0,0.0,reserved,speciation,Jakobsen2005_state_022::CO3^2-,CO3^2-,313.15,0.3,Jakobsen,0.6,0.0009,dimensionless,0.0011530060258252,speciation_fit_retained
retained,0.0,0.0,reserved,speciation,Jakobsen2005_state_023::CO3^2-,CO3^2-,313.15,0.3,Jakobsen,0.78,0.0009,dimensionless,0.0006283892029689,speciation_fit_retained
retained,0.0,0.0,reserved,speciation,Jakobsen2005_state_024::CO3^2-,CO3^2-,313.15,0.3,Jakobsen,0.99,0.0011,dimensionless,0.0001859456912966,speciation_fit_retained
full_r4_r5,0.0538481752229893,0.9642695898871344,reserved,speciation,Jakobsen2005_state_015::CO2,CO2,293.15,0.3,Jakobsen,0.78,0.0005,dimensionless,0.0003833331188667,speciation_fit_full_r4_r5
full_r4_r5,0.0538481752229893,0.9642695898871344,reserved,speciation,Jakobsen2005_state_016::CO2,CO2,293.15,0.3,Jakobsen,0.99,0.0018,dimensionless,0.0035365297314082,speciation_fit_full_r4_r5
full_r4_r5,0.0538481752229893,0.9642695898871344,reserved,speciation,Jakobsen2005_state_023::CO2,CO2,313.15,0.3,Jakobsen,0.78,0.0009,dimensionless,0.0015056608064732,speciation_fit_full_r4_r5
full_r4_r5,0.0538481752229893,0.9642695898871344,reserved,speciation,Jakobsen2005_state_024::CO2,CO2,313.15,0.3,Jakobsen,0.99,0.0032,dimensionless,0.0076539562513978,speciation_fit_full_r4_r5
full_r4_r5,0.0538481752229893,0.9642695898871344,training,speciation,Matin2012_state_001::MEA,MEA,293.15,0.3,Matin,0.106,0.0915,dimensionless,0.0885526953069228,speciation_fit_full_r4_r5
full_r4_r5,0.0538481752229893,0.9642695898871344,training,speciation,Matin2012_state_002::MEA,MEA,293.15,0.3,Matin,0.128,0.0867,dimensionless,0.0836620956132577,speciation_fit_full_r4_r5
full_r4_r5,0.0538481752229893,0.9642695898871344,training,speciation,Matin2012_state_003::MEA,MEA,293.15,0.3,Matin,0.15,0.0817,dimensionless,0.078779529806529,speciation_fit_full_r4_r5
full_r4_r5,0.0538481752229893,0.9642695898871344,training,speciation,Matin2012_state_004::MEA,MEA,293.15,0.3,Matin,0.173,0.0768,dimensionless,0.0736858851194645,speciation_fit_full_r4_r5
full_r4_r5,0.0538481752229893,0.9642695898871344,training,speciation,Matin2012_state_005::MEA,MEA,293.15,0.3,Matin,0.195,0.0718,dimensionless,0.0688267146423962,speciation_fit_full_r4_r5
full_r4_r5,0.0538481752229893,0.9642695898871344,training,speciation,Matin2012_state_006::MEA,MEA,293.15,0.3,Matin,0.218,0.0668,dimensionless,0.0637638140177362,speciation_fit_full_r4_r5
full_r4_r5,0.0538481752229893,0.9642695898871344,training,speciation,Matin2012_state_007::MEA,MEA,293.15,0.3,Matin,0.241,0.0618,dimensionless,0.0587231650204082,speciation_fit_full_r4_r5
full_r4_r5,0.0538481752229893,0.9642695898871344,training,speciation,Matin2012_state_008::MEA,MEA,293.15,0.3,Matin,0.264,0.0568,dimensionless,0.0537111777617984,speciation_fit_full_r4_r5
full_r4_r5,0.0538481752229893,0.9642695898871344,training,speciation,Matin2012_state_009::MEA,MEA,293.15,0.3,Matin,0.287,0.0518,dimensionless,0.0487366074331789,speciation_fit_full_r4_r5
full_r4_r5,0.0538481752229893,0.9642695898871344,training,speciation,Matin2012_state_010::MEA,MEA,293.15,0.3,Matin,0.31,0.0469,dimensionless,0.0438116425935423,speciation_fit_full_r4_r5
full_r4_r5,0.0538481752229893,0.9642695898871344,training,speciation,Matin2012_state_011::MEA,MEA,293.15,0.3,Matin,0.334,0.0419,dimensionless,0.0387442177790042,speciation_fit_full_r4_r5
full_r4_r5,0.0538481752229893,0.9642695898871344,training,speciation,Matin2012_state_012::MEA,MEA,293.15,0.3,Matin,0.358,0.0371,dimensionless,0.0337783080692387,speciation_fit_full_r4_r5
full_r4_r5,0.0538481752229893,0.9642695898871344,training,speciation,Matin2012_state_013::MEA,MEA,293.15,0.3,Matin,0.382,0.0322,dimensionless,0.0289564117051606,speciation_fit_full_r4_r5
full_r4_r5,0.0538481752229893,0.9642695898871344,training,speciation,Matin2012_state_014::MEA,MEA,293.15,0.3,Matin,0.406,0.0274,dimensionless,0.0243416085194033,speciation_fit_full_r4_r5
full_r4_r5,0.0538481752229893,0.9642695898871344,training,speciation,Matin2012_state_015::MEA,MEA,293.15,0.3,Matin,0.431,0.0227,dimensionless,0.0198530912963164,speciation_fit_full_r4_r5
full_r4_r5,0.0538481752229893,0.9642695898871344,training,speciation,Matin2012_state_016::MEA,MEA,293.15,0.3,Matin,0.455,0.0181,dimensionless,0.0159745368244678,speciation_fit_full_r4_r5
full_r4_r5,0.0538481752229893,0.9642695898871344,training,speciation,Matin2012_state_017::MEA,MEA,293.15,0.3,Matin,0.48,0.0135,dimensionless,0.0125231105471119,speciation_fit_full_r4_r5
full_r4_r5,0.0538481752229893,0.9642695898871344,training,speciation,Matin2012_state_018::MEA,MEA,293.15,0.3,Matin,0.505,0.009,dimensionless,0.0097636995993766,speciation_fit_full_r4_r5
full_r4_r5,0.0538481752229893,0.9642695898871344,training,speciation,Matin2012_state_019::MEA,MEA,293.15,0.3,Matin,0.531,0.0046,dimensionless,0.0076067463013452,speciation_fit_full_r4_r5
full_r4_r5,0.0538481752229893,0.9642695898871344,training,speciation,Matin2012_state_001::MEAH+,MEAH+,293.15,0.3,Matin,0.106,0.0115,dimensionless,0.0134938531419995,speciation_fit_full_r4_r5
full_r4_r5,0.0538481752229893,0.9642695898871344,training,speciation,Matin2012_state_002::MEAH+,MEAH+,293.15,0.3,Matin,0.128,0.0139,dimensionless,0.0161879659807724,speciation_fit_full_r4_r5
full_r4_r5,0.0538481752229893,0.9642695898871344,training,speciation,Matin2012_state_003::MEAH+,MEAH+,293.15,0.3,Matin,0.15,0.0162,dimensionless,0.0188743878293244,speciation_fit_full_r4_r5
full_r4_r5,0.0538481752229893,0.9642695898871344,training,speciation,Matin2012_state_004::MEAH+,MEAH+,293.15,0.3,Matin,0.173,0.0186,dimensionless,0.0216779504794272,speciation_fit_full_r4_r5
full_r4_r5,0.0538481752229893,0.9642695898871344,training,speciation,Matin2012_state_005::MEAH+,MEAH+,293.15,0.3,Matin,0.195,0.021,dimensionless,0.0243573926896269,speciation_fit_full_r4_r5
full_r4_r5,0.0538481752229893,0.9642695898871344,training,speciation,Matin2012_state_006::MEAH+,MEAH+,293.15,0.3,Matin,0.218,0.0234,dimensionless,0.0271585001796655,speciation_fit_full_r4_r5
full_r4_r5,0.0538481752229893,0.9642695898871344,training,speciation,Matin2012_state_007::MEAH+,MEAH+,293.15,0.3,Matin,0.241,0.0257,dimensionless,0.0299612993166184,speciation_fit_full_r4_r5
full_r4_r5,0.0538481752229893,0.9642695898871344,training,speciation,Matin2012_state_008::MEAH+,MEAH+,293.15,0.3,Matin,0.264,0.0281,dimensionless,0.0327672104591847,speciation_fit_full_r4_r5
full_r4_r5,0.0538481752229893,0.9642695898871344,training,speciation,Matin2012_state_009::MEAH+,MEAH+,293.15,0.3,Matin,0.287,0.0304,dimensionless,0.0355771554685825,speciation_fit_full_r4_r5
full_r4_r5,0.0538481752229893,0.9642695898871344,training,speciation,Matin2012_state_010::MEAH+,MEAH+,293.15,0.3,Matin,0.31,0.0327,dimensionless,0.0383914019471548,speciation_fit_full_r4_r5
full_r4_r5,0.0538481752229893,0.9642695898871344,training,speciation,Matin2012_state_011::MEAH+,MEAH+,293.15,0.3,Matin,0.334,0.0349,dimensionless,0.0413318506696948,speciation_fit_full_r4_r5
full_r4_r5,0.0538481752229893,0.9642695898871344,training,speciation,Matin2012_state_012::MEAH+,MEAH+,293.15,0.3,Matin,0.358,0.0372,dimensionless,0.0442738095832092,speciation_fit_full_r4_r5
full_r4_r5,0.0538481752229893,0.9642695898871344,training,speciation,Matin2012_state_013::MEAH+,MEAH+,293.15,0.3,Matin,0.382,0.0394,dimensionless,0.0472122052338276,speciation_fit_full_r4_r5
full_r4_r5,0.0538481752229893,0.9642695898871344,training,speciation,Matin2012_state_014::MEAH+,MEAH+,293.15,0.3,Matin,0.406,0.0415,dimensionless,0.0501379134124228,speciation_fit_full_r4_r5
full_r4_r5,0.0538481752229893,0.9642695898871344,training,speciation,Matin2012_state_015::MEAH+,MEAH+,293.15,0.3,Matin,0.431,0.0436,dimensionless,0.0531559755371946,speciation_fit_full_r4_r5
full_r4_r5,0.0538481752229893,0.9642695898871344,training,speciation,Matin2012_state_016::MEAH+,MEAH+,293.15,0.3,Matin,0.455,0.0457,dimensionless,0.0560028851755713,speciation_fit_full_r4_r5
full_r4_r5,0.0538481752229893,0.9642695898871344,training,speciation,Matin2012_state_017::MEAH+,MEAH+,293.15,0.3,Matin,0.48,0.0477,dimensionless,0.0588893760292327,speciation_fit_full_r4_r5
full_r4_r5,0.0538481752229893,0.9642695898871344,training,speciation,Matin2012_state_018::MEAH+,MEAH+,293.15,0.3,Matin,0.505,0.0496,dimensionless,0.0616762650523386,speciation_fit_full_r4_r5
full_r4_r5,0.0538481752229893,0.9642695898871344,training,speciation,Matin2012_state_019::MEAH+,MEAH+,293.15,0.3,Matin,0.531,0.0515,dimensionless,0.0644699361912984,speciation_fit_full_r4_r5
full_r4_r5,0.0538481752229893,0.9642695898871344,reserved,speciation,Jakobsen2005_state_009::MEA + MEAH+,MEA + MEAH+,293.15,0.3,Jakobsen,0.11,0.1101,dimensionless,0.1016474054406129,speciation_fit_full_r4_r5
full_r4_r5,0.0538481752229893,0.9642695898871344,reserved,speciation,Jakobsen2005_state_010::MEA + MEAH+,MEA + MEAH+,293.15,0.3,Jakobsen,0.21,0.091,dimensionless,0.0917066671690218,speciation_fit_full_r4_r5
full_r4_r5,0.0538481752229893,0.9642695898871344,reserved,speciation,Jakobsen2005_state_012::MEA + MEAH+,MEA + MEAH+,293.15,0.3,Jakobsen,0.25,0.0836,dimensionless,0.087816947994418,speciation_fit_full_r4_r5
full_r4_r5,0.0538481752229893,0.9642695898871344,reserved,speciation,Jakobsen2005_state_011::MEA + MEAH+,MEA + MEAH+,293.15,0.3,Jakobsen,0.29,0.0792,dimensionless,0.0840350883373909,speciation_fit_full_r4_r5
full_r4_r5,0.0538481752229893,0.9642695898871344,reserved,speciation,Jakobsen2005_state_013::MEA + MEAH+,MEA + MEAH+,293.15,0.3,Jakobsen,0.4,0.0778,dimensionless,0.0748798283171283,speciation_fit_full_r4_r5
full_r4_r5,0.0538481752229893,0.9642695898871344,reserved,speciation,Jakobsen2005_state_014::MEA + MEAH+,MEA + MEAH+,293.15,0.3,Jakobsen,0.6,0.0641,dimensionless,0.075883195170111,speciation_fit_full_r4_r5
full_r4_r5,0.0538481752229893,0.9642695898871344,reserved,speciation,Jakobsen2005_state_015::MEA + MEAH+,MEA + MEAH+,293.15,0.3,Jakobsen,0.78,0.0752,dimensionless,0.0908773606936036,speciation_fit_full_r4_r5
full_r4_r5,0.0538481752229893,0.9642695898871344,reserved,speciation,Jakobsen2005_state_016::MEA + MEAH+,MEA + MEAH+,293.15,0.3,Jakobsen,0.99,0.0832,dimensionless,0.1078057240222815,speciation_fit_full_r4_r5
full_r4_r5,0.0538481752229893,0.9642695898871344,reserved,speciation,Jakobsen2005_state_017::MEA + MEAH+,MEA + MEAH+,313.15,0.3,Jakobsen,0.11,0.105,dimensionless,0.1006267306270303,speciation_fit_full_r4_r5
full_r4_r5,0.0538481752229893,0.9642695898871344,reserved,speciation,Jakobsen2005_state_018::MEA + MEAH+,MEA + MEAH+,313.15,0.3,Jakobsen,0.21,0.0875,dimensionless,0.0901254588632908,speciation_fit_full_r4_r5
full_r4_r5,0.0538481752229893,0.9642695898871344,reserved,speciation,Jakobsen2005_state_020::MEA + MEAH+,MEA + MEAH+,313.15,0.3,Jakobsen,0.25,0.0777,dimensionless,0.086050388203479,speciation_fit_full_r4_r5
full_r4_r5,0.0538481752229893,0.9642695898871344,reserved,speciation,Jakobsen2005_state_019::MEA + MEAH+,MEA + MEAH+,313.15,0.3,Jakobsen,0.29,0.0788,dimensionless,0.0821115912177425,speciation_fit_full_r4_r5
full_r4_r5,0.0538481752229893,0.9642695898871344,reserved,speciation,Jakobsen2005_state_021::MEA + MEAH+,MEA + MEAH+,313.15,0.3,Jakobsen,0.4,0.0849,dimensionless,0.0728389625557441,speciation_fit_full_r4_r5
full_r4_r5,0.0538481752229893,0.9642695898871344,reserved,speciation,Jakobsen2005_state_022::MEA + MEAH+,MEA + MEAH+,313.15,0.3,Jakobsen,0.6,0.0638,dimensionless,0.0741324589937841,speciation_fit_full_r4_r5
full_r4_r5,0.0538481752229893,0.9642695898871344,reserved,speciation,Jakobsen2005_state_023::MEA + MEAH+,MEA + MEAH+,313.15,0.3,Jakobsen,0.78,0.0755,dimensionless,0.0887579735289204,speciation_fit_full_r4_r5
full_r4_r5,0.0538481752229893,0.9642695898871344,reserved,speciation,Jakobsen2005_state_024::MEA + MEAH+,MEA + MEAH+,313.15,0.3,Jakobsen,0.99,0.0857,dimensionless,0.1034631379807696,speciation_fit_full_r4_r5
full_r4_r5,0.0538481752229893,0.9642695898871344,training,speciation,Bottinger2008_state_030::MEA + MEAH+,MEA + MEAH+,293.15,0.3,Bottinger,0.075,0.1054,dimensionless,0.105130948320504,speciation_fit_full_r4_r5
full_r4_r5,0.0538481752229893,0.9642695898871344,training,speciation,Bottinger2008_state_031::MEA + MEAH+,MEA + MEAH+,293.15,0.3,Bottinger,0.15,0.0966,dimensionless,0.0976539176358535,speciation_fit_full_r4_r5
full_r4_r5,0.0538481752229893,0.9642695898871344,training,speciation,Bottinger2008_state_032::MEA + MEAH+,MEA + MEAH+,293.15,0.3,Bottinger,0.235,0.0871,dimensionless,0.0892655318241121,speciation_fit_full_r4_r5
full_r4_r5,0.0538481752229893,0.9642695898871344,training,speciation,Bottinger2008_state_033::MEA + MEAH+,MEA + MEAH+,293.15,0.3,Bottinger,0.309,0.078,dimensionless,0.0822934870758996,speciation_fit_full_r4_r5
full_r4_r5,0.0538481752229893,0.9642695898871344,training,speciation,Bottinger2008_state_034::MEA + MEAH+,MEA + MEAH+,293.15,0.3,Bottinger,0.388,0.0678,dimensionless,0.0757255603376461,speciation_fit_full_r4_r5
full_r4_r5,0.0538481752229893,0.9642695898871344,training,speciation,Bottinger2008_state_035::MEA + MEAH+,MEA + MEAH+,293.15,0.3,Bottinger,0.474,0.062,dimensionless,0.0714955216860385,speciation_fit_full_r4_r5
full_r4_r5,0.0538481752229893,0.9642695898871344,training,speciation,Bottinger2008_state_042::MEA + MEAH+,MEA + MEAH+,313.15,0.3,Bottinger,0.125,0.1009,dimensionless,0.0990349464705922,speciation_fit_full_r4_r5
full_r4_r5,0.0538481752229893,0.9642695898871344,training,speciation,Bottinger2008_state_043::MEA + MEAH+,MEA + MEAH+,313.15,0.3,Bottinger,0.205,0.0934,dimensionless,0.0906417673982606,speciation_fit_full_r4_r5
full_r4_r5,0.0538481752229893,0.9642695898871344,training,speciation,Bottinger2008_state_044::MEA + MEAH+,MEA + MEAH+,313.15,0.3,Bottinger,0.236,0.0876,dimensionless,0.0874641332864969,speciation_fit_full_r4_r5
full_r4_r5,0.0538481752229893,0.9642695898871344,training,speciation,Bottinger2008_state_045::MEA + MEAH+,MEA + MEAH+,313.15,0.3,Bottinger,0.28,0.084,dimensionless,0.0830798848857594,speciation_fit_full_r4_r5
full_r4_r5,0.0538481752229893,0.9642695898871344,training,speciation,Bottinger2008_state_046::MEA + MEAH+,MEA + MEAH+,313.15,0.3,Bottinger,0.343,0.0758,dimensionless,0.0772443569146142,speciation_fit_full_r4_r5
full_r4_r5,0.0538481752229893,0.9642695898871344,training,speciation,Bottinger2008_state_047::MEA + MEAH+,MEA + MEAH+,313.15,0.3,Bottinger,0.354,0.0749,dimensionless,0.076309367134304,speciation_fit_full_r4_r5
full_r4_r5,0.0538481752229893,0.9642695898871344,training,speciation,Bottinger2008_state_048::MEA + MEAH+,MEA + MEAH+,313.15,0.3,Bottinger,0.46,0.065,dimensionless,0.0700158402414597,speciation_fit_full_r4_r5
full_r4_r5,0.0538481752229893,0.9642695898871344,training,speciation,Bottinger2008_state_049::MEA + MEAH+,MEA + MEAH+,313.15,0.3,Bottinger,0.466,0.0663,dimensionless,0.0698820414038139,speciation_fit_full_r4_r5
full_r4_r5,0.0538481752229893,0.9642695898871344,training,speciation,Bottinger2008_state_050::MEA + MEAH+,MEA + MEAH+,313.15,0.3,Bottinger,0.487,0.0646,dimensionless,0.0696606201537254,speciation_fit_full_r4_r5
full_r4_r5,0.0538481752229893,0.9642695898871344,training,speciation,Bottinger2008_state_055::MEA + MEAH+,MEA + MEAH+,333.15,0.3,Bottinger,0.131,0.0974,dimensionless,0.098098377272923,speciation_fit_full_r4_r5
full_r4_r5,0.0538481752229893,0.9642695898871344,training,speciation,Bottinger2008_state_056::MEA + MEAH+,MEA + MEAH+,333.15,0.3,Bottinger,0.203,0.0905,dimensionless,0.0905176464853256,speciation_fit_full_r4_r5
full_r4_r5,0.0538481752229893,0.9642695898871344,training,speciation,Bottinger2008_state_057::MEA + MEAH+,MEA + MEAH+,333.15,0.3,Bottinger,0.277,0.0791,dimensionless,0.0830964202258719,speciation_fit_full_r4_r5
full_r4_r5,0.0538481752229893,0.9642695898871344,training,speciation,Bottinger2008_state_058::MEA + MEAH+,MEA + MEAH+,333.15,0.3,Bottinger,0.415,0.0687,dimensionless,0.0721643281870128,speciation_fit_full_r4_r5
full_r4_r5,0.0538481752229893,0.9642695898871344,training,speciation,Bottinger2008_state_059::MEA + MEAH+,MEA + MEAH+,333.15,0.3,Bottinger,0.489,0.068,dimensionless,0.0702329612513113,speciation_fit_full_r4_r5
full_r4_r5,0.0538481752229893,0.9642695898871344,training,speciation,Bottinger2008_state_063::MEA + MEAH+,MEA + MEAH+,353.15,0.3,Bottinger,0.064,0.1084,dimensionless,0.105267304525666,speciation_fit_full_r4_r5
full_r4_r5,0.0538481752229893,0.9642695898871344,training,speciation,Bottinger2008_state_064::MEA + MEAH+,MEA + MEAH+,353.15,0.3,Bottinger,0.141,0.1005,dimensionless,0.0970214102123742,speciation_fit_full_r4_r5
full_r4_r5,0.0538481752229893,0.9642695898871344,training,speciation,Bottinger2008_state_065::MEA + MEAH+,MEA + MEAH+,353.15,0.3,Bottinger,0.245,0.0906,dimensionless,0.0863794953310193,speciation_fit_full_r4_r5
full_r4_r5,0.0538481752229893,0.9642695898871344,training,speciation,Bottinger2008_state_066::MEA + MEAH+,MEA + MEAH+,353.15,0.3,Bottinger,0.336,0.0858,dimensionless,0.0781751473174328,speciation_fit_full_r4_r5
full_r4_r5,0.0538481752229893,0.9642695898871344,training,speciation,Bottinger2008_state_067::MEA + MEAH+,MEA + MEAH+,353.15,0.3,Bottinger,0.398,0.0872,dimensionless,0.0739224039299114,speciation_fit_full_r4_r5
full_r4_r5,0.0538481752229893,0.9642695898871344,reserved,speciation,Jakobsen2005_state_009::MEACOO-,MEACOO-,293.15,0.3,Jakobsen,0.11,0.0106,dimensionless,0.0105726620025225,speciation_fit_full_r4_r5
full_r4_r5,0.0538481752229893,0.9642695898871344,reserved,speciation,Jakobsen2005_state_010::MEACOO-,MEACOO-,293.15,0.3,Jakobsen,0.21,0.0206,dimensionless,0.0205133981743251,speciation_fit_full_r4_r5
full_r4_r5,0.0538481752229893,0.9642695898871344,reserved,speciation,Jakobsen2005_state_012::MEACOO-,MEACOO-,293.15,0.3,Jakobsen,0.25,0.0274,dimensionless,0.0244031148610797,speciation_fit_full_r4_r5
full_r4_r5,0.0538481752229893,0.9642695898871344,reserved,speciation,Jakobsen2005_state_011::MEACOO-,MEACOO-,293.15,0.3,Jakobsen,0.29,0.0307,dimensionless,0.0281849695349821,speciation_fit_full_r4_r5
full_r4_r5,0.0538481752229893,0.9642695898871344,reserved,speciation,Jakobsen2005_state_013::MEACOO-,MEACOO-,293.15,0.3,Jakobsen,0.4,0.0427,dimensionless,0.0373401588571638,speciation_fit_full_r4_r5
full_r4_r5,0.0538481752229893,0.9642695898871344,reserved,speciation,Jakobsen2005_state_014::MEACOO-,MEACOO-,293.15,0.3,Jakobsen,0.6,0.0519,dimensionless,0.036331097122368,speciation_fit_full_r4_r5
full_r4_r5,0.0538481752229893,0.9642695898871344,reserved,speciation,Jakobsen2005_state_015::MEACOO-,MEACOO-,293.15,0.3,Jakobsen,0.78,0.0385,dimensionless,0.021299689401119,speciation_fit_full_r4_r5
full_r4_r5,0.0538481752229893,0.9642695898871344,reserved,speciation,Jakobsen2005_state_016::MEACOO-,MEACOO-,293.15,0.3,Jakobsen,0.99,0.0276,dimensionless,0.0040174741349108,speciation_fit_full_r4_r5
full_r4_r5,0.0538481752229893,0.9642695898871344,reserved,speciation,Jakobsen2005_state_017::MEACOO-,MEACOO-,313.15,0.3,Jakobsen,0.11,0.0103,dimensionless,0.0115933345987616,speciation_fit_full_r4_r5
full_r4_r5,0.0538481752229893,0.9642695898871344,reserved,speciation,Jakobsen2005_state_018::MEACOO-,MEACOO-,313.15,0.3,Jakobsen,0.21,0.018,dimensionless,0.0220945899213324,speciation_fit_full_r4_r5
full_r4_r5,0.0538481752229893,0.9642695898871344,reserved,speciation,Jakobsen2005_state_020::MEACOO-,MEACOO-,313.15,0.3,Jakobsen,0.25,0.0261,dimensionless,0.0261696411993253,speciation_fit_full_r4_r5
full_r4_r5,0.0538481752229893,0.9642695898871344,reserved,speciation,Jakobsen2005_state_019::MEACOO-,MEACOO-,313.15,0.3,Jakobsen,0.29,0.0284,dimensionless,0.0301083996626755,speciation_fit_full_r4_r5
full_r4_r5,0.0538481752229893,0.9642695898871344,reserved,speciation,Jakobsen2005_state_021::MEACOO-,MEACOO-,313.15,0.3,Jakobsen,0.4,0.0495,dimensionless,0.0393805192682733,speciation_fit_full_r4_r5
full_r4_r5,0.0538481752229893,0.9642695898871344,reserved,speciation,Jakobsen2005_state_022::MEACOO-,MEACOO-,313.15,0.3,Jakobsen,0.6,0.0494,dimensionless,0.0380621043754189,speciation_fit_full_r4_r5
full_r4_r5,0.0538481752229893,0.9642695898871344,reserved,speciation,Jakobsen2005_state_023::MEACOO-,MEACOO-,313.15,0.3,Jakobsen,0.78,0.0388,dimensionless,0.0232931288766464,speciation_fit_full_r4_r5
full_r4_r5,0.0538481752229893,0.9642695898871344,reserved,speciation,Jakobsen2005_state_024::MEACOO-,MEACOO-,313.15,0.3,Jakobsen,0.99,0.0312,dimensionless,0.007898002293339,speciation_fit_full_r4_r5
full_r4_r5,0.0538481752229893,0.9642695898871344,training,speciation,Bottinger2008_state_030::MEACOO-,MEACOO-,293.15,0.3,Bottinger,0.075,0.0086,dimensionless,0.0070891193198731,speciation_fit_full_r4_r5
full_r4_r5,0.0538481752229893,0.9642695898871344,training,speciation,Bottinger2008_state_031::MEACOO-,MEACOO-,293.15,0.3,Bottinger,0.15,0.0171,dimensionless,0.0145661493525114,speciation_fit_full_r4_r5
full_r4_r5,0.0538481752229893,0.9642695898871344,training,speciation,Bottinger2008_state_032::MEACOO-,MEACOO-,293.15,0.3,Bottinger,0.235,0.0267,dimensionless,0.0229545321664372,speciation_fit_full_r4_r5
full_r4_r5,0.0538481752229893,0.9642695898871344,training,speciation,Bottinger2008_state_033::MEACOO-,MEACOO-,293.15,0.3,Bottinger,0.309,0.0349,dimensionless,0.0299265668210913,speciation_fit_full_r4_r5
full_r4_r5,0.0538481752229893,0.9642695898871344,training,speciation,Bottinger2008_state_034::MEACOO-,MEACOO-,293.15,0.3,Bottinger,0.388,0.043,dimensionless,0.036494444764532,speciation_fit_full_r4_r5
full_r4_r5,0.0538481752229893,0.9642695898871344,training,speciation,Bottinger2008_state_035::MEACOO-,MEACOO-,293.15,0.3,Bottinger,0.474,0.0493,dimensionless,0.0407241023694498,speciation_fit_full_r4_r5
full_r4_r5,0.0538481752229893,0.9642695898871344,training,speciation,Matin2012_state_001::MEACOO-,MEACOO-,293.15,0.3,Matin,0.106,0.0097,dimensionless,0.0101735190241266,speciation_fit_full_r4_r5
full_r4_r5,0.0538481752229893,0.9642695898871344,training,speciation,Matin2012_state_002::MEACOO-,MEACOO-,293.15,0.3,Matin,0.128,0.0124,dimensionless,0.0123700056835939,speciation_fit_full_r4_r5
full_r4_r5,0.0538481752229893,0.9642695898871344,training,speciation,Matin2012_state_003::MEACOO-,MEACOO-,293.15,0.3,Matin,0.15,0.0151,dimensionless,0.0145661493525114,speciation_fit_full_r4_r5
full_r4_r5,0.0538481752229893,0.9642695898871344,training,speciation,Matin2012_state_004::MEACOO-,MEACOO-,293.15,0.3,Matin,0.173,0.0177,dimensionless,0.0168562309439615,speciation_fit_full_r4_r5
full_r4_r5,0.0538481752229893,0.9642695898871344,training,speciation,Matin2012_state_005::MEACOO-,MEACOO-,293.15,0.3,Matin,0.195,0.0203,dimensionless,0.0190359585883301,speciation_fit_full_r4_r5
full_r4_r5,0.0538481752229893,0.9642695898871344,training,speciation,Matin2012_state_006::MEACOO-,MEACOO-,293.15,0.3,Matin,0.218,0.0228,dimensionless,0.0212977507733908,speciation_fit_full_r4_r5
full_r4_r5,0.0538481752229893,0.9642695898871344,training,speciation,Matin2012_state_007::MEACOO-,MEACOO-,293.15,0.3,Matin,0.241,0.0252,dimensionless,0.0235355992341761,speciation_fit_full_r4_r5
full_r4_r5,0.0538481752229893,0.9642695898871344,training,speciation,Matin2012_state_008::MEACOO-,MEACOO-,293.15,0.3,Matin,0.264,0.0276,dimensionless,0.0257416732739105,speciation_fit_full_r4_r5
full_r4_r5,0.0538481752229893,0.9642695898871344,training,speciation,Matin2012_state_009::MEACOO-,MEACOO-,293.15,0.3,Matin,0.287,0.0299,dimensionless,0.0279062954802204,speciation_fit_full_r4_r5
full_r4_r5,0.0538481752229893,0.9642695898871344,training,speciation,Matin2012_state_010::MEACOO-,MEACOO-,293.15,0.3,Matin,0.31,0.0321,dimensionless,0.0300170091052065,speciation_fit_full_r4_r5
full_r4_r5,0.0538481752229893,0.9642695898871344,training,speciation,Matin2012_state_011::MEACOO-,MEACOO-,293.15,0.3,Matin,0.334,0.0342,dimensionless,0.0321439774526234,speciation_fit_full_r4_r5
full_r4_r5,0.0538481752229893,0.9642695898871344,training,speciation,Matin2012_state_012::MEACOO-,MEACOO-,293.15,0.3,Matin,0.358,0.0362,dimensionless,0.0341679156915041,speciation_fit_full_r4_r5
full_r4_r5,0.0538481752229893,0.9642695898871344,training,speciation,Matin2012_state_013::MEACOO-,MEACOO-,293.15,0.3,Matin,0.382,0.0381,dimensionless,0.0360513954209205,speciation_fit_full_r4_r5
full_r4_r5,0.0538481752229893,0.9642695898871344,training,speciation,Matin2012_state_014::MEACOO-,MEACOO-,293.15,0.3,Matin,0.406,0.04,dimensionless,0.0377404541802154,speciation_fit_full_r4_r5
full_r4_r5,0.0538481752229893,0.9642695898871344,training,speciation,Matin2012_state_015::MEACOO-,MEACOO-,293.15,0.3,Matin,0.431,0.0417,dimensionless,0.0392108410136676,speciation_fit_full_r4_r5
full_r4_r5,0.0538481752229893,0.9642695898871344,training,speciation,Matin2012_state_016::MEACOO-,MEACOO-,293.15,0.3,Matin,0.455,0.0433,dimensionless,0.0402423649943328,speciation_fit_full_r4_r5
full_r4_r5,0.0538481752229893,0.9642695898871344,training,speciation,Matin2012_state_017::MEACOO-,MEACOO-,293.15,0.3,Matin,0.48,0.0448,dimensionless,0.040807068282636,speciation_fit_full_r4_r5
full_r4_r5,0.0538481752229893,0.9642695898871344,training,speciation,Matin2012_state_018::MEACOO-,MEACOO-,293.15,0.3,Matin,0.505,0.0462,dimensionless,0.0407791742899873,speciation_fit_full_r4_r5
full_r4_r5,0.0538481752229893,0.9642695898871344,training,speciation,Matin2012_state_019::MEACOO-,MEACOO-,293.15,0.3,Matin,0.531,0.0475,dimensionless,0.0401417286888862,speciation_fit_full_r4_r5
full_r4_r5,0.0538481752229893,0.9642695898871344,training,speciation,Bottinger2008_state_042::MEACOO-,MEACOO-,313.15,0.3,Bottinger,0.125,0.0144,dimensionless,0.0131851177012946,speciation_fit_full_r4_r5
full_r4_r5,0.0538481752229893,0.9642695898871344,training,speciation,Bottinger2008_state_043::MEACOO-,MEACOO-,313.15,0.3,Bottinger,0.205,0.0241,dimensionless,0.0215782830163511,speciation_fit_full_r4_r5
full_r4_r5,0.0538481752229893,0.9642695898871344,training,speciation,Bottinger2008_state_044::MEACOO-,MEACOO-,313.15,0.3,Bottinger,0.236,0.0271,dimensionless,0.0247559044256651,speciation_fit_full_r4_r5
full_r4_r5,0.0538481752229893,0.9642695898871344,training,speciation,Bottinger2008_state_045::MEACOO-,MEACOO-,313.15,0.3,Bottinger,0.28,0.0327,dimensionless,0.0291401182887869,speciation_fit_full_r4_r5
full_r4_r5,0.0538481752229893,0.9642695898871344,training,speciation,Bottinger2008_state_046::MEACOO-,MEACOO-,313.15,0.3,Bottinger,0.343,0.0396,dimensionless,0.0349755132023483,speciation_fit_full_r4_r5
full_r4_r5,0.0538481752229893,0.9642695898871344,training,speciation,Bottinger2008_state_047::MEACOO-,MEACOO-,313.15,0.3,Bottinger,0.354,0.041,dimensionless,0.0359104585519525,speciation_fit_full_r4_r5
full_r4_r5,0.0538481752229893,0.9642695898871344,training,speciation,Bottinger2008_state_048::MEACOO-,MEACOO-,313.15,0.3,Bottinger,0.46,0.0492,dimensionless,0.0422022110239152,speciation_fit_full_r4_r5
full_r4_r5,0.0538481752229893,0.9642695898871344,training,speciation,Bottinger2008_state_049::MEACOO-,MEACOO-,313.15,0.3,Bottinger,0.466,0.0502,dimensionless,0.0423357395459727,speciation_fit_full_r4_r5
full_r4_r5,0.0538481752229893,0.9642695898871344,training,speciation,Bottinger2008_state_050::MEACOO-,MEACOO-,313.15,0.3,Bottinger,0.487,0.0511,dimensionless,0.0425559097361625,speciation_fit_full_r4_r5
full_r4_r5,0.0538481752229893,0.9642695898871344,training,speciation,Bottinger2008_state_055::MEACOO-,MEACOO-,333.15,0.3,Bottinger,0.131,0.0147,dimensionless,0.0141216630176811,speciation_fit_full_r4_r5
full_r4_r5,0.0538481752229893,0.9642695898871344,training,speciation,Bottinger2008_state_056::MEACOO-,MEACOO-,333.15,0.3,Bottinger,0.203,0.0231,dimensionless,0.0217023098970371,speciation_fit_full_r4_r5
full_r4_r5,0.0538481752229893,0.9642695898871344,training,speciation,Bottinger2008_state_057::MEACOO-,MEACOO-,333.15,0.3,Bottinger,0.277,0.0302,dimensionless,0.029123244583807,speciation_fit_full_r4_r5
full_r4_r5,0.0538481752229893,0.9642695898871344,training,speciation,Bottinger2008_state_058::MEACOO-,MEACOO-,333.15,0.3,Bottinger,0.415,0.0417,dimensionless,0.0400510108697963,speciation_fit_full_r4_r5
full_r4_r5,0.0538481752229893,0.9642695898871344,training,speciation,Bottinger2008_state_059::MEACOO-,MEACOO-,333.15,0.3,Bottinger,0.489,0.0424,dimensionless,0.0419681242685821,speciation_fit_full_r4_r5
full_r4_r5,0.0538481752229893,0.9642695898871344,training,speciation,Bottinger2008_state_063::MEACOO-,MEACOO-,353.15,0.3,Bottinger,0.064,0.0068,dimensionless,0.0069527356803075,speciation_fit_full_r4_r5
full_r4_r5,0.0538481752229893,0.9642695898871344,training,speciation,Bottinger2008_state_064::MEACOO-,MEACOO-,353.15,0.3,Bottinger,0.141,0.014,dimensionless,0.0151984556373594,speciation_fit_full_r4_r5
full_r4_r5,0.0538481752229893,0.9642695898871344,training,speciation,Bottinger2008_state_065::MEACOO-,MEACOO-,353.15,0.3,Bottinger,0.245,0.0224,dimensionless,0.0258392068047112,speciation_fit_full_r4_r5
full_r4_r5,0.0538481752229893,0.9642695898871344,training,speciation,Bottinger2008_state_066::MEACOO-,MEACOO-,353.15,0.3,Bottinger,0.336,0.0337,dimensionless,0.0340385696571509,speciation_fit_full_r4_r5
full_r4_r5,0.0538481752229893,0.9642695898871344,training,speciation,Bottinger2008_state_067::MEACOO-,MEACOO-,353.15,0.3,Bottinger,0.398,0.0336,dimensionless,0.0382792190757839,speciation_fit_full_r4_r5
full_r4_r5,0.0538481752229893,0.9642695898871344,reserved,speciation,Jakobsen2005_state_010::HCO3-,HCO3-,293.15,0.3,Jakobsen,0.21,0.0001,dimensionless,0.0004381381420144,speciation_fit_full_r4_r5
full_r4_r5,0.0538481752229893,0.9642695898871344,reserved,speciation,Jakobsen2005_state_012::HCO3-,HCO3-,293.15,0.3,Jakobsen,0.25,0.0002,dimensionless,0.0006502567057816,speciation_fit_full_r4_r5
full_r4_r5,0.0538481752229893,0.9642695898871344,reserved,speciation,Jakobsen2005_state_011::HCO3-,HCO3-,293.15,0.3,Jakobsen,0.29,0.0002,dimensionless,0.0009600703220992,speciation_fit_full_r4_r5
full_r4_r5,0.0538481752229893,0.9642695898871344,reserved,speciation,Jakobsen2005_state_013::HCO3-,HCO3-,293.15,0.3,Jakobsen,0.4,0.0006,dimensionless,0.0030265491346871,speciation_fit_full_r4_r5
full_r4_r5,0.0538481752229893,0.9642695898871344,reserved,speciation,Jakobsen2005_state_014::HCO3-,HCO3-,293.15,0.3,Jakobsen,0.6,0.0139,dimensionless,0.0266814177242887,speciation_fit_full_r4_r5
full_r4_r5,0.0538481752229893,0.9642695898871344,reserved,speciation,Jakobsen2005_state_015::HCO3-,HCO3-,293.15,0.3,Jakobsen,0.78,0.0442,dimensionless,0.0635725749947233,speciation_fit_full_r4_r5
full_r4_r5,0.0538481752229893,0.9642695898871344,reserved,speciation,Jakobsen2005_state_016::HCO3-,HCO3-,293.15,0.3,Jakobsen,0.99,0.0671,dimensionless,0.1027665669355029,speciation_fit_full_r4_r5
full_r4_r5,0.0538481752229893,0.9642695898871344,reserved,speciation,Jakobsen2005_state_017::HCO3-,HCO3-,313.15,0.3,Jakobsen,0.11,0.0001,dimensionless,0.0002159606777834,speciation_fit_full_r4_r5
full_r4_r5,0.0538481752229893,0.9642695898871344,reserved,speciation,Jakobsen2005_state_018::HCO3-,HCO3-,313.15,0.3,Jakobsen,0.21,0.002,dimensionless,0.0006572498626847,speciation_fit_full_r4_r5
full_r4_r5,0.0538481752229893,0.9642695898871344,reserved,speciation,Jakobsen2005_state_020::HCO3-,HCO3-,313.15,0.3,Jakobsen,0.25,0.0004,dimensionless,0.0009670940975492,speciation_fit_full_r4_r5
full_r4_r5,0.0538481752229893,0.9642695898871344,reserved,speciation,Jakobsen2005_state_019::HCO3-,HCO3-,313.15,0.3,Jakobsen,0.29,0.0003,dimensionless,0.0014141613866506,speciation_fit_full_r4_r5
full_r4_r5,0.0538481752229893,0.9642695898871344,reserved,speciation,Jakobsen2005_state_021::HCO3-,HCO3-,313.15,0.3,Jakobsen,0.4,0.0012,dimensionless,0.004219678273905,speciation_fit_full_r4_r5
full_r4_r5,0.0538481752229893,0.9642695898871344,reserved,speciation,Jakobsen2005_state_022::HCO3-,HCO3-,313.15,0.3,Jakobsen,0.6,0.0151,dimensionless,0.0278743563790178,speciation_fit_full_r4_r5
full_r4_r5,0.0538481752229893,0.9642695898871344,reserved,speciation,Jakobsen2005_state_023::HCO3-,HCO3-,313.15,0.3,Jakobsen,0.78,0.0448,dimensionless,0.0619726809902535,speciation_fit_full_r4_r5
full_r4_r5,0.0538481752229893,0.9642695898871344,reserved,speciation,Jakobsen2005_state_024::HCO3-,HCO3-,313.15,0.3,Jakobsen,0.99,0.0696,dimensionless,0.0945096246353343,speciation_fit_full_r4_r5
full_r4_r5,0.0538481752229893,0.9642695898871344,training,speciation,Matin2012_state_001::HCO3-,HCO3-,293.15,0.3,Matin,0.106,0.0024,dimensionless,0.0001327279298445,speciation_fit_full_r4_r5
full_r4_r5,0.0538481752229893,0.9642695898871344,training,speciation,Matin2012_state_002::HCO3-,HCO3-,293.15,0.3,Matin,0.128,0.0022,dimensionless,0.0001776816551895,speciation_fit_full_r4_r5
full_r4_r5,0.0538481752229893,0.9642695898871344,training,speciation,Matin2012_state_003::HCO3-,HCO3-,293.15,0.3,Matin,0.15,0.002,dimensionless,0.0002312642904956,speciation_fit_full_r4_r5
full_r4_r5,0.0538481752229893,0.9642695898871344,training,speciation,Matin2012_state_004::HCO3-,HCO3-,293.15,0.3,Matin,0.173,0.002,dimensionless,0.0002985451713185,speciation_fit_full_r4_r5
full_r4_r5,0.0538481752229893,0.9642695898871344,training,speciation,Matin2012_state_005::HCO3-,HCO3-,293.15,0.3,Matin,0.195,0.002,dimensionless,0.0003761747570679,speciation_fit_full_r4_r5
full_r4_r5,0.0538481752229893,0.9642695898871344,training,speciation,Matin2012_state_006::HCO3-,HCO3-,293.15,0.3,Matin,0.218,0.0021,dimensionless,0.0004746653822427,speciation_fit_full_r4_r5
full_r4_r5,0.0538481752229893,0.9642695898871344,training,speciation,Matin2012_state_007::HCO3-,HCO3-,293.15,0.3,Matin,0.241,0.0023,dimensionless,0.0005955466495703,speciation_fit_full_r4_r5
full_r4_r5,0.0538481752229893,0.9642695898871344,training,speciation,Matin2012_state_008::HCO3-,HCO3-,293.15,0.3,Matin,0.264,0.0026,dimensionless,0.0007451878094596,speciation_fit_full_r4_r5
full_r4_r5,0.0538481752229893,0.9642695898871344,training,speciation,Matin2012_state_009::HCO3-,HCO3-,293.15,0.3,Matin,0.287,0.003,dimensionless,0.0009323120860789,speciation_fit_full_r4_r5
full_r4_r5,0.0538481752229893,0.9642695898871344,training,speciation,Matin2012_state_010::HCO3-,HCO3-,293.15,0.3,Matin,0.31,0.0034,dimensionless,0.0011690793722965,speciation_fit_full_r4_r5
full_r4_r5,0.0538481752229893,0.9642695898871344,training,speciation,Matin2012_state_011::HCO3-,HCO3-,293.15,0.3,Matin,0.334,0.004,dimensionless,0.0014878164442571,speciation_fit_full_r4_r5
full_r4_r5,0.0538481752229893,0.9642695898871344,training,speciation,Matin2012_state_012::HCO3-,HCO3-,293.15,0.3,Matin,0.358,0.0046,dimensionless,0.0019080298123084,speciation_fit_full_r4_r5
full_r4_r5,0.0538481752229893,0.9642695898871344,training,speciation,Matin2012_state_013::HCO3-,HCO3-,293.15,0.3,Matin,0.382,0.0053,dimensionless,0.0024721452768512,speciation_fit_full_r4_r5
full_r4_r5,0.0538481752229893,0.9642695898871344,training,speciation,Matin2012_state_014::HCO3-,HCO3-,293.15,0.3,Matin,0.406,0.0061,dimensionless,0.0032431149057001,speciation_fit_full_r4_r5
full_r4_r5,0.0538481752229893,0.9642695898871344,training,speciation,Matin2012_state_015::HCO3-,HCO3-,293.15,0.3,Matin,0.431,0.007,dimensionless,0.0043642640985316,speciation_fit_full_r4_r5
full_r4_r5,0.0538481752229893,0.9642695898871344,training,speciation,Matin2012_state_016::HCO3-,HCO3-,293.15,0.3,Matin,0.455,0.008,dimensionless,0.0058700272644421,speciation_fit_full_r4_r5
full_r4_r5,0.0538481752229893,0.9642695898871344,training,speciation,Matin2012_state_017::HCO3-,HCO3-,293.15,0.3,Matin,0.48,0.0091,dimensionless,0.008025387033711,speciation_fit_full_r4_r5
full_r4_r5,0.0538481752229893,0.9642695898871344,training,speciation,Matin2012_state_018::HCO3-,HCO3-,293.15,0.3,Matin,0.505,0.0102,dimensionless,0.0108694823954061,speciation_fit_full_r4_r5
full_r4_r5,0.0538481752229893,0.9642695898871344,training,speciation,Matin2012_state_019::HCO3-,HCO3-,293.15,0.3,Matin,0.531,0.0114,dimensionless,0.0145348694319946,speciation_fit_full_r4_r5
full_r4_r5,0.0538481752229893,0.9642695898871344,training,speciation,Bottinger2008_state_049::HCO3-,HCO3-,313.15,0.3,Bottinger,0.466,0.004,dimensionless,0.0085719764669462,speciation_fit_full_r4_r5
full_r4_r5,0.0538481752229893,0.9642695898871344,training,speciation,Bottinger2008_state_050::HCO3-,HCO3-,313.15,0.3,Bottinger,0.487,0.0052,dimensionless,0.0106967287831475,speciation_fit_full_r4_r5
full_r4_r5,0.0538481752229893,0.9642695898871344,training,speciation,Bottinger2008_state_058::HCO3-,HCO3-,333.15,0.3,Bottinger,0.415,0.0042,dimensionless,0.006093894388783,speciation_fit_full_r4_r5
full_r4_r5,0.0538481752229893,0.9642695898871344,training,speciation,Bottinger2008_state_059::HCO3-,HCO3-,333.15,0.3,Bottinger,0.489,0.0072,dimensionless,0.0123424807505674,speciation_fit_full_r4_r5
full_r4_r5,0.0538481752229893,0.9642695898871344,training,speciation,Bottinger2008_state_067::HCO3-,HCO3-,353.15,0.3,Bottinger,0.398,0.0046,dimensionless,0.0060976458967938,speciation_fit_full_r4_r5
full_r4_r5,0.0538481752229893,0.9642695898871344,reserved,speciation,Jakobsen2005_state_009::CO3^2-,CO3^2-,293.15,0.3,Jakobsen,0.11,0.0001,dimensionless,0.0016312120905404,speciation_fit_full_r4_r5
full_r4_r5,0.0538481752229893,0.9642695898871344,reserved,speciation,Jakobsen2005_state_010::CO3^2-,CO3^2-,293.15,0.3,Jakobsen,0.21,0.0004,dimensionless,0.0026146558414307,speciation_fit_full_r4_r5
full_r4_r5,0.0538481752229893,0.9642695898871344,reserved,speciation,Jakobsen2005_state_012::CO3^2-,CO3^2-,293.15,0.3,Jakobsen,0.25,0.0006,dimensionless,0.0030016004133016,speciation_fit_full_r4_r5
full_r4_r5,0.0538481752229893,0.9642695898871344,reserved,speciation,Jakobsen2005_state_011::CO3^2-,CO3^2-,293.15,0.3,Jakobsen,0.29,0.0006,dimensionless,0.0033986887872616,speciation_fit_full_r4_r5
full_r4_r5,0.0538481752229893,0.9642695898871344,reserved,speciation,Jakobsen2005_state_013::CO3^2-,CO3^2-,293.15,0.3,Jakobsen,0.4,0.0012,dimensionless,0.004520568744227,speciation_fit_full_r4_r5
full_r4_r5,0.0538481752229893,0.9642695898871344,reserved,speciation,Jakobsen2005_state_014::CO3^2-,CO3^2-,293.15,0.3,Jakobsen,0.6,0.0014,dimensionless,0.0042645949493318,speciation_fit_full_r4_r5
full_r4_r5,0.0538481752229893,0.9642695898871344,reserved,speciation,Jakobsen2005_state_015::CO3^2-,CO3^2-,293.15,0.3,Jakobsen,0.78,0.0014,dimensionless,0.0022425015591746,speciation_fit_full_r4_r5
full_r4_r5,0.0538481752229893,0.9642695898871344,reserved,speciation,Jakobsen2005_state_016::CO3^2-,CO3^2-,293.15,0.3,Jakobsen,0.99,0.0017,dimensionless,0.0003843953737985,speciation_fit_full_r4_r5
full_r4_r5,0.0538481752229893,0.9642695898871344,reserved,speciation,Jakobsen2005_state_017::CO3^2-,CO3^2-,313.15,0.3,Jakobsen,0.11,0.0001,dimensionless,0.0005348892864198,speciation_fit_full_r4_r5
full_r4_r5,0.0538481752229893,0.9642695898871344,reserved,speciation,Jakobsen2005_state_018::CO3^2-,CO3^2-,313.15,0.3,Jakobsen,0.21,0.0027,dimensionless,0.0008142013406047,speciation_fit_full_r4_r5
full_r4_r5,0.0538481752229893,0.9642695898871344,reserved,speciation,Jakobsen2005_state_020::CO3^2-,CO3^2-,313.15,0.3,Jakobsen,0.25,0.0004,dimensionless,0.0009179302210847,speciation_fit_full_r4_r5
full_r4_r5,0.0538481752229893,0.9642695898871344,reserved,speciation,Jakobsen2005_state_019::CO3^2-,CO3^2-,313.15,0.3,Jakobsen,0.29,0.0004,dimensionless,0.0010205511978734,speciation_fit_full_r4_r5
full_r4_r5,0.0538481752229893,0.9642695898871344,reserved,speciation,Jakobsen2005_state_021::CO3^2-,CO3^2-,313.15,0.3,Jakobsen,0.4,0.001,dimensionless,0.0012823738460761,speciation_fit_full_r4_r5
full_r4_r5,0.0538481752229893,0.9642695898871344,reserved,speciation,Jakobsen2005_state_022::CO3^2-,CO3^2-,313.15,0.3,Jakobsen,0.6,0.0009,dimensionless,0.0011530060258252,speciation_fit_full_r4_r5
full_r4_r5,0.0538481752229893,0.9642695898871344,reserved,speciation,Jakobsen2005_state_023::CO3^2-,CO3^2-,313.15,0.3,Jakobsen,0.78,0.0009,dimensionless,0.0006283892029689,speciation_fit_full_r4_r5
full_r4_r5,0.0538481752229893,0.9642695898871344,reserved,speciation,Jakobsen2005_state_024::CO3^2-,CO3^2-,313.15,0.3,Jakobsen,0.99,0.0011,dimensionless,0.0001859456912966,speciation_fit_full_r4_r5
calorimetry_balanced,0.0298778918364571,0.5350291330862538,reserved,speciation,Jakobsen2005_state_015::CO2,CO2,293.15,0.3,Jakobsen,0.78,0.0005,dimensionless,0.0004775950256192,speciation_fit_calorimetry_balanced
calorimetry_balanced,0.0298778918364571,0.5350291330862538,reserved,speciation,Jakobsen2005_state_016::CO2,CO2,293.15,0.3,Jakobsen,0.99,0.0018,dimensionless,0.0040007785370118,speciation_fit_calorimetry_balanced
calorimetry_balanced,0.0298778918364571,0.5350291330862538,reserved,speciation,Jakobsen2005_state_023::CO2,CO2,313.15,0.3,Jakobsen,0.78,0.0009,dimensionless,0.0015056608064732,speciation_fit_calorimetry_balanced
calorimetry_balanced,0.0298778918364571,0.5350291330862538,reserved,speciation,Jakobsen2005_state_024::CO2,CO2,313.15,0.3,Jakobsen,0.99,0.0032,dimensionless,0.0076539562513978,speciation_fit_calorimetry_balanced
calorimetry_balanced,0.0298778918364571,0.5350291330862538,training,speciation,Matin2012_state_001::MEA,MEA,293.15,0.3,Matin,0.106,0.0915,dimensionless,0.0885611149679454,speciation_fit_calorimetry_balanced
calorimetry_balanced,0.0298778918364571,0.5350291330862538,training,speciation,Matin2012_state_002::MEA,MEA,293.15,0.3,Matin,0.128,0.0867,dimensionless,0.0836719949824656,speciation_fit_calorimetry_balanced
calorimetry_balanced,0.0298778918364571,0.5350291330862538,training,speciation,Matin2012_state_003::MEA,MEA,293.15,0.3,Matin,0.15,0.0817,dimensionless,0.0787913904547241,speciation_fit_calorimetry_balanced
calorimetry_balanced,0.0298778918364571,0.5350291330862538,training,speciation,Matin2012_state_004::MEA,MEA,293.15,0.3,Matin,0.173,0.0768,dimensionless,0.0737003583846743,speciation_fit_calorimetry_balanced
calorimetry_balanced,0.0298778918364571,0.5350291330862538,training,speciation,Matin2012_state_005::MEA,MEA,293.15,0.3,Matin,0.195,0.0718,dimensionless,0.0688443144165818,speciation_fit_calorimetry_balanced
calorimetry_balanced,0.0298778918364571,0.5350291330862538,training,speciation,Matin2012_state_006::MEA,MEA,293.15,0.3,Matin,0.218,0.0668,dimensionless,0.0637854799704197,speciation_fit_calorimetry_balanced
calorimetry_balanced,0.0298778918364571,0.5350291330862538,training,speciation,Matin2012_state_007::MEA,MEA,293.15,0.3,Matin,0.241,0.0618,dimensionless,0.0587499122131566,speciation_fit_calorimetry_balanced
calorimetry_balanced,0.0298778918364571,0.5350291330862538,training,speciation,Matin2012_state_008::MEA,MEA,293.15,0.3,Matin,0.264,0.0568,dimensionless,0.0537442936111764,speciation_fit_calorimetry_balanced
calorimetry_balanced,0.0298778918364571,0.5350291330862538,training,speciation,Matin2012_state_009::MEA,MEA,293.15,0.3,Matin,0.287,0.0518,dimensionless,0.0487777415154023,speciation_fit_calorimetry_balanced
calorimetry_balanced,0.0298778918364571,0.5350291330862538,training,speciation,Matin2012_state_010::MEA,MEA,293.15,0.3,Matin,0.31,0.0469,dimensionless,0.0438629196635712,speciation_fit_calorimetry_balanced
calorimetry_balanced,0.0298778918364571,0.5350291330862538,training,speciation,Matin2012_state_011::MEA,MEA,293.15,0.3,Matin,0.334,0.0419,dimensionless,0.0388090036109649,speciation_fit_calorimetry_balanced
calorimetry_balanced,0.0298778918364571,0.5350291330862538,training,speciation,Matin2012_state_012::MEA,MEA,293.15,0.3,Matin,0.358,0.0371,dimensionless,0.0338604187246851,speciation_fit_calorimetry_balanced
calorimetry_balanced,0.0298778918364571,0.5350291330862538,training,speciation,Matin2012_state_013::MEA,MEA,293.15,0.3,Matin,0.382,0.0322,dimensionless,0.0290605451247842,speciation_fit_calorimetry_balanced
calorimetry_balanced,0.0298778918364571,0.5350291330862538,training,speciation,Matin2012_state_014::MEA,MEA,293.15,0.3,Matin,0.406,0.0274,dimensionless,0.0244730045250422,speciation_fit_calorimetry_balanced
calorimetry_balanced,0.0298778918364571,0.5350291330862538,training,speciation,Matin2012_state_015::MEA,MEA,293.15,0.3,Matin,0.431,0.0227,dimensionless,0.0200176357096926,speciation_fit_calorimetry_balanced
calorimetry_balanced,0.0298778918364571,0.5350291330862538,training,speciation,Matin2012_state_016::MEA,MEA,293.15,0.3,Matin,0.455,0.0181,dimensionless,0.0161716866650899,speciation_fit_calorimetry_balanced
calorimetry_balanced,0.0298778918364571,0.5350291330862538,training,speciation,Matin2012_state_017::MEA,MEA,293.15,0.3,Matin,0.48,0.0135,dimensionless,0.0127470390630981,speciation_fit_calorimetry_balanced
calorimetry_balanced,0.0298778918364571,0.5350291330862538,training,speciation,Matin2012_state_018::MEA,MEA,293.15,0.3,Matin,0.505,0.009,dimensionless,0.0099986257562561,speciation_fit_calorimetry_balanced
calorimetry_balanced,0.0298778918364571,0.5350291330862538,training,speciation,Matin2012_state_019::MEA,MEA,293.15,0.3,Matin,0.531,0.0046,dimensionless,0.0078346258560466,speciation_fit_calorimetry_balanced
calorimetry_balanced,0.0298778918364571,0.5350291330862538,training,speciation,Matin2012_state_001::MEAH+,MEAH+,293.15,0.3,Matin,0.106,0.0115,dimensionless,0.0131632555897771,speciation_fit_calorimetry_balanced
calorimetry_balanced,0.0298778918364571,0.5350291330862538,training,speciation,Matin2012_state_002::MEAH+,MEAH+,293.15,0.3,Matin,0.128,0.0139,dimensionless,0.0158071166900312,speciation_fit_calorimetry_balanced
calorimetry_balanced,0.0298778918364571,0.5350291330862538,training,speciation,Matin2012_state_003::MEAH+,MEAH+,293.15,0.3,Matin,0.15,0.0162,dimensionless,0.0184449018895736,speciation_fit_calorimetry_balanced
calorimetry_balanced,0.0298778918364571,0.5350291330862538,training,speciation,Matin2012_state_004::MEAH+,MEAH+,293.15,0.3,Matin,0.173,0.0186,dimensionless,0.0211986567400613,speciation_fit_calorimetry_balanced
calorimetry_balanced,0.0298778918364571,0.5350291330862538,training,speciation,Matin2012_state_005::MEAH+,MEAH+,293.15,0.3,Matin,0.195,0.021,dimensionless,0.0238309043245301,speciation_fit_calorimetry_balanced
calorimetry_balanced,0.0298778918364571,0.5350291330862538,training,speciation,Matin2012_state_006::MEAH+,MEAH+,293.15,0.3,Matin,0.218,0.0234,dimensionless,0.0265826517817481,speciation_fit_calorimetry_balanced
calorimetry_balanced,0.0298778918364571,0.5350291330862538,training,speciation,Matin2012_state_007::MEAH+,MEAH+,293.15,0.3,Matin,0.241,0.0257,dimensionless,0.0293356532671145,speciation_fit_calorimetry_balanced
calorimetry_balanced,0.0298778918364571,0.5350291330862538,training,speciation,Matin2012_state_008::MEAH+,MEAH+,293.15,0.3,Matin,0.264,0.0281,dimensionless,0.0320909883728501,speciation_fit_calorimetry_balanced
calorimetry_balanced,0.0298778918364571,0.5350291330862538,training,speciation,Matin2012_state_009::MEAH+,MEAH+,293.15,0.3,Matin,0.287,0.0304,dimensionless,0.0348493342526402,speciation_fit_calorimetry_balanced
calorimetry_balanced,0.0298778918364571,0.5350291330862538,training,speciation,Matin2012_state_010::MEAH+,MEAH+,293.15,0.3,Matin,0.31,0.0327,dimensionless,0.037610841306022,speciation_fit_calorimetry_balanced
calorimetry_balanced,0.0298778918364571,0.5350291330862538,training,speciation,Matin2012_state_011::MEAH+,MEAH+,293.15,0.3,Matin,0.334,0.0349,dimensionless,0.0404951206270857,speciation_fit_calorimetry_balanced
calorimetry_balanced,0.0298778918364571,0.5350291330862538,training,speciation,Matin2012_state_012::MEAH+,MEAH+,293.15,0.3,Matin,0.358,0.0372,dimensionless,0.0433801695310023,speciation_fit_calorimetry_balanced
calorimetry_balanced,0.0298778918364571,0.5350291330862538,training,speciation,Matin2012_state_013::MEAH+,MEAH+,293.15,0.3,Matin,0.382,0.0394,dimensionless,0.0462619060951655,speciation_fit_calorimetry_balanced
calorimetry_balanced,0.0298778918364571,0.5350291330862538,training,speciation,Matin2012_state_014::MEAH+,MEAH+,293.15,0.3,Matin,0.406,0.0415,dimensionless,0.0491331237411095,speciation_fit_calorimetry_balanced
calorimetry_balanced,0.0298778918364571,0.5350291330862538,training,speciation,Matin2012_state_015::MEAH+,MEAH+,293.15,0.3,Matin,0.431,0.0436,dimensionless,0.0521003405371006,speciation_fit_calorimetry_balanced
calorimetry_balanced,0.0298778918364571,0.5350291330862538,training,speciation,Matin2012_state_016::MEAH+,MEAH+,293.15,0.3,Matin,0.455,0.0457,dimensionless,0.0549094273034852,speciation_fit_calorimetry_balanced
calorimetry_balanced,0.0298778918364571,0.5350291330862538,training,speciation,Matin2012_state_017::MEAH+,MEAH+,293.15,0.3,Matin,0.48,0.0477,dimensionless,0.0577747732069287,speciation_fit_calorimetry_balanced
calorimetry_balanced,0.0298778918364571,0.5350291330862538,training,speciation,Matin2012_state_018::MEAH+,MEAH+,293.15,0.3,Matin,0.505,0.0496,dimensionless,0.0605642095550716,speciation_fit_calorimetry_balanced
calorimetry_balanced,0.0298778918364571,0.5350291330862538,training,speciation,Matin2012_state_019::MEAH+,MEAH+,293.15,0.3,Matin,0.531,0.0515,dimensionless,0.0633851655388242,speciation_fit_calorimetry_balanced
calorimetry_balanced,0.0298778918364571,0.5350291330862538,reserved,speciation,Jakobsen2005_state_009::MEA + MEAH+,MEA + MEAH+,293.15,0.3,Jakobsen,0.11,0.1101,dimensionless,0.1013161714170873,speciation_fit_calorimetry_balanced
calorimetry_balanced,0.0298778918364571,0.5350291330862538,reserved,speciation,Jakobsen2005_state_010::MEA + MEAH+,MEA + MEAH+,293.15,0.3,Jakobsen,0.21,0.091,dimensionless,0.0911681653276626,speciation_fit_calorimetry_balanced
calorimetry_balanced,0.0298778918364571,0.5350291330862538,reserved,speciation,Jakobsen2005_state_012::MEA + MEAH+,MEA + MEAH+,293.15,0.3,Jakobsen,0.25,0.0836,dimensionless,0.0872006880868972,speciation_fit_calorimetry_balanced
calorimetry_balanced,0.0298778918364571,0.5350291330862538,reserved,speciation,Jakobsen2005_state_011::MEA + MEAH+,MEA + MEAH+,293.15,0.3,Jakobsen,0.29,0.0792,dimensionless,0.083342778418713,speciation_fit_calorimetry_balanced
calorimetry_balanced,0.0298778918364571,0.5350291330862538,reserved,speciation,Jakobsen2005_state_013::MEA + MEAH+,MEA + MEAH+,293.15,0.3,Jakobsen,0.4,0.0778,dimensionless,0.074012399194519,speciation_fit_calorimetry_balanced
calorimetry_balanced,0.0298778918364571,0.5350291330862538,reserved,speciation,Jakobsen2005_state_014::MEA + MEAH+,MEA + MEAH+,293.15,0.3,Jakobsen,0.6,0.0641,dimensionless,0.075111209056838,speciation_fit_calorimetry_balanced
calorimetry_balanced,0.0298778918364571,0.5350291330862538,reserved,speciation,Jakobsen2005_state_015::MEA + MEAH+,MEA + MEAH+,293.15,0.3,Jakobsen,0.78,0.0752,dimensionless,0.0903781358849312,speciation_fit_calorimetry_balanced
calorimetry_balanced,0.0298778918364571,0.5350291330862538,reserved,speciation,Jakobsen2005_state_016::MEA + MEAH+,MEA + MEAH+,293.15,0.3,Jakobsen,0.99,0.0832,dimensionless,0.1072776295025425,speciation_fit_calorimetry_balanced
calorimetry_balanced,0.0298778918364571,0.5350291330862538,reserved,speciation,Jakobsen2005_state_017::MEA + MEAH+,MEA + MEAH+,313.15,0.3,Jakobsen,0.11,0.105,dimensionless,0.1006267306270303,speciation_fit_calorimetry_balanced
calorimetry_balanced,0.0298778918364571,0.5350291330862538,reserved,speciation,Jakobsen2005_state_018::MEA + MEAH+,MEA + MEAH+,313.15,0.3,Jakobsen,0.21,0.0875,dimensionless,0.0901254588632908,speciation_fit_calorimetry_balanced
calorimetry_balanced,0.0298778918364571,0.5350291330862538,reserved,speciation,Jakobsen2005_state_020::MEA + MEAH+,MEA + MEAH+,313.15,0.3,Jakobsen,0.25,0.0777,dimensionless,0.086050388203479,speciation_fit_calorimetry_balanced
calorimetry_balanced,0.0298778918364571,0.5350291330862538,reserved,speciation,Jakobsen2005_state_019::MEA + MEAH+,MEA + MEAH+,313.15,0.3,Jakobsen,0.29,0.0788,dimensionless,0.0821115912177425,speciation_fit_calorimetry_balanced
calorimetry_balanced,0.0298778918364571,0.5350291330862538,reserved,speciation,Jakobsen2005_state_021::MEA + MEAH+,MEA + MEAH+,313.15,0.3,Jakobsen,0.4,0.0849,dimensionless,0.0728389625557441,speciation_fit_calorimetry_balanced
calorimetry_balanced,0.0298778918364571,0.5350291330862538,reserved,speciation,Jakobsen2005_state_022::MEA + MEAH+,MEA + MEAH+,313.15,0.3,Jakobsen,0.6,0.0638,dimensionless,0.0741324589937841,speciation_fit_calorimetry_balanced
calorimetry_balanced,0.0298778918364571,0.5350291330862538,reserved,speciation,Jakobsen2005_state_023::MEA + MEAH+,MEA + MEAH+,313.15,0.3,Jakobsen,0.78,0.0755,dimensionless,0.0887579735289204,speciation_fit_calorimetry_balanced
calorimetry_balanced,0.0298778918364571,0.5350291330862538,reserved,speciation,Jakobsen2005_state_024::MEA + MEAH+,MEA + MEAH+,313.15,0.3,Jakobsen,0.99,0.0857,dimensionless,0.1034631379807696,speciation_fit_calorimetry_balanced
calorimetry_balanced,0.0298778918364571,0.5350291330862538,training,speciation,Bottinger2008_state_030::MEA + MEAH+,MEA + MEAH+,293.15,0.3,Bottinger,0.075,0.1054,dimensionless,0.1048826559520951,speciation_fit_calorimetry_balanced
calorimetry_balanced,0.0298778918364571,0.5350291330862538,training,speciation,Bottinger2008_state_031::MEA + MEAH+,MEA + MEAH+,293.15,0.3,Bottinger,0.15,0.0966,dimensionless,0.0972362923442977,speciation_fit_calorimetry_balanced
calorimetry_balanced,0.0298778918364571,0.5350291330862538,training,speciation,Bottinger2008_state_032::MEA + MEAH+,MEA + MEAH+,293.15,0.3,Bottinger,0.235,0.0871,dimensionless,0.0886782492128111,speciation_fit_calorimetry_balanced
calorimetry_balanced,0.0298778918364571,0.5350291330862538,training,speciation,Bottinger2008_state_033::MEA + MEAH+,MEA + MEAH+,293.15,0.3,Bottinger,0.309,0.078,dimensionless,0.0815660271898961,speciation_fit_calorimetry_balanced
calorimetry_balanced,0.0298778918364571,0.5350291330862538,training,speciation,Bottinger2008_state_034::MEA + MEAH+,MEA + MEAH+,293.15,0.3,Bottinger,0.388,0.0678,dimensionless,0.0748717878075569,speciation_fit_calorimetry_balanced
calorimetry_balanced,0.0298778918364571,0.5350291330862538,training,speciation,Bottinger2008_state_035::MEA + MEAH+,MEA + MEAH+,293.15,0.3,Bottinger,0.474,0.062,dimensionless,0.0706026385678659,speciation_fit_calorimetry_balanced
calorimetry_balanced,0.0298778918364571,0.5350291330862538,training,speciation,Bottinger2008_state_042::MEA + MEAH+,MEA + MEAH+,313.15,0.3,Bottinger,0.125,0.1009,dimensionless,0.0990349464705922,speciation_fit_calorimetry_balanced
calorimetry_balanced,0.0298778918364571,0.5350291330862538,training,speciation,Bottinger2008_state_043::MEA + MEAH+,MEA + MEAH+,313.15,0.3,Bottinger,0.205,0.0934,dimensionless,0.0906417673982606,speciation_fit_calorimetry_balanced
calorimetry_balanced,0.0298778918364571,0.5350291330862538,training,speciation,Bottinger2008_state_044::MEA + MEAH+,MEA + MEAH+,313.15,0.3,Bottinger,0.236,0.0876,dimensionless,0.0874641332864969,speciation_fit_calorimetry_balanced
calorimetry_balanced,0.0298778918364571,0.5350291330862538,training,speciation,Bottinger2008_state_045::MEA + MEAH+,MEA + MEAH+,313.15,0.3,Bottinger,0.28,0.084,dimensionless,0.0830798848857594,speciation_fit_calorimetry_balanced
calorimetry_balanced,0.0298778918364571,0.5350291330862538,training,speciation,Bottinger2008_state_046::MEA + MEAH+,MEA + MEAH+,313.15,0.3,Bottinger,0.343,0.0758,dimensionless,0.0772443569146142,speciation_fit_calorimetry_balanced
calorimetry_balanced,0.0298778918364571,0.5350291330862538,training,speciation,Bottinger2008_state_047::MEA + MEAH+,MEA + MEAH+,313.15,0.3,Bottinger,0.354,0.0749,dimensionless,0.076309367134304,speciation_fit_calorimetry_balanced
calorimetry_balanced,0.0298778918364571,0.5350291330862538,training,speciation,Bottinger2008_state_048::MEA + MEAH+,MEA + MEAH+,313.15,0.3,Bottinger,0.46,0.065,dimensionless,0.0700158402414597,speciation_fit_calorimetry_balanced
calorimetry_balanced,0.0298778918364571,0.5350291330862538,training,speciation,Bottinger2008_state_049::MEA + MEAH+,MEA + MEAH+,313.15,0.3,Bottinger,0.466,0.0663,dimensionless,0.0698820414038139,speciation_fit_calorimetry_balanced
calorimetry_balanced,0.0298778918364571,0.5350291330862538,training,speciation,Bottinger2008_state_050::MEA + MEAH+,MEA + MEAH+,313.15,0.3,Bottinger,0.487,0.0646,dimensionless,0.0696606201537254,speciation_fit_calorimetry_balanced
calorimetry_balanced,0.0298778918364571,0.5350291330862538,training,speciation,Bottinger2008_state_055::MEA + MEAH+,MEA + MEAH+,333.15,0.3,Bottinger,0.131,0.0974,dimensionless,0.0981390804117793,speciation_fit_calorimetry_balanced
calorimetry_balanced,0.0298778918364571,0.5350291330862538,training,speciation,Bottinger2008_state_056::MEA + MEAH+,MEA + MEAH+,333.15,0.3,Bottinger,0.203,0.0905,dimensionless,0.0905660664533202,speciation_fit_calorimetry_balanced
calorimetry_balanced,0.0298778918364571,0.5350291330862538,training,speciation,Bottinger2008_state_057::MEA + MEAH+,MEA + MEAH+,333.15,0.3,Bottinger,0.277,0.0791,dimensionless,0.0831460263858222,speciation_fit_calorimetry_balanced
calorimetry_balanced,0.0298778918364571,0.5350291330862538,training,speciation,Bottinger2008_state_058::MEA + MEAH+,MEA + MEAH+,333.15,0.3,Bottinger,0.415,0.0687,dimensionless,0.0721853253647177,speciation_fit_calorimetry_balanced
calorimetry_balanced,0.0298778918364571,0.5350291330862538,training,speciation,Bottinger2008_state_059::MEA + MEAH+,MEA + MEAH+,333.15,0.3,Bottinger,0.489,0.068,dimensionless,0.0702366506928661,speciation_fit_calorimetry_balanced
calorimetry_balanced,0.0298778918364571,0.5350291330862538,training,speciation,Bottinger2008_state_063::MEA + MEAH+,MEA + MEAH+,353.15,0.3,Bottinger,0.064,0.1084,dimensionless,0.1052840114964429,speciation_fit_calorimetry_balanced
calorimetry_balanced,0.0298778918364571,0.5350291330862538,training,speciation,Bottinger2008_state_064::MEA + MEAH+,MEA + MEAH+,353.15,0.3,Bottinger,0.141,0.1005,dimensionless,0.0970411917141374,speciation_fit_calorimetry_balanced
calorimetry_balanced,0.0298778918364571,0.5350291330862538,training,speciation,Bottinger2008_state_065::MEA + MEAH+,MEA + MEAH+,353.15,0.3,Bottinger,0.245,0.0906,dimensionless,0.086385565552497,speciation_fit_calorimetry_balanced
calorimetry_balanced,0.0298778918364571,0.5350291330862538,training,speciation,Bottinger2008_state_066::MEA + MEAH+,MEA + MEAH+,353.15,0.3,Bottinger,0.336,0.0858,dimensionless,0.0781404242113262,speciation_fit_calorimetry_balanced
calorimetry_balanced,0.0298778918364571,0.5350291330862538,training,speciation,Bottinger2008_state_067::MEA + MEAH+,MEA + MEAH+,353.15,0.3,Bottinger,0.398,0.0872,dimensionless,0.0738380849067608,speciation_fit_calorimetry_balanced
calorimetry_balanced,0.0298778918364571,0.5350291330862538,reserved,speciation,Jakobsen2005_state_009::MEACOO-,MEACOO-,293.15,0.3,Jakobsen,0.11,0.0106,dimensionless,0.0109038959171213,speciation_fit_calorimetry_balanced
calorimetry_balanced,0.0298778918364571,0.5350291330862538,reserved,speciation,Jakobsen2005_state_010::MEACOO-,MEACOO-,293.15,0.3,Jakobsen,0.21,0.0206,dimensionless,0.0210518991973409,speciation_fit_calorimetry_balanced
calorimetry_balanced,0.0298778918364571,0.5350291330862538,reserved,speciation,Jakobsen2005_state_012::MEACOO-,MEACOO-,293.15,0.3,Jakobsen,0.25,0.0274,dimensionless,0.0250193731061638,speciation_fit_calorimetry_balanced
calorimetry_balanced,0.0298778918364571,0.5350291330862538,reserved,speciation,Jakobsen2005_state_011::MEACOO-,MEACOO-,293.15,0.3,Jakobsen,0.29,0.0307,dimensionless,0.0288772760944682,speciation_fit_calorimetry_balanced
calorimetry_balanced,0.0298778918364571,0.5350291330862538,reserved,speciation,Jakobsen2005_state_013::MEACOO-,MEACOO-,293.15,0.3,Jakobsen,0.4,0.0427,dimensionless,0.0382075608216576,speciation_fit_calorimetry_balanced
calorimetry_balanced,0.0298778918364571,0.5350291330862538,reserved,speciation,Jakobsen2005_state_014::MEACOO-,MEACOO-,293.15,0.3,Jakobsen,0.6,0.0519,dimensionless,0.0371015773279369,speciation_fit_calorimetry_balanced
calorimetry_balanced,0.0298778918364571,0.5350291330862538,reserved,speciation,Jakobsen2005_state_015::MEACOO-,MEACOO-,293.15,0.3,Jakobsen,0.78,0.0385,dimensionless,0.0217883361322282,speciation_fit_calorimetry_balanced
calorimetry_balanced,0.0298778918364571,0.5350291330862538,reserved,speciation,Jakobsen2005_state_016::MEACOO-,MEACOO-,293.15,0.3,Jakobsen,0.99,0.0276,dimensionless,0.0044934706222258,speciation_fit_calorimetry_balanced
calorimetry_balanced,0.0298778918364571,0.5350291330862538,reserved,speciation,Jakobsen2005_state_017::MEACOO-,MEACOO-,313.15,0.3,Jakobsen,0.11,0.0103,dimensionless,0.0115933345987616,speciation_fit_calorimetry_balanced
calorimetry_balanced,0.0298778918364571,0.5350291330862538,reserved,speciation,Jakobsen2005_state_018::MEACOO-,MEACOO-,313.15,0.3,Jakobsen,0.21,0.018,dimensionless,0.0220945899213324,speciation_fit_calorimetry_balanced
calorimetry_balanced,0.0298778918364571,0.5350291330862538,reserved,speciation,Jakobsen2005_state_020::MEACOO-,MEACOO-,313.15,0.3,Jakobsen,0.25,0.0261,dimensionless,0.0261696411993253,speciation_fit_calorimetry_balanced
calorimetry_balanced,0.0298778918364571,0.5350291330862538,reserved,speciation,Jakobsen2005_state_019::MEACOO-,MEACOO-,313.15,0.3,Jakobsen,0.29,0.0284,dimensionless,0.0301083996626755,speciation_fit_calorimetry_balanced
calorimetry_balanced,0.0298778918364571,0.5350291330862538,reserved,speciation,Jakobsen2005_state_021::MEACOO-,MEACOO-,313.15,0.3,Jakobsen,0.4,0.0495,dimensionless,0.0393805192682733,speciation_fit_calorimetry_balanced
calorimetry_balanced,0.0298778918364571,0.5350291330862538,reserved,speciation,Jakobsen2005_state_022::MEACOO-,MEACOO-,313.15,0.3,Jakobsen,0.6,0.0494,dimensionless,0.0380621043754189,speciation_fit_calorimetry_balanced
calorimetry_balanced,0.0298778918364571,0.5350291330862538,reserved,speciation,Jakobsen2005_state_023::MEACOO-,MEACOO-,313.15,0.3,Jakobsen,0.78,0.0388,dimensionless,0.0232931288766464,speciation_fit_calorimetry_balanced
calorimetry_balanced,0.0298778918364571,0.5350291330862538,reserved,speciation,Jakobsen2005_state_024::MEACOO-,MEACOO-,313.15,0.3,Jakobsen,0.99,0.0312,dimensionless,0.007898002293339,speciation_fit_calorimetry_balanced
calorimetry_balanced,0.0298778918364571,0.5350291330862538,training,speciation,Bottinger2008_state_030::MEACOO-,MEACOO-,293.15,0.3,Bottinger,0.075,0.0086,dimensionless,0.0073374116461189,speciation_fit_calorimetry_balanced
calorimetry_balanced,0.0298778918364571,0.5350291330862538,training,speciation,Bottinger2008_state_031::MEACOO-,MEACOO-,293.15,0.3,Bottinger,0.15,0.0171,dimensionless,0.0149837743816708,speciation_fit_calorimetry_balanced
calorimetry_balanced,0.0298778918364571,0.5350291330862538,training,speciation,Bottinger2008_state_032::MEACOO-,MEACOO-,293.15,0.3,Bottinger,0.235,0.0267,dimensionless,0.0235418135008015,speciation_fit_calorimetry_balanced
calorimetry_balanced,0.0298778918364571,0.5350291330862538,training,speciation,Bottinger2008_state_033::MEACOO-,MEACOO-,293.15,0.3,Bottinger,0.309,0.0349,dimensionless,0.0306540219922719,speciation_fit_calorimetry_balanced
calorimetry_balanced,0.0298778918364571,0.5350291330862538,training,speciation,Bottinger2008_state_034::MEACOO-,MEACOO-,293.15,0.3,Bottinger,0.388,0.043,dimensionless,0.0373481960905922,speciation_fit_calorimetry_balanced
calorimetry_balanced,0.0298778918364571,0.5350291330862538,training,speciation,Bottinger2008_state_035::MEACOO-,MEACOO-,293.15,0.3,Bottinger,0.474,0.0493,dimensionless,0.0416168469411062,speciation_fit_calorimetry_balanced
calorimetry_balanced,0.0298778918364571,0.5350291330862538,training,speciation,Matin2012_state_001::MEACOO-,MEACOO-,293.15,0.3,Matin,0.106,0.0097,dimensionless,0.0104956968165066,speciation_fit_calorimetry_balanced
calorimetry_balanced,0.0298778918364571,0.5350291330862538,training,speciation,Matin2012_state_002::MEACOO-,MEACOO-,293.15,0.3,Matin,0.128,0.0124,dimensionless,0.0127409554403243,speciation_fit_calorimetry_balanced
calorimetry_balanced,0.0298778918364571,0.5350291330862538,training,speciation,Matin2012_state_003::MEACOO-,MEACOO-,293.15,0.3,Matin,0.15,0.0151,dimensionless,0.0149837743816708,speciation_fit_calorimetry_balanced
calorimetry_balanced,0.0298778918364571,0.5350291330862538,training,speciation,Matin2012_state_004::MEACOO-,MEACOO-,293.15,0.3,Matin,0.173,0.0177,dimensionless,0.0173210510053571,speciation_fit_calorimetry_balanced
calorimetry_balanced,0.0298778918364571,0.5350291330862538,training,speciation,Matin2012_state_005::MEACOO-,MEACOO-,293.15,0.3,Matin,0.195,0.0203,dimensionless,0.0195448465561364,speciation_fit_calorimetry_balanced
calorimetry_balanced,0.0298778918364571,0.5350291330862538,training,speciation,Matin2012_state_006::MEACOO-,MEACOO-,293.15,0.3,Matin,0.218,0.0228,dimensionless,0.0218519322740974,speciation_fit_calorimetry_balanced
calorimetry_balanced,0.0298778918364571,0.5350291330862538,training,speciation,Matin2012_state_007::MEACOO-,MEACOO-,293.15,0.3,Matin,0.241,0.0252,dimensionless,0.0241344966716371,speciation_fit_calorimetry_balanced
calorimetry_balanced,0.0298778918364571,0.5350291330862538,training,speciation,Matin2012_state_008::MEACOO-,MEACOO-,293.15,0.3,Matin,0.264,0.0276,dimensionless,0.026384777385697,speciation_fit_calorimetry_balanced
calorimetry_balanced,0.0298778918364571,0.5350291330862538,training,speciation,Matin2012_state_009::MEACOO-,MEACOO-,293.15,0.3,Matin,0.287,0.0299,dimensionless,0.0285929794284627,speciation_fit_calorimetry_balanced
calorimetry_balanced,0.0298778918364571,0.5350291330862538,training,speciation,Matin2012_state_010::MEACOO-,MEACOO-,293.15,0.3,Matin,0.31,0.0321,dimensionless,0.0307462878758563,speciation_fit_calorimetry_balanced
calorimetry_balanced,0.0298778918364571,0.5350291330862538,training,speciation,Matin2012_state_011::MEACOO-,MEACOO-,293.15,0.3,Matin,0.334,0.0342,dimensionless,0.0329159142231704,speciation_fit_calorimetry_balanced
calorimetry_balanced,0.0298778918364571,0.5350291330862538,training,speciation,Matin2012_state_012::MEACOO-,MEACOO-,293.15,0.3,Matin,0.358,0.0362,dimensionless,0.0349794333823635,speciation_fit_calorimetry_balanced
calorimetry_balanced,0.0298778918364571,0.5350291330862538,training,speciation,Matin2012_state_013::MEACOO-,MEACOO-,293.15,0.3,Matin,0.382,0.0381,dimensionless,0.0368975423630775,speciation_fit_calorimetry_balanced
calorimetry_balanced,0.0298778918364571,0.5350291330862538,training,speciation,Matin2012_state_014::MEACOO-,MEACOO-,293.15,0.3,Matin,0.406,0.04,dimensionless,0.0386138170428388,speciation_fit_calorimetry_balanced
calorimetry_balanced,0.0298778918364571,0.5350291330862538,training,speciation,Matin2012_state_015::MEACOO-,MEACOO-,293.15,0.3,Matin,0.431,0.0417,dimensionless,0.0401018787566523,speciation_fit_calorimetry_balanced
calorimetry_balanced,0.0298778918364571,0.5350291330862538,training,speciation,Matin2012_state_016::MEACOO-,MEACOO-,293.15,0.3,Matin,0.455,0.0433,dimensionless,0.0411385827276501,speciation_fit_calorimetry_balanced
calorimetry_balanced,0.0298778918364571,0.5350291330862538,training,speciation,Matin2012_state_017::MEACOO-,MEACOO-,293.15,0.3,Matin,0.48,0.0448,dimensionless,0.0416975841193811,speciation_fit_calorimetry_balanced
calorimetry_balanced,0.0298778918364571,0.5350291330862538,training,speciation,Matin2012_state_018::MEACOO-,MEACOO-,293.15,0.3,Matin,0.505,0.0462,dimensionless,0.0416560298715629,speciation_fit_calorimetry_balanced
calorimetry_balanced,0.0298778918364571,0.5350291330862538,training,speciation,Matin2012_state_019::MEACOO-,MEACOO-,293.15,0.3,Matin,0.531,0.0475,dimensionless,0.0409981537980457,speciation_fit_calorimetry_balanced
calorimetry_balanced,0.0298778918364571,0.5350291330862538,training,speciation,Bottinger2008_state_042::MEACOO-,MEACOO-,313.15,0.3,Bottinger,0.125,0.0144,dimensionless,0.0131851177012946,speciation_fit_calorimetry_balanced
calorimetry_balanced,0.0298778918364571,0.5350291330862538,training,speciation,Bottinger2008_state_043::MEACOO-,MEACOO-,313.15,0.3,Bottinger,0.205,0.0241,dimensionless,0.0215782830163511,speciation_fit_calorimetry_balanced
calorimetry_balanced,0.0298778918364571,0.5350291330862538,training,speciation,Bottinger2008_state_044::MEACOO-,MEACOO-,313.15,0.3,Bottinger,0.236,0.0271,dimensionless,0.0247559044256651,speciation_fit_calorimetry_balanced
calorimetry_balanced,0.0298778918364571,0.5350291330862538,training,speciation,Bottinger2008_state_045::MEACOO-,MEACOO-,313.15,0.3,Bottinger,0.28,0.0327,dimensionless,0.0291401182887869,speciation_fit_calorimetry_balanced
calorimetry_balanced,0.0298778918364571,0.5350291330862538,training,speciation,Bottinger2008_state_046::MEACOO-,MEACOO-,313.15,0.3,Bottinger,0.343,0.0396,dimensionless,0.0349755132023483,speciation_fit_calorimetry_balanced
calorimetry_balanced,0.0298778918364571,0.5350291330862538,training,speciation,Bottinger2008_state_047::MEACOO-,MEACOO-,313.15,0.3,Bottinger,0.354,0.041,dimensionless,0.0359104585519525,speciation_fit_calorimetry_balanced
calorimetry_balanced,0.0298778918364571,0.5350291330862538,training,speciation,Bottinger2008_state_048::MEACOO-,MEACOO-,313.15,0.3,Bottinger,0.46,0.0492,dimensionless,0.0422022110239152,speciation_fit_calorimetry_balanced
calorimetry_balanced,0.0298778918364571,0.5350291330862538,training,speciation,Bottinger2008_state_049::MEACOO-,MEACOO-,313.15,0.3,Bottinger,0.466,0.0502,dimensionless,0.0423357395459727,speciation_fit_calorimetry_balanced
calorimetry_balanced,0.0298778918364571,0.5350291330862538,training,speciation,Bottinger2008_state_050::MEACOO-,MEACOO-,313.15,0.3,Bottinger,0.487,0.0511,dimensionless,0.0425559097361625,speciation_fit_calorimetry_balanced
calorimetry_balanced,0.0298778918364571,0.5350291330862538,training,speciation,Bottinger2008_state_055::MEACOO-,MEACOO-,333.15,0.3,Bottinger,0.131,0.0147,dimensionless,0.0140809657771148,speciation_fit_calorimetry_balanced
calorimetry_balanced,0.0298778918364571,0.5350291330862538,training,speciation,Bottinger2008_state_056::MEACOO-,MEACOO-,333.15,0.3,Bottinger,0.203,0.0231,dimensionless,0.0216539137964111,speciation_fit_calorimetry_balanced
calorimetry_balanced,0.0298778918364571,0.5350291330862538,training,speciation,Bottinger2008_state_057::MEACOO-,MEACOO-,333.15,0.3,Bottinger,0.277,0.0302,dimensionless,0.0290737245209869,speciation_fit_calorimetry_balanced
calorimetry_balanced,0.0298778918364571,0.5350291330862538,training,speciation,Bottinger2008_state_058::MEACOO-,MEACOO-,333.15,0.3,Bottinger,0.415,0.0417,dimensionless,0.0400310009394578,speciation_fit_calorimetry_balanced
calorimetry_balanced,0.0298778918364571,0.5350291330862538,training,speciation,Bottinger2008_state_059::MEACOO-,MEACOO-,333.15,0.3,Bottinger,0.489,0.0424,dimensionless,0.0419682339794784,speciation_fit_calorimetry_balanced
calorimetry_balanced,0.0298778918364571,0.5350291330862538,training,speciation,Bottinger2008_state_063::MEACOO-,MEACOO-,353.15,0.3,Bottinger,0.064,0.0068,dimensionless,0.0069360387639744,speciation_fit_calorimetry_balanced
calorimetry_balanced,0.0298778918364571,0.5350291330862538,training,speciation,Bottinger2008_state_064::MEACOO-,MEACOO-,353.15,0.3,Bottinger,0.141,0.014,dimensionless,0.0151787477109655,speciation_fit_calorimetry_balanced
calorimetry_balanced,0.0298778918364571,0.5350291330862538,training,speciation,Bottinger2008_state_065::MEACOO-,MEACOO-,353.15,0.3,Bottinger,0.245,0.0224,dimensionless,0.0258336324446093,speciation_fit_calorimetry_balanced
calorimetry_balanced,0.0298778918364571,0.5350291330862538,training,speciation,Bottinger2008_state_066::MEACOO-,MEACOO-,353.15,0.3,Bottinger,0.336,0.0337,dimensionless,0.034075576672191,speciation_fit_calorimetry_balanced
calorimetry_balanced,0.0298778918364571,0.5350291330862538,training,speciation,Bottinger2008_state_067::MEACOO-,MEACOO-,353.15,0.3,Bottinger,0.398,0.0336,dimensionless,0.0383700478753578,speciation_fit_calorimetry_balanced
calorimetry_balanced,0.0298778918364571,0.5350291330862538,reserved,speciation,Jakobsen2005_state_010::HCO3-,HCO3-,293.15,0.3,Jakobsen,0.21,0.0001,dimensionless,0.0004575925994529,speciation_fit_calorimetry_balanced
calorimetry_balanced,0.0298778918364571,0.5350291330862538,reserved,speciation,Jakobsen2005_state_012::HCO3-,HCO3-,293.15,0.3,Jakobsen,0.25,0.0002,dimensionless,0.000678824532576,speciation_fit_calorimetry_balanced
calorimetry_balanced,0.0298778918364571,0.5350291330862538,reserved,speciation,Jakobsen2005_state_011::HCO3-,HCO3-,293.15,0.3,Jakobsen,0.29,0.0002,dimensionless,0.0010020090443553,speciation_fit_calorimetry_balanced
calorimetry_balanced,0.0298778918364571,0.5350291330862538,reserved,speciation,Jakobsen2005_state_013::HCO3-,HCO3-,293.15,0.3,Jakobsen,0.4,0.0006,dimensionless,0.003150055932113,speciation_fit_calorimetry_balanced
calorimetry_balanced,0.0298778918364571,0.5350291330862538,reserved,speciation,Jakobsen2005_state_014::HCO3-,HCO3-,293.15,0.3,Jakobsen,0.6,0.0139,dimensionless,0.0268237781090624,speciation_fit_calorimetry_balanced
calorimetry_balanced,0.0298778918364571,0.5350291330862538,reserved,speciation,Jakobsen2005_state_015::HCO3-,HCO3-,293.15,0.3,Jakobsen,0.78,0.0442,dimensionless,0.0634463350300009,speciation_fit_calorimetry_balanced
calorimetry_balanced,0.0298778918364571,0.5350291330862538,reserved,speciation,Jakobsen2005_state_016::HCO3-,HCO3-,293.15,0.3,Jakobsen,0.99,0.0671,dimensionless,0.1018239218701646,speciation_fit_calorimetry_balanced
calorimetry_balanced,0.0298778918364571,0.5350291330862538,reserved,speciation,Jakobsen2005_state_017::HCO3-,HCO3-,313.15,0.3,Jakobsen,0.11,0.0001,dimensionless,0.0002159606777834,speciation_fit_calorimetry_balanced
calorimetry_balanced,0.0298778918364571,0.5350291330862538,reserved,speciation,Jakobsen2005_state_018::HCO3-,HCO3-,313.15,0.3,Jakobsen,0.21,0.002,dimensionless,0.0006572498626847,speciation_fit_calorimetry_balanced
calorimetry_balanced,0.0298778918364571,0.5350291330862538,reserved,speciation,Jakobsen2005_state_020::HCO3-,HCO3-,313.15,0.3,Jakobsen,0.25,0.0004,dimensionless,0.0009670940975492,speciation_fit_calorimetry_balanced
calorimetry_balanced,0.0298778918364571,0.5350291330862538,reserved,speciation,Jakobsen2005_state_019::HCO3-,HCO3-,313.15,0.3,Jakobsen,0.29,0.0003,dimensionless,0.0014141613866506,speciation_fit_calorimetry_balanced
calorimetry_balanced,0.0298778918364571,0.5350291330862538,reserved,speciation,Jakobsen2005_state_021::HCO3-,HCO3-,313.15,0.3,Jakobsen,0.4,0.0012,dimensionless,0.004219678273905,speciation_fit_calorimetry_balanced
calorimetry_balanced,0.0298778918364571,0.5350291330862538,reserved,speciation,Jakobsen2005_state_022::HCO3-,HCO3-,313.15,0.3,Jakobsen,0.6,0.0151,dimensionless,0.0278743563790178,speciation_fit_calorimetry_balanced
calorimetry_balanced,0.0298778918364571,0.5350291330862538,reserved,speciation,Jakobsen2005_state_023::HCO3-,HCO3-,313.15,0.3,Jakobsen,0.78,0.0448,dimensionless,0.0619726809902535,speciation_fit_calorimetry_balanced
calorimetry_balanced,0.0298778918364571,0.5350291330862538,reserved,speciation,Jakobsen2005_state_024::HCO3-,HCO3-,313.15,0.3,Jakobsen,0.99,0.0696,dimensionless,0.0945096246353343,speciation_fit_calorimetry_balanced
calorimetry_balanced,0.0298778918364571,0.5350291330862538,training,speciation,Matin2012_state_001::HCO3-,HCO3-,293.15,0.3,Matin,0.106,0.0024,dimensionless,0.00013915329856,speciation_fit_calorimetry_balanced
calorimetry_balanced,0.0298778918364571,0.5350291330862538,training,speciation,Matin2012_state_002::HCO3-,HCO3-,293.15,0.3,Matin,0.128,0.0022,dimensionless,0.0001860368358265,speciation_fit_calorimetry_balanced
calorimetry_balanced,0.0298778918364571,0.5350291330862538,training,speciation,Matin2012_state_003::HCO3-,HCO3-,293.15,0.3,Matin,0.15,0.002,dimensionless,0.0002419030898945,speciation_fit_calorimetry_balanced
calorimetry_balanced,0.0298778918364571,0.5350291330862538,training,speciation,Matin2012_state_004::HCO3-,HCO3-,293.15,0.3,Matin,0.173,0.002,dimensionless,0.0003120455295487,speciation_fit_calorimetry_balanced
calorimetry_balanced,0.0298778918364571,0.5350291330862538,training,speciation,Matin2012_state_005::HCO3-,HCO3-,293.15,0.3,Matin,0.195,0.002,dimensionless,0.000392981983374,speciation_fit_calorimetry_balanced
calorimetry_balanced,0.0298778918364571,0.5350291330862538,training,speciation,Matin2012_state_006::HCO3-,HCO3-,293.15,0.3,Matin,0.218,0.0021,dimensionless,0.0004956838605605,speciation_fit_calorimetry_balanced
calorimetry_balanced,0.0298778918364571,0.5350291330862538,training,speciation,Matin2012_state_007::HCO3-,HCO3-,293.15,0.3,Matin,0.241,0.0023,dimensionless,0.0006217576299144,speciation_fit_calorimetry_balanced
calorimetry_balanced,0.0298778918364571,0.5350291330862538,training,speciation,Matin2012_state_008::HCO3-,HCO3-,293.15,0.3,Matin,0.264,0.0026,dimensionless,0.0007778513937347,speciation_fit_calorimetry_balanced
calorimetry_balanced,0.0298778918364571,0.5350291330862538,training,speciation,Matin2012_state_009::HCO3-,HCO3-,293.15,0.3,Matin,0.287,0.003,dimensionless,0.0009730538171945,speciation_fit_calorimetry_balanced
calorimetry_balanced,0.0298778918364571,0.5350291330862538,training,speciation,Matin2012_state_010::HCO3-,HCO3-,293.15,0.3,Matin,0.31,0.0034,dimensionless,0.0012200003239494,speciation_fit_calorimetry_balanced
calorimetry_balanced,0.0298778918364571,0.5350291330862538,training,speciation,Matin2012_state_011::HCO3-,HCO3-,293.15,0.3,Matin,0.334,0.004,dimensionless,0.0015522553439492,speciation_fit_calorimetry_balanced
calorimetry_balanced,0.0298778918364571,0.5350291330862538,training,speciation,Matin2012_state_012::HCO3-,HCO3-,293.15,0.3,Matin,0.358,0.0046,dimensionless,0.0019897642568319,speciation_fit_calorimetry_balanced
calorimetry_balanced,0.0298778918364571,0.5350291330862538,training,speciation,Matin2012_state_013::HCO3-,HCO3-,293.15,0.3,Matin,0.382,0.0053,dimensionless,0.0025758155122413,speciation_fit_calorimetry_balanced
calorimetry_balanced,0.0298778918364571,0.5350291330862538,training,speciation,Matin2012_state_014::HCO3-,HCO3-,293.15,0.3,Matin,0.406,0.0061,dimensionless,0.0033738660044498,speciation_fit_calorimetry_balanced
calorimetry_balanced,0.0298778918364571,0.5350291330862538,training,speciation,Matin2012_state_015::HCO3-,HCO3-,293.15,0.3,Matin,0.431,0.007,dimensionless,0.0045277986855604,speciation_fit_calorimetry_balanced
calorimetry_balanced,0.0298778918364571,0.5350291330862538,training,speciation,Matin2012_state_016::HCO3-,HCO3-,293.15,0.3,Matin,0.455,0.008,dimensionless,0.0060655206342205,speciation_fit_calorimetry_balanced
calorimetry_balanced,0.0298778918364571,0.5350291330862538,training,speciation,Matin2012_state_017::HCO3-,HCO3-,293.15,0.3,Matin,0.48,0.0091,dimensionless,0.008246458184742,speciation_fit_calorimetry_balanced
calorimetry_balanced,0.0298778918364571,0.5350291330862538,training,speciation,Matin2012_state_018::HCO3-,HCO3-,293.15,0.3,Matin,0.505,0.0102,dimensionless,0.0110994987585037,speciation_fit_calorimetry_balanced
calorimetry_balanced,0.0298778918364571,0.5350291330862538,training,speciation,Matin2012_state_019::HCO3-,HCO3-,293.15,0.3,Matin,0.531,0.0114,dimensionless,0.0147543950937397,speciation_fit_calorimetry_balanced
calorimetry_balanced,0.0298778918364571,0.5350291330862538,training,speciation,Bottinger2008_state_049::HCO3-,HCO3-,313.15,0.3,Bottinger,0.466,0.004,dimensionless,0.0085719764669462,speciation_fit_calorimetry_balanced
calorimetry_balanced,0.0298778918364571,0.5350291330862538,training,speciation,Bottinger2008_state_050::HCO3-,HCO3-,313.15,0.3,Bottinger,0.487,0.0052,dimensionless,0.0106967287831475,speciation_fit_calorimetry_balanced
calorimetry_balanced,0.0298778918364571,0.5350291330862538,training,speciation,Bottinger2008_state_058::HCO3-,HCO3-,333.15,0.3,Bottinger,0.415,0.0042,dimensionless,0.0060300637838836,speciation_fit_calorimetry_balanced
calorimetry_balanced,0.0298778918364571,0.5350291330862538,training,speciation,Bottinger2008_state_059::HCO3-,HCO3-,333.15,0.3,Bottinger,0.489,0.0072,dimensionless,0.0122837682551117,speciation_fit_calorimetry_balanced
calorimetry_balanced,0.0298778918364571,0.5350291330862538,training,speciation,Bottinger2008_state_067::HCO3-,HCO3-,353.15,0.3,Bottinger,0.398,0.0046,dimensionless,0.0060090588823639,speciation_fit_calorimetry_balanced
calorimetry_balanced,0.0298778918364571,0.5350291330862538,reserved,speciation,Jakobsen2005_state_009::CO3^2-,CO3^2-,293.15,0.3,Jakobsen,0.11,0.0001,dimensionless,0.001293223883698,speciation_fit_calorimetry_balanced
calorimetry_balanced,0.0298778918364571,0.5350291330862538,reserved,speciation,Jakobsen2005_state_010::CO3^2-,CO3^2-,293.15,0.3,Jakobsen,0.21,0.0004,dimensionless,0.0020566928968145,speciation_fit_calorimetry_balanced
calorimetry_balanced,0.0298778918364571,0.5350291330862538,reserved,speciation,Jakobsen2005_state_012::CO3^2-,CO3^2-,293.15,0.3,Jakobsen,0.25,0.0006,dimensionless,0.0023567591117368,speciation_fit_calorimetry_balanced
calorimetry_balanced,0.0298778918364571,0.5350291330862538,reserved,speciation,Jakobsen2005_state_011::CO3^2-,CO3^2-,293.15,0.3,Jakobsen,0.29,0.0006,dimensionless,0.0026644125973868,speciation_fit_calorimetry_balanced
calorimetry_balanced,0.0298778918364571,0.5350291330862538,reserved,speciation,Jakobsen2005_state_013::CO3^2-,CO3^2-,293.15,0.3,Jakobsen,0.4,0.0012,dimensionless,0.0035294071114061,speciation_fit_calorimetry_balanced
calorimetry_balanced,0.0298778918364571,0.5350291330862538,reserved,speciation,Jakobsen2005_state_014::CO3^2-,CO3^2-,293.15,0.3,Jakobsen,0.6,0.0014,dimensionless,0.0033374315772008,speciation_fit_calorimetry_balanced
calorimetry_balanced,0.0298778918364571,0.5350291330862538,reserved,speciation,Jakobsen2005_state_015::CO3^2-,CO3^2-,293.15,0.3,Jakobsen,0.78,0.0014,dimensionless,0.001777581985536,speciation_fit_calorimetry_balanced
calorimetry_balanced,0.0298778918364571,0.5350291330862538,reserved,speciation,Jakobsen2005_state_016::CO3^2-,CO3^2-,293.15,0.3,Jakobsen,0.99,0.0017,dimensionless,0.0003352180941186,speciation_fit_calorimetry_balanced
calorimetry_balanced,0.0298778918364571,0.5350291330862538,reserved,speciation,Jakobsen2005_state_017::CO3^2-,CO3^2-,313.15,0.3,Jakobsen,0.11,0.0001,dimensionless,0.0005348892864198,speciation_fit_calorimetry_balanced
calorimetry_balanced,0.0298778918364571,0.5350291330862538,reserved,speciation,Jakobsen2005_state_018::CO3^2-,CO3^2-,313.15,0.3,Jakobsen,0.21,0.0027,dimensionless,0.0008142013406047,speciation_fit_calorimetry_balanced
calorimetry_balanced,0.0298778918364571,0.5350291330862538,reserved,speciation,Jakobsen2005_state_020::CO3^2-,CO3^2-,313.15,0.3,Jakobsen,0.25,0.0004,dimensionless,0.0009179302210847,speciation_fit_calorimetry_balanced
calorimetry_balanced,0.0298778918364571,0.5350291330862538,reserved,speciation,Jakobsen2005_state_019::CO3^2-,CO3^2-,313.15,0.3,Jakobsen,0.29,0.0004,dimensionless,0.0010205511978734,speciation_fit_calorimetry_balanced
calorimetry_balanced,0.0298778918364571,0.5350291330862538,reserved,speciation,Jakobsen2005_state_021::CO3^2-,CO3^2-,313.15,0.3,Jakobsen,0.4,0.001,dimensionless,0.0012823738460761,speciation_fit_calorimetry_balanced
calorimetry_balanced,0.0298778918364571,0.5350291330862538,reserved,speciation,Jakobsen2005_state_022::CO3^2-,CO3^2-,313.15,0.3,Jakobsen,0.6,0.0009,dimensionless,0.0011530060258252,speciation_fit_calorimetry_balanced
calorimetry_balanced,0.0298778918364571,0.5350291330862538,reserved,speciation,Jakobsen2005_state_023::CO3^2-,CO3^2-,313.15,0.3,Jakobsen,0.78,0.0009,dimensionless,0.0006283892029689,speciation_fit_calorimetry_balanced
calorimetry_balanced,0.0298778918364571,0.5350291330862538,reserved,speciation,Jakobsen2005_state_024::CO3^2-,CO3^2-,313.15,0.3,Jakobsen,0.99,0.0011,dimensionless,0.0001859456912966,speciation_fit_calorimetry_balanced
