temperature_C,loading_mol_CO2_per_mol_MEA,predicted_pCO2_kPa
40,0.0888,0.001809659380047413
40,0.0892194086429113,0.0018285712491847809
40,0.0896388172858226,0.0018476823462239926
40,0.09005822592873389,0.0018669906377202419
40,0.09047763457164519,0.0018864939394477374
40,0.09089704321455648,0.001906189912218107
40,0.09131645185746778,0.0019260760577084822
40,0.09173586050037907,0.0019461497143046626
40,0.09215526914329038,0.001966408052965174
40,0.09257467778620167,0.0019868480731121334
40,0.09299408642911297,0.0020074665985552174
40,0.09341349507202426,0.002028260273455184
40,0.09383290371493556,0.0020492255583337373
40,0.09425231235784685,0.002070358726136688
40,0.09467172100075816,0.0020916558583576887
40,0.09509112964366945,0.002113112841230058
40,0.09551053828658075,0.0021347253619943976
40,0.09592994692949204,0.0021564889052500327
40,0.09634935557240334,0.002178398749398463
40,0.09676876421531463,0.002200449963187341
40,0.09718817285822594,0.0022226374023636133
40,0.09760758150113723,0.0022449557064447368
40,0.09802699014404853,0.002267399295617166
40,0.09844639878695982,0.002289962367771327
40,0.09886580742987111,0.0023126388956827165
40,0.09928521607278241,0.002335422624348739
40,0.09970462471569372,0.002358307068491256
40,0.10012403335860501,0.0023812855102348304
40,0.1005434420015163,0.0024043509969709134
40,0.1009628506444276,0.0024274963394182647
40,0.10138225928733889,0.002450714109890118
40,0.1018016679302502,0.0024739966407786064
40,0.102,0.002485026892967522
40,0.10222107657316148,0.0024973527373492333
40,0.10264048521607279,0.0025208680054956433
40,0.10305989385898408,0.0025445565857652387
40,0.10347930250189538,0.0025684195169881894
40,0.10389871114480667,0.0025924578465284284
40,0.10431811978771797,0.0026166726304121643
40,0.10473752843062926,0.0026410649334580615
40,0.10515693707354057,0.002665635829409097
40,0.10557634571645186,0.0026903864010661476
40,0.10599575435936316,0.00271531774042324
40,0.10641516300227445,0.0027404309488046077
40,0.10683457164518576,0.002765727137003464
40,0.10725398028809704,0.002791207425422528
40,0.10767338893100833,0.0028168729442163898
40,0.10809279757391964,0.002842724833435673
40,0.10851220621683094,0.0028687642431729863
40,0.10893161485974223,0.002894992333710779
40,0.10935102350265352,0.002921410275671054
40,0.10977043214556483,0.002948019250166927
40,0.11018984078847613,0.0029748204489561687
40,0.11060924943138742,0.003001815074596602
40,0.11102865807429871,0.0030290043406035272
40,0.11144806671721001,0.003056389471609042
40,0.11186747536012132,0.0030839717035234184
40,0.1122868840030326,0.0031117522836985032
40,0.1127062926459439,0.003139732471093073
40,0.1131257012888552,0.003167913536440383
40,0.11354510993176649,0.0031962967624176762
40,0.11396451857467779,0.0032248834438179056
40,0.11438392721758908,0.003253674887723529
40,0.11480333586050039,0.0032826724136824936
40,0.11522274450341168,0.0033118773538863932
40,0.11564215314632298,0.0033412910533508464
40,0.11606156178923427,0.0033709148700981077
40,0.11648097043214557,0.0034007501753419555
40,0.11690037907505686,0.0034307983536748317
40,0.11731978771796817,0.00346106080325735
40,0.11773919636087946,0.003491538936010137
40,0.11815860500379076,0.003522234177808004
40,0.11857801364670205,0.0035531479686766016
40,0.11899742228961335,0.0035842817629914364
40,0.11941683093252464,0.003615637029679389
40,0.11983623957543593,0.0036472152524227035
40,0.12025564821834724,0.003679017929865544
40,0.12067505686125854,0.003711046575823047
40,0.12109446550416983,0.0037433027194929956
40,0.12151387414708112,0.0037757879056701388
40,0.12193328278999242,0.003808503694963107
40,0.12235269143290373,0.0038414516640140578
40,0.12277210007581502,0.003874633405721031
40,0.1231915087187263,0.003908050529463071
40,0.12361091736163761,0.003941704661328111
40,0.12403032600454891,0.003975597444343736
40,0.1244497346474602,0.004009730538710766
40,0.12486914329037149,0.004044105622039773
40,0.1252885519332828,0.004078724389590504
40,0.1257079605761941,0.004113588554514339
40,0.1261273692191054,0.004148699848099724
40,0.12654677786201668,0.004184060020020668
40,0.12696618650492797,0.004219670838588384
40,0.12738559514783926,0.0042555340910060005
40,0.12780500379075058,0.004291651583626512
40,0.12822441243366187,0.004328025142213963
40,0.12864382107657316,0.004364656612207863
40,0.12906322971948447,0.004401547858990954
40,0.12948263836239576,0.004438700768160308
40,0.12990204700530705,0.004476117245801865
40,0.13032145564821834,0.004513799218768429
40,0.13074086429112963,0.004551748634961108
40,0.13116027293404095,0.004589967463614404
40,0.13157968157695224,0.004628457695584784
40,0.13199909021986353,0.00466722134364304
40,0.13241849886277485,0.004706260442770241
40,0.13283790750568614,0.004745577050457469
40,0.13325731614859743,0.0047851732470094235
40,0.13367672479150872,0.004825051135851794
40,0.13409613343442,0.004865212843842614
40,0.13451554207733132,0.004905660521587606
40,0.1349349507202426,0.004946396343759449
40,0.1353543593631539,0.004987422509421291
40,0.13577376800606522,0.005028741242354266
40,0.1361931766489765,0.005070354791389317
40,0.1366125852918878,0.005112265430743231
40,0.1370319939347991,0.005154475460359056
40,0.13745140257771038,0.005196987206250834
40,0.13787081122062167,0.005239803020852873
40,0.138290219863533,0.005282925283373526
40,0.13870962850644428,0.005326356400153488
40,0.13912903714935557,0.0053700988050288745
40,0.13954844579226688,0.005414154959698907
40,0.13996785443517817,0.005458527354098495
40,0.14038726307808946,0.00550321850677561
40,0.14080667172100075,0.005548230965273651
40,0.14122608036391204,0.005593567306518809
40,0.14164548900682336,0.0056392301372125185
40,0.14206489764973465,0.005685222094229065
40,0.14248430629264594,0.005731545845018504
40,0.14290371493555726,0.005778204088014785
40,0.14332312357846855,0.005825199553049404
40,0.14374253222137984,0.005872535001770453
40,0.14416194086429113,0.005920213228067344
40,0.14458134950720242,0.005968237058501011
40,0.14500075815011373,0.006016609352740083
40,0.14542016679302502,0.006065333004002682
40,0.14583957543593631,0.0061144109395042945
40,0.14625898407884763,0.006163846120911547
40,0.14667839272175892,0.006213641544802147
40,0.1470978013646702,0.0062638002431310005
40,0.1475172100075815,0.006314325283702643
40,0.1479366186504928,0.0063652197706500135
40,0.14835602729340408,0.006416486844919789
40,0.1487754359363154,0.006468129684764263
40,0.1491948445792267,0.006520151506239921
40,0.14961425322213798,0.006572555563712861
40,0.1500336618650493,0.006625345150371056
40,0.15045307050796058,0.006678523598743694
40,0.15087247915087187,0.0067320942812276
40,0.15129188779378316,0.006786060610620933
40,0.15171129643669445,0.006840426040664175
40,0.15213070507960577,0.0068951940665886976
40,0.15255011372251706,0.00695036822567278
40,0.15296952236542838,0.007005952097805446
40,0.153,0.00701000733849552
40,0.15338893100833967,0.007061822071052206
40,0.15380833965125096,0.0071178201577006515
40,0.15422774829416225,0.007173959702022831
40,0.15464715693707354,0.007230255359380003
40,0.15506656557998483,0.007286722310215422
40,0.15548597422289612,0.007343376264332054
40,0.15590538286580743,0.007400233465497481
40,0.15632479150871872,0.007457310696397844
40,0.15674420015163004,0.007514625283962927
40,0.15716360879454133,0.007572195105084897
40,0.15758301743745262,0.0076300385927537346
40,0.1580024260803639,0.007688174742632511
40,0.1584218347232752,0.0077466231200963446
40,0.1588412433661865,0.007805403867759392
40,0.1592606520090978,0.007864537713514376
40,0.1596800606520091,0.007924045979110199
40,0.16009946929492042,0.00798395058929333
40,0.1605188779378317,0.008044274081539562
40,0.160938286580743,0.00810503961640322
40,0.16135769522365428,0.008166270988511753
40,0.16177710386656557,0.008227992638234366
40,0.16219651250947686,0.008290229664054054
40,0.16261592115238818,0.008353007835673304
40,0.163,0.008410994982762935
40,0.16303532979529947,0.008416352993856622
40,0.1634547384382108,0.008480187046835053
40,0.16387414708112208,0.008544441468798826
40,0.16429355572403337,0.008609116477652112
40,0.16471296436694466,0.008674212238005595
40,0.16513237300985595,0.008739728860178105
40,0.16555178165276724,0.008805666399192532
40,0.16597119029567853,0.008872024853766241
40,0.16639059893858985,0.008938804165296119
40,0.16681000758150114,0.009006004216838575
40,0.16722941622441245,0.009073624832084666
40,0.16764882486732374,0.009141665774330532
40,0.16806823351023503,0.009210126745443388
40,0.16848764215314632,0.009279007384823427
40,0.1689070507960576,0.009348307268361654
40,0.1693264594389689,0.009418025907394139
40,0.16974586808188022,0.009488162747652762
40,0.17,0.00953086391477783
40,0.1701652767247915,0.009558721259993803
40,0.17058468536770283,0.00962974101274363
40,0.17100409401061412,0.00970123481075561
40,0.1714235026535254,0.009773206064282319
40,0.1718429112964367,0.009845658216158203
40,0.17226231993934799,0.009918594742168269
40,0.17268172858225928,0.009992019151421151
40,0.1731011372251706,0.010065934986726442
40,0.17352054586808188,0.010140345824976454
40,0.1739399545109932,0.010215255277532385
40,0.1743593631539045,0.010290666990614974
40,0.17477877179681578,0.010366584645699768
40,0.17519818043972707,0.01044301195991695
40,0.17561758908263836,0.010519952686455853
40,0.17603699772554965,0.010597410614974205
40,0.17645640636846094,0.010675389572012221
40,0.17687581501137226,0.01075389342141143
40,0.17729522365428355,0.01083292606473856
40,0.17771463229719486,0.010912491441714337
40,0.17813404094010615,0.010992593530647337
40,0.17855344958301744,0.011073236348872934
40,0.17897285822592873,0.01115442395319751
40,0.17939226686884002,0.011236160440347802
40,0.1798116755117513,0.011318449947425684
40,0.18023108415466263,0.01140129665236825
40,0.18065049279757392,0.011484704774413346
40,0.18106990144048524,0.011568678574570779
40,0.18148931008339653,0.011653222356098936
40,0.18190871872630782,0.011738340464987217
40,0.1823281273692191,0.011824037290444149
40,0.1827475360121304,0.011910317265391423
40,0.18316694465504169,0.011997184866963691
40,0.183586353297953,0.012084644617014494
40,0.1840057619408643,0.012172701082628183
40,0.1844251705837756,0.01226135887663799
40,0.1848445792266869,0.012350622658150349
40,0.1852639878695982,0.012440497133075549
40,0.18568339651250948,0.012530987054664698
40,0.18610280515542077,0.012622097224053264
40,0.18652221379833206,0.012713832490811197
40,0.18694162244124335,0.012806197753499556
40,0.18736103108415467,0.012899197960234107
40,0.18778043972706596,0.01299283810925556
40,0.18819984836997727,0.013087123249506902
40,0.18861925701288856,0.013182058481217611
40,0.18903866565579985,0.013277648956495112
40,0.18945807429871114,0.013373899879923386
40,0.18987748294162243,0.0134708165091689
40,0.19029689158453372,0.013568404155593985
40,0.19071630022744504,0.013666668184877684
40,0.191,0.01373352297408541
40,0.19113570887035633,0.01376560038074448
40,0.19155511751326765,0.013865030311042732
40,0.19197452615617894,0.013964940390447723
40,0.19239393479909023,0.014065376834341302
40,0.19281334344200152,0.014166387159230314
40,0.1932327520849128,0.014268020200673638
40,0.1936521607278241,0.014370326132855995
40,0.194,0.014455721498626228
40,0.19407156937073541,0.014473355376074405
40,0.1944909780136467,0.014577100628939977
40,0.19491038665655802,0.014681546176775731
40,0.1953297952994693,0.014786697145803055
40,0.1957492039423806,0.014892558708324462
40,0.1961686125852919,0.014999136083203725
40,0.19658802122820318,0.015106434536351234
40,0.19700742987111447,0.01521445938121476
40,0.19742683851402576,0.015323215979275717
40,0.19784624715693708,0.015432709740550936
40,0.19826565579984837,0.015542946124100078
40,0.19868506444275968,0.01565393063853864
40,0.19910447308567097,0.015765668842556747
40,0.19952388172858226,0.0158781663454438
40,0.19994329037149355,0.01599142880761888
40,0.20036269901440484,0.016105461941167198
40,0.20078210765731613,0.016220271510382554
40,0.20120151630022745,0.016335863332315858
40,0.20162092494313874,0.01645224327732985
40,0.20204033358605006,0.016569417269660033
40,0.20245974222896135,0.01668739128798201
40,0.20287915087187264,0.016806171365985112
40,0.203,0.016840547314107255
40,0.20329855951478393,0.016925757775843316
40,0.20371796815769522,0.017046133567437928
40,0.2041373768006065,0.017167289802001832
40,0.20455678544351782,0.017289217959084172
40,0.20497619408642911,0.017411909170667518
40,0.20539560272934043,0.017535354215423165
40,0.20581501137225172,0.017659543513004392
40,0.206,0.017714553673509825
40,0.206234420015163,0.017784485714782198
40,0.2066538286580743,0.01791026607967716
40,0.2070732373009856,0.018036901728476468
40,0.20749264594389688,0.01816439878027979
40,0.20791205458680817,0.018292763404283836
40,0.2083314632297195,0.018422001820249584
40,0.20875087187263078,0.018552120298974243
40,0.2091702805155421,0.018683125162768047
40,0.20958968915845338,0.01881502278593573
40,0.21000909780136467,0.01894781959526308
40,0.21042850644427596,0.01908152207050834
40,0.21084791508718725,0.01921613674489863
40,0.21126732373009854,0.019351670205631392
40,0.21168673237300986,0.019488129094380954
40,0.21210614101592115,0.01962552010781032
40,0.21252554965883247,0.019763849998088143
40,0.21294495830174376,0.019903125573410927
40,0.21336436694465505,0.02004335369853063
40,0.21378377558756634,0.020184541295287642
40,0.21420318423047763,0.020326695343149247
40,0.21462259287338892,0.02046982287975352
40,0.2150420015163002,0.020613931001458915
40,0.21546141015921155,0.020759026863899428
40,0.21588081880212284,0.020905117682545375
40,0.21630022744503413,0.02105221073327018
40,0.21671963608794542,0.021200313352922683
40,0.2171390447308567,0.021349432939905606
40,0.217558453373768,0.021499576954759823
40,0.2179778620166793,0.02165075292075466
40,0.21839727065959058,0.02180296842448439
40,0.21881667930250187,0.02195623111647079
40,0.21923608794541322,0.02211054871177195
40,0.2196554965883245,0.02226592899059733
40,0.2200749052312358,0.022422379798929373
40,0.22049431387414709,0.022579909049151307
40,0.22091372251705838,0.02273852472068161
40,0.22133313115996966,0.02289823486061502
40,0.22175253980288095,0.02305904758437023
40,0.22217194844579224,0.023220971076344226
40,0.2225913570887036,0.023384013590573557
40,0.22301076573161488,0.02354818345140236
40,0.22343017437452617,0.023713489054157454
40,0.22384958301743746,0.02387993886583049
40,0.22426899166034875,0.024047541425766986
40,0.22468840030326004,0.02421630534636295
40,0.22510780894617133,0.024386239313768373
40,0.22552721758908262,0.024557352088598435
40,0.22594662623199396,0.02472965250665193
40,0.22636603487490525,0.024903149479637187
40,0.22678544351781654,0.025077851995905943
40,0.22720485216072783,0.025253769121194508
40,0.22762426080363912,0.025430909999372895
40,0.2280436694465504,0.025609283853201943
40,0.2284630780894617,0.025788899985098163
40,0.228882486732373,0.025969767777906855
40,0.22930189537528428,0.0261518966956832
40,0.22972130401819563,0.026335296284481783
40,0.23014071266110692,0.026519976173154193
40,0.2305601213040182,0.02670594607415535
40,0.2309795299469295,0.026893215784358177
40,0.23139893858984079,0.027081795185876882
40,0.23181834723275208,0.027271694246899063
40,0.232,0.027354354735431557
40,0.23223775587566337,0.02746291137189719
40,0.23265716451857466,0.02765540367850389
40,0.233076573161486,0.02784917709159687
40,0.2334959818043973,0.028044244597604073
40,0.23391539044730858,0.028240619368636616
40,0.23433479909021987,0.028438314765059387
40,0.23475420773313116,0.028637344338101528
40,0.23517361637604245,0.028837721832507077
40,0.23559302501895374,0.029039461189226762
40,0.23601243366186503,0.029242576548151666
40,0.23643184230477637,0.0294470822508896
40,0.23685125094768766,0.029652992843584795
40,0.23727065959059895,0.029860323079782175
40,0.23769006823351024,0.03006908792333654
40,0.23810947687642153,0.03027930255136783
40,0.23852888551933282,0.030490982357263392
40,0.2389482941622441,0.030704142953727687
40,0.2393677028051554,0.030918800175881226
40,0.2397871114480667,0.031134970084408426
40,0.24020652009097804,0.03135266896875681
40,0.24062592873388933,0.031571913350386824
40,0.24104533737680062,0.031792719986075135
40,0.2414647460197119,0.03201510587127061
40,0.2418841546626232,0.03223908824350534
40,0.242,0.0323012383846178
40,0.2423035633055345,0.03246467010758242
40,0.24272297194844578,0.03269182889946079
40,0.24314238059135707,0.032920577242062196
40,0.2435617892342684,0.03315093000636625
40,0.2439811978771797,0.03338290224608544
40,0.244400606520091,0.033616509200051575
40,0.24482001516300228,0.033851766294635995
40,0.24523942380591357,0.034088689146204366
40,0.24565883244882486,0.034327293563606996
40,0.246,0.03452263743721758
40,0.24607824109173615,0.03456759414133977
40,0.24649764973464744,0.03480955815098715
40,0.24691705837755878,0.03505319002057758
40,0.24733646702047007,0.03529852345343465
40,0.24775587566338136,0.03554559285512272
40,0.24817528430629265,0.03579443334495633
40,0.24859469294920394,0.036045080767813625
40,0.24901410159211523,0.036297571706262216
40,0.24943351023502652,0.0365519434930075
40,0.2498529188779378,0.03680823422367242
40,0.25,0.03689857369002568
40,0.2502723275208491,0.037066449597500405
40,0.25069173616376045,0.03732650296352788
40,0.25111114480667174,0.037588399216002794
40,0.251530553449583,0.03785215252051752
40,0.2519499620924943,0.03811777716538448
40,0.2523693707354056,0.03838528756281764
40,0.2527887793783169,0.038654698250126206
40,0.2532081880212282,0.03892602389092088
40,0.2536275966641395,0.03919927927633294
40,0.2540470053070508,0.03947447932624573
40,0.2544664139499621,0.03975163909053923
40,0.2548858225928734,0.0400307737503479
40,0.2553052312357847,0.04031189861933138
40,0.255724639878696,0.04059502914495871
40,0.25614404852160727,0.04088018090980609
40,0.25656345716451856,0.04116736963286822
40,0.25698286580742985,0.04145661117088352
40,0.2574022744503412,0.04174792151967343
40,0.2578216830932525,0.04204131681549531
40,0.2582410917361638,0.04233681333641058
40,0.25866050037907506,0.04263442750366631
40,0.25907990902198635,0.042934175883092236
40,0.25949931766489764,0.04323607518651194
40,0.25991872630780893,0.04354014227316948
40,0.2603381349507202,0.04384639415117084
40,0.2607575435936315,0.044154847978940606
40,0.26117695223654286,0.04446552106669473
40,0.26159636087945415,0.04477843087792794
40,0.26201576952236544,0.045093595030917935
40,0.26243517816527673,0.04541103130024502
40,0.262854586808188,0.04573075761832816
40,0.2632739954510993,0.046052792076977385
40,0.2636934040940106,0.046377152928962655
40,0.2641128127369219,0.04670385858959962
40,0.26453222137983323,0.047032927638352394
40,0.2649516300227445,0.04736437882045312
40,0.2653710386656558,0.047698231048539375
40,0.2657904473085671,0.04803450340430878
40,0.2662098559514784,0.04837321514019148
40,0.2666292645943897,0.0487143856810405
40,0.26704867323730097,0.049058034625840366
40,0.26746808188021226,0.049404181749434006
40,0.2678874905231236,0.04975284700426841
40,0.2683068991660349,0.05010405052215864
40,0.2687263078089462,0.05045781261607168
40,0.269,0.05069005540474026
40,0.2691457164518575,0.050814119796313804
40,0.26956512509476876,0.051172676651904996
40,0.26998453373768005,0.05153367412965616
40,0.27040394238059134,0.05189745373108413
40,0.27082335102350263,0.05226436625136196
40,0.271242759666414,0.052634771967529234
40,0.27166216830932527,0.053009040850930084
40,0.272,0.053313579818848905
40,0.27208157695223656,0.05338751877277549
40,0.27250098559514785,0.053769325289545124
40,0.27292039423805914,0.054153938940018416
40,0.27333980288097043,0.05454138214866387
40,0.2737592115238817,0.05493167753931506
40,0.274178620166793,0.05532484793712116
40,0.2745980288097043,0.05572091637051889
40,0.27501743745261564,0.05611990607322483
40,0.27543684609552693,0.056521840486248996
40,0.2758562547384382,0.05692674325993019
40,0.2762756633813495,0.05733463825599241
40,0.2766950720242608,0.057745549549623465
40,0.2771144806671721,0.058159501431575736
40,0.2775338893100834,0.05857651841028916
40,0.27795329795299467,0.058996625214036966
40,0.278372706595906,0.05941984679309435
40,0.2787921152388173,0.05984620832192999
40,0.2792115238817286,0.06027573520142162
40,0.2796309325246399,0.06070845306109465
40,0.2800503411675512,0.06114438776138502
40,0.28046974981046247,0.06158356539592649
40,0.28088915845337376,0.06202601229386209
40,0.28130856709628504,0.062471755022180574
40,0.2817279757391964,0.06292082038807806
40,0.2821473843821077,0.06337323544134466
40,0.28256679302501897,0.06382902747677732
40,0.28298620166793026,0.06428822403661835
40,0.28340561031084155,0.06475085291302003
40,0.28382501895375284,0.06521694215053613
40,0.28424442759666413,0.06568652004864016
40,0.2846638362395754,0.06615961516427092
40,0.2850832448824867,0.06663625631440519
40,0.28550265352539805,0.06711647257865892
40,0.28592206216830934,0.06760029330191573
40,0.28634147081122063,0.06808774809698474
40,0.2867608794541319,0.06857886684728665
40,0.2871802880970432,0.06907367970956893
40,0.2875996967399545,0.06957221711665107
40,0.2880191053828658,0.07007450978019886
40,0.2884385140257771,0.0705805886935296
40,0.2888579226686884,0.07109048513444732
40,0.2892773313115997,0.07160423066810893
40,0.289696739954511,0.07212185714992211
40,0.2901161485974223,0.07264339672847418
40,0.2905355572403336,0.07316888184849323
40,0.2909549658832449,0.07369834525384175
40,0.29137437452615617,0.07423181999054262
40,0.29179378316906746,0.07476933940983878
40,0.2922131918119788,0.07531093717128574
40,0.2926326004548901,0.07585664724587844
40,0.2930520090978014,0.07640650391921246
40,0.29347141774071267,0.07696054179467957
40,0.29389082638362396,0.07751879579669878
40,0.29431023502653525,0.07808130117398271
40,0.29472964366944654,0.07864809350283979
40,0.29514905231235783,0.07921920869051317
40,0.2955684609552691,0.07979468297855642
40,0.29598786959818046,0.08037455294624586
40,0.29640727824109175,0.08095885551403133
40,0.29682668688400304,0.08154762794702491
40,0.29724609552691433,0.08214090785852765
40,0.2976655041698256,0.08273873321359636
40,0.2980849128127369,0.08334114233264873
40,0.2985043214556482,0.08394817389510945
40,0.2989237300985595,0.0845598669430962
40,0.29934313874147084,0.0851762608851467
40,0.2997625473843821,0.08579739549998701
40,0.3001819560272934,0.08642331094034233
40,0.3006013646702047,0.08705404773678944
40,0.301020773313116,0.0876896468016525
40,0.3014401819560273,0.08833014943294236
40,0.3018595905989386,0.08897559731833937
40,0.30227899924184987,0.08962603253922109
40,0.3026984078847612,0.0902814975747351
40,0.3031178165276725,0.09094203530591644
40,0.3035372251705838,0.09160768901985264
40,0.3039566338134951,0.09227850241389417
40,0.30437604245640637,0.09295451959991231
40,0.30479545109931766,0.09363578510860561
40,0.30521485974222895,0.0943223438938533
40,0.30563426838514024,0.0950142413371191
40,0.30605367702805153,0.09571152325190355
40,0.3064730856709629,0.09641423588824688
40,0.30689249431387416,0.09712242593728222
40,0.30731190295678545,0.09783614053584098
40,0.30773131159969674,0.09855542727110918
40,0.30815072024260803,0.09928033418533697
40,0.3085701288855193,0.1000109097806015
40,0.3089895375284306,0.10074720302362282
40,0.3094089461713419,0.10148926335063543
40,0.30982835481425325,0.10223714067231439
40,0.31024776345716454,0.10299088537875677
40,0.31066717210007583,0.10375054834452116
40,0.3110865807429871,0.10451618093372271
40,0.3115059893858984,0.10528783500518729
40,0.3119253980288097,0.1060655629176636
40,0.312344806671721,0.10684941753509497
40,0.3127642153146323,0.10763945223195101
40,0.3131836239575436,0.10843572089862044
40,0.3136030326004549,0.10923827794686444
40,0.3140224412433662,0.11004717831533403
40,0.3144418498862775,0.11086247747514896
40,0.3148612585291888,0.11168423143554082
40,0.31528066717210007,0.11251249674956142
40,0.31570007581501136,0.1133473305198556
40,0.31611948445792265,0.11418879040450101
40,0.31653889310083394,0.11503693462291466
40,0.3169583017437453,0.11589182196182712
40,0.3173777103866566,0.11675351178132543
40,0.31779711902956786,0.11762206402096617
40,0.31821652767247915,0.11849753920595806
40,0.31863593631539044,0.1193799984534162
40,0.31905534495830173,0.12026950347868855
40,0.319474753601213,0.12116611660175523
40,0.3198941622441243,0.12206990075370192
40,0.32031357088703566,0.12298091948326796
40,0.32073297952994695,0.12389923696346995
40,0.321,0.12448772472927452
40,0.32115238817285824,0.12482514102291163
40,0.32157179681576953,0.1257610634335963
40,0.3219912054586808,0.12670743502260287
40,0.3224106141015921,0.12766396892373705
40,0.3228300227445034,0.12863036748096765
40,0.3232494313874147,0.1296063219435481
40,0.32366884003032603,0.1305915121676305
40,0.3240882486732373,0.13158560632494168
40,0.3245076573161486,0.13258826061911363
40,0.3249270659590599,0.1335991190102876
40,0.3253464746019712,0.1346178129486337
40,0.3257658832448825,0.13564396111745475
40,0.326,0.13621986015122786
40,0.32618529188779377,0.13667734310903099
40,0.32660470053070506,0.13771907346899503
40,0.32702410917361635,0.1387695409763853
40,0.3274435178165277,0.13982888768870746
40,0.327862926459439,0.1408972583513136
40,0.3282823351023503,0.14197480044606295
40,0.32870174374526157,0.1430616642411086
40,0.32912115238817286,0.14415800284184138
40,0.32954056103108414,0.1452639722430199
40,0.32995996967399543,0.14637973138211868
40,0.33,0.14648674233012235
40,0.3303793783169067,0.14750510474049225
40,0.33079878695981807,0.14863974831762022
40,0.33121819560272936,0.1497837838561936
40,0.33163760424564065,0.150937338908484
40,0.33205701288855194,0.1521005431778255
40,0.33247642153146323,0.1532735285549664
40,0.3328958301743745,0.15445642915514873
40,0.3333152388172858,0.15564938135593162
40,0.3337346474601971,0.1568525238357761
40,0.33415405610310844,0.1580659976134086
40,0.33457346474601973,0.1592899460879805
40,0.334992873388931,0.16052451508004426
40,0.3354122820318423,0.161769852873361
40,0.3358316906747536,0.1630261102575628
40,0.3362510993176649,0.16429344057168652
40,0.3366705079605762,0.16557199974860048
40,0.337,0.16658442897035755
40,0.33708991660348747,0.16686194118356987
40,0.33750932524639876,0.16816325640016097
40,0.3379287338893101,0.16947596895973707
40,0.3383481425322214,0.1708001644284052
40,0.3387675511751327,0.17213592876010927
40,0.339186959818044,0.17348334829285647
40,0.33960636846095527,0.17484250974481344
40,0.34002577710386656,0.176213500210269
40,0.34044518574677785,0.17759640715546074
40,0.34086459438968914,0.17899131841426555
40,0.3412840030326004,0.18039832218375
40,0.3417034116755117,0.1818175070195796
40,0.34212282031842306,0.18324896183128542
40,0.34254222896133435,0.1846927758773837
40,0.34296163760424564,0.18614903876035072
40,0.34338104624715693,0.18761784042144597
40,0.3438004548900682,0.189099271135385
40,0.3442198635329795,0.1905934215048585
40,0.3446392721758908,0.1921003824548961
40,0.345,0.19340681661541131
40,0.3450586808188021,0.19362026654719613
40,0.34547808946171343,0.1951544497968809
40,0.3458974981046247,0.19670355543368884
40,0.346316906747536,0.1982673533439355
40,0.3467363153904473,0.19984560284540173
40,0.3471557240333586,0.20143805241893994
40,0.3475751326762699,0.2030444394422858
40,0.34799454131918117,0.20466448992640437
40,0.348,0.20468566400510255
40,0.34841394996209246,0.2062987703338962
40,0.34883335860500375,0.2079480801194288
40,0.3492527672479151,0.20961242014238304
40,0.3496721758908264,0.21129178793248005
40,0.35,0.21261489924637827
40,0.3500915845337377,0.21298619001294627
40,0.35051099317664897,0.2146959624651914
40,0.35093040181956026,0.21642124961388093
40,0.35134981046247155,0.21816203474685564
40,0.35176921910538284,0.21991829729886733
40,0.352,0.220891278801372
40,0.3521886277482941,0.22169013203840032
40,0.35260803639120547,0.2234784773524943
40,0.353,0.22516506318475038
40,0.35302744503411676,0.22528370926780084
40,0.35344685367702805,0.22710492882386074
40,0.35386626231993934,0.22894201133501635
40,0.35428567096285063,0.2307959403526455
40,0.3547050796057619,0.2326677279851899
40,0.355,0.2339951892274057
40,0.3551244882486732,0.23455827220331785
40,0.3555438968915845,0.2364661080209997
40,0.35596330553449584,0.23839076872827306
40,0.35638271417740713,0.24033253091649395
40,0.3568021228203184,0.24229167660726492
40,0.3572215314632297,0.24426849335491665
40,0.357640940106141,0.2462632743514156
40,0.3580603487490523,0.2482763185337598
40,0.3584797573919636,0.2503079306939331
40,0.3588991660348749,0.2523584215914843
40,0.35931857467778616,0.2544281080688037
40,0.3597379833206975,0.25651731316917026
40,0.36,0.25783255169572833
40,0.3601573919636088,0.25862626943690337
40,0.3605768006065201,0.2607543244098439
40,0.3609962092494314,0.2629016174952078
40,0.36141561789234267,0.2650685702718008
40,0.36183502653525396,0.26725561399000525
40,0.36225443517816525,0.2694631897712717
40,0.36267384382107654,0.2716917488135506
40,0.3630932524639879,0.2739417526028551
40,0.36351266110689917,0.27621367313115347
40,0.36393206974981046,0.27850799312080143
40,0.36435147839272175,0.28082520625571655
40,0.36477088703563304,0.2831658174195203
40,0.365,0.28445450432014613
40,0.36519029567854433,0.2855301235265143
40,0.3656097043214556,0.28791694094588277
40,0.3660291129643669,0.2903261693575188
40,0.36644852160727825,0.2927580117909467
40,0.36686793025018954,0.2952126729117989
40,0.36728733889310083,0.2976903590304656
40,0.3677067475360121,0.30019127811069973
40,0.3681261561789234,0.3027156397781846
40,0.3685455648218347,0.30526365532905775
40,0.368964973464746,0.30783553773839023
40,0.3693843821076573,0.3104315016686182
40,0.3698037907505686,0.31305176347792607
40,0.3702231993934799,0.31569654122857743
40,0.3706426080363912,0.3183660546951917
40,0.3710620166793025,0.3210605253729664
40,0.3714814253222138,0.32378017648583973
40,0.3719008339651251,0.32652523299459163
40,0.37232024260803637,0.32929592160488297
40,0.37273965125094766,0.33209247077522813
40,0.37315905989385895,0.33491511072489993
40,0.3735784685367703,0.33776407344176296
40,0.3739978771796816,0.34063959269003313
40,0.37441728582259287,0.34354190401796414
40,0.37483669446550416,0.3464712447654513
40,0.375,0.3476192075605455
40,0.37525610310841545,0.3494289948633098
40,0.37567551175132674,0.3524199161363929
40,0.37609492039423803,0.3554447289464381
40,0.3765143290371493,0.3585036903506278
40,0.37693373768006067,0.36159705747701626
40,0.377,0.36208894236381045
40,0.37735314632297196,0.3647232292784833
40,0.37777255496588324,0.3678791865651451
40,0.37819196360879453,0.3710651977483091
40,0.3786113722517058,0.37428160130876426
40,0.3790307808946171,0.3775287401400951
40,0.3794501895375284,0.38080696161247535
40,0.3798695981804397,0.38411661763747196
40,0.380289006823351,0.38745806473387373
40,0.38070841546626233,0.39083166409456593
40,0.3811278241091736,0.39423778165446344
40,0.3815472327520849,0.39767678815952917
40,0.3819666413949962,0.4011490592368866
40,0.3823860500379075,0.4046549754660525
40,0.3828054586808188,0.4081949224513064
40,0.38322486732373007,0.41176929089521647
40,0.38364427596664136,0.4153784766733429
40,0.3840636846095527,0.41902288091013895
40,0.384483093252464,0.4227029100560674
40,0.3849025018953753,0.42641897596596146
40,0.38532191053828657,0.43017149597864174
40,0.38574131918119786,0.43396089299781865
40,0.386,0.4363166715936117
40,0.38616072782410915,0.43778780040002974
40,0.38658013646702044,0.4416549045528841
40,0.38699954510993173,0.44556376780883983
40,0.3874189537528431,0.4495154877950057
40,0.38783836239575437,0.45351118989037636
40,0.38825777103866566,0.45755202790395455
40,0.38867717968157695,0.4616391847768326
40,0.389,0.4648173919483668
40,0.38909658832448824,0.46577361068762385
40,0.3895159969673995,0.46994969043890045
40,0.3899354056103108,0.47416521695707287
40,0.3903548142532221,0.47842087260712424
40,0.3907742228961334,0.48271735427158524
40,0.39119363153904474,0.4870553736445141
40,0.39161304018195603,0.49143565753284596
40,0.3920324488248673,0.4958589481653366
40,0.3924518574677786,0.5003260035093102
40,0.3928712661106899,0.5048375975954456
40,0.3932906747536012,0.5093945208508319
40,0.3937100833965125,0.5139975804405362
40,0.39412949203942377,0.5186476006179275
40,0.3945489006823351,0.5233454230840161
40,0.3949683093252464,0.5280919073560657
40,0.3953877179681577,0.5328879311457562
40,0.395807126611069,0.5377343907471652
40,0.39622653525398027,0.5426322014348635
40,0.39664594389689156,0.5475822978724136
40,0.39706535253980285,0.5525856345315798
40,0.39748476118271414,0.5576431861225575
40,0.3979041698256255,0.5627559480355502
40,0.3983235784685368,0.5679249367940179
40,0.39874298711144807,0.5731511905199509
40,0.39916239575435936,0.5784357694115088
40,0.39958180439727065,0.5837797562333962
40,0.4,0.5891685372460547
40,0.40000121304018194,0.5891842568034402
40,0.4004206216830932,0.5946482761175438
40,0.4008400303260045,0.6001704958946177
40,0.4012594389689158,0.6057515240418813
40,0.40167884761182715,0.6113919743360535
40,0.40209825625473844,0.6170924664662241
40,0.40251766489764973,0.6228536260767613
40,0.402937073540561,0.6286760848102368
40,0.4033564821834723,0.6345604803503707
40,0.4037758908263836,0.6405074564649829
40,0.4041952994692949,0.6465176630489466
40,0.4046147081122062,0.6525917561671349
40,0.4050341167551175,0.658730398097353
40,0.4054535253980288,0.6649342573732427
40,0.4058729340409401,0.671204008827165
40,0.4062923426838514,0.6775403336330327
40,0.4067117513267627,0.6839439193490997
40,0.407131159969674,0.6904154599606906
40,0.40755056861258526,0.6969556559228643
40,0.40796997725549655,0.7035652142029999
40,0.4083893858984079,0.7102448483232994
40,0.4088087945413192,0.7169952784031884
40,0.4092282031842305,0.7238172312016214
40,0.40964761182714177,0.7307114401592619
40,0.41006702047005306,0.7376786454405407
40,0.41048642911296435,0.7447195939755766
40,0.41090583775587564,0.7518350395019496
40,0.4113252463987869,0.7590257426063151
40,0.4117446550416982,0.7662924707658485
40,0.41216406368460956,0.7736359983895094
40,0.41258347232752085,0.7810571068591075
40,0.41300288097043214,0.7885565845701737
40,0.41342228961334343,0.7961352269726041
40,0.4138416982562547,0.8037938366110785
40,0.414261106899166,0.8115332231652376
40,0.4146805155420773,0.8193542034896029
40,0.4150999241849886,0.8272576016532304
40,0.41551933282789993,0.8352442489790819
40,0.4159387414708112,0.8433149840830982
40,0.4163581501137225,0.8514706529129716
40,0.4167775587566338,0.8597121087865862
40,0.417,0.8641182288226609
40,0.4171969673995451,0.8680426099808705
40,0.4176163760424564,0.8764789982790948
40,0.4180357846853677,0.8850243582374673
40,0.41845519332827896,0.8936786399741514
40,0.4188746019711903,0.9024417550736975
40,0.4192940106141016,0.9113135749988432
40,0.4197134192570129,0.9202939294833674
40,0.4201328278999242,0.9293826049066672
40,0.42055223654283547,0.938579342650835
40,0.42097164518574676,0.9478838374410524
40,0.421,0.948516763482389
40,0.42139105382865805,0.9572939790846853
40,0.42181046247156934,0.9668080746811808
40,0.4222298711144806,0.976427289478821
40,0.42264927975739197,0.9861528123271085
40,0.42306868840030326,0.99598584539891
40,0.42348809704321455,1.005927604331694
40,0.42390750568612584,1.01597931837007
40,0.42432691432903713,1.0261422305096572
40,0.4247463229719484,1.036417597642285
40,0.4251657316148597,1.046806690702533
40,0.425585140257771,1.0573107948156208
40,0.42600454890068234,1.067931209446655
40,0.42642395754359363,1.0786692485512386
40,0.4268433661865049,1.089526240727464
40,0.4272627748294162,1.1005035293692793
40,0.4276821834723275,1.1116024728212497
40,0.4281015921152388,1.1228244445347184
40,0.4285210007581501,1.1341708332253753
40,0.4289404094010614,1.1456430430322402
40,0.4293598180439727,1.157242493678074
40,0.429779226686884,1.1689706206312127
40,0.4301986353297953,1.1808288752688578
40,0.4306180439727066,1.192818725041801
40,0.4310374526156179,1.204941653640611
40,0.43145686125852917,1.2171991611632857
40,0.43187626990144046,1.2295927642843745
40,0.43229567854435175,1.2421239964255824
40,0.43271508718726304,1.254794407927862
40,0.433,1.2634818613475682
40,0.4331344958301744,1.2676068897036794
40,0.43355390447308567,1.2805812763656022
40,0.43397331311599696,1.2937243673630363
40,0.43439272175890825,1.3070369359781864
40,0.43481213040181954,1.3205197253418017
40,0.43523153904473083,1.3341734468744428
40,0.4356509476876421,1.3479987786982197
40,0.436,1.3596362008168692
40,0.4360703563305534,1.3619961181129547
40,0.43648976497346476,1.376155254356105
40,0.43690917361637605,1.3904721384173724
40,0.43732858225928734,1.4049489903415098
40,0.4377479909021986,1.4195880682030888
40,0.4381673995451099,1.434391668824161
40,0.4385868081880212,1.4493621285068394
40,0.4390062168309325,1.4645018237811562
40,0.4394256254738438,1.4798131721685377
40,0.43984503411675513,1.4952986329612663
40,0.4402644427596664,1.5109607080182825
40,0.4406838514025777,1.5268019425777395
40,0.441103260045489,1.542824926086654
40,0.4415226686884003,1.5590322930480844
40,0.4419420773313116,1.57542672388623
40,0.44236148597422287,1.592010945829871
40,0.44278089461713416,1.6087877338145795
40,0.44320030326004545,1.625759911404137
40,0.4436197119029568,1.6429303517316156
40,0.4440391205458681,1.6603019784605635
40,0.44445852918877937,1.6778777667668103
40,0.44487793783169066,1.6956607443413254
40,0.44529734647460195,1.7136539924146619
40,0.44571675511751324,1.7318606468034852
40,0.44613616376042453,1.7502838989797072
40,0.4465555724033358,1.7689269971627648
40,0.44697498104624717,1.7877932474355953
40,0.447,1.788925800104807
40,0.44739438968915846,1.8068862761435087
40,0.44781379833206975,1.8262091468914674
40,0.44823320697498104,1.8457642137725394
40,0.4486526156178923,1.865553843179204
40,0.4490720242608036,1.8855804152717972
40,0.4494914329037149,1.905846323747078
40,0.4499108415466262,1.926353975596652
40,0.45033025018953754,1.947105790855067
40,0.45074965883244883,1.9681042023373598
40,0.4511690674753601,1.9893516553658863
40,0.4515884761182714,2.0108506074861907
40,0.4520078847611827,2.032603528171736
40,0.452427293404094,2.0546128985172847
40,0.4528467020470053,2.076881210920724
40,0.45326611068991657,2.0994109687531233
40,0.4536855193328279,2.1222046860168287
40,0.4541049279757392,2.1452648869913618
40,0.4545243366186505,2.1685941058669638
40,0.4549437452615618,2.192194886365512
40,0.4553631539044731,2.216069781348647
40,0.45578256254738436,2.2402213524128882
40,0.45620197119029565,2.264652169471519
40,0.45662137983320694,2.289364810323049
40,0.45704078847611823,2.31436186020603
40,0.4574601971190296,2.3396459113400287
40,0.45787960576194087,2.365219562452529
40,0.45829901440485216,2.391085418291598
40,0.45871842304776345,2.417246089124054
40,0.45913783169067474,2.4437041902189702
40,0.459557240333586,2.4704623413162983
40,0.4599766489764973,2.497523166080405
40,0.46,2.499038754204405
40,0.4603960576194086,2.524914567519096
40,0.46081546626231995,2.55266707235367
40,0.46123487490523124,2.5807777632725704
40,0.46165428354814253,2.6092433503351518
40,0.4620736921910538,2.638060251295999
40,0.4624931008339651,2.6672245812983664
40,0.4629125094768764,2.696732142553242
40,0.4633319181197877,2.7265784140180296
40,0.463751326762699,2.756758541089706
40,0.464,2.7748083092247104
40,0.4641707354056103,2.787270363459488
40,0.4645901440485216,2.8181398003769864
40,0.4650095526914329,2.849379880403795
40,0.4654289613343442,2.880998115409298
40,0.4658483699772555,2.9130022043178303
40,0.466,2.924669224235281
40,0.4662677786201668,2.9453953219668203
40,0.46668718726307806,2.978166789510809
40,0.46710659590598935,3.0113192257379784
40,0.46752600454890064,3.0448567069493
40,0.467945413191812,3.078783343545084
40,0.4683648218347233,3.113103280086376
40,0.46878423047763457,3.1478206953507977
40,0.46920363912054586,3.182939802382556
40,0.46962304776345715,3.218464848536573
40,0.47004245640636844,3.2544001155165176
40,0.4704618650492797,3.2907499194066165
40,0.470881273692191,3.32751861069708
40,0.47130068233510236,3.3647105743029666
40,0.47172009097801365,3.402330229576333
40,0.47213949962092494,3.4403820303115307
40,0.47255890826383623,3.4788704647434328
40,0.4729783169067475,3.517800055538461
40,0.4733977255496588,3.557175359778227
40,0.4735,3.56684529958288
40,0.4738171341925701,3.59701024462105
40,0.4742365428354814,3.637328399079501
40,0.47465595147839273,3.678129206179204
40,0.475075360121304,3.71941075535128
40,0.4754947687642153,3.7611708569449727
40,0.4759141774071266,3.803407032818604
40,0.476,3.8121081512223847
40,0.4763335860500379,3.8461222419676884
40,0.4767529946929492,3.889329568497892
40,0.4771724033358605,3.933033881285276
40,0.47759181197877176,3.9772397353551816
40,0.47801122062168305,4.021951697925745
40,0.4784306292645944,4.067174347605162
40,0.4788500379075057,4.1129122735651364
40,0.479269446550417,4.15917007469026
40,0.47968885519332827,4.20595235870288
40,0.48010826383623956,4.25326374126322
40,0.48052767247915085,4.30110884504438
40,0.48094708112206214,4.349492298781909
40,0.481,4.355635561908764
40,0.4813664897649734,4.398424445022068
40,0.48178589840788477,4.4479185061587465
40,0.48220530705079606,4.4979782846609035
40,0.48262471569370735,4.548607409466707
40,0.48304412433661864,4.599809454617897
40,0.48346353297952993,4.651587936432923
40,0.4838829416224412,4.703946310625098
40,0.4843023502653525,4.756887969365663
40,0.4847217589082638,4.810416238291806
40,0.485,4.846252849631598
40,0.48514116755117515,4.864535261697151
40,0.48556057619408644,4.91926014213171
40,0.4859799848369977,4.974599269038681
40,0.486399393479909,5.0305577178374286
40,0.4868188021228203,5.087140559665587
40,0.4872382107657316,5.144352859969185
40,0.4876576194086429,5.202199677058718
40,0.4880770280515542,5.2606860606307455
40,0.48849643669446546,5.319817050254743
40,0.4889158453373768,5.3795976738248585
40,0.489,5.391671396817752
40,0.4893352539802881,5.440045086637108
40,0.4897546626231994,5.501175448939384
40,0.4901740712661107,5.562968080640838
40,0.49059347990902197,5.625400135693084
40,0.491,5.686501119502227
40,0.49101288855193326,5.688447562046955
40,0.49143229719484455,5.7521571658785335
40,0.49185170583775584,5.816587638724482
40,0.4922711144806672,5.881743032958128
40,0.49269052312357847,5.94762730845042
40,0.49310993176648976,6.014244328416046
40,0.49352934040940105,6.081597855185044
40,0.49394874905231234,6.149691545900254
40,0.49436815769522363,6.21852894814086
40,0.4947875663381349,6.288113495472459
40,0.4952069749810462,6.358448502924017
40,0.49562638362395756,6.429537162392338
40,0.49604579226686885,6.501382537974499
40,0.49646520090978014,6.5739875612291545
40,0.4968846095526914,6.647355026367207
40,0.4973040181956027,6.721487585372874
40,0.497723426838514,6.7963877430560045
40,0.4981428354814253,6.872057852036651
40,0.4985622441243366,6.948500107663037
40,0.4989816527672479,7.025716542864096
40,0.4994010614101592,7.103709022937872
40,0.4998204700530705,7.182479240277135
40,0.5002398786959819,7.262028709033824
40,0.5006592873388931,7.342358759723675
40,0.501,7.408191454679683
40,0.5010786959818044,7.423471582598348
40,0.5014981046247157,7.505408512673387
40,0.501917513267627,7.588195791330015
40,0.5023369219105382,7.671840730422746
40,0.5027563305534496,7.756350674843803
40,0.5031757391963609,7.8417330020741005
40,0.5035951478392722,7.92799512171977
40,0.5040145564821835,8.01514447503386
40,0.5044339651250948,8.103188534422715
40,0.5048533737680061,8.192134802937474
40,0.5052727824109173,8.281990813749735
40,0.5056921910538287,8.372764129611944
40,0.50611159969674,8.4644623423016
40,0.5065310083396513,8.557093072049621
40,0.5069504169825626,8.650663966952498
40,0.5073698256254738,8.745182702367769
40,0.5077892342683852,8.840656980293197
40,0.5082086429112964,8.937094528728759
40,0.5086280515542078,9.034503101021967
40,0.509047460197119,9.1328904751956
40,0.5094668688400303,9.232264453258402
40,0.5098862774829417,9.332632860497773
40,0.5103056861258529,9.434003544754944
40,0.5107250947687643,9.536384375682118
40,0.5111445034116755,9.639783243981189
40,0.5115639120545868,9.744208060624425
40,0.5119833206974981,9.84966675605622
40,0.5124027293404094,9.956167279376446
40,0.5128221379833207,10.063717597504464
40,0.513,10.10964627474756
40,0.513241546626232,10.172285089792076
40,0.5136609552691433,10.281712905890354
40,0.5140803639120546,10.392028850147222
40,0.5144997725549659,10.503286014032506
40,0.5149191811978772,10.615539574831185
40,0.5153385898407885,10.728846841064687
40,0.5157579984836997,10.843267300878797
40,0.516,10.909819149579643
40,0.5161774071266111,10.95885551647802
40,0.5165968157695224,11.075575492966369
40,0.5170162244124337,11.193364519054569
40,0.517435633055345,11.312163966819343
40,0.5178550416982562,11.431912429213464
40,0.518,11.47350963536961
40,0.5182744503411676,11.552691022090029
40,0.5186938589840788,11.674926596293187
40,0.5191132676269902,11.7985914599685
40,0.5195326762699014,11.9236139564165
40,0.5199520849128128,12.049918866892302
40,0.5203714935557241,12.177427312960662
40,0.5207909021986353,12.306056663707357
40,0.5212103108415467,12.435720448282224
40,0.5216297194844579,12.566328274267992
40,0.5220491281273693,12.69778575238812
40,0.5224685367702805,12.829994428081589
40,0.5228879454131918,12.962851720490251
40,0.5233073540561031,13.096250869415641
40,0.5237267626990144,13.23008089081683
40,0.524,13.317445952986027
40,0.5241461713419258,13.364291571401312
40,0.524565579984837,13.499581155496484
40,0.5249849886277483,13.636175394696677
40,0.5254043972706596,13.774081750281201
40,0.5258238059135709,13.913307605723123
40,0.5262432145564822,14.05386026319294
40,0.5266626231993935,14.195746940006075
40,0.5270820318423048,14.338974765012825
40,0.5275014404852161,14.483550774931752
40,0.5279208491281274,14.629481910626025
40,0.5283402577710387,14.776775013322576
40,0.52875966641395,14.925436820774818
40,0.5291790750568612,15.075473963368095
40,0.5295984836997726,15.226892960168879
40,0.5300178923426838,15.379700214917069
40,0.5304373009855952,15.53390201196229
40,0.5308567096285065,15.68950451214367
40,0.5312761182714177,15.846513748613983
40,0.5316955269143291,16.004935622608283
40,0.5321149355572403,16.164775899156687
40,0.5325343442001517,16.326040202742977
40,0.5329537528430629,16.488734012907802
40,0.5333731614859742,16.652862659798533
40,0.5337925701288855,16.81843131966465
40,0.5342119787717968,16.985445010300726
40,0.5346313874147082,17.15390858643603
40,0.5350507960576194,17.32382673507252
40,0.5354702047005307,17.495203970771414
40,0.535889613343442,17.668044630888527
40,0.5363090219863533,17.842352870760255
40,0.5367284306292646,18.018132658839356
40,0.5371478392721759,18.195387771783164
40,0.5375672479150873,18.37412178949328
40,0.5379866565579985,18.554338090108956
40,0.5384060652009098,18.73603984495475
40,0.5388254738438211,18.919230013442625
40,0.5392448824867324,19.103911337931127
40,0.5396642911296436,19.29008633854095
40,0.540083699772555,19.477757307929664
40,0.5405031084154662,19.66692630602523
40,0.5409225170583776,19.857595154721153
40,0.5413419257012889,20.049765432532894
40,0.5417613343442002,20.243438469218273
40,0.5421807429871115,20.43861534036272
40,0.5426001516300227,20.635296861930218
40,0.5430195602729341,20.833483584782872
40,0.5434389689158453,21.03317578916897
40,0.5438583775587567,21.23437347918277
40,0.5442777862016679,21.43707637719624
40,0.5446971948445792,21.64128391826581
40,0.5451166034874906,21.846995244514673
40,0.5455360121304018,22.05420919949344
40,0.5459554207733132,22.262924322520846
40,0.5463748294162244,22.473138843005692
40,0.5467942380591357,22.68485067475358
40,0.547213646702047,22.898057410258755
40,0.5476330553449583,23.11275631498479
40,0.5480524639878697,23.328944321635
40,0.5484718726307809,23.54661802441594
40,0.5488912812736922,23.76577367329581
40,0.5493106899166035,23.98640716825959
40,0.5497300985595148,24.208514053564922
40,0.5501495072024261,24.432089511999255
40,0.5505689158453374,24.657128359142828
40,0.5509883244882486,24.88362503763826
40,0.55140773313116,25.111573611471268
40,0.5518271417740713,25.340967760263418
40,0.5522465504169826,25.57180077358135
40,0.5526659590598939,25.804065545264656
40,0.5530853677028051,26.0377545677747
40,0.5535047763457165,26.27285992656919
40,0.5539241849886277,26.509373294503344
40,0.5543435936315391,26.747285926262798
40,0.5547630022744503,26.98658865282981
40,0.5551824109173616,27.227271875987512
40,0.555601819560273,27.469325562863947
40,0.5560212282031842,27.7127392405207
40,0.5564406368460956,27.95750199058885
40,0.5568600454890068,28.203602443955265
40,0.557,28.286020538641203
40,0.5572794541319182,28.451095256207026
40,0.5576988627748294,28.700193253069283
40,0.5581182714177407,28.950919259870734
40,0.5585376800606521,29.203279787597694
40,0.5589570887035633,29.457281359817657
40,0.5593764973464747,29.712930512935532
40,0.5597959059893859,29.9702337964549
40,0.5602153146322972,30.22919777324538
40,0.5606347232752085,30.489829019814284
40,0.5610541319181198,30.7521341265849
40,0.561473540561031,31.016119698178795
40,0.5618929492039424,31.281792353705004
40,0.5623123578468537,31.549158727053335
40,0.562731766489765,31.818225467194083
40,0.5631511751326763,32.088999238483055
40,0.5635705837755876,32.36148672097176
40,0.5639899924184989,32.63569461072381
40,0.5644094010614101,32.91162962013621
40,0.5648288097043215,33.18929847826714
40,0.5652482183472327,33.46870793116834
40,0.5656676269901441,33.7498647422244
40,0.5660870356330554,34.03277569249656
40,0.5665064442759666,34.31744758107316
40,0.566925852918878,34.60388722542564
40,0.5673452615617892,34.89210146176975
40,0.5677646702047006,35.18209714543375
40,0.5681840788476118,35.473881151231105
40,0.5686034874905231,35.767460373840436
40,0.5690228961334345,36.062841728190186
40,0.5694423047763457,36.360032149849864
40,0.5698617134192571,36.65903859542758
40,0.5702811220621683,36.959868042972445
40,0.5707005307050796,37.26252749238446
40,0.5711199393479909,37.567023965828945
40,0.5715393479909022,37.87336450815857
40,0.5719587566338135,38.18155618734011
40,0.5723781652767248,38.4916060948885
40,0.5727975739196361,38.803521346306134
40,0.5732169825625474,39.11730908152884
40,0.5736363912054587,39.432976465378474
40,0.57405579984837,39.75053068802061
40,0.5744752084912813,40.06997896542979
40,0.5748946171341925,40.39132853986014
40,0.5753140257771039,40.71458668032303
40,0.5757334344200151,41.03976068307045
40,0.5761528430629265,41.366857872085546
40,0.5765722517058378,41.69588559957873
40,0.576991660348749,42.02685124649096
40,0.5774110689916604,42.35976222300344
40,0.5778304776345716,42.6946259690531
40,0.578249886277483,43.03144995485589
40,0.5786692949203942,43.370241681435346
40,0.5790887035633056,43.71100868115889
40,0.5795081122062169,44.053758518279906
40,0.5799275208491281,44.398498789487064
40,0.5803469294920395,44.74523712446031
40,0.5807663381349507,45.093981186432984
40,0.5811857467778621,45.444738672762
40,0.5816051554207733,45.79751731550295
40,0.5820245640636846,46.15232488199428
40,0.5824439727065959,46.50916917544627
40,0.5828633813495072,46.86805803553844
40,0.5832827899924186,47.22899933902301
40,0.5837021986353298,47.59200100033556
40,0.5841216072782411,47.957070972213415
40,0.5845410159211524,48.32421724631942
40,0.5849604245640637,48.69344785387484
40,0.585379833206975,49.064770866297586
40,0.5857992418498863,49.438194395848996
40,0.5862186504927975,49.8137265962866
40,0.5866380591357089,50.19137566352523
40,0.5870574677786202,50.57114983630456
40,0.5874768764215315,50.953057396864196
40,0.5878962850644428,51.33710667162659
40,0.588315693707354,51.72330603188637
40,0.5887351023502654,52.11166389450818
40,0.5891545109931766,52.50218872263084
40,0.589573919636088,52.89488902638037
40,0.5899933282789992,53.289773363588864
40,0.5904127369219105,53.68685034052292
40,0.5908321455648218,54.08612861261769
40,0.591,54.24654527508424
40,0.5912515542077331,54.48753855414657
40,0.5916709628506445,54.890762709006154
40,0.5920903714935557,55.295765988064296
40,0.592509780136467,55.7025479034116
40,0.5929291887793783,56.11110793718711
40,0.5933485974222896,56.52144554219177
40,0.5937680060652009,56.9335601425078
40,0.5941874147081122,57.34745113412707
40,0.5946068233510234,57.763117885584585
40,0.5950262319939348,58.18055973860111
40,0.5954456406368461,58.59977600873127
40,0.5958650492797574,59.02076598601942
40,0.5962844579226687,59.44352893566266
40,0.5967038665655799,59.86806409867966
40,0.5971232752084913,60.294370692587925
40,0.5975426838514025,60.72244791208562
40,0.5979620924943139,61.15229492974284
40,0.5983815011372251,61.58391089669632
40,0.5988009097801364,62.01729494335407
40,0.5992203184230478,62.45244618010315
40,0.599639727065959,62.889363698026486
40,0.6000591357088704,63.32804656962499
40,0.6004785443517816,63.768493849545536
40,0.600897952994693,64.21070457531617
40,0.6013173616376042,64.65467776808649
40,0.6017367702805155,65.10041243337511
40,0.6021561789234269,65.54790756182211
40,0.6025755875663381,65.99716212994811
40,0.6029949962092495,66.44817510091953
40,0.6034144048521607,66.90094542531838
40,0.603833813495072,67.35547204191961
40,0.6042532221379833,67.81175387847225
40,0.6046726307808946,68.26978985248815
40,0.6050920394238058,68.72957887203412
40,0.6055114480667172,69.19111983653187
40,0.6059308567096285,69.65441163756115
40,0.6063502653525398,70.11945315966987
40,0.6067696739954511,70.58624328118917
40,0.6071890826383624,71.05478087505253
40,0.6076084912812737,71.5250648096223
40,0.6080278999241849,71.9970939495187
40,0.6084473085670963,72.47086715645622
40,0.6088667172100075,72.94638329008309
40,0.609,73.09786109822265
40,0.6092861258529189,73.42381463844247
40,0.6097055344958302,73.9036946901588
40,0.6101249431387414,74.38606067820872
40,0.6105443517816528,74.87091199065085
40,0.610963760424564,75.35824778250529
40,0.6113831690674754,75.84806697259292
40,0.6118025777103866,76.34036824036416
40,0.6122219863532979,76.83515002272067
40,0.6126413949962093,77.33241051082778
40,0.6130608036391205,77.83214764692063
40,0.6134802122820319,78.33435912110393
40,0.6138996209249431,78.83904236814357
40,0.6143190295678544,79.34619456425514
40,0.6147384382107657,79.85581262388541
40,0.615157846853677,80.36789319649054
40,0.6155772554965883,80.88243266330944
40,0.6159966641394996,81.39942713413552
40,0.616416072782411,81.91887244408359
40,0.6168354814253222,82.44076415035681
40,0.6172548900682335,82.96509752901173
40,0.6176742987111448,83.4918675717217
40,0.6180937073540561,84.02106898254229
40,0.6185131159969673,84.55269617467502
40,0.6189325246398787,85.08674326723532
40,0.6193519332827899,85.62320408201974
40,0.6197713419257013,86.16207214027865
40,0.6201907505686126,86.70334065949052
40,0.6206101592115238,87.24700255014172
40,0.6210295678544352,87.7930504125117
40,0.6214489764973464,88.3414765334624
40,0.6218683851402578,88.89227288323676
40,0.622287793783169,89.44543111226197
40,0.6227072024260804,90.00094254796433
40,0.6231266110689917,90.55879819158964
40,0.6235460197119029,91.11898871503607
40,0.6239654283548143,91.68150445769737
40,0.6243848369977255,92.24633542331658
40,0.6248042456406369,92.81347127685414
40,0.6252236542835481,93.38290134136706
40,0.6256430629264594,93.95461459490511
40,0.6260624715693707,94.52859966741939
40,0.626481880212282,95.10484483768971
40,0.6269012888551934,95.6833380302666
40,0.6273206974981046,96.26406681243287
40,0.6277401061410159,96.84701839118429
40,0.6281595147839272,97.43217961022788
40,0.6285789234268385,98.0195369470046
40,0.6289983320697498,98.60907650973022
40,0.6294177407126611,99.20078403446223
40,0.6298371493555723,99.79464488218781
40,0.6302565579984837,100.39064403593903
40,0.630675966641395,100.98876609793241
40,0.6310953752843063,101.58899528673535
40,0.6315147839272176,102.19131543446235
40,0.6319341925701288,102.79570998399687
40,0.6323536012130402,103.40216198624778
40,0.6327730098559514,104.01065409743215
40,0.6331924184988628,104.62116857639424
40,0.6336118271417741,105.23368728195543
40,0.6340312357846853,105.8481916702991
40,0.6344506444275967,106.46466279239253
40,0.6348700530705079,107.0830812914424
40,0.6352894617134193,107.70342740039197
40,0.6357088703563305,108.32568093945338
40,0.6361282789992418,108.94982131368329
40,0.6365476876421531,109.57582751059677
40,0.6369670962850644,110.20367809782672
40,0.6373865049279758,110.83335122082443
40,0.637805913570887,111.46482460060483
40,0.6382253222137984,112.09807553154118
40,0.6386447308567096,112.7330808792011
40,0.6390641394996209,113.36981707823686
40,0.6394835481425322,114.00826013032041
40,0.6399029567854435,114.64838560213272
40,0.6403223654283547,115.29016862340225
40,0.6407417740712661,115.93358388499925
40,0.6411611827141774,116.57860563708238
40,0.6415805913570887,117.22520768730095
40,0.642,117.87336339905684
60,0.053,0.002963598417984251
60,0.05411615245009074,0.0030902966415300554
60,0.05523230490018149,0.0032211532170758187
60,0.05634845735027223,0.0033485873622608364
60,0.0564,0.0033542496427233647
60,0.05746460980036298,0.003472459798149849
60,0.05858076225045372,0.003599712053746258
60,0.05969691470054446,0.003730418118716858
60,0.060813067150635204,0.0038646357993994177
60,0.06192921960072595,0.004002423520694533
60,0.0630453720508167,0.004143840377361392
60,0.06416152450090744,0.004288946188966742
60,0.06527767695099818,0.004437801558564296
60,0.06639382940108893,0.004590467935181717
60,0.06750998185117967,0.004747007680193342
60,0.06862613430127042,0.004907484137657821
60,0.06974228675136115,0.005071961708701242
60,0.0708584392014519,0.00524050593002808
60,0.07197459165154264,0.005413183556644959
60,0.0730907441016334,0.005590062648884456
60,0.07420689655172413,0.00577121266381992
60,0.07532304900181488,0.005956704551165533
60,0.07643920145190562,0.006146610853760548
60,0.07755535390199636,0.006341005812741103
60,0.07867150635208711,0.0065399654775084755
60,0.07978765880217786,0.0067435678206089035
60,0.0809038112522686,0.006951892857646175
60,0.08201996370235934,0.007165022772355934
60,0.08313611615245009,0.007383042046978438
60,0.08425226860254083,0.007606037598074931
60,0.08536842105263157,0.00783409891794244
60,0.08648457350272232,0.008067318221792002
60,0.08760072595281307,0.008305790600865674
60,0.0887168784029038,0.008549614181680314
60,0.08983303085299454,0.008798890291598147
60,0.0909491833030853,0.00905372363093746
60,0.09206533575317605,0.009314222451852002
60,0.09318148820326679,0.009580498744222342
60,0.09429764065335752,0.00985266842881914
60,0.09541379310344827,0.010130851558015793
60,0.09652994555353901,0.010415172524346738
60,0.09764609800362975,0.010705760277226804
60,0.0987622504537205,0.011002748548168888
60,0.09987840290381125,0.011306276084858735
60,0.10099455535390199,0.011616486894469648
60,0.10211070780399273,0.011933530496624949
60,0.10322686025408348,0.01225756218644211
60,0.10434301270417423,0.012588743308121236
60,0.105,0.01278709249209018
60,0.10545916515426497,0.012926394274434582
60,0.10657531760435571,0.013263624159697635
60,0.10769147005444646,0.013600005629186923
60,0.1088076225045372,0.013937092544578027
60,0.10992377495462793,0.014276627778646488
60,0.11103992740471869,0.014620545920998932
60,0.11215607985480944,0.014970978397573166
60,0.11327223230490018,0.015330261489057386
60,0.114,0.015570498526962965
60,0.11438838475499091,0.015700674691788978
60,0.11550453720508166,0.01608026706139167
60,0.11662068965517242,0.016466435542630446
60,0.11773684210526314,0.016857008193780432
60,0.11885299455535389,0.017249603407979073
60,0.119,0.017301326834459733
60,0.11996914700544464,0.017645137690500953
60,0.1210852994555354,0.018048271774494244
60,0.12220145190562612,0.018459205250645556
60,0.12331760435571687,0.01887806736353101
60,0.12443375680580762,0.019304989489276687
60,0.12554990925589835,0.019740105182986585
60,0.1266660617059891,0.020183550227498615
60,0.12778221415607985,0.020635462683503542
60,0.1288983666061706,0.021095982941062786
60,0.13001451905626132,0.021565253772561858
60,0.13113067150635208,0.022043420387137216
60,0.13224682395644283,0.02253063048661522
60,0.13336297640653358,0.02302703432300312
60,0.1344791288566243,0.0235327847575729
60,0.13559528130671505,0.02404803732158036
60,0.1367114337568058,0.024572950278661947
60,0.13782758620689653,0.025107684688954343
60,0.13894373865698728,0.025652404474982436
60,0.14005989110707803,0.026207276489362007
60,0.14117604355716878,0.02677247058436613
60,0.1422921960072595,0.02734815968340444
60,0.14340834845735026,0.027934519854466346
60,0.144524500907441,0.028531730385580947
60,0.14564065335753176,0.02913997386234739
60,0.1467568058076225,0.029759436247591406
60,0.14787295825771324,0.030390306963205375
60,0.148989110707804,0.031032778974230447
60,0.1501052631578947,0.03168704887524174
60,0.15122141560798547,0.03235331697909912
60,0.15233756805807622,0.033031787408127226
60,0.15345372050816697,0.0337226681877917
60,0.1545698729582577,0.03442617134293964
60,0.15568602540834844,0.03514251299667431
60,0.1568021778584392,0.03587191347193682
60,0.15791833030852995,0.036614597395869135
60,0.15903448275862067,0.03737079380703567
60,0.16015063520871142,0.038140736265582585
60,0.16126678765880217,0.0389246629664163
60,0.162,0.03944736011599549
60,0.1623829401088929,0.03972267647806868
60,0.16349909255898365,0.04053329665292914
60,0.1646152450090744,0.04135627182512067
60,0.16573139745916515,0.04219187813570643
60,0.16684754990925588,0.043040405151339785
60,0.16796370235934663,0.043902156380511696
60,0.16907985480943738,0.044777449807470865
60,0.17019600725952813,0.04566661844486907
60,0.17131215970961886,0.046570010906247704
60,0.1724283121597096,0.04748799199954588
60,0.17354446460980036,0.04842094334287931
60,0.17466061705989108,0.04936926400391233
60,0.17577676950998183,0.050333371164219126
60,0.17689292196007259,0.05131370081011148
60,0.1780090744101633,0.0523107084514932
60,0.17912522686025406,0.05332486987038977
60,0.1802413793103448,0.05435668190089477
60,0.18135753176043556,0.055406663242372284
60,0.1824736842105263,0.05647535530785868
60,0.18358983666061704,0.05756332310971558
60,0.1847059891107078,0.05867115618470193
60,0.18582214156079851,0.0597994695607551
60,0.18693829401088927,0.0609489047679007
60,0.18805444646098002,0.062120130895846976
60,0.18917059891107077,0.06331384570096568
60,0.1902867513611615,0.06453077676551493
60,0.191,0.0653209316302191
60,0.19140290381125225,0.06577136956283829
60,0.192519056261343,0.06703281054872928
60,0.19363520871143375,0.06831465811411605
60,0.19475136116152447,0.06961745490356111
60,0.19586751361161522,0.070941767312275
60,0.19698366606170598,0.07228818637356747
60,0.1980998185117967,0.07365732868220094
60,0.19921597096188745,0.07504983735569433
60,0.2003321234119782,0.07646638303573787
60,0.20144827586206895,0.07790766493199733
60,0.20256442831215968,0.07937441191071236
60,0.20368058076225043,0.08086738363062457
60,0.20479673321234118,0.08238737172891099
60,0.20591288566243193,0.0839352010599461
60,0.206,0.08405720334349451
60,0.20702903811252266,0.08551092305017048
60,0.2081451905626134,0.08711411510258397
60,0.20926134301270416,0.08874531285069012
60,0.21037749546279488,0.09040507130874734
60,0.21149364791288564,0.09209395986297368
60,0.2126098003629764,0.0938125626975247
60,0.21372595281306714,0.09556147923375705
60,0.21484210526315786,0.09734132458324127
60,0.2159582577132486,0.09915273001500549
60,0.21707441016333937,0.10099634343750774
60,0.21819056261343012,0.10287282989585811
60,0.21930671506352084,0.10478287208482778
60,0.2204228675136116,0.10672717087820706
60,0.22153901996370234,0.10870644587509244
60,0.22265517241379307,0.11072143596370948
60,0.22377132486388382,0.11277289990339882
60,0.22488747731397457,0.11486161692541859
60,0.22600362976406532,0.116988387353243
60,0.22711978221415605,0.11915403324306185
60,0.2282359346642468,0.1213593990452155
60,0.22935208711433755,0.12360535228732744
60,0.2304682395644283,0.12589278427992753
60,0.23158439201451902,0.12822261084539105
60,0.23270054446460978,0.13059577307105102
60,0.23381669691470053,0.13301323808737409
60,0.23493284936479125,0.13547599987213013
60,0.236049001814882,0.13798508008151872
60,0.23716515426497276,0.14054152890925573
60,0.2382813067150635,0.1431464259746664
60,0.23939745916515423,0.14580088124086887
60,0.24051361161524498,0.14850603596418122
60,0.24162976406533573,0.15126306367592618
60,0.24274591651542649,0.15407317119786015
60,0.2438620689655172,0.15693759969250012
60,0.244,0.15729541138861253
60,0.24497822141560796,0.15985616025500357
60,0.2460943738656987,0.16282767617672983
60,0.24721052631578944,0.165853173120732
60,0.2483266787658802,0.16893373009296647
60,0.24944283121597094,0.17207045169125967
60,0.2505589836660617,0.17526446879539193
60,0.25167513611615244,0.17851693927734685
60,0.25279128856624317,0.1818290487323683
60,0.25390744101633395,0.18520201123148652
60,0.25502359346642467,0.1886370700962027
60,0.2561397459165154,0.1921354986960406
60,0.2572558983666062,0.19569860126970132
60,0.2583720508166969,0.19932771377058003
60,0.2594882032667876,0.20302420473743574
60,0.2606043557168784,0.20678947619102506
60,0.2617205081669691,0.21062496455754506
60,0.2628366606170599,0.21453214161976047
60,0.2639528130671506,0.21851251549671388
60,0.26506896551724135,0.22256763165296214
60,0.26618511796733213,0.22669907393830097
60,0.26730127041742285,0.23090846565898462
60,0.2684174228675136,0.2351974706814822
60,0.26953357531760436,0.2395677945698403
60,0.2706497277676951,0.24402118575777265
60,0.2717658802177858,0.24855943675662903
60,0.2728820326678766,0.2531843854004389
60,0.2739981851179673,0.2578979161292691
60,0.2751143375680581,0.2627019613121813
60,0.2762304900181488,0.2675985026111158
60,0.27734664246823953,0.2725895723870839
60,0.2784627949183303,0.2776772551500947
60,0.27957894736842104,0.2828636890542955
60,0.28069509981851176,0.288151067439866
60,0.28181125226860254,0.2935416404232502
60,0.28292740471869327,0.2990377165373763
60,0.284043557168784,0.30464166442357976
60,0.28515970961887477,0.31035591457699296
60,0.2862758620689655,0.31618296114724503
60,0.28739201451905627,0.32212536379637713
60,0.288508166969147,0.3281857496159466
60,0.2896243194192377,0.3343668151053743
60,0.2907404718693285,0.3406713282136567
60,0.291,0.34215524630323574
60,0.2918566243194192,0.34709950899965947
60,0.29297277676950995,0.35364974531209686
60,0.2940889292196007,0.360327816314747
60,0.29520508166969145,0.36714009282409926
60,0.2963212341197822,0.3740932864109266
60,0.29743738656987295,0.3811944652072991
60,0.2985535390199637,0.38845107079104896
60,0.29966969147005446,0.39587093622916936
60,0.3007858439201452,0.4034623053673436
60,0.3019019963702359,0.4112338534590472
60,0.303,0.4190637002237325
60,0.3030181488203266,0.4191947041058277
60,0.3041343012704174,0.4273333422813115
60,0.30525045372050813,0.43563558670855695
60,0.30636660617059885,0.4441051202724618
60,0.30748275862068963,0.45274572080427833
60,0.30859891107078036,0.46156126380545043
60,0.30971506352087114,0.47055572525655376
60,0.31083121597096186,0.4797331845142057
60,0.3119473684210526,0.4890978272989416
60,0.31306352087114336,0.49865394877713887
60,0.3141796733212341,0.5084059567401965
60,0.3152958257713248,0.5183583748842987
60,0.3164119782214156,0.5285158461941943
60,0.3175281306715063,0.5388831364345712
60,0.31864428312159704,0.5494651377527271
60,0.3197604355716878,0.5602668723963702
60,0.32087658802177854,0.5712934965505333
60,0.3219927404718693,0.5825503042977342
60,0.32310889292196004,0.5940427317056527
60,0.32422504537205077,0.605776361046779
60,0.32534119782214155,0.6177569251546302
60,0.32645735027223227,0.6299903119213179
60,0.327573502722323,0.6424825689414309
60,0.3286896551724138,0.6552399083073694
60,0.3298058076225045,0.6682687115614757
60,0.3309219600725952,0.6815755348105046
60,0.332038112522686,0.6951671140081795
60,0.3331542649727767,0.7090503704118027
60,0.3342704174228675,0.7232324162191283
60,0.33538656987295823,0.7377205603919095
60,0.33650272232304895,0.7525223146728245
60,0.33761887477313973,0.7676453998026924
60,0.33873502722323046,0.7830977519451919
60,0.3398511796733212,0.798887529326565
60,0.34096733212341196,0.8150231190980608
60,0.3420834845735027,0.8315131444291907
60,0.3431996370235934,0.8483664718401853
60,0.3443157894736842,0.865592218782342
60,0.3454319419237749,0.883199761475315
60,0.3465480943738657,0.9011987430107553
60,0.3476642468239564,0.919599081732044
60,0.34878039927404714,0.9384109799002939
60,0.3498965517241379,0.9576449326571441
60,0.35101270417422864,0.9773117372953217
60,0.35212885662431936,0.9974225028483736
60,0.35324500907441014,1.0179886600114005
60,0.35436116152450087,1.03902197140512
60,0.3554773139745916,1.0605345421960748
60,0.35659346642468237,1.0825388310862885
60,0.3577096188747731,1.1050476616862288
60,0.3588257713248639,1.1280742342854975
60,0.3599419237749546,1.1516321380362022
60,0.36,1.1528727177570073
60,0.3610580762250453,1.1757579551246067
60,0.3621742286751361,1.20049267242399
60,0.3632903811252268,1.2258493682418967
60,0.36440653357531755,1.251841227867862
60,0.3655226860254083,1.2784816075724077
60,0.36663883847549905,1.3057840293753769
60,0.3677549909255898,1.333762175311198
60,0.36887114337568055,1.3624298811694868
60,0.3699872958257713,1.3918011296891102
60,0.37110344827586206,1.4218900431835708
60,0.3722196007259528,1.4527108755752962
60,0.3733357531760435,1.4842780038162775
60,0.3744519056261343,1.5166059186722882
60,0.375568058076225,1.5497092148478346
60,0.37668421052631573,1.583602580428946
60,0.3778003629764065,1.6183007856208427
60,0.37891651542649724,1.653818670757628
60,0.38003266787658796,1.6901711335612473
60,0.38114882032667874,1.727373115627096
60,0.38226497277676946,1.7654395881139362
60,0.38338112522686024,1.8043855366161157
60,0.38449727767695097,1.8442259451963998
60,0.3856134301270417,1.884975779558322
60,0.386,1.8993038904816766
60,0.38672958257713247,1.926766714196968
60,0.3878457350272232,1.969898045351448
60,0.3889618874773139,2.0141615955015153
60,0.389,2.015689861824597
60,0.3900780399274047,2.059344984436857
60,0.3911941923774954,2.105591460618824
60,0.39231034482758614,2.1531945953099694
60,0.393,2.1834238685981617
60,0.3934264972776769,2.202420937174604
60,0.39454264972776765,2.2529867014857365
60,0.3956588021778584,2.304808271933517
60,0.39677495462794915,2.3579188540355247
60,0.3978911070780399,2.4123525791553666
60,0.39900725952813065,2.4681445315404247
60,0.4001234119782214,2.5253307761824124
60,0.4012395644283121,2.5839483875267724
60,0.4023557168784029,2.644035479057696
60,0.4034718693284936,2.705631233786508
60,0.40458802177858433,2.76877593567207
60,0.4057041742286751,2.83351100200272
60,0.40682032667876583,2.899879016770289
60,0.4079364791288566,2.9679237650677903
60,0.40905263157894733,3.037690268543254
60,0.41016878402903806,3.1092248219434553
60,0.41128493647912884,3.1825750307822234
60,0.41240108892921956,3.257789850169237
60,0.4135172413793103,3.3349196248364428
60,0.41463339382940106,3.414016130400354
60,0.4157495462794918,3.495132615899805
60,0.4168656987295825,3.57832384765012
60,0.4179818511796733,3.663646154455851
60,0.419098003629764,3.7511574742257747
60,0.4202141560798548,3.8409174020352754
60,0.4213303085299455,3.932987239682616
60,0.42244646098003624,4.027430046787359
60,0.423562613430127,4.124310693480579
60,0.42467876588021775,4.223695914738331
60,0.42579491833030847,4.325654366411512
60,0.42691107078039925,4.43025668300697
60,0.428,4.53492510219135
60,0.42802722323049,4.53757566811316
60,0.4291433756805807,4.647912741501967
60,0.4302595281306715,4.761534937444286
60,0.4313756805807622,4.878495479129222
60,0.432491833030853,4.998846027615467
60,0.4336079854809437,5.122636431055238
60,0.4347241379310344,5.249914460886078
60,0.4358402903811252,5.380725534852907
60,0.43695644283121593,5.51511242677702
60,0.438,5.644028518946389
60,0.43807259528130665,5.653115107178037
60,0.43918874773139743,5.794820123575269
60,0.44030490018148816,5.9403455529411815
60,0.4414210526315789,6.089790573752148
60,0.44253720508166966,6.243256634150122
60,0.4436533575317604,6.400847486668371
60,0.44476950998185116,6.56266922260103
60,0.4458856624319419,6.728830305957505
60,0.4470018148820326,6.89944160694044
60,0.4481179673321234,7.074616434882591
60,0.4492341197822141,7.254470570575332
60,0.45035027223230484,7.439122297918528
60,0.4514664246823956,7.628692434818142
60,0.45258257713248634,7.823304363255091
60,0.45369872958257706,8.023084058445654
60,0.45481488203266784,8.228160117010246
60,0.45593103448275857,8.438663784064259
60,0.45704718693284935,8.654728979141387
60,0.45816333938294007,8.876492320856023
60,0.4592794918330308,9.10409315020845
60,0.4603956442831216,9.337673552432408
60,0.4615117967332123,9.577378377281526
60,0.462627949183303,9.823355257647412
60,0.4637441016333938,10.075754626398355
60,0.4648602540834845,10.334729731324249
60,0.46597640653357525,10.600436648069588
60,0.46709255898366603,10.87303429093253
60,0.46820871143375675,11.152684421404677
60,0.46932486388384753,11.439551654322281
60,0.47044101633393826,11.733803461495862
60,0.471557168784029,12.03561017268205
60,0.47267332123411976,12.345144973757048
60,0.4737894736842105,12.662583901948214
60,0.4749056261343012,12.988105837976436
60,0.476021778584392,13.32189249495828
60,0.4771379310344827,13.664128403913814
60,0.47825408348457343,14.015000895722405
60,0.4793702359346642,14.374700079365551
60,0.48048638838475494,14.743418816292534
60,0.4816025408348457,15.121352690742079
60,0.48271869328493644,15.508699975849233
60,0.48383484573502716,15.905661595365258
60,0.48495099818511794,16.312441080814303
60,0.485,16.330527876154548
60,0.48606715063520867,16.729806155006333
60,0.4871833030852994,17.158353529858314
60,0.48829945553539017,17.597823847940766
60,0.4894156079854809,18.047906756256708
60,0.4905317604355716,18.508238848311183
60,0.491,18.704306717004417
60,0.4916479128856624,18.97912417312267
60,0.4927640653357531,19.46337364613488
60,0.49388021778584384,19.961049801157476
60,0.4949963702359346,20.471782162500368
60,0.49611252268602535,20.99513398091035
60,0.4972286751361161,21.530597620884574
60,0.49834482758620685,22.077590017409673
60,0.4994609800362976,22.635448246671718
60,0.5005771324863884,23.203425259941522
60,0.5016932849364791,23.780685834439108
60,0.5028094373865698,24.366302799445513
60,0.5039255898366606,24.959253600170012
60,0.504,24.999017527308332
60,0.5050417422867514,25.561834169263957
60,0.506157894736842,26.178168002654864
60,0.5072740471869328,26.808522503334718
60,0.5083901996370236,27.453150329039108
60,0.5095063520871144,28.11230561770932
60,0.510622504537205,28.7862438450958
60,0.5117386569872958,29.475221674483098
60,0.5128548094373866,30.179496798346698
60,0.5139709618874773,30.899327771758536
60,0.515087114337568,31.634973837357702
60,0.5162032667876588,32.38669474170884
60,0.5173194192377495,33.1547505428754
60,0.5184355716878403,33.93940140903927
60,0.519551724137931,34.74090740800322
60,0.5206678765880217,35.55952828742111
60,0.5217840290381125,36.39552324560629
60,0.5229001814882033,37.2491506927748
60,0.5240163339382939,38.12066800259192
60,0.5251324863883847,39.010331253896275
60,0.5262486388384755,39.91839496248611
60,0.5273647912885662,40.84511180286405
60,0.528480943738657,41.79073231984693
60,0.5295970961887477,42.75550462995793
60,0.5307132486388384,43.739674112533756
60,0.5318294010889292,44.74348309049115
60,0.53294555353902,45.767170500710606
60,0.5340617059891107,46.810971554013854
60,0.5351778584392014,47.87511738472298
60,0.5362940108892922,48.95983468981056
60,0.537410163339383,50.06534535766349
60,0.5385263157894736,51.19186608650564
60,0.5396424682395644,52.33960799254233
60,0.5407586206896552,53.508776207908475
60,0.5418747731397459,54.69956946852663
60,0.5429909255898366,55.91217969200165
60,0.5441070780399274,57.146791545699685
60,0.5452232304900181,58.40358200518839
60,0.5463393829401089,59.682719903234485
60,0.5474555353901996,60.9843654695826
60,0.5485716878402903,62.308669861768
60,0.5496878402903811,63.65577468723914
60,0.5508039927404719,65.02581151709548
60,0.5519201451905625,66.41890139177782
60,0.5530362976406533,67.83515431907313
60,0.5541524500907441,69.27466876482906
60,0.5552686025408349,70.737531136805
60,0.5563847549909255,72.22381526211566
60,0.5575009074410163,73.73358185875892
60,0.5586170598911071,75.26687800174749
60,0.5597332123411978,76.82373658440376
60,0.5608493647912886,78.40417577540651
60,0.561,78.61927712336205
60,0.5619655172413793,80.00942462285214
60,0.5630816696914701,81.64087222429612
60,0.5641978221415608,83.29738813152113
60,0.5653139745916516,84.97769228704405
60,0.5664301270417423,86.68038361577959
60,0.567546279491833,88.40393588763867
60,0.5686624319419238,90.14669383482172
60,0.5697785843920146,91.90686956527453
60,0.5708947368421052,93.68253931565043
60,0.572010889292196,95.47164058881461
60,0.5731270417422868,97.27196972241899
60,0.5742431941923775,99.0811799363293
60,0.5753593466424682,100.89677990765516
60,0.576475499092559,102.71613292278943
60,0.5775916515426497,104.5364566561735
60,0.5787078039927405,106.35482362541194
60,0.579,106.83014904573866
60,0.5798239564428312,108.17754371388419
60,0.5809401088929219,110.02703527294474
60,0.5820562613430127,111.90467003266751
60,0.5831724137931035,113.81067367581133
60,0.5842885662431941,115.74526607745557
60,0.5854047186932849,117.70866096965094
60,0.5865208711433757,119.70106559876875
60,0.5876370235934665,121.72268037561659
60,0.5887531760435571,123.77369851838817
60,0.5898693284936479,125.85430568853688
60,0.5909854809437387,127.96467961966701
60,0.5921016333938294,130.10498973955487
60,0.5932177858439202,132.27539678542632
60,0.5943339382940109,134.47605241262275
60,0.5954500907441016,136.70709879681112
60,0.5965662431941924,138.96866822990634
60,0.5976823956442832,141.26088270987904
60,0.5987985480943738,143.58385352465675
60,0.5999147005444646,145.9376808303217
60,0.6010308529945554,148.32245322383673
60,0.602147005444646,150.7382473105449
60,0.6032631578947368,153.18512726670653
60,0.6043793103448276,155.6631443973454
60,0.6054954627949183,158.17233668970871
60,0.6066116152450091,160.71272836265095
60,0.6077277676950998,163.28432941227302
60,0.6088439201451905,165.88713515417066
60,0.6099600725952813,168.52112576265793
60,0.6110762250453721,171.1862658073572
60,0.6121923774954628,173.88250378755973
60,0.6133085299455535,176.60977166478528
60,0.6144246823956443,179.36798439398777
60,0.6155408348457351,182.15703945386866
60,0.6166569872958257,184.9768163767862
60,0.6177731397459165,187.82717627876653
60,0.6188892921960073,190.70796139013765
60,0.620005444646098,193.6189945873317
60,0.6211215970961887,196.56007892642432
60,0.6222377495462795,199.53099717898812
60,0.6233539019963702,202.53151137086735
60,0.624470054446461,205.56136232449998
60,0.6255862068965518,208.62026920541993
60,0.6267023593466424,211.7079290736114
60,0.6278185117967332,214.82401644039192
60,0.628934664246824,217.96818283151455
60,0.6300508166969147,221.14005635722015
60,0.6311669691470054,224.33924128996304
60,0.6322831215970962,227.5653176505654
60,0.6333992740471869,230.81784080356724
60,0.6345154264972777,234.0963410625598
60,0.6356315789473684,237.4003233062976
60,0.6367477313974591,240.72926660640422
60,0.6378638838475499,244.08262386750536
60,0.6389800362976407,247.4598214806227
60,0.6400961887477314,250.8602589906925
60,0.6412123411978221,254.28330877906453
60,0.6423284936479129,257.72831576186695
60,0.6434446460980037,261.19459710511524
60,0.6445607985480943,264.68144195746515
60,0.6456769509981851,268.18811120150895
60,0.6467931034482759,271.71383722451657
60,0.6479092558983666,275.2578237095475
60,0.6490254083484573,278.81924544783504
60,0.6501415607985481,282.39724817336554
60,0.6512577132486388,285.9909484205759
60,0.6523738656987296,289.59943340607794
60,0.6534900181488204,293.221760935327
60,0.654606170598911,296.85695933515035
60,0.6557223230490018,300.5040274130335
60,0.6568384754990926,304.1619344440595
60,0.6579546279491832,307.82962018640006
60,0.659070780399274,311.50599492621956
60,0.6601869328493648,315.1899395528679
60,0.6613030852994555,318.8803056651989
60,0.6624192377495463,322.5759157098566
60,0.663535390199637,326.27556315232897
60,0.6646515426497278,329.97801268156707
60,0.6657676950998185,333.6820004489341
60,0.6668838475499093,337.38623434222615
60,0.668,341.0893942954782
80,0.017,0.0015593491254705955
80,0.0174,0.0016259959390842068
80,0.018335984095427436,0.0017819407176891569
80,0.01967196819085487,0.0020241683110461903
80,0.021007952286282307,0.0022860253096147047
80,0.022343936381709742,0.0025612435906297456
80,0.0236,0.002823984002992325
80,0.023679920477137177,0.0028406495855036176
80,0.025015904572564612,0.0031291077827500634
80,0.026351888667992047,0.003436213782699364
80,0.027687872763419483,0.003761879898685481
80,0.029023856858846918,0.004105850002619932
80,0.030359840954274353,0.004467689058403302
80,0.03169582504970179,0.004846774462771515
80,0.03303180914512922,0.005242289468786786
80,0.03436779324055666,0.005653218942648501
80,0.035703777335984094,0.006078347672726208
80,0.03703976143141153,0.006516261411142603
80,0.038375745526838964,0.0069653507835134194
80,0.0397117296222664,0.0074238181524457
80,0.04,0.007523785284871687
80,0.041047713717693834,0.007892936505352435
80,0.04238369781312127,0.008378819781777829
80,0.043719681908548705,0.008881736812430544
80,0.04505566600397614,0.009401739270600413
80,0.046391650099403575,0.009938897277600523
80,0.04772763419483101,0.010493306033949826
80,0.049063618290258446,0.011065092710449954
80,0.05039960238568588,0.01165442358320362
80,0.051735586481113316,0.012261511401980073
80,0.05307157057654075,0.012886622987486981
80,0.054407554671968186,0.013530087060015945
80,0.05574353876739562,0.014192302309556242
80,0.05707952286282306,0.01487374572579003
80,0.05841550695825049,0.015574981215377521
80,0.05975149105367793,0.016296668543611486
80,0.06108747514910536,0.01703957264788326
80,0.0624234592445328,0.017804573381493986
80,0.06375944333996023,0.018592675758225072
80,0.06509542743538767,0.019405020780837254
80,0.06643141153081511,0.020242896950413182
80,0.06776739562624254,0.021107752568341697
80,0.06910337972166997,0.02200120895894847
80,0.07043936381709741,0.022925074758530863
80,0.07177534791252485,0.023881361436127083
80,0.07311133200795228,0.02487230023306107
80,0.07444731610337971,0.025900360732537948
80,0.075,0.026337146969637924
80,0.07578330019880715,0.026952546503056368
80,0.07711928429423459,0.027972095549060858
80,0.0781,0.02870886588701605
80,0.07845526838966202,0.028976514455083313
80,0.07979125248508946,0.03000032232705981
80,0.08112723658051689,0.03105190026782782
80,0.08246322067594432,0.032131801668930954
80,0.08379920477137176,0.03324059237338024
80,0.0851351888667992,0.034378851366571386
80,0.08647117296222663,0.035547171502521145
80,0.08780715705765406,0.03674616026651731
80,0.0891431411530815,0.037976440575325336
80,0.09047912524850894,0.03923865161615173
80,0.09181510934393637,0.040533449725621
80,0.0931510934393638,0.04186150931008905
80,0.09448707753479124,0.04322352380868572
80,0.09582306163021868,0.044620206700552605
80,0.09715904572564611,0.04605229255782664
80,0.09849502982107354,0.047520538146003787
80,0.09983101391650098,0.04902572357341413
80,0.10116699801192842,0.05056865349163826
80,0.10250298210735585,0.0521501583488037
80,0.10383896620278328,0.05377109569781544
80,0.10517495029821072,0.055432351561697464
80,0.10651093439363817,0.057134841858354386
80,0.1078469184890656,0.05887951388720274
80,0.10918290258449302,0.06066734788027046
80,0.11051888667992046,0.06249935862052288
80,0.1118548707753479,0.06437659713034394
80,0.11319085487077533,0.06630015243328033
80,0.11452683896620276,0.06827115339234971
80,0.1158628230616302,0.07029077062841647
80,0.11719880715705765,0.07236021852235666
80,0.118,0.07362569562257565
80,0.11853479125248507,0.07447425577184107
80,0.1198707753479125,0.07658127994348166
80,0.12120675944333995,0.07869008769681925
80,0.122,0.07995425393268152
80,0.12254274353876739,0.08082826598439499
80,0.12387872763419482,0.08301486166240715
80,0.12521471172962223,0.08525223391541444
80,0.12655069582504969,0.0875413152560153
80,0.12788667992047714,0.08988304860446414
80,0.12922266401590454,0.09227838722781098
80,0.130558648111332,0.0947282946733178
80,0.13189463220675943,0.09723374469605413
80,0.13323061630218686,0.09979572118057868
80,0.1345666003976143,0.10241521805661129
80,0.1359025844930417,0.10509323920860501
80,0.13723856858846917,0.10783079837912656
80,0.13857455268389662,0.11062891906595589
80,0.13991053677932402,0.11348863441281912
80,0.14124652087475148,0.11641098709366864
80,0.14258250497017894,0.11939702919042655
80,0.14391848906560634,0.12244782206411174
80,0.1452544731610338,0.12556443621927077
80,0.1465904572564612,0.1287479511616344
80,0.14792644135188865,0.1319994552489285
80,0.1492624254473161,0.1353200455347638
80,0.1505984095427435,0.13871082760553718
80,0.15193439363817096,0.14217291541027832
80,0.15327037773359842,0.14570743108337444
80,0.15460636182902582,0.14931550476011549
80,0.155,0.15039279332579228
80,0.15594234592445327,0.15299700332580152
80,0.15727833001988067,0.15674964959161705
80,0.15861431411530813,0.16057480611707026
80,0.1599502982107356,0.16447413295367805
80,0.161286282306163,0.1684493636652938
80,0.16262226640159044,0.17250230861945093
80,0.1639582504970179,0.17663485840589208
80,0.1652942345924453,0.18084898738913338
80,0.16663021868787276,0.18514675740234415
80,0.16796620278330016,0.18953032159029026
80,0.1693021868787276,0.1940019284095794
80,0.17063817097415507,0.19856392579495824
80,0.17197415506958247,0.2032187655009621
80,0.17331013916500992,0.2079690076287906
80,0.17464612326043738,0.21281732534889283
80,0.17598210735586478,0.21776650983039408
80,0.17731809145129224,0.22281947538917643
80,0.17865407554671964,0.22797926486714537
80,0.1799900596421471,0.2332490552559925
80,0.18132604373757455,0.23863216357956252
80,0.18266202783300195,0.24413205304980726
80,0.1839980119284294,0.24975233951221937
80,0.18533399602385686,0.2554967981976064
80,0.18666998011928426,0.26136937079810807
80,0.187,0.262840239355946
80,0.18800596421471172,0.2673689162502305
80,0.18934194831013912,0.2734861886314225
80,0.19067793240556657,0.279723465724348
80,0.19201391650099403,0.2860836859254335
80,0.19334990059642143,0.2925699029566976
80,0.1946858846918489,0.29918529058661947
80,0.19602186878727634,0.30593314754083634
80,0.19735785288270374,0.3128169026122983
80,0.1986938369781312,0.3198401199810425
80,0.2000298210735586,0.32700650475432125
80,0.20136580516898606,0.3343199087384353
80,0.2027017892644135,0.3417843364542435
80,0.2040377733598409,0.3494039514090138
80,0.20537375745526837,0.3571830826379778
80,0.20670974155069582,0.36512623152970947
80,0.20804572564612323,0.37323807895024624
80,0.20938170974155068,0.3815234926817108
80,0.21071769383697808,0.3899875351920753
80,0.21205367793240554,0.3986354717536672
80,0.213389662027833,0.40747277892899403
80,0.2147256461232604,0.41650515344353833
80,0.216,0.42530806783188935
80,0.21606163021868785,0.42573849915840684
80,0.2173976143141153,0.4351671873323038
80,0.2187335984095427,0.44478624267318395
80,0.22006958250497016,0.45460004599175047
80,0.22140556660039756,0.46461311512434617
80,0.22274155069582502,0.47483010983290835
80,0.22407753479125248,0.4852558368862533
80,0.22541351888667988,0.49589525533030365
80,0.22674950298210733,0.5067534819552162
80,0.2280854870775348,0.5178357969677404
80,0.2294214711729622,0.5291476498775438
80,0.23075745526838964,0.5406946656066439
80,0.23209343936381704,0.5524826508315114
80,0.2334294234592445,0.5645176005678892
80,0.23476540755467196,0.5768057050088133
80,0.23610139165009936,0.5893533566268563
80,0.2374373757455268,0.6021671575521169
80,0.23877335984095427,0.6152539272380355
80,0.24010934393638167,0.6286207104277047
80,0.24144532803180913,0.6422747854339446
80,0.24278131212723653,0.6562236727470452
80,0.24411729622266398,0.6704751439847753
80,0.24545328031809144,0.6850372311999294
80,0.24678926441351884,0.6999182365614627
80,0.2481252485089463,0.715126742426018
80,0.24946123260437375,0.7306716218174805
80,0.25079721669980115,0.746562049333066
80,0.2521332007952286,0.7628075124953503
80,0.253469184890656,0.7794178235705956
80,0.25480516898608346,0.7964031318747641
80,0.2561411530815109,0.81377393658963
80,0.2574771371769383,0.8315411001125546
80,0.2588131212723658,0.8497158619646384
80,0.26014910536779323,0.8683098532832043
80,0.26148508946322063,0.8873351119258871
80,0.2628210735586481,0.9068040982149561
80,0.2641570576540755,0.9267297113519475
80,0.26549304174950294,0.9471253065342314
80,0.2668290258449304,0.9680047128067046
80,0.26816500994035786,0.9893822516835387
80,0.26950099403578526,1.0112727565766662
80,0.2708369781312127,1.0336915930695971
80,0.271,1.0364641576046554
80,0.2721729622266401,1.0566373321732359
80,0.27350894632206757,1.0800963412590148
80,0.274844930417495,1.104080421331214
80,0.2761809145129224,1.1286020100942655
80,0.2775168986083499,1.1536738671661169
80,0.2788528827037773,1.179309083197194
80,0.28018886679920474,1.2055210892686516
80,0.2815248508946322,1.2323236665790567
80,0.2828608349900596,1.259730956429013
80,0.28419681908548705,1.287757470513545
80,0.2855328031809145,1.3164181015323944
80,0.2868687872763419,1.3457281341287772
80,0.28820477137176936,1.3757032561674871
80,0.2895407554671968,1.4063595703636205
80,0.2908767395626242,1.4377136062736229
80,0.2922127236580517,1.4697823326607493
80,0.2935487077534791,1.5025831702474481
80,0.29488469184890653,1.5361340048676826
80,0.296220675944334,1.5704532010325838
80,0.2975566600397614,1.6055596159233927
80,0.29889264413518885,1.6414726138260978
80,0.30022862823061625,1.678212081022689
80,0.3015646123260437,1.7157984411545464
80,0.30290059642147116,1.7542526710739512
80,0.30423658051689856,1.793596317200375
80,0.305572564612326,1.8338515123987507
80,0.30690854870775347,1.8750409933975547
80,0.30824453280318087,1.9171881187652233
80,0.3095805168986083,1.9603168874640633
80,0.3109165009940358,2.004451958001499
80,0.3122524850894632,2.0496186681993027
80,0.31358846918489064,2.095843055602133
80,0.31492445328031804,2.1431518785475085
80,0.3162604373757455,2.191572637920224
80,0.31759642147117295,2.2411335996149506
80,0.31893240556660035,2.2918638177317616
80,0.3202683896620278,2.343793158530162
80,0.3216043737574552,2.3969523251681575
80,0.32294035785288266,2.451372883253966
80,0.3242763419483101,2.5070872872388654
80,0.3256123260437375,2.564128907680894
80,0.326948310139165,2.62253205941012
80,0.32828429423459243,2.6823320306273706
80,0.32962027833001983,2.743565112969585
80,0.3309562624254473,2.8062686325761157
80,0.33229224652087475,2.870480982191629
80,0.33362823061630215,2.936241654342647
80,0.3349642147117296,3.003591275626143
80,0.336300198807157,3.072571642150026
80,0.33763618290258446,3.143225756166992
80,0.3389721669980119,3.215597863944641
80,0.3403081510934393,3.289733494916552
80,0.34164413518886677,3.365679502160643
80,0.34298011928429417,3.443484104252889
80,0.3443161033797216,3.5231969285464815
80,0.3456520874751491,3.6048690559282166
80,0.3469880715705765,3.6885530671061373
80,0.347,3.6893094696763087
80,0.348,3.7542442282397746
80,0.34832405566600394,3.7758132885928446
80,0.3496600397614314,3.866129525840662
80,0.3509960238568588,3.9587333302852565
80,0.35233200795228625,4.0536857728374365
80,0.3536679920477137,4.151049635669341
80,0.3550039761431411,4.250889462357085
80,0.35633996023856856,4.353271609554867
80,0.35767594433399597,4.458264300249085
80,0.3590119284294234,4.56593767864281
80,0.3603479125248509,4.6763638667223475
80,0.3616838966202783,4.789617022559574
80,0.36301988071570573,4.9057734004053675
80,0.36435586481113313,5.024911412631248
80,0.3656918489065606,5.147111693578445
80,0.36702783300198805,5.272457165375274
80,0.36836381709741545,5.401033105785954
80,0.3696998011928429,5.532927218156059
80,0.37103578528827036,5.668229703521775
80,0.37237176938369776,5.807033334952668
80,0.3737077534791252,5.949433534199793
80,0.37504373757455267,6.095528450723318
80,0.37637972166998007,6.2454190431765655
80,0.37771570576540753,6.399209163425706
80,0.37905168986083493,6.557005643187019
80,0.3803876739562624,6.718918383366601
80,0.38172365805168984,6.885060446189864
80,0.38305964214711724,7.055548150211519
80,0.3843956262425447,7.230501168299489
80,0.3857316103379721,7.4100426286893795
80,0.38706759443339955,7.594299219209619
80,0.388403578528827,7.783401294780374
80,0.3897395626242544,7.977482988293246
80,0.39107554671968187,8.17668232498202
80,0.3924115308151093,8.381141340398628
80,0.3937475149105367,8.591006202112428
80,0.3950834990059642,8.806427335254751
80,0.39641948310139163,9.027559552034825
80,0.39775546719681903,9.254562185357619
80,0.398,9.296760201650827
80,0.3990914512922465,9.48905100120149
80,0.4,9.654246035662881
80,0.4004274353876739,9.733368465976891
80,0.40176341948310135,9.98527903147207
80,0.4030994035785288,10.244314729184056
80,0.4044353876739562,10.510666011301943
80,0.40577137176938366,10.78452760688497
80,0.40710735586481106,11.066098567937528
80,0.4084433399602385,11.355582313051652
80,0.40977932405566597,11.653186668407756
80,0.4111153081510934,11.959123905916536
80,0.41245129224652083,12.27361077827577
80,0.4137872763419483,12.59686855070684
80,0.4151232604373757,12.929123029127403
80,0.41645924453280314,13.270604584507183
80,0.4177952286282306,13.621548173144552
80,0.419131212723658,13.982193352593425
80,0.42046719681908545,14.352784292959518
80,0.42180318091451285,14.733569783276902
80,0.4231391650099403,15.124803232666165
80,0.42447514910536777,15.526742665966186
80,0.42581113320079517,15.939650713523143
80,0.4271471172962226,16.363794594810503
80,0.42848310139165,16.79944609554564
80,0.4298190854870775,17.246881537959563
80,0.43115506958250494,17.70638174386787
80,0.43249105367793234,18.178231990182766
80,0.4338270377733598,18.662721956497734
80,0.43516302186878725,19.160145664368834
80,0.43649900596421465,19.670801407908968
80,0.4378349900596421,20.19499167530482
80,0.43917097415506956,20.73302306085852
80,0.44050695825049696,21.285206167151248
80,0.4418429423459244,21.851855496918873
80,0.4431789264413518,22.4332893342257
80,0.4445149105367793,23.02982961451719
80,0.44585089463220673,23.64180178312857
80,0.44718687872763413,24.26953464182388
80,0.4485228628230616,24.913360182936604
80,0.449858846918489,25.57361341068182
80,0.45119483101391644,26.25063214920977
80,0.4525308151093439,26.944756836969677
80,0.4538667992047713,27.656330306955414
80,0.45520278330019875,28.385697552405933
80,0.4565387673956262,29.13320547753699
80,0.4578747514910536,29.899202632886194
80,0.45921073558648107,30.684038934858823
80,0.46,31.15669445755549
80,0.4605467196819085,31.48841632182609
80,0.4618827037773359,32.31585696982701
80,0.4632186878727634,33.16762062262226
80,0.4645546719681908,34.044248733697536
80,0.46589065606361824,34.94628435883613
80,0.4672266401590457,35.874271297197154
80,0.4685626242544731,36.82875317209131
80,0.46989860834990055,37.81027244948907
80,0.47123459244532795,38.81936939235735
80,0.4725705765407554,39.85658094899746
80,0.47390656063618286,40.922439573643224
80,0.47524254473161026,42.0174719776837
80,0.4765785288270377,43.142197809993455
80,0.4779145129224652,44.29712826498852
80,0.4792504970178926,45.482764617180344
80,0.48058648111332003,46.69959668117077
80,0.4819224652087475,47.948101196220875
80,0.4832584493041749,49.228740134737386
80,0.48459443339960234,50.541958934250566
80,0.48593041749502974,51.88818465270723
80,0.4872664015904572,53.267824047179246
80,0.48860238568588465,54.681261576378915
80,0.48993836978131206,56.12885732769414
80,0.4912743538767395,57.61094486979524
80,0.4926103379721669,59.12782903222958
80,0.49394632206759437,60.67978361380926
80,0.4952823061630218,62.26704902200556
80,0.4966182902584492,63.88982984600061
80,0.4979542743538767,65.54829236650214
80,0.49929025844930414,67.24256200590659
80,0.5006262425447315,68.9727207228995
80,0.501962226640159,70.73880435610197
80,0.5032982107355864,72.54079992191578
80,0.5046341948310138,74.37864287228204
80,0.5059701789264412,76.25221431864509
80,0.5073061630218687,78.16133822900767
80,0.5086421471172962,80.10577860557424
80,0.5099781312127236,82.08523665109472
80,0.511314115308151,84.09934793265225
80,0.5126500994035784,86.14767955227256
80,0.5139860834990059,88.22972733436855
80,0.5153220675944333,90.34491304067575
80,0.5166580516898608,92.49258162396467
80,0.517,93.04741659176466
80,0.5179940357852882,94.67652485023159
80,0.5193300198807157,96.90797150304499
80,0.520666003976143,99.18807491660914
80,0.5220019880715705,101.5174546588351
80,0.523337972166998,103.89671484628444
80,0.5246739562624254,106.32644265780516
80,0.5260099403578529,108.80720679697612
80,0.5273459244532802,111.3395559035166
80,0.5286819085487077,113.92401691395058
80,0.5300178926441351,116.56109337195443
80,0.5313538767395626,119.2512636889685
80,0.53268986083499,121.99497935580976
80,0.5340258449304174,124.79266310618553
80,0.5353618290258448,127.64470703318834
80,0.5366978131212723,130.55147066002138
80,0.5380337972166997,133.5132789664076
80,0.5393697813121272,136.53042037231924
80,0.5407057654075546,139.60314468087813
80,0.542041749502982,142.73166098248535
80,0.5433777335984095,145.91613552245383
80,0.5447137176938369,149.15668953465342
80,0.5460497017892644,152.45339704390204
80,0.5473856858846918,155.80628264007507
80,0.5487216699801192,159.21531922715835
80,0.5500576540755466,162.68042575070882
80,0.5513936381709741,166.2014649074473
80,0.5527296222664015,169.77824084097057
80,0.554065606361829,173.4104968278203
80,0.5554015904572563,177.0979129584252
80,0.5567375745526838,180.8401038176934
80,0.5580735586481113,184.63661617029408
80,0.5594095427435387,188.48692665595442
80,0.5607455268389662,192.3904395003468
80,0.5620815109343936,196.34648424742088
80,0.563417495029821,200.35431351929398
80,0.5647534791252484,204.4131008100776
80,0.5660894632206759,208.52193832026705
80,0.5674254473161033,212.67983483858092
80,0.5687614314115308,216.88571367837028
80,0.5700974155069581,221.13841067595342
80,0.5714333996023856,225.43667225846383
80,0.572769383697813,229.7791535889903
80,0.5741053677932405,234.16441679701603
80,0.575441351888668,238.59092930231992
80,0.5767773359840953,243.05706224068769
80,0.5781133200795228,247.56108899993092
80,0.5785,248.8715234945978
80,0.5794493041749502,252.10672980805617
80,0.5807852882703777,256.7085736276334
80,0.5821212723658051,261.3676140616629
80,0.5834572564612325,266.08393770548304
80,0.5847932405566599,270.8576156252369
80,0.5861292246520874,275.6887030647919
80,0.5874652087475148,280.57723915560035
80,0.5888011928429423,285.5232466297104
80,0.5901371769383698,290.5267315361569
80,0.5914731610337971,295.58768296095303
80,0.5928091451292246,300.7060727509068
80,0.594145129224652,305.8818552414898
80,0.5954811133200795,311.1149669889856
80,0.5968170974155069,316.40532650713976
80,0.5981530815109343,321.75283400854306
80,0.5994890656063617,327.1573711509764
80,0.6008250497017892,332.6188007889415
80,0.6021610337972166,338.13696673060286
80,0.6034970178926441,343.71169350037866
80,0.6048330019880716,349.34278610739415
80,0.6061689860834989,355.0300298200314
80,0.6075049701789264,360.7731899468016
80,0.6088409542743538,366.5720116237543
80,0.6101769383697813,372.42621960866006
80,0.6115129224652087,378.3355180821758
80,0.6128489065606361,384.2995904562214
80,0.6141848906560635,390.3180991897794
80,0.615520874751491,396.39068561233375
80,0.6168568588469184,402.5169697551692
80,0.6181928429423459,408.6965501907316
80,0.6195288270377732,414.9290038802621
80,0.6208648111332007,421.21388602991703
80,0.6222007952286281,427.5507299555644
80,0.6235367793240556,433.93904695646364
80,0.6248727634194831,440.37832619802646
80,0.6262087475149104,446.8680346038451
80,0.6275447316103379,453.40761675718153
80,0.6288807157057653,459.9964948120948
80,0.6302166998011928,466.63406841440076
80,0.6315526838966202,473.319714632622
80,0.6328886679920477,480.05278789911347
80,0.634224652087475,486.83261996152453
80,0.6355606361829025,493.6585198447573
80,0.6368966202783299,500.52977382357875
80,0.6382326043737574,507.44564540604017
80,0.6395685884691849,514.4053753278469
80,0.64,516.6620273755929
80,0.6409045725646122,521.4104459619992
80,0.6422405566600397,528.4671842488074
80,0.6435765407554671,535.575338336356
80,0.6449125248508946,542.7341071233039
80,0.646248508946322,549.9426536099388
80,0.6475844930417495,557.2001045230206
80,0.6489204771371768,564.5055499558522
80,0.6502564612326043,571.8580430242918
80,0.6515924453280317,579.256599539396
80,0.6529284294234592,586.7001976974208
80,0.6542644135188866,594.1877777878905
80,0.655600397614314,601.7182419204466
80,0.6569363817097414,609.2904537711968
80,0.6582723658051689,616.9032383492731
80,0.6596083499005964,624.5553817843381
80,0.6609443339960238,632.2456311357264
80,0.6622803180914512,639.9726942239612
80,0.6636163021868786,647.7352394853389
80,0.6649522862823061,655.5318958502955
80,0.6662882703777335,663.3612526462589
80,0.667624254473161,671.2218595256843
80,0.6689602385685883,679.1122264199495
80,0.6702962226640158,687.030823519816
80,0.6716322067594432,694.9760812831
80,0.6729681908548707,702.9463904702421
80,0.6743041749502982,710.9401022084116
80,0.6756401590457256,718.9555280847919
80,0.676976143141153,726.9909402696725
80,0.6783121272365804,735.0445716699637
80,0.6796481113320079,743.1146161137236
80,0.6809840954274353,751.1992285662824
80,0.6823200795228628,759.2965253785386
80,0.6836560636182901,767.4045845679472
80,0.6849920477137176,775.5214461327481
80,0.686328031809145,783.6451123999235
80,0.6876640159045725,791.7735484073684
80,0.689,799.9046823207417
100,0.0117,0.0032342006231076306
100,0.01317862407862408,0.003618337158932505
100,0.014657248157248157,0.00405027123182453
100,0.016135872235872234,0.004535404632082772
100,0.017614496314496315,0.0050795903075264515
100,0.019093120393120395,0.005689130613905949
100,0.020571744471744473,0.0063707645287542445
100,0.02205036855036855,0.0071316412706922796
100,0.023528992628992627,0.007979277536279151
100,0.025007616707616708,0.008921495388775048
100,0.02648624078624079,0.009966337733314129
100,0.027964864864864866,0.011121958320596629
100,0.029443488943488944,0.012396483369330084
100,0.03092211302211302,0.013797842221630037
100,0.0324007371007371,0.015333564981498345
100,0.03387936117936118,0.017010545868858175
100,0.03535798525798526,0.01883477208051135
100,0.03683660933660934,0.020811019306835654
100,0.038315233415233414,0.022942516718892716
100,0.03979385749385749,0.02523058620792416
100,0.041272481572481576,0.0276742628994682
100,0.04275110565110565,0.030269906422926138
100,0.04422972972972973,0.03301081500974999
100,0.04570835380835381,0.03588685710232529
100,0.047186977886977885,0.038884137630601535
100,0.04866560196560197,0.04198471827271278
100,0.050144226044226047,0.04516641265110673
100,0.051622850122850124,0.04840267830158657
100,0.0531014742014742,0.051662627159242976
100,0.05458009828009828,0.05491117501509262
100,0.05605872235872236,0.058109347725830506
100,0.0566,0.05925923726568501
100,0.05753734643734644,0.06126215666361159
100,0.05901597051597052,0.06451849575861156
100,0.060494594594594595,0.06789490171591887
100,0.06197321867321867,0.07139307769717367
100,0.06345184275184275,0.0750146497032496
100,0.06493046683046683,0.07876116624177928
100,0.0664090909090909,0.08263409846685524
100,0.06788771498771498,0.08663484080044569
100,0.06936633906633906,0.0907647120430624
100,0.07084496314496315,0.09502495697923224
100,0.07232358722358723,0.0994167484813733
100,0.0738022113022113,0.10394119011376889
100,0.07528083538083538,0.10859931923649697
100,0.07675945945945946,0.11339211060741232
100,0.07823808353808354,0.11832048047861418
100,0.07971670761670761,0.1233852911822772
100,0.08119533169533169,0.1285873561992875
100,0.08267395577395577,0.13392744570282308
100,0.08415257985257986,0.1394062925678566
100,0.08563120393120394,0.14502459883655142
100,0.08710982800982801,0.15078304262867245
100,0.08858845208845209,0.15668228548545193
100,0.09006707616707617,0.16272298013484324
100,0.09154570024570025,0.16890577866576328
100,0.09302432432432432,0.17523134109877614
100,0.0945029484029484,0.18170034434070498
100,0.09598157248157248,0.18831349151087765
100,0.09746019656019655,0.19507152162712157
100,0.09893882063882065,0.20197521964021256
100,0.10041744471744472,0.2090254268062625
100,0.1018960687960688,0.21622305138749517
100,0.10337469287469288,0.22356907967299977
100,0.10485331695331696,0.23106458731238141
100,0.10633194103194103,0.2387107509567268
100,0.10781056511056511,0.24650886020298216
100,0.10928918918918919,0.2544603298396853
100,0.11076781326781326,0.2625667123940171
100,0.11224643734643734,0.27082971098231295
100,0.11372506142506142,0.2792511924685309
100,0.11520368550368551,0.28783320093767495
100,0.11668230958230959,0.2965779714938499
100,0.11816093366093366,0.30548794439545135
100,0.11963955773955774,0.3145657795429854
100,0.12111818181818182,0.3238143713381721
100,0.1225968058968059,0.3332368639363006
100,0.12407542997542997,0.3428366669172925
100,0.12555405405405404,0.35261747140459015
100,0.12703267813267813,0.36258326666482626
100,0.1285113022113022,0.3727383572252553
100,0.12998992628992628,0.3830873805501582
100,0.13146855036855037,0.39363532532185597
100,0.13294717444717444,0.4043875503766348
100,0.13442579852579853,0.4153498043507716
100,0.1359044226044226,0.42652824609701007
100,0.13738304668304666,0.43792946593726384
100,0.13886167076167075,0.44956050782305734
100,0.14034029484029484,0.46142889248128255
100,0.1418189189189189,0.4735426416292662
100,0.143297542997543,0.4859103033499595
100,0.14477616707616706,0.49854097872530145
100,0.14625479115479115,0.5114443498335293
100,0.1477334152334152,0.5246307092244223
100,0.1492120393120393,0.538110990995285
100,0.15069066339066337,0.5518968035998617
100,0.15216928746928746,0.5660004645324982
100,0.15364791154791152,0.5804350370406948
100,0.1551265356265356,0.5952143690308722
100,0.1566051597051597,0.6103531343447297
100,0.15808378378378377,0.6258668765971482
100,0.15956240786240786,0.6417720557812243
100,0.16104103194103192,0.658086097861864
100,0.162519656019656,0.6748274475965225
100,0.16399828009828007,0.6920156248402454
100,0.16547690417690417,0.7096712846123523
100,0.16695552825552823,0.7278162812239888
100,0.16843415233415232,0.7464737367895742
100,0.1699127764127764,0.765668114471072
100,0.17139140049140048,0.7854252968321821
100,0.17287002457002457,0.805772669710269
100,0.17434864864864863,0.8267392120473016
100,0.17582727272727272,0.8483555921576161
100,0.17730589680589678,0.8706542709501385
100,0.17878452088452088,0.8936696126663003
100,0.18026314496314494,0.9174380037423949
100,0.18174176904176903,0.9419979804572218
100,0.1832203931203931,0.9673903660827755
100,0.18469901719901718,0.9936584183180817
100,0.18617764127764128,1.020847987854552
100,0.18765626535626534,1.0490076889961182
100,0.188,1.0556983644990243
100,0.18913488943488943,1.0780580494153857
100,0.1906135135135135,1.1077279050695559
100,0.19209213759213759,1.1380154641616242
100,0.19357076167076165,1.1689307992456965
100,0.19504938574938574,1.2004842415759793
100,0.1965280098280098,1.2326863939045254
100,0.1980066339066339,1.2655481437493374
100,0.19948525798525796,1.2990806771462349
100,0.20096388206388205,1.3332954928986875
100,0.20244250614250614,1.3682044173405823
100,0.2039211302211302,1.403819619627784
100,0.2053997542997543,1.4401536275752354
100,0.20687837837837836,1.4772193440573085
100,0.20835700245700245,1.5150300639901528
100,0.2098356265356265,1.553599491915833
100,0.2113142506142506,1.5929417602092304
100,0.21279287469287467,1.6330714479298352
100,0.21427149877149876,1.674003600341873
100,0.21575012285012282,1.7157537491275052
100,0.2172287469287469,1.7583379333192937
100,0.218707371007371,1.8017727209795633
100,0.22018599508599507,1.8460752316559053
100,0.22166461916461916,1.8912631596436833
100,0.22314324324324322,1.9373547980881405
100,0.2246218673218673,1.9843690639605622
100,0.22610049140049138,2.032325523944825
100,0.22757911547911547,2.0812444212727357
100,0.22905773955773953,2.1311467035486453
100,0.23053636363636362,2.1820540516061078
100,0.23201498771498769,2.2339889094416576
100,0.23349361179361178,2.286974515273329
100,0.23497223587223587,2.341034933774061
100,0.23645085995085993,2.3961950895329607
100,0.23792948402948402,2.4524808018002364
100,0.2394081081081081,2.5099188205746485
100,0.24088673218673218,2.568536864095582
100,0.24236535626535624,2.628363657805126
100,0.24384398034398033,2.6894289748491937
100,0.2453226044226044,2.751763678190353
100,0.2468012285012285,2.815399764409072
100,0.24827985257985258,2.880370409274145
100,0.24975847665847664,2.9467100151675067
100,0.25123710073710076,3.0144542604532027
100,0.2527157248157248,3.0836401508851585
100,0.2541943488943489,3.154306073153556
100,0.255672972972973,3.2264918506749307
100,0.25715159705159707,3.300238801736939
100,0.2586302211302211,3.3755898001146605
100,0.2601088452088452,3.4525893382817308
100,0.2615874692874693,3.531283593346246
100,0.2630660933660933,3.611720495848555
100,0.2645447174447174,3.6939498015654912
100,0.2660233415233415,3.7780231664735147
100,0.2675019656019656,3.8639942250316732
100,0.2689805896805897,3.951918671954071
100,0.2704592137592137,4.041854347650944
100,0.2719378378378378,4.133861327527377
100,0.2734164619164619,4.228002015339094
100,0.274895085995086,4.324341240815999
100,0.27637371007371003,4.422946361775778
100,0.2778523341523341,4.52388737096243
100,0.2793309582309582,4.627237007857685
100,0.2808095823095823,4.7330708757273845
100,0.2822882063882064,4.841467564179648
100,0.28376683046683043,4.952508777527345
100,0.2852454545454545,5.066279469264188
100,0.2867240786240786,5.182867982981294
100,0.2882027027027027,5.302366200069993
100,0.28968132678132674,5.424869694576483
100,0.29115995085995083,5.550477895595152
100,0.2926385749385749,5.6792942576097705
100,0.294117199017199,5.811426439215799
100,0.29559582309582305,5.946986490682198
100,0.29707444717444714,6.086091050838289
100,0.29855307125307123,6.2288615537997085
100,0.3000316953316953,6.3754244460781
100,0.3015103194103194,6.525911414651519
100,0.30298894348894345,6.680459626607037
100,0.30446756756756754,6.839211981003757
100,0.30594619164619163,7.002317373643429
100,0.3074248157248157,7.169930975477582
100,0.30890343980343976,7.34221452542427
100,0.31038206388206385,7.51933663841474
100,0.31186068796068794,7.701473129540651
100,0.31333931203931203,7.888807355226026
100,0.3148179361179361,8.081530572405285
100,0.315,8.105642998782388
100,0.31629656019656016,8.279540993923785
100,0.31777518427518425,8.482521294678971
100,0.31925380835380834,8.690595626542297
100,0.32073243243243243,8.903897471172561
100,0.32221105651105647,9.1225640080555
100,0.32368968058968056,9.346736223231861
100,0.32516830466830465,9.576559021413528
100,0.32664692874692874,9.812181341599425
100,0.32812555282555284,10.053756276306475
100,0.32960417690417687,10.301441194534995
100,0.33108280098280096,10.555397868592225
100,0.33256142506142505,10.815792604901612
100,0.33404004914004914,11.082796378930459
100,0.3355186732186732,11.356584974372597
100,0.33699729729729727,11.63733912672812
100,0.33847592137592136,11.9252446714265
100,0.33995454545454545,12.220492696645325
100,0.3414331695331695,12.523279700981663
100,0.3429117936117936,12.833807756138816
100,0.34439041769041767,13.152284674796928
100,0.34586904176904176,13.478924183841924
100,0.34734766584766585,13.813946103133496
100,0.3488262899262899,14.15757652999888
100,0.350304914004914,14.510048029646466
100,0.35178353808353807,14.87159983169943
100,0.35326216216216216,15.242478033057484
100,0.3547407862407862,15.622935807301504
100,0.3562194103194103,16.01323362086424
100,0.3576980343980344,16.413639456197522
100,0.3591766584766585,16.82442904217547
100,0.36065528255528256,17.24588609198108
100,0.3621339066339066,17.678302548733058
100,0.3636125307125307,18.12197883911854
100,0.3650911547911548,18.57722413530736
100,0.3665697788697789,19.044356625433277
100,0.3680484029484029,19.52370379293794
100,0.369527027027027,20.015602705084266
100,0.3710056511056511,20.520400310956628
100,0.3724842751842752,21.03845374927757
100,0.3739628992628992,21.570130666381942
100,0.3754415233415233,22.115809544702753
100,0.3769201474201474,22.675880042134764
100,0.3783987714987715,23.25074334265675
100,0.3798773955773956,23.840812518606285
100,0.381,24.299221795390167
100,0.3813560196560196,24.446630392231153
100,0.3828346437346437,25.07118976301984
100,0.3843132678132678,25.71531938505009
100,0.3857918918918919,26.378515571106664
100,0.3872705159705159,27.060177640463685
100,0.388,27.403068510238814
100,0.38874914004914,27.759778220968265
100,0.3902277641277641,28.47805566303999
100,0.3917063882063882,29.215618848860103
100,0.3931850122850123,29.972972295655893
100,0.3946636363636363,30.750632639303358
100,0.3961422604422604,31.54912887022983
100,0.3976208845208845,32.36900257136428
100,0.3990995085995086,33.210808158025245
100,0.40057813267813264,34.075113119627154
100,0.40205675675675673,34.9624982630791
100,0.4035353808353808,35.87355795774078
100,0.4050140049140049,36.80890038179238
100,0.406492628992629,37.7691477698654
100,0.40797125307125304,38.754936661773556
100,0.40944987714987713,39.76691815217165
100,0.4109285012285012,40.805758140961586
100,0.4124071253071253,41.8721375842548
100,0.41388574938574935,42.96675274568889
100,0.41536437346437344,44.09031544788655
100,0.41684299754299753,45.24355332383296
100,0.4183216216216216,46.42721006793755
100,0.41980024570024566,47.642045686533045
100,0.42127886977886975,48.888836747554514
100,0.422,49.50873196689886
100,0.42275749385749384,50.169322885679165
100,0.424,51.273696207740905
100,0.42423611793611793,51.4863636660318
100,0.425,52.17975659418132
100,0.425714742014742,52.8343078497626
100,0.42719336609336606,54.21475188057644
100,0.42867199017199015,55.631412819261456
100,0.43015061425061424,57.08515470152922
100,0.43162923832923833,58.57685738691954
100,0.43310786240786237,60.1074166137845
100,0.43458648648648646,61.67774404149036
100,0.43606511056511055,63.28876727912111
100,0.43754373464373464,64.94142989994991
100,0.43902235872235873,66.63669144092277
100,0.44050098280098277,68.37552738638142
100,0.44197960687960686,70.15892913523227
100,0.44345823095823095,71.98790395074863
100,0.44493685503685504,73.86347489217722
100,0.4464154791154791,75.78668072729907
100,0.44789410319410317,77.75857582507889
100,0.44937272727272726,79.78023002751895
100,0.45085135135135135,81.85272849981773
100,0.4523299754299754,83.97717155791614
100,0.4538085995085995,86.15467447250082
100,0.45528722358722357,88.38636724851682
100,0.45676584766584766,90.67339437923111
100,0.45824447174447175,93.01691457387383
100,0.4597230958230958,95.4181004578727
100,0.4612017199017199,97.87813824468697
100,0.46268034398034397,100.39822737823461
100,0.46415896805896806,102.97958014490207
100,0.4656375921375921,105.6234212541184
100,0.4671162162162162,108.33098738646592
100,0.4685948402948403,111.1035267083037
100,0.47007346437346437,113.94229835187166
100,0.47155208845208846,116.8485718598459
100,0.4730307125307125,119.82362659331595
100,0.4745093366093366,122.86875110216215
100,0.475,123.89494494957535
100,0.4759879606879607,125.9714056128847
100,0.477,128.119951706184
100,0.47746658476658477,129.12389573232244
100,0.4789452088452088,132.35733208063883
100,0.4804238329238329,135.65469216126004
100,0.481,136.95237671446418
100,0.481902457002457,139.00404693161056
100,0.4833810810810811,142.42923015599462
100,0.48485970515970517,145.93378618145022
100,0.4863383292383292,149.51801036500748
100,0.4878169533169533,153.1820929781938
100,0.4892955773955774,156.92611201186068
100,0.4907742014742015,160.75002582212213
100,0.4922528255528255,164.65366563274728
100,0.4937314496314496,168.6367279112825
100,0.4952100737100737,172.69876663817772
100,0.4966886977886978,176.83918549026663
100,0.4981673218673218,181.05722996208578
100,0.4996459459459459,185.35197945069658
100,0.501,189.3512620366734
100,0.50112457002457,189.72244290194305
100,0.5026031941031941,194.1839803449788
100,0.5040818181818182,198.7463762451947
100,0.5055604422604423,203.4066282107383
100,0.5070390663390664,208.16129321162288
100,0.5085176904176905,213.00646321468264
100,0.5099963144963146,217.93774136479038
100,0.5114749385749385,222.95021892158286
100,0.5129535626535627,228.0384531779745
100,0.5144321867321867,233.19644660331127
100,0.5159108108108108,238.41762746995425
100,0.5173894348894349,243.69483223701727
100,0.518868058968059,249.02028997872273
100,0.52,253.12452764937865
100,0.5203466830466831,254.38731614244966
100,0.5218253071253072,259.8316903926624
100,0.5233039312039313,265.3714568651946
100,0.5247825552825554,271.00740660822834
100,0.5262611793611794,276.7403019486319
100,0.5277398034398034,282.5708748717615
100,0.5292184275184275,288.49982536974204
100,0.5306970515970516,294.5278197589965
100,0.5321756756756757,300.6554889678911
100,0.5336542997542998,306.8834267954249
100,0.5351329238329239,313.2121881419905
100,0.536611547911548,319.64228721331517
100,0.5380901719901721,326.17419569878604
100,0.5395687960687962,332.80834092543756
100,0.5410474201474201,339.5451039889949
100,0.5425260442260442,346.3848178634512
100,0.5440046683046683,353.3277654907334
100,0.5454832923832924,360.3741778521495
100,0.5469619164619165,367.5242320233784
100,0.5484405405405406,374.7780492148596
100,0.5499191646191647,382.1356927995749
100,0.5513977886977888,389.5971663302773
100,0.5528764127764129,397.1624115483519
100,0.5543550368550368,404.83130638658406
100,0.5558336609336609,412.6036629682247
100,0.557312285012285,420.4792256048281
100,0.5587909090909091,428.457668795461
100,0.5602695331695332,436.53859522998766
100,0.5617481572481573,444.72153379920275
100,0.5632267813267814,453.0059376147481
100,0.5647054054054055,461.3911820417815
100,0.5661840294840296,469.87656274753016
100,0.5676626535626536,478.4612937689105
100,0.5691412776412776,487.1445056025268
100,0.5706199017199017,495.9252433204305
100,0.571,498.19807132531855
100,0.5720985257985258,504.78731300759836
100,0.5735771498771499,513.693524162678
100,0.575055773955774,522.6447697167304
100,0.5765343980343981,531.6441273902092
100,0.5780130221130222,540.6950136386807
100,0.5794916461916462,549.8011902718671
100,0.5809702702702703,558.9667712727986
100,0.5824488943488944,568.196229873996
100,0.5839275184275184,577.4944059499984
100,0.5854061425061425,586.866513787872
100,0.5868847665847666,596.3181502998946
100,0.5883633906633907,605.8553037451032
100,0.589,609.9893609091218
100,0.5898420147420148,615.4847800936445
100,0.5913206388206389,625.2116225261227
100,0.5927992628992629,635.034307183415
100,0.594277886977887,644.9506596854893
100,0.5957565110565111,654.9583581903553
100,0.5972351351351352,665.0549303591831
100,0.5987137592137592,675.237750417951
100,0.6001923832923833,685.5040363255642
100,0.6016710073710074,695.8508470586207
100,0.6031496314496315,706.2750800232465
100,0.6046282555282556,716.773468604652
100,0.6061068796068796,727.3425798652783
100,0.6075855036855037,737.9788124025662
100,0.6090641277641278,748.6783943776038
100,0.6105427518427519,759.4373817260058
100,0.612021375921376,770.2516565625532
100,0.6135,781.1169257911689
120,0.00333,0.0014093073771242126
120,0.005544878048780488,0.0028334032695412647
120,0.0077597560975609745,0.005347299388580746
120,0.009974634146341463,0.008995438313066326
120,0.0112,0.011202707169899778
120,0.01218951219512195,0.01302213666735388
120,0.014404390243902436,0.017750939868395748
120,0.016619268292682926,0.02331258116542504
120,0.018834146341463413,0.02950479192242501
120,0.0210490243902439,0.03599409179551113
120,0.023263902439024386,0.042335981663630985
120,0.0247,0.04612963029397254
120,0.025478780487804872,0.04811919342204721
120,0.027693658536585362,0.0541484529071132
120,0.02990853658536585,0.06075213870353959
120,0.032123414634146336,0.06796279240651883
120,0.034338292682926826,0.07581258448589268
120,0.03655317073170731,0.08433311732621507
120,0.0387680487804878,0.09355523413593012
120,0.04098292682926829,0.10350883718177221
120,0.04319780487804877,0.1142227187570238
120,0.04541268292682926,0.1257244081798386
120,0.047627560975609745,0.13804003794383543
120,0.049842439024390235,0.15119423191265344
120,0.052057317073170725,0.16521001816974287
120,0.05427219512195121,0.18010876881226115
120,0.0564870731707317,0.19591016862250507
120,0.05870195121951219,0.21263221417156578
120,0.06091682926829267,0.23029124451804373
120,0.06313170731707317,0.24890200427006776
120,0.06534658536585365,0.2684777393917969
120,0.06756146341463413,0.28903032576592713
120,0.06977634146341462,0.31057043018073655
120,0.07199121951219511,0.33310770310236126
120,0.0742060975609756,0.3566510023277583
120,0.07642097560975608,0.3812086463975863
120,0.07863585365853658,0.40678869648624677
120,0.08085073170731706,0.4333992653826396
120,0.08306560975609754,0.4610488521326709
120,0.08528048780487804,0.48974670093502787
120,0.08749536585365852,0.5195031829659892
120,0.08971024390243901,0.5503301999570349
120,0.09192512195121949,0.5822416085599741
120,0.09413999999999999,0.6152536648069966
120,0.09635487804878047,0.649385488305872
120,0.09856975609756095,0.6846595462018032
120,0.10078463414634145,0.7211021573856647
120,0.10299951219512193,0.7587440179323045
120,0.10521439024390242,0.797620749311695
120,0.10742926829268291,0.837773471530147
120,0.1096441463414634,0.8792494040298592
120,0.11185902439024388,0.9221024979052636
120,0.11407390243902438,0.9663941037880306
120,0.11628878048780486,1.012193680614987
120,0.11850365853658534,1.0595795514325002
120,0.12071853658536584,1.108639713417161
120,0.12293341463414632,1.1594727104186426
120,0.12514829268292682,1.212188577572255
120,0.1273631707317073,1.2669098689048186
120,0.1295780487804878,1.3237727803913035
120,0.13179292682926827,1.3829283826382628
120,0.13400780487804875,1.4445439793059223
120,0.13622268292682924,1.5088046095721874
120,0.13843756097560975,1.5759147154334414
120,0.14065243902439023,1.6460999974821338
120,0.1428673170731707,1.7196094860615263
120,0.1450821951219512,1.7967178584468169
120,0.14729707317073168,1.877728037025219
120,0.14951195121951216,1.962974108446139
120,0.15172682926829265,2.0528246095063927
120,0.15394170731707316,2.147686232264631
120,0.155,2.1949105588655313
120,0.15615658536585364,2.247012140997645
120,0.15837146341463412,2.3457527881089537
120,0.1605863414634146,2.4434950382272604
120,0.1628012195121951,2.540797727362442
120,0.16501609756097557,2.6383666338147025
120,0.16723097560975608,2.7370556971171
120,0.16944585365853657,2.8378704895294935
120,0.17166073170731705,2.941974938794391
120,0.17387560975609753,3.050702362824324
120,0.17609048780487802,3.165571978820707
120,0.1766,3.193042829303947
120,0.1783053658536585,3.286730039969562
120,0.18052024390243898,3.41156795699716
120,0.1827351219512195,3.540193150293883
120,0.1843,3.633493630909064
120,0.18494999999999998,3.6728746629372995
120,0.18716487804878046,3.8100215597794915
120,0.18937975609756094,3.951851177655425
120,0.19159463414634142,4.098514353800522
120,0.1938095121951219,4.2501668462895665
120,0.19602439024390242,4.4069695110346325
120,0.1982392682926829,4.569088485942985
120,0.20045414634146339,4.736695382546796
120,0.20266902439024387,4.90996748543076
120,0.20488390243902435,5.08908795979891
120,0.20709878048780483,5.274246067537646
120,0.2085,5.394590834676082
120,0.20931365853658535,5.4656184384746975
120,0.21152853658536583,5.6632115277723285
120,0.2137434146341463,5.867211426875244
120,0.2159582926829268,6.077876796368969
120,0.21817317073170728,6.295481648084593
120,0.22038804878048776,6.520316325400303
120,0.22260292682926824,6.752688548276134
120,0.22481780487804875,6.992924528137901
120,0.22703268292682924,7.241370158170598
120,0.22924756097560972,7.4983922850652736
120,0.2314624390243902,7.764380068790508
120,0.2326,7.904609724835367
120,0.2336773170731707,8.039566901418645
120,0.23589219512195117,8.323388359914333
120,0.2381,8.615541910058166
120,0.23810707317073168,8.616493702008906
120,0.24032195121951216,8.919600410146153
120,0.24253682926829265,9.233039899518326
120,0.24475170731707313,9.557175701372628
120,0.2469665853658536,9.892385392412862
120,0.2491814634146341,10.239061200028296
120,0.2513963414634146,10.597610635974169
120,0.25361121951219506,10.968457159941863
120,0.2558260975609756,11.352040874535293
120,0.256,11.38271076696504
120,0.25804097560975603,11.750171986401735
120,0.26025585365853654,12.16492003658133
120,0.26247073170731705,12.596363426674333
120,0.2646856097560975,13.044508986073819
120,0.266900487804878,13.509294277429156
120,0.2691153658536585,13.990579433315576
120,0.271330243902439,14.488138740481029
120,0.2735451219512195,15.001652031096157
120,0.27575999999999995,15.530695952699714
120,0.27797487804878046,16.074735201461387
120,0.2801897560975609,16.633113816834985
120,0.2824046341463414,17.205046649463547
120,0.2846195121951219,17.789611128098993
120,0.2868343902439024,18.385739465047237
120,0.2890492682926829,18.992211452928906
120,0.2901,19.28314580878832
120,0.29126414634146336,19.609216243444333
120,0.29347902439024387,20.244576870046128
120,0.2956939024390243,20.900089381847426
120,0.29790878048780484,21.576369098200683
120,0.3001236585365853,22.274049018131368
120,0.3023385365853658,22.993780280653024
120,0.3045534146341463,23.736232635103704
120,0.30676829268292677,24.502094921641735
120,0.3089831707317073,25.29207556203718
120,0.31119804878048773,26.106903060893874
120,0.31341292682926825,26.947326517434313
120,0.31562780487804876,27.81411614797784
120,0.3178426829268292,28.70806381924038
120,0.3200575609756097,29.629983592580448
120,0.3222724390243902,30.580712279313733
120,0.3244873170731707,31.561110007215724
120,0.32670219512195114,32.57206079832718
120,0.32891707317073166,33.61447315817504
120,0.33113195121951217,34.68928067651573
120,0.3333468292682926,35.79744263970475
120,0.33556170731707313,36.93994465479137
120,0.3377765853658536,38.117799285431516
120,0.3399914634146341,39.33204669970832
120,0.34220634146341455,40.58375532994225
120,0.34442121951219506,41.87402254456849
120,0.3466360975609756,43.203975332151316
120,0.34885097560975603,44.57477099760006
120,0.35106585365853654,45.98759787064297
120,0.353280731707317,47.44367602660804
120,0.3554956097560975,48.944258019552755
120,0.35771048780487796,50.49062962777513
120,0.3599253658536585,52.08411061173104
120,0.362140243902439,53.72605548437239
120,0.36435512195121944,55.41785429391205
120,0.36656999999999995,57.160933419010945
120,0.3687848780487804,58.95675637637217
120,0.3709997560975609,60.8068246407159
120,0.37321463414634143,62.712678477097946
120,0.3754295121951219,64.67589778552103
120,0.3776443902439024,66.69810295777891
120,0.37985926829268285,68.78095574645485
120,0.38207414634146336,70.9261601459885
120,0.3842890243902438,73.13546328570584
120,0.3865039024390243,75.41065633469626
120,0.38871878048780484,77.75357541840131
120,0.3909336585365853,80.16610254676863
120,0.3931485365853658,82.65016655380366
120,0.39536341463414626,85.20774404833676
120,0.39757829268292677,87.84086037580687
120,0.3997931707317072,90.55159059084049
120,0.40200804878048774,93.34206044039144
120,0.40422292682926825,96.21444735718059
120,0.4064378048780487,99.17098146316188
120,0.4086526829268292,102.21394658271366
120,0.41086756097560967,105.34568126523533
120,0.4130824390243902,108.5685798168098
120,0.4152973170731707,111.88509334056276
120,0.41751219512195115,115.29773078533279
120,0.41972707317073166,118.80906000223897
120,0.4219419512195121,122.42170880870637
120,0.4241568292682926,126.13836605948774
120,0.4263717073170731,129.9617827241885
120,0.4285865853658536,133.89477297078238
120,0.4308014634146341,137.94021525456645
120,0.43301634146341456,142.10105341198675
120,0.43523121951219507,146.38029775873096
120,0.4374460975609755,150.7810261914524
120,0.43966097560975603,155.30638529246502
120,0.4418758536585365,159.95959143671328
120,0.444090731707317,164.74393190029065
120,0.4463056097560975,169.66276596974504
120,0.44852048780487797,174.71952605138026
120,0.4507353658536585,179.91771877972727
120,0.45295024390243893,185.2609261243181
120,0.45516512195121944,190.75280649387057
120,0.45737999999999995,196.3970958369466
120,0.4595948780487804,202.19760873811495
120,0.4618097560975609,208.15823950861
120,0.4640246341463414,214.2829632704404
120,0.4662395121951219,220.57583703286497
120,0.46845439024390234,227.0410007601085
120,0.47066926829268285,233.68267842915586
120,0.47288414634146336,240.50517907642273
120,0.4750990243902438,247.5128978320532
120,0.47731390243902433,254.7103169405635
120,0.4795287804878048,262.10200676649794
120,0.4817436585365853,269.69262678373633
120,0.48395853658536575,277.48692654702876
120,0.48617341463414626,285.4897466443113
120,0.4883882926829268,293.7060196282984
120,0.4906031707317072,302.14077092581306
120,0.49281804878048774,310.7991197232654
120,0.4950329268292682,319.68627982664736
120,0.4972478048780487,328.8075604943782
120,0.4994626829268292,338.16836724126676
120,0.5016775609756097,347.7742026118402
120,0.5038924390243902,357.63066692122203
120,0.5061073170731707,367.7434589617101
120,0.5083221951219512,378.1183766731581
120,0.5105370731707317,388.7613177752188
120,0.5127519512195121,399.6782803594572
120,0.5149668292682926,410.87536343931424
120,0.5171817073170731,422.358767455841
120,0.5193965853658536,434.13479473708696
120,0.5216114634146342,446.2098499089878
120,0.5238263414634146,458.59044025554635
120,0.5260412195121951,471.28317602607075
120,0.5282560975609756,484.2947706871758
120,0.5304709756097561,497.6320411172339
120,0.5326858536585366,511.3019077409059
120,0.534900731707317,525.3113946013556
120,0.5371156097560975,539.6676293677065
120,0.539330487804878,554.3778432752569
120,0.5415453658536585,569.4493709959652
120,0.543760243902439,584.8896504366371
120,0.5459751219512194,600.706222462252
120,0.54819,616.9067305418245
120,0.5504048780487805,633.498920314147
120,0.552619756097561,650.4906390707725
120,0.5548346341463414,667.8898351535253
120,0.5570495121951219,685.704557263849
120,0.5592643902439024,703.942953681224
120,0.5614792682926829,722.613271387941
120,0.5636941463414634,741.7238550974147
120,0.5659090243902438,761.2831461832769
120,0.5681239024390243,781.2996815064517
120,0.5703387804878048,801.7820921373628
120,0.5725536585365854,822.7391019705077
120,0.5747685365853659,844.1795262285367
120,0.5769834146341463,866.1122698530287
120,0.5791982926829268,888.5463257791407
120,0.5814131707317073,911.4907730912977
120,0.5836280487804878,934.9547750571329
120,0.5858429268292683,958.947577036876
120,0.5880578048780487,983.4785042653828
120,0.5902726829268292,1008.5569595040747
120,0.5924875609756097,1034.1924205600208
120,0.5947024390243902,1060.3944376694553
120,0.5969173170731706,1087.1726307430527
120,0.5991321951219511,1114.536686470298
120,0.6013470731707317,1142.4963552803429
120,0.6035619512195122,1171.061448156791
120,0.6057768292682927,1200.2418333038872
120,0.6079917073170731,1230.047432661636
120,0.6102065853658536,1260.4882182674676
120,0.6124214634146341,1291.574208462075
120,0.6146363414634146,1323.3154639371494
120,0.6168512195121951,1355.722083622858
120,0.6190660975609755,1388.8042004128654
120,0.621280975609756,1422.5719767248981
120,0.6234958536585365,1457.0355998949092
120,0.6257107317073171,1492.2052774029607
120,0.6279256097560976,1528.0912319290605
120,0.630140487804878,1564.7036962373463
120,0.6323553658536585,1602.0529078870366
120,0.634570243902439,1640.149103768717
120,0.6367851219512195,1679.002514464738
120,0.639,1718.6233584324605
