variant,identity,target,source,temperature_c,loading,observed,predicted,status,engine_wheel_sha256,parameter_sha256,script_sha256
D-p5a-00-loadfix,vle_obs_0119,vle_obs_0119-pco2,Hilliard2008,40.0,0.15290305806116122,5.7,5.189996454744454,evaluated,28181e72e429c6e87fc6361082af1a7b21c8747e76bda65a1c30abb4a97402f2,ebb5f8f9df2aa4ff9bbaec72899dae33fba2233823bb7e389bef92b3d2981900,277c7d5b5a1ac93ecb81ea4fcfa6e3f99c08f700b9df190ce68b3275a790201f
D-p5a-00-loadfix,vle_obs_0120,vle_obs_0120-pco2,Hilliard2008,40.0,0.16290325806516132,6.64,5.986362065985568,evaluated,28181e72e429c6e87fc6361082af1a7b21c8747e76bda65a1c30abb4a97402f2,ebb5f8f9df2aa4ff9bbaec72899dae33fba2233823bb7e389bef92b3d2981900,277c7d5b5a1ac93ecb81ea4fcfa6e3f99c08f700b9df190ce68b3275a790201f
D-p5a-00-loadfix,vle_obs_0121,vle_obs_0121-pco2,Hilliard2008,40.0,0.1699033980679614,7.21,6.597002907507176,evaluated,28181e72e429c6e87fc6361082af1a7b21c8747e76bda65a1c30abb4a97402f2,ebb5f8f9df2aa4ff9bbaec72899dae33fba2233823bb7e389bef92b3d2981900,277c7d5b5a1ac93ecb81ea4fcfa6e3f99c08f700b9df190ce68b3275a790201f
D-p5a-00-loadfix,vle_obs_0122,vle_obs_0122-pco2,Hilliard2008,40.0,0.19090381807636156,9.950000000000001,8.733043242680706,evaluated,28181e72e429c6e87fc6361082af1a7b21c8747e76bda65a1c30abb4a97402f2,ebb5f8f9df2aa4ff9bbaec72899dae33fba2233823bb7e389bef92b3d2981900,277c7d5b5a1ac93ecb81ea4fcfa6e3f99c08f700b9df190ce68b3275a790201f
D-p5a-00-loadfix,vle_obs_0123,vle_obs_0123-pco2,Hilliard2008,40.0,0.19390387807756157,9.85,9.080259765134736,evaluated,28181e72e429c6e87fc6361082af1a7b21c8747e76bda65a1c30abb4a97402f2,ebb5f8f9df2aa4ff9bbaec72899dae33fba2233823bb7e389bef92b3d2981900,277c7d5b5a1ac93ecb81ea4fcfa6e3f99c08f700b9df190ce68b3275a790201f
D-p5a-00-loadfix,vle_obs_0124,vle_obs_0124-pco2,Hilliard2008,40.0,0.23190463809276188,14.6,14.666333466067263,evaluated,28181e72e429c6e87fc6361082af1a7b21c8747e76bda65a1c30abb4a97402f2,ebb5f8f9df2aa4ff9bbaec72899dae33fba2233823bb7e389bef92b3d2981900,277c7d5b5a1ac93ecb81ea4fcfa6e3f99c08f700b9df190ce68b3275a790201f
D-p5a-00-loadfix,vle_obs_0125,vle_obs_0125-pco2,Hilliard2008,40.0,0.24590491809836199,19.099999999999998,17.43795549721207,evaluated,28181e72e429c6e87fc6361082af1a7b21c8747e76bda65a1c30abb4a97402f2,ebb5f8f9df2aa4ff9bbaec72899dae33fba2233823bb7e389bef92b3d2981900,277c7d5b5a1ac93ecb81ea4fcfa6e3f99c08f700b9df190ce68b3275a790201f
D-p5a-00-loadfix,vle_obs_0126,vle_obs_0126-pco2,Hilliard2008,40.0,0.2689053781075622,23.099999999999998,23.184725588172544,evaluated,28181e72e429c6e87fc6361082af1a7b21c8747e76bda65a1c30abb4a97402f2,ebb5f8f9df2aa4ff9bbaec72899dae33fba2233823bb7e389bef92b3d2981900,277c7d5b5a1ac93ecb81ea4fcfa6e3f99c08f700b9df190ce68b3275a790201f
D-p5a-00-loadfix,vle_obs_0127,vle_obs_0127-pco2,Hilliard2008,40.0,0.2719054381087622,22.4,24.068595208269016,evaluated,28181e72e429c6e87fc6361082af1a7b21c8747e76bda65a1c30abb4a97402f2,ebb5f8f9df2aa4ff9bbaec72899dae33fba2233823bb7e389bef92b3d2981900,277c7d5b5a1ac93ecb81ea4fcfa6e3f99c08f700b9df190ce68b3275a790201f
D-p5a-00-loadfix,vle_obs_0128,vle_obs_0128-pco2,Hilliard2008,40.0,0.32590651813036264,48.5,48.559577688012595,evaluated,28181e72e429c6e87fc6361082af1a7b21c8747e76bda65a1c30abb4a97402f2,ebb5f8f9df2aa4ff9bbaec72899dae33fba2233823bb7e389bef92b3d2981900,277c7d5b5a1ac93ecb81ea4fcfa6e3f99c08f700b9df190ce68b3275a790201f
D-p5a-00-loadfix,vle_obs_0129,vle_obs_0129-pco2,Hilliard2008,40.0,0.3479069581391628,66.19999999999999,66.38734104264626,evaluated,28181e72e429c6e87fc6361082af1a7b21c8747e76bda65a1c30abb4a97402f2,ebb5f8f9df2aa4ff9bbaec72899dae33fba2233823bb7e389bef92b3d2981900,277c7d5b5a1ac93ecb81ea4fcfa6e3f99c08f700b9df190ce68b3275a790201f
D-p5a-00-loadfix,vle_obs_0130,vle_obs_0130-pco2,Hilliard2008,40.0,0.3499069981399628,72.1,68.38022251866705,evaluated,28181e72e429c6e87fc6361082af1a7b21c8747e76bda65a1c30abb4a97402f2,ebb5f8f9df2aa4ff9bbaec72899dae33fba2233823bb7e389bef92b3d2981900,277c7d5b5a1ac93ecb81ea4fcfa6e3f99c08f700b9df190ce68b3275a790201f
D-p5a-00-loadfix,vle_obs_0131,vle_obs_0131-pco2,Hilliard2008,40.0,0.3599071981439629,96.60000000000001,79.54769247575712,evaluated,28181e72e429c6e87fc6361082af1a7b21c8747e76bda65a1c30abb4a97402f2,ebb5f8f9df2aa4ff9bbaec72899dae33fba2233823bb7e389bef92b3d2981900,277c7d5b5a1ac93ecb81ea4fcfa6e3f99c08f700b9df190ce68b3275a790201f
D-p5a-00-loadfix,vle_obs_0132,vle_obs_0132-pco2,Hilliard2008,40.0,0.3819076381527631,131.0,113.59040714956502,evaluated,28181e72e429c6e87fc6361082af1a7b21c8747e76bda65a1c30abb4a97402f2,ebb5f8f9df2aa4ff9bbaec72899dae33fba2233823bb7e389bef92b3d2981900,277c7d5b5a1ac93ecb81ea4fcfa6e3f99c08f700b9df190ce68b3275a790201f
D-p5a-00-loadfix,vle_obs_0133,vle_obs_0133-pco2,Hilliard2008,40.0,0.3859077181543631,120.0,121.68819780646872,evaluated,28181e72e429c6e87fc6361082af1a7b21c8747e76bda65a1c30abb4a97402f2,ebb5f8f9df2aa4ff9bbaec72899dae33fba2233823bb7e389bef92b3d2981900,277c7d5b5a1ac93ecb81ea4fcfa6e3f99c08f700b9df190ce68b3275a790201f
D-p5a-00-loadfix,vle_obs_0134,vle_obs_0134-pco2,Hilliard2008,40.0,0.38890777815556316,113.0,128.25888172930192,evaluated,28181e72e429c6e87fc6361082af1a7b21c8747e76bda65a1c30abb4a97402f2,ebb5f8f9df2aa4ff9bbaec72899dae33fba2233823bb7e389bef92b3d2981900,277c7d5b5a1ac93ecb81ea4fcfa6e3f99c08f700b9df190ce68b3275a790201f
D-p5a-00-loadfix,vle_obs_0135,vle_obs_0135-pco2,Hilliard2008,40.0,0.39990799815996325,128.0,156.70622492741109,evaluated,28181e72e429c6e87fc6361082af1a7b21c8747e76bda65a1c30abb4a97402f2,ebb5f8f9df2aa4ff9bbaec72899dae33fba2233823bb7e389bef92b3d2981900,277c7d5b5a1ac93ecb81ea4fcfa6e3f99c08f700b9df190ce68b3275a790201f
D-p5a-00-loadfix,vle_obs_0136,vle_obs_0136-pco2,Hilliard2008,40.0,0.46390927818556377,750.0,697.7093139023265,evaluated,28181e72e429c6e87fc6361082af1a7b21c8747e76bda65a1c30abb4a97402f2,ebb5f8f9df2aa4ff9bbaec72899dae33fba2233823bb7e389bef92b3d2981900,277c7d5b5a1ac93ecb81ea4fcfa6e3f99c08f700b9df190ce68b3275a790201f
D-p5a-00-loadfix,vle_obs_0137,vle_obs_0137-pco2,Hilliard2008,40.0,0.4659093181863638,574.0,739.3962248375173,evaluated,28181e72e429c6e87fc6361082af1a7b21c8747e76bda65a1c30abb4a97402f2,ebb5f8f9df2aa4ff9bbaec72899dae33fba2233823bb7e389bef92b3d2981900,277c7d5b5a1ac93ecb81ea4fcfa6e3f99c08f700b9df190ce68b3275a790201f
D-p5a-00-loadfix,vle_obs_0138,vle_obs_0138-pco2,Hilliard2008,40.0,0.48090961819236383,883.0,1168.104303926262,evaluated,28181e72e429c6e87fc6361082af1a7b21c8747e76bda65a1c30abb4a97402f2,ebb5f8f9df2aa4ff9bbaec72899dae33fba2233823bb7e389bef92b3d2981900,277c7d5b5a1ac93ecb81ea4fcfa6e3f99c08f700b9df190ce68b3275a790201f
D-p5a-00-loadfix,vle_obs_0139,vle_obs_0139-pco2,Hilliard2008,40.0,0.4909098181963639,1100.0,1612.7607232850373,evaluated,28181e72e429c6e87fc6361082af1a7b21c8747e76bda65a1c30abb4a97402f2,ebb5f8f9df2aa4ff9bbaec72899dae33fba2233823bb7e389bef92b3d2981900,277c7d5b5a1ac93ecb81ea4fcfa6e3f99c08f700b9df190ce68b3275a790201f
D-p5a-00-loadfix,vle_obs_0140,vle_obs_0140-pco2,Hilliard2008,40.0,0.5009100182003641,1870.0,2243.821259172363,evaluated,28181e72e429c6e87fc6361082af1a7b21c8747e76bda65a1c30abb4a97402f2,ebb5f8f9df2aa4ff9bbaec72899dae33fba2233823bb7e389bef92b3d2981900,277c7d5b5a1ac93ecb81ea4fcfa6e3f99c08f700b9df190ce68b3275a790201f
D-p5a-00-loadfix,vle_obs_0141,vle_obs_0141-pco2,Hilliard2008,40.0,0.5179103582071641,3030.0,3921.1537456074257,evaluated,28181e72e429c6e87fc6361082af1a7b21c8747e76bda65a1c30abb4a97402f2,ebb5f8f9df2aa4ff9bbaec72899dae33fba2233823bb7e389bef92b3d2981900,277c7d5b5a1ac93ecb81ea4fcfa6e3f99c08f700b9df190ce68b3275a790201f
D-p5a-00-loadfix,vle_obs_0142,vle_obs_0142-pco2,Hilliard2008,40.0,0.5909118182363647,28300.0,26180.78046195043,evaluated,28181e72e429c6e87fc6361082af1a7b21c8747e76bda65a1c30abb4a97402f2,ebb5f8f9df2aa4ff9bbaec72899dae33fba2233823bb7e389bef92b3d2981900,277c7d5b5a1ac93ecb81ea4fcfa6e3f99c08f700b9df190ce68b3275a790201f
D-p5a-00-loadfix,vle_obs_0143,vle_obs_0143-pco2,Hilliard2008,60.0,0.11390227804556091,19.400000000000002,17.08077570654891,evaluated,28181e72e429c6e87fc6361082af1a7b21c8747e76bda65a1c30abb4a97402f2,ebb5f8f9df2aa4ff9bbaec72899dae33fba2233823bb7e389bef92b3d2981900,277c7d5b5a1ac93ecb81ea4fcfa6e3f99c08f700b9df190ce68b3275a790201f
D-p5a-00-loadfix,vle_obs_0144,vle_obs_0144-pco2,Hilliard2008,60.0,0.19090381807636156,58.9,55.26943999214962,evaluated,28181e72e429c6e87fc6361082af1a7b21c8747e76bda65a1c30abb4a97402f2,ebb5f8f9df2aa4ff9bbaec72899dae33fba2233823bb7e389bef92b3d2981900,277c7d5b5a1ac93ecb81ea4fcfa6e3f99c08f700b9df190ce68b3275a790201f
D-p5a-00-loadfix,vle_obs_0145,vle_obs_0145-pco2,Hilliard2008,60.0,0.29090581811636235,209.0,201.87256597013248,evaluated,28181e72e429c6e87fc6361082af1a7b21c8747e76bda65a1c30abb4a97402f2,ebb5f8f9df2aa4ff9bbaec72899dae33fba2233823bb7e389bef92b3d2981900,277c7d5b5a1ac93ecb81ea4fcfa6e3f99c08f700b9df190ce68b3275a790201f
D-p5a-00-loadfix,vle_obs_0146,vle_obs_0146-pco2,Hilliard2008,60.0,0.3859077181543631,763.0,816.0703041198905,evaluated,28181e72e429c6e87fc6361082af1a7b21c8747e76bda65a1c30abb4a97402f2,ebb5f8f9df2aa4ff9bbaec72899dae33fba2233823bb7e389bef92b3d2981900,277c7d5b5a1ac93ecb81ea4fcfa6e3f99c08f700b9df190ce68b3275a790201f
D-p5a-00-loadfix,vle_obs_0147,vle_obs_0147-pco2,Hilliard2008,60.0,0.4849096981939639,4860.0,7169.547605995861,evaluated,28181e72e429c6e87fc6361082af1a7b21c8747e76bda65a1c30abb4a97402f2,ebb5f8f9df2aa4ff9bbaec72899dae33fba2233823bb7e389bef92b3d2981900,277c7d5b5a1ac93ecb81ea4fcfa6e3f99c08f700b9df190ce68b3275a790201f
D-p5a-00-loadfix,vle_obs_0148,vle_obs_0148-pco2,Hilliard2008,60.0,0.5439108782175645,25800.0,33383.39406985316,evaluated,28181e72e429c6e87fc6361082af1a7b21c8747e76bda65a1c30abb4a97402f2,ebb5f8f9df2aa4ff9bbaec72899dae33fba2233823bb7e389bef92b3d2981900,277c7d5b5a1ac93ecb81ea4fcfa6e3f99c08f700b9df190ce68b3275a790201f
D-p5a-00-loadfix,vle_obs_0149,vle_obs_0149-pco2,Hilliard2008,60.0,0.5649112982259645,50200.0,52978.24593849995,evaluated,28181e72e429c6e87fc6361082af1a7b21c8747e76bda65a1c30abb4a97402f2,ebb5f8f9df2aa4ff9bbaec72899dae33fba2233823bb7e389bef92b3d2981900,277c7d5b5a1ac93ecb81ea4fcfa6e3f99c08f700b9df190ce68b3275a790201f
D-p5a-00-loadfix,vle_obs_0186,vle_obs_0186-pco2,Jou1995,40.0,0.08870177403548071,1.47,1.7085643532737436,evaluated,28181e72e429c6e87fc6361082af1a7b21c8747e76bda65a1c30abb4a97402f2,ebb5f8f9df2aa4ff9bbaec72899dae33fba2233823bb7e389bef92b3d2981900,277c7d5b5a1ac93ecb81ea4fcfa6e3f99c08f700b9df190ce68b3275a790201f
D-p5a-00-loadfix,vle_obs_0187,vle_obs_0187-pco2,Jou1995,40.0,0.20290405808116166,8.959999999999999,10.19402672732944,evaluated,28181e72e429c6e87fc6361082af1a7b21c8747e76bda65a1c30abb4a97402f2,ebb5f8f9df2aa4ff9bbaec72899dae33fba2233823bb7e389bef92b3d2981900,277c7d5b5a1ac93ecb81ea4fcfa6e3f99c08f700b9df190ce68b3275a790201f
D-p5a-00-loadfix,vle_obs_0188,vle_obs_0188-pco2,Jou1995,40.0,0.36490729814596295,67.7,85.99510186647368,evaluated,28181e72e429c6e87fc6361082af1a7b21c8747e76bda65a1c30abb4a97402f2,ebb5f8f9df2aa4ff9bbaec72899dae33fba2233823bb7e389bef92b3d2981900,277c7d5b5a1ac93ecb81ea4fcfa6e3f99c08f700b9df190ce68b3275a790201f
D-p5a-00-loadfix,vle_obs_0189,vle_obs_0189-pco2,Jou1995,40.0,0.4734094681893638,604.0,925.0424473492877,evaluated,28181e72e429c6e87fc6361082af1a7b21c8747e76bda65a1c30abb4a97402f2,ebb5f8f9df2aa4ff9bbaec72899dae33fba2233823bb7e389bef92b3d2981900,277c7d5b5a1ac93ecb81ea4fcfa6e3f99c08f700b9df190ce68b3275a790201f
D-p5a-00-loadfix,vle_obs_0190,vle_obs_0190-pco2,Jou1995,40.0,0.5129102582051641,2570.0,3334.270643859045,evaluated,28181e72e429c6e87fc6361082af1a7b21c8747e76bda65a1c30abb4a97402f2,ebb5f8f9df2aa4ff9bbaec72899dae33fba2233823bb7e389bef92b3d2981900,277c7d5b5a1ac93ecb81ea4fcfa6e3f99c08f700b9df190ce68b3275a790201f
D-p5a-00-loadfix,vle_obs_0191,vle_obs_0191-pco2,Jou1995,40.0,0.5569111382227645,8090.0,12156.725538115077,evaluated,28181e72e429c6e87fc6361082af1a7b21c8747e76bda65a1c30abb4a97402f2,ebb5f8f9df2aa4ff9bbaec72899dae33fba2233823bb7e389bef92b3d2981900,277c7d5b5a1ac93ecb81ea4fcfa6e3f99c08f700b9df190ce68b3275a790201f
D-p5a-00-loadfix,vle_obs_0192,vle_obs_0192-pco2,Jou1995,40.0,0.6089121782435649,36100.0,36701.69787366098,evaluated,28181e72e429c6e87fc6361082af1a7b21c8747e76bda65a1c30abb4a97402f2,ebb5f8f9df2aa4ff9bbaec72899dae33fba2233823bb7e389bef92b3d2981900,277c7d5b5a1ac93ecb81ea4fcfa6e3f99c08f700b9df190ce68b3275a790201f
D-p5a-00-loadfix,vle_obs_0193,vle_obs_0193-pco2,Jou1995,40.0,0.6419128382567652,103000.0,62124.21652594033,evaluated,28181e72e429c6e87fc6361082af1a7b21c8747e76bda65a1c30abb4a97402f2,ebb5f8f9df2aa4ff9bbaec72899dae33fba2233823bb7e389bef92b3d2981900,277c7d5b5a1ac93ecb81ea4fcfa6e3f99c08f700b9df190ce68b3275a790201f
D-p5a-00-loadfix,vle_obs_0194,vle_obs_0194-pco2,Jou1995,60.0,0.05630112602252045,4.28,4.407252633053545,evaluated,28181e72e429c6e87fc6361082af1a7b21c8747e76bda65a1c30abb4a97402f2,ebb5f8f9df2aa4ff9bbaec72899dae33fba2233823bb7e389bef92b3d2981900,277c7d5b5a1ac93ecb81ea4fcfa6e3f99c08f700b9df190ce68b3275a790201f
D-p5a-00-loadfix,vle_obs_0195,vle_obs_0195-pco2,Jou1995,60.0,0.11890237804756094,19.3,18.67352563866741,evaluated,28181e72e429c6e87fc6361082af1a7b21c8747e76bda65a1c30abb4a97402f2,ebb5f8f9df2aa4ff9bbaec72899dae33fba2233823bb7e389bef92b3d2981900,277c7d5b5a1ac93ecb81ea4fcfa6e3f99c08f700b9df190ce68b3275a790201f
D-p5a-00-loadfix,vle_obs_0196,vle_obs_0196-pco2,Jou1995,60.0,0.20590411808236164,57.9,67.46688176019023,evaluated,28181e72e429c6e87fc6361082af1a7b21c8747e76bda65a1c30abb4a97402f2,ebb5f8f9df2aa4ff9bbaec72899dae33fba2233823bb7e389bef92b3d2981900,277c7d5b5a1ac93ecb81ea4fcfa6e3f99c08f700b9df190ce68b3275a790201f
D-p5a-00-loadfix,vle_obs_0197,vle_obs_0197-pco2,Jou1995,60.0,0.38890777815556316,528.0,859.4408711178281,evaluated,28181e72e429c6e87fc6361082af1a7b21c8747e76bda65a1c30abb4a97402f2,ebb5f8f9df2aa4ff9bbaec72899dae33fba2233823bb7e389bef92b3d2981900,277c7d5b5a1ac93ecb81ea4fcfa6e3f99c08f700b9df190ce68b3275a790201f
D-p5a-00-loadfix,vle_obs_0198,vle_obs_0198-pco2,Jou1995,60.0,0.4379087581751635,2009.9999999999998,2244.8630671887086,evaluated,28181e72e429c6e87fc6361082af1a7b21c8747e76bda65a1c30abb4a97402f2,ebb5f8f9df2aa4ff9bbaec72899dae33fba2233823bb7e389bef92b3d2981900,277c7d5b5a1ac93ecb81ea4fcfa6e3f99c08f700b9df190ce68b3275a790201f
D-p5a-00-loadfix,vle_obs_0199,vle_obs_0199-pco2,Jou1995,60.0,0.5039100782015641,11000.0,11986.299408503597,evaluated,28181e72e429c6e87fc6361082af1a7b21c8747e76bda65a1c30abb4a97402f2,ebb5f8f9df2aa4ff9bbaec72899dae33fba2233823bb7e389bef92b3d2981900,277c7d5b5a1ac93ecb81ea4fcfa6e3f99c08f700b9df190ce68b3275a790201f
D-p5a-00-loadfix,vle_obs_0200,vle_obs_0200-pco2,Jou1995,60.0,0.5609112182243645,34000.0,48744.48854102705,evaluated,28181e72e429c6e87fc6361082af1a7b21c8747e76bda65a1c30abb4a97402f2,ebb5f8f9df2aa4ff9bbaec72899dae33fba2233823bb7e389bef92b3d2981900,277c7d5b5a1ac93ecb81ea4fcfa6e3f99c08f700b9df190ce68b3275a790201f
D-p5a-00-loadfix,vle_obs_0201,vle_obs_0201-pco2,Jou1995,60.0,0.5789115782315646,82000.0,69713.2892314738,evaluated,28181e72e429c6e87fc6361082af1a7b21c8747e76bda65a1c30abb4a97402f2,ebb5f8f9df2aa4ff9bbaec72899dae33fba2233823bb7e389bef92b3d2981900,277c7d5b5a1ac93ecb81ea4fcfa6e3f99c08f700b9df190ce68b3275a790201f
D-p5a-00-loadfix,vle_obs_0202,vle_obs_0202-pco2,Jou1995,60.0,0.6679133582671654,282000.0,241770.76266965058,evaluated,28181e72e429c6e87fc6361082af1a7b21c8747e76bda65a1c30abb4a97402f2,ebb5f8f9df2aa4ff9bbaec72899dae33fba2233823bb7e389bef92b3d2981900,277c7d5b5a1ac93ecb81ea4fcfa6e3f99c08f700b9df190ce68b3275a790201f
D-p5a-00-loadfix,vle_obs_0203,vle_obs_0203-pco2,Jou1995,80.0,0.01730034600692014,2.96,2.872067309707414,evaluated,28181e72e429c6e87fc6361082af1a7b21c8747e76bda65a1c30abb4a97402f2,ebb5f8f9df2aa4ff9bbaec72899dae33fba2233823bb7e389bef92b3d2981900,277c7d5b5a1ac93ecb81ea4fcfa6e3f99c08f700b9df190ce68b3275a790201f
D-p5a-00-loadfix,vle_obs_0204,vle_obs_0204-pco2,Jou1995,80.0,0.023500470009400188,4.84,4.924301829104892,evaluated,28181e72e429c6e87fc6361082af1a7b21c8747e76bda65a1c30abb4a97402f2,ebb5f8f9df2aa4ff9bbaec72899dae33fba2233823bb7e389bef92b3d2981900,277c7d5b5a1ac93ecb81ea4fcfa6e3f99c08f700b9df190ce68b3275a790201f
D-p5a-00-loadfix,vle_obs_0205,vle_obs_0205-pco2,Jou1995,80.0,0.07800156003120062,46.5,43.55820446078965,evaluated,28181e72e429c6e87fc6361082af1a7b21c8747e76bda65a1c30abb4a97402f2,ebb5f8f9df2aa4ff9bbaec72899dae33fba2233823bb7e389bef92b3d2981900,277c7d5b5a1ac93ecb81ea4fcfa6e3f99c08f700b9df190ce68b3275a790201f
D-p5a-00-loadfix,vle_obs_0206,vle_obs_0206-pco2,Jou1995,80.0,0.11790235804716094,99.2,100.05584219499322,evaluated,28181e72e429c6e87fc6361082af1a7b21c8747e76bda65a1c30abb4a97402f2,ebb5f8f9df2aa4ff9bbaec72899dae33fba2233823bb7e389bef92b3d2981900,277c7d5b5a1ac93ecb81ea4fcfa6e3f99c08f700b9df190ce68b3275a790201f
D-p5a-00-loadfix,vle_obs_0207,vle_obs_0207-pco2,Jou1995,80.0,0.18690373807476152,278.0,292.23496480507646,evaluated,28181e72e429c6e87fc6361082af1a7b21c8747e76bda65a1c30abb4a97402f2,ebb5f8f9df2aa4ff9bbaec72899dae33fba2233823bb7e389bef92b3d2981900,277c7d5b5a1ac93ecb81ea4fcfa6e3f99c08f700b9df190ce68b3275a790201f
D-p5a-00-loadfix,vle_obs_0208,vle_obs_0208-pco2,Jou1995,80.0,0.3479069581391628,2670.0,2586.9906432229004,evaluated,28181e72e429c6e87fc6361082af1a7b21c8747e76bda65a1c30abb4a97402f2,ebb5f8f9df2aa4ff9bbaec72899dae33fba2233823bb7e389bef92b3d2981900,277c7d5b5a1ac93ecb81ea4fcfa6e3f99c08f700b9df190ce68b3275a790201f
D-p5a-00-loadfix,vle_obs_0209,vle_obs_0209-pco2,Jou1995,80.0,0.4599091981839637,16000.0,19423.45544114295,evaluated,28181e72e429c6e87fc6361082af1a7b21c8747e76bda65a1c30abb4a97402f2,ebb5f8f9df2aa4ff9bbaec72899dae33fba2233823bb7e389bef92b3d2981900,277c7d5b5a1ac93ecb81ea4fcfa6e3f99c08f700b9df190ce68b3275a790201f
D-p5a-00-loadfix,vle_obs_0210,vle_obs_0210-pco2,Jou1995,80.0,0.5169103382067641,56000.0,68614.12959756675,evaluated,28181e72e429c6e87fc6361082af1a7b21c8747e76bda65a1c30abb4a97402f2,ebb5f8f9df2aa4ff9bbaec72899dae33fba2233823bb7e389bef92b3d2981900,277c7d5b5a1ac93ecb81ea4fcfa6e3f99c08f700b9df190ce68b3275a790201f
D-p5a-00-loadfix,vle_obs_0211,vle_obs_0211-pco2,Jou1995,80.0,0.5784115682313646,235000.0,212539.5550482383,evaluated,28181e72e429c6e87fc6361082af1a7b21c8747e76bda65a1c30abb4a97402f2,ebb5f8f9df2aa4ff9bbaec72899dae33fba2233823bb7e389bef92b3d2981900,277c7d5b5a1ac93ecb81ea4fcfa6e3f99c08f700b9df190ce68b3275a790201f
D-p5a-00-loadfix,vle_obs_0212,vle_obs_0212-pco2,Jou1995,80.0,0.6399127982559651,558000.0,448620.52394939034,evaluated,28181e72e429c6e87fc6361082af1a7b21c8747e76bda65a1c30abb4a97402f2,ebb5f8f9df2aa4ff9bbaec72899dae33fba2233823bb7e389bef92b3d2981900,277c7d5b5a1ac93ecb81ea4fcfa6e3f99c08f700b9df190ce68b3275a790201f
D-p5a-00-loadfix,vle_obs_0213,vle_obs_0213-pco2,Jou1995,80.0,0.6889137782755654,958000.0,669792.1759670839,evaluated,28181e72e429c6e87fc6361082af1a7b21c8747e76bda65a1c30abb4a97402f2,ebb5f8f9df2aa4ff9bbaec72899dae33fba2233823bb7e389bef92b3d2981900,277c7d5b5a1ac93ecb81ea4fcfa6e3f99c08f700b9df190ce68b3275a790201f
D-p5a-00-loadfix,vle_obs_0214,vle_obs_0214-pco2,Jou1995,100.0,0.011600232004640094,7.24,6.857287757302566,evaluated,28181e72e429c6e87fc6361082af1a7b21c8747e76bda65a1c30abb4a97402f2,ebb5f8f9df2aa4ff9bbaec72899dae33fba2233823bb7e389bef92b3d2981900,277c7d5b5a1ac93ecb81ea4fcfa6e3f99c08f700b9df190ce68b3275a790201f
D-p5a-00-loadfix,vle_obs_0215,vle_obs_0215-pco2,Jou1995,100.0,0.056501130022600446,136.0,115.06890575288995,evaluated,28181e72e429c6e87fc6361082af1a7b21c8747e76bda65a1c30abb4a97402f2,ebb5f8f9df2aa4ff9bbaec72899dae33fba2233823bb7e389bef92b3d2981900,277c7d5b5a1ac93ecb81ea4fcfa6e3f99c08f700b9df190ce68b3275a790201f
D-p5a-00-loadfix,vle_obs_0216,vle_obs_0216-pco2,Jou1995,100.0,0.18790375807516152,1430.0,1486.231653869594,evaluated,28181e72e429c6e87fc6361082af1a7b21c8747e76bda65a1c30abb4a97402f2,ebb5f8f9df2aa4ff9bbaec72899dae33fba2233823bb7e389bef92b3d2981900,277c7d5b5a1ac93ecb81ea4fcfa6e3f99c08f700b9df190ce68b3275a790201f
D-p5a-00-loadfix,vle_obs_0217,vle_obs_0217-pco2,Jou1995,100.0,0.38090761815236307,19000.0,21915.243317894212,evaluated,28181e72e429c6e87fc6361082af1a7b21c8747e76bda65a1c30abb4a97402f2,ebb5f8f9df2aa4ff9bbaec72899dae33fba2233823bb7e389bef92b3d2981900,277c7d5b5a1ac93ecb81ea4fcfa6e3f99c08f700b9df190ce68b3275a790201f
D-p5a-00-loadfix,vle_obs_0218,vle_obs_0218-pco2,Jou1995,100.0,0.4219084381687634,39000.0,43357.511635885356,evaluated,28181e72e429c6e87fc6361082af1a7b21c8747e76bda65a1c30abb4a97402f2,ebb5f8f9df2aa4ff9bbaec72899dae33fba2233823bb7e389bef92b3d2981900,277c7d5b5a1ac93ecb81ea4fcfa6e3f99c08f700b9df190ce68b3275a790201f
D-p5a-00-loadfix,vle_obs_0219,vle_obs_0219-pco2,Jou1995,100.0,0.4769095381907638,69000.0,117576.09319844743,evaluated,28181e72e429c6e87fc6361082af1a7b21c8747e76bda65a1c30abb4a97402f2,ebb5f8f9df2aa4ff9bbaec72899dae33fba2233823bb7e389bef92b3d2981900,277c7d5b5a1ac93ecb81ea4fcfa6e3f99c08f700b9df190ce68b3275a790201f
D-p5a-00-loadfix,vle_obs_0220,vle_obs_0220-pco2,Jou1995,100.0,0.48090961819236383,109000.0,126484.30054105002,evaluated,28181e72e429c6e87fc6361082af1a7b21c8747e76bda65a1c30abb4a97402f2,ebb5f8f9df2aa4ff9bbaec72899dae33fba2233823bb7e389bef92b3d2981900,277c7d5b5a1ac93ecb81ea4fcfa6e3f99c08f700b9df190ce68b3275a790201f
D-p5a-00-loadfix,vle_obs_0221,vle_obs_0221-pco2,Jou1995,100.0,0.5709114182283646,509000.0,507092.61551961344,evaluated,28181e72e429c6e87fc6361082af1a7b21c8747e76bda65a1c30abb4a97402f2,ebb5f8f9df2aa4ff9bbaec72899dae33fba2233823bb7e389bef92b3d2981900,277c7d5b5a1ac93ecb81ea4fcfa6e3f99c08f700b9df190ce68b3275a790201f
D-p5a-00-loadfix,vle_obs_0222,vle_obs_0222-pco2,Jou1995,100.0,0.5889117782355647,376000.0,619130.9793733316,evaluated,28181e72e429c6e87fc6361082af1a7b21c8747e76bda65a1c30abb4a97402f2,ebb5f8f9df2aa4ff9bbaec72899dae33fba2233823bb7e389bef92b3d2981900,277c7d5b5a1ac93ecb81ea4fcfa6e3f99c08f700b9df190ce68b3275a790201f
D-p5a-00-loadfix,vle_obs_0223,vle_obs_0223-pco2,Jou1995,100.0,0.613412268245365,909000.0,782433.4116783498,evaluated,28181e72e429c6e87fc6361082af1a7b21c8747e76bda65a1c30abb4a97402f2,ebb5f8f9df2aa4ff9bbaec72899dae33fba2233823bb7e389bef92b3d2981900,277c7d5b5a1ac93ecb81ea4fcfa6e3f99c08f700b9df190ce68b3275a790201f
D-p5a-00-loadfix,vle_obs_0224,vle_obs_0224-pco2,Jou1995,120.0,0.003230064601292026,2.02,3.3592925735300727,evaluated,28181e72e429c6e87fc6361082af1a7b21c8747e76bda65a1c30abb4a97402f2,ebb5f8f9df2aa4ff9bbaec72899dae33fba2233823bb7e389bef92b3d2981900,277c7d5b5a1ac93ecb81ea4fcfa6e3f99c08f700b9df190ce68b3275a790201f
D-p5a-00-loadfix,vle_obs_0225,vle_obs_0225-pco2,Jou1995,120.0,0.011100222004440089,22.1,28.013368148064725,evaluated,28181e72e429c6e87fc6361082af1a7b21c8747e76bda65a1c30abb4a97402f2,ebb5f8f9df2aa4ff9bbaec72899dae33fba2233823bb7e389bef92b3d2981900,277c7d5b5a1ac93ecb81ea4fcfa6e3f99c08f700b9df190ce68b3275a790201f
D-p5a-00-loadfix,vle_obs_0226,vle_obs_0226-pco2,Jou1995,120.0,0.024600492009840196,98.4,113.65005052664864,evaluated,28181e72e429c6e87fc6361082af1a7b21c8747e76bda65a1c30abb4a97402f2,ebb5f8f9df2aa4ff9bbaec72899dae33fba2233823bb7e389bef92b3d2981900,277c7d5b5a1ac93ecb81ea4fcfa6e3f99c08f700b9df190ce68b3275a790201f
D-p5a-00-loadfix,vle_obs_0227,vle_obs_0227-pco2,Jou1995,120.0,0.11890237804756094,2290.0,2254.9842489145126,evaluated,28181e72e429c6e87fc6361082af1a7b21c8747e76bda65a1c30abb4a97402f2,ebb5f8f9df2aa4ff9bbaec72899dae33fba2233823bb7e389bef92b3d2981900,277c7d5b5a1ac93ecb81ea4fcfa6e3f99c08f700b9df190ce68b3275a790201f
D-p5a-00-loadfix,vle_obs_0228,vle_obs_0228-pco2,Jou1995,120.0,0.3489069781395628,46800.0,61003.66161473243,evaluated,28181e72e429c6e87fc6361082af1a7b21c8747e76bda65a1c30abb4a97402f2,ebb5f8f9df2aa4ff9bbaec72899dae33fba2233823bb7e389bef92b3d2981900,277c7d5b5a1ac93ecb81ea4fcfa6e3f99c08f700b9df190ce68b3275a790201f
D-p5a-00-loadfix,vle_obs_0229,vle_obs_0229-pco2,Jou1995,120.0,0.4114082281645633,122000.0,152050.96654753375,evaluated,28181e72e429c6e87fc6361082af1a7b21c8747e76bda65a1c30abb4a97402f2,ebb5f8f9df2aa4ff9bbaec72899dae33fba2233823bb7e389bef92b3d2981900,277c7d5b5a1ac93ecb81ea4fcfa6e3f99c08f700b9df190ce68b3275a790201f
D-p5a-00-loadfix,vle_obs_0230,vle_obs_0230-pco2,Jou1995,120.0,0.4439088781775636,222000.0,246964.0186400017,evaluated,28181e72e429c6e87fc6361082af1a7b21c8747e76bda65a1c30abb4a97402f2,ebb5f8f9df2aa4ff9bbaec72899dae33fba2233823bb7e389bef92b3d2981900,277c7d5b5a1ac93ecb81ea4fcfa6e3f99c08f700b9df190ce68b3275a790201f
D-p5a-00-loadfix,vle_obs_0231,vle_obs_0231-pco2,Jou1995,120.0,0.4729094581891638,422000.0,374731.29182987486,evaluated,28181e72e429c6e87fc6361082af1a7b21c8747e76bda65a1c30abb4a97402f2,ebb5f8f9df2aa4ff9bbaec72899dae33fba2233823bb7e389bef92b3d2981900,277c7d5b5a1ac93ecb81ea4fcfa6e3f99c08f700b9df190ce68b3275a790201f
D-p5a-00-loadfix,vle_obs_0232,vle_obs_0232-pco2,Jou1995,120.0,0.5359107182143643,822000.0,809022.697816872,evaluated,28181e72e429c6e87fc6361082af1a7b21c8747e76bda65a1c30abb4a97402f2,ebb5f8f9df2aa4ff9bbaec72899dae33fba2233823bb7e389bef92b3d2981900,277c7d5b5a1ac93ecb81ea4fcfa6e3f99c08f700b9df190ce68b3275a790201f
D-p5a-00-loadfix,vle_obs_0233,vle_obs_0233-pco2,Jou1995,120.0,0.6389127782555651,2804000.0,1790875.8507606217,evaluated,28181e72e429c6e87fc6361082af1a7b21c8747e76bda65a1c30abb4a97402f2,ebb5f8f9df2aa4ff9bbaec72899dae33fba2233823bb7e389bef92b3d2981900,277c7d5b5a1ac93ecb81ea4fcfa6e3f99c08f700b9df190ce68b3275a790201f
D-p5a-00-loadfix,Bottinger2008_state_030,Bottinger2008_state_030::MEA + MEAH+,Bottinger2008,20.0,0.0749014980299606,0.1054,0.10431045635238817,evaluated,28181e72e429c6e87fc6361082af1a7b21c8747e76bda65a1c30abb4a97402f2,ebb5f8f9df2aa4ff9bbaec72899dae33fba2233823bb7e389bef92b3d2981900,277c7d5b5a1ac93ecb81ea4fcfa6e3f99c08f700b9df190ce68b3275a790201f
D-p5a-00-loadfix,Bottinger2008_state_030,Bottinger2008_state_030::MEACOO-,Bottinger2008,20.0,0.0749014980299606,0.0086,0.007908412321608315,evaluated,28181e72e429c6e87fc6361082af1a7b21c8747e76bda65a1c30abb4a97402f2,ebb5f8f9df2aa4ff9bbaec72899dae33fba2233823bb7e389bef92b3d2981900,277c7d5b5a1ac93ecb81ea4fcfa6e3f99c08f700b9df190ce68b3275a790201f
D-p5a-00-loadfix,Bottinger2008_state_031,Bottinger2008_state_031::MEA + MEAH+,Bottinger2008,20.0,0.1499029980599612,0.0966,0.09640481719220673,evaluated,28181e72e429c6e87fc6361082af1a7b21c8747e76bda65a1c30abb4a97402f2,ebb5f8f9df2aa4ff9bbaec72899dae33fba2233823bb7e389bef92b3d2981900,277c7d5b5a1ac93ecb81ea4fcfa6e3f99c08f700b9df190ce68b3275a790201f
D-p5a-00-loadfix,Bottinger2008_state_031,Bottinger2008_state_031::MEACOO-,Bottinger2008,20.0,0.1499029980599612,0.0171,0.01581405092414779,evaluated,28181e72e429c6e87fc6361082af1a7b21c8747e76bda65a1c30abb4a97402f2,ebb5f8f9df2aa4ff9bbaec72899dae33fba2233823bb7e389bef92b3d2981900,277c7d5b5a1ac93ecb81ea4fcfa6e3f99c08f700b9df190ce68b3275a790201f
D-p5a-00-loadfix,Bottinger2008_state_032,Bottinger2008_state_032::MEA + MEAH+,Bottinger2008,20.0,0.2349046980939619,0.0871,0.08752038122639168,evaluated,28181e72e429c6e87fc6361082af1a7b21c8747e76bda65a1c30abb4a97402f2,ebb5f8f9df2aa4ff9bbaec72899dae33fba2233823bb7e389bef92b3d2981900,277c7d5b5a1ac93ecb81ea4fcfa6e3f99c08f700b9df190ce68b3275a790201f
D-p5a-00-loadfix,Bottinger2008_state_032,Bottinger2008_state_032::MEACOO-,Bottinger2008,20.0,0.2349046980939619,0.0267,0.024698485575275132,evaluated,28181e72e429c6e87fc6361082af1a7b21c8747e76bda65a1c30abb4a97402f2,ebb5f8f9df2aa4ff9bbaec72899dae33fba2233823bb7e389bef92b3d2981900,277c7d5b5a1ac93ecb81ea4fcfa6e3f99c08f700b9df190ce68b3275a790201f
D-p5a-00-loadfix,Bottinger2008_state_033,Bottinger2008_state_033::MEA + MEAH+,Bottinger2008,20.0,0.30890617812356247,0.078,0.07990078703119666,evaluated,28181e72e429c6e87fc6361082af1a7b21c8747e76bda65a1c30abb4a97402f2,ebb5f8f9df2aa4ff9bbaec72899dae33fba2233823bb7e389bef92b3d2981900,277c7d5b5a1ac93ecb81ea4fcfa6e3f99c08f700b9df190ce68b3275a790201f
D-p5a-00-loadfix,Bottinger2008_state_033,Bottinger2008_state_033::MEACOO-,Bottinger2008,20.0,0.30890617812356247,0.0349,0.03231807712900876,evaluated,28181e72e429c6e87fc6361082af1a7b21c8747e76bda65a1c30abb4a97402f2,ebb5f8f9df2aa4ff9bbaec72899dae33fba2233823bb7e389bef92b3d2981900,277c7d5b5a1ac93ecb81ea4fcfa6e3f99c08f700b9df190ce68b3275a790201f
D-p5a-00-loadfix,Bottinger2008_state_034,Bottinger2008_state_034::MEA + MEAH+,Bottinger2008,20.0,0.38790775815516315,0.0678,0.07203723745120866,evaluated,28181e72e429c6e87fc6361082af1a7b21c8747e76bda65a1c30abb4a97402f2,ebb5f8f9df2aa4ff9bbaec72899dae33fba2233823bb7e389bef92b3d2981900,277c7d5b5a1ac93ecb81ea4fcfa6e3f99c08f700b9df190ce68b3275a790201f
D-p5a-00-loadfix,Bottinger2008_state_034,Bottinger2008_state_034::MEACOO-,Bottinger2008,20.0,0.38790775815516315,0.043,0.040181617562423104,evaluated,28181e72e429c6e87fc6361082af1a7b21c8747e76bda65a1c30abb4a97402f2,ebb5f8f9df2aa4ff9bbaec72899dae33fba2233823bb7e389bef92b3d2981900,277c7d5b5a1ac93ecb81ea4fcfa6e3f99c08f700b9df190ce68b3275a790201f
D-p5a-00-loadfix,Bottinger2008_state_035,Bottinger2008_state_035::MEA + MEAH+,Bottinger2008,20.0,0.4739094781895638,0.062,0.06496453624261543,evaluated,28181e72e429c6e87fc6361082af1a7b21c8747e76bda65a1c30abb4a97402f2,ebb5f8f9df2aa4ff9bbaec72899dae33fba2233823bb7e389bef92b3d2981900,277c7d5b5a1ac93ecb81ea4fcfa6e3f99c08f700b9df190ce68b3275a790201f
D-p5a-00-loadfix,Bottinger2008_state_035,Bottinger2008_state_035::MEACOO-,Bottinger2008,20.0,0.4739094781895638,0.0493,0.04725421705933801,evaluated,28181e72e429c6e87fc6361082af1a7b21c8747e76bda65a1c30abb4a97402f2,ebb5f8f9df2aa4ff9bbaec72899dae33fba2233823bb7e389bef92b3d2981900,277c7d5b5a1ac93ecb81ea4fcfa6e3f99c08f700b9df190ce68b3275a790201f
D-p5a-00-loadfix,Bottinger2008_state_042,Bottinger2008_state_042::MEA + MEAH+,Bottinger2008,40.0,0.124902498049961,0.1009,0.09899210080792885,evaluated,28181e72e429c6e87fc6361082af1a7b21c8747e76bda65a1c30abb4a97402f2,ebb5f8f9df2aa4ff9bbaec72899dae33fba2233823bb7e389bef92b3d2981900,277c7d5b5a1ac93ecb81ea4fcfa6e3f99c08f700b9df190ce68b3275a790201f
D-p5a-00-loadfix,Bottinger2008_state_042,Bottinger2008_state_042::MEACOO-,Bottinger2008,40.0,0.124902498049961,0.0144,0.013226765092914483,evaluated,28181e72e429c6e87fc6361082af1a7b21c8747e76bda65a1c30abb4a97402f2,ebb5f8f9df2aa4ff9bbaec72899dae33fba2233823bb7e389bef92b3d2981900,277c7d5b5a1ac93ecb81ea4fcfa6e3f99c08f700b9df190ce68b3275a790201f
D-p5a-00-loadfix,Bottinger2008_state_043,Bottinger2008_state_043::MEA + MEAH+,Bottinger2008,40.0,0.20490409808196164,0.0934,0.09056699909836541,evaluated,28181e72e429c6e87fc6361082af1a7b21c8747e76bda65a1c30abb4a97402f2,ebb5f8f9df2aa4ff9bbaec72899dae33fba2233823bb7e389bef92b3d2981900,277c7d5b5a1ac93ecb81ea4fcfa6e3f99c08f700b9df190ce68b3275a790201f
D-p5a-00-loadfix,Bottinger2008_state_043,Bottinger2008_state_043::MEACOO-,Bottinger2008,40.0,0.20490409808196164,0.0241,0.021651861035390182,evaluated,28181e72e429c6e87fc6361082af1a7b21c8747e76bda65a1c30abb4a97402f2,ebb5f8f9df2aa4ff9bbaec72899dae33fba2233823bb7e389bef92b3d2981900,277c7d5b5a1ac93ecb81ea4fcfa6e3f99c08f700b9df190ce68b3275a790201f
D-p5a-00-loadfix,Bottinger2008_state_044,Bottinger2008_state_044::MEA + MEAH+,Bottinger2008,40.0,0.2359047180943619,0.0876,0.087325442977196,evaluated,28181e72e429c6e87fc6361082af1a7b21c8747e76bda65a1c30abb4a97402f2,ebb5f8f9df2aa4ff9bbaec72899dae33fba2233823bb7e389bef92b3d2981900,277c7d5b5a1ac93ecb81ea4fcfa6e3f99c08f700b9df190ce68b3275a790201f
D-p5a-00-loadfix,Bottinger2008_state_044,Bottinger2008_state_044::MEACOO-,Bottinger2008,40.0,0.2359047180943619,0.0271,0.024893413309863513,evaluated,28181e72e429c6e87fc6361082af1a7b21c8747e76bda65a1c30abb4a97402f2,ebb5f8f9df2aa4ff9bbaec72899dae33fba2233823bb7e389bef92b3d2981900,277c7d5b5a1ac93ecb81ea4fcfa6e3f99c08f700b9df190ce68b3275a790201f
D-p5a-00-loadfix,Bottinger2008_state_045,Bottinger2008_state_045::MEA + MEAH+,Bottinger2008,40.0,0.2799055981119623,0.084,0.08276249811204553,evaluated,28181e72e429c6e87fc6361082af1a7b21c8747e76bda65a1c30abb4a97402f2,ebb5f8f9df2aa4ff9bbaec72899dae33fba2233823bb7e389bef92b3d2981900,277c7d5b5a1ac93ecb81ea4fcfa6e3f99c08f700b9df190ce68b3275a790201f
D-p5a-00-loadfix,Bottinger2008_state_045,Bottinger2008_state_045::MEACOO-,Bottinger2008,40.0,0.2799055981119623,0.0327,0.029456349751921664,evaluated,28181e72e429c6e87fc6361082af1a7b21c8747e76bda65a1c30abb4a97402f2,ebb5f8f9df2aa4ff9bbaec72899dae33fba2233823bb7e389bef92b3d2981900,277c7d5b5a1ac93ecb81ea4fcfa6e3f99c08f700b9df190ce68b3275a790201f
D-p5a-00-loadfix,Bottinger2008_state_046,Bottinger2008_state_046::MEA + MEAH+,Bottinger2008,40.0,0.34290685813716276,0.0758,0.07636768544973735,evaluated,28181e72e429c6e87fc6361082af1a7b21c8747e76bda65a1c30abb4a97402f2,ebb5f8f9df2aa4ff9bbaec72899dae33fba2233823bb7e389bef92b3d2981900,277c7d5b5a1ac93ecb81ea4fcfa6e3f99c08f700b9df190ce68b3275a790201f
D-p5a-00-loadfix,Bottinger2008_state_046,Bottinger2008_state_046::MEACOO-,Bottinger2008,40.0,0.34290685813716276,0.0396,0.0358511370278237,evaluated,28181e72e429c6e87fc6361082af1a7b21c8747e76bda65a1c30abb4a97402f2,ebb5f8f9df2aa4ff9bbaec72899dae33fba2233823bb7e389bef92b3d2981900,277c7d5b5a1ac93ecb81ea4fcfa6e3f99c08f700b9df190ce68b3275a790201f
D-p5a-00-loadfix,Bottinger2008_state_047,Bottinger2008_state_047::MEA + MEAH+,Bottinger2008,40.0,0.3539070781415628,0.0749,0.0752793591536366,evaluated,28181e72e429c6e87fc6361082af1a7b21c8747e76bda65a1c30abb4a97402f2,ebb5f8f9df2aa4ff9bbaec72899dae33fba2233823bb7e389bef92b3d2981900,277c7d5b5a1ac93ecb81ea4fcfa6e3f99c08f700b9df190ce68b3275a790201f
D-p5a-00-loadfix,Bottinger2008_state_047,Bottinger2008_state_047::MEACOO-,Bottinger2008,40.0,0.3539070781415628,0.041,0.03693945559847152,evaluated,28181e72e429c6e87fc6361082af1a7b21c8747e76bda65a1c30abb4a97402f2,ebb5f8f9df2aa4ff9bbaec72899dae33fba2233823bb7e389bef92b3d2981900,277c7d5b5a1ac93ecb81ea4fcfa6e3f99c08f700b9df190ce68b3275a790201f
D-p5a-00-loadfix,Bottinger2008_state_048,Bottinger2008_state_048::MEA + MEAH+,Bottinger2008,40.0,0.4599091981839637,0.065,0.06619617570207975,evaluated,28181e72e429c6e87fc6361082af1a7b21c8747e76bda65a1c30abb4a97402f2,ebb5f8f9df2aa4ff9bbaec72899dae33fba2233823bb7e389bef92b3d2981900,277c7d5b5a1ac93ecb81ea4fcfa6e3f99c08f700b9df190ce68b3275a790201f
D-p5a-00-loadfix,Bottinger2008_state_048,Bottinger2008_state_048::MEACOO-,Bottinger2008,40.0,0.4599091981839637,0.0492,0.04602225447261993,evaluated,28181e72e429c6e87fc6361082af1a7b21c8747e76bda65a1c30abb4a97402f2,ebb5f8f9df2aa4ff9bbaec72899dae33fba2233823bb7e389bef92b3d2981900,277c7d5b5a1ac93ecb81ea4fcfa6e3f99c08f700b9df190ce68b3275a790201f
D-p5a-00-loadfix,Bottinger2008_state_049,Bottinger2008_state_049::MEA + MEAH+,Bottinger2008,40.0,0.4659093181863638,0.0663,0.06586113683999484,evaluated,28181e72e429c6e87fc6361082af1a7b21c8747e76bda65a1c30abb4a97402f2,ebb5f8f9df2aa4ff9bbaec72899dae33fba2233823bb7e389bef92b3d2981900,277c7d5b5a1ac93ecb81ea4fcfa6e3f99c08f700b9df190ce68b3275a790201f
D-p5a-00-loadfix,Bottinger2008_state_049,Bottinger2008_state_049::MEACOO-,Bottinger2008,40.0,0.4659093181863638,0.0502,0.04635721080349323,evaluated,28181e72e429c6e87fc6361082af1a7b21c8747e76bda65a1c30abb4a97402f2,ebb5f8f9df2aa4ff9bbaec72899dae33fba2233823bb7e389bef92b3d2981900,277c7d5b5a1ac93ecb81ea4fcfa6e3f99c08f700b9df190ce68b3275a790201f
D-p5a-00-loadfix,Bottinger2008_state_049,Bottinger2008_state_049::HCO3-,Bottinger2008,40.0,0.4659093181863638,0.004,0.0059318943130396325,evaluated,28181e72e429c6e87fc6361082af1a7b21c8747e76bda65a1c30abb4a97402f2,ebb5f8f9df2aa4ff9bbaec72899dae33fba2233823bb7e389bef92b3d2981900,277c7d5b5a1ac93ecb81ea4fcfa6e3f99c08f700b9df190ce68b3275a790201f
D-p5a-00-loadfix,Bottinger2008_state_050,Bottinger2008_state_050::MEA + MEAH+,Bottinger2008,40.0,0.4869097381947639,0.0646,0.06503360460167598,evaluated,28181e72e429c6e87fc6361082af1a7b21c8747e76bda65a1c30abb4a97402f2,ebb5f8f9df2aa4ff9bbaec72899dae33fba2233823bb7e389bef92b3d2981900,277c7d5b5a1ac93ecb81ea4fcfa6e3f99c08f700b9df190ce68b3275a790201f
D-p5a-00-loadfix,Bottinger2008_state_050,Bottinger2008_state_050::MEACOO-,Bottinger2008,40.0,0.4869097381947639,0.0511,0.04718425685266034,evaluated,28181e72e429c6e87fc6361082af1a7b21c8747e76bda65a1c30abb4a97402f2,ebb5f8f9df2aa4ff9bbaec72899dae33fba2233823bb7e389bef92b3d2981900,277c7d5b5a1ac93ecb81ea4fcfa6e3f99c08f700b9df190ce68b3275a790201f
D-p5a-00-loadfix,Bottinger2008_state_050,Bottinger2008_state_050::HCO3-,Bottinger2008,40.0,0.4869097381947639,0.0052,0.007456864282228337,evaluated,28181e72e429c6e87fc6361082af1a7b21c8747e76bda65a1c30abb4a97402f2,ebb5f8f9df2aa4ff9bbaec72899dae33fba2233823bb7e389bef92b3d2981900,277c7d5b5a1ac93ecb81ea4fcfa6e3f99c08f700b9df190ce68b3275a790201f
D-p5a-00-loadfix,Bottinger2008_state_055,Bottinger2008_state_055::MEA + MEAH+,Bottinger2008,60.0,0.13090261805236106,0.0974,0.09839448928877792,evaluated,28181e72e429c6e87fc6361082af1a7b21c8747e76bda65a1c30abb4a97402f2,ebb5f8f9df2aa4ff9bbaec72899dae33fba2233823bb7e389bef92b3d2981900,277c7d5b5a1ac93ecb81ea4fcfa6e3f99c08f700b9df190ce68b3275a790201f
D-p5a-00-loadfix,Bottinger2008_state_055,Bottinger2008_state_055::MEACOO-,Bottinger2008,60.0,0.13090261805236106,0.0147,0.01382436289397283,evaluated,28181e72e429c6e87fc6361082af1a7b21c8747e76bda65a1c30abb4a97402f2,ebb5f8f9df2aa4ff9bbaec72899dae33fba2233823bb7e389bef92b3d2981900,277c7d5b5a1ac93ecb81ea4fcfa6e3f99c08f700b9df190ce68b3275a790201f
D-p5a-00-loadfix,Bottinger2008_state_056,Bottinger2008_state_056::MEA + MEAH+,Bottinger2008,60.0,0.20290405808116166,0.0905,0.09084913377251706,evaluated,28181e72e429c6e87fc6361082af1a7b21c8747e76bda65a1c30abb4a97402f2,ebb5f8f9df2aa4ff9bbaec72899dae33fba2233823bb7e389bef92b3d2981900,277c7d5b5a1ac93ecb81ea4fcfa6e3f99c08f700b9df190ce68b3275a790201f
D-p5a-00-loadfix,Bottinger2008_state_056,Bottinger2008_state_056::MEACOO-,Bottinger2008,60.0,0.20290405808116166,0.0231,0.02136968976637947,evaluated,28181e72e429c6e87fc6361082af1a7b21c8747e76bda65a1c30abb4a97402f2,ebb5f8f9df2aa4ff9bbaec72899dae33fba2233823bb7e389bef92b3d2981900,277c7d5b5a1ac93ecb81ea4fcfa6e3f99c08f700b9df190ce68b3275a790201f
D-p5a-00-loadfix,Bottinger2008_state_057,Bottinger2008_state_057::MEA + MEAH+,Bottinger2008,60.0,0.27690553811076224,0.0791,0.08320801019752033,evaluated,28181e72e429c6e87fc6361082af1a7b21c8747e76bda65a1c30abb4a97402f2,ebb5f8f9df2aa4ff9bbaec72899dae33fba2233823bb7e389bef92b3d2981900,277c7d5b5a1ac93ecb81ea4fcfa6e3f99c08f700b9df190ce68b3275a790201f
D-p5a-00-loadfix,Bottinger2008_state_057,Bottinger2008_state_057::MEACOO-,Bottinger2008,60.0,0.27690553811076224,0.0302,0.029010746241504987,evaluated,28181e72e429c6e87fc6361082af1a7b21c8747e76bda65a1c30abb4a97402f2,ebb5f8f9df2aa4ff9bbaec72899dae33fba2233823bb7e389bef92b3d2981900,277c7d5b5a1ac93ecb81ea4fcfa6e3f99c08f700b9df190ce68b3275a790201f
D-p5a-00-loadfix,Bottinger2008_state_058,Bottinger2008_state_058::MEA + MEAH+,Bottinger2008,60.0,0.4149082981659633,0.0687,0.07012916138608925,evaluated,28181e72e429c6e87fc6361082af1a7b21c8747e76bda65a1c30abb4a97402f2,ebb5f8f9df2aa4ff9bbaec72899dae33fba2233823bb7e389bef92b3d2981900,277c7d5b5a1ac93ecb81ea4fcfa6e3f99c08f700b9df190ce68b3275a790201f
D-p5a-00-loadfix,Bottinger2008_state_058,Bottinger2008_state_058::MEACOO-,Bottinger2008,60.0,0.4149082981659633,0.0417,0.0420888421463635,evaluated,28181e72e429c6e87fc6361082af1a7b21c8747e76bda65a1c30abb4a97402f2,ebb5f8f9df2aa4ff9bbaec72899dae33fba2233823bb7e389bef92b3d2981900,277c7d5b5a1ac93ecb81ea4fcfa6e3f99c08f700b9df190ce68b3275a790201f
D-p5a-00-loadfix,Bottinger2008_state_058,Bottinger2008_state_058::HCO3-,Bottinger2008,60.0,0.4149082981659633,0.0042,0.004473918006685104,evaluated,28181e72e429c6e87fc6361082af1a7b21c8747e76bda65a1c30abb4a97402f2,ebb5f8f9df2aa4ff9bbaec72899dae33fba2233823bb7e389bef92b3d2981900,277c7d5b5a1ac93ecb81ea4fcfa6e3f99c08f700b9df190ce68b3275a790201f
D-p5a-00-loadfix,Bottinger2008_state_059,Bottinger2008_state_059::MEA + MEAH+,Bottinger2008,60.0,0.4889097781955639,0.068,0.06611455360013839,evaluated,28181e72e429c6e87fc6361082af1a7b21c8747e76bda65a1c30abb4a97402f2,ebb5f8f9df2aa4ff9bbaec72899dae33fba2233823bb7e389bef92b3d2981900,277c7d5b5a1ac93ecb81ea4fcfa6e3f99c08f700b9df190ce68b3275a790201f
D-p5a-00-loadfix,Bottinger2008_state_059,Bottinger2008_state_059::MEACOO-,Bottinger2008,60.0,0.4889097781955639,0.0424,0.04609925313304726,evaluated,28181e72e429c6e87fc6361082af1a7b21c8747e76bda65a1c30abb4a97402f2,ebb5f8f9df2aa4ff9bbaec72899dae33fba2233823bb7e389bef92b3d2981900,277c7d5b5a1ac93ecb81ea4fcfa6e3f99c08f700b9df190ce68b3275a790201f
D-p5a-00-loadfix,Bottinger2008_state_059,Bottinger2008_state_059::HCO3-,Bottinger2008,60.0,0.4889097781955639,0.0072,0.008728188707861906,evaluated,28181e72e429c6e87fc6361082af1a7b21c8747e76bda65a1c30abb4a97402f2,ebb5f8f9df2aa4ff9bbaec72899dae33fba2233823bb7e389bef92b3d2981900,277c7d5b5a1ac93ecb81ea4fcfa6e3f99c08f700b9df190ce68b3275a790201f
D-p5a-00-loadfix,Bottinger2008_state_063,Bottinger2008_state_063::MEA + MEAH+,Bottinger2008,80.0,0.06390127802556052,0.1084,0.10549652625178109,evaluated,28181e72e429c6e87fc6361082af1a7b21c8747e76bda65a1c30abb4a97402f2,ebb5f8f9df2aa4ff9bbaec72899dae33fba2233823bb7e389bef92b3d2981900,277c7d5b5a1ac93ecb81ea4fcfa6e3f99c08f700b9df190ce68b3275a790201f
D-p5a-00-loadfix,Bottinger2008_state_063,Bottinger2008_state_063::MEACOO-,Bottinger2008,80.0,0.06390127802556052,0.0068,0.0067223232904948926,evaluated,28181e72e429c6e87fc6361082af1a7b21c8747e76bda65a1c30abb4a97402f2,ebb5f8f9df2aa4ff9bbaec72899dae33fba2233823bb7e389bef92b3d2981900,277c7d5b5a1ac93ecb81ea4fcfa6e3f99c08f700b9df190ce68b3275a790201f
D-p5a-00-loadfix,Bottinger2008_state_064,Bottinger2008_state_064::MEA + MEAH+,Bottinger2008,80.0,0.14090281805636112,0.1005,0.09744574172985282,evaluated,28181e72e429c6e87fc6361082af1a7b21c8747e76bda65a1c30abb4a97402f2,ebb5f8f9df2aa4ff9bbaec72899dae33fba2233823bb7e389bef92b3d2981900,277c7d5b5a1ac93ecb81ea4fcfa6e3f99c08f700b9df190ce68b3275a790201f
D-p5a-00-loadfix,Bottinger2008_state_064,Bottinger2008_state_064::MEACOO-,Bottinger2008,80.0,0.14090281805636112,0.014,0.014773034681319106,evaluated,28181e72e429c6e87fc6361082af1a7b21c8747e76bda65a1c30abb4a97402f2,ebb5f8f9df2aa4ff9bbaec72899dae33fba2233823bb7e389bef92b3d2981900,277c7d5b5a1ac93ecb81ea4fcfa6e3f99c08f700b9df190ce68b3275a790201f
D-p5a-00-loadfix,Bottinger2008_state_065,Bottinger2008_state_065::MEA + MEAH+,Bottinger2008,80.0,0.24490489809796198,0.0906,0.08673582611779054,evaluated,28181e72e429c6e87fc6361082af1a7b21c8747e76bda65a1c30abb4a97402f2,ebb5f8f9df2aa4ff9bbaec72899dae33fba2233823bb7e389bef92b3d2981900,277c7d5b5a1ac93ecb81ea4fcfa6e3f99c08f700b9df190ce68b3275a790201f
D-p5a-00-loadfix,Bottinger2008_state_065,Bottinger2008_state_065::MEACOO-,Bottinger2008,80.0,0.24490489809796198,0.0224,0.025482664265654768,evaluated,28181e72e429c6e87fc6361082af1a7b21c8747e76bda65a1c30abb4a97402f2,ebb5f8f9df2aa4ff9bbaec72899dae33fba2233823bb7e389bef92b3d2981900,277c7d5b5a1ac93ecb81ea4fcfa6e3f99c08f700b9df190ce68b3275a790201f
D-p5a-00-loadfix,Bottinger2008_state_066,Bottinger2008_state_066::MEA + MEAH+,Bottinger2008,80.0,0.33590671813436274,0.0858,0.07778437907003843,evaluated,28181e72e429c6e87fc6361082af1a7b21c8747e76bda65a1c30abb4a97402f2,ebb5f8f9df2aa4ff9bbaec72899dae33fba2233823bb7e389bef92b3d2981900,277c7d5b5a1ac93ecb81ea4fcfa6e3f99c08f700b9df190ce68b3275a790201f
D-p5a-00-loadfix,Bottinger2008_state_066,Bottinger2008_state_066::MEACOO-,Bottinger2008,80.0,0.33590671813436274,0.0337,0.03443324535656836,evaluated,28181e72e429c6e87fc6361082af1a7b21c8747e76bda65a1c30abb4a97402f2,ebb5f8f9df2aa4ff9bbaec72899dae33fba2233823bb7e389bef92b3d2981900,277c7d5b5a1ac93ecb81ea4fcfa6e3f99c08f700b9df190ce68b3275a790201f
D-p5a-00-loadfix,Bottinger2008_state_067,Bottinger2008_state_067::MEA + MEAH+,Bottinger2008,80.0,0.39790795815916324,0.0872,0.07233381800788197,evaluated,28181e72e429c6e87fc6361082af1a7b21c8747e76bda65a1c30abb4a97402f2,ebb5f8f9df2aa4ff9bbaec72899dae33fba2233823bb7e389bef92b3d2981900,277c7d5b5a1ac93ecb81ea4fcfa6e3f99c08f700b9df190ce68b3275a790201f
D-p5a-00-loadfix,Bottinger2008_state_067,Bottinger2008_state_067::MEACOO-,Bottinger2008,80.0,0.39790795815916324,0.0336,0.03988179419671206,evaluated,28181e72e429c6e87fc6361082af1a7b21c8747e76bda65a1c30abb4a97402f2,ebb5f8f9df2aa4ff9bbaec72899dae33fba2233823bb7e389bef92b3d2981900,277c7d5b5a1ac93ecb81ea4fcfa6e3f99c08f700b9df190ce68b3275a790201f
D-p5a-00-loadfix,Bottinger2008_state_067,Bottinger2008_state_067::HCO3-,Bottinger2008,80.0,0.39790795815916324,0.0046,0.004750998648936081,evaluated,28181e72e429c6e87fc6361082af1a7b21c8747e76bda65a1c30abb4a97402f2,ebb5f8f9df2aa4ff9bbaec72899dae33fba2233823bb7e389bef92b3d2981900,277c7d5b5a1ac93ecb81ea4fcfa6e3f99c08f700b9df190ce68b3275a790201f
D-p5a-00-loadfix,Matin2012_state_001,Matin2012_state_001::MEA,Matin2012,20.0,0.10590211804236084,0.0915,0.08878535111129611,evaluated,28181e72e429c6e87fc6361082af1a7b21c8747e76bda65a1c30abb4a97402f2,ebb5f8f9df2aa4ff9bbaec72899dae33fba2233823bb7e389bef92b3d2981900,277c7d5b5a1ac93ecb81ea4fcfa6e3f99c08f700b9df190ce68b3275a790201f
D-p5a-00-loadfix,Matin2012_state_001,Matin2012_state_001::MEAH+,Matin2012,20.0,0.10590211804236084,0.0115,0.012251846944826528,evaluated,28181e72e429c6e87fc6361082af1a7b21c8747e76bda65a1c30abb4a97402f2,ebb5f8f9df2aa4ff9bbaec72899dae33fba2233823bb7e389bef92b3d2981900,277c7d5b5a1ac93ecb81ea4fcfa6e3f99c08f700b9df190ce68b3275a790201f
D-p5a-00-loadfix,Matin2012_state_001,Matin2012_state_001::MEACOO-,Matin2012,20.0,0.10590211804236084,0.0097,0.011181670433567733,evaluated,28181e72e429c6e87fc6361082af1a7b21c8747e76bda65a1c30abb4a97402f2,ebb5f8f9df2aa4ff9bbaec72899dae33fba2233823bb7e389bef92b3d2981900,277c7d5b5a1ac93ecb81ea4fcfa6e3f99c08f700b9df190ce68b3275a790201f
D-p5a-00-loadfix,Matin2012_state_001,Matin2012_state_001::HCO3-,Matin2012,20.0,0.10590211804236084,0.0024,0.0007135260834782717,evaluated,28181e72e429c6e87fc6361082af1a7b21c8747e76bda65a1c30abb4a97402f2,ebb5f8f9df2aa4ff9bbaec72899dae33fba2233823bb7e389bef92b3d2981900,277c7d5b5a1ac93ecb81ea4fcfa6e3f99c08f700b9df190ce68b3275a790201f
D-p5a-00-loadfix,Matin2012_state_002,Matin2012_state_002::MEA,Matin2012,20.0,0.12790255805116105,0.0867,0.08391745872385505,evaluated,28181e72e429c6e87fc6361082af1a7b21c8747e76bda65a1c30abb4a97402f2,ebb5f8f9df2aa4ff9bbaec72899dae33fba2233823bb7e389bef92b3d2981900,277c7d5b5a1ac93ecb81ea4fcfa6e3f99c08f700b9df190ce68b3275a790201f
D-p5a-00-loadfix,Matin2012_state_002,Matin2012_state_002::MEAH+,Matin2012,20.0,0.12790255805116105,0.0139,0.014801324501113104,evaluated,28181e72e429c6e87fc6361082af1a7b21c8747e76bda65a1c30abb4a97402f2,ebb5f8f9df2aa4ff9bbaec72899dae33fba2233823bb7e389bef92b3d2981900,277c7d5b5a1ac93ecb81ea4fcfa6e3f99c08f700b9df190ce68b3275a790201f
D-p5a-00-loadfix,Matin2012_state_002,Matin2012_state_002::MEACOO-,Matin2012,20.0,0.12790255805116105,0.0124,0.013500085096382088,evaluated,28181e72e429c6e87fc6361082af1a7b21c8747e76bda65a1c30abb4a97402f2,ebb5f8f9df2aa4ff9bbaec72899dae33fba2233823bb7e389bef92b3d2981900,277c7d5b5a1ac93ecb81ea4fcfa6e3f99c08f700b9df190ce68b3275a790201f
D-p5a-00-loadfix,Matin2012_state_002,Matin2012_state_002::HCO3-,Matin2012,20.0,0.12790255805116105,0.0022,0.0008639250057843735,evaluated,28181e72e429c6e87fc6361082af1a7b21c8747e76bda65a1c30abb4a97402f2,ebb5f8f9df2aa4ff9bbaec72899dae33fba2233823bb7e389bef92b3d2981900,277c7d5b5a1ac93ecb81ea4fcfa6e3f99c08f700b9df190ce68b3275a790201f
D-p5a-00-loadfix,Matin2012_state_003,Matin2012_state_003::MEA,Matin2012,20.0,0.1499029980599612,0.0817,0.07904830186189987,evaluated,28181e72e429c6e87fc6361082af1a7b21c8747e76bda65a1c30abb4a97402f2,ebb5f8f9df2aa4ff9bbaec72899dae33fba2233823bb7e389bef92b3d2981900,277c7d5b5a1ac93ecb81ea4fcfa6e3f99c08f700b9df190ce68b3275a790201f
D-p5a-00-loadfix,Matin2012_state_003,Matin2012_state_003::MEAH+,Matin2012,20.0,0.1499029980599612,0.0162,0.0173565153303068,evaluated,28181e72e429c6e87fc6361082af1a7b21c8747e76bda65a1c30abb4a97402f2,ebb5f8f9df2aa4ff9bbaec72899dae33fba2233823bb7e389bef92b3d2981900,277c7d5b5a1ac93ecb81ea4fcfa6e3f99c08f700b9df190ce68b3275a790201f
D-p5a-00-loadfix,Matin2012_state_003,Matin2012_state_003::MEACOO-,Matin2012,20.0,0.1499029980599612,0.0151,0.015814050924147813,evaluated,28181e72e429c6e87fc6361082af1a7b21c8747e76bda65a1c30abb4a97402f2,ebb5f8f9df2aa4ff9bbaec72899dae33fba2233823bb7e389bef92b3d2981900,277c7d5b5a1ac93ecb81ea4fcfa6e3f99c08f700b9df190ce68b3275a790201f
D-p5a-00-loadfix,Matin2012_state_003,Matin2012_state_003::HCO3-,Matin2012,20.0,0.1499029980599612,0.002,0.0010187724235899004,evaluated,28181e72e429c6e87fc6361082af1a7b21c8747e76bda65a1c30abb4a97402f2,ebb5f8f9df2aa4ff9bbaec72899dae33fba2233823bb7e389bef92b3d2981900,277c7d5b5a1ac93ecb81ea4fcfa6e3f99c08f700b9df190ce68b3275a790201f
D-p5a-00-loadfix,Matin2012_state_004,Matin2012_state_004::MEA,Matin2012,20.0,0.17290345806916138,0.0768,0.0739570916645263,evaluated,28181e72e429c6e87fc6361082af1a7b21c8747e76bda65a1c30abb4a97402f2,ebb5f8f9df2aa4ff9bbaec72899dae33fba2233823bb7e389bef92b3d2981900,277c7d5b5a1ac93ecb81ea4fcfa6e3f99c08f700b9df190ce68b3275a790201f
D-p5a-00-loadfix,Matin2012_state_004,Matin2012_state_004::MEAH+,Matin2012,20.0,0.17290345806916138,0.0186,0.02003406636057603,evaluated,28181e72e429c6e87fc6361082af1a7b21c8747e76bda65a1c30abb4a97402f2,ebb5f8f9df2aa4ff9bbaec72899dae33fba2233823bb7e389bef92b3d2981900,277c7d5b5a1ac93ecb81ea4fcfa6e3f99c08f700b9df190ce68b3275a790201f
D-p5a-00-loadfix,Matin2012_state_004,Matin2012_state_004::MEACOO-,Matin2012,20.0,0.17290345806916138,0.0177,0.018227709829878855,evaluated,28181e72e429c6e87fc6361082af1a7b21c8747e76bda65a1c30abb4a97402f2,ebb5f8f9df2aa4ff9bbaec72899dae33fba2233823bb7e389bef92b3d2981900,277c7d5b5a1ac93ecb81ea4fcfa6e3f99c08f700b9df190ce68b3275a790201f
D-p5a-00-loadfix,Matin2012_state_004,Matin2012_state_004::HCO3-,Matin2012,20.0,0.17290345806916138,0.002,0.0011861451101787303,evaluated,28181e72e429c6e87fc6361082af1a7b21c8747e76bda65a1c30abb4a97402f2,ebb5f8f9df2aa4ff9bbaec72899dae33fba2233823bb7e389bef92b3d2981900,277c7d5b5a1ac93ecb81ea4fcfa6e3f99c08f700b9df190ce68b3275a790201f
D-p5a-00-loadfix,Matin2012_state_005,Matin2012_state_005::MEA,Matin2012,20.0,0.19490389807796157,0.0718,0.06908727992409286,evaluated,28181e72e429c6e87fc6361082af1a7b21c8747e76bda65a1c30abb4a97402f2,ebb5f8f9df2aa4ff9bbaec72899dae33fba2233823bb7e389bef92b3d2981900,277c7d5b5a1ac93ecb81ea4fcfa6e3f99c08f700b9df190ce68b3275a790201f
D-p5a-00-loadfix,Matin2012_state_005,Matin2012_state_005::MEAH+,Matin2012,20.0,0.19490389807796157,0.021,0.022601229493525235,evaluated,28181e72e429c6e87fc6361082af1a7b21c8747e76bda65a1c30abb4a97402f2,ebb5f8f9df2aa4ff9bbaec72899dae33fba2233823bb7e389bef92b3d2981900,277c7d5b5a1ac93ecb81ea4fcfa6e3f99c08f700b9df190ce68b3275a790201f
D-p5a-00-loadfix,Matin2012_state_005,Matin2012_state_005::MEACOO-,Matin2012,20.0,0.19490389807796157,0.0203,0.020530358131677084,evaluated,28181e72e429c6e87fc6361082af1a7b21c8747e76bda65a1c30abb4a97402f2,ebb5f8f9df2aa4ff9bbaec72899dae33fba2233823bb7e389bef92b3d2981900,277c7d5b5a1ac93ecb81ea4fcfa6e3f99c08f700b9df190ce68b3275a790201f
D-p5a-00-loadfix,Matin2012_state_005,Matin2012_state_005::HCO3-,Matin2012,20.0,0.19490389807796157,0.002,0.001352309117565221,evaluated,28181e72e429c6e87fc6361082af1a7b21c8747e76bda65a1c30abb4a97402f2,ebb5f8f9df2aa4ff9bbaec72899dae33fba2233823bb7e389bef92b3d2981900,277c7d5b5a1ac93ecb81ea4fcfa6e3f99c08f700b9df190ce68b3275a790201f
D-p5a-00-loadfix,Matin2012_state_006,Matin2012_state_006::MEA,Matin2012,20.0,0.21790435808716177,0.0668,0.06399715422583728,evaluated,28181e72e429c6e87fc6361082af1a7b21c8747e76bda65a1c30abb4a97402f2,ebb5f8f9df2aa4ff9bbaec72899dae33fba2233823bb7e389bef92b3d2981900,277c7d5b5a1ac93ecb81ea4fcfa6e3f99c08f700b9df190ce68b3275a790201f
D-p5a-00-loadfix,Matin2012_state_006,Matin2012_state_006::MEAH+,Matin2012,20.0,0.21790435808716177,0.0234,0.025291440116257835,evaluated,28181e72e429c6e87fc6361082af1a7b21c8747e76bda65a1c30abb4a97402f2,ebb5f8f9df2aa4ff9bbaec72899dae33fba2233823bb7e389bef92b3d2981900,277c7d5b5a1ac93ecb81ea4fcfa6e3f99c08f700b9df190ce68b3275a790201f
D-p5a-00-loadfix,Matin2012_state_006,Matin2012_state_006::MEACOO-,Matin2012,20.0,0.21790435808716177,0.0228,0.022930272813264218,evaluated,28181e72e429c6e87fc6361082af1a7b21c8747e76bda65a1c30abb4a97402f2,ebb5f8f9df2aa4ff9bbaec72899dae33fba2233823bb7e389bef92b3d2981900,277c7d5b5a1ac93ecb81ea4fcfa6e3f99c08f700b9df190ce68b3275a790201f
D-p5a-00-loadfix,Matin2012_state_006,Matin2012_state_006::HCO3-,Matin2012,20.0,0.21790435808716177,0.0021,0.0015334247933094201,evaluated,28181e72e429c6e87fc6361082af1a7b21c8747e76bda65a1c30abb4a97402f2,ebb5f8f9df2aa4ff9bbaec72899dae33fba2233823bb7e389bef92b3d2981900,277c7d5b5a1ac93ecb81ea4fcfa6e3f99c08f700b9df190ce68b3275a790201f
D-p5a-00-loadfix,Matin2012_state_007,Matin2012_state_007::MEA,Matin2012,20.0,0.24090481809636194,0.0618,0.058909427596122506,evaluated,28181e72e429c6e87fc6361082af1a7b21c8747e76bda65a1c30abb4a97402f2,ebb5f8f9df2aa4ff9bbaec72899dae33fba2233823bb7e389bef92b3d2981900,277c7d5b5a1ac93ecb81ea4fcfa6e3f99c08f700b9df190ce68b3275a790201f
D-p5a-00-loadfix,Matin2012_state_007,Matin2012_state_007::MEAH+,Matin2012,20.0,0.24090481809636194,0.0257,0.027988162238840764,evaluated,28181e72e429c6e87fc6361082af1a7b21c8747e76bda65a1c30abb4a97402f2,ebb5f8f9df2aa4ff9bbaec72899dae33fba2233823bb7e389bef92b3d2981900,277c7d5b5a1ac93ecb81ea4fcfa6e3f99c08f700b9df190ce68b3275a790201f
D-p5a-00-loadfix,Matin2012_state_007,Matin2012_state_007::MEACOO-,Matin2012,20.0,0.24090481809636194,0.0252,0.025321276826446925,evaluated,28181e72e429c6e87fc6361082af1a7b21c8747e76bda65a1c30abb4a97402f2,ebb5f8f9df2aa4ff9bbaec72899dae33fba2233823bb7e389bef92b3d2981900,277c7d5b5a1ac93ecb81ea4fcfa6e3f99c08f700b9df190ce68b3275a790201f
D-p5a-00-loadfix,Matin2012_state_007,Matin2012_state_007::HCO3-,Matin2012,20.0,0.24090481809636194,0.0023,0.001723450203999948,evaluated,28181e72e429c6e87fc6361082af1a7b21c8747e76bda65a1c30abb4a97402f2,ebb5f8f9df2aa4ff9bbaec72899dae33fba2233823bb7e389bef92b3d2981900,277c7d5b5a1ac93ecb81ea4fcfa6e3f99c08f700b9df190ce68b3275a790201f
D-p5a-00-loadfix,Matin2012_state_008,Matin2012_state_008::MEA,Matin2012,20.0,0.26390527810556214,0.0568,0.05382591803701513,evaluated,28181e72e429c6e87fc6361082af1a7b21c8747e76bda65a1c30abb4a97402f2,ebb5f8f9df2aa4ff9bbaec72899dae33fba2233823bb7e389bef92b3d2981900,277c7d5b5a1ac93ecb81ea4fcfa6e3f99c08f700b9df190ce68b3275a790201f
D-p5a-00-loadfix,Matin2012_state_008,Matin2012_state_008::MEAH+,Matin2012,20.0,0.26390527810556214,0.0281,0.030691339062257877,evaluated,28181e72e429c6e87fc6361082af1a7b21c8747e76bda65a1c30abb4a97402f2,ebb5f8f9df2aa4ff9bbaec72899dae33fba2233823bb7e389bef92b3d2981900,277c7d5b5a1ac93ecb81ea4fcfa6e3f99c08f700b9df190ce68b3275a790201f
D-p5a-00-loadfix,Matin2012_state_008,Matin2012_state_008::MEACOO-,Matin2012,20.0,0.26390527810556214,0.0276,0.02770160893190323,evaluated,28181e72e429c6e87fc6361082af1a7b21c8747e76bda65a1c30abb4a97402f2,ebb5f8f9df2aa4ff9bbaec72899dae33fba2233823bb7e389bef92b3d2981900,277c7d5b5a1ac93ecb81ea4fcfa6e3f99c08f700b9df190ce68b3275a790201f
D-p5a-00-loadfix,Matin2012_state_008,Matin2012_state_008::HCO3-,Matin2012,20.0,0.26390527810556214,0.0026,0.0019241462492600196,evaluated,28181e72e429c6e87fc6361082af1a7b21c8747e76bda65a1c30abb4a97402f2,ebb5f8f9df2aa4ff9bbaec72899dae33fba2233823bb7e389bef92b3d2981900,277c7d5b5a1ac93ecb81ea4fcfa6e3f99c08f700b9df190ce68b3275a790201f
D-p5a-00-loadfix,Matin2012_state_009,Matin2012_state_009::MEA,Matin2012,20.0,0.2869057381147623,0.0518,0.0487491437569414,evaluated,28181e72e429c6e87fc6361082af1a7b21c8747e76bda65a1c30abb4a97402f2,ebb5f8f9df2aa4ff9bbaec72899dae33fba2233823bb7e389bef92b3d2981900,277c7d5b5a1ac93ecb81ea4fcfa6e3f99c08f700b9df190ce68b3275a790201f
D-p5a-00-loadfix,Matin2012_state_009,Matin2012_state_009::MEAH+,Matin2012,20.0,0.2869057381147623,0.0304,0.03340081022980581,evaluated,28181e72e429c6e87fc6361082af1a7b21c8747e76bda65a1c30abb4a97402f2,ebb5f8f9df2aa4ff9bbaec72899dae33fba2233823bb7e389bef92b3d2981900,277c7d5b5a1ac93ecb81ea4fcfa6e3f99c08f700b9df190ce68b3275a790201f
D-p5a-00-loadfix,Matin2012_state_009,Matin2012_state_009::MEACOO-,Matin2012,20.0,0.2869057381147623,0.0299,0.03006891122200354,evaluated,28181e72e429c6e87fc6361082af1a7b21c8747e76bda65a1c30abb4a97402f2,ebb5f8f9df2aa4ff9bbaec72899dae33fba2233823bb7e389bef92b3d2981900,277c7d5b5a1ac93ecb81ea4fcfa6e3f99c08f700b9df190ce68b3275a790201f
D-p5a-00-loadfix,Matin2012_state_009,Matin2012_state_009::HCO3-,Matin2012,20.0,0.2869057381147623,0.003,0.002137870313078008,evaluated,28181e72e429c6e87fc6361082af1a7b21c8747e76bda65a1c30abb4a97402f2,ebb5f8f9df2aa4ff9bbaec72899dae33fba2233823bb7e389bef92b3d2981900,277c7d5b5a1ac93ecb81ea4fcfa6e3f99c08f700b9df190ce68b3275a790201f
D-p5a-00-loadfix,Matin2012_state_010,Matin2012_state_010::MEA,Matin2012,20.0,0.3099061981239625,0.0469,0.04368271025064803,evaluated,28181e72e429c6e87fc6361082af1a7b21c8747e76bda65a1c30abb4a97402f2,ebb5f8f9df2aa4ff9bbaec72899dae33fba2233823bb7e389bef92b3d2981900,277c7d5b5a1ac93ecb81ea4fcfa6e3f99c08f700b9df190ce68b3275a790201f
D-p5a-00-loadfix,Matin2012_state_010,Matin2012_state_010::MEAH+,Matin2012,20.0,0.3099061981239625,0.0327,0.03611625723170947,evaluated,28181e72e429c6e87fc6361082af1a7b21c8747e76bda65a1c30abb4a97402f2,ebb5f8f9df2aa4ff9bbaec72899dae33fba2233823bb7e389bef92b3d2981900,277c7d5b5a1ac93ecb81ea4fcfa6e3f99c08f700b9df190ce68b3275a790201f
D-p5a-00-loadfix,Matin2012_state_010,Matin2012_state_010::MEACOO-,Matin2012,20.0,0.3099061981239625,0.0321,0.03241989662224711,evaluated,28181e72e429c6e87fc6361082af1a7b21c8747e76bda65a1c30abb4a97402f2,ebb5f8f9df2aa4ff9bbaec72899dae33fba2233823bb7e389bef92b3d2981900,277c7d5b5a1ac93ecb81ea4fcfa6e3f99c08f700b9df190ce68b3275a790201f
D-p5a-00-loadfix,Matin2012_state_010,Matin2012_state_010::HCO3-,Matin2012,20.0,0.3099061981239625,0.0034,0.0023679086311301995,evaluated,28181e72e429c6e87fc6361082af1a7b21c8747e76bda65a1c30abb4a97402f2,ebb5f8f9df2aa4ff9bbaec72899dae33fba2233823bb7e389bef92b3d2981900,277c7d5b5a1ac93ecb81ea4fcfa6e3f99c08f700b9df190ce68b3275a790201f
D-p5a-00-loadfix,Matin2012_state_011,Matin2012_state_011::MEA,Matin2012,20.0,0.33390667813356273,0.0419,0.03841285649529746,evaluated,28181e72e429c6e87fc6361082af1a7b21c8747e76bda65a1c30abb4a97402f2,ebb5f8f9df2aa4ff9bbaec72899dae33fba2233823bb7e389bef92b3d2981900,277c7d5b5a1ac93ecb81ea4fcfa6e3f99c08f700b9df190ce68b3275a790201f
D-p5a-00-loadfix,Matin2012_state_011,Matin2012_state_011::MEAH+,Matin2012,20.0,0.33390667813356273,0.0349,0.038955518571708224,evaluated,28181e72e429c6e87fc6361082af1a7b21c8747e76bda65a1c30abb4a97402f2,ebb5f8f9df2aa4ff9bbaec72899dae33fba2233823bb7e389bef92b3d2981900,277c7d5b5a1ac93ecb81ea4fcfa6e3f99c08f700b9df190ce68b3275a790201f
D-p5a-00-loadfix,Matin2012_state_011,Matin2012_state_011::MEACOO-,Matin2012,20.0,0.33390667813356273,0.0342,0.03485048742140551,evaluated,28181e72e429c6e87fc6361082af1a7b21c8747e76bda65a1c30abb4a97402f2,ebb5f8f9df2aa4ff9bbaec72899dae33fba2233823bb7e389bef92b3d2981900,277c7d5b5a1ac93ecb81ea4fcfa6e3f99c08f700b9df190ce68b3275a790201f
D-p5a-00-loadfix,Matin2012_state_011,Matin2012_state_011::HCO3-,Matin2012,20.0,0.33390667813356273,0.004,0.002630555628519911,evaluated,28181e72e429c6e87fc6361082af1a7b21c8747e76bda65a1c30abb4a97402f2,ebb5f8f9df2aa4ff9bbaec72899dae33fba2233823bb7e389bef92b3d2981900,277c7d5b5a1ac93ecb81ea4fcfa6e3f99c08f700b9df190ce68b3275a790201f
D-p5a-00-loadfix,Matin2012_state_012,Matin2012_state_012::MEA,Matin2012,20.0,0.3579071581431629,0.0371,0.03316974862034993,evaluated,28181e72e429c6e87fc6361082af1a7b21c8747e76bda65a1c30abb4a97402f2,ebb5f8f9df2aa4ff9bbaec72899dae33fba2233823bb7e389bef92b3d2981900,277c7d5b5a1ac93ecb81ea4fcfa6e3f99c08f700b9df190ce68b3275a790201f
D-p5a-00-loadfix,Matin2012_state_012,Matin2012_state_012::MEAH+,Matin2012,20.0,0.3579071581431629,0.0372,0.04179952724982859,evaluated,28181e72e429c6e87fc6361082af1a7b21c8747e76bda65a1c30abb4a97402f2,ebb5f8f9df2aa4ff9bbaec72899dae33fba2233823bb7e389bef92b3d2981900,277c7d5b5a1ac93ecb81ea4fcfa6e3f99c08f700b9df190ce68b3275a790201f
D-p5a-00-loadfix,Matin2012_state_012,Matin2012_state_012::MEACOO-,Matin2012,20.0,0.3579071581431629,0.0362,0.03724958422182181,evaluated,28181e72e429c6e87fc6361082af1a7b21c8747e76bda65a1c30abb4a97402f2,ebb5f8f9df2aa4ff9bbaec72899dae33fba2233823bb7e389bef92b3d2981900,277c7d5b5a1ac93ecb81ea4fcfa6e3f99c08f700b9df190ce68b3275a790201f
D-p5a-00-loadfix,Matin2012_state_012,Matin2012_state_012::HCO3-,Matin2012,20.0,0.3579071581431629,0.0046,0.0029246893151163374,evaluated,28181e72e429c6e87fc6361082af1a7b21c8747e76bda65a1c30abb4a97402f2,ebb5f8f9df2aa4ff9bbaec72899dae33fba2233823bb7e389bef92b3d2981900,277c7d5b5a1ac93ecb81ea4fcfa6e3f99c08f700b9df190ce68b3275a790201f
D-p5a-00-loadfix,Matin2012_state_013,Matin2012_state_013::MEA,Matin2012,20.0,0.3819076381527631,0.0322,0.027969601990041795,evaluated,28181e72e429c6e87fc6361082af1a7b21c8747e76bda65a1c30abb4a97402f2,ebb5f8f9df2aa4ff9bbaec72899dae33fba2233823bb7e389bef92b3d2981900,277c7d5b5a1ac93ecb81ea4fcfa6e3f99c08f700b9df190ce68b3275a790201f
D-p5a-00-loadfix,Matin2012_state_013,Matin2012_state_013::MEAH+,Matin2012,20.0,0.3819076381527631,0.0394,0.04464624877532248,evaluated,28181e72e429c6e87fc6361082af1a7b21c8747e76bda65a1c30abb4a97402f2,ebb5f8f9df2aa4ff9bbaec72899dae33fba2233823bb7e389bef92b3d2981900,277c7d5b5a1ac93ecb81ea4fcfa6e3f99c08f700b9df190ce68b3275a790201f
D-p5a-00-loadfix,Matin2012_state_013,Matin2012_state_013::MEACOO-,Matin2012,20.0,0.3819076381527631,0.0381,0.03960300554041496,evaluated,28181e72e429c6e87fc6361082af1a7b21c8747e76bda65a1c30abb4a97402f2,ebb5f8f9df2aa4ff9bbaec72899dae33fba2233823bb7e389bef92b3d2981900,277c7d5b5a1ac93ecb81ea4fcfa6e3f99c08f700b9df190ce68b3275a790201f
D-p5a-00-loadfix,Matin2012_state_013,Matin2012_state_013::HCO3-,Matin2012,20.0,0.3819076381527631,0.0053,0.0032644854527825746,evaluated,28181e72e429c6e87fc6361082af1a7b21c8747e76bda65a1c30abb4a97402f2,ebb5f8f9df2aa4ff9bbaec72899dae33fba2233823bb7e389bef92b3d2981900,277c7d5b5a1ac93ecb81ea4fcfa6e3f99c08f700b9df190ce68b3275a790201f
D-p5a-00-loadfix,Matin2012_state_014,Matin2012_state_014::MEA,Matin2012,20.0,0.4059081181623633,0.0274,0.02284174422031428,evaluated,28181e72e429c6e87fc6361082af1a7b21c8747e76bda65a1c30abb4a97402f2,ebb5f8f9df2aa4ff9bbaec72899dae33fba2233823bb7e389bef92b3d2981900,277c7d5b5a1ac93ecb81ea4fcfa6e3f99c08f700b9df190ce68b3275a790201f
D-p5a-00-loadfix,Matin2012_state_014,Matin2012_state_014::MEAH+,Matin2012,20.0,0.4059081181623633,0.0415,0.0474918966649704,evaluated,28181e72e429c6e87fc6361082af1a7b21c8747e76bda65a1c30abb4a97402f2,ebb5f8f9df2aa4ff9bbaec72899dae33fba2233823bb7e389bef92b3d2981900,277c7d5b5a1ac93ecb81ea4fcfa6e3f99c08f700b9df190ce68b3275a790201f
D-p5a-00-loadfix,Matin2012_state_014,Matin2012_state_014::MEACOO-,Matin2012,20.0,0.4059081181623633,0.04,0.04188520891669579,evaluated,28181e72e429c6e87fc6361082af1a7b21c8747e76bda65a1c30abb4a97402f2,ebb5f8f9df2aa4ff9bbaec72899dae33fba2233823bb7e389bef92b3d2981900,277c7d5b5a1ac93ecb81ea4fcfa6e3f99c08f700b9df190ce68b3275a790201f
D-p5a-00-loadfix,Matin2012_state_014,Matin2012_state_014::HCO3-,Matin2012,20.0,0.4059081181623633,0.0061,0.0036754740309234437,evaluated,28181e72e429c6e87fc6361082af1a7b21c8747e76bda65a1c30abb4a97402f2,ebb5f8f9df2aa4ff9bbaec72899dae33fba2233823bb7e389bef92b3d2981900,277c7d5b5a1ac93ecb81ea4fcfa6e3f99c08f700b9df190ce68b3275a790201f
D-p5a-00-loadfix,Matin2012_state_015,Matin2012_state_015::MEA,Matin2012,20.0,0.4309086181723635,0.0227,0.01763973354201784,evaluated,28181e72e429c6e87fc6361082af1a7b21c8747e76bda65a1c30abb4a97402f2,ebb5f8f9df2aa4ff9bbaec72899dae33fba2233823bb7e389bef92b3d2981900,277c7d5b5a1ac93ecb81ea4fcfa6e3f99c08f700b9df190ce68b3275a790201f
D-p5a-00-loadfix,Matin2012_state_015,Matin2012_state_015::MEAH+,Matin2012,20.0,0.4309086181723635,0.0436,0.05044681782218243,evaluated,28181e72e429c6e87fc6361082af1a7b21c8747e76bda65a1c30abb4a97402f2,ebb5f8f9df2aa4ff9bbaec72899dae33fba2233823bb7e389bef92b3d2981900,277c7d5b5a1ac93ecb81ea4fcfa6e3f99c08f700b9df190ce68b3275a790201f
D-p5a-00-loadfix,Matin2012_state_015,Matin2012_state_015::MEACOO-,Matin2012,20.0,0.4309086181723635,0.0417,0.04413228518918167,evaluated,28181e72e429c6e87fc6361082af1a7b21c8747e76bda65a1c30abb4a97402f2,ebb5f8f9df2aa4ff9bbaec72899dae33fba2233823bb7e389bef92b3d2981900,277c7d5b5a1ac93ecb81ea4fcfa6e3f99c08f700b9df190ce68b3275a790201f
D-p5a-00-loadfix,Matin2012_state_015,Matin2012_state_015::HCO3-,Matin2012,20.0,0.4309086181723635,0.007,0.004233745232995303,evaluated,28181e72e429c6e87fc6361082af1a7b21c8747e76bda65a1c30abb4a97402f2,ebb5f8f9df2aa4ff9bbaec72899dae33fba2233823bb7e389bef92b3d2981900,277c7d5b5a1ac93ecb81ea4fcfa6e3f99c08f700b9df190ce68b3275a790201f
D-p5a-00-loadfix,Matin2012_state_016,Matin2012_state_016::MEA,Matin2012,20.0,0.4549090981819637,0.0181,0.0129088559101317,evaluated,28181e72e429c6e87fc6361082af1a7b21c8747e76bda65a1c30abb4a97402f2,ebb5f8f9df2aa4ff9bbaec72899dae33fba2233823bb7e389bef92b3d2981900,277c7d5b5a1ac93ecb81ea4fcfa6e3f99c08f700b9df190ce68b3275a790201f
D-p5a-00-loadfix,Matin2012_state_016,Matin2012_state_016::MEAH+,Matin2012,20.0,0.4549090981819637,0.0457,0.05325792395504624,evaluated,28181e72e429c6e87fc6361082af1a7b21c8747e76bda65a1c30abb4a97402f2,ebb5f8f9df2aa4ff9bbaec72899dae33fba2233823bb7e389bef92b3d2981900,277c7d5b5a1ac93ecb81ea4fcfa6e3f99c08f700b9df190ce68b3275a790201f
D-p5a-00-loadfix,Matin2012_state_016,Matin2012_state_016::MEACOO-,Matin2012,20.0,0.4549090981819637,0.0433,0.04605202771124225,evaluated,28181e72e429c6e87fc6361082af1a7b21c8747e76bda65a1c30abb4a97402f2,ebb5f8f9df2aa4ff9bbaec72899dae33fba2233823bb7e389bef92b3d2981900,277c7d5b5a1ac93ecb81ea4fcfa6e3f99c08f700b9df190ce68b3275a790201f
D-p5a-00-loadfix,Matin2012_state_016,Matin2012_state_016::HCO3-,Matin2012,20.0,0.4549090981819637,0.008,0.005006983385431711,evaluated,28181e72e429c6e87fc6361082af1a7b21c8747e76bda65a1c30abb4a97402f2,ebb5f8f9df2aa4ff9bbaec72899dae33fba2233823bb7e389bef92b3d2981900,277c7d5b5a1ac93ecb81ea4fcfa6e3f99c08f700b9df190ce68b3275a790201f
D-p5a-00-loadfix,Matin2012_state_017,Matin2012_state_017::MEA,Matin2012,20.0,0.4799095981919638,0.0135,0.00855509518348528,evaluated,28181e72e429c6e87fc6361082af1a7b21c8747e76bda65a1c30abb4a97402f2,ebb5f8f9df2aa4ff9bbaec72899dae33fba2233823bb7e389bef92b3d2981900,277c7d5b5a1ac93ecb81ea4fcfa6e3f99c08f700b9df190ce68b3275a790201f
D-p5a-00-loadfix,Matin2012_state_017,Matin2012_state_017::MEAH+,Matin2012,20.0,0.4799095981919638,0.0477,0.05612157698224307,evaluated,28181e72e429c6e87fc6361082af1a7b21c8747e76bda65a1c30abb4a97402f2,ebb5f8f9df2aa4ff9bbaec72899dae33fba2233823bb7e389bef92b3d2981900,277c7d5b5a1ac93ecb81ea4fcfa6e3f99c08f700b9df190ce68b3275a790201f
D-p5a-00-loadfix,Matin2012_state_017,Matin2012_state_017::MEACOO-,Matin2012,20.0,0.4799095981919638,0.0448,0.04754205177615362,evaluated,28181e72e429c6e87fc6361082af1a7b21c8747e76bda65a1c30abb4a97402f2,ebb5f8f9df2aa4ff9bbaec72899dae33fba2233823bb7e389bef92b3d2981900,277c7d5b5a1ac93ecb81ea4fcfa6e3f99c08f700b9df190ce68b3275a790201f
D-p5a-00-loadfix,Matin2012_state_017,Matin2012_state_017::HCO3-,Matin2012,20.0,0.4799095981919638,0.0091,0.00632164408482142,evaluated,28181e72e429c6e87fc6361082af1a7b21c8747e76bda65a1c30abb4a97402f2,ebb5f8f9df2aa4ff9bbaec72899dae33fba2233823bb7e389bef92b3d2981900,277c7d5b5a1ac93ecb81ea4fcfa6e3f99c08f700b9df190ce68b3275a790201f
D-p5a-00-loadfix,Matin2012_state_018,Matin2012_state_018::MEA,Matin2012,20.0,0.5049100982019641,0.009,0.005299651022644227,evaluated,28181e72e429c6e87fc6361082af1a7b21c8747e76bda65a1c30abb4a97402f2,ebb5f8f9df2aa4ff9bbaec72899dae33fba2233823bb7e389bef92b3d2981900,277c7d5b5a1ac93ecb81ea4fcfa6e3f99c08f700b9df190ce68b3275a790201f
D-p5a-00-loadfix,Matin2012_state_018,Matin2012_state_018::MEAH+,Matin2012,20.0,0.5049100982019641,0.0496,0.058858837558616185,evaluated,28181e72e429c6e87fc6361082af1a7b21c8747e76bda65a1c30abb4a97402f2,ebb5f8f9df2aa4ff9bbaec72899dae33fba2233823bb7e389bef92b3d2981900,277c7d5b5a1ac93ecb81ea4fcfa6e3f99c08f700b9df190ce68b3275a790201f
D-p5a-00-loadfix,Matin2012_state_018,Matin2012_state_018::MEACOO-,Matin2012,20.0,0.5049100982019641,0.0462,0.048059968400256385,evaluated,28181e72e429c6e87fc6361082af1a7b21c8747e76bda65a1c30abb4a97402f2,ebb5f8f9df2aa4ff9bbaec72899dae33fba2233823bb7e389bef92b3d2981900,277c7d5b5a1ac93ecb81ea4fcfa6e3f99c08f700b9df190ce68b3275a790201f
D-p5a-00-loadfix,Matin2012_state_018,Matin2012_state_018::HCO3-,Matin2012,20.0,0.5049100982019641,0.0102,0.008606681818456901,evaluated,28181e72e429c6e87fc6361082af1a7b21c8747e76bda65a1c30abb4a97402f2,ebb5f8f9df2aa4ff9bbaec72899dae33fba2233823bb7e389bef92b3d2981900,277c7d5b5a1ac93ecb81ea4fcfa6e3f99c08f700b9df190ce68b3275a790201f
D-p5a-00-loadfix,Matin2012_state_019,Matin2012_state_019::MEA,Matin2012,20.0,0.5309106182123643,0.0046,0.0033248545348117057,evaluated,28181e72e429c6e87fc6361082af1a7b21c8747e76bda65a1c30abb4a97402f2,ebb5f8f9df2aa4ff9bbaec72899dae33fba2233823bb7e389bef92b3d2981900,277c7d5b5a1ac93ecb81ea4fcfa6e3f99c08f700b9df190ce68b3275a790201f
D-p5a-00-loadfix,Matin2012_state_019,Matin2012_state_019::MEAH+,Matin2012,20.0,0.5309106182123643,0.0515,0.06155568519418212,evaluated,28181e72e429c6e87fc6361082af1a7b21c8747e76bda65a1c30abb4a97402f2,ebb5f8f9df2aa4ff9bbaec72899dae33fba2233823bb7e389bef92b3d2981900,277c7d5b5a1ac93ecb81ea4fcfa6e3f99c08f700b9df190ce68b3275a790201f
D-p5a-00-loadfix,Matin2012_state_019,Matin2012_state_019::MEACOO-,Matin2012,20.0,0.5309106182123643,0.0475,0.047337106460087625,evaluated,28181e72e429c6e87fc6361082af1a7b21c8747e76bda65a1c30abb4a97402f2,ebb5f8f9df2aa4ff9bbaec72899dae33fba2233823bb7e389bef92b3d2981900,277c7d5b5a1ac93ecb81ea4fcfa6e3f99c08f700b9df190ce68b3275a790201f
D-p5a-00-loadfix,Matin2012_state_019,Matin2012_state_019::HCO3-,Matin2012,20.0,0.5309106182123643,0.0114,0.012239568010380179,evaluated,28181e72e429c6e87fc6361082af1a7b21c8747e76bda65a1c30abb4a97402f2,ebb5f8f9df2aa4ff9bbaec72899dae33fba2233823bb7e389bef92b3d2981900,277c7d5b5a1ac93ecb81ea4fcfa6e3f99c08f700b9df190ce68b3275a790201f
D-p5a-00-loadfix,canonical:vle_obs_0034,vle_obs_0034-pco2,Aronu2011,40.0,0.10190203804076083,1.6,2.2350588055162266,evaluated,28181e72e429c6e87fc6361082af1a7b21c8747e76bda65a1c30abb4a97402f2,ebb5f8f9df2aa4ff9bbaec72899dae33fba2233823bb7e389bef92b3d2981900,277c7d5b5a1ac93ecb81ea4fcfa6e3f99c08f700b9df190ce68b3275a790201f
D-p5a-00-loadfix,canonical:vle_obs_0035,vle_obs_0035-pco2,Aronu2011,40.0,0.2059041180823618,12.3,10.59089543956989,evaluated,28181e72e429c6e87fc6361082af1a7b21c8747e76bda65a1c30abb4a97402f2,ebb5f8f9df2aa4ff9bbaec72899dae33fba2233823bb7e389bef92b3d2981900,277c7d5b5a1ac93ecb81ea4fcfa6e3f99c08f700b9df190ce68b3275a790201f
D-p5a-00-loadfix,canonical:vle_obs_0036,vle_obs_0036-pco2,Aronu2011,40.0,0.24990499809996203,24.6,18.321033128916085,evaluated,28181e72e429c6e87fc6361082af1a7b21c8747e76bda65a1c30abb4a97402f2,ebb5f8f9df2aa4ff9bbaec72899dae33fba2233823bb7e389bef92b3d2981900,277c7d5b5a1ac93ecb81ea4fcfa6e3f99c08f700b9df190ce68b3275a790201f
D-p5a-00-loadfix,canonical:vle_obs_0037,vle_obs_0037-pco2,Aronu2011,40.0,0.33690673813476285,60.3,56.62436981867669,evaluated,28181e72e429c6e87fc6361082af1a7b21c8747e76bda65a1c30abb4a97402f2,ebb5f8f9df2aa4ff9bbaec72899dae33fba2233823bb7e389bef92b3d2981900,277c7d5b5a1ac93ecb81ea4fcfa6e3f99c08f700b9df190ce68b3275a790201f
D-p5a-00-loadfix,canonical:vle_obs_0038,vle_obs_0038-pco2,Aronu2011,40.0,0.3529070581411627,85.1,71.51152000667932,evaluated,28181e72e429c6e87fc6361082af1a7b21c8747e76bda65a1c30abb4a97402f2,ebb5f8f9df2aa4ff9bbaec72899dae33fba2233823bb7e389bef92b3d2981900,277c7d5b5a1ac93ecb81ea4fcfa6e3f99c08f700b9df190ce68b3275a790201f
D-p5a-00-loadfix,canonical:vle_obs_0039,vle_obs_0039-pco2,Aronu2011,40.0,0.40090801816036337,183.5,159.68591045424563,evaluated,28181e72e429c6e87fc6361082af1a7b21c8747e76bda65a1c30abb4a97402f2,ebb5f8f9df2aa4ff9bbaec72899dae33fba2233823bb7e389bef92b3d2981900,277c7d5b5a1ac93ecb81ea4fcfa6e3f99c08f700b9df190ce68b3275a790201f
D-p5a-00-loadfix,canonical:vle_obs_0040,vle_obs_0040-pco2,Aronu2011,40.0,0.4169083381667634,292.8,219.33910534608984,evaluated,28181e72e429c6e87fc6361082af1a7b21c8747e76bda65a1c30abb4a97402f2,ebb5f8f9df2aa4ff9bbaec72899dae33fba2233823bb7e389bef92b3d2981900,277c7d5b5a1ac93ecb81ea4fcfa6e3f99c08f700b9df190ce68b3275a790201f
D-p5a-00-loadfix,canonical:vle_obs_0041,vle_obs_0041-pco2,Aronu2011,40.0,0.4209084181683635,318.79999999999995,238.68193933757846,evaluated,28181e72e429c6e87fc6361082af1a7b21c8747e76bda65a1c30abb4a97402f2,ebb5f8f9df2aa4ff9bbaec72899dae33fba2233823bb7e389bef92b3d2981900,277c7d5b5a1ac93ecb81ea4fcfa6e3f99c08f700b9df190ce68b3275a790201f
D-p5a-00-loadfix,canonical:vle_obs_0042,vle_obs_0042-pco2,Aronu2011,40.0,0.43290865817316354,380.90000000000003,311.9245202895613,evaluated,28181e72e429c6e87fc6361082af1a7b21c8747e76bda65a1c30abb4a97402f2,ebb5f8f9df2aa4ff9bbaec72899dae33fba2233823bb7e389bef92b3d2981900,277c7d5b5a1ac93ecb81ea4fcfa6e3f99c08f700b9df190ce68b3275a790201f
D-p5a-00-loadfix,canonical:vle_obs_0043,vle_obs_0043-pco2,Aronu2011,40.0,0.44690893817876365,570.2,439.09385658052264,evaluated,28181e72e429c6e87fc6361082af1a7b21c8747e76bda65a1c30abb4a97402f2,ebb5f8f9df2aa4ff9bbaec72899dae33fba2233823bb7e389bef92b3d2981900,277c7d5b5a1ac93ecb81ea4fcfa6e3f99c08f700b9df190ce68b3275a790201f
D-p5a-00-loadfix,canonical:vle_obs_0044,vle_obs_0044-pco2,Aronu2011,40.0,0.4639092781855638,1066.2,697.7093139021798,evaluated,28181e72e429c6e87fc6361082af1a7b21c8747e76bda65a1c30abb4a97402f2,ebb5f8f9df2aa4ff9bbaec72899dae33fba2233823bb7e389bef92b3d2981900,277c7d5b5a1ac93ecb81ea4fcfa6e3f99c08f700b9df190ce68b3275a790201f
D-p5a-00-loadfix,canonical:vle_obs_0045,vle_obs_0045-pco2,Aronu2011,40.0,0.47590951819036376,1832.6,998.8844101196831,evaluated,28181e72e429c6e87fc6361082af1a7b21c8747e76bda65a1c30abb4a97402f2,ebb5f8f9df2aa4ff9bbaec72899dae33fba2233823bb7e389bef92b3d2981900,277c7d5b5a1ac93ecb81ea4fcfa6e3f99c08f700b9df190ce68b3275a790201f
D-p5a-00-loadfix,canonical:vle_obs_0046,vle_obs_0046-pco2,Aronu2011,40.0,0.47690953819076376,1827.8000000000002,1030.3340556720748,evaluated,28181e72e429c6e87fc6361082af1a7b21c8747e76bda65a1c30abb4a97402f2,ebb5f8f9df2aa4ff9bbaec72899dae33fba2233823bb7e389bef92b3d2981900,277c7d5b5a1ac93ecb81ea4fcfa6e3f99c08f700b9df190ce68b3275a790201f
D-p5a-00-loadfix,canonical:vle_obs_0047,vle_obs_0047-pco2,Aronu2011,40.0,0.484909698193964,2319.3,1327.1960473493377,evaluated,28181e72e429c6e87fc6361082af1a7b21c8747e76bda65a1c30abb4a97402f2,ebb5f8f9df2aa4ff9bbaec72899dae33fba2233823bb7e389bef92b3d2981900,277c7d5b5a1ac93ecb81ea4fcfa6e3f99c08f700b9df190ce68b3275a790201f
D-p5a-00-loadfix,canonical:vle_obs_0048,vle_obs_0048-pco2,Aronu2011,40.0,0.4889097781955638,2857.7,1510.7488735885509,evaluated,28181e72e429c6e87fc6361082af1a7b21c8747e76bda65a1c30abb4a97402f2,ebb5f8f9df2aa4ff9bbaec72899dae33fba2233823bb7e389bef92b3d2981900,277c7d5b5a1ac93ecb81ea4fcfa6e3f99c08f700b9df190ce68b3275a790201f
D-p5a-00-loadfix,canonical:vle_obs_0049,vle_obs_0049-pco2,Aronu2011,40.0,0.5159103182063643,8558.3,3676.05134105428,evaluated,28181e72e429c6e87fc6361082af1a7b21c8747e76bda65a1c30abb4a97402f2,ebb5f8f9df2aa4ff9bbaec72899dae33fba2233823bb7e389bef92b3d2981900,277c7d5b5a1ac93ecb81ea4fcfa6e3f99c08f700b9df190ce68b3275a790201f
D-p5a-00-loadfix,canonical:vle_obs_0050,vle_obs_0050-pco2,Aronu2011,40.0,0.5239104782095645,11812.0,4744.9305589950245,evaluated,28181e72e429c6e87fc6361082af1a7b21c8747e76bda65a1c30abb4a97402f2,ebb5f8f9df2aa4ff9bbaec72899dae33fba2233823bb7e389bef92b3d2981900,277c7d5b5a1ac93ecb81ea4fcfa6e3f99c08f700b9df190ce68b3275a790201f
D-p5a-00-loadfix,canonical:vle_obs_0051,vle_obs_0051-pco2,Aronu2011,60.0,0.052901058021160415,4.5,3.9339024688491038,evaluated,28181e72e429c6e87fc6361082af1a7b21c8747e76bda65a1c30abb4a97402f2,ebb5f8f9df2aa4ff9bbaec72899dae33fba2233823bb7e389bef92b3d2981900,277c7d5b5a1ac93ecb81ea4fcfa6e3f99c08f700b9df190ce68b3275a790201f
D-p5a-00-loadfix,canonical:vle_obs_0052,vle_obs_0052-pco2,Aronu2011,60.0,0.10490209804196096,15.4,14.44056697741491,evaluated,28181e72e429c6e87fc6361082af1a7b21c8747e76bda65a1c30abb4a97402f2,ebb5f8f9df2aa4ff9bbaec72899dae33fba2233823bb7e389bef92b3d2981900,277c7d5b5a1ac93ecb81ea4fcfa6e3f99c08f700b9df190ce68b3275a790201f
D-p5a-00-loadfix,canonical:vle_obs_0053,vle_obs_0053-pco2,Aronu2011,60.0,0.16190323806476148,42.7,36.890927158113904,evaluated,28181e72e429c6e87fc6361082af1a7b21c8747e76bda65a1c30abb4a97402f2,ebb5f8f9df2aa4ff9bbaec72899dae33fba2233823bb7e389bef92b3d2981900,277c7d5b5a1ac93ecb81ea4fcfa6e3f99c08f700b9df190ce68b3275a790201f
D-p5a-00-loadfix,canonical:vle_obs_0054,vle_obs_0054-pco2,Aronu2011,60.0,0.24390487809756198,134.8,110.16740742951012,evaluated,28181e72e429c6e87fc6361082af1a7b21c8747e76bda65a1c30abb4a97402f2,ebb5f8f9df2aa4ff9bbaec72899dae33fba2233823bb7e389bef92b3d2981900,277c7d5b5a1ac93ecb81ea4fcfa6e3f99c08f700b9df190ce68b3275a790201f
D-p5a-00-loadfix,canonical:vle_obs_0055,vle_obs_0055-pco2,Aronu2011,60.0,0.3029060581211625,301.5,236.68345092095257,evaluated,28181e72e429c6e87fc6361082af1a7b21c8747e76bda65a1c30abb4a97402f2,ebb5f8f9df2aa4ff9bbaec72899dae33fba2233823bb7e389bef92b3d2981900,277c7d5b5a1ac93ecb81ea4fcfa6e3f99c08f700b9df190ce68b3275a790201f
D-p5a-00-loadfix,canonical:vle_obs_0056,vle_obs_0056-pco2,Aronu2011,60.0,0.35990719814396277,643.5999999999999,534.4601695799859,evaluated,28181e72e429c6e87fc6361082af1a7b21c8747e76bda65a1c30abb4a97402f2,ebb5f8f9df2aa4ff9bbaec72899dae33fba2233823bb7e389bef92b3d2981900,277c7d5b5a1ac93ecb81ea4fcfa6e3f99c08f700b9df190ce68b3275a790201f
D-p5a-00-loadfix,canonical:vle_obs_0057,vle_obs_0057-pco2,Aronu2011,60.0,0.3929078581571634,1097.0,921.8643432322357,evaluated,28181e72e429c6e87fc6361082af1a7b21c8747e76bda65a1c30abb4a97402f2,ebb5f8f9df2aa4ff9bbaec72899dae33fba2233823bb7e389bef92b3d2981900,277c7d5b5a1ac93ecb81ea4fcfa6e3f99c08f700b9df190ce68b3275a790201f
D-p5a-00-loadfix,canonical:vle_obs_0058,vle_obs_0058-pco2,Aronu2011,60.0,0.42790855817116324,2501.3999999999996,1809.2177351008243,evaluated,28181e72e429c6e87fc6361082af1a7b21c8747e76bda65a1c30abb4a97402f2,ebb5f8f9df2aa4ff9bbaec72899dae33fba2233823bb7e389bef92b3d2981900,277c7d5b5a1ac93ecb81ea4fcfa6e3f99c08f700b9df190ce68b3275a790201f
D-p5a-00-loadfix,canonical:vle_obs_0059,vle_obs_0059-pco2,Aronu2011,60.0,0.49090981819636403,13558.0,8426.56198260314,evaluated,28181e72e429c6e87fc6361082af1a7b21c8747e76bda65a1c30abb4a97402f2,ebb5f8f9df2aa4ff9bbaec72899dae33fba2233823bb7e389bef92b3d2981900,277c7d5b5a1ac93ecb81ea4fcfa6e3f99c08f700b9df190ce68b3275a790201f
D-p5a-00-loadfix,canonical:vle_obs_0060,vle_obs_0060-pco2,Aronu2011,80.0,0.016900338006760277,5.6,2.756394246836104,evaluated,28181e72e429c6e87fc6361082af1a7b21c8747e76bda65a1c30abb4a97402f2,ebb5f8f9df2aa4ff9bbaec72899dae33fba2233823bb7e389bef92b3d2981900,277c7d5b5a1ac93ecb81ea4fcfa6e3f99c08f700b9df190ce68b3275a790201f
D-p5a-00-loadfix,canonical:vle_obs_0061,vle_obs_0061-pco2,Aronu2011,80.0,0.039900798015960255,21.9,12.613124849674877,evaluated,28181e72e429c6e87fc6361082af1a7b21c8747e76bda65a1c30abb4a97402f2,ebb5f8f9df2aa4ff9bbaec72899dae33fba2233823bb7e389bef92b3d2981900,277c7d5b5a1ac93ecb81ea4fcfa6e3f99c08f700b9df190ce68b3275a790201f
D-p5a-00-loadfix,canonical:vle_obs_0062,vle_obs_0062-pco2,Aronu2011,80.0,0.07490149802996054,55.7,40.294724301170035,evaluated,28181e72e429c6e87fc6361082af1a7b21c8747e76bda65a1c30abb4a97402f2,ebb5f8f9df2aa4ff9bbaec72899dae33fba2233823bb7e389bef92b3d2981900,277c7d5b5a1ac93ecb81ea4fcfa6e3f99c08f700b9df190ce68b3275a790201f
D-p5a-00-loadfix,canonical:vle_obs_0063,vle_obs_0063-pco2,Aronu2011,80.0,0.12190243804876108,140.6,107.43523619718468,evaluated,28181e72e429c6e87fc6361082af1a7b21c8747e76bda65a1c30abb4a97402f2,ebb5f8f9df2aa4ff9bbaec72899dae33fba2233823bb7e389bef92b3d2981900,277c7d5b5a1ac93ecb81ea4fcfa6e3f99c08f700b9df190ce68b3275a790201f
D-p5a-00-loadfix,canonical:vle_obs_0064,vle_obs_0064-pco2,Aronu2011,80.0,0.15490309806196143,248.5,183.79369586196026,evaluated,28181e72e429c6e87fc6361082af1a7b21c8747e76bda65a1c30abb4a97402f2,ebb5f8f9df2aa4ff9bbaec72899dae33fba2233823bb7e389bef92b3d2981900,277c7d5b5a1ac93ecb81ea4fcfa6e3f99c08f700b9df190ce68b3275a790201f
D-p5a-00-loadfix,canonical:vle_obs_0065,vle_obs_0065-pco2,Aronu2011,80.0,0.2159043180863619,613.7,433.26444105316494,evaluated,28181e72e429c6e87fc6361082af1a7b21c8747e76bda65a1c30abb4a97402f2,ebb5f8f9df2aa4ff9bbaec72899dae33fba2233823bb7e389bef92b3d2981900,277c7d5b5a1ac93ecb81ea4fcfa6e3f99c08f700b9df190ce68b3275a790201f
D-p5a-00-loadfix,canonical:vle_obs_0066,vle_obs_0066-pco2,Aronu2011,80.0,0.27090541810836233,1253.8,892.373585625557,evaluated,28181e72e429c6e87fc6361082af1a7b21c8747e76bda65a1c30abb4a97402f2,ebb5f8f9df2aa4ff9bbaec72899dae33fba2233823bb7e389bef92b3d2981900,277c7d5b5a1ac93ecb81ea4fcfa6e3f99c08f700b9df190ce68b3275a790201f
D-p5a-00-loadfix,canonical:vle_obs_0067,vle_obs_0067-pco2,Aronu2011,80.0,0.3469069381387629,3752.2000000000003,2548.818812382236,evaluated,28181e72e429c6e87fc6361082af1a7b21c8747e76bda65a1c30abb4a97402f2,ebb5f8f9df2aa4ff9bbaec72899dae33fba2233823bb7e389bef92b3d2981900,277c7d5b5a1ac93ecb81ea4fcfa6e3f99c08f700b9df190ce68b3275a790201f
D-p5a-00-loadfix,canonical:vle_obs_0068,vle_obs_0068-pco2,Aronu2011,80.0,0.39990799815996336,7938.7,5979.56541931483,evaluated,28181e72e429c6e87fc6361082af1a7b21c8747e76bda65a1c30abb4a97402f2,ebb5f8f9df2aa4ff9bbaec72899dae33fba2233823bb7e389bef92b3d2981900,277c7d5b5a1ac93ecb81ea4fcfa6e3f99c08f700b9df190ce68b3275a790201f
D-p5a-00-loadfix,canonical:vle_obs_0069,vle_obs_0069-pco2,Aronu2011,80.0,0.39790795815916336,8303.1,5773.881503751349,evaluated,28181e72e429c6e87fc6361082af1a7b21c8747e76bda65a1c30abb4a97402f2,ebb5f8f9df2aa4ff9bbaec72899dae33fba2233823bb7e389bef92b3d2981900,277c7d5b5a1ac93ecb81ea4fcfa6e3f99c08f700b9df190ce68b3275a790201f
D-p5a-00-loadfix,canonical:vle_obs_0119,vle_obs_0119-pco2,Hilliard2008,40.0,0.1529030580611612,5.7,5.189996454744113,evaluated,28181e72e429c6e87fc6361082af1a7b21c8747e76bda65a1c30abb4a97402f2,ebb5f8f9df2aa4ff9bbaec72899dae33fba2233823bb7e389bef92b3d2981900,277c7d5b5a1ac93ecb81ea4fcfa6e3f99c08f700b9df190ce68b3275a790201f
D-p5a-00-loadfix,canonical:vle_obs_0120,vle_obs_0120-pco2,Hilliard2008,40.0,0.1629032580651615,6.64,5.986362065985531,evaluated,28181e72e429c6e87fc6361082af1a7b21c8747e76bda65a1c30abb4a97402f2,ebb5f8f9df2aa4ff9bbaec72899dae33fba2233823bb7e389bef92b3d2981900,277c7d5b5a1ac93ecb81ea4fcfa6e3f99c08f700b9df190ce68b3275a790201f
D-p5a-00-loadfix,canonical:vle_obs_0121,vle_obs_0121-pco2,Hilliard2008,40.0,0.16990339806796148,7.21,6.597002907506834,evaluated,28181e72e429c6e87fc6361082af1a7b21c8747e76bda65a1c30abb4a97402f2,ebb5f8f9df2aa4ff9bbaec72899dae33fba2233823bb7e389bef92b3d2981900,277c7d5b5a1ac93ecb81ea4fcfa6e3f99c08f700b9df190ce68b3275a790201f
D-p5a-00-loadfix,canonical:vle_obs_0122,vle_obs_0122-pco2,Hilliard2008,40.0,0.19090381807636173,9.950000000000001,8.733043242680974,evaluated,28181e72e429c6e87fc6361082af1a7b21c8747e76bda65a1c30abb4a97402f2,ebb5f8f9df2aa4ff9bbaec72899dae33fba2233823bb7e389bef92b3d2981900,277c7d5b5a1ac93ecb81ea4fcfa6e3f99c08f700b9df190ce68b3275a790201f
D-p5a-00-loadfix,canonical:vle_obs_0123,vle_obs_0123-pco2,Hilliard2008,40.0,0.19390387807756163,9.85,9.080259765134132,evaluated,28181e72e429c6e87fc6361082af1a7b21c8747e76bda65a1c30abb4a97402f2,ebb5f8f9df2aa4ff9bbaec72899dae33fba2233823bb7e389bef92b3d2981900,277c7d5b5a1ac93ecb81ea4fcfa6e3f99c08f700b9df190ce68b3275a790201f
D-p5a-00-loadfix,canonical:vle_obs_0124,vle_obs_0124-pco2,Hilliard2008,40.0,0.23190463809276213,14.6,14.666333466067801,evaluated,28181e72e429c6e87fc6361082af1a7b21c8747e76bda65a1c30abb4a97402f2,ebb5f8f9df2aa4ff9bbaec72899dae33fba2233823bb7e389bef92b3d2981900,277c7d5b5a1ac93ecb81ea4fcfa6e3f99c08f700b9df190ce68b3275a790201f
D-p5a-00-loadfix,canonical:vle_obs_0125,vle_obs_0125-pco2,Hilliard2008,40.0,0.24590491809836199,19.099999999999998,17.43795549721207,evaluated,28181e72e429c6e87fc6361082af1a7b21c8747e76bda65a1c30abb4a97402f2,ebb5f8f9df2aa4ff9bbaec72899dae33fba2233823bb7e389bef92b3d2981900,277c7d5b5a1ac93ecb81ea4fcfa6e3f99c08f700b9df190ce68b3275a790201f
D-p5a-00-loadfix,canonical:vle_obs_0126,vle_obs_0126-pco2,Hilliard2008,40.0,0.2689053781075621,23.099999999999998,23.184725588173556,evaluated,28181e72e429c6e87fc6361082af1a7b21c8747e76bda65a1c30abb4a97402f2,ebb5f8f9df2aa4ff9bbaec72899dae33fba2233823bb7e389bef92b3d2981900,277c7d5b5a1ac93ecb81ea4fcfa6e3f99c08f700b9df190ce68b3275a790201f
D-p5a-00-loadfix,canonical:vle_obs_0127,vle_obs_0127-pco2,Hilliard2008,40.0,0.27190543810876244,22.4,24.06859520826921,evaluated,28181e72e429c6e87fc6361082af1a7b21c8747e76bda65a1c30abb4a97402f2,ebb5f8f9df2aa4ff9bbaec72899dae33fba2233823bb7e389bef92b3d2981900,277c7d5b5a1ac93ecb81ea4fcfa6e3f99c08f700b9df190ce68b3275a790201f
D-p5a-00-loadfix,canonical:vle_obs_0128,vle_obs_0128-pco2,Hilliard2008,40.0,0.3259065181303626,48.5,48.55957768800954,evaluated,28181e72e429c6e87fc6361082af1a7b21c8747e76bda65a1c30abb4a97402f2,ebb5f8f9df2aa4ff9bbaec72899dae33fba2233823bb7e389bef92b3d2981900,277c7d5b5a1ac93ecb81ea4fcfa6e3f99c08f700b9df190ce68b3275a790201f
D-p5a-00-loadfix,canonical:vle_obs_0129,vle_obs_0129-pco2,Hilliard2008,40.0,0.3479069581391629,66.19999999999999,66.38734104262933,evaluated,28181e72e429c6e87fc6361082af1a7b21c8747e76bda65a1c30abb4a97402f2,ebb5f8f9df2aa4ff9bbaec72899dae33fba2233823bb7e389bef92b3d2981900,277c7d5b5a1ac93ecb81ea4fcfa6e3f99c08f700b9df190ce68b3275a790201f
D-p5a-00-loadfix,canonical:vle_obs_0130,vle_obs_0130-pco2,Hilliard2008,40.0,0.3499069981399627,72.1,68.38022251866387,evaluated,28181e72e429c6e87fc6361082af1a7b21c8747e76bda65a1c30abb4a97402f2,ebb5f8f9df2aa4ff9bbaec72899dae33fba2233823bb7e389bef92b3d2981900,277c7d5b5a1ac93ecb81ea4fcfa6e3f99c08f700b9df190ce68b3275a790201f
D-p5a-00-loadfix,canonical:vle_obs_0131,vle_obs_0131-pco2,Hilliard2008,40.0,0.359907198143963,96.60000000000001,79.54769247575771,evaluated,28181e72e429c6e87fc6361082af1a7b21c8747e76bda65a1c30abb4a97402f2,ebb5f8f9df2aa4ff9bbaec72899dae33fba2233823bb7e389bef92b3d2981900,277c7d5b5a1ac93ecb81ea4fcfa6e3f99c08f700b9df190ce68b3275a790201f
D-p5a-00-loadfix,canonical:vle_obs_0132,vle_obs_0132-pco2,Hilliard2008,40.0,0.38190763815276296,131.0,113.59040714956878,evaluated,28181e72e429c6e87fc6361082af1a7b21c8747e76bda65a1c30abb4a97402f2,ebb5f8f9df2aa4ff9bbaec72899dae33fba2233823bb7e389bef92b3d2981900,277c7d5b5a1ac93ecb81ea4fcfa6e3f99c08f700b9df190ce68b3275a790201f
D-p5a-00-loadfix,canonical:vle_obs_0133,vle_obs_0133-pco2,Hilliard2008,40.0,0.385907718154363,120.0,121.68819780646903,evaluated,28181e72e429c6e87fc6361082af1a7b21c8747e76bda65a1c30abb4a97402f2,ebb5f8f9df2aa4ff9bbaec72899dae33fba2233823bb7e389bef92b3d2981900,277c7d5b5a1ac93ecb81ea4fcfa6e3f99c08f700b9df190ce68b3275a790201f
D-p5a-00-loadfix,canonical:vle_obs_0134,vle_obs_0134-pco2,Hilliard2008,40.0,0.3889077781555634,113.0,128.2588817292936,evaluated,28181e72e429c6e87fc6361082af1a7b21c8747e76bda65a1c30abb4a97402f2,ebb5f8f9df2aa4ff9bbaec72899dae33fba2233823bb7e389bef92b3d2981900,277c7d5b5a1ac93ecb81ea4fcfa6e3f99c08f700b9df190ce68b3275a790201f
D-p5a-00-loadfix,canonical:vle_obs_0135,vle_obs_0135-pco2,Hilliard2008,40.0,0.39990799815996336,128.0,156.70622492740216,evaluated,28181e72e429c6e87fc6361082af1a7b21c8747e76bda65a1c30abb4a97402f2,ebb5f8f9df2aa4ff9bbaec72899dae33fba2233823bb7e389bef92b3d2981900,277c7d5b5a1ac93ecb81ea4fcfa6e3f99c08f700b9df190ce68b3275a790201f
D-p5a-00-loadfix,canonical:vle_obs_0136,vle_obs_0136-pco2,Hilliard2008,40.0,0.4639092781855638,750.0,697.7093139021798,evaluated,28181e72e429c6e87fc6361082af1a7b21c8747e76bda65a1c30abb4a97402f2,ebb5f8f9df2aa4ff9bbaec72899dae33fba2233823bb7e389bef92b3d2981900,277c7d5b5a1ac93ecb81ea4fcfa6e3f99c08f700b9df190ce68b3275a790201f
D-p5a-00-loadfix,canonical:vle_obs_0137,vle_obs_0137-pco2,Hilliard2008,40.0,0.4659093181863636,574.0,739.3962248374656,evaluated,28181e72e429c6e87fc6361082af1a7b21c8747e76bda65a1c30abb4a97402f2,ebb5f8f9df2aa4ff9bbaec72899dae33fba2233823bb7e389bef92b3d2981900,277c7d5b5a1ac93ecb81ea4fcfa6e3f99c08f700b9df190ce68b3275a790201f
D-p5a-00-loadfix,canonical:vle_obs_0138,vle_obs_0138-pco2,Hilliard2008,40.0,0.48090961819236394,883.0,1168.104303926274,evaluated,28181e72e429c6e87fc6361082af1a7b21c8747e76bda65a1c30abb4a97402f2,ebb5f8f9df2aa4ff9bbaec72899dae33fba2233823bb7e389bef92b3d2981900,277c7d5b5a1ac93ecb81ea4fcfa6e3f99c08f700b9df190ce68b3275a790201f
D-p5a-00-loadfix,canonical:vle_obs_0139,vle_obs_0139-pco2,Hilliard2008,40.0,0.4909098181963638,1100.0,1612.7607232852324,evaluated,28181e72e429c6e87fc6361082af1a7b21c8747e76bda65a1c30abb4a97402f2,ebb5f8f9df2aa4ff9bbaec72899dae33fba2233823bb7e389bef92b3d2981900,277c7d5b5a1ac93ecb81ea4fcfa6e3f99c08f700b9df190ce68b3275a790201f
D-p5a-00-loadfix,canonical:vle_obs_0140,vle_obs_0140-pco2,Hilliard2008,40.0,0.5009100182003642,1870.0,2243.82125917242,evaluated,28181e72e429c6e87fc6361082af1a7b21c8747e76bda65a1c30abb4a97402f2,ebb5f8f9df2aa4ff9bbaec72899dae33fba2233823bb7e389bef92b3d2981900,277c7d5b5a1ac93ecb81ea4fcfa6e3f99c08f700b9df190ce68b3275a790201f
D-p5a-00-loadfix,canonical:vle_obs_0141,vle_obs_0141-pco2,Hilliard2008,40.0,0.5179103582071644,3030.0,3921.153745607289,evaluated,28181e72e429c6e87fc6361082af1a7b21c8747e76bda65a1c30abb4a97402f2,ebb5f8f9df2aa4ff9bbaec72899dae33fba2233823bb7e389bef92b3d2981900,277c7d5b5a1ac93ecb81ea4fcfa6e3f99c08f700b9df190ce68b3275a790201f
D-p5a-00-loadfix,canonical:vle_obs_0142,vle_obs_0142-pco2,Hilliard2008,40.0,0.590911818236365,28300.0,26180.78046195204,evaluated,28181e72e429c6e87fc6361082af1a7b21c8747e76bda65a1c30abb4a97402f2,ebb5f8f9df2aa4ff9bbaec72899dae33fba2233823bb7e389bef92b3d2981900,277c7d5b5a1ac93ecb81ea4fcfa6e3f99c08f700b9df190ce68b3275a790201f
D-p5a-00-loadfix,canonical:vle_obs_0143,vle_obs_0143-pco2,Hilliard2008,60.0,0.11390227804556104,19.400000000000002,17.080775706546998,evaluated,28181e72e429c6e87fc6361082af1a7b21c8747e76bda65a1c30abb4a97402f2,ebb5f8f9df2aa4ff9bbaec72899dae33fba2233823bb7e389bef92b3d2981900,277c7d5b5a1ac93ecb81ea4fcfa6e3f99c08f700b9df190ce68b3275a790201f
D-p5a-00-loadfix,canonical:vle_obs_0144,vle_obs_0144-pco2,Hilliard2008,60.0,0.19090381807636173,58.9,55.26943999214833,evaluated,28181e72e429c6e87fc6361082af1a7b21c8747e76bda65a1c30abb4a97402f2,ebb5f8f9df2aa4ff9bbaec72899dae33fba2233823bb7e389bef92b3d2981900,277c7d5b5a1ac93ecb81ea4fcfa6e3f99c08f700b9df190ce68b3275a790201f
D-p5a-00-loadfix,canonical:vle_obs_0145,vle_obs_0145-pco2,Hilliard2008,60.0,0.2909058181163624,209.0,201.87256597013118,evaluated,28181e72e429c6e87fc6361082af1a7b21c8747e76bda65a1c30abb4a97402f2,ebb5f8f9df2aa4ff9bbaec72899dae33fba2233823bb7e389bef92b3d2981900,277c7d5b5a1ac93ecb81ea4fcfa6e3f99c08f700b9df190ce68b3275a790201f
D-p5a-00-loadfix,canonical:vle_obs_0146,vle_obs_0146-pco2,Hilliard2008,60.0,0.385907718154363,763.0,816.0703041198747,evaluated,28181e72e429c6e87fc6361082af1a7b21c8747e76bda65a1c30abb4a97402f2,ebb5f8f9df2aa4ff9bbaec72899dae33fba2233823bb7e389bef92b3d2981900,277c7d5b5a1ac93ecb81ea4fcfa6e3f99c08f700b9df190ce68b3275a790201f
D-p5a-00-loadfix,canonical:vle_obs_0147,vle_obs_0147-pco2,Hilliard2008,60.0,0.484909698193964,4860.0,7169.547605995523,evaluated,28181e72e429c6e87fc6361082af1a7b21c8747e76bda65a1c30abb4a97402f2,ebb5f8f9df2aa4ff9bbaec72899dae33fba2233823bb7e389bef92b3d2981900,277c7d5b5a1ac93ecb81ea4fcfa6e3f99c08f700b9df190ce68b3275a790201f
D-p5a-00-loadfix,canonical:vle_obs_0148,vle_obs_0148-pco2,Hilliard2008,60.0,0.5439108782175645,25800.0,33383.39406985316,evaluated,28181e72e429c6e87fc6361082af1a7b21c8747e76bda65a1c30abb4a97402f2,ebb5f8f9df2aa4ff9bbaec72899dae33fba2233823bb7e389bef92b3d2981900,277c7d5b5a1ac93ecb81ea4fcfa6e3f99c08f700b9df190ce68b3275a790201f
D-p5a-00-loadfix,canonical:vle_obs_0162,vle_obs_0162-pco2,Idris2014,40.0,0.24190483809676194,21.0,16.597408807745946,evaluated,28181e72e429c6e87fc6361082af1a7b21c8747e76bda65a1c30abb4a97402f2,ebb5f8f9df2aa4ff9bbaec72899dae33fba2233823bb7e389bef92b3d2981900,277c7d5b5a1ac93ecb81ea4fcfa6e3f99c08f700b9df190ce68b3275a790201f
D-p5a-00-loadfix,canonical:vle_obs_0163,vle_obs_0163-pco2,Idris2014,40.0,0.3209064181283625,38.0,45.354368282458154,evaluated,28181e72e429c6e87fc6361082af1a7b21c8747e76bda65a1c30abb4a97402f2,ebb5f8f9df2aa4ff9bbaec72899dae33fba2233823bb7e389bef92b3d2981900,277c7d5b5a1ac93ecb81ea4fcfa6e3f99c08f700b9df190ce68b3275a790201f
D-p5a-00-loadfix,canonical:vle_obs_0164,vle_obs_0164-pco2,Idris2014,40.0,0.3299065981319626,43.0,51.32063402473845,evaluated,28181e72e429c6e87fc6361082af1a7b21c8747e76bda65a1c30abb4a97402f2,ebb5f8f9df2aa4ff9bbaec72899dae33fba2233823bb7e389bef92b3d2981900,277c7d5b5a1ac93ecb81ea4fcfa6e3f99c08f700b9df190ce68b3275a790201f
D-p5a-00-loadfix,canonical:vle_obs_0165,vle_obs_0165-pco2,Idris2014,40.0,0.3449068981379629,50.0,63.531377695200185,evaluated,28181e72e429c6e87fc6361082af1a7b21c8747e76bda65a1c30abb4a97402f2,ebb5f8f9df2aa4ff9bbaec72899dae33fba2233823bb7e389bef92b3d2981900,277c7d5b5a1ac93ecb81ea4fcfa6e3f99c08f700b9df190ce68b3275a790201f
D-p5a-00-loadfix,canonical:vle_obs_0166,vle_obs_0166-pco2,Idris2014,40.0,0.3519070381407627,64.0,70.44822050465302,evaluated,28181e72e429c6e87fc6361082af1a7b21c8747e76bda65a1c30abb4a97402f2,ebb5f8f9df2aa4ff9bbaec72899dae33fba2233823bb7e389bef92b3d2981900,277c7d5b5a1ac93ecb81ea4fcfa6e3f99c08f700b9df190ce68b3275a790201f
D-p5a-00-loadfix,canonical:vle_obs_0167,vle_obs_0167-pco2,Idris2014,40.0,0.354907098141963,97.0,73.69910072919322,evaluated,28181e72e429c6e87fc6361082af1a7b21c8747e76bda65a1c30abb4a97402f2,ebb5f8f9df2aa4ff9bbaec72899dae33fba2233823bb7e389bef92b3d2981900,277c7d5b5a1ac93ecb81ea4fcfa6e3f99c08f700b9df190ce68b3275a790201f
D-p5a-00-loadfix,canonical:vle_obs_0168,vle_obs_0168-pco2,Idris2014,40.0,0.3749074981499629,107.0,101.02090881920344,evaluated,28181e72e429c6e87fc6361082af1a7b21c8747e76bda65a1c30abb4a97402f2,ebb5f8f9df2aa4ff9bbaec72899dae33fba2233823bb7e389bef92b3d2981900,277c7d5b5a1ac93ecb81ea4fcfa6e3f99c08f700b9df190ce68b3275a790201f
D-p5a-00-loadfix,canonical:vle_obs_0169,vle_obs_0169-pco2,Idris2014,40.0,0.37690753815076294,123.0,104.42094119990276,evaluated,28181e72e429c6e87fc6361082af1a7b21c8747e76bda65a1c30abb4a97402f2,ebb5f8f9df2aa4ff9bbaec72899dae33fba2233823bb7e389bef92b3d2981900,277c7d5b5a1ac93ecb81ea4fcfa6e3f99c08f700b9df190ce68b3275a790201f
D-p5a-00-loadfix,canonical:vle_obs_0170,vle_obs_0170-pco2,Idris2014,40.0,0.43590871817436355,445.0,334.69228920963997,evaluated,28181e72e429c6e87fc6361082af1a7b21c8747e76bda65a1c30abb4a97402f2,ebb5f8f9df2aa4ff9bbaec72899dae33fba2233823bb7e389bef92b3d2981900,277c7d5b5a1ac93ecb81ea4fcfa6e3f99c08f700b9df190ce68b3275a790201f
D-p5a-00-loadfix,canonical:vle_obs_0171,vle_obs_0171-pco2,Idris2014,40.0,0.45990919818396375,813.0,622.6389914818755,evaluated,28181e72e429c6e87fc6361082af1a7b21c8747e76bda65a1c30abb4a97402f2,ebb5f8f9df2aa4ff9bbaec72899dae33fba2233823bb7e389bef92b3d2981900,277c7d5b5a1ac93ecb81ea4fcfa6e3f99c08f700b9df190ce68b3275a790201f
D-p5a-00-loadfix,canonical:vle_obs_0186,vle_obs_0186-pco2,Jou1995,40.0,0.08870177403548073,1.47,1.7085643532736432,evaluated,28181e72e429c6e87fc6361082af1a7b21c8747e76bda65a1c30abb4a97402f2,ebb5f8f9df2aa4ff9bbaec72899dae33fba2233823bb7e389bef92b3d2981900,277c7d5b5a1ac93ecb81ea4fcfa6e3f99c08f700b9df190ce68b3275a790201f
D-p5a-00-loadfix,canonical:vle_obs_0187,vle_obs_0187-pco2,Jou1995,40.0,0.20290405808116183,8.959999999999999,10.19402672732964,evaluated,28181e72e429c6e87fc6361082af1a7b21c8747e76bda65a1c30abb4a97402f2,ebb5f8f9df2aa4ff9bbaec72899dae33fba2233823bb7e389bef92b3d2981900,277c7d5b5a1ac93ecb81ea4fcfa6e3f99c08f700b9df190ce68b3275a790201f
D-p5a-00-loadfix,canonical:vle_obs_0188,vle_obs_0188-pco2,Jou1995,40.0,0.3649072981459632,67.7,85.99510186648381,evaluated,28181e72e429c6e87fc6361082af1a7b21c8747e76bda65a1c30abb4a97402f2,ebb5f8f9df2aa4ff9bbaec72899dae33fba2233823bb7e389bef92b3d2981900,277c7d5b5a1ac93ecb81ea4fcfa6e3f99c08f700b9df190ce68b3275a790201f
D-p5a-00-loadfix,canonical:vle_obs_0189,vle_obs_0189-pco2,Jou1995,40.0,0.47340946818936375,604.0,925.042447349321,evaluated,28181e72e429c6e87fc6361082af1a7b21c8747e76bda65a1c30abb4a97402f2,ebb5f8f9df2aa4ff9bbaec72899dae33fba2233823bb7e389bef92b3d2981900,277c7d5b5a1ac93ecb81ea4fcfa6e3f99c08f700b9df190ce68b3275a790201f
D-p5a-00-loadfix,canonical:vle_obs_0190,vle_obs_0190-pco2,Jou1995,40.0,0.5129102582051642,2570.0,3334.270643859141,evaluated,28181e72e429c6e87fc6361082af1a7b21c8747e76bda65a1c30abb4a97402f2,ebb5f8f9df2aa4ff9bbaec72899dae33fba2233823bb7e389bef92b3d2981900,277c7d5b5a1ac93ecb81ea4fcfa6e3f99c08f700b9df190ce68b3275a790201f
D-p5a-00-loadfix,canonical:vle_obs_0191,vle_obs_0191-pco2,Jou1995,40.0,0.5569111382227646,8090.0,12156.725538115004,evaluated,28181e72e429c6e87fc6361082af1a7b21c8747e76bda65a1c30abb4a97402f2,ebb5f8f9df2aa4ff9bbaec72899dae33fba2233823bb7e389bef92b3d2981900,277c7d5b5a1ac93ecb81ea4fcfa6e3f99c08f700b9df190ce68b3275a790201f
D-p5a-00-loadfix,canonical:vle_obs_0192,vle_obs_0192-pco2,Jou1995,40.0,0.6089121782435649,36100.0,36701.69787366098,evaluated,28181e72e429c6e87fc6361082af1a7b21c8747e76bda65a1c30abb4a97402f2,ebb5f8f9df2aa4ff9bbaec72899dae33fba2233823bb7e389bef92b3d2981900,277c7d5b5a1ac93ecb81ea4fcfa6e3f99c08f700b9df190ce68b3275a790201f
D-p5a-00-loadfix,canonical:vle_obs_0193,vle_obs_0193-pco2,Jou1995,40.0,0.6419128382567653,103000.0,62124.21652594023,evaluated,28181e72e429c6e87fc6361082af1a7b21c8747e76bda65a1c30abb4a97402f2,ebb5f8f9df2aa4ff9bbaec72899dae33fba2233823bb7e389bef92b3d2981900,277c7d5b5a1ac93ecb81ea4fcfa6e3f99c08f700b9df190ce68b3275a790201f
D-p5a-00-loadfix,canonical:vle_obs_0194,vle_obs_0194-pco2,Jou1995,60.0,0.056301126022520444,4.28,4.407252633053301,evaluated,28181e72e429c6e87fc6361082af1a7b21c8747e76bda65a1c30abb4a97402f2,ebb5f8f9df2aa4ff9bbaec72899dae33fba2233823bb7e389bef92b3d2981900,277c7d5b5a1ac93ecb81ea4fcfa6e3f99c08f700b9df190ce68b3275a790201f
D-p5a-00-loadfix,canonical:vle_obs_0195,vle_obs_0195-pco2,Jou1995,60.0,0.11890237804756117,19.3,18.673525638667492,evaluated,28181e72e429c6e87fc6361082af1a7b21c8747e76bda65a1c30abb4a97402f2,ebb5f8f9df2aa4ff9bbaec72899dae33fba2233823bb7e389bef92b3d2981900,277c7d5b5a1ac93ecb81ea4fcfa6e3f99c08f700b9df190ce68b3275a790201f
D-p5a-00-loadfix,canonical:vle_obs_0196,vle_obs_0196-pco2,Jou1995,60.0,0.20590411808236167,57.9,67.46688176019944,evaluated,28181e72e429c6e87fc6361082af1a7b21c8747e76bda65a1c30abb4a97402f2,ebb5f8f9df2aa4ff9bbaec72899dae33fba2233823bb7e389bef92b3d2981900,277c7d5b5a1ac93ecb81ea4fcfa6e3f99c08f700b9df190ce68b3275a790201f
D-p5a-00-loadfix,canonical:vle_obs_0197,vle_obs_0197-pco2,Jou1995,60.0,0.3889077781555634,528.0,859.44087111773,evaluated,28181e72e429c6e87fc6361082af1a7b21c8747e76bda65a1c30abb4a97402f2,ebb5f8f9df2aa4ff9bbaec72899dae33fba2233823bb7e389bef92b3d2981900,277c7d5b5a1ac93ecb81ea4fcfa6e3f99c08f700b9df190ce68b3275a790201f
D-p5a-00-loadfix,canonical:vle_obs_0198,vle_obs_0198-pco2,Jou1995,60.0,0.43790875817516334,2009.9999999999998,2244.8630671886003,evaluated,28181e72e429c6e87fc6361082af1a7b21c8747e76bda65a1c30abb4a97402f2,ebb5f8f9df2aa4ff9bbaec72899dae33fba2233823bb7e389bef92b3d2981900,277c7d5b5a1ac93ecb81ea4fcfa6e3f99c08f700b9df190ce68b3275a790201f
D-p5a-00-loadfix,canonical:vle_obs_0199,vle_obs_0199-pco2,Jou1995,60.0,0.5039100782015641,11000.0,11986.299408503597,evaluated,28181e72e429c6e87fc6361082af1a7b21c8747e76bda65a1c30abb4a97402f2,ebb5f8f9df2aa4ff9bbaec72899dae33fba2233823bb7e389bef92b3d2981900,277c7d5b5a1ac93ecb81ea4fcfa6e3f99c08f700b9df190ce68b3275a790201f
D-p5a-00-loadfix,canonical:vle_obs_0200,vle_obs_0200-pco2,Jou1995,60.0,0.5609112182243646,34000.0,48744.48854102823,evaluated,28181e72e429c6e87fc6361082af1a7b21c8747e76bda65a1c30abb4a97402f2,ebb5f8f9df2aa4ff9bbaec72899dae33fba2233823bb7e389bef92b3d2981900,277c7d5b5a1ac93ecb81ea4fcfa6e3f99c08f700b9df190ce68b3275a790201f
D-p5a-00-loadfix,canonical:vle_obs_0201,vle_obs_0201-pco2,Jou1995,60.0,0.5789115782315648,82000.0,69713.28923146623,evaluated,28181e72e429c6e87fc6361082af1a7b21c8747e76bda65a1c30abb4a97402f2,ebb5f8f9df2aa4ff9bbaec72899dae33fba2233823bb7e389bef92b3d2981900,277c7d5b5a1ac93ecb81ea4fcfa6e3f99c08f700b9df190ce68b3275a790201f
D-p5a-00-loadfix,canonical:vle_obs_0202,vle_obs_0202-pco2,Jou1995,60.0,0.6679133582671652,282000.0,241770.76266962962,evaluated,28181e72e429c6e87fc6361082af1a7b21c8747e76bda65a1c30abb4a97402f2,ebb5f8f9df2aa4ff9bbaec72899dae33fba2233823bb7e389bef92b3d2981900,277c7d5b5a1ac93ecb81ea4fcfa6e3f99c08f700b9df190ce68b3275a790201f
D-p5a-00-loadfix,canonical:vle_obs_0203,vle_obs_0203-pco2,Jou1995,80.0,0.017300346006920278,2.96,2.8720673097077585,evaluated,28181e72e429c6e87fc6361082af1a7b21c8747e76bda65a1c30abb4a97402f2,ebb5f8f9df2aa4ff9bbaec72899dae33fba2233823bb7e389bef92b3d2981900,277c7d5b5a1ac93ecb81ea4fcfa6e3f99c08f700b9df190ce68b3275a790201f
D-p5a-00-loadfix,canonical:vle_obs_0204,vle_obs_0204-pco2,Jou1995,80.0,0.023500470009400122,4.84,4.92430182910503,evaluated,28181e72e429c6e87fc6361082af1a7b21c8747e76bda65a1c30abb4a97402f2,ebb5f8f9df2aa4ff9bbaec72899dae33fba2233823bb7e389bef92b3d2981900,277c7d5b5a1ac93ecb81ea4fcfa6e3f99c08f700b9df190ce68b3275a790201f
D-p5a-00-loadfix,canonical:vle_obs_0205,vle_obs_0205-pco2,Jou1995,80.0,0.07800156003120057,46.5,43.55820446079065,evaluated,28181e72e429c6e87fc6361082af1a7b21c8747e76bda65a1c30abb4a97402f2,ebb5f8f9df2aa4ff9bbaec72899dae33fba2233823bb7e389bef92b3d2981900,277c7d5b5a1ac93ecb81ea4fcfa6e3f99c08f700b9df190ce68b3275a790201f
D-p5a-00-loadfix,canonical:vle_obs_0206,vle_obs_0206-pco2,Jou1995,80.0,0.11790235804716105,99.2,100.0558421949997,evaluated,28181e72e429c6e87fc6361082af1a7b21c8747e76bda65a1c30abb4a97402f2,ebb5f8f9df2aa4ff9bbaec72899dae33fba2233823bb7e389bef92b3d2981900,277c7d5b5a1ac93ecb81ea4fcfa6e3f99c08f700b9df190ce68b3275a790201f
D-p5a-00-loadfix,canonical:vle_obs_0207,vle_obs_0207-pco2,Jou1995,80.0,0.18690373807476168,278.0,292.23496480508913,evaluated,28181e72e429c6e87fc6361082af1a7b21c8747e76bda65a1c30abb4a97402f2,ebb5f8f9df2aa4ff9bbaec72899dae33fba2233823bb7e389bef92b3d2981900,277c7d5b5a1ac93ecb81ea4fcfa6e3f99c08f700b9df190ce68b3275a790201f
D-p5a-00-loadfix,canonical:vle_obs_0208,vle_obs_0208-pco2,Jou1995,80.0,0.3479069581391629,2670.0,2586.990643222846,evaluated,28181e72e429c6e87fc6361082af1a7b21c8747e76bda65a1c30abb4a97402f2,ebb5f8f9df2aa4ff9bbaec72899dae33fba2233823bb7e389bef92b3d2981900,277c7d5b5a1ac93ecb81ea4fcfa6e3f99c08f700b9df190ce68b3275a790201f
D-p5a-00-loadfix,canonical:vle_obs_0209,vle_obs_0209-pco2,Jou1995,80.0,0.45990919818396375,16000.0,19423.455441144622,evaluated,28181e72e429c6e87fc6361082af1a7b21c8747e76bda65a1c30abb4a97402f2,ebb5f8f9df2aa4ff9bbaec72899dae33fba2233823bb7e389bef92b3d2981900,277c7d5b5a1ac93ecb81ea4fcfa6e3f99c08f700b9df190ce68b3275a790201f
D-p5a-00-loadfix,canonical:vle_obs_0210,vle_obs_0210-pco2,Jou1995,80.0,0.5169103382067642,56000.0,68614.12959756213,evaluated,28181e72e429c6e87fc6361082af1a7b21c8747e76bda65a1c30abb4a97402f2,ebb5f8f9df2aa4ff9bbaec72899dae33fba2233823bb7e389bef92b3d2981900,277c7d5b5a1ac93ecb81ea4fcfa6e3f99c08f700b9df190ce68b3275a790201f
D-p5a-00-loadfix,canonical:vle_obs_0211,vle_obs_0211-pco2,Jou1995,80.0,0.5784115682313646,235000.0,212539.5550482383,evaluated,28181e72e429c6e87fc6361082af1a7b21c8747e76bda65a1c30abb4a97402f2,ebb5f8f9df2aa4ff9bbaec72899dae33fba2233823bb7e389bef92b3d2981900,277c7d5b5a1ac93ecb81ea4fcfa6e3f99c08f700b9df190ce68b3275a790201f
D-p5a-00-loadfix,canonical:vle_obs_0212,vle_obs_0212-pco2,Jou1995,80.0,0.639912798255965,558000.0,448620.523949385,evaluated,28181e72e429c6e87fc6361082af1a7b21c8747e76bda65a1c30abb4a97402f2,ebb5f8f9df2aa4ff9bbaec72899dae33fba2233823bb7e389bef92b3d2981900,277c7d5b5a1ac93ecb81ea4fcfa6e3f99c08f700b9df190ce68b3275a790201f
D-p5a-00-loadfix,canonical:vle_obs_0213,vle_obs_0213-pco2,Jou1995,80.0,0.6889137782755653,958000.0,669792.1759671043,evaluated,28181e72e429c6e87fc6361082af1a7b21c8747e76bda65a1c30abb4a97402f2,ebb5f8f9df2aa4ff9bbaec72899dae33fba2233823bb7e389bef92b3d2981900,277c7d5b5a1ac93ecb81ea4fcfa6e3f99c08f700b9df190ce68b3275a790201f
D-p5a-00-loadfix,canonical:vle_obs_0214,vle_obs_0214-pco2,Jou1995,100.0,0.011600232004640273,7.24,6.8572877573027196,evaluated,28181e72e429c6e87fc6361082af1a7b21c8747e76bda65a1c30abb4a97402f2,ebb5f8f9df2aa4ff9bbaec72899dae33fba2233823bb7e389bef92b3d2981900,277c7d5b5a1ac93ecb81ea4fcfa6e3f99c08f700b9df190ce68b3275a790201f
D-p5a-00-loadfix,canonical:vle_obs_0215,vle_obs_0215-pco2,Jou1995,100.0,0.05650113002260046,136.0,115.06890575289245,evaluated,28181e72e429c6e87fc6361082af1a7b21c8747e76bda65a1c30abb4a97402f2,ebb5f8f9df2aa4ff9bbaec72899dae33fba2233823bb7e389bef92b3d2981900,277c7d5b5a1ac93ecb81ea4fcfa6e3f99c08f700b9df190ce68b3275a790201f
D-p5a-00-loadfix,canonical:vle_obs_0216,vle_obs_0216-pco2,Jou1995,100.0,0.18790375807516135,1430.0,1486.2316538696148,evaluated,28181e72e429c6e87fc6361082af1a7b21c8747e76bda65a1c30abb4a97402f2,ebb5f8f9df2aa4ff9bbaec72899dae33fba2233823bb7e389bef92b3d2981900,277c7d5b5a1ac93ecb81ea4fcfa6e3f99c08f700b9df190ce68b3275a790201f
D-p5a-00-loadfix,canonical:vle_obs_0217,vle_obs_0217-pco2,Jou1995,100.0,0.3809076181523633,19000.0,21915.243317894183,evaluated,28181e72e429c6e87fc6361082af1a7b21c8747e76bda65a1c30abb4a97402f2,ebb5f8f9df2aa4ff9bbaec72899dae33fba2233823bb7e389bef92b3d2981900,277c7d5b5a1ac93ecb81ea4fcfa6e3f99c08f700b9df190ce68b3275a790201f
D-p5a-00-loadfix,canonical:vle_obs_0218,vle_obs_0218-pco2,Jou1995,100.0,0.4219084381687632,39000.0,43357.51163588983,evaluated,28181e72e429c6e87fc6361082af1a7b21c8747e76bda65a1c30abb4a97402f2,ebb5f8f9df2aa4ff9bbaec72899dae33fba2233823bb7e389bef92b3d2981900,277c7d5b5a1ac93ecb81ea4fcfa6e3f99c08f700b9df190ce68b3275a790201f
D-p5a-00-loadfix,canonical:vle_obs_0219,vle_obs_0219-pco2,Jou1995,100.0,0.4769095381907639,69000.0,117576.09319844376,evaluated,28181e72e429c6e87fc6361082af1a7b21c8747e76bda65a1c30abb4a97402f2,ebb5f8f9df2aa4ff9bbaec72899dae33fba2233823bb7e389bef92b3d2981900,277c7d5b5a1ac93ecb81ea4fcfa6e3f99c08f700b9df190ce68b3275a790201f
D-p5a-00-loadfix,canonical:vle_obs_0220,vle_obs_0220-pco2,Jou1995,100.0,0.48090961819236394,109000.0,126484.30054104776,evaluated,28181e72e429c6e87fc6361082af1a7b21c8747e76bda65a1c30abb4a97402f2,ebb5f8f9df2aa4ff9bbaec72899dae33fba2233823bb7e389bef92b3d2981900,277c7d5b5a1ac93ecb81ea4fcfa6e3f99c08f700b9df190ce68b3275a790201f
D-p5a-00-loadfix,canonical:vle_obs_0221,vle_obs_0221-pco2,Jou1995,100.0,0.5709114182283648,509000.0,507092.615519642,evaluated,28181e72e429c6e87fc6361082af1a7b21c8747e76bda65a1c30abb4a97402f2,ebb5f8f9df2aa4ff9bbaec72899dae33fba2233823bb7e389bef92b3d2981900,277c7d5b5a1ac93ecb81ea4fcfa6e3f99c08f700b9df190ce68b3275a790201f
D-p5a-00-loadfix,canonical:vle_obs_0222,vle_obs_0222-pco2,Jou1995,100.0,0.5889117782355647,376000.0,619130.9793733316,evaluated,28181e72e429c6e87fc6361082af1a7b21c8747e76bda65a1c30abb4a97402f2,ebb5f8f9df2aa4ff9bbaec72899dae33fba2233823bb7e389bef92b3d2981900,277c7d5b5a1ac93ecb81ea4fcfa6e3f99c08f700b9df190ce68b3275a790201f
D-p5a-00-loadfix,canonical:vle_obs_0223,vle_obs_0223-pco2,Jou1995,100.0,0.6134122682453649,909000.0,782433.4116783363,evaluated,28181e72e429c6e87fc6361082af1a7b21c8747e76bda65a1c30abb4a97402f2,ebb5f8f9df2aa4ff9bbaec72899dae33fba2233823bb7e389bef92b3d2981900,277c7d5b5a1ac93ecb81ea4fcfa6e3f99c08f700b9df190ce68b3275a790201f
D-p5a-00-loadfix,canonical:vle_obs_0224,vle_obs_0224-pco2,Jou1995,120.0,0.003230064601291971,2.02,3.3592925735299852,evaluated,28181e72e429c6e87fc6361082af1a7b21c8747e76bda65a1c30abb4a97402f2,ebb5f8f9df2aa4ff9bbaec72899dae33fba2233823bb7e389bef92b3d2981900,277c7d5b5a1ac93ecb81ea4fcfa6e3f99c08f700b9df190ce68b3275a790201f
D-p5a-00-loadfix,canonical:vle_obs_0225,vle_obs_0225-pco2,Jou1995,120.0,0.01110022200443999,22.1,28.01336814806421,evaluated,28181e72e429c6e87fc6361082af1a7b21c8747e76bda65a1c30abb4a97402f2,ebb5f8f9df2aa4ff9bbaec72899dae33fba2233823bb7e389bef92b3d2981900,277c7d5b5a1ac93ecb81ea4fcfa6e3f99c08f700b9df190ce68b3275a790201f
D-p5a-00-loadfix,canonical:vle_obs_0226,vle_obs_0226-pco2,Jou1995,120.0,0.02460049200984003,98.4,113.65005052664537,evaluated,28181e72e429c6e87fc6361082af1a7b21c8747e76bda65a1c30abb4a97402f2,ebb5f8f9df2aa4ff9bbaec72899dae33fba2233823bb7e389bef92b3d2981900,277c7d5b5a1ac93ecb81ea4fcfa6e3f99c08f700b9df190ce68b3275a790201f
D-p5a-00-loadfix,canonical:vle_obs_0227,vle_obs_0227-pco2,Jou1995,120.0,0.11890237804756117,2290.0,2254.984248914434,evaluated,28181e72e429c6e87fc6361082af1a7b21c8747e76bda65a1c30abb4a97402f2,ebb5f8f9df2aa4ff9bbaec72899dae33fba2233823bb7e389bef92b3d2981900,277c7d5b5a1ac93ecb81ea4fcfa6e3f99c08f700b9df190ce68b3275a790201f
D-p5a-00-loadfix,canonical:vle_obs_0228,vle_obs_0228-pco2,Jou1995,120.0,0.348906978139563,46800.0,61003.66161473355,evaluated,28181e72e429c6e87fc6361082af1a7b21c8747e76bda65a1c30abb4a97402f2,ebb5f8f9df2aa4ff9bbaec72899dae33fba2233823bb7e389bef92b3d2981900,277c7d5b5a1ac93ecb81ea4fcfa6e3f99c08f700b9df190ce68b3275a790201f
D-p5a-00-loadfix,canonical:vle_obs_0229,vle_obs_0229-pco2,Jou1995,120.0,0.4114082281645635,122000.0,152050.96654753046,evaluated,28181e72e429c6e87fc6361082af1a7b21c8747e76bda65a1c30abb4a97402f2,ebb5f8f9df2aa4ff9bbaec72899dae33fba2233823bb7e389bef92b3d2981900,277c7d5b5a1ac93ecb81ea4fcfa6e3f99c08f700b9df190ce68b3275a790201f
D-p5a-00-loadfix,canonical:vle_obs_0230,vle_obs_0230-pco2,Jou1995,120.0,0.44390887817756364,222000.0,246964.01864000116,evaluated,28181e72e429c6e87fc6361082af1a7b21c8747e76bda65a1c30abb4a97402f2,ebb5f8f9df2aa4ff9bbaec72899dae33fba2233823bb7e389bef92b3d2981900,277c7d5b5a1ac93ecb81ea4fcfa6e3f99c08f700b9df190ce68b3275a790201f
D-p5a-00-loadfix,canonical:vle_obs_0231,vle_obs_0231-pco2,Jou1995,120.0,0.4729094581891639,422000.0,374731.29182987957,evaluated,28181e72e429c6e87fc6361082af1a7b21c8747e76bda65a1c30abb4a97402f2,ebb5f8f9df2aa4ff9bbaec72899dae33fba2233823bb7e389bef92b3d2981900,277c7d5b5a1ac93ecb81ea4fcfa6e3f99c08f700b9df190ce68b3275a790201f
D-p5a-00-loadfix,canonical:vle_obs_0232,vle_obs_0232-pco2,Jou1995,120.0,0.5359107182143643,822000.0,809022.697816872,evaluated,28181e72e429c6e87fc6361082af1a7b21c8747e76bda65a1c30abb4a97402f2,ebb5f8f9df2aa4ff9bbaec72899dae33fba2233823bb7e389bef92b3d2981900,277c7d5b5a1ac93ecb81ea4fcfa6e3f99c08f700b9df190ce68b3275a790201f
D-p5a-00-loadfix,canonical:vle_obs_0233,vle_obs_0233-pco2,Jou1995,120.0,0.6389127782555654,2804000.0,1790875.850760521,evaluated,28181e72e429c6e87fc6361082af1a7b21c8747e76bda65a1c30abb4a97402f2,ebb5f8f9df2aa4ff9bbaec72899dae33fba2233823bb7e389bef92b3d2981900,277c7d5b5a1ac93ecb81ea4fcfa6e3f99c08f700b9df190ce68b3275a790201f
D-p5a-00-loadfix,canonical:vle_obs_0246,vle_obs_0246-pco2,Mamun2005,120.0,0.15490309806196145,7354.0,4139.843245556864,evaluated,28181e72e429c6e87fc6361082af1a7b21c8747e76bda65a1c30abb4a97402f2,ebb5f8f9df2aa4ff9bbaec72899dae33fba2233823bb7e389bef92b3d2981900,277c7d5b5a1ac93ecb81ea4fcfa6e3f99c08f700b9df190ce68b3275a790201f
D-p5a-00-loadfix,canonical:vle_obs_0247,vle_obs_0247-pco2,Mamun2005,120.0,0.17650353007060163,9314.0,5744.225356975854,evaluated,28181e72e429c6e87fc6361082af1a7b21c8747e76bda65a1c30abb4a97402f2,ebb5f8f9df2aa4ff9bbaec72899dae33fba2233823bb7e389bef92b3d2981900,277c7d5b5a1ac93ecb81ea4fcfa6e3f99c08f700b9df190ce68b3275a790201f
D-p5a-00-loadfix,canonical:vle_obs_0248,vle_obs_0248-pco2,Mamun2005,120.0,0.18420368407368168,9045.0,6426.819389343457,evaluated,28181e72e429c6e87fc6361082af1a7b21c8747e76bda65a1c30abb4a97402f2,ebb5f8f9df2aa4ff9bbaec72899dae33fba2233823bb7e389bef92b3d2981900,277c7d5b5a1ac93ecb81ea4fcfa6e3f99c08f700b9df190ce68b3275a790201f
D-p5a-00-loadfix,canonical:vle_obs_0249,vle_obs_0249-pco2,Mamun2005,120.0,0.20840416808336187,15510.0,9046.336143925175,evaluated,28181e72e429c6e87fc6361082af1a7b21c8747e76bda65a1c30abb4a97402f2,ebb5f8f9df2aa4ff9bbaec72899dae33fba2233823bb7e389bef92b3d2981900,277c7d5b5a1ac93ecb81ea4fcfa6e3f99c08f700b9df190ce68b3275a790201f
D-p5a-00-loadfix,canonical:vle_obs_0250,vle_obs_0250-pco2,Mamun2005,120.0,0.23250465009300206,19620.0,12572.273893822701,evaluated,28181e72e429c6e87fc6361082af1a7b21c8747e76bda65a1c30abb4a97402f2,ebb5f8f9df2aa4ff9bbaec72899dae33fba2233823bb7e389bef92b3d2981900,277c7d5b5a1ac93ecb81ea4fcfa6e3f99c08f700b9df190ce68b3275a790201f
D-p5a-00-loadfix,canonical:vle_obs_0251,vle_obs_0251-pco2,Mamun2005,120.0,0.23800476009520216,25200.0,13539.618598801222,evaluated,28181e72e429c6e87fc6361082af1a7b21c8747e76bda65a1c30abb4a97402f2,ebb5f8f9df2aa4ff9bbaec72899dae33fba2233823bb7e389bef92b3d2981900,277c7d5b5a1ac93ecb81ea4fcfa6e3f99c08f700b9df190ce68b3275a790201f
D-p5a-00-loadfix,canonical:vle_obs_0252,vle_obs_0252-pco2,Mamun2005,120.0,0.2559051181023623,27710.0,17209.68188333295,evaluated,28181e72e429c6e87fc6361082af1a7b21c8747e76bda65a1c30abb4a97402f2,ebb5f8f9df2aa4ff9bbaec72899dae33fba2233823bb7e389bef92b3d2981900,277c7d5b5a1ac93ecb81ea4fcfa6e3f99c08f700b9df190ce68b3275a790201f
D-p5a-00-loadfix,canonical:vle_obs_0253,vle_obs_0253-pco2,Mamun2005,120.0,0.2900058001160026,39180.0,27153.80961975064,evaluated,28181e72e429c6e87fc6361082af1a7b21c8747e76bda65a1c30abb4a97402f2,ebb5f8f9df2aa4ff9bbaec72899dae33fba2233823bb7e389bef92b3d2981900,277c7d5b5a1ac93ecb81ea4fcfa6e3f99c08f700b9df190ce68b3275a790201f
D-p5a-00-loadfix,canonical:vle_obs_0254,vle_obs_0254-pco2,Mamun2005,120.0,0.2966059321186426,40400.0,29676.23555329026,evaluated,28181e72e429c6e87fc6361082af1a7b21c8747e76bda65a1c30abb4a97402f2,ebb5f8f9df2aa4ff9bbaec72899dae33fba2233823bb7e389bef92b3d2981900,277c7d5b5a1ac93ecb81ea4fcfa6e3f99c08f700b9df190ce68b3275a790201f
D-p5a-00-loadfix,canonical:vle_obs_0255,vle_obs_0255-pco2,Mamun2005,120.0,0.30030600612012265,43490.0,31196.057106216118,evaluated,28181e72e429c6e87fc6361082af1a7b21c8747e76bda65a1c30abb4a97402f2,ebb5f8f9df2aa4ff9bbaec72899dae33fba2233823bb7e389bef92b3d2981900,277c7d5b5a1ac93ecb81ea4fcfa6e3f99c08f700b9df190ce68b3275a790201f
D-p5a-00-loadfix,canonical:vle_obs_0256,vle_obs_0256-pco2,Mamun2005,120.0,0.31240624812496276,51820.0,36763.85032002711,evaluated,28181e72e429c6e87fc6361082af1a7b21c8747e76bda65a1c30abb4a97402f2,ebb5f8f9df2aa4ff9bbaec72899dae33fba2233823bb7e389bef92b3d2981900,277c7d5b5a1ac93ecb81ea4fcfa6e3f99c08f700b9df190ce68b3275a790201f
D-p5a-00-loadfix,canonical:vle_obs_0257,vle_obs_0257-pco2,Mamun2005,120.0,0.3190063801276028,58570.0,40235.79287368612,evaluated,28181e72e429c6e87fc6361082af1a7b21c8747e76bda65a1c30abb4a97402f2,ebb5f8f9df2aa4ff9bbaec72899dae33fba2233823bb7e389bef92b3d2981900,277c7d5b5a1ac93ecb81ea4fcfa6e3f99c08f700b9df190ce68b3275a790201f
D-p5a-00-loadfix,canonical:vle_obs_0258,vle_obs_0258-pco2,Mamun2005,120.0,0.32970659413188286,62880.0,46628.85456226753,evaluated,28181e72e429c6e87fc6361082af1a7b21c8747e76bda65a1c30abb4a97402f2,ebb5f8f9df2aa4ff9bbaec72899dae33fba2233823bb7e389bef92b3d2981900,277c7d5b5a1ac93ecb81ea4fcfa6e3f99c08f700b9df190ce68b3275a790201f
D-p5a-00-loadfix,canonical:vle_obs_0259,vle_obs_0259-pco2,Mamun2005,120.0,0.34230684613692297,77590.0,55585.89452483083,evaluated,28181e72e429c6e87fc6361082af1a7b21c8747e76bda65a1c30abb4a97402f2,ebb5f8f9df2aa4ff9bbaec72899dae33fba2233823bb7e389bef92b3d2981900,277c7d5b5a1ac93ecb81ea4fcfa6e3f99c08f700b9df190ce68b3275a790201f
D-p5a-00-loadfix,canonical:vle_obs_0260,vle_obs_0260-pco2,Mamun2005,120.0,0.34230684613692297,74950.0,55585.89452483083,evaluated,28181e72e429c6e87fc6361082af1a7b21c8747e76bda65a1c30abb4a97402f2,ebb5f8f9df2aa4ff9bbaec72899dae33fba2233823bb7e389bef92b3d2981900,277c7d5b5a1ac93ecb81ea4fcfa6e3f99c08f700b9df190ce68b3275a790201f
D-p5a-00-loadfix,canonical:vle_obs_0261,vle_obs_0261-pco2,Mamun2005,120.0,0.349906998139963,83610.0,61873.10944366265,evaluated,28181e72e429c6e87fc6361082af1a7b21c8747e76bda65a1c30abb4a97402f2,ebb5f8f9df2aa4ff9bbaec72899dae33fba2233823bb7e389bef92b3d2981900,277c7d5b5a1ac93ecb81ea4fcfa6e3f99c08f700b9df190ce68b3275a790201f
D-p5a-00-loadfix,canonical:vle_obs_0262,vle_obs_0262-pco2,Mamun2005,120.0,0.3593071861437231,92790.0,70732.23413108857,evaluated,28181e72e429c6e87fc6361082af1a7b21c8747e76bda65a1c30abb4a97402f2,ebb5f8f9df2aa4ff9bbaec72899dae33fba2233823bb7e389bef92b3d2981900,277c7d5b5a1ac93ecb81ea4fcfa6e3f99c08f700b9df190ce68b3275a790201f
D-p5a-00-loadfix,canonical:vle_obs_0263,vle_obs_0263-pco2,Mamun2005,120.0,0.38810776215524334,137900.0,107515.39165162148,evaluated,28181e72e429c6e87fc6361082af1a7b21c8747e76bda65a1c30abb4a97402f2,ebb5f8f9df2aa4ff9bbaec72899dae33fba2233823bb7e389bef92b3d2981900,277c7d5b5a1ac93ecb81ea4fcfa6e3f99c08f700b9df190ce68b3275a790201f
D-p5a-00-loadfix,canonical:vle_obs_0264,vle_obs_0264-pco2,Mamun2005,120.0,0.4181083621672436,191900.0,168096.98344479836,evaluated,28181e72e429c6e87fc6361082af1a7b21c8747e76bda65a1c30abb4a97402f2,ebb5f8f9df2aa4ff9bbaec72899dae33fba2233823bb7e389bef92b3d2981900,277c7d5b5a1ac93ecb81ea4fcfa6e3f99c08f700b9df190ce68b3275a790201f
D-p5a-00-loadfix,canonical:vle_obs_0265,vle_obs_0265-pco2,Xu2011,100.0,0.3879077581551634,34000.0,24505.70980359918,evaluated,28181e72e429c6e87fc6361082af1a7b21c8747e76bda65a1c30abb4a97402f2,ebb5f8f9df2aa4ff9bbaec72899dae33fba2233823bb7e389bef92b3d2981900,277c7d5b5a1ac93ecb81ea4fcfa6e3f99c08f700b9df190ce68b3275a790201f
D-p5a-00-loadfix,canonical:vle_obs_0266,vle_obs_0266-pco2,Xu2011,100.0,0.42390847816956323,101000.0,44901.14515086857,evaluated,28181e72e429c6e87fc6361082af1a7b21c8747e76bda65a1c30abb4a97402f2,ebb5f8f9df2aa4ff9bbaec72899dae33fba2233823bb7e389bef92b3d2981900,277c7d5b5a1ac93ecb81ea4fcfa6e3f99c08f700b9df190ce68b3275a790201f
D-p5a-00-loadfix,canonical:vle_obs_0267,vle_obs_0267-pco2,Xu2011,100.0,0.42490849816996323,86000.0,45695.97386984321,evaluated,28181e72e429c6e87fc6361082af1a7b21c8747e76bda65a1c30abb4a97402f2,ebb5f8f9df2aa4ff9bbaec72899dae33fba2233823bb7e389bef92b3d2981900,277c7d5b5a1ac93ecb81ea4fcfa6e3f99c08f700b9df190ce68b3275a790201f
D-p5a-00-loadfix,canonical:vle_obs_0268,vle_obs_0268-pco2,Xu2011,100.0,0.5009100182003642,167000.0,180762.80457451343,evaluated,28181e72e429c6e87fc6361082af1a7b21c8747e76bda65a1c30abb4a97402f2,ebb5f8f9df2aa4ff9bbaec72899dae33fba2233823bb7e389bef92b3d2981900,277c7d5b5a1ac93ecb81ea4fcfa6e3f99c08f700b9df190ce68b3275a790201f
D-p5a-00-loadfix,canonical:vle_obs_0269,vle_obs_0269-pco2,Xu2011,100.0,0.5199103982079644,233000.0,248668.28324589334,evaluated,28181e72e429c6e87fc6361082af1a7b21c8747e76bda65a1c30abb4a97402f2,ebb5f8f9df2aa4ff9bbaec72899dae33fba2233823bb7e389bef92b3d2981900,277c7d5b5a1ac93ecb81ea4fcfa6e3f99c08f700b9df190ce68b3275a790201f
D-p5a-00-loadfix,canonical:vle_obs_0270,vle_obs_0270-pco2,Xu2011,100.0,0.31490629812596277,16000.0,8281.849617506568,evaluated,28181e72e429c6e87fc6361082af1a7b21c8747e76bda65a1c30abb4a97402f2,ebb5f8f9df2aa4ff9bbaec72899dae33fba2233823bb7e389bef92b3d2981900,277c7d5b5a1ac93ecb81ea4fcfa6e3f99c08f700b9df190ce68b3275a790201f
D-p5a-00-loadfix,canonical:vle_obs_0271,vle_obs_0271-pco2,Xu2011,100.0,0.4749094981899639,95000.0,113346.52016054494,evaluated,28181e72e429c6e87fc6361082af1a7b21c8747e76bda65a1c30abb4a97402f2,ebb5f8f9df2aa4ff9bbaec72899dae33fba2233823bb7e389bef92b3d2981900,277c7d5b5a1ac93ecb81ea4fcfa6e3f99c08f700b9df190ce68b3275a790201f
D-p5a-00-loadfix,canonical:vle_obs_0272,vle_obs_0272-pco2,Xu2011,100.0,0.31490629812596277,12000.0,8281.849617506568,evaluated,28181e72e429c6e87fc6361082af1a7b21c8747e76bda65a1c30abb4a97402f2,ebb5f8f9df2aa4ff9bbaec72899dae33fba2233823bb7e389bef92b3d2981900,277c7d5b5a1ac93ecb81ea4fcfa6e3f99c08f700b9df190ce68b3275a790201f
D-p5a-00-loadfix,canonical:vle_obs_0279,vle_obs_0279-pco2,Xu2011,120.0,0.3699073981479632,63000.0,82394.67200636657,evaluated,28181e72e429c6e87fc6361082af1a7b21c8747e76bda65a1c30abb4a97402f2,ebb5f8f9df2aa4ff9bbaec72899dae33fba2233823bb7e389bef92b3d2981900,277c7d5b5a1ac93ecb81ea4fcfa6e3f99c08f700b9df190ce68b3275a790201f
D-p5a-00-loadfix,canonical:vle_obs_0280,vle_obs_0280-pco2,Xu2011,120.0,0.3849076981539633,108000.0,102565.14382567022,evaluated,28181e72e429c6e87fc6361082af1a7b21c8747e76bda65a1c30abb4a97402f2,ebb5f8f9df2aa4ff9bbaec72899dae33fba2233823bb7e389bef92b3d2981900,277c7d5b5a1ac93ecb81ea4fcfa6e3f99c08f700b9df190ce68b3275a790201f
D-p5a-00-loadfix,canonical:vle_obs_0281,vle_obs_0281-pco2,Xu2011,120.0,0.38690773815476337,62000.0,105629.95718537192,evaluated,28181e72e429c6e87fc6361082af1a7b21c8747e76bda65a1c30abb4a97402f2,ebb5f8f9df2aa4ff9bbaec72899dae33fba2233823bb7e389bef92b3d2981900,277c7d5b5a1ac93ecb81ea4fcfa6e3f99c08f700b9df190ce68b3275a790201f
D-p5a-00-loadfix,canonical:vle_obs_0282,vle_obs_0282-pco2,Xu2011,120.0,0.4219084381687636,237000.0,177942.66160918216,evaluated,28181e72e429c6e87fc6361082af1a7b21c8747e76bda65a1c30abb4a97402f2,ebb5f8f9df2aa4ff9bbaec72899dae33fba2233823bb7e389bef92b3d2981900,277c7d5b5a1ac93ecb81ea4fcfa6e3f99c08f700b9df190ce68b3275a790201f
D-p5a-00-loadfix,canonical:vle_obs_0283,vle_obs_0283-pco2,Xu2011,120.0,0.4229084581691636,192000.0,180627.54627715005,evaluated,28181e72e429c6e87fc6361082af1a7b21c8747e76bda65a1c30abb4a97402f2,ebb5f8f9df2aa4ff9bbaec72899dae33fba2233823bb7e389bef92b3d2981900,277c7d5b5a1ac93ecb81ea4fcfa6e3f99c08f700b9df190ce68b3275a790201f
D-p5a-00-loadfix,canonical:vle_obs_0284,vle_obs_0284-pco2,Xu2011,120.0,0.49190983819676404,387000.0,483758.4591757088,evaluated,28181e72e429c6e87fc6361082af1a7b21c8747e76bda65a1c30abb4a97402f2,ebb5f8f9df2aa4ff9bbaec72899dae33fba2233823bb7e389bef92b3d2981900,277c7d5b5a1ac93ecb81ea4fcfa6e3f99c08f700b9df190ce68b3275a790201f
D-p5a-00-loadfix,canonical:vle_obs_0285,vle_obs_0285-pco2,Xu2011,120.0,0.5079101582031641,512000.0,591035.4101388574,evaluated,28181e72e429c6e87fc6361082af1a7b21c8747e76bda65a1c30abb4a97402f2,ebb5f8f9df2aa4ff9bbaec72899dae33fba2233823bb7e389bef92b3d2981900,277c7d5b5a1ac93ecb81ea4fcfa6e3f99c08f700b9df190ce68b3275a790201f
D-p5a-00-loadfix,canonical:vle_obs_0286,vle_obs_0286-pco2,Xu2011,120.0,0.31390627812556277,50000.0,37523.97369950201,evaluated,28181e72e429c6e87fc6361082af1a7b21c8747e76bda65a1c30abb4a97402f2,ebb5f8f9df2aa4ff9bbaec72899dae33fba2233823bb7e389bef92b3d2981900,277c7d5b5a1ac93ecb81ea4fcfa6e3f99c08f700b9df190ce68b3275a790201f
D-p5a-00-loadfix,canonical:vle_obs_0287,vle_obs_0287-pco2,Xu2011,120.0,0.4669093381867639,283000.0,344536.44370148744,evaluated,28181e72e429c6e87fc6361082af1a7b21c8747e76bda65a1c30abb4a97402f2,ebb5f8f9df2aa4ff9bbaec72899dae33fba2233823bb7e389bef92b3d2981900,277c7d5b5a1ac93ecb81ea4fcfa6e3f99c08f700b9df190ce68b3275a790201f
D-p5a-00-loadfix,canonical:vle_obs_0288,vle_obs_0288-pco2,Xu2011,120.0,0.31390627812556277,45000.0,37523.97369950201,evaluated,28181e72e429c6e87fc6361082af1a7b21c8747e76bda65a1c30abb4a97402f2,ebb5f8f9df2aa4ff9bbaec72899dae33fba2233823bb7e389bef92b3d2981900,277c7d5b5a1ac93ecb81ea4fcfa6e3f99c08f700b9df190ce68b3275a790201f
