variant,identity,target,source,temperature_c,loading,observed,predicted,status,engine_wheel_sha256,parameter_sha256,script_sha256
C_src,vle_obs_0119,vle_obs_0119-pco2,Hilliard2008,40.0,0.15290305806116122,5.7,5.182569997878754,evaluated,f66d972c032ce709ada69e8d8177e195c7e416800757663b7420c22bda5f6328,562b5976c7f6d44b782498480fce54bad1e3142d9541438f6d7a42a876a3df87,29f3847d4486b5353d002e62c09f7737cc30c88f1205eac20175fd3155ae4376
C_src,vle_obs_0120,vle_obs_0120-pco2,Hilliard2008,40.0,0.16290325806516132,6.64,6.11790684084593,evaluated,f66d972c032ce709ada69e8d8177e195c7e416800757663b7420c22bda5f6328,562b5976c7f6d44b782498480fce54bad1e3142d9541438f6d7a42a876a3df87,29f3847d4486b5353d002e62c09f7737cc30c88f1205eac20175fd3155ae4376
C_src,vle_obs_0121,vle_obs_0121-pco2,Hilliard2008,40.0,0.1699033980679614,7.21,6.852636708000938,evaluated,f66d972c032ce709ada69e8d8177e195c7e416800757663b7420c22bda5f6328,562b5976c7f6d44b782498480fce54bad1e3142d9541438f6d7a42a876a3df87,29f3847d4486b5353d002e62c09f7737cc30c88f1205eac20175fd3155ae4376
C_src,vle_obs_0122,vle_obs_0122-pco2,Hilliard2008,40.0,0.19090381807636156,9.950000000000001,9.528160452863206,evaluated,f66d972c032ce709ada69e8d8177e195c7e416800757663b7420c22bda5f6328,562b5976c7f6d44b782498480fce54bad1e3142d9541438f6d7a42a876a3df87,29f3847d4486b5353d002e62c09f7737cc30c88f1205eac20175fd3155ae4376
C_src,vle_obs_0123,vle_obs_0123-pco2,Hilliard2008,40.0,0.19390387807756157,9.85,9.977036924726182,evaluated,f66d972c032ce709ada69e8d8177e195c7e416800757663b7420c22bda5f6328,562b5976c7f6d44b782498480fce54bad1e3142d9541438f6d7a42a876a3df87,29f3847d4486b5353d002e62c09f7737cc30c88f1205eac20175fd3155ae4376
C_src,vle_obs_0124,vle_obs_0124-pco2,Hilliard2008,40.0,0.23190463809276188,14.6,17.62494819589743,evaluated,f66d972c032ce709ada69e8d8177e195c7e416800757663b7420c22bda5f6328,562b5976c7f6d44b782498480fce54bad1e3142d9541438f6d7a42a876a3df87,29f3847d4486b5353d002e62c09f7737cc30c88f1205eac20175fd3155ae4376
C_src,vle_obs_0125,vle_obs_0125-pco2,Hilliard2008,40.0,0.24590491809836199,19.099999999999998,21.65883337253815,evaluated,f66d972c032ce709ada69e8d8177e195c7e416800757663b7420c22bda5f6328,562b5976c7f6d44b782498480fce54bad1e3142d9541438f6d7a42a876a3df87,29f3847d4486b5353d002e62c09f7737cc30c88f1205eac20175fd3155ae4376
C_src,vle_obs_0126,vle_obs_0126-pco2,Hilliard2008,40.0,0.2689053781075622,23.099999999999998,30.391043197905766,evaluated,f66d972c032ce709ada69e8d8177e195c7e416800757663b7420c22bda5f6328,562b5976c7f6d44b782498480fce54bad1e3142d9541438f6d7a42a876a3df87,29f3847d4486b5353d002e62c09f7737cc30c88f1205eac20175fd3155ae4376
C_src,vle_obs_0127,vle_obs_0127-pco2,Hilliard2008,40.0,0.2719054381087622,22.4,31.770537423453113,evaluated,f66d972c032ce709ada69e8d8177e195c7e416800757663b7420c22bda5f6328,562b5976c7f6d44b782498480fce54bad1e3142d9541438f6d7a42a876a3df87,29f3847d4486b5353d002e62c09f7737cc30c88f1205eac20175fd3155ae4376
C_src,vle_obs_0128,vle_obs_0128-pco2,Hilliard2008,40.0,0.32590651813036264,48.5,72.33992799396384,evaluated,f66d972c032ce709ada69e8d8177e195c7e416800757663b7420c22bda5f6328,562b5976c7f6d44b782498480fce54bad1e3142d9541438f6d7a42a876a3df87,29f3847d4486b5353d002e62c09f7737cc30c88f1205eac20175fd3155ae4376
C_src,vle_obs_0129,vle_obs_0129-pco2,Hilliard2008,40.0,0.3479069581391628,66.19999999999999,103.40037083679937,evaluated,f66d972c032ce709ada69e8d8177e195c7e416800757663b7420c22bda5f6328,562b5976c7f6d44b782498480fce54bad1e3142d9541438f6d7a42a876a3df87,29f3847d4486b5353d002e62c09f7737cc30c88f1205eac20175fd3155ae4376
C_src,vle_obs_0130,vle_obs_0130-pco2,Hilliard2008,40.0,0.3499069981399628,72.1,106.91156986659269,evaluated,f66d972c032ce709ada69e8d8177e195c7e416800757663b7420c22bda5f6328,562b5976c7f6d44b782498480fce54bad1e3142d9541438f6d7a42a876a3df87,29f3847d4486b5353d002e62c09f7737cc30c88f1205eac20175fd3155ae4376
C_src,vle_obs_0131,vle_obs_0131-pco2,Hilliard2008,40.0,0.3599071981439629,96.60000000000001,126.6745606460709,evaluated,f66d972c032ce709ada69e8d8177e195c7e416800757663b7420c22bda5f6328,562b5976c7f6d44b782498480fce54bad1e3142d9541438f6d7a42a876a3df87,29f3847d4486b5353d002e62c09f7737cc30c88f1205eac20175fd3155ae4376
C_src,vle_obs_0132,vle_obs_0132-pco2,Hilliard2008,40.0,0.3819076381527631,131.0,187.28539344427267,evaluated,f66d972c032ce709ada69e8d8177e195c7e416800757663b7420c22bda5f6328,562b5976c7f6d44b782498480fce54bad1e3142d9541438f6d7a42a876a3df87,29f3847d4486b5353d002e62c09f7737cc30c88f1205eac20175fd3155ae4376
C_src,vle_obs_0133,vle_obs_0133-pco2,Hilliard2008,40.0,0.3859077181543631,120.0,201.69200244290758,evaluated,f66d972c032ce709ada69e8d8177e195c7e416800757663b7420c22bda5f6328,562b5976c7f6d44b782498480fce54bad1e3142d9541438f6d7a42a876a3df87,29f3847d4486b5353d002e62c09f7737cc30c88f1205eac20175fd3155ae4376
C_src,vle_obs_0134,vle_obs_0134-pco2,Hilliard2008,40.0,0.38890777815556316,113.0,213.3631982688816,evaluated,f66d972c032ce709ada69e8d8177e195c7e416800757663b7420c22bda5f6328,562b5976c7f6d44b782498480fce54bad1e3142d9541438f6d7a42a876a3df87,29f3847d4486b5353d002e62c09f7737cc30c88f1205eac20175fd3155ae4376
C_src,vle_obs_0135,vle_obs_0135-pco2,Hilliard2008,40.0,0.39990799815996325,128.0,263.61599719309146,evaluated,f66d972c032ce709ada69e8d8177e195c7e416800757663b7420c22bda5f6328,562b5976c7f6d44b782498480fce54bad1e3142d9541438f6d7a42a876a3df87,29f3847d4486b5353d002e62c09f7737cc30c88f1205eac20175fd3155ae4376
C_src,vle_obs_0136,vle_obs_0136-pco2,Hilliard2008,40.0,0.46390927818556377,750.0,1094.4792976796964,evaluated,f66d972c032ce709ada69e8d8177e195c7e416800757663b7420c22bda5f6328,562b5976c7f6d44b782498480fce54bad1e3142d9541438f6d7a42a876a3df87,29f3847d4486b5353d002e62c09f7737cc30c88f1205eac20175fd3155ae4376
C_src,vle_obs_0137,vle_obs_0137-pco2,Hilliard2008,40.0,0.4659093181863638,574.0,1150.406120513062,evaluated,f66d972c032ce709ada69e8d8177e195c7e416800757663b7420c22bda5f6328,562b5976c7f6d44b782498480fce54bad1e3142d9541438f6d7a42a876a3df87,29f3847d4486b5353d002e62c09f7737cc30c88f1205eac20175fd3155ae4376
C_src,vle_obs_0138,vle_obs_0138-pco2,Hilliard2008,40.0,0.48090961819236383,883.0,1683.2018295327782,evaluated,f66d972c032ce709ada69e8d8177e195c7e416800757663b7420c22bda5f6328,562b5976c7f6d44b782498480fce54bad1e3142d9541438f6d7a42a876a3df87,29f3847d4486b5353d002e62c09f7737cc30c88f1205eac20175fd3155ae4376
C_src,vle_obs_0139,vle_obs_0139-pco2,Hilliard2008,40.0,0.4909098181963639,1100.0,2177.7111229202706,evaluated,f66d972c032ce709ada69e8d8177e195c7e416800757663b7420c22bda5f6328,562b5976c7f6d44b782498480fce54bad1e3142d9541438f6d7a42a876a3df87,29f3847d4486b5353d002e62c09f7737cc30c88f1205eac20175fd3155ae4376
C_src,vle_obs_0140,vle_obs_0140-pco2,Hilliard2008,40.0,0.5009100182003641,1870.0,2816.346628907099,evaluated,f66d972c032ce709ada69e8d8177e195c7e416800757663b7420c22bda5f6328,562b5976c7f6d44b782498480fce54bad1e3142d9541438f6d7a42a876a3df87,29f3847d4486b5353d002e62c09f7737cc30c88f1205eac20175fd3155ae4376
C_src,vle_obs_0141,vle_obs_0141-pco2,Hilliard2008,40.0,0.5179103582071641,3030.0,4317.207993478862,evaluated,f66d972c032ce709ada69e8d8177e195c7e416800757663b7420c22bda5f6328,562b5976c7f6d44b782498480fce54bad1e3142d9541438f6d7a42a876a3df87,29f3847d4486b5353d002e62c09f7737cc30c88f1205eac20175fd3155ae4376
C_src,vle_obs_0142,vle_obs_0142-pco2,Hilliard2008,40.0,0.5909118182363647,28300.0,19245.670646495746,evaluated,f66d972c032ce709ada69e8d8177e195c7e416800757663b7420c22bda5f6328,562b5976c7f6d44b782498480fce54bad1e3142d9541438f6d7a42a876a3df87,29f3847d4486b5353d002e62c09f7737cc30c88f1205eac20175fd3155ae4376
C_src,vle_obs_0143,vle_obs_0143-pco2,Hilliard2008,60.0,0.11390227804556091,19.400000000000002,15.245935314457897,evaluated,f66d972c032ce709ada69e8d8177e195c7e416800757663b7420c22bda5f6328,562b5976c7f6d44b782498480fce54bad1e3142d9541438f6d7a42a876a3df87,29f3847d4486b5353d002e62c09f7737cc30c88f1205eac20175fd3155ae4376
C_src,vle_obs_0144,vle_obs_0144-pco2,Hilliard2008,60.0,0.19090381807636156,58.9,58.650385522790316,evaluated,f66d972c032ce709ada69e8d8177e195c7e416800757663b7420c22bda5f6328,562b5976c7f6d44b782498480fce54bad1e3142d9541438f6d7a42a876a3df87,29f3847d4486b5353d002e62c09f7737cc30c88f1205eac20175fd3155ae4376
C_src,vle_obs_0145,vle_obs_0145-pco2,Hilliard2008,60.0,0.29090581811636235,209.0,269.5447208708756,evaluated,f66d972c032ce709ada69e8d8177e195c7e416800757663b7420c22bda5f6328,562b5976c7f6d44b782498480fce54bad1e3142d9541438f6d7a42a876a3df87,29f3847d4486b5353d002e62c09f7737cc30c88f1205eac20175fd3155ae4376
C_src,vle_obs_0146,vle_obs_0146-pco2,Hilliard2008,60.0,0.3859077181543631,763.0,1299.0627164997597,evaluated,f66d972c032ce709ada69e8d8177e195c7e416800757663b7420c22bda5f6328,562b5976c7f6d44b782498480fce54bad1e3142d9541438f6d7a42a876a3df87,29f3847d4486b5353d002e62c09f7737cc30c88f1205eac20175fd3155ae4376
C_src,vle_obs_0147,vle_obs_0147-pco2,Hilliard2008,60.0,0.4849096981939639,4860.0,9792.664802569077,evaluated,f66d972c032ce709ada69e8d8177e195c7e416800757663b7420c22bda5f6328,562b5976c7f6d44b782498480fce54bad1e3142d9541438f6d7a42a876a3df87,29f3847d4486b5353d002e62c09f7737cc30c88f1205eac20175fd3155ae4376
C_src,vle_obs_0148,vle_obs_0148-pco2,Hilliard2008,60.0,0.5439108782175645,25800.0,32332.850348741573,evaluated,f66d972c032ce709ada69e8d8177e195c7e416800757663b7420c22bda5f6328,562b5976c7f6d44b782498480fce54bad1e3142d9541438f6d7a42a876a3df87,29f3847d4486b5353d002e62c09f7737cc30c88f1205eac20175fd3155ae4376
C_src,vle_obs_0149,vle_obs_0149-pco2,Hilliard2008,60.0,0.5649112982259645,50200.0,46421.45791575662,evaluated,f66d972c032ce709ada69e8d8177e195c7e416800757663b7420c22bda5f6328,562b5976c7f6d44b782498480fce54bad1e3142d9541438f6d7a42a876a3df87,29f3847d4486b5353d002e62c09f7737cc30c88f1205eac20175fd3155ae4376
C_src,vle_obs_0186,vle_obs_0186-pco2,Jou1995,40.0,0.08870177403548071,1.47,1.474880591219764,evaluated,f66d972c032ce709ada69e8d8177e195c7e416800757663b7420c22bda5f6328,562b5976c7f6d44b782498480fce54bad1e3142d9541438f6d7a42a876a3df87,29f3847d4486b5353d002e62c09f7737cc30c88f1205eac20175fd3155ae4376
C_src,vle_obs_0187,vle_obs_0187-pco2,Jou1995,40.0,0.20290405808116166,8.959999999999999,11.440450858749893,evaluated,f66d972c032ce709ada69e8d8177e195c7e416800757663b7420c22bda5f6328,562b5976c7f6d44b782498480fce54bad1e3142d9541438f6d7a42a876a3df87,29f3847d4486b5353d002e62c09f7737cc30c88f1205eac20175fd3155ae4376
C_src,vle_obs_0188,vle_obs_0188-pco2,Jou1995,40.0,0.36490729814596295,67.7,138.13165536394916,evaluated,f66d972c032ce709ada69e8d8177e195c7e416800757663b7420c22bda5f6328,562b5976c7f6d44b782498480fce54bad1e3142d9541438f6d7a42a876a3df87,29f3847d4486b5353d002e62c09f7737cc30c88f1205eac20175fd3155ae4376
C_src,vle_obs_0189,vle_obs_0189-pco2,Jou1995,40.0,0.4734094681893638,604.0,1389.7194921010505,evaluated,f66d972c032ce709ada69e8d8177e195c7e416800757663b7420c22bda5f6328,562b5976c7f6d44b782498480fce54bad1e3142d9541438f6d7a42a876a3df87,29f3847d4486b5353d002e62c09f7737cc30c88f1205eac20175fd3155ae4376
C_src,vle_obs_0190,vle_obs_0190-pco2,Jou1995,40.0,0.5129102582051641,2570.0,3815.029120677012,evaluated,f66d972c032ce709ada69e8d8177e195c7e416800757663b7420c22bda5f6328,562b5976c7f6d44b782498480fce54bad1e3142d9541438f6d7a42a876a3df87,29f3847d4486b5353d002e62c09f7737cc30c88f1205eac20175fd3155ae4376
C_src,vle_obs_0191,vle_obs_0191-pco2,Jou1995,40.0,0.5569111382227645,8090.0,10366.376618014148,evaluated,f66d972c032ce709ada69e8d8177e195c7e416800757663b7420c22bda5f6328,562b5976c7f6d44b782498480fce54bad1e3142d9541438f6d7a42a876a3df87,29f3847d4486b5353d002e62c09f7737cc30c88f1205eac20175fd3155ae4376
C_src,vle_obs_0192,vle_obs_0192-pco2,Jou1995,40.0,0.6089121782435649,36100.0,25435.63742403292,evaluated,f66d972c032ce709ada69e8d8177e195c7e416800757663b7420c22bda5f6328,562b5976c7f6d44b782498480fce54bad1e3142d9541438f6d7a42a876a3df87,29f3847d4486b5353d002e62c09f7737cc30c88f1205eac20175fd3155ae4376
C_src,vle_obs_0193,vle_obs_0193-pco2,Jou1995,40.0,0.6419128382567652,103000.0,39566.60704617306,evaluated,f66d972c032ce709ada69e8d8177e195c7e416800757663b7420c22bda5f6328,562b5976c7f6d44b782498480fce54bad1e3142d9541438f6d7a42a876a3df87,29f3847d4486b5353d002e62c09f7737cc30c88f1205eac20175fd3155ae4376
C_src,vle_obs_0194,vle_obs_0194-pco2,Jou1995,60.0,0.05630112602252045,4.28,3.476534888316126,evaluated,f66d972c032ce709ada69e8d8177e195c7e416800757663b7420c22bda5f6328,562b5976c7f6d44b782498480fce54bad1e3142d9541438f6d7a42a876a3df87,29f3847d4486b5353d002e62c09f7737cc30c88f1205eac20175fd3155ae4376
C_src,vle_obs_0195,vle_obs_0195-pco2,Jou1995,60.0,0.11890237804756094,19.3,16.851566508476083,evaluated,f66d972c032ce709ada69e8d8177e195c7e416800757663b7420c22bda5f6328,562b5976c7f6d44b782498480fce54bad1e3142d9541438f6d7a42a876a3df87,29f3847d4486b5353d002e62c09f7737cc30c88f1205eac20175fd3155ae4376
C_src,vle_obs_0196,vle_obs_0196-pco2,Jou1995,60.0,0.20590411808236164,57.9,74.10735602344441,evaluated,f66d972c032ce709ada69e8d8177e195c7e416800757663b7420c22bda5f6328,562b5976c7f6d44b782498480fce54bad1e3142d9541438f6d7a42a876a3df87,29f3847d4486b5353d002e62c09f7737cc30c88f1205eac20175fd3155ae4376
C_src,vle_obs_0197,vle_obs_0197-pco2,Jou1995,60.0,0.38890777815556316,528.0,1372.4275766570538,evaluated,f66d972c032ce709ada69e8d8177e195c7e416800757663b7420c22bda5f6328,562b5976c7f6d44b782498480fce54bad1e3142d9541438f6d7a42a876a3df87,29f3847d4486b5353d002e62c09f7737cc30c88f1205eac20175fd3155ae4376
C_src,vle_obs_0198,vle_obs_0198-pco2,Jou1995,60.0,0.4379087581751635,2009.9999999999998,3580.4598067691268,evaluated,f66d972c032ce709ada69e8d8177e195c7e416800757663b7420c22bda5f6328,562b5976c7f6d44b782498480fce54bad1e3142d9541438f6d7a42a876a3df87,29f3847d4486b5353d002e62c09f7737cc30c88f1205eac20175fd3155ae4376
C_src,vle_obs_0199,vle_obs_0199-pco2,Jou1995,60.0,0.5039100782015641,11000.0,14696.330127906855,evaluated,f66d972c032ce709ada69e8d8177e195c7e416800757663b7420c22bda5f6328,562b5976c7f6d44b782498480fce54bad1e3142d9541438f6d7a42a876a3df87,29f3847d4486b5353d002e62c09f7737cc30c88f1205eac20175fd3155ae4376
C_src,vle_obs_0200,vle_obs_0200-pco2,Jou1995,60.0,0.5609112182243645,34000.0,43461.71900619638,evaluated,f66d972c032ce709ada69e8d8177e195c7e416800757663b7420c22bda5f6328,562b5976c7f6d44b782498480fce54bad1e3142d9541438f6d7a42a876a3df87,29f3847d4486b5353d002e62c09f7737cc30c88f1205eac20175fd3155ae4376
C_src,vle_obs_0201,vle_obs_0201-pco2,Jou1995,60.0,0.5789115782315646,82000.0,57821.12907919365,evaluated,f66d972c032ce709ada69e8d8177e195c7e416800757663b7420c22bda5f6328,562b5976c7f6d44b782498480fce54bad1e3142d9541438f6d7a42a876a3df87,29f3847d4486b5353d002e62c09f7737cc30c88f1205eac20175fd3155ae4376
C_src,vle_obs_0202,vle_obs_0202-pco2,Jou1995,60.0,0.6679133582671654,282000.0,166790.52176593794,evaluated,f66d972c032ce709ada69e8d8177e195c7e416800757663b7420c22bda5f6328,562b5976c7f6d44b782498480fce54bad1e3142d9541438f6d7a42a876a3df87,29f3847d4486b5353d002e62c09f7737cc30c88f1205eac20175fd3155ae4376
C_src,vle_obs_0203,vle_obs_0203-pco2,Jou1995,80.0,0.01730034600692014,2.96,2.0770168540260037,evaluated,f66d972c032ce709ada69e8d8177e195c7e416800757663b7420c22bda5f6328,562b5976c7f6d44b782498480fce54bad1e3142d9541438f6d7a42a876a3df87,29f3847d4486b5353d002e62c09f7737cc30c88f1205eac20175fd3155ae4376
C_src,vle_obs_0204,vle_obs_0204-pco2,Jou1995,80.0,0.023500470009400188,4.84,3.606852721071744,evaluated,f66d972c032ce709ada69e8d8177e195c7e416800757663b7420c22bda5f6328,562b5976c7f6d44b782498480fce54bad1e3142d9541438f6d7a42a876a3df87,29f3847d4486b5353d002e62c09f7737cc30c88f1205eac20175fd3155ae4376
C_src,vle_obs_0205,vle_obs_0205-pco2,Jou1995,80.0,0.07800156003120062,46.5,35.599530907698224,evaluated,f66d972c032ce709ada69e8d8177e195c7e416800757663b7420c22bda5f6328,562b5976c7f6d44b782498480fce54bad1e3142d9541438f6d7a42a876a3df87,29f3847d4486b5353d002e62c09f7737cc30c88f1205eac20175fd3155ae4376
C_src,vle_obs_0206,vle_obs_0206-pco2,Jou1995,80.0,0.11790235804716094,99.2,88.82825611817823,evaluated,f66d972c032ce709ada69e8d8177e195c7e416800757663b7420c22bda5f6328,562b5976c7f6d44b782498480fce54bad1e3142d9541438f6d7a42a876a3df87,29f3847d4486b5353d002e62c09f7737cc30c88f1205eac20175fd3155ae4376
C_src,vle_obs_0207,vle_obs_0207-pco2,Jou1995,80.0,0.18690373807476152,278.0,300.95231947791086,evaluated,f66d972c032ce709ada69e8d8177e195c7e416800757663b7420c22bda5f6328,562b5976c7f6d44b782498480fce54bad1e3142d9541438f6d7a42a876a3df87,29f3847d4486b5353d002e62c09f7737cc30c88f1205eac20175fd3155ae4376
C_src,vle_obs_0208,vle_obs_0208-pco2,Jou1995,80.0,0.3479069581391628,2670.0,3723.483280935814,evaluated,f66d972c032ce709ada69e8d8177e195c7e416800757663b7420c22bda5f6328,562b5976c7f6d44b782498480fce54bad1e3142d9541438f6d7a42a876a3df87,29f3847d4486b5353d002e62c09f7737cc30c88f1205eac20175fd3155ae4376
C_src,vle_obs_0209,vle_obs_0209-pco2,Jou1995,80.0,0.4599091981839637,16000.0,27683.940254008838,evaluated,f66d972c032ce709ada69e8d8177e195c7e416800757663b7420c22bda5f6328,562b5976c7f6d44b782498480fce54bad1e3142d9541438f6d7a42a876a3df87,29f3847d4486b5353d002e62c09f7737cc30c88f1205eac20175fd3155ae4376
C_src,vle_obs_0210,vle_obs_0210-pco2,Jou1995,80.0,0.5169103382067641,56000.0,77510.85638397529,evaluated,f66d972c032ce709ada69e8d8177e195c7e416800757663b7420c22bda5f6328,562b5976c7f6d44b782498480fce54bad1e3142d9541438f6d7a42a876a3df87,29f3847d4486b5353d002e62c09f7737cc30c88f1205eac20175fd3155ae4376
C_src,vle_obs_0211,vle_obs_0211-pco2,Jou1995,80.0,0.5784115682313646,235000.0,190303.43640106224,evaluated,f66d972c032ce709ada69e8d8177e195c7e416800757663b7420c22bda5f6328,562b5976c7f6d44b782498480fce54bad1e3142d9541438f6d7a42a876a3df87,29f3847d4486b5353d002e62c09f7737cc30c88f1205eac20175fd3155ae4376
C_src,vle_obs_0212,vle_obs_0212-pco2,Jou1995,80.0,0.6399127982559651,558000.0,361883.20319821785,evaluated,f66d972c032ce709ada69e8d8177e195c7e416800757663b7420c22bda5f6328,562b5976c7f6d44b782498480fce54bad1e3142d9541438f6d7a42a876a3df87,29f3847d4486b5353d002e62c09f7737cc30c88f1205eac20175fd3155ae4376
C_src,vle_obs_0213,vle_obs_0213-pco2,Jou1995,80.0,0.6889137782755654,958000.0,526188.6661365394,evaluated,f66d972c032ce709ada69e8d8177e195c7e416800757663b7420c22bda5f6328,562b5976c7f6d44b782498480fce54bad1e3142d9541438f6d7a42a876a3df87,29f3847d4486b5353d002e62c09f7737cc30c88f1205eac20175fd3155ae4376
C_src,vle_obs_0214,vle_obs_0214-pco2,Jou1995,100.0,0.011600232004640094,7.24,4.920148127518605,evaluated,f66d972c032ce709ada69e8d8177e195c7e416800757663b7420c22bda5f6328,562b5976c7f6d44b782498480fce54bad1e3142d9541438f6d7a42a876a3df87,29f3847d4486b5353d002e62c09f7737cc30c88f1205eac20175fd3155ae4376
C_src,vle_obs_0215,vle_obs_0215-pco2,Jou1995,100.0,0.056501130022600446,136.0,90.0404401066664,evaluated,f66d972c032ce709ada69e8d8177e195c7e416800757663b7420c22bda5f6328,562b5976c7f6d44b782498480fce54bad1e3142d9541438f6d7a42a876a3df87,29f3847d4486b5353d002e62c09f7737cc30c88f1205eac20175fd3155ae4376
C_src,vle_obs_0216,vle_obs_0216-pco2,Jou1995,100.0,0.18790375807516152,1430.0,1510.9736330819455,evaluated,f66d972c032ce709ada69e8d8177e195c7e416800757663b7420c22bda5f6328,562b5976c7f6d44b782498480fce54bad1e3142d9541438f6d7a42a876a3df87,29f3847d4486b5353d002e62c09f7737cc30c88f1205eac20175fd3155ae4376
C_src,vle_obs_0217,vle_obs_0217-pco2,Jou1995,100.0,0.38090761815236307,19000.0,31072.65923655244,evaluated,f66d972c032ce709ada69e8d8177e195c7e416800757663b7420c22bda5f6328,562b5976c7f6d44b782498480fce54bad1e3142d9541438f6d7a42a876a3df87,29f3847d4486b5353d002e62c09f7737cc30c88f1205eac20175fd3155ae4376
C_src,vle_obs_0218,vle_obs_0218-pco2,Jou1995,100.0,0.4219084381687634,39000.0,61245.781864441946,evaluated,f66d972c032ce709ada69e8d8177e195c7e416800757663b7420c22bda5f6328,562b5976c7f6d44b782498480fce54bad1e3142d9541438f6d7a42a876a3df87,29f3847d4486b5353d002e62c09f7737cc30c88f1205eac20175fd3155ae4376
C_src,vle_obs_0219,vle_obs_0219-pco2,Jou1995,100.0,0.4769095381907638,69000.0,148715.32581004838,evaluated,f66d972c032ce709ada69e8d8177e195c7e416800757663b7420c22bda5f6328,562b5976c7f6d44b782498480fce54bad1e3142d9541438f6d7a42a876a3df87,29f3847d4486b5353d002e62c09f7737cc30c88f1205eac20175fd3155ae4376
C_src,vle_obs_0220,vle_obs_0220-pco2,Jou1995,100.0,0.48090961819236383,109000.0,158050.61063725987,evaluated,f66d972c032ce709ada69e8d8177e195c7e416800757663b7420c22bda5f6328,562b5976c7f6d44b782498480fce54bad1e3142d9541438f6d7a42a876a3df87,29f3847d4486b5353d002e62c09f7737cc30c88f1205eac20175fd3155ae4376
C_src,vle_obs_0221,vle_obs_0221-pco2,Jou1995,100.0,0.5709114182283646,509000.0,490792.1526683331,evaluated,f66d972c032ce709ada69e8d8177e195c7e416800757663b7420c22bda5f6328,562b5976c7f6d44b782498480fce54bad1e3142d9541438f6d7a42a876a3df87,29f3847d4486b5353d002e62c09f7737cc30c88f1205eac20175fd3155ae4376
C_src,vle_obs_0222,vle_obs_0222-pco2,Jou1995,100.0,0.5889117782355647,376000.0,581431.8597945137,evaluated,f66d972c032ce709ada69e8d8177e195c7e416800757663b7420c22bda5f6328,562b5976c7f6d44b782498480fce54bad1e3142d9541438f6d7a42a876a3df87,29f3847d4486b5353d002e62c09f7737cc30c88f1205eac20175fd3155ae4376
C_src,vle_obs_0223,vle_obs_0223-pco2,Jou1995,100.0,0.613412268245365,909000.0,713170.8515487137,evaluated,f66d972c032ce709ada69e8d8177e195c7e416800757663b7420c22bda5f6328,562b5976c7f6d44b782498480fce54bad1e3142d9541438f6d7a42a876a3df87,29f3847d4486b5353d002e62c09f7737cc30c88f1205eac20175fd3155ae4376
C_src,vle_obs_0224,vle_obs_0224-pco2,Jou1995,120.0,0.003230064601292026,2.02,2.361543299083695,evaluated,f66d972c032ce709ada69e8d8177e195c7e416800757663b7420c22bda5f6328,562b5976c7f6d44b782498480fce54bad1e3142d9541438f6d7a42a876a3df87,29f3847d4486b5353d002e62c09f7737cc30c88f1205eac20175fd3155ae4376
C_src,vle_obs_0225,vle_obs_0225-pco2,Jou1995,120.0,0.011100222004440089,22.1,20.326921842533665,evaluated,f66d972c032ce709ada69e8d8177e195c7e416800757663b7420c22bda5f6328,562b5976c7f6d44b782498480fce54bad1e3142d9541438f6d7a42a876a3df87,29f3847d4486b5353d002e62c09f7737cc30c88f1205eac20175fd3155ae4376
C_src,vle_obs_0226,vle_obs_0226-pco2,Jou1995,120.0,0.024600492009840196,98.4,84.6009624170986,evaluated,f66d972c032ce709ada69e8d8177e195c7e416800757663b7420c22bda5f6328,562b5976c7f6d44b782498480fce54bad1e3142d9541438f6d7a42a876a3df87,29f3847d4486b5353d002e62c09f7737cc30c88f1205eac20175fd3155ae4376
C_src,vle_obs_0227,vle_obs_0227-pco2,Jou1995,120.0,0.11890237804756094,2290.0,1991.8945762241244,evaluated,f66d972c032ce709ada69e8d8177e195c7e416800757663b7420c22bda5f6328,562b5976c7f6d44b782498480fce54bad1e3142d9541438f6d7a42a876a3df87,29f3847d4486b5353d002e62c09f7737cc30c88f1205eac20175fd3155ae4376
C_src,vle_obs_0228,vle_obs_0228-pco2,Jou1995,120.0,0.3489069781395628,46800.0,79398.22579945845,evaluated,f66d972c032ce709ada69e8d8177e195c7e416800757663b7420c22bda5f6328,562b5976c7f6d44b782498480fce54bad1e3142d9541438f6d7a42a876a3df87,29f3847d4486b5353d002e62c09f7737cc30c88f1205eac20175fd3155ae4376
C_src,vle_obs_0229,vle_obs_0229-pco2,Jou1995,120.0,0.4114082281645633,122000.0,198677.1711885409,evaluated,f66d972c032ce709ada69e8d8177e195c7e416800757663b7420c22bda5f6328,562b5976c7f6d44b782498480fce54bad1e3142d9541438f6d7a42a876a3df87,29f3847d4486b5353d002e62c09f7737cc30c88f1205eac20175fd3155ae4376
C_src,vle_obs_0230,vle_obs_0230-pco2,Jou1995,120.0,0.4439088781775636,222000.0,309820.1074556264,evaluated,f66d972c032ce709ada69e8d8177e195c7e416800757663b7420c22bda5f6328,562b5976c7f6d44b782498480fce54bad1e3142d9541438f6d7a42a876a3df87,29f3847d4486b5353d002e62c09f7737cc30c88f1205eac20175fd3155ae4376
C_src,vle_obs_0231,vle_obs_0231-pco2,Jou1995,120.0,0.4729094581891638,422000.0,444909.1267761824,evaluated,f66d972c032ce709ada69e8d8177e195c7e416800757663b7420c22bda5f6328,562b5976c7f6d44b782498480fce54bad1e3142d9541438f6d7a42a876a3df87,29f3847d4486b5353d002e62c09f7737cc30c88f1205eac20175fd3155ae4376
C_src,vle_obs_0232,vle_obs_0232-pco2,Jou1995,120.0,0.5359107182143643,822000.0,849330.0089652307,evaluated,f66d972c032ce709ada69e8d8177e195c7e416800757663b7420c22bda5f6328,562b5976c7f6d44b782498480fce54bad1e3142d9541438f6d7a42a876a3df87,29f3847d4486b5353d002e62c09f7737cc30c88f1205eac20175fd3155ae4376
C_src,vle_obs_0233,vle_obs_0233-pco2,Jou1995,120.0,0.6389127782555651,2804000.0,1700593.3238590886,evaluated,f66d972c032ce709ada69e8d8177e195c7e416800757663b7420c22bda5f6328,562b5976c7f6d44b782498480fce54bad1e3142d9541438f6d7a42a876a3df87,29f3847d4486b5353d002e62c09f7737cc30c88f1205eac20175fd3155ae4376
C_src,Bottinger2008_state_030,Bottinger2008_state_030::MEA + MEAH+,Bottinger2008,20.0,0.0749014980299606,0.1054,0.10400977151530581,evaluated,f66d972c032ce709ada69e8d8177e195c7e416800757663b7420c22bda5f6328,562b5976c7f6d44b782498480fce54bad1e3142d9541438f6d7a42a876a3df87,29f3847d4486b5353d002e62c09f7737cc30c88f1205eac20175fd3155ae4376
C_src,Bottinger2008_state_030,Bottinger2008_state_030::MEACOO-,Bottinger2008,20.0,0.0749014980299606,0.0086,0.008209097181091002,evaluated,f66d972c032ce709ada69e8d8177e195c7e416800757663b7420c22bda5f6328,562b5976c7f6d44b782498480fce54bad1e3142d9541438f6d7a42a876a3df87,29f3847d4486b5353d002e62c09f7737cc30c88f1205eac20175fd3155ae4376
C_src,Bottinger2008_state_031,Bottinger2008_state_031::MEA + MEAH+,Bottinger2008,20.0,0.1499029980599612,0.0966,0.09592700227207815,evaluated,f66d972c032ce709ada69e8d8177e195c7e416800757663b7420c22bda5f6328,562b5976c7f6d44b782498480fce54bad1e3142d9541438f6d7a42a876a3df87,29f3847d4486b5353d002e62c09f7737cc30c88f1205eac20175fd3155ae4376
C_src,Bottinger2008_state_031,Bottinger2008_state_031::MEACOO-,Bottinger2008,20.0,0.1499029980599612,0.0171,0.016291865766634273,evaluated,f66d972c032ce709ada69e8d8177e195c7e416800757663b7420c22bda5f6328,562b5976c7f6d44b782498480fce54bad1e3142d9541438f6d7a42a876a3df87,29f3847d4486b5353d002e62c09f7737cc30c88f1205eac20175fd3155ae4376
C_src,Bottinger2008_state_032,Bottinger2008_state_032::MEA + MEAH+,Bottinger2008,20.0,0.2349046980939619,0.0871,0.08706453377295273,evaluated,f66d972c032ce709ada69e8d8177e195c7e416800757663b7420c22bda5f6328,562b5976c7f6d44b782498480fce54bad1e3142d9541438f6d7a42a876a3df87,29f3847d4486b5353d002e62c09f7737cc30c88f1205eac20175fd3155ae4376
C_src,Bottinger2008_state_032,Bottinger2008_state_032::MEACOO-,Bottinger2008,20.0,0.2349046980939619,0.0267,0.02515433220252022,evaluated,f66d972c032ce709ada69e8d8177e195c7e416800757663b7420c22bda5f6328,562b5976c7f6d44b782498480fce54bad1e3142d9541438f6d7a42a876a3df87,29f3847d4486b5353d002e62c09f7737cc30c88f1205eac20175fd3155ae4376
C_src,Bottinger2008_state_033,Bottinger2008_state_033::MEA + MEAH+,Bottinger2008,20.0,0.30890617812356247,0.078,0.07980730939520833,evaluated,f66d972c032ce709ada69e8d8177e195c7e416800757663b7420c22bda5f6328,562b5976c7f6d44b782498480fce54bad1e3142d9541438f6d7a42a876a3df87,29f3847d4486b5353d002e62c09f7737cc30c88f1205eac20175fd3155ae4376
C_src,Bottinger2008_state_033,Bottinger2008_state_033::MEACOO-,Bottinger2008,20.0,0.30890617812356247,0.0349,0.032411551444397536,evaluated,f66d972c032ce709ada69e8d8177e195c7e416800757663b7420c22bda5f6328,562b5976c7f6d44b782498480fce54bad1e3142d9541438f6d7a42a876a3df87,29f3847d4486b5353d002e62c09f7737cc30c88f1205eac20175fd3155ae4376
C_src,Bottinger2008_state_034,Bottinger2008_state_034::MEA + MEAH+,Bottinger2008,20.0,0.38790775815516315,0.0678,0.0729505054265644,evaluated,f66d972c032ce709ada69e8d8177e195c7e416800757663b7420c22bda5f6328,562b5976c7f6d44b782498480fce54bad1e3142d9541438f6d7a42a876a3df87,29f3847d4486b5353d002e62c09f7737cc30c88f1205eac20175fd3155ae4376
C_src,Bottinger2008_state_034,Bottinger2008_state_034::MEACOO-,Bottinger2008,20.0,0.38790775815516315,0.043,0.03926833544771979,evaluated,f66d972c032ce709ada69e8d8177e195c7e416800757663b7420c22bda5f6328,562b5976c7f6d44b782498480fce54bad1e3142d9541438f6d7a42a876a3df87,29f3847d4486b5353d002e62c09f7737cc30c88f1205eac20175fd3155ae4376
C_src,Bottinger2008_state_035,Bottinger2008_state_035::MEA + MEAH+,Bottinger2008,20.0,0.4739094781895638,0.062,0.06805367308443896,evaluated,f66d972c032ce709ada69e8d8177e195c7e416800757663b7420c22bda5f6328,562b5976c7f6d44b782498480fce54bad1e3142d9541438f6d7a42a876a3df87,29f3847d4486b5353d002e62c09f7737cc30c88f1205eac20175fd3155ae4376
C_src,Bottinger2008_state_035,Bottinger2008_state_035::MEACOO-,Bottinger2008,20.0,0.4739094781895638,0.0493,0.04416497944525351,evaluated,f66d972c032ce709ada69e8d8177e195c7e416800757663b7420c22bda5f6328,562b5976c7f6d44b782498480fce54bad1e3142d9541438f6d7a42a876a3df87,29f3847d4486b5353d002e62c09f7737cc30c88f1205eac20175fd3155ae4376
C_src,Bottinger2008_state_042,Bottinger2008_state_042::MEA + MEAH+,Bottinger2008,40.0,0.124902498049961,0.1009,0.0985785508845411,evaluated,f66d972c032ce709ada69e8d8177e195c7e416800757663b7420c22bda5f6328,562b5976c7f6d44b782498480fce54bad1e3142d9541438f6d7a42a876a3df87,29f3847d4486b5353d002e62c09f7737cc30c88f1205eac20175fd3155ae4376
C_src,Bottinger2008_state_042,Bottinger2008_state_042::MEACOO-,Bottinger2008,40.0,0.124902498049961,0.0144,0.013640315050329055,evaluated,f66d972c032ce709ada69e8d8177e195c7e416800757663b7420c22bda5f6328,562b5976c7f6d44b782498480fce54bad1e3142d9541438f6d7a42a876a3df87,29f3847d4486b5353d002e62c09f7737cc30c88f1205eac20175fd3155ae4376
C_src,Bottinger2008_state_043,Bottinger2008_state_043::MEA + MEAH+,Bottinger2008,40.0,0.20490409808196164,0.0934,0.09006923921371775,evaluated,f66d972c032ce709ada69e8d8177e195c7e416800757663b7420c22bda5f6328,562b5976c7f6d44b782498480fce54bad1e3142d9541438f6d7a42a876a3df87,29f3847d4486b5353d002e62c09f7737cc30c88f1205eac20175fd3155ae4376
C_src,Bottinger2008_state_043,Bottinger2008_state_043::MEACOO-,Bottinger2008,40.0,0.20490409808196164,0.0241,0.022149618873911463,evaluated,f66d972c032ce709ada69e8d8177e195c7e416800757663b7420c22bda5f6328,562b5976c7f6d44b782498480fce54bad1e3142d9541438f6d7a42a876a3df87,29f3847d4486b5353d002e62c09f7737cc30c88f1205eac20175fd3155ae4376
C_src,Bottinger2008_state_044,Bottinger2008_state_044::MEA + MEAH+,Bottinger2008,40.0,0.2359047180943619,0.0876,0.0868529624066457,evaluated,f66d972c032ce709ada69e8d8177e195c7e416800757663b7420c22bda5f6328,562b5976c7f6d44b782498480fce54bad1e3142d9541438f6d7a42a876a3df87,29f3847d4486b5353d002e62c09f7737cc30c88f1205eac20175fd3155ae4376
C_src,Bottinger2008_state_044,Bottinger2008_state_044::MEACOO-,Bottinger2008,40.0,0.2359047180943619,0.0271,0.025365889516820225,evaluated,f66d972c032ce709ada69e8d8177e195c7e416800757663b7420c22bda5f6328,562b5976c7f6d44b782498480fce54bad1e3142d9541438f6d7a42a876a3df87,29f3847d4486b5353d002e62c09f7737cc30c88f1205eac20175fd3155ae4376
C_src,Bottinger2008_state_045,Bottinger2008_state_045::MEA + MEAH+,Bottinger2008,40.0,0.2799055981119623,0.084,0.08240416490392519,evaluated,f66d972c032ce709ada69e8d8177e195c7e416800757663b7420c22bda5f6328,562b5976c7f6d44b782498480fce54bad1e3142d9541438f6d7a42a876a3df87,29f3847d4486b5353d002e62c09f7737cc30c88f1205eac20175fd3155ae4376
C_src,Bottinger2008_state_045,Bottinger2008_state_045::MEACOO-,Bottinger2008,40.0,0.2799055981119623,0.0327,0.0298146719613162,evaluated,f66d972c032ce709ada69e8d8177e195c7e416800757663b7420c22bda5f6328,562b5976c7f6d44b782498480fce54bad1e3142d9541438f6d7a42a876a3df87,29f3847d4486b5353d002e62c09f7737cc30c88f1205eac20175fd3155ae4376
C_src,Bottinger2008_state_046,Bottinger2008_state_046::MEA + MEAH+,Bottinger2008,40.0,0.34290685813716276,0.0758,0.07639788146071554,evaluated,f66d972c032ce709ada69e8d8177e195c7e416800757663b7420c22bda5f6328,562b5976c7f6d44b782498480fce54bad1e3142d9541438f6d7a42a876a3df87,29f3847d4486b5353d002e62c09f7737cc30c88f1205eac20175fd3155ae4376
C_src,Bottinger2008_state_046,Bottinger2008_state_046::MEACOO-,Bottinger2008,40.0,0.34290685813716276,0.0396,0.03582090386276046,evaluated,f66d972c032ce709ada69e8d8177e195c7e416800757663b7420c22bda5f6328,562b5976c7f6d44b782498480fce54bad1e3142d9541438f6d7a42a876a3df87,29f3847d4486b5353d002e62c09f7737cc30c88f1205eac20175fd3155ae4376
C_src,Bottinger2008_state_047,Bottinger2008_state_047::MEA + MEAH+,Bottinger2008,40.0,0.3539070781415628,0.0749,0.07541384101344345,evaluated,f66d972c032ce709ada69e8d8177e195c7e416800757663b7420c22bda5f6328,562b5976c7f6d44b782498480fce54bad1e3142d9541438f6d7a42a876a3df87,29f3847d4486b5353d002e62c09f7737cc30c88f1205eac20175fd3155ae4376
C_src,Bottinger2008_state_047,Bottinger2008_state_047::MEACOO-,Bottinger2008,40.0,0.3539070781415628,0.041,0.03680492779388258,evaluated,f66d972c032ce709ada69e8d8177e195c7e416800757663b7420c22bda5f6328,562b5976c7f6d44b782498480fce54bad1e3142d9541438f6d7a42a876a3df87,29f3847d4486b5353d002e62c09f7737cc30c88f1205eac20175fd3155ae4376
C_src,Bottinger2008_state_048,Bottinger2008_state_048::MEA + MEAH+,Bottinger2008,40.0,0.4599091981839637,0.065,0.0681347368694784,evaluated,f66d972c032ce709ada69e8d8177e195c7e416800757663b7420c22bda5f6328,562b5976c7f6d44b782498480fce54bad1e3142d9541438f6d7a42a876a3df87,29f3847d4486b5353d002e62c09f7737cc30c88f1205eac20175fd3155ae4376
C_src,Bottinger2008_state_048,Bottinger2008_state_048::MEACOO-,Bottinger2008,40.0,0.4599091981839637,0.0492,0.04408327171078132,evaluated,f66d972c032ce709ada69e8d8177e195c7e416800757663b7420c22bda5f6328,562b5976c7f6d44b782498480fce54bad1e3142d9541438f6d7a42a876a3df87,29f3847d4486b5353d002e62c09f7737cc30c88f1205eac20175fd3155ae4376
C_src,Bottinger2008_state_049,Bottinger2008_state_049::MEA + MEAH+,Bottinger2008,40.0,0.4659093181863638,0.0663,0.06793417598633805,evaluated,f66d972c032ce709ada69e8d8177e195c7e416800757663b7420c22bda5f6328,562b5976c7f6d44b782498480fce54bad1e3142d9541438f6d7a42a876a3df87,29f3847d4486b5353d002e62c09f7737cc30c88f1205eac20175fd3155ae4376
C_src,Bottinger2008_state_049,Bottinger2008_state_049::MEACOO-,Bottinger2008,40.0,0.4659093181863638,0.0502,0.04428369254302328,evaluated,f66d972c032ce709ada69e8d8177e195c7e416800757663b7420c22bda5f6328,562b5976c7f6d44b782498480fce54bad1e3142d9541438f6d7a42a876a3df87,29f3847d4486b5353d002e62c09f7737cc30c88f1205eac20175fd3155ae4376
C_src,Bottinger2008_state_049,Bottinger2008_state_049::HCO3-,Bottinger2008,40.0,0.4659093181863638,0.004,0.008000919844947095,evaluated,f66d972c032ce709ada69e8d8177e195c7e416800757663b7420c22bda5f6328,562b5976c7f6d44b782498480fce54bad1e3142d9541438f6d7a42a876a3df87,29f3847d4486b5353d002e62c09f7737cc30c88f1205eac20175fd3155ae4376
C_src,Bottinger2008_state_050,Bottinger2008_state_050::MEA + MEAH+,Bottinger2008,40.0,0.4869097381947639,0.0646,0.06752938854048732,evaluated,f66d972c032ce709ada69e8d8177e195c7e416800757663b7420c22bda5f6328,562b5976c7f6d44b782498480fce54bad1e3142d9541438f6d7a42a876a3df87,29f3847d4486b5353d002e62c09f7737cc30c88f1205eac20175fd3155ae4376
C_src,Bottinger2008_state_050,Bottinger2008_state_050::MEACOO-,Bottinger2008,40.0,0.4869097381947639,0.0511,0.04468775232514122,evaluated,f66d972c032ce709ada69e8d8177e195c7e416800757663b7420c22bda5f6328,562b5976c7f6d44b782498480fce54bad1e3142d9541438f6d7a42a876a3df87,29f3847d4486b5353d002e62c09f7737cc30c88f1205eac20175fd3155ae4376
C_src,Bottinger2008_state_050,Bottinger2008_state_050::HCO3-,Bottinger2008,40.0,0.4869097381947639,0.0052,0.009946596603675991,evaluated,f66d972c032ce709ada69e8d8177e195c7e416800757663b7420c22bda5f6328,562b5976c7f6d44b782498480fce54bad1e3142d9541438f6d7a42a876a3df87,29f3847d4486b5353d002e62c09f7737cc30c88f1205eac20175fd3155ae4376
C_src,Bottinger2008_state_055,Bottinger2008_state_055::MEA + MEAH+,Bottinger2008,60.0,0.13090261805236106,0.0974,0.0979516264708383,evaluated,f66d972c032ce709ada69e8d8177e195c7e416800757663b7420c22bda5f6328,562b5976c7f6d44b782498480fce54bad1e3142d9541438f6d7a42a876a3df87,29f3847d4486b5353d002e62c09f7737cc30c88f1205eac20175fd3155ae4376
C_src,Bottinger2008_state_055,Bottinger2008_state_055::MEACOO-,Bottinger2008,60.0,0.13090261805236106,0.0147,0.014267226089383286,evaluated,f66d972c032ce709ada69e8d8177e195c7e416800757663b7420c22bda5f6328,562b5976c7f6d44b782498480fce54bad1e3142d9541438f6d7a42a876a3df87,29f3847d4486b5353d002e62c09f7737cc30c88f1205eac20175fd3155ae4376
C_src,Bottinger2008_state_056,Bottinger2008_state_056::MEA + MEAH+,Bottinger2008,60.0,0.20290405808116166,0.0905,0.09031149188103255,evaluated,f66d972c032ce709ada69e8d8177e195c7e416800757663b7420c22bda5f6328,562b5976c7f6d44b782498480fce54bad1e3142d9541438f6d7a42a876a3df87,29f3847d4486b5353d002e62c09f7737cc30c88f1205eac20175fd3155ae4376
C_src,Bottinger2008_state_056,Bottinger2008_state_056::MEACOO-,Bottinger2008,60.0,0.20290405808116166,0.0231,0.021907323222115676,evaluated,f66d972c032ce709ada69e8d8177e195c7e416800757663b7420c22bda5f6328,562b5976c7f6d44b782498480fce54bad1e3142d9541438f6d7a42a876a3df87,29f3847d4486b5353d002e62c09f7737cc30c88f1205eac20175fd3155ae4376
C_src,Bottinger2008_state_057,Bottinger2008_state_057::MEA + MEAH+,Bottinger2008,60.0,0.27690553811076224,0.0791,0.08275908379498151,evaluated,f66d972c032ce709ada69e8d8177e195c7e416800757663b7420c22bda5f6328,562b5976c7f6d44b782498480fce54bad1e3142d9541438f6d7a42a876a3df87,29f3847d4486b5353d002e62c09f7737cc30c88f1205eac20175fd3155ae4376
C_src,Bottinger2008_state_057,Bottinger2008_state_057::MEACOO-,Bottinger2008,60.0,0.27690553811076224,0.0302,0.02945962172923488,evaluated,f66d972c032ce709ada69e8d8177e195c7e416800757663b7420c22bda5f6328,562b5976c7f6d44b782498480fce54bad1e3142d9541438f6d7a42a876a3df87,29f3847d4486b5353d002e62c09f7737cc30c88f1205eac20175fd3155ae4376
C_src,Bottinger2008_state_058,Bottinger2008_state_058::MEA + MEAH+,Bottinger2008,60.0,0.4149082981659633,0.0687,0.0708869987922138,evaluated,f66d972c032ce709ada69e8d8177e195c7e416800757663b7420c22bda5f6328,562b5976c7f6d44b782498480fce54bad1e3142d9541438f6d7a42a876a3df87,29f3847d4486b5353d002e62c09f7737cc30c88f1205eac20175fd3155ae4376
C_src,Bottinger2008_state_058,Bottinger2008_state_058::MEACOO-,Bottinger2008,60.0,0.4149082981659633,0.0417,0.041330193802690395,evaluated,f66d972c032ce709ada69e8d8177e195c7e416800757663b7420c22bda5f6328,562b5976c7f6d44b782498480fce54bad1e3142d9541438f6d7a42a876a3df87,29f3847d4486b5353d002e62c09f7737cc30c88f1205eac20175fd3155ae4376
C_src,Bottinger2008_state_058,Bottinger2008_state_058::HCO3-,Bottinger2008,60.0,0.4149082981659633,0.0042,0.005225003419167254,evaluated,f66d972c032ce709ada69e8d8177e195c7e416800757663b7420c22bda5f6328,562b5976c7f6d44b782498480fce54bad1e3142d9541438f6d7a42a876a3df87,29f3847d4486b5353d002e62c09f7737cc30c88f1205eac20175fd3155ae4376
C_src,Bottinger2008_state_059,Bottinger2008_state_059::MEA + MEAH+,Bottinger2008,60.0,0.4889097781955639,0.068,0.06817457120927099,evaluated,f66d972c032ce709ada69e8d8177e195c7e416800757663b7420c22bda5f6328,562b5976c7f6d44b782498480fce54bad1e3142d9541438f6d7a42a876a3df87,29f3847d4486b5353d002e62c09f7737cc30c88f1205eac20175fd3155ae4376
C_src,Bottinger2008_state_059,Bottinger2008_state_059::MEACOO-,Bottinger2008,60.0,0.4889097781955639,0.0424,0.04403604574673659,evaluated,f66d972c032ce709ada69e8d8177e195c7e416800757663b7420c22bda5f6328,562b5976c7f6d44b782498480fce54bad1e3142d9541438f6d7a42a876a3df87,29f3847d4486b5353d002e62c09f7737cc30c88f1205eac20175fd3155ae4376
C_src,Bottinger2008_state_059,Bottinger2008_state_059::HCO3-,Bottinger2008,60.0,0.4889097781955639,0.0072,0.01076141168673881,evaluated,f66d972c032ce709ada69e8d8177e195c7e416800757663b7420c22bda5f6328,562b5976c7f6d44b782498480fce54bad1e3142d9541438f6d7a42a876a3df87,29f3847d4486b5353d002e62c09f7737cc30c88f1205eac20175fd3155ae4376
C_src,Bottinger2008_state_063,Bottinger2008_state_063::MEA + MEAH+,Bottinger2008,80.0,0.06390127802556052,0.1084,0.10522950685960471,evaluated,f66d972c032ce709ada69e8d8177e195c7e416800757663b7420c22bda5f6328,562b5976c7f6d44b782498480fce54bad1e3142d9541438f6d7a42a876a3df87,29f3847d4486b5353d002e62c09f7737cc30c88f1205eac20175fd3155ae4376
C_src,Bottinger2008_state_063,Bottinger2008_state_063::MEACOO-,Bottinger2008,80.0,0.06390127802556052,0.0068,0.006989346288565865,evaluated,f66d972c032ce709ada69e8d8177e195c7e416800757663b7420c22bda5f6328,562b5976c7f6d44b782498480fce54bad1e3142d9541438f6d7a42a876a3df87,29f3847d4486b5353d002e62c09f7737cc30c88f1205eac20175fd3155ae4376
C_src,Bottinger2008_state_064,Bottinger2008_state_064::MEA + MEAH+,Bottinger2008,80.0,0.14090281805636112,0.1005,0.09694129672159824,evaluated,f66d972c032ce709ada69e8d8177e195c7e416800757663b7420c22bda5f6328,562b5976c7f6d44b782498480fce54bad1e3142d9541438f6d7a42a876a3df87,29f3847d4486b5353d002e62c09f7737cc30c88f1205eac20175fd3155ae4376
C_src,Bottinger2008_state_064,Bottinger2008_state_064::MEACOO-,Bottinger2008,80.0,0.14090281805636112,0.014,0.015277481201652806,evaluated,f66d972c032ce709ada69e8d8177e195c7e416800757663b7420c22bda5f6328,562b5976c7f6d44b782498480fce54bad1e3142d9541438f6d7a42a876a3df87,29f3847d4486b5353d002e62c09f7737cc30c88f1205eac20175fd3155ae4376
C_src,Bottinger2008_state_065,Bottinger2008_state_065::MEA + MEAH+,Bottinger2008,80.0,0.24490489809796198,0.0906,0.08614251969232839,evaluated,f66d972c032ce709ada69e8d8177e195c7e416800757663b7420c22bda5f6328,562b5976c7f6d44b782498480fce54bad1e3142d9541438f6d7a42a876a3df87,29f3847d4486b5353d002e62c09f7737cc30c88f1205eac20175fd3155ae4376
C_src,Bottinger2008_state_065,Bottinger2008_state_065::MEACOO-,Bottinger2008,80.0,0.24490489809796198,0.0224,0.026075862093697645,evaluated,f66d972c032ce709ada69e8d8177e195c7e416800757663b7420c22bda5f6328,562b5976c7f6d44b782498480fce54bad1e3142d9541438f6d7a42a876a3df87,29f3847d4486b5353d002e62c09f7737cc30c88f1205eac20175fd3155ae4376
C_src,Bottinger2008_state_066,Bottinger2008_state_066::MEA + MEAH+,Bottinger2008,80.0,0.33590671813436274,0.0858,0.07752613052800089,evaluated,f66d972c032ce709ada69e8d8177e195c7e416800757663b7420c22bda5f6328,562b5976c7f6d44b782498480fce54bad1e3142d9541438f6d7a42a876a3df87,29f3847d4486b5353d002e62c09f7737cc30c88f1205eac20175fd3155ae4376
C_src,Bottinger2008_state_066,Bottinger2008_state_066::MEACOO-,Bottinger2008,80.0,0.33590671813436274,0.0337,0.03469073269929029,evaluated,f66d972c032ce709ada69e8d8177e195c7e416800757663b7420c22bda5f6328,562b5976c7f6d44b782498480fce54bad1e3142d9541438f6d7a42a876a3df87,29f3847d4486b5353d002e62c09f7737cc30c88f1205eac20175fd3155ae4376
C_src,Bottinger2008_state_067,Bottinger2008_state_067::MEA + MEAH+,Bottinger2008,80.0,0.39790795815916324,0.0872,0.0727127961618255,evaluated,f66d972c032ce709ada69e8d8177e195c7e416800757663b7420c22bda5f6328,562b5976c7f6d44b782498480fce54bad1e3142d9541438f6d7a42a876a3df87,29f3847d4486b5353d002e62c09f7737cc30c88f1205eac20175fd3155ae4376
C_src,Bottinger2008_state_067,Bottinger2008_state_067::MEACOO-,Bottinger2008,80.0,0.39790795815916324,0.0336,0.039500262337939226,evaluated,f66d972c032ce709ada69e8d8177e195c7e416800757663b7420c22bda5f6328,562b5976c7f6d44b782498480fce54bad1e3142d9541438f6d7a42a876a3df87,29f3847d4486b5353d002e62c09f7737cc30c88f1205eac20175fd3155ae4376
C_src,Bottinger2008_state_067,Bottinger2008_state_067::HCO3-,Bottinger2008,80.0,0.39790795815916324,0.0046,0.005108757667563287,evaluated,f66d972c032ce709ada69e8d8177e195c7e416800757663b7420c22bda5f6328,562b5976c7f6d44b782498480fce54bad1e3142d9541438f6d7a42a876a3df87,29f3847d4486b5353d002e62c09f7737cc30c88f1205eac20175fd3155ae4376
C_src,Matin2012_state_001,Matin2012_state_001::MEA,Matin2012,20.0,0.10590211804236084,0.0915,0.08856331966378872,evaluated,f66d972c032ce709ada69e8d8177e195c7e416800757663b7420c22bda5f6328,562b5976c7f6d44b782498480fce54bad1e3142d9541438f6d7a42a876a3df87,29f3847d4486b5353d002e62c09f7737cc30c88f1205eac20175fd3155ae4376
C_src,Matin2012_state_001,Matin2012_state_001::MEAH+,Matin2012,20.0,0.10590211804236084,0.0115,0.012084125613246776,evaluated,f66d972c032ce709ada69e8d8177e195c7e416800757663b7420c22bda5f6328,562b5976c7f6d44b782498480fce54bad1e3142d9541438f6d7a42a876a3df87,29f3847d4486b5353d002e62c09f7737cc30c88f1205eac20175fd3155ae4376
C_src,Matin2012_state_001,Matin2012_state_001::MEACOO-,Matin2012,20.0,0.10590211804236084,0.0097,0.011571423222920655,evaluated,f66d972c032ce709ada69e8d8177e195c7e416800757663b7420c22bda5f6328,562b5976c7f6d44b782498480fce54bad1e3142d9541438f6d7a42a876a3df87,29f3847d4486b5353d002e62c09f7737cc30c88f1205eac20175fd3155ae4376
C_src,Matin2012_state_001,Matin2012_state_001::HCO3-,Matin2012,20.0,0.10590211804236084,0.0024,0.0003237733866941735,evaluated,f66d972c032ce709ada69e8d8177e195c7e416800757663b7420c22bda5f6328,562b5976c7f6d44b782498480fce54bad1e3142d9541438f6d7a42a876a3df87,29f3847d4486b5353d002e62c09f7737cc30c88f1205eac20175fd3155ae4376
C_src,Matin2012_state_002,Matin2012_state_002::MEA,Matin2012,20.0,0.12790255805116105,0.0867,0.0836655245252067,evaluated,f66d972c032ce709ada69e8d8177e195c7e416800757663b7420c22bda5f6328,562b5976c7f6d44b782498480fce54bad1e3142d9541438f6d7a42a876a3df87,29f3847d4486b5353d002e62c09f7737cc30c88f1205eac20175fd3155ae4376
C_src,Matin2012_state_002,Matin2012_state_002::MEAH+,Matin2012,20.0,0.12790255805116105,0.0139,0.01461309493459634,evaluated,f66d972c032ce709ada69e8d8177e195c7e416800757663b7420c22bda5f6328,562b5976c7f6d44b782498480fce54bad1e3142d9541438f6d7a42a876a3df87,29f3847d4486b5353d002e62c09f7737cc30c88f1205eac20175fd3155ae4376
C_src,Matin2012_state_002,Matin2012_state_002::MEACOO-,Matin2012,20.0,0.12790255805116105,0.0124,0.013940248841573952,evaluated,f66d972c032ce709ada69e8d8177e195c7e416800757663b7420c22bda5f6328,562b5976c7f6d44b782498480fce54bad1e3142d9541438f6d7a42a876a3df87,29f3847d4486b5353d002e62c09f7737cc30c88f1205eac20175fd3155ae4376
C_src,Matin2012_state_002,Matin2012_state_002::HCO3-,Matin2012,20.0,0.12790255805116105,0.0022,0.00042376108005137453,evaluated,f66d972c032ce709ada69e8d8177e195c7e416800757663b7420c22bda5f6328,562b5976c7f6d44b782498480fce54bad1e3142d9541438f6d7a42a876a3df87,29f3847d4486b5353d002e62c09f7737cc30c88f1205eac20175fd3155ae4376
C_src,Matin2012_state_003,Matin2012_state_003::MEA,Matin2012,20.0,0.1499029980599612,0.0817,0.07877292686900879,evaluated,f66d972c032ce709ada69e8d8177e195c7e416800757663b7420c22bda5f6328,562b5976c7f6d44b782498480fce54bad1e3142d9541438f6d7a42a876a3df87,29f3847d4486b5353d002e62c09f7737cc30c88f1205eac20175fd3155ae4376
C_src,Matin2012_state_003,Matin2012_state_003::MEAH+,Matin2012,20.0,0.1499029980599612,0.0162,0.017154075403069423,evaluated,f66d972c032ce709ada69e8d8177e195c7e416800757663b7420c22bda5f6328,562b5976c7f6d44b782498480fce54bad1e3142d9541438f6d7a42a876a3df87,29f3847d4486b5353d002e62c09f7737cc30c88f1205eac20175fd3155ae4376
C_src,Matin2012_state_003,Matin2012_state_003::MEACOO-,Matin2012,20.0,0.1499029980599612,0.0151,0.016291865766634186,evaluated,f66d972c032ce709ada69e8d8177e195c7e416800757663b7420c22bda5f6328,562b5976c7f6d44b782498480fce54bad1e3142d9541438f6d7a42a876a3df87,29f3847d4486b5353d002e62c09f7737cc30c88f1205eac20175fd3155ae4376
C_src,Matin2012_state_003,Matin2012_state_003::HCO3-,Matin2012,20.0,0.1499029980599612,0.002,0.0005409568775763821,evaluated,f66d972c032ce709ada69e8d8177e195c7e416800757663b7420c22bda5f6328,562b5976c7f6d44b782498480fce54bad1e3142d9541438f6d7a42a876a3df87,29f3847d4486b5353d002e62c09f7737cc30c88f1205eac20175fd3155ae4376
C_src,Matin2012_state_004,Matin2012_state_004::MEA,Matin2012,20.0,0.17290345806916138,0.0768,0.073664486603778,evaluated,f66d972c032ce709ada69e8d8177e195c7e416800757663b7420c22bda5f6328,562b5976c7f6d44b782498480fce54bad1e3142d9541438f6d7a42a876a3df87,29f3847d4486b5353d002e62c09f7737cc30c88f1205eac20175fd3155ae4376
C_src,Matin2012_state_004,Matin2012_state_004::MEAH+,Matin2012,20.0,0.17290345806916138,0.0186,0.019825612851172313,evaluated,f66d972c032ce709ada69e8d8177e195c7e416800757663b7420c22bda5f6328,562b5976c7f6d44b782498480fce54bad1e3142d9541438f6d7a42a876a3df87,29f3847d4486b5353d002e62c09f7737cc30c88f1205eac20175fd3155ae4376
C_src,Matin2012_state_004,Matin2012_state_004::MEACOO-,Matin2012,20.0,0.17290345806916138,0.0177,0.0187287682205174,evaluated,f66d972c032ce709ada69e8d8177e195c7e416800757663b7420c22bda5f6328,562b5976c7f6d44b782498480fce54bad1e3142d9541438f6d7a42a876a3df87,29f3847d4486b5353d002e62c09f7737cc30c88f1205eac20175fd3155ae4376
C_src,Matin2012_state_004,Matin2012_state_004::HCO3-,Matin2012,20.0,0.17290345806916138,0.002,0.0006850850888114283,evaluated,f66d972c032ce709ada69e8d8177e195c7e416800757663b7420c22bda5f6328,562b5976c7f6d44b782498480fce54bad1e3142d9541438f6d7a42a876a3df87,29f3847d4486b5353d002e62c09f7737cc30c88f1205eac20175fd3155ae4376
C_src,Matin2012_state_005,Matin2012_state_005::MEA,Matin2012,20.0,0.19490389807796157,0.0718,0.06878559033858324,evaluated,f66d972c032ce709ada69e8d8177e195c7e416800757663b7420c22bda5f6328,562b5976c7f6d44b782498480fce54bad1e3142d9541438f6d7a42a876a3df87,29f3847d4486b5353d002e62c09f7737cc30c88f1205eac20175fd3155ae4376
C_src,Matin2012_state_005,Matin2012_state_005::MEAH+,Matin2012,20.0,0.19490389807796157,0.021,0.022397848941826313,evaluated,f66d972c032ce709ada69e8d8177e195c7e416800757663b7420c22bda5f6328,562b5976c7f6d44b782498480fce54bad1e3142d9541438f6d7a42a876a3df87,29f3847d4486b5353d002e62c09f7737cc30c88f1205eac20175fd3155ae4376
C_src,Matin2012_state_005,Matin2012_state_005::MEACOO-,Matin2012,20.0,0.19490389807796157,0.0203,0.02103542793626903,evaluated,f66d972c032ce709ada69e8d8177e195c7e416800757663b7420c22bda5f6328,562b5976c7f6d44b782498480fce54bad1e3142d9541438f6d7a42a876a3df87,29f3847d4486b5353d002e62c09f7737cc30c88f1205eac20175fd3155ae4376
C_src,Matin2012_state_005,Matin2012_state_005::HCO3-,Matin2012,20.0,0.19490389807796157,0.002,0.0008472362841140212,evaluated,f66d972c032ce709ada69e8d8177e195c7e416800757663b7420c22bda5f6328,562b5976c7f6d44b782498480fce54bad1e3142d9541438f6d7a42a876a3df87,29f3847d4486b5353d002e62c09f7737cc30c88f1205eac20175fd3155ae4376
C_src,Matin2012_state_006,Matin2012_state_006::MEA,Matin2012,20.0,0.21790435808716177,0.0668,0.06369428311573211,evaluated,f66d972c032ce709ada69e8d8177e195c7e416800757663b7420c22bda5f6328,562b5976c7f6d44b782498480fce54bad1e3142d9541438f6d7a42a876a3df87,29f3847d4486b5353d002e62c09f7737cc30c88f1205eac20175fd3155ae4376
C_src,Matin2012_state_006,Matin2012_state_006::MEAH+,Matin2012,20.0,0.21790435808716177,0.0234,0.025107609930345765,evaluated,f66d972c032ce709ada69e8d8177e195c7e416800757663b7420c22bda5f6328,562b5976c7f6d44b782498480fce54bad1e3142d9541438f6d7a42a876a3df87,29f3847d4486b5353d002e62c09f7737cc30c88f1205eac20175fd3155ae4376
C_src,Matin2012_state_006,Matin2012_state_006::MEACOO-,Matin2012,20.0,0.21790435808716177,0.0228,0.02341697353494933,evaluated,f66d972c032ce709ada69e8d8177e195c7e416800757663b7420c22bda5f6328,562b5976c7f6d44b782498480fce54bad1e3142d9541438f6d7a42a876a3df87,29f3847d4486b5353d002e62c09f7737cc30c88f1205eac20175fd3155ae4376
C_src,Matin2012_state_006,Matin2012_state_006::HCO3-,Matin2012,20.0,0.21790435808716177,0.0021,0.0010467188284560601,evaluated,f66d972c032ce709ada69e8d8177e195c7e416800757663b7420c22bda5f6328,562b5976c7f6d44b782498480fce54bad1e3142d9541438f6d7a42a876a3df87,29f3847d4486b5353d002e62c09f7737cc30c88f1205eac20175fd3155ae4376
C_src,Matin2012_state_007,Matin2012_state_007::MEA,Matin2012,20.0,0.24090481809636194,0.0618,0.05861464052673407,evaluated,f66d972c032ce709ada69e8d8177e195c7e416800757663b7420c22bda5f6328,562b5976c7f6d44b782498480fce54bad1e3142d9541438f6d7a42a876a3df87,29f3847d4486b5353d002e62c09f7737cc30c88f1205eac20175fd3155ae4376
C_src,Matin2012_state_007,Matin2012_state_007::MEAH+,Matin2012,20.0,0.24090481809636194,0.0257,0.027841913884218965,evaluated,f66d972c032ce709ada69e8d8177e195c7e416800757663b7420c22bda5f6328,562b5976c7f6d44b782498480fce54bad1e3142d9541438f6d7a42a876a3df87,29f3847d4486b5353d002e62c09f7737cc30c88f1205eac20175fd3155ae4376
C_src,Matin2012_state_007,Matin2012_state_007::MEACOO-,Matin2012,20.0,0.24090481809636194,0.0252,0.025762311316641313,evaluated,f66d972c032ce709ada69e8d8177e195c7e416800757663b7420c22bda5f6328,562b5976c7f6d44b782498480fce54bad1e3142d9541438f6d7a42a876a3df87,29f3847d4486b5353d002e62c09f7737cc30c88f1205eac20175fd3155ae4376
C_src,Matin2012_state_007,Matin2012_state_007::HCO3-,Matin2012,20.0,0.24090481809636194,0.0023,0.0012824071673754587,evaluated,f66d972c032ce709ada69e8d8177e195c7e416800757663b7420c22bda5f6328,562b5976c7f6d44b782498480fce54bad1e3142d9541438f6d7a42a876a3df87,29f3847d4486b5353d002e62c09f7737cc30c88f1205eac20175fd3155ae4376
C_src,Matin2012_state_008,Matin2012_state_008::MEA,Matin2012,20.0,0.26390527810556214,0.0568,0.05354949548316613,evaluated,f66d972c032ce709ada69e8d8177e195c7e416800757663b7420c22bda5f6328,562b5976c7f6d44b782498480fce54bad1e3142d9541438f6d7a42a876a3df87,29f3847d4486b5353d002e62c09f7737cc30c88f1205eac20175fd3155ae4376
C_src,Matin2012_state_008,Matin2012_state_008::MEAH+,Matin2012,20.0,0.26390527810556214,0.0281,0.03060473166671278,evaluated,f66d972c032ce709ada69e8d8177e195c7e416800757663b7420c22bda5f6328,562b5976c7f6d44b782498480fce54bad1e3142d9541438f6d7a42a876a3df87,29f3847d4486b5353d002e62c09f7737cc30c88f1205eac20175fd3155ae4376
C_src,Matin2012_state_008,Matin2012_state_008::MEACOO-,Matin2012,20.0,0.26390527810556214,0.0276,0.028064637419125377,evaluated,f66d972c032ce709ada69e8d8177e195c7e416800757663b7420c22bda5f6328,562b5976c7f6d44b782498480fce54bad1e3142d9541438f6d7a42a876a3df87,29f3847d4486b5353d002e62c09f7737cc30c88f1205eac20175fd3155ae4376
C_src,Matin2012_state_008,Matin2012_state_008::HCO3-,Matin2012,20.0,0.26390527810556214,0.0026,0.0015611043463801058,evaluated,f66d972c032ce709ada69e8d8177e195c7e416800757663b7420c22bda5f6328,562b5976c7f6d44b782498480fce54bad1e3142d9541438f6d7a42a876a3df87,29f3847d4486b5353d002e62c09f7737cc30c88f1205eac20175fd3155ae4376
C_src,Matin2012_state_009,Matin2012_state_009::MEA,Matin2012,20.0,0.2869057381147623,0.0518,0.04850272706194637,evaluated,f66d972c032ce709ada69e8d8177e195c7e416800757663b7420c22bda5f6328,562b5976c7f6d44b782498480fce54bad1e3142d9541438f6d7a42a876a3df87,29f3847d4486b5353d002e62c09f7737cc30c88f1205eac20175fd3155ae4376
C_src,Matin2012_state_009,Matin2012_state_009::MEAH+,Matin2012,20.0,0.2869057381147623,0.0304,0.033400444704081635,evaluated,f66d972c032ce709ada69e8d8177e195c7e416800757663b7420c22bda5f6328,562b5976c7f6d44b782498480fce54bad1e3142d9541438f6d7a42a876a3df87,29f3847d4486b5353d002e62c09f7737cc30c88f1205eac20175fd3155ae4376
C_src,Matin2012_state_009,Matin2012_state_009::MEACOO-,Matin2012,20.0,0.2869057381147623,0.0299,0.030315691205722937,evaluated,f66d972c032ce709ada69e8d8177e195c7e416800757663b7420c22bda5f6328,562b5976c7f6d44b782498480fce54bad1e3142d9541438f6d7a42a876a3df87,29f3847d4486b5353d002e62c09f7737cc30c88f1205eac20175fd3155ae4376
C_src,Matin2012_state_009,Matin2012_state_009::HCO3-,Matin2012,20.0,0.2869057381147623,0.003,0.001891069753082384,evaluated,f66d972c032ce709ada69e8d8177e195c7e416800757663b7420c22bda5f6328,562b5976c7f6d44b782498480fce54bad1e3142d9541438f6d7a42a876a3df87,29f3847d4486b5353d002e62c09f7737cc30c88f1205eac20175fd3155ae4376
C_src,Matin2012_state_010,Matin2012_state_010::MEA,Matin2012,20.0,0.3099061981239625,0.0469,0.04347981220099903,evaluated,f66d972c032ce709ada69e8d8177e195c7e416800757663b7420c22bda5f6328,562b5976c7f6d44b782498480fce54bad1e3142d9541438f6d7a42a876a3df87,29f3847d4486b5353d002e62c09f7737cc30c88f1205eac20175fd3155ae4376
C_src,Matin2012_state_010,Matin2012_state_010::MEAH+,Matin2012,20.0,0.3099061981239625,0.0327,0.0362337352807473,evaluated,f66d972c032ce709ada69e8d8177e195c7e416800757663b7420c22bda5f6328,562b5976c7f6d44b782498480fce54bad1e3142d9541438f6d7a42a876a3df87,29f3847d4486b5353d002e62c09f7737cc30c88f1205eac20175fd3155ae4376
C_src,Matin2012_state_010,Matin2012_state_010::MEACOO-,Matin2012,20.0,0.3099061981239625,0.0321,0.03250531324255776,evaluated,f66d972c032ce709ada69e8d8177e195c7e416800757663b7420c22bda5f6328,562b5976c7f6d44b782498480fce54bad1e3142d9541438f6d7a42a876a3df87,29f3847d4486b5353d002e62c09f7737cc30c88f1205eac20175fd3155ae4376
C_src,Matin2012_state_010,Matin2012_state_010::HCO3-,Matin2012,20.0,0.3099061981239625,0.0034,0.0022824608405363584,evaluated,f66d972c032ce709ada69e8d8177e195c7e416800757663b7420c22bda5f6328,562b5976c7f6d44b782498480fce54bad1e3142d9541438f6d7a42a876a3df87,29f3847d4486b5353d002e62c09f7737cc30c88f1205eac20175fd3155ae4376
C_src,Matin2012_state_011,Matin2012_state_011::MEA,Matin2012,20.0,0.33390667813356273,0.0419,0.03827264974300838,evaluated,f66d972c032ce709ada69e8d8177e195c7e416800757663b7420c22bda5f6328,562b5976c7f6d44b782498480fce54bad1e3142d9541438f6d7a42a876a3df87,29f3847d4486b5353d002e62c09f7737cc30c88f1205eac20175fd3155ae4376
C_src,Matin2012_state_011,Matin2012_state_011::MEAH+,Matin2012,20.0,0.33390667813356273,0.0349,0.03923539329606231,evaluated,f66d972c032ce709ada69e8d8177e195c7e416800757663b7420c22bda5f6328,562b5976c7f6d44b782498480fce54bad1e3142d9541438f6d7a42a876a3df87,29f3847d4486b5353d002e62c09f7737cc30c88f1205eac20175fd3155ae4376
C_src,Matin2012_state_011,Matin2012_state_011::MEACOO-,Matin2012,20.0,0.33390667813356273,0.0342,0.034710814265680935,evaluated,f66d972c032ce709ada69e8d8177e195c7e416800757663b7420c22bda5f6328,562b5976c7f6d44b782498480fce54bad1e3142d9541438f6d7a42a876a3df87,29f3847d4486b5353d002e62c09f7737cc30c88f1205eac20175fd3155ae4376
C_src,Matin2012_state_011,Matin2012_state_011::HCO3-,Matin2012,20.0,0.33390667813356273,0.004,0.0027701808604962378,evaluated,f66d972c032ce709ada69e8d8177e195c7e416800757663b7420c22bda5f6328,562b5976c7f6d44b782498480fce54bad1e3142d9541438f6d7a42a876a3df87,29f3847d4486b5353d002e62c09f7737cc30c88f1205eac20175fd3155ae4376
C_src,Matin2012_state_012,Matin2012_state_012::MEA,Matin2012,20.0,0.3579071581431629,0.0371,0.033114246745954035,evaluated,f66d972c032ce709ada69e8d8177e195c7e416800757663b7420c22bda5f6328,562b5976c7f6d44b782498480fce54bad1e3142d9541438f6d7a42a876a3df87,29f3847d4486b5353d002e62c09f7737cc30c88f1205eac20175fd3155ae4376
C_src,Matin2012_state_012,Matin2012_state_012::MEAH+,Matin2012,20.0,0.3579071581431629,0.0372,0.04228794753571529,evaluated,f66d972c032ce709ada69e8d8177e195c7e416800757663b7420c22bda5f6328,562b5976c7f6d44b782498480fce54bad1e3142d9541438f6d7a42a876a3df87,29f3847d4486b5353d002e62c09f7737cc30c88f1205eac20175fd3155ae4376
C_src,Matin2012_state_012,Matin2012_state_012::MEACOO-,Matin2012,20.0,0.3579071581431629,0.0362,0.03681665780759113,evaluated,f66d972c032ce709ada69e8d8177e195c7e416800757663b7420c22bda5f6328,562b5976c7f6d44b782498480fce54bad1e3142d9541438f6d7a42a876a3df87,29f3847d4486b5353d002e62c09f7737cc30c88f1205eac20175fd3155ae4376
C_src,Matin2012_state_012,Matin2012_state_012::HCO3-,Matin2012,20.0,0.3579071581431629,0.0046,0.003357541550691617,evaluated,f66d972c032ce709ada69e8d8177e195c7e416800757663b7420c22bda5f6328,562b5976c7f6d44b782498480fce54bad1e3142d9541438f6d7a42a876a3df87,29f3847d4486b5353d002e62c09f7737cc30c88f1205eac20175fd3155ae4376
C_src,Matin2012_state_013,Matin2012_state_013::MEA,Matin2012,20.0,0.3819076381527631,0.0322,0.028027483703562242,evaluated,f66d972c032ce709ada69e8d8177e195c7e416800757663b7420c22bda5f6328,562b5976c7f6d44b782498480fce54bad1e3142d9541438f6d7a42a876a3df87,29f3847d4486b5353d002e62c09f7737cc30c88f1205eac20175fd3155ae4376
C_src,Matin2012_state_013,Matin2012_state_013::MEAH+,Matin2012,20.0,0.3819076381527631,0.0394,0.04539440920717408,evaluated,f66d972c032ce709ada69e8d8177e195c7e416800757663b7420c22bda5f6328,562b5976c7f6d44b782498480fce54bad1e3142d9541438f6d7a42a876a3df87,29f3847d4486b5353d002e62c09f7737cc30c88f1205eac20175fd3155ae4376
C_src,Matin2012_state_013,Matin2012_state_013::MEACOO-,Matin2012,20.0,0.3819076381527631,0.0381,0.03879695081932193,evaluated,f66d972c032ce709ada69e8d8177e195c7e416800757663b7420c22bda5f6328,562b5976c7f6d44b782498480fce54bad1e3142d9541438f6d7a42a876a3df87,29f3847d4486b5353d002e62c09f7737cc30c88f1205eac20175fd3155ae4376
C_src,Matin2012_state_013,Matin2012_state_013::HCO3-,Matin2012,20.0,0.3819076381527631,0.0053,0.004070423305721353,evaluated,f66d972c032ce709ada69e8d8177e195c7e416800757663b7420c22bda5f6328,562b5976c7f6d44b782498480fce54bad1e3142d9541438f6d7a42a876a3df87,29f3847d4486b5353d002e62c09f7737cc30c88f1205eac20175fd3155ae4376
C_src,Matin2012_state_014,Matin2012_state_014::MEA,Matin2012,20.0,0.4059081181623633,0.0274,0.023051733623243725,evaluated,f66d972c032ce709ada69e8d8177e195c7e416800757663b7420c22bda5f6328,562b5976c7f6d44b782498480fce54bad1e3142d9541438f6d7a42a876a3df87,29f3847d4486b5353d002e62c09f7737cc30c88f1205eac20175fd3155ae4376
C_src,Matin2012_state_014,Matin2012_state_014::MEAH+,Matin2012,20.0,0.4059081181623633,0.0415,0.04855338374334006,evaluated,f66d972c032ce709ada69e8d8177e195c7e416800757663b7420c22bda5f6328,562b5976c7f6d44b782498480fce54bad1e3142d9541438f6d7a42a876a3df87,29f3847d4486b5353d002e62c09f7737cc30c88f1205eac20175fd3155ae4376
C_src,Matin2012_state_014,Matin2012_state_014::MEACOO-,Matin2012,20.0,0.4059081181623633,0.04,0.040613712066711376,evaluated,f66d972c032ce709ada69e8d8177e195c7e416800757663b7420c22bda5f6328,562b5976c7f6d44b782498480fce54bad1e3142d9541438f6d7a42a876a3df87,29f3847d4486b5353d002e62c09f7737cc30c88f1205eac20175fd3155ae4376
C_src,Matin2012_state_014,Matin2012_state_014::HCO3-,Matin2012,20.0,0.4059081181623633,0.0061,0.004946781102662236,evaluated,f66d972c032ce709ada69e8d8177e195c7e416800757663b7420c22bda5f6328,562b5976c7f6d44b782498480fce54bad1e3142d9541438f6d7a42a876a3df87,29f3847d4486b5353d002e62c09f7737cc30c88f1205eac20175fd3155ae4376
C_src,Matin2012_state_015,Matin2012_state_015::MEA,Matin2012,20.0,0.4309086181723635,0.0227,0.018064207783072862,evaluated,f66d972c032ce709ada69e8d8177e195c7e416800757663b7420c22bda5f6328,562b5976c7f6d44b782498480fce54bad1e3142d9541438f6d7a42a876a3df87,29f3847d4486b5353d002e62c09f7737cc30c88f1205eac20175fd3155ae4376
C_src,Matin2012_state_015,Matin2012_state_015::MEAH+,Matin2012,20.0,0.4309086181723635,0.0436,0.05188763433054378,evaluated,f66d972c032ce709ada69e8d8177e195c7e416800757663b7420c22bda5f6328,562b5976c7f6d44b782498480fce54bad1e3142d9541438f6d7a42a876a3df87,29f3847d4486b5353d002e62c09f7737cc30c88f1205eac20175fd3155ae4376
C_src,Matin2012_state_015,Matin2012_state_015::MEACOO-,Matin2012,20.0,0.4309086181723635,0.0417,0.04226695918157679,evaluated,f66d972c032ce709ada69e8d8177e195c7e416800757663b7420c22bda5f6328,562b5976c7f6d44b782498480fce54bad1e3142d9541438f6d7a42a876a3df87,29f3847d4486b5353d002e62c09f7737cc30c88f1205eac20175fd3155ae4376
C_src,Matin2012_state_015,Matin2012_state_015::HCO3-,Matin2012,20.0,0.4309086181723635,0.007,0.006098741853054482,evaluated,f66d972c032ce709ada69e8d8177e195c7e416800757663b7420c22bda5f6328,562b5976c7f6d44b782498480fce54bad1e3142d9541438f6d7a42a876a3df87,29f3847d4486b5353d002e62c09f7737cc30c88f1205eac20175fd3155ae4376
C_src,Matin2012_state_016,Matin2012_state_016::MEA,Matin2012,20.0,0.4549090981819637,0.0181,0.013603285931034851,evaluated,f66d972c032ce709ada69e8d8177e195c7e416800757663b7420c22bda5f6328,562b5976c7f6d44b782498480fce54bad1e3142d9541438f6d7a42a876a3df87,29f3847d4486b5353d002e62c09f7737cc30c88f1205eac20175fd3155ae4376
C_src,Matin2012_state_016,Matin2012_state_016::MEAH+,Matin2012,20.0,0.4549090981819637,0.0457,0.05509731763493112,evaluated,f66d972c032ce709ada69e8d8177e195c7e416800757663b7420c22bda5f6328,562b5976c7f6d44b782498480fce54bad1e3142d9541438f6d7a42a876a3df87,29f3847d4486b5353d002e62c09f7737cc30c88f1205eac20175fd3155ae4376
C_src,Matin2012_state_016,Matin2012_state_016::MEACOO-,Matin2012,20.0,0.4549090981819637,0.0433,0.04351814120747201,evaluated,f66d972c032ce709ada69e8d8177e195c7e416800757663b7420c22bda5f6328,562b5976c7f6d44b782498480fce54bad1e3142d9541438f6d7a42a876a3df87,29f3847d4486b5353d002e62c09f7737cc30c88f1205eac20175fd3155ae4376
C_src,Matin2012_state_016,Matin2012_state_016::HCO3-,Matin2012,20.0,0.4549090981819637,0.008,0.007540281666587484,evaluated,f66d972c032ce709ada69e8d8177e195c7e416800757663b7420c22bda5f6328,562b5976c7f6d44b782498480fce54bad1e3142d9541438f6d7a42a876a3df87,29f3847d4486b5353d002e62c09f7737cc30c88f1205eac20175fd3155ae4376
C_src,Matin2012_state_017,Matin2012_state_017::MEA,Matin2012,20.0,0.4799095981919638,0.0135,0.009556396254347866,evaluated,f66d972c032ce709ada69e8d8177e195c7e416800757663b7420c22bda5f6328,562b5976c7f6d44b782498480fce54bad1e3142d9541438f6d7a42a876a3df87,29f3847d4486b5353d002e62c09f7737cc30c88f1205eac20175fd3155ae4376
C_src,Matin2012_state_017,Matin2012_state_017::MEAH+,Matin2012,20.0,0.4799095981919638,0.0477,0.05837480878745135,evaluated,f66d972c032ce709ada69e8d8177e195c7e416800757663b7420c22bda5f6328,562b5976c7f6d44b782498480fce54bad1e3142d9541438f6d7a42a876a3df87,29f3847d4486b5353d002e62c09f7737cc30c88f1205eac20175fd3155ae4376
C_src,Matin2012_state_017,Matin2012_state_017::MEACOO-,Matin2012,20.0,0.4799095981919638,0.0448,0.04428740258723694,evaluated,f66d972c032ce709ada69e8d8177e195c7e416800757663b7420c22bda5f6328,562b5976c7f6d44b782498480fce54bad1e3142d9541438f6d7a42a876a3df87,29f3847d4486b5353d002e62c09f7737cc30c88f1205eac20175fd3155ae4376
C_src,Matin2012_state_017,Matin2012_state_017::HCO3-,Matin2012,20.0,0.4799095981919638,0.0091,0.009575200961499525,evaluated,f66d972c032ce709ada69e8d8177e195c7e416800757663b7420c22bda5f6328,562b5976c7f6d44b782498480fce54bad1e3142d9541438f6d7a42a876a3df87,29f3847d4486b5353d002e62c09f7737cc30c88f1205eac20175fd3155ae4376
C_src,Matin2012_state_018,Matin2012_state_018::MEA,Matin2012,20.0,0.5049100982019641,0.009,0.006453548613948997,evaluated,f66d972c032ce709ada69e8d8177e195c7e416800757663b7420c22bda5f6328,562b5976c7f6d44b782498480fce54bad1e3142d9541438f6d7a42a876a3df87,29f3847d4486b5353d002e62c09f7737cc30c88f1205eac20175fd3155ae4376
C_src,Matin2012_state_018,Matin2012_state_018::MEAH+,Matin2012,20.0,0.5049100982019641,0.0496,0.061473229210716386,evaluated,f66d972c032ce709ada69e8d8177e195c7e416800757663b7420c22bda5f6328,562b5976c7f6d44b782498480fce54bad1e3142d9541438f6d7a42a876a3df87,29f3847d4486b5353d002e62c09f7737cc30c88f1205eac20175fd3155ae4376
C_src,Matin2012_state_018,Matin2012_state_018::MEACOO-,Matin2012,20.0,0.5049100982019641,0.0462,0.04429149426169462,evaluated,f66d972c032ce709ada69e8d8177e195c7e416800757663b7420c22bda5f6328,562b5976c7f6d44b782498480fce54bad1e3142d9541438f6d7a42a876a3df87,29f3847d4486b5353d002e62c09f7737cc30c88f1205eac20175fd3155ae4376
C_src,Matin2012_state_018,Matin2012_state_018::HCO3-,Matin2012,20.0,0.5049100982019641,0.0102,0.012373414955126477,evaluated,f66d972c032ce709ada69e8d8177e195c7e416800757663b7420c22bda5f6328,562b5976c7f6d44b782498480fce54bad1e3142d9541438f6d7a42a876a3df87,29f3847d4486b5353d002e62c09f7737cc30c88f1205eac20175fd3155ae4376
C_src,Matin2012_state_019,Matin2012_state_019::MEA,Matin2012,20.0,0.5309106182123643,0.0046,0.004347919625962319,evaluated,f66d972c032ce709ada69e8d8177e195c7e416800757663b7420c22bda5f6328,562b5976c7f6d44b782498480fce54bad1e3142d9541438f6d7a42a876a3df87,29f3847d4486b5353d002e62c09f7737cc30c88f1205eac20175fd3155ae4376
C_src,Matin2012_state_019,Matin2012_state_019::MEAH+,Matin2012,20.0,0.5309106182123643,0.0515,0.06443814669681992,evaluated,f66d972c032ce709ada69e8d8177e195c7e416800757663b7420c22bda5f6328,562b5976c7f6d44b782498480fce54bad1e3142d9541438f6d7a42a876a3df87,29f3847d4486b5353d002e62c09f7737cc30c88f1205eac20175fd3155ae4376
C_src,Matin2012_state_019,Matin2012_state_019::MEACOO-,Matin2012,20.0,0.5309106182123643,0.0475,0.04343141963510706,evaluated,f66d972c032ce709ada69e8d8177e195c7e416800757663b7420c22bda5f6328,562b5976c7f6d44b782498480fce54bad1e3142d9541438f6d7a42a876a3df87,29f3847d4486b5353d002e62c09f7737cc30c88f1205eac20175fd3155ae4376
C_src,Matin2012_state_019,Matin2012_state_019::HCO3-,Matin2012,20.0,0.5309106182123643,0.0114,0.0161437419072298,evaluated,f66d972c032ce709ada69e8d8177e195c7e416800757663b7420c22bda5f6328,562b5976c7f6d44b782498480fce54bad1e3142d9541438f6d7a42a876a3df87,29f3847d4486b5353d002e62c09f7737cc30c88f1205eac20175fd3155ae4376
C_src,canonical:vle_obs_0034,vle_obs_0034-pco2,Aronu2011,40.0,0.10200204004080081,1.6,1.9913409280765588,evaluated,f66d972c032ce709ada69e8d8177e195c7e416800757663b7420c22bda5f6328,562b5976c7f6d44b782498480fce54bad1e3142d9541438f6d7a42a876a3df87,29f3847d4486b5353d002e62c09f7737cc30c88f1205eac20175fd3155ae4376
C_src,canonical:vle_obs_0035,vle_obs_0035-pco2,Aronu2011,40.0,0.20600412008240165,12.3,11.988168658695264,evaluated,f66d972c032ce709ada69e8d8177e195c7e416800757663b7420c22bda5f6328,562b5976c7f6d44b782498480fce54bad1e3142d9541438f6d7a42a876a3df87,29f3847d4486b5353d002e62c09f7737cc30c88f1205eac20175fd3155ae4376
C_src,canonical:vle_obs_0036,vle_obs_0036-pco2,Aronu2011,40.0,0.250005000100002,24.6,23.00460931613166,evaluated,f66d972c032ce709ada69e8d8177e195c7e416800757663b7420c22bda5f6328,562b5976c7f6d44b782498480fce54bad1e3142d9541438f6d7a42a876a3df87,29f3847d4486b5353d002e62c09f7737cc30c88f1205eac20175fd3155ae4376
C_src,canonical:vle_obs_0037,vle_obs_0037-pco2,Aronu2011,40.0,0.33700674013480275,60.3,86.43858243277292,evaluated,f66d972c032ce709ada69e8d8177e195c7e416800757663b7420c22bda5f6328,562b5976c7f6d44b782498480fce54bad1e3142d9541438f6d7a42a876a3df87,29f3847d4486b5353d002e62c09f7737cc30c88f1205eac20175fd3155ae4376
C_src,canonical:vle_obs_0038,vle_obs_0038-pco2,Aronu2011,40.0,0.3530070601412028,85.1,112.62923786423076,evaluated,f66d972c032ce709ada69e8d8177e195c7e416800757663b7420c22bda5f6328,562b5976c7f6d44b782498480fce54bad1e3142d9541438f6d7a42a876a3df87,29f3847d4486b5353d002e62c09f7737cc30c88f1205eac20175fd3155ae4376
C_src,canonical:vle_obs_0039,vle_obs_0039-pco2,Aronu2011,40.0,0.40100802016040327,183.5,269.3783713288915,evaluated,f66d972c032ce709ada69e8d8177e195c7e416800757663b7420c22bda5f6328,562b5976c7f6d44b782498480fce54bad1e3142d9541438f6d7a42a876a3df87,29f3847d4486b5353d002e62c09f7737cc30c88f1205eac20175fd3155ae4376
C_src,canonical:vle_obs_0040,vle_obs_0040-pco2,Aronu2011,40.0,0.4170083401668033,292.8,372.8460306194533,evaluated,f66d972c032ce709ada69e8d8177e195c7e416800757663b7420c22bda5f6328,562b5976c7f6d44b782498480fce54bad1e3142d9541438f6d7a42a876a3df87,29f3847d4486b5353d002e62c09f7737cc30c88f1205eac20175fd3155ae4376
C_src,canonical:vle_obs_0041,vle_obs_0041-pco2,Aronu2011,40.0,0.42100842016840334,318.79999999999995,405.7194413662535,evaluated,f66d972c032ce709ada69e8d8177e195c7e416800757663b7420c22bda5f6328,562b5976c7f6d44b782498480fce54bad1e3142d9541438f6d7a42a876a3df87,29f3847d4486b5353d002e62c09f7737cc30c88f1205eac20175fd3155ae4376
C_src,canonical:vle_obs_0042,vle_obs_0042-pco2,Aronu2011,40.0,0.43300866017320344,380.90000000000003,527.087997084837,evaluated,f66d972c032ce709ada69e8d8177e195c7e416800757663b7420c22bda5f6328,562b5976c7f6d44b782498480fce54bad1e3142d9541438f6d7a42a876a3df87,29f3847d4486b5353d002e62c09f7737cc30c88f1205eac20175fd3155ae4376
C_src,canonical:vle_obs_0043,vle_obs_0043-pco2,Aronu2011,40.0,0.4470089401788036,570.2,726.752310752122,evaluated,f66d972c032ce709ada69e8d8177e195c7e416800757663b7420c22bda5f6328,562b5976c7f6d44b782498480fce54bad1e3142d9541438f6d7a42a876a3df87,29f3847d4486b5353d002e62c09f7737cc30c88f1205eac20175fd3155ae4376
C_src,canonical:vle_obs_0044,vle_obs_0044-pco2,Aronu2011,40.0,0.4640092801856037,1066.2,1097.2031670936153,evaluated,f66d972c032ce709ada69e8d8177e195c7e416800757663b7420c22bda5f6328,562b5976c7f6d44b782498480fce54bad1e3142d9541438f6d7a42a876a3df87,29f3847d4486b5353d002e62c09f7737cc30c88f1205eac20175fd3155ae4376
C_src,canonical:vle_obs_0045,vle_obs_0045-pco2,Aronu2011,40.0,0.4760095201904038,1832.6,1484.7977994036212,evaluated,f66d972c032ce709ada69e8d8177e195c7e416800757663b7420c22bda5f6328,562b5976c7f6d44b782498480fce54bad1e3142d9541438f6d7a42a876a3df87,29f3847d4486b5353d002e62c09f7737cc30c88f1205eac20175fd3155ae4376
C_src,canonical:vle_obs_0046,vle_obs_0046-pco2,Aronu2011,40.0,0.4770095401908038,1827.8000000000002,1523.1888089936917,evaluated,f66d972c032ce709ada69e8d8177e195c7e416800757663b7420c22bda5f6328,562b5976c7f6d44b782498480fce54bad1e3142d9541438f6d7a42a876a3df87,29f3847d4486b5353d002e62c09f7737cc30c88f1205eac20175fd3155ae4376
C_src,canonical:vle_obs_0047,vle_obs_0047-pco2,Aronu2011,40.0,0.48500970019400386,2319.3,1870.3943562369882,evaluated,f66d972c032ce709ada69e8d8177e195c7e416800757663b7420c22bda5f6328,562b5976c7f6d44b782498480fce54bad1e3142d9541438f6d7a42a876a3df87,29f3847d4486b5353d002e62c09f7737cc30c88f1205eac20175fd3155ae4376
C_src,canonical:vle_obs_0048,vle_obs_0048-pco2,Aronu2011,40.0,0.4890097801956039,2857.7,2073.562698556054,evaluated,f66d972c032ce709ada69e8d8177e195c7e416800757663b7420c22bda5f6328,562b5976c7f6d44b782498480fce54bad1e3142d9541438f6d7a42a876a3df87,29f3847d4486b5353d002e62c09f7737cc30c88f1205eac20175fd3155ae4376
C_src,canonical:vle_obs_0049,vle_obs_0049-pco2,Aronu2011,40.0,0.5160103202064041,8558.3,4119.997541713286,evaluated,f66d972c032ce709ada69e8d8177e195c7e416800757663b7420c22bda5f6328,562b5976c7f6d44b782498480fce54bad1e3142d9541438f6d7a42a876a3df87,29f3847d4486b5353d002e62c09f7737cc30c88f1205eac20175fd3155ae4376
C_src,canonical:vle_obs_0050,vle_obs_0050-pco2,Aronu2011,40.0,0.5240104802096043,11812.0,5005.633725360423,evaluated,f66d972c032ce709ada69e8d8177e195c7e416800757663b7420c22bda5f6328,562b5976c7f6d44b782498480fce54bad1e3142d9541438f6d7a42a876a3df87,29f3847d4486b5353d002e62c09f7737cc30c88f1205eac20175fd3155ae4376
C_src,canonical:vle_obs_0051,vle_obs_0051-pco2,Aronu2011,60.0,0.053001060021200426,4.5,3.0923409423408903,evaluated,f66d972c032ce709ada69e8d8177e195c7e416800757663b7420c22bda5f6328,562b5976c7f6d44b782498480fce54bad1e3142d9541438f6d7a42a876a3df87,29f3847d4486b5353d002e62c09f7737cc30c88f1205eac20175fd3155ae4376
C_src,canonical:vle_obs_0052,vle_obs_0052-pco2,Aronu2011,60.0,0.10500210004200083,15.4,12.665506992799504,evaluated,f66d972c032ce709ada69e8d8177e195c7e416800757663b7420c22bda5f6328,562b5976c7f6d44b782498480fce54bad1e3142d9541438f6d7a42a876a3df87,29f3847d4486b5353d002e62c09f7737cc30c88f1205eac20175fd3155ae4376
C_src,canonical:vle_obs_0053,vle_obs_0053-pco2,Aronu2011,60.0,0.1620032400648013,42.7,36.70578802081082,evaluated,f66d972c032ce709ada69e8d8177e195c7e416800757663b7420c22bda5f6328,562b5976c7f6d44b782498480fce54bad1e3142d9541438f6d7a42a876a3df87,29f3847d4486b5353d002e62c09f7737cc30c88f1205eac20175fd3155ae4376
C_src,canonical:vle_obs_0054,vle_obs_0054-pco2,Aronu2011,60.0,0.24400488009760196,134.8,132.3244785894749,evaluated,f66d972c032ce709ada69e8d8177e195c7e416800757663b7420c22bda5f6328,562b5976c7f6d44b782498480fce54bad1e3142d9541438f6d7a42a876a3df87,29f3847d4486b5353d002e62c09f7737cc30c88f1205eac20175fd3155ae4376
C_src,canonical:vle_obs_0055,vle_obs_0055-pco2,Aronu2011,60.0,0.3030060601212024,301.5,325.03284451826147,evaluated,f66d972c032ce709ada69e8d8177e195c7e416800757663b7420c22bda5f6328,562b5976c7f6d44b782498480fce54bad1e3142d9541438f6d7a42a876a3df87,29f3847d4486b5353d002e62c09f7737cc30c88f1205eac20175fd3155ae4376
C_src,canonical:vle_obs_0056,vle_obs_0056-pco2,Aronu2011,60.0,0.3600072001440029,643.5999999999999,821.7164321111022,evaluated,f66d972c032ce709ada69e8d8177e195c7e416800757663b7420c22bda5f6328,562b5976c7f6d44b782498480fce54bad1e3142d9541438f6d7a42a876a3df87,29f3847d4486b5353d002e62c09f7737cc30c88f1205eac20175fd3155ae4376
C_src,canonical:vle_obs_0057,vle_obs_0057-pco2,Aronu2011,60.0,0.3930078601572032,1097.0,1480.443090900878,evaluated,f66d972c032ce709ada69e8d8177e195c7e416800757663b7420c22bda5f6328,562b5976c7f6d44b782498480fce54bad1e3142d9541438f6d7a42a876a3df87,29f3847d4486b5353d002e62c09f7737cc30c88f1205eac20175fd3155ae4376
C_src,canonical:vle_obs_0058,vle_obs_0058-pco2,Aronu2011,60.0,0.4280085601712034,2501.3999999999996,2922.371473539654,evaluated,f66d972c032ce709ada69e8d8177e195c7e416800757663b7420c22bda5f6328,562b5976c7f6d44b782498480fce54bad1e3142d9541438f6d7a42a876a3df87,29f3847d4486b5353d002e62c09f7737cc30c88f1205eac20175fd3155ae4376
C_src,canonical:vle_obs_0059,vle_obs_0059-pco2,Aronu2011,60.0,0.49100982019640393,13558.0,11169.007259169439,evaluated,f66d972c032ce709ada69e8d8177e195c7e416800757663b7420c22bda5f6328,562b5976c7f6d44b782498480fce54bad1e3142d9541438f6d7a42a876a3df87,29f3847d4486b5353d002e62c09f7737cc30c88f1205eac20175fd3155ae4376
C_src,canonical:vle_obs_0060,vle_obs_0060-pco2,Aronu2011,80.0,0.017000340006800136,5.6,2.0128606069939807,evaluated,f66d972c032ce709ada69e8d8177e195c7e416800757663b7420c22bda5f6328,562b5976c7f6d44b782498480fce54bad1e3142d9541438f6d7a42a876a3df87,29f3847d4486b5353d002e62c09f7737cc30c88f1205eac20175fd3155ae4376
C_src,canonical:vle_obs_0061,vle_obs_0061-pco2,Aronu2011,80.0,0.04000080001600032,21.9,9.591481780621018,evaluated,f66d972c032ce709ada69e8d8177e195c7e416800757663b7420c22bda5f6328,562b5976c7f6d44b782498480fce54bad1e3142d9541438f6d7a42a876a3df87,29f3847d4486b5353d002e62c09f7737cc30c88f1205eac20175fd3155ae4376
C_src,canonical:vle_obs_0062,vle_obs_0062-pco2,Aronu2011,80.0,0.0750015000300006,55.7,32.81506752759134,evaluated,f66d972c032ce709ada69e8d8177e195c7e416800757663b7420c22bda5f6328,562b5976c7f6d44b782498480fce54bad1e3142d9541438f6d7a42a876a3df87,29f3847d4486b5353d002e62c09f7737cc30c88f1205eac20175fd3155ae4376
C_src,canonical:vle_obs_0063,vle_obs_0063-pco2,Aronu2011,80.0,0.12200244004880098,140.6,96.3766582080958,evaluated,f66d972c032ce709ada69e8d8177e195c7e416800757663b7420c22bda5f6328,562b5976c7f6d44b782498480fce54bad1e3142d9541438f6d7a42a876a3df87,29f3847d4486b5353d002e62c09f7737cc30c88f1205eac20175fd3155ae4376
C_src,canonical:vle_obs_0064,vle_obs_0064-pco2,Aronu2011,80.0,0.15500310006200124,248.5,176.8627013682526,evaluated,f66d972c032ce709ada69e8d8177e195c7e416800757663b7420c22bda5f6328,562b5976c7f6d44b782498480fce54bad1e3142d9541438f6d7a42a876a3df87,29f3847d4486b5353d002e62c09f7737cc30c88f1205eac20175fd3155ae4376
C_src,canonical:vle_obs_0065,vle_obs_0065-pco2,Aronu2011,80.0,0.21600432008640172,613.7,476.30444909020906,evaluated,f66d972c032ce709ada69e8d8177e195c7e416800757663b7420c22bda5f6328,562b5976c7f6d44b782498480fce54bad1e3142d9541438f6d7a42a876a3df87,29f3847d4486b5353d002e62c09f7737cc30c88f1205eac20175fd3155ae4376
C_src,canonical:vle_obs_0066,vle_obs_0066-pco2,Aronu2011,80.0,0.2710054201084022,1253.8,1106.6072414928399,evaluated,f66d972c032ce709ada69e8d8177e195c7e416800757663b7420c22bda5f6328,562b5976c7f6d44b782498480fce54bad1e3142d9541438f6d7a42a876a3df87,29f3847d4486b5353d002e62c09f7737cc30c88f1205eac20175fd3155ae4376
C_src,canonical:vle_obs_0067,vle_obs_0067-pco2,Aronu2011,80.0,0.34700694013880273,3752.2000000000003,3668.6573922184816,evaluated,f66d972c032ce709ada69e8d8177e195c7e416800757663b7420c22bda5f6328,562b5976c7f6d44b782498480fce54bad1e3142d9541438f6d7a42a876a3df87,29f3847d4486b5353d002e62c09f7737cc30c88f1205eac20175fd3155ae4376
C_src,canonical:vle_obs_0068,vle_obs_0068-pco2,Aronu2011,80.0,0.4000080001600032,7938.7,9118.267364201241,evaluated,f66d972c032ce709ada69e8d8177e195c7e416800757663b7420c22bda5f6328,562b5976c7f6d44b782498480fce54bad1e3142d9541438f6d7a42a876a3df87,29f3847d4486b5353d002e62c09f7737cc30c88f1205eac20175fd3155ae4376
C_src,canonical:vle_obs_0069,vle_obs_0069-pco2,Aronu2011,80.0,0.3980079601592032,8303.1,8797.760240022539,evaluated,f66d972c032ce709ada69e8d8177e195c7e416800757663b7420c22bda5f6328,562b5976c7f6d44b782498480fce54bad1e3142d9541438f6d7a42a876a3df87,29f3847d4486b5353d002e62c09f7737cc30c88f1205eac20175fd3155ae4376
C_src,canonical:vle_obs_0119,vle_obs_0119-pco2,Hilliard2008,40.0,0.15300306006120123,5.7,5.191306783250678,evaluated,f66d972c032ce709ada69e8d8177e195c7e416800757663b7420c22bda5f6328,562b5976c7f6d44b782498480fce54bad1e3142d9541438f6d7a42a876a3df87,29f3847d4486b5353d002e62c09f7737cc30c88f1205eac20175fd3155ae4376
C_src,canonical:vle_obs_0120,vle_obs_0120-pco2,Hilliard2008,40.0,0.1630032600652013,6.64,6.1279179780821105,evaluated,f66d972c032ce709ada69e8d8177e195c7e416800757663b7420c22bda5f6328,562b5976c7f6d44b782498480fce54bad1e3142d9541438f6d7a42a876a3df87,29f3847d4486b5353d002e62c09f7737cc30c88f1205eac20175fd3155ae4376
C_src,canonical:vle_obs_0121,vle_obs_0121-pco2,Hilliard2008,40.0,0.17000340006800138,7.21,6.863648042987309,evaluated,f66d972c032ce709ada69e8d8177e195c7e416800757663b7420c22bda5f6328,562b5976c7f6d44b782498480fce54bad1e3142d9541438f6d7a42a876a3df87,29f3847d4486b5353d002e62c09f7737cc30c88f1205eac20175fd3155ae4376
C_src,canonical:vle_obs_0122,vle_obs_0122-pco2,Hilliard2008,40.0,0.19100382007640154,9.950000000000001,9.542827098231818,evaluated,f66d972c032ce709ada69e8d8177e195c7e416800757663b7420c22bda5f6328,562b5976c7f6d44b782498480fce54bad1e3142d9541438f6d7a42a876a3df87,29f3847d4486b5353d002e62c09f7737cc30c88f1205eac20175fd3155ae4376
C_src,canonical:vle_obs_0123,vle_obs_0123-pco2,Hilliard2008,40.0,0.19400388007760155,9.85,9.992320374064864,evaluated,f66d972c032ce709ada69e8d8177e195c7e416800757663b7420c22bda5f6328,562b5976c7f6d44b782498480fce54bad1e3142d9541438f6d7a42a876a3df87,29f3847d4486b5353d002e62c09f7737cc30c88f1205eac20175fd3155ae4376
C_src,canonical:vle_obs_0124,vle_obs_0124-pco2,Hilliard2008,40.0,0.23200464009280186,14.6,17.650967337574503,evaluated,f66d972c032ce709ada69e8d8177e195c7e416800757663b7420c22bda5f6328,562b5976c7f6d44b782498480fce54bad1e3142d9541438f6d7a42a876a3df87,29f3847d4486b5353d002e62c09f7737cc30c88f1205eac20175fd3155ae4376
C_src,canonical:vle_obs_0125,vle_obs_0125-pco2,Hilliard2008,40.0,0.24600492009840197,19.099999999999998,21.690702247758374,evaluated,f66d972c032ce709ada69e8d8177e195c7e416800757663b7420c22bda5f6328,562b5976c7f6d44b782498480fce54bad1e3142d9541438f6d7a42a876a3df87,29f3847d4486b5353d002e62c09f7737cc30c88f1205eac20175fd3155ae4376
C_src,canonical:vle_obs_0126,vle_obs_0126-pco2,Hilliard2008,40.0,0.26900538010760217,23.099999999999998,30.43601031338054,evaluated,f66d972c032ce709ada69e8d8177e195c7e416800757663b7420c22bda5f6328,562b5976c7f6d44b782498480fce54bad1e3142d9541438f6d7a42a876a3df87,29f3847d4486b5353d002e62c09f7737cc30c88f1205eac20175fd3155ae4376
C_src,canonical:vle_obs_0127,vle_obs_0127-pco2,Hilliard2008,40.0,0.2720054401088022,22.4,31.81762586704981,evaluated,f66d972c032ce709ada69e8d8177e195c7e416800757663b7420c22bda5f6328,562b5976c7f6d44b782498480fce54bad1e3142d9541438f6d7a42a876a3df87,29f3847d4486b5353d002e62c09f7737cc30c88f1205eac20175fd3155ae4376
C_src,canonical:vle_obs_0128,vle_obs_0128-pco2,Hilliard2008,40.0,0.3260065201304026,48.5,72.4547673048719,evaluated,f66d972c032ce709ada69e8d8177e195c7e416800757663b7420c22bda5f6328,562b5976c7f6d44b782498480fce54bad1e3142d9541438f6d7a42a876a3df87,29f3847d4486b5353d002e62c09f7737cc30c88f1205eac20175fd3155ae4376
C_src,canonical:vle_obs_0129,vle_obs_0129-pco2,Hilliard2008,40.0,0.3480069601392028,66.19999999999999,103.57274642965434,evaluated,f66d972c032ce709ada69e8d8177e195c7e416800757663b7420c22bda5f6328,562b5976c7f6d44b782498480fce54bad1e3142d9541438f6d7a42a876a3df87,29f3847d4486b5353d002e62c09f7737cc30c88f1205eac20175fd3155ae4376
C_src,canonical:vle_obs_0130,vle_obs_0130-pco2,Hilliard2008,40.0,0.3500070001400028,72.1,107.09070320240717,evaluated,f66d972c032ce709ada69e8d8177e195c7e416800757663b7420c22bda5f6328,562b5976c7f6d44b782498480fce54bad1e3142d9541438f6d7a42a876a3df87,29f3847d4486b5353d002e62c09f7737cc30c88f1205eac20175fd3155ae4376
C_src,canonical:vle_obs_0131,vle_obs_0131-pco2,Hilliard2008,40.0,0.3600072001440029,96.60000000000001,126.89258308347685,evaluated,f66d972c032ce709ada69e8d8177e195c7e416800757663b7420c22bda5f6328,562b5976c7f6d44b782498480fce54bad1e3142d9541438f6d7a42a876a3df87,29f3847d4486b5353d002e62c09f7737cc30c88f1205eac20175fd3155ae4376
C_src,canonical:vle_obs_0132,vle_obs_0132-pco2,Hilliard2008,40.0,0.3820076401528031,131.0,187.6304086684477,evaluated,f66d972c032ce709ada69e8d8177e195c7e416800757663b7420c22bda5f6328,562b5976c7f6d44b782498480fce54bad1e3142d9541438f6d7a42a876a3df87,29f3847d4486b5353d002e62c09f7737cc30c88f1205eac20175fd3155ae4376
C_src,canonical:vle_obs_0133,vle_obs_0133-pco2,Hilliard2008,40.0,0.3860077201544031,120.0,202.06865353366712,evaluated,f66d972c032ce709ada69e8d8177e195c7e416800757663b7420c22bda5f6328,562b5976c7f6d44b782498480fce54bad1e3142d9541438f6d7a42a876a3df87,29f3847d4486b5353d002e62c09f7737cc30c88f1205eac20175fd3155ae4376
C_src,canonical:vle_obs_0134,vle_obs_0134-pco2,Hilliard2008,40.0,0.3890077801556031,113.0,213.76583266236162,evaluated,f66d972c032ce709ada69e8d8177e195c7e416800757663b7420c22bda5f6328,562b5976c7f6d44b782498480fce54bad1e3142d9541438f6d7a42a876a3df87,29f3847d4486b5353d002e62c09f7737cc30c88f1205eac20175fd3155ae4376
C_src,canonical:vle_obs_0135,vle_obs_0135-pco2,Hilliard2008,40.0,0.4000080001600032,128.0,264.1337446207191,evaluated,f66d972c032ce709ada69e8d8177e195c7e416800757663b7420c22bda5f6328,562b5976c7f6d44b782498480fce54bad1e3142d9541438f6d7a42a876a3df87,29f3847d4486b5353d002e62c09f7737cc30c88f1205eac20175fd3155ae4376
C_src,canonical:vle_obs_0136,vle_obs_0136-pco2,Hilliard2008,40.0,0.4640092801856037,750.0,1097.2031670936153,evaluated,f66d972c032ce709ada69e8d8177e195c7e416800757663b7420c22bda5f6328,562b5976c7f6d44b782498480fce54bad1e3142d9541438f6d7a42a876a3df87,29f3847d4486b5353d002e62c09f7737cc30c88f1205eac20175fd3155ae4376
C_src,canonical:vle_obs_0137,vle_obs_0137-pco2,Hilliard2008,40.0,0.4660093201864038,574.0,1153.2840179828702,evaluated,f66d972c032ce709ada69e8d8177e195c7e416800757663b7420c22bda5f6328,562b5976c7f6d44b782498480fce54bad1e3142d9541438f6d7a42a876a3df87,29f3847d4486b5353d002e62c09f7737cc30c88f1205eac20175fd3155ae4376
C_src,canonical:vle_obs_0138,vle_obs_0138-pco2,Hilliard2008,40.0,0.48100962019240384,883.0,1687.5288715599424,evaluated,f66d972c032ce709ada69e8d8177e195c7e416800757663b7420c22bda5f6328,562b5976c7f6d44b782498480fce54bad1e3142d9541438f6d7a42a876a3df87,29f3847d4486b5353d002e62c09f7737cc30c88f1205eac20175fd3155ae4376
C_src,canonical:vle_obs_0139,vle_obs_0139-pco2,Hilliard2008,40.0,0.49100982019640393,1100.0,2183.334842373149,evaluated,f66d972c032ce709ada69e8d8177e195c7e416800757663b7420c22bda5f6328,562b5976c7f6d44b782498480fce54bad1e3142d9541438f6d7a42a876a3df87,29f3847d4486b5353d002e62c09f7737cc30c88f1205eac20175fd3155ae4376
C_src,canonical:vle_obs_0140,vle_obs_0140-pco2,Hilliard2008,40.0,0.501010020200404,1870.0,2823.5617015512908,evaluated,f66d972c032ce709ada69e8d8177e195c7e416800757663b7420c22bda5f6328,562b5976c7f6d44b782498480fce54bad1e3142d9541438f6d7a42a876a3df87,29f3847d4486b5353d002e62c09f7737cc30c88f1205eac20175fd3155ae4376
C_src,canonical:vle_obs_0141,vle_obs_0141-pco2,Hilliard2008,40.0,0.5180103602072041,3030.0,4327.808813316697,evaluated,f66d972c032ce709ada69e8d8177e195c7e416800757663b7420c22bda5f6328,562b5976c7f6d44b782498480fce54bad1e3142d9541438f6d7a42a876a3df87,29f3847d4486b5353d002e62c09f7737cc30c88f1205eac20175fd3155ae4376
C_src,canonical:vle_obs_0142,vle_obs_0142-pco2,Hilliard2008,40.0,0.5910118202364048,28300.0,19277.156039674446,evaluated,f66d972c032ce709ada69e8d8177e195c7e416800757663b7420c22bda5f6328,562b5976c7f6d44b782498480fce54bad1e3142d9541438f6d7a42a876a3df87,29f3847d4486b5353d002e62c09f7737cc30c88f1205eac20175fd3155ae4376
C_src,canonical:vle_obs_0143,vle_obs_0143-pco2,Hilliard2008,60.0,0.11400228004560092,19.400000000000002,15.276906425080924,evaluated,f66d972c032ce709ada69e8d8177e195c7e416800757663b7420c22bda5f6328,562b5976c7f6d44b782498480fce54bad1e3142d9541438f6d7a42a876a3df87,29f3847d4486b5353d002e62c09f7737cc30c88f1205eac20175fd3155ae4376
C_src,canonical:vle_obs_0144,vle_obs_0144-pco2,Hilliard2008,60.0,0.19100382007640154,58.9,58.742909890559595,evaluated,f66d972c032ce709ada69e8d8177e195c7e416800757663b7420c22bda5f6328,562b5976c7f6d44b782498480fce54bad1e3142d9541438f6d7a42a876a3df87,29f3847d4486b5353d002e62c09f7737cc30c88f1205eac20175fd3155ae4376
C_src,canonical:vle_obs_0145,vle_obs_0145-pco2,Hilliard2008,60.0,0.2910058201164023,209.0,269.9595455293635,evaluated,f66d972c032ce709ada69e8d8177e195c7e416800757663b7420c22bda5f6328,562b5976c7f6d44b782498480fce54bad1e3142d9541438f6d7a42a876a3df87,29f3847d4486b5353d002e62c09f7737cc30c88f1205eac20175fd3155ae4376
C_src,canonical:vle_obs_0146,vle_obs_0146-pco2,Hilliard2008,60.0,0.3860077201544031,763.0,1301.4351456281029,evaluated,f66d972c032ce709ada69e8d8177e195c7e416800757663b7420c22bda5f6328,562b5976c7f6d44b782498480fce54bad1e3142d9541438f6d7a42a876a3df87,29f3847d4486b5353d002e62c09f7737cc30c88f1205eac20175fd3155ae4376
C_src,canonical:vle_obs_0147,vle_obs_0147-pco2,Hilliard2008,60.0,0.48500970019400386,4860.0,9813.855041711162,evaluated,f66d972c032ce709ada69e8d8177e195c7e416800757663b7420c22bda5f6328,562b5976c7f6d44b782498480fce54bad1e3142d9541438f6d7a42a876a3df87,29f3847d4486b5353d002e62c09f7737cc30c88f1205eac20175fd3155ae4376
C_src,canonical:vle_obs_0148,vle_obs_0148-pco2,Hilliard2008,60.0,0.5440108802176044,25800.0,32391.567121146258,evaluated,f66d972c032ce709ada69e8d8177e195c7e416800757663b7420c22bda5f6328,562b5976c7f6d44b782498480fce54bad1e3142d9541438f6d7a42a876a3df87,29f3847d4486b5353d002e62c09f7737cc30c88f1205eac20175fd3155ae4376
C_src,canonical:vle_obs_0162,vle_obs_0162-pco2,Idris2014,40.0,0.24200484009680193,21.0,20.451598048165035,evaluated,f66d972c032ce709ada69e8d8177e195c7e416800757663b7420c22bda5f6328,562b5976c7f6d44b782498480fce54bad1e3142d9541438f6d7a42a876a3df87,29f3847d4486b5353d002e62c09f7737cc30c88f1205eac20175fd3155ae4376
C_src,canonical:vle_obs_0163,vle_obs_0163-pco2,Idris2014,40.0,0.3210064201284026,38.0,66.95486173462145,evaluated,f66d972c032ce709ada69e8d8177e195c7e416800757663b7420c22bda5f6328,562b5976c7f6d44b782498480fce54bad1e3142d9541438f6d7a42a876a3df87,29f3847d4486b5353d002e62c09f7737cc30c88f1205eac20175fd3155ae4376
C_src,canonical:vle_obs_0164,vle_obs_0164-pco2,Idris2014,40.0,0.33000660013200267,43.0,77.22085928426387,evaluated,f66d972c032ce709ada69e8d8177e195c7e416800757663b7420c22bda5f6328,562b5976c7f6d44b782498480fce54bad1e3142d9541438f6d7a42a876a3df87,29f3847d4486b5353d002e62c09f7737cc30c88f1205eac20175fd3155ae4376
C_src,canonical:vle_obs_0165,vle_obs_0165-pco2,Idris2014,40.0,0.3450069001380027,50.0,98.54200134178788,evaluated,f66d972c032ce709ada69e8d8177e195c7e416800757663b7420c22bda5f6328,562b5976c7f6d44b782498480fce54bad1e3142d9541438f6d7a42a876a3df87,29f3847d4486b5353d002e62c09f7737cc30c88f1205eac20175fd3155ae4376
C_src,canonical:vle_obs_0166,vle_obs_0166-pco2,Idris2014,40.0,0.3520070401408028,64.0,110.74710403903978,evaluated,f66d972c032ce709ada69e8d8177e195c7e416800757663b7420c22bda5f6328,562b5976c7f6d44b782498480fce54bad1e3142d9541438f6d7a42a876a3df87,29f3847d4486b5353d002e62c09f7737cc30c88f1205eac20175fd3155ae4376
C_src,canonical:vle_obs_0167,vle_obs_0167-pco2,Idris2014,40.0,0.3550071001420028,97.0,116.50559863414789,evaluated,f66d972c032ce709ada69e8d8177e195c7e416800757663b7420c22bda5f6328,562b5976c7f6d44b782498480fce54bad1e3142d9541438f6d7a42a876a3df87,29f3847d4486b5353d002e62c09f7737cc30c88f1205eac20175fd3155ae4376
C_src,canonical:vle_obs_0168,vle_obs_0168-pco2,Idris2014,40.0,0.375007500150003,107.0,165.18988164270596,evaluated,f66d972c032ce709ada69e8d8177e195c7e416800757663b7420c22bda5f6328,562b5976c7f6d44b782498480fce54bad1e3142d9541438f6d7a42a876a3df87,29f3847d4486b5353d002e62c09f7737cc30c88f1205eac20175fd3155ae4376
C_src,canonical:vle_obs_0169,vle_obs_0169-pco2,Idris2014,40.0,0.377007540150803,123.0,171.2617627377046,evaluated,f66d972c032ce709ada69e8d8177e195c7e416800757663b7420c22bda5f6328,562b5976c7f6d44b782498480fce54bad1e3142d9541438f6d7a42a876a3df87,29f3847d4486b5353d002e62c09f7737cc30c88f1205eac20175fd3155ae4376
C_src,canonical:vle_obs_0170,vle_obs_0170-pco2,Idris2014,40.0,0.4360087201744035,445.0,563.8324330750903,evaluated,f66d972c032ce709ada69e8d8177e195c7e416800757663b7420c22bda5f6328,562b5976c7f6d44b782498480fce54bad1e3142d9541438f6d7a42a876a3df87,29f3847d4486b5353d002e62c09f7737cc30c88f1205eac20175fd3155ae4376
C_src,canonical:vle_obs_0171,vle_obs_0171-pco2,Idris2014,40.0,0.4600092001840037,813.0,993.8896135797294,evaluated,f66d972c032ce709ada69e8d8177e195c7e416800757663b7420c22bda5f6328,562b5976c7f6d44b782498480fce54bad1e3142d9541438f6d7a42a876a3df87,29f3847d4486b5353d002e62c09f7737cc30c88f1205eac20175fd3155ae4376
C_src,canonical:vle_obs_0186,vle_obs_0186-pco2,Jou1995,40.0,0.08880177603552071,1.47,1.4783890910358022,evaluated,f66d972c032ce709ada69e8d8177e195c7e416800757663b7420c22bda5f6328,562b5976c7f6d44b782498480fce54bad1e3142d9541438f6d7a42a876a3df87,29f3847d4486b5353d002e62c09f7737cc30c88f1205eac20175fd3155ae4376
C_src,canonical:vle_obs_0187,vle_obs_0187-pco2,Jou1995,40.0,0.20300406008120164,8.959999999999999,11.45775436936841,evaluated,f66d972c032ce709ada69e8d8177e195c7e416800757663b7420c22bda5f6328,562b5976c7f6d44b782498480fce54bad1e3142d9541438f6d7a42a876a3df87,29f3847d4486b5353d002e62c09f7737cc30c88f1205eac20175fd3155ae4376
C_src,canonical:vle_obs_0188,vle_obs_0188-pco2,Jou1995,40.0,0.3650073001460029,67.7,138.37284146781326,evaluated,f66d972c032ce709ada69e8d8177e195c7e416800757663b7420c22bda5f6328,562b5976c7f6d44b782498480fce54bad1e3142d9541438f6d7a42a876a3df87,29f3847d4486b5353d002e62c09f7737cc30c88f1205eac20175fd3155ae4376
C_src,canonical:vle_obs_0189,vle_obs_0189-pco2,Jou1995,40.0,0.47350947018940376,604.0,1393.2534384066719,evaluated,f66d972c032ce709ada69e8d8177e195c7e416800757663b7420c22bda5f6328,562b5976c7f6d44b782498480fce54bad1e3142d9541438f6d7a42a876a3df87,29f3847d4486b5353d002e62c09f7737cc30c88f1205eac20175fd3155ae4376
C_src,canonical:vle_obs_0190,vle_obs_0190-pco2,Jou1995,40.0,0.5130102602052041,2570.0,3824.548454407637,evaluated,f66d972c032ce709ada69e8d8177e195c7e416800757663b7420c22bda5f6328,562b5976c7f6d44b782498480fce54bad1e3142d9541438f6d7a42a876a3df87,29f3847d4486b5353d002e62c09f7737cc30c88f1205eac20175fd3155ae4376
C_src,canonical:vle_obs_0191,vle_obs_0191-pco2,Jou1995,40.0,0.5570111402228045,8090.0,10387.296770696445,evaluated,f66d972c032ce709ada69e8d8177e195c7e416800757663b7420c22bda5f6328,562b5976c7f6d44b782498480fce54bad1e3142d9541438f6d7a42a876a3df87,29f3847d4486b5353d002e62c09f7737cc30c88f1205eac20175fd3155ae4376
C_src,canonical:vle_obs_0192,vle_obs_0192-pco2,Jou1995,40.0,0.6090121802436048,36100.0,25472.98410215131,evaluated,f66d972c032ce709ada69e8d8177e195c7e416800757663b7420c22bda5f6328,562b5976c7f6d44b782498480fce54bad1e3142d9541438f6d7a42a876a3df87,29f3847d4486b5353d002e62c09f7737cc30c88f1205eac20175fd3155ae4376
C_src,canonical:vle_obs_0193,vle_obs_0193-pco2,Jou1995,40.0,0.6420128402568052,103000.0,39614.9941838192,evaluated,f66d972c032ce709ada69e8d8177e195c7e416800757663b7420c22bda5f6328,562b5976c7f6d44b782498480fce54bad1e3142d9541438f6d7a42a876a3df87,29f3847d4486b5353d002e62c09f7737cc30c88f1205eac20175fd3155ae4376
C_src,canonical:vle_obs_0194,vle_obs_0194-pco2,Jou1995,60.0,0.05640112802256045,4.28,3.4885712817709,evaluated,f66d972c032ce709ada69e8d8177e195c7e416800757663b7420c22bda5f6328,562b5976c7f6d44b782498480fce54bad1e3142d9541438f6d7a42a876a3df87,29f3847d4486b5353d002e62c09f7737cc30c88f1205eac20175fd3155ae4376
C_src,canonical:vle_obs_0195,vle_obs_0195-pco2,Jou1995,60.0,0.11900238004760096,19.3,16.884892810519986,evaluated,f66d972c032ce709ada69e8d8177e195c7e416800757663b7420c22bda5f6328,562b5976c7f6d44b782498480fce54bad1e3142d9541438f6d7a42a876a3df87,29f3847d4486b5353d002e62c09f7737cc30c88f1205eac20175fd3155ae4376
C_src,canonical:vle_obs_0196,vle_obs_0196-pco2,Jou1995,60.0,0.20600412008240165,57.9,74.22189229894634,evaluated,f66d972c032ce709ada69e8d8177e195c7e416800757663b7420c22bda5f6328,562b5976c7f6d44b782498480fce54bad1e3142d9541438f6d7a42a876a3df87,29f3847d4486b5353d002e62c09f7737cc30c88f1205eac20175fd3155ae4376
C_src,canonical:vle_obs_0197,vle_obs_0197-pco2,Jou1995,60.0,0.3890077801556031,528.0,1374.953027532365,evaluated,f66d972c032ce709ada69e8d8177e195c7e416800757663b7420c22bda5f6328,562b5976c7f6d44b782498480fce54bad1e3142d9541438f6d7a42a876a3df87,29f3847d4486b5353d002e62c09f7737cc30c88f1205eac20175fd3155ae4376
C_src,canonical:vle_obs_0198,vle_obs_0198-pco2,Jou1995,60.0,0.4380087601752035,2009.9999999999998,3587.8926170523946,evaluated,f66d972c032ce709ada69e8d8177e195c7e416800757663b7420c22bda5f6328,562b5976c7f6d44b782498480fce54bad1e3142d9541438f6d7a42a876a3df87,29f3847d4486b5353d002e62c09f7737cc30c88f1205eac20175fd3155ae4376
C_src,canonical:vle_obs_0199,vle_obs_0199-pco2,Jou1995,60.0,0.5040100802016041,11000.0,14727.241522288889,evaluated,f66d972c032ce709ada69e8d8177e195c7e416800757663b7420c22bda5f6328,562b5976c7f6d44b782498480fce54bad1e3142d9541438f6d7a42a876a3df87,29f3847d4486b5353d002e62c09f7737cc30c88f1205eac20175fd3155ae4376
C_src,canonical:vle_obs_0200,vle_obs_0200-pco2,Jou1995,60.0,0.5610112202244045,34000.0,43534.111022128614,evaluated,f66d972c032ce709ada69e8d8177e195c7e416800757663b7420c22bda5f6328,562b5976c7f6d44b782498480fce54bad1e3142d9541438f6d7a42a876a3df87,29f3847d4486b5353d002e62c09f7737cc30c88f1205eac20175fd3155ae4376
C_src,canonical:vle_obs_0201,vle_obs_0201-pco2,Jou1995,60.0,0.5790115802316046,82000.0,57908.394871741904,evaluated,f66d972c032ce709ada69e8d8177e195c7e416800757663b7420c22bda5f6328,562b5976c7f6d44b782498480fce54bad1e3142d9541438f6d7a42a876a3df87,29f3847d4486b5353d002e62c09f7737cc30c88f1205eac20175fd3155ae4376
C_src,canonical:vle_obs_0202,vle_obs_0202-pco2,Jou1995,60.0,0.6680133602672054,282000.0,166945.58589871525,evaluated,f66d972c032ce709ada69e8d8177e195c7e416800757663b7420c22bda5f6328,562b5976c7f6d44b782498480fce54bad1e3142d9541438f6d7a42a876a3df87,29f3847d4486b5353d002e62c09f7737cc30c88f1205eac20175fd3155ae4376
C_src,canonical:vle_obs_0203,vle_obs_0203-pco2,Jou1995,80.0,0.017400348006960137,2.96,2.0986059626415656,evaluated,f66d972c032ce709ada69e8d8177e195c7e416800757663b7420c22bda5f6328,562b5976c7f6d44b782498480fce54bad1e3142d9541438f6d7a42a876a3df87,29f3847d4486b5353d002e62c09f7737cc30c88f1205eac20175fd3155ae4376
C_src,canonical:vle_obs_0204,vle_obs_0204-pco2,Jou1995,80.0,0.02360047200944019,4.84,3.634704528367939,evaluated,f66d972c032ce709ada69e8d8177e195c7e416800757663b7420c22bda5f6328,562b5976c7f6d44b782498480fce54bad1e3142d9541438f6d7a42a876a3df87,29f3847d4486b5353d002e62c09f7737cc30c88f1205eac20175fd3155ae4376
C_src,canonical:vle_obs_0205,vle_obs_0205-pco2,Jou1995,80.0,0.07810156203124063,46.5,35.694823053787395,evaluated,f66d972c032ce709ada69e8d8177e195c7e416800757663b7420c22bda5f6328,562b5976c7f6d44b782498480fce54bad1e3142d9541438f6d7a42a876a3df87,29f3847d4486b5353d002e62c09f7737cc30c88f1205eac20175fd3155ae4376
C_src,canonical:vle_obs_0206,vle_obs_0206-pco2,Jou1995,80.0,0.11800236004720094,99.2,89.00693196722148,evaluated,f66d972c032ce709ada69e8d8177e195c7e416800757663b7420c22bda5f6328,562b5976c7f6d44b782498480fce54bad1e3142d9541438f6d7a42a876a3df87,29f3847d4486b5353d002e62c09f7737cc30c88f1205eac20175fd3155ae4376
C_src,canonical:vle_obs_0207,vle_obs_0207-pco2,Jou1995,80.0,0.1870037400748015,278.0,301.437446619185,evaluated,f66d972c032ce709ada69e8d8177e195c7e416800757663b7420c22bda5f6328,562b5976c7f6d44b782498480fce54bad1e3142d9541438f6d7a42a876a3df87,29f3847d4486b5353d002e62c09f7737cc30c88f1205eac20175fd3155ae4376
C_src,canonical:vle_obs_0208,vle_obs_0208-pco2,Jou1995,80.0,0.3480069601392028,2670.0,3729.629935334001,evaluated,f66d972c032ce709ada69e8d8177e195c7e416800757663b7420c22bda5f6328,562b5976c7f6d44b782498480fce54bad1e3142d9541438f6d7a42a876a3df87,29f3847d4486b5353d002e62c09f7737cc30c88f1205eac20175fd3155ae4376
C_src,canonical:vle_obs_0209,vle_obs_0209-pco2,Jou1995,80.0,0.4600092001840037,16000.0,27736.097760794335,evaluated,f66d972c032ce709ada69e8d8177e195c7e416800757663b7420c22bda5f6328,562b5976c7f6d44b782498480fce54bad1e3142d9541438f6d7a42a876a3df87,29f3847d4486b5353d002e62c09f7737cc30c88f1205eac20175fd3155ae4376
C_src,canonical:vle_obs_0210,vle_obs_0210-pco2,Jou1995,80.0,0.5170103402068041,56000.0,77640.78741071772,evaluated,f66d972c032ce709ada69e8d8177e195c7e416800757663b7420c22bda5f6328,562b5976c7f6d44b782498480fce54bad1e3142d9541438f6d7a42a876a3df87,29f3847d4486b5353d002e62c09f7737cc30c88f1205eac20175fd3155ae4376
C_src,canonical:vle_obs_0211,vle_obs_0211-pco2,Jou1995,80.0,0.5785115702314046,235000.0,190539.39677724376,evaluated,f66d972c032ce709ada69e8d8177e195c7e416800757663b7420c22bda5f6328,562b5976c7f6d44b782498480fce54bad1e3142d9541438f6d7a42a876a3df87,29f3847d4486b5353d002e62c09f7737cc30c88f1205eac20175fd3155ae4376
C_src,canonical:vle_obs_0212,vle_obs_0212-pco2,Jou1995,80.0,0.6400128002560052,558000.0,362198.83467935526,evaluated,f66d972c032ce709ada69e8d8177e195c7e416800757663b7420c22bda5f6328,562b5976c7f6d44b782498480fce54bad1e3142d9541438f6d7a42a876a3df87,29f3847d4486b5353d002e62c09f7737cc30c88f1205eac20175fd3155ae4376
C_src,canonical:vle_obs_0213,vle_obs_0213-pco2,Jou1995,80.0,0.6890137802756054,958000.0,526539.8735121221,evaluated,f66d972c032ce709ada69e8d8177e195c7e416800757663b7420c22bda5f6328,562b5976c7f6d44b782498480fce54bad1e3142d9541438f6d7a42a876a3df87,29f3847d4486b5353d002e62c09f7737cc30c88f1205eac20175fd3155ae4376
C_src,canonical:vle_obs_0214,vle_obs_0214-pco2,Jou1995,100.0,0.011700234004680093,7.24,4.99586316388175,evaluated,f66d972c032ce709ada69e8d8177e195c7e416800757663b7420c22bda5f6328,562b5976c7f6d44b782498480fce54bad1e3142d9541438f6d7a42a876a3df87,29f3847d4486b5353d002e62c09f7737cc30c88f1205eac20175fd3155ae4376
C_src,canonical:vle_obs_0215,vle_obs_0215-pco2,Jou1995,100.0,0.05660113202264045,136.0,90.35396323591583,evaluated,f66d972c032ce709ada69e8d8177e195c7e416800757663b7420c22bda5f6328,562b5976c7f6d44b782498480fce54bad1e3142d9541438f6d7a42a876a3df87,29f3847d4486b5353d002e62c09f7737cc30c88f1205eac20175fd3155ae4376
C_src,canonical:vle_obs_0216,vle_obs_0216-pco2,Jou1995,100.0,0.1880037600752015,1430.0,1513.4248790863219,evaluated,f66d972c032ce709ada69e8d8177e195c7e416800757663b7420c22bda5f6328,562b5976c7f6d44b782498480fce54bad1e3142d9541438f6d7a42a876a3df87,29f3847d4486b5353d002e62c09f7737cc30c88f1205eac20175fd3155ae4376
C_src,canonical:vle_obs_0217,vle_obs_0217-pco2,Jou1995,100.0,0.3810076201524031,19000.0,31123.676128428266,evaluated,f66d972c032ce709ada69e8d8177e195c7e416800757663b7420c22bda5f6328,562b5976c7f6d44b782498480fce54bad1e3142d9541438f6d7a42a876a3df87,29f3847d4486b5353d002e62c09f7737cc30c88f1205eac20175fd3155ae4376
C_src,canonical:vle_obs_0218,vle_obs_0218-pco2,Jou1995,100.0,0.42200844016880334,39000.0,61347.474592230246,evaluated,f66d972c032ce709ada69e8d8177e195c7e416800757663b7420c22bda5f6328,562b5976c7f6d44b782498480fce54bad1e3142d9541438f6d7a42a876a3df87,29f3847d4486b5353d002e62c09f7737cc30c88f1205eac20175fd3155ae4376
C_src,canonical:vle_obs_0219,vle_obs_0219-pco2,Jou1995,100.0,0.4770095401908038,69000.0,148943.1228891964,evaluated,f66d972c032ce709ada69e8d8177e195c7e416800757663b7420c22bda5f6328,562b5976c7f6d44b782498480fce54bad1e3142d9541438f6d7a42a876a3df87,29f3847d4486b5353d002e62c09f7737cc30c88f1205eac20175fd3155ae4376
C_src,canonical:vle_obs_0220,vle_obs_0220-pco2,Jou1995,100.0,0.48100962019240384,109000.0,158289.9001564015,evaluated,f66d972c032ce709ada69e8d8177e195c7e416800757663b7420c22bda5f6328,562b5976c7f6d44b782498480fce54bad1e3142d9541438f6d7a42a876a3df87,29f3847d4486b5353d002e62c09f7737cc30c88f1205eac20175fd3155ae4376
C_src,canonical:vle_obs_0221,vle_obs_0221-pco2,Jou1995,100.0,0.5710114202284046,509000.0,491278.54144091526,evaluated,f66d972c032ce709ada69e8d8177e195c7e416800757663b7420c22bda5f6328,562b5976c7f6d44b782498480fce54bad1e3142d9541438f6d7a42a876a3df87,29f3847d4486b5353d002e62c09f7737cc30c88f1205eac20175fd3155ae4376
C_src,canonical:vle_obs_0222,vle_obs_0222-pco2,Jou1995,100.0,0.5890117802356047,376000.0,581951.5644903214,evaluated,f66d972c032ce709ada69e8d8177e195c7e416800757663b7420c22bda5f6328,562b5976c7f6d44b782498480fce54bad1e3142d9541438f6d7a42a876a3df87,29f3847d4486b5353d002e62c09f7737cc30c88f1205eac20175fd3155ae4376
C_src,canonical:vle_obs_0223,vle_obs_0223-pco2,Jou1995,100.0,0.613512270245405,909000.0,713724.6012646003,evaluated,f66d972c032ce709ada69e8d8177e195c7e416800757663b7420c22bda5f6328,562b5976c7f6d44b782498480fce54bad1e3142d9541438f6d7a42a876a3df87,29f3847d4486b5353d002e62c09f7737cc30c88f1205eac20175fd3155ae4376
C_src,canonical:vle_obs_0224,vle_obs_0224-pco2,Jou1995,120.0,0.0033300666013320267,2.02,2.485853593117387,evaluated,f66d972c032ce709ada69e8d8177e195c7e416800757663b7420c22bda5f6328,562b5976c7f6d44b782498480fce54bad1e3142d9541438f6d7a42a876a3df87,29f3847d4486b5353d002e62c09f7737cc30c88f1205eac20175fd3155ae4376
C_src,canonical:vle_obs_0225,vle_obs_0225-pco2,Jou1995,120.0,0.01120022400448009,22.1,20.6534128962191,evaluated,f66d972c032ce709ada69e8d8177e195c7e416800757663b7420c22bda5f6328,562b5976c7f6d44b782498480fce54bad1e3142d9541438f6d7a42a876a3df87,29f3847d4486b5353d002e62c09f7737cc30c88f1205eac20175fd3155ae4376
C_src,canonical:vle_obs_0226,vle_obs_0226-pco2,Jou1995,120.0,0.024700494009880197,98.4,85.22624447541897,evaluated,f66d972c032ce709ada69e8d8177e195c7e416800757663b7420c22bda5f6328,562b5976c7f6d44b782498480fce54bad1e3142d9541438f6d7a42a876a3df87,29f3847d4486b5353d002e62c09f7737cc30c88f1205eac20175fd3155ae4376
C_src,canonical:vle_obs_0227,vle_obs_0227-pco2,Jou1995,120.0,0.11900238004760096,2290.0,1995.9284668582654,evaluated,f66d972c032ce709ada69e8d8177e195c7e416800757663b7420c22bda5f6328,562b5976c7f6d44b782498480fce54bad1e3142d9541438f6d7a42a876a3df87,29f3847d4486b5353d002e62c09f7737cc30c88f1205eac20175fd3155ae4376
C_src,canonical:vle_obs_0228,vle_obs_0228-pco2,Jou1995,120.0,0.3490069801396028,46800.0,79517.07160996895,evaluated,f66d972c032ce709ada69e8d8177e195c7e416800757663b7420c22bda5f6328,562b5976c7f6d44b782498480fce54bad1e3142d9541438f6d7a42a876a3df87,29f3847d4486b5353d002e62c09f7737cc30c88f1205eac20175fd3155ae4376
C_src,canonical:vle_obs_0229,vle_obs_0229-pco2,Jou1995,120.0,0.41150823016460325,122000.0,198958.7165274609,evaluated,f66d972c032ce709ada69e8d8177e195c7e416800757663b7420c22bda5f6328,562b5976c7f6d44b782498480fce54bad1e3142d9541438f6d7a42a876a3df87,29f3847d4486b5353d002e62c09f7737cc30c88f1205eac20175fd3155ae4376
C_src,canonical:vle_obs_0230,vle_obs_0230-pco2,Jou1995,120.0,0.4440088801776036,222000.0,310226.2117933497,evaluated,f66d972c032ce709ada69e8d8177e195c7e416800757663b7420c22bda5f6328,562b5976c7f6d44b782498480fce54bad1e3142d9541438f6d7a42a876a3df87,29f3847d4486b5353d002e62c09f7737cc30c88f1205eac20175fd3155ae4376
C_src,canonical:vle_obs_0231,vle_obs_0231-pco2,Jou1995,120.0,0.47300946018920376,422000.0,445435.00958024134,evaluated,f66d972c032ce709ada69e8d8177e195c7e416800757663b7420c22bda5f6328,562b5976c7f6d44b782498480fce54bad1e3142d9541438f6d7a42a876a3df87,29f3847d4486b5353d002e62c09f7737cc30c88f1205eac20175fd3155ae4376
C_src,canonical:vle_obs_0232,vle_obs_0232-pco2,Jou1995,120.0,0.5360107202144043,822000.0,850072.2545952583,evaluated,f66d972c032ce709ada69e8d8177e195c7e416800757663b7420c22bda5f6328,562b5976c7f6d44b782498480fce54bad1e3142d9541438f6d7a42a876a3df87,29f3847d4486b5353d002e62c09f7737cc30c88f1205eac20175fd3155ae4376
C_src,canonical:vle_obs_0233,vle_obs_0233-pco2,Jou1995,120.0,0.6390127802556052,2804000.0,1701461.6493018258,evaluated,f66d972c032ce709ada69e8d8177e195c7e416800757663b7420c22bda5f6328,562b5976c7f6d44b782498480fce54bad1e3142d9541438f6d7a42a876a3df87,29f3847d4486b5353d002e62c09f7737cc30c88f1205eac20175fd3155ae4376
C_src,canonical:vle_obs_0246,vle_obs_0246-pco2,Mamun2005,120.0,0.15500310006200124,7354.0,3919.602669305979,evaluated,f66d972c032ce709ada69e8d8177e195c7e416800757663b7420c22bda5f6328,562b5976c7f6d44b782498480fce54bad1e3142d9541438f6d7a42a876a3df87,29f3847d4486b5353d002e62c09f7737cc30c88f1205eac20175fd3155ae4376
C_src,canonical:vle_obs_0247,vle_obs_0247-pco2,Mamun2005,120.0,0.17660353207064142,9314.0,5665.28947107394,evaluated,f66d972c032ce709ada69e8d8177e195c7e416800757663b7420c22bda5f6328,562b5976c7f6d44b782498480fce54bad1e3142d9541438f6d7a42a876a3df87,29f3847d4486b5353d002e62c09f7737cc30c88f1205eac20175fd3155ae4376
C_src,canonical:vle_obs_0248,vle_obs_0248-pco2,Mamun2005,120.0,0.18430368607372147,9045.0,6431.585780565689,evaluated,f66d972c032ce709ada69e8d8177e195c7e416800757663b7420c22bda5f6328,562b5976c7f6d44b782498480fce54bad1e3142d9541438f6d7a42a876a3df87,29f3847d4486b5353d002e62c09f7737cc30c88f1205eac20175fd3155ae4376
C_src,canonical:vle_obs_0249,vle_obs_0249-pco2,Mamun2005,120.0,0.20850417008340166,15510.0,9476.37962574203,evaluated,f66d972c032ce709ada69e8d8177e195c7e416800757663b7420c22bda5f6328,562b5976c7f6d44b782498480fce54bad1e3142d9541438f6d7a42a876a3df87,29f3847d4486b5353d002e62c09f7737cc30c88f1205eac20175fd3155ae4376
C_src,canonical:vle_obs_0250,vle_obs_0250-pco2,Mamun2005,120.0,0.23260465209304187,19620.0,13775.05678604771,evaluated,f66d972c032ce709ada69e8d8177e195c7e416800757663b7420c22bda5f6328,562b5976c7f6d44b782498480fce54bad1e3142d9541438f6d7a42a876a3df87,29f3847d4486b5353d002e62c09f7737cc30c88f1205eac20175fd3155ae4376
C_src,canonical:vle_obs_0251,vle_obs_0251-pco2,Mamun2005,120.0,0.23810476209524192,25200.0,14985.536822782731,evaluated,f66d972c032ce709ada69e8d8177e195c7e416800757663b7420c22bda5f6328,562b5976c7f6d44b782498480fce54bad1e3142d9541438f6d7a42a876a3df87,29f3847d4486b5353d002e62c09f7737cc30c88f1205eac20175fd3155ae4376
C_src,canonical:vle_obs_0252,vle_obs_0252-pco2,Mamun2005,120.0,0.25600512010240206,27710.0,19672.248330928334,evaluated,f66d972c032ce709ada69e8d8177e195c7e416800757663b7420c22bda5f6328,562b5976c7f6d44b782498480fce54bad1e3142d9541438f6d7a42a876a3df87,29f3847d4486b5353d002e62c09f7737cc30c88f1205eac20175fd3155ae4376
C_src,canonical:vle_obs_0253,vle_obs_0253-pco2,Mamun2005,120.0,0.29010580211604237,39180.0,32876.23664425264,evaluated,f66d972c032ce709ada69e8d8177e195c7e416800757663b7420c22bda5f6328,562b5976c7f6d44b782498480fce54bad1e3142d9541438f6d7a42a876a3df87,29f3847d4486b5353d002e62c09f7737cc30c88f1205eac20175fd3155ae4376
C_src,canonical:vle_obs_0254,vle_obs_0254-pco2,Mamun2005,120.0,0.2967059341186824,40400.0,36300.17178803788,evaluated,f66d972c032ce709ada69e8d8177e195c7e416800757663b7420c22bda5f6328,562b5976c7f6d44b782498480fce54bad1e3142d9541438f6d7a42a876a3df87,29f3847d4486b5353d002e62c09f7737cc30c88f1205eac20175fd3155ae4376
C_src,canonical:vle_obs_0255,vle_obs_0255-pco2,Mamun2005,120.0,0.3004060081201624,43490.0,38372.726070934696,evaluated,f66d972c032ce709ada69e8d8177e195c7e416800757663b7420c22bda5f6328,562b5976c7f6d44b782498480fce54bad1e3142d9541438f6d7a42a876a3df87,29f3847d4486b5353d002e62c09f7737cc30c88f1205eac20175fd3155ae4376
C_src,canonical:vle_obs_0256,vle_obs_0256-pco2,Mamun2005,120.0,0.3125062501250025,51820.0,46011.19460943587,evaluated,f66d972c032ce709ada69e8d8177e195c7e416800757663b7420c22bda5f6328,562b5976c7f6d44b782498480fce54bad1e3142d9541438f6d7a42a876a3df87,29f3847d4486b5353d002e62c09f7737cc30c88f1205eac20175fd3155ae4376
C_src,canonical:vle_obs_0257,vle_obs_0257-pco2,Mamun2005,120.0,0.31910638212764253,58570.0,50799.65067355476,evaluated,f66d972c032ce709ada69e8d8177e195c7e416800757663b7420c22bda5f6328,562b5976c7f6d44b782498480fce54bad1e3142d9541438f6d7a42a876a3df87,29f3847d4486b5353d002e62c09f7737cc30c88f1205eac20175fd3155ae4376
C_src,canonical:vle_obs_0258,vle_obs_0258-pco2,Mamun2005,120.0,0.32980659613192265,62880.0,59642.20393970962,evaluated,f66d972c032ce709ada69e8d8177e195c7e416800757663b7420c22bda5f6328,562b5976c7f6d44b782498480fce54bad1e3142d9541438f6d7a42a876a3df87,29f3847d4486b5353d002e62c09f7737cc30c88f1205eac20175fd3155ae4376
C_src,canonical:vle_obs_0259,vle_obs_0259-pco2,Mamun2005,120.0,0.3424068481369627,77590.0,72037.79700342502,evaluated,f66d972c032ce709ada69e8d8177e195c7e416800757663b7420c22bda5f6328,562b5976c7f6d44b782498480fce54bad1e3142d9541438f6d7a42a876a3df87,29f3847d4486b5353d002e62c09f7737cc30c88f1205eac20175fd3155ae4376
C_src,canonical:vle_obs_0260,vle_obs_0260-pco2,Mamun2005,120.0,0.3424068481369627,74950.0,72037.79700342502,evaluated,f66d972c032ce709ada69e8d8177e195c7e416800757663b7420c22bda5f6328,562b5976c7f6d44b782498480fce54bad1e3142d9541438f6d7a42a876a3df87,29f3847d4486b5353d002e62c09f7737cc30c88f1205eac20175fd3155ae4376
C_src,canonical:vle_obs_0261,vle_obs_0261-pco2,Mamun2005,120.0,0.3500070001400028,83610.0,80715.20616622061,evaluated,f66d972c032ce709ada69e8d8177e195c7e416800757663b7420c22bda5f6328,562b5976c7f6d44b782498480fce54bad1e3142d9541438f6d7a42a876a3df87,29f3847d4486b5353d002e62c09f7737cc30c88f1205eac20175fd3155ae4376
C_src,canonical:vle_obs_0262,vle_obs_0262-pco2,Mamun2005,120.0,0.3594071881437629,92790.0,92879.69463099673,evaluated,f66d972c032ce709ada69e8d8177e195c7e416800757663b7420c22bda5f6328,562b5976c7f6d44b782498480fce54bad1e3142d9541438f6d7a42a876a3df87,29f3847d4486b5353d002e62c09f7737cc30c88f1205eac20175fd3155ae4376
C_src,canonical:vle_obs_0263,vle_obs_0263-pco2,Mamun2005,120.0,0.38820776415528313,137900.0,142206.81624777179,evaluated,f66d972c032ce709ada69e8d8177e195c7e416800757663b7420c22bda5f6328,562b5976c7f6d44b782498480fce54bad1e3142d9541438f6d7a42a876a3df87,29f3847d4486b5353d002e62c09f7737cc30c88f1205eac20175fd3155ae4376
C_src,canonical:vle_obs_0264,vle_obs_0264-pco2,Mamun2005,120.0,0.41820836416728335,191900.0,218629.16118896718,evaluated,f66d972c032ce709ada69e8d8177e195c7e416800757663b7420c22bda5f6328,562b5976c7f6d44b782498480fce54bad1e3142d9541438f6d7a42a876a3df87,29f3847d4486b5353d002e62c09f7737cc30c88f1205eac20175fd3155ae4376
C_src,canonical:vle_obs_0265,vle_obs_0265-pco2,Xu2011,100.0,0.3880077601552031,34000.0,34920.173860152,evaluated,f66d972c032ce709ada69e8d8177e195c7e416800757663b7420c22bda5f6328,562b5976c7f6d44b782498480fce54bad1e3142d9541438f6d7a42a876a3df87,29f3847d4486b5353d002e62c09f7737cc30c88f1205eac20175fd3155ae4376
C_src,canonical:vle_obs_0266,vle_obs_0266-pco2,Xu2011,100.0,0.4240084801696034,101000.0,63416.501343072916,evaluated,f66d972c032ce709ada69e8d8177e195c7e416800757663b7420c22bda5f6328,562b5976c7f6d44b782498480fce54bad1e3142d9541438f6d7a42a876a3df87,29f3847d4486b5353d002e62c09f7737cc30c88f1205eac20175fd3155ae4376
C_src,canonical:vle_obs_0267,vle_obs_0267-pco2,Xu2011,100.0,0.4250085001700034,86000.0,64476.49787184381,evaluated,f66d972c032ce709ada69e8d8177e195c7e416800757663b7420c22bda5f6328,562b5976c7f6d44b782498480fce54bad1e3142d9541438f6d7a42a876a3df87,29f3847d4486b5353d002e62c09f7737cc30c88f1205eac20175fd3155ae4376
C_src,canonical:vle_obs_0268,vle_obs_0268-pco2,Xu2011,100.0,0.501010020200404,167000.0,212101.09325256647,evaluated,f66d972c032ce709ada69e8d8177e195c7e416800757663b7420c22bda5f6328,562b5976c7f6d44b782498480fce54bad1e3142d9541438f6d7a42a876a3df87,29f3847d4486b5353d002e62c09f7737cc30c88f1205eac20175fd3155ae4376
C_src,canonical:vle_obs_0269,vle_obs_0269-pco2,Xu2011,100.0,0.5200104002080042,233000.0,274386.08525791904,evaluated,f66d972c032ce709ada69e8d8177e195c7e416800757663b7420c22bda5f6328,562b5976c7f6d44b782498480fce54bad1e3142d9541438f6d7a42a876a3df87,29f3847d4486b5353d002e62c09f7737cc30c88f1205eac20175fd3155ae4376
C_src,canonical:vle_obs_0270,vle_obs_0270-pco2,Xu2011,100.0,0.3150063001260025,16000.0,10834.614452502423,evaluated,f66d972c032ce709ada69e8d8177e195c7e416800757663b7420c22bda5f6328,562b5976c7f6d44b782498480fce54bad1e3142d9541438f6d7a42a876a3df87,29f3847d4486b5353d002e62c09f7737cc30c88f1205eac20175fd3155ae4376
C_src,canonical:vle_obs_0271,vle_obs_0271-pco2,Xu2011,100.0,0.47500950019000376,95000.0,144441.08066847915,evaluated,f66d972c032ce709ada69e8d8177e195c7e416800757663b7420c22bda5f6328,562b5976c7f6d44b782498480fce54bad1e3142d9541438f6d7a42a876a3df87,29f3847d4486b5353d002e62c09f7737cc30c88f1205eac20175fd3155ae4376
C_src,canonical:vle_obs_0272,vle_obs_0272-pco2,Xu2011,100.0,0.3150063001260025,12000.0,10834.614452502423,evaluated,f66d972c032ce709ada69e8d8177e195c7e416800757663b7420c22bda5f6328,562b5976c7f6d44b782498480fce54bad1e3142d9541438f6d7a42a876a3df87,29f3847d4486b5353d002e62c09f7737cc30c88f1205eac20175fd3155ae4376
C_src,canonical:vle_obs_0279,vle_obs_0279-pco2,Xu2011,120.0,0.370007400148003,63000.0,108743.90943848786,evaluated,f66d972c032ce709ada69e8d8177e195c7e416800757663b7420c22bda5f6328,562b5976c7f6d44b782498480fce54bad1e3142d9541438f6d7a42a876a3df87,29f3847d4486b5353d002e62c09f7737cc30c88f1205eac20175fd3155ae4376
C_src,canonical:vle_obs_0280,vle_obs_0280-pco2,Xu2011,120.0,0.3850077001540031,108000.0,135694.49498856973,evaluated,f66d972c032ce709ada69e8d8177e195c7e416800757663b7420c22bda5f6328,562b5976c7f6d44b782498480fce54bad1e3142d9541438f6d7a42a876a3df87,29f3847d4486b5353d002e62c09f7737cc30c88f1205eac20175fd3155ae4376
C_src,canonical:vle_obs_0281,vle_obs_0281-pco2,Xu2011,120.0,0.3870077401548031,62000.0,139731.26841199395,evaluated,f66d972c032ce709ada69e8d8177e195c7e416800757663b7420c22bda5f6328,562b5976c7f6d44b782498480fce54bad1e3142d9541438f6d7a42a876a3df87,29f3847d4486b5353d002e62c09f7737cc30c88f1205eac20175fd3155ae4376
C_src,canonical:vle_obs_0282,vle_obs_0282-pco2,Xu2011,120.0,0.42200844016880334,237000.0,230509.3830465288,evaluated,f66d972c032ce709ada69e8d8177e195c7e416800757663b7420c22bda5f6328,562b5976c7f6d44b782498480fce54bad1e3142d9541438f6d7a42a876a3df87,29f3847d4486b5353d002e62c09f7737cc30c88f1205eac20175fd3155ae4376
C_src,canonical:vle_obs_0283,vle_obs_0283-pco2,Xu2011,120.0,0.4230084601692034,192000.0,233724.97696109433,evaluated,f66d972c032ce709ada69e8d8177e195c7e416800757663b7420c22bda5f6328,562b5976c7f6d44b782498480fce54bad1e3142d9541438f6d7a42a876a3df87,29f3847d4486b5353d002e62c09f7737cc30c88f1205eac20175fd3155ae4376
C_src,canonical:vle_obs_0284,vle_obs_0284-pco2,Xu2011,120.0,0.49200984019680394,387000.0,552595.5089990355,evaluated,f66d972c032ce709ada69e8d8177e195c7e416800757663b7420c22bda5f6328,562b5976c7f6d44b782498480fce54bad1e3142d9541438f6d7a42a876a3df87,29f3847d4486b5353d002e62c09f7737cc30c88f1205eac20175fd3155ae4376
C_src,canonical:vle_obs_0285,vle_obs_0285-pco2,Xu2011,120.0,0.5080101602032041,512000.0,653428.966603651,evaluated,f66d972c032ce709ada69e8d8177e195c7e416800757663b7420c22bda5f6328,562b5976c7f6d44b782498480fce54bad1e3142d9541438f6d7a42a876a3df87,29f3847d4486b5353d002e62c09f7737cc30c88f1205eac20175fd3155ae4376
C_src,canonical:vle_obs_0286,vle_obs_0286-pco2,Xu2011,120.0,0.3140062801256025,50000.0,47058.2725369559,evaluated,f66d972c032ce709ada69e8d8177e195c7e416800757663b7420c22bda5f6328,562b5976c7f6d44b782498480fce54bad1e3142d9541438f6d7a42a876a3df87,29f3847d4486b5353d002e62c09f7737cc30c88f1205eac20175fd3155ae4376
C_src,canonical:vle_obs_0287,vle_obs_0287-pco2,Xu2011,120.0,0.4670093401868038,283000.0,414606.570840126,evaluated,f66d972c032ce709ada69e8d8177e195c7e416800757663b7420c22bda5f6328,562b5976c7f6d44b782498480fce54bad1e3142d9541438f6d7a42a876a3df87,29f3847d4486b5353d002e62c09f7737cc30c88f1205eac20175fd3155ae4376
C_src,canonical:vle_obs_0288,vle_obs_0288-pco2,Xu2011,120.0,0.3140062801256025,45000.0,47058.2725369559,evaluated,f66d972c032ce709ada69e8d8177e195c7e416800757663b7420c22bda5f6328,562b5976c7f6d44b782498480fce54bad1e3142d9541438f6d7a42a876a3df87,29f3847d4486b5353d002e62c09f7737cc30c88f1205eac20175fd3155ae4376
old-rule-D-1-1-S1,vle_obs_0119,vle_obs_0119-pco2,Hilliard2008,40.0,0.15290305806116122,5.7,5.481579822037966,evaluated,f66d972c032ce709ada69e8d8177e195c7e416800757663b7420c22bda5f6328,562b5976c7f6d44b782498480fce54bad1e3142d9541438f6d7a42a876a3df87,29f3847d4486b5353d002e62c09f7737cc30c88f1205eac20175fd3155ae4376
old-rule-D-1-1-S1,vle_obs_0120,vle_obs_0120-pco2,Hilliard2008,40.0,0.16290325806516132,6.64,6.282880259674529,evaluated,f66d972c032ce709ada69e8d8177e195c7e416800757663b7420c22bda5f6328,562b5976c7f6d44b782498480fce54bad1e3142d9541438f6d7a42a876a3df87,29f3847d4486b5353d002e62c09f7737cc30c88f1205eac20175fd3155ae4376
old-rule-D-1-1-S1,vle_obs_0121,vle_obs_0121-pco2,Hilliard2008,40.0,0.1699033980679614,7.21,6.892384980709304,evaluated,f66d972c032ce709ada69e8d8177e195c7e416800757663b7420c22bda5f6328,562b5976c7f6d44b782498480fce54bad1e3142d9541438f6d7a42a876a3df87,29f3847d4486b5353d002e62c09f7737cc30c88f1205eac20175fd3155ae4376
old-rule-D-1-1-S1,vle_obs_0122,vle_obs_0122-pco2,Hilliard2008,40.0,0.19090381807636156,9.950000000000001,8.994871564037778,evaluated,f66d972c032ce709ada69e8d8177e195c7e416800757663b7420c22bda5f6328,562b5976c7f6d44b782498480fce54bad1e3142d9541438f6d7a42a876a3df87,29f3847d4486b5353d002e62c09f7737cc30c88f1205eac20175fd3155ae4376
old-rule-D-1-1-S1,vle_obs_0123,vle_obs_0123-pco2,Hilliard2008,40.0,0.19390387807756157,9.85,9.332711709727585,evaluated,f66d972c032ce709ada69e8d8177e195c7e416800757663b7420c22bda5f6328,562b5976c7f6d44b782498480fce54bad1e3142d9541438f6d7a42a876a3df87,29f3847d4486b5353d002e62c09f7737cc30c88f1205eac20175fd3155ae4376
old-rule-D-1-1-S1,vle_obs_0124,vle_obs_0124-pco2,Hilliard2008,40.0,0.23190463809276188,14.6,14.647416309812302,evaluated,f66d972c032ce709ada69e8d8177e195c7e416800757663b7420c22bda5f6328,562b5976c7f6d44b782498480fce54bad1e3142d9541438f6d7a42a876a3df87,29f3847d4486b5353d002e62c09f7737cc30c88f1205eac20175fd3155ae4376
old-rule-D-1-1-S1,vle_obs_0125,vle_obs_0125-pco2,Hilliard2008,40.0,0.24590491809836199,19.099999999999998,17.215949792333884,evaluated,f66d972c032ce709ada69e8d8177e195c7e416800757663b7420c22bda5f6328,562b5976c7f6d44b782498480fce54bad1e3142d9541438f6d7a42a876a3df87,29f3847d4486b5353d002e62c09f7737cc30c88f1205eac20175fd3155ae4376
old-rule-D-1-1-S1,vle_obs_0126,vle_obs_0126-pco2,Hilliard2008,40.0,0.2689053781075622,23.099999999999998,22.433388730571885,evaluated,f66d972c032ce709ada69e8d8177e195c7e416800757663b7420c22bda5f6328,562b5976c7f6d44b782498480fce54bad1e3142d9541438f6d7a42a876a3df87,29f3847d4486b5353d002e62c09f7737cc30c88f1205eac20175fd3155ae4376
old-rule-D-1-1-S1,vle_obs_0127,vle_obs_0127-pco2,Hilliard2008,40.0,0.2719054381087622,22.4,23.224885733741285,evaluated,f66d972c032ce709ada69e8d8177e195c7e416800757663b7420c22bda5f6328,562b5976c7f6d44b782498480fce54bad1e3142d9541438f6d7a42a876a3df87,29f3847d4486b5353d002e62c09f7737cc30c88f1205eac20175fd3155ae4376
old-rule-D-1-1-S1,vle_obs_0128,vle_obs_0128-pco2,Hilliard2008,40.0,0.32590651813036264,48.5,44.39035667071428,evaluated,f66d972c032ce709ada69e8d8177e195c7e416800757663b7420c22bda5f6328,562b5976c7f6d44b782498480fce54bad1e3142d9541438f6d7a42a876a3df87,29f3847d4486b5353d002e62c09f7737cc30c88f1205eac20175fd3155ae4376
old-rule-D-1-1-S1,vle_obs_0129,vle_obs_0129-pco2,Hilliard2008,40.0,0.3479069581391628,66.19999999999999,59.21332254934921,evaluated,f66d972c032ce709ada69e8d8177e195c7e416800757663b7420c22bda5f6328,562b5976c7f6d44b782498480fce54bad1e3142d9541438f6d7a42a876a3df87,29f3847d4486b5353d002e62c09f7737cc30c88f1205eac20175fd3155ae4376
old-rule-D-1-1-S1,vle_obs_0130,vle_obs_0130-pco2,Hilliard2008,40.0,0.3499069981399628,72.1,60.85066663849555,evaluated,f66d972c032ce709ada69e8d8177e195c7e416800757663b7420c22bda5f6328,562b5976c7f6d44b782498480fce54bad1e3142d9541438f6d7a42a876a3df87,29f3847d4486b5353d002e62c09f7737cc30c88f1205eac20175fd3155ae4376
old-rule-D-1-1-S1,vle_obs_0131,vle_obs_0131-pco2,Hilliard2008,40.0,0.3599071981439629,96.60000000000001,69.96883968115137,evaluated,f66d972c032ce709ada69e8d8177e195c7e416800757663b7420c22bda5f6328,562b5976c7f6d44b782498480fce54bad1e3142d9541438f6d7a42a876a3df87,29f3847d4486b5353d002e62c09f7737cc30c88f1205eac20175fd3155ae4376
old-rule-D-1-1-S1,vle_obs_0132,vle_obs_0132-pco2,Hilliard2008,40.0,0.3819076381527631,131.0,97.32799744923508,evaluated,f66d972c032ce709ada69e8d8177e195c7e416800757663b7420c22bda5f6328,562b5976c7f6d44b782498480fce54bad1e3142d9541438f6d7a42a876a3df87,29f3847d4486b5353d002e62c09f7737cc30c88f1205eac20175fd3155ae4376
old-rule-D-1-1-S1,vle_obs_0133,vle_obs_0133-pco2,Hilliard2008,40.0,0.3859077181543631,120.0,103.76750377253342,evaluated,f66d972c032ce709ada69e8d8177e195c7e416800757663b7420c22bda5f6328,562b5976c7f6d44b782498480fce54bad1e3142d9541438f6d7a42a876a3df87,29f3847d4486b5353d002e62c09f7737cc30c88f1205eac20175fd3155ae4376
old-rule-D-1-1-S1,vle_obs_0134,vle_obs_0134-pco2,Hilliard2008,40.0,0.38890777815556316,113.0,108.97842549306952,evaluated,f66d972c032ce709ada69e8d8177e195c7e416800757663b7420c22bda5f6328,562b5976c7f6d44b782498480fce54bad1e3142d9541438f6d7a42a876a3df87,29f3847d4486b5353d002e62c09f7737cc30c88f1205eac20175fd3155ae4376
old-rule-D-1-1-S1,vle_obs_0135,vle_obs_0135-pco2,Hilliard2008,40.0,0.39990799815996325,128.0,131.42370063443494,evaluated,f66d972c032ce709ada69e8d8177e195c7e416800757663b7420c22bda5f6328,562b5976c7f6d44b782498480fce54bad1e3142d9541438f6d7a42a876a3df87,29f3847d4486b5353d002e62c09f7737cc30c88f1205eac20175fd3155ae4376
old-rule-D-1-1-S1,vle_obs_0136,vle_obs_0136-pco2,Hilliard2008,40.0,0.46390927818556377,750.0,557.5216391971661,evaluated,f66d972c032ce709ada69e8d8177e195c7e416800757663b7420c22bda5f6328,562b5976c7f6d44b782498480fce54bad1e3142d9541438f6d7a42a876a3df87,29f3847d4486b5353d002e62c09f7737cc30c88f1205eac20175fd3155ae4376
old-rule-D-1-1-S1,vle_obs_0137,vle_obs_0137-pco2,Hilliard2008,40.0,0.4659093181863638,574.0,591.0455883073762,evaluated,f66d972c032ce709ada69e8d8177e195c7e416800757663b7420c22bda5f6328,562b5976c7f6d44b782498480fce54bad1e3142d9541438f6d7a42a876a3df87,29f3847d4486b5353d002e62c09f7737cc30c88f1205eac20175fd3155ae4376
old-rule-D-1-1-S1,vle_obs_0138,vle_obs_0138-pco2,Hilliard2008,40.0,0.48090961819236383,883.0,942.369503444008,evaluated,f66d972c032ce709ada69e8d8177e195c7e416800757663b7420c22bda5f6328,562b5976c7f6d44b782498480fce54bad1e3142d9541438f6d7a42a876a3df87,29f3847d4486b5353d002e62c09f7737cc30c88f1205eac20175fd3155ae4376
old-rule-D-1-1-S1,vle_obs_0139,vle_obs_0139-pco2,Hilliard2008,40.0,0.4909098181963639,1100.0,1317.6031553838739,evaluated,f66d972c032ce709ada69e8d8177e195c7e416800757663b7420c22bda5f6328,562b5976c7f6d44b782498480fce54bad1e3142d9541438f6d7a42a876a3df87,29f3847d4486b5353d002e62c09f7737cc30c88f1205eac20175fd3155ae4376
old-rule-D-1-1-S1,vle_obs_0140,vle_obs_0140-pco2,Hilliard2008,40.0,0.5009100182003641,1870.0,1864.0905676064945,evaluated,f66d972c032ce709ada69e8d8177e195c7e416800757663b7420c22bda5f6328,562b5976c7f6d44b782498480fce54bad1e3142d9541438f6d7a42a876a3df87,29f3847d4486b5353d002e62c09f7737cc30c88f1205eac20175fd3155ae4376
old-rule-D-1-1-S1,vle_obs_0141,vle_obs_0141-pco2,Hilliard2008,40.0,0.5179103582071641,3030.0,3363.006304237297,evaluated,f66d972c032ce709ada69e8d8177e195c7e416800757663b7420c22bda5f6328,562b5976c7f6d44b782498480fce54bad1e3142d9541438f6d7a42a876a3df87,29f3847d4486b5353d002e62c09f7737cc30c88f1205eac20175fd3155ae4376
old-rule-D-1-1-S1,vle_obs_0142,vle_obs_0142-pco2,Hilliard2008,40.0,0.5909118182363647,28300.0,23934.612800254108,evaluated,f66d972c032ce709ada69e8d8177e195c7e416800757663b7420c22bda5f6328,562b5976c7f6d44b782498480fce54bad1e3142d9541438f6d7a42a876a3df87,29f3847d4486b5353d002e62c09f7737cc30c88f1205eac20175fd3155ae4376
old-rule-D-1-1-S1,vle_obs_0143,vle_obs_0143-pco2,Hilliard2008,60.0,0.11390227804556091,19.400000000000002,17.53835972447831,evaluated,f66d972c032ce709ada69e8d8177e195c7e416800757663b7420c22bda5f6328,562b5976c7f6d44b782498480fce54bad1e3142d9541438f6d7a42a876a3df87,29f3847d4486b5353d002e62c09f7737cc30c88f1205eac20175fd3155ae4376
old-rule-D-1-1-S1,vle_obs_0144,vle_obs_0144-pco2,Hilliard2008,60.0,0.19090381807636156,58.9,55.07878150419195,evaluated,f66d972c032ce709ada69e8d8177e195c7e416800757663b7420c22bda5f6328,562b5976c7f6d44b782498480fce54bad1e3142d9541438f6d7a42a876a3df87,29f3847d4486b5353d002e62c09f7737cc30c88f1205eac20175fd3155ae4376
old-rule-D-1-1-S1,vle_obs_0145,vle_obs_0145-pco2,Hilliard2008,60.0,0.29090581811636235,209.0,191.2470264561136,evaluated,f66d972c032ce709ada69e8d8177e195c7e416800757663b7420c22bda5f6328,562b5976c7f6d44b782498480fce54bad1e3142d9541438f6d7a42a876a3df87,29f3847d4486b5353d002e62c09f7737cc30c88f1205eac20175fd3155ae4376
old-rule-D-1-1-S1,vle_obs_0146,vle_obs_0146-pco2,Hilliard2008,60.0,0.3859077181543631,763.0,727.5369956193539,evaluated,f66d972c032ce709ada69e8d8177e195c7e416800757663b7420c22bda5f6328,562b5976c7f6d44b782498480fce54bad1e3142d9541438f6d7a42a876a3df87,29f3847d4486b5353d002e62c09f7737cc30c88f1205eac20175fd3155ae4376
old-rule-D-1-1-S1,vle_obs_0147,vle_obs_0147-pco2,Hilliard2008,60.0,0.4849096981939639,4860.0,6185.422810441776,evaluated,f66d972c032ce709ada69e8d8177e195c7e416800757663b7420c22bda5f6328,562b5976c7f6d44b782498480fce54bad1e3142d9541438f6d7a42a876a3df87,29f3847d4486b5353d002e62c09f7737cc30c88f1205eac20175fd3155ae4376
old-rule-D-1-1-S1,vle_obs_0148,vle_obs_0148-pco2,Hilliard2008,60.0,0.5439108782175645,25800.0,29758.078495402486,evaluated,f66d972c032ce709ada69e8d8177e195c7e416800757663b7420c22bda5f6328,562b5976c7f6d44b782498480fce54bad1e3142d9541438f6d7a42a876a3df87,29f3847d4486b5353d002e62c09f7737cc30c88f1205eac20175fd3155ae4376
old-rule-D-1-1-S1,vle_obs_0149,vle_obs_0149-pco2,Hilliard2008,60.0,0.5649112982259645,50200.0,47707.618477229014,evaluated,f66d972c032ce709ada69e8d8177e195c7e416800757663b7420c22bda5f6328,562b5976c7f6d44b782498480fce54bad1e3142d9541438f6d7a42a876a3df87,29f3847d4486b5353d002e62c09f7737cc30c88f1205eac20175fd3155ae4376
old-rule-D-1-1-S1,vle_obs_0186,vle_obs_0186-pco2,Jou1995,40.0,0.08870177403548071,1.47,1.8709293451530826,evaluated,f66d972c032ce709ada69e8d8177e195c7e416800757663b7420c22bda5f6328,562b5976c7f6d44b782498480fce54bad1e3142d9541438f6d7a42a876a3df87,29f3847d4486b5353d002e62c09f7737cc30c88f1205eac20175fd3155ae4376
old-rule-D-1-1-S1,vle_obs_0187,vle_obs_0187-pco2,Jou1995,40.0,0.20290405808116166,8.959999999999999,10.409773141738984,evaluated,f66d972c032ce709ada69e8d8177e195c7e416800757663b7420c22bda5f6328,562b5976c7f6d44b782498480fce54bad1e3142d9541438f6d7a42a876a3df87,29f3847d4486b5353d002e62c09f7737cc30c88f1205eac20175fd3155ae4376
old-rule-D-1-1-S1,vle_obs_0188,vle_obs_0188-pco2,Jou1995,40.0,0.36490729814596295,67.7,75.19489559872572,evaluated,f66d972c032ce709ada69e8d8177e195c7e416800757663b7420c22bda5f6328,562b5976c7f6d44b782498480fce54bad1e3142d9541438f6d7a42a876a3df87,29f3847d4486b5353d002e62c09f7737cc30c88f1205eac20175fd3155ae4376
old-rule-D-1-1-S1,vle_obs_0189,vle_obs_0189-pco2,Jou1995,40.0,0.4734094681893638,604.0,741.7577177340321,evaluated,f66d972c032ce709ada69e8d8177e195c7e416800757663b7420c22bda5f6328,562b5976c7f6d44b782498480fce54bad1e3142d9541438f6d7a42a876a3df87,29f3847d4486b5353d002e62c09f7737cc30c88f1205eac20175fd3155ae4376
old-rule-D-1-1-S1,vle_obs_0190,vle_obs_0190-pco2,Jou1995,40.0,0.5129102582051641,2570.0,2833.219476167387,evaluated,f66d972c032ce709ada69e8d8177e195c7e416800757663b7420c22bda5f6328,562b5976c7f6d44b782498480fce54bad1e3142d9541438f6d7a42a876a3df87,29f3847d4486b5353d002e62c09f7737cc30c88f1205eac20175fd3155ae4376
old-rule-D-1-1-S1,vle_obs_0191,vle_obs_0191-pco2,Jou1995,40.0,0.5569111382227645,8090.0,10958.63701812143,evaluated,f66d972c032ce709ada69e8d8177e195c7e416800757663b7420c22bda5f6328,562b5976c7f6d44b782498480fce54bad1e3142d9541438f6d7a42a876a3df87,29f3847d4486b5353d002e62c09f7737cc30c88f1205eac20175fd3155ae4376
old-rule-D-1-1-S1,vle_obs_0192,vle_obs_0192-pco2,Jou1995,40.0,0.6089121782435649,36100.0,33647.80531245314,evaluated,f66d972c032ce709ada69e8d8177e195c7e416800757663b7420c22bda5f6328,562b5976c7f6d44b782498480fce54bad1e3142d9541438f6d7a42a876a3df87,29f3847d4486b5353d002e62c09f7737cc30c88f1205eac20175fd3155ae4376
old-rule-D-1-1-S1,vle_obs_0193,vle_obs_0193-pco2,Jou1995,40.0,0.6419128382567652,103000.0,57185.42806482137,evaluated,f66d972c032ce709ada69e8d8177e195c7e416800757663b7420c22bda5f6328,562b5976c7f6d44b782498480fce54bad1e3142d9541438f6d7a42a876a3df87,29f3847d4486b5353d002e62c09f7737cc30c88f1205eac20175fd3155ae4376
old-rule-D-1-1-S1,vle_obs_0194,vle_obs_0194-pco2,Jou1995,60.0,0.05630112602252045,4.28,4.607840327407525,evaluated,f66d972c032ce709ada69e8d8177e195c7e416800757663b7420c22bda5f6328,562b5976c7f6d44b782498480fce54bad1e3142d9541438f6d7a42a876a3df87,29f3847d4486b5353d002e62c09f7737cc30c88f1205eac20175fd3155ae4376
old-rule-D-1-1-S1,vle_obs_0195,vle_obs_0195-pco2,Jou1995,60.0,0.11890237804756094,19.3,19.14053510622892,evaluated,f66d972c032ce709ada69e8d8177e195c7e416800757663b7420c22bda5f6328,562b5976c7f6d44b782498480fce54bad1e3142d9541438f6d7a42a876a3df87,29f3847d4486b5353d002e62c09f7737cc30c88f1205eac20175fd3155ae4376
old-rule-D-1-1-S1,vle_obs_0196,vle_obs_0196-pco2,Jou1995,60.0,0.20590411808236164,57.9,66.78678438213083,evaluated,f66d972c032ce709ada69e8d8177e195c7e416800757663b7420c22bda5f6328,562b5976c7f6d44b782498480fce54bad1e3142d9541438f6d7a42a876a3df87,29f3847d4486b5353d002e62c09f7737cc30c88f1205eac20175fd3155ae4376
old-rule-D-1-1-S1,vle_obs_0197,vle_obs_0197-pco2,Jou1995,60.0,0.38890777815556316,528.0,764.6902612269798,evaluated,f66d972c032ce709ada69e8d8177e195c7e416800757663b7420c22bda5f6328,562b5976c7f6d44b782498480fce54bad1e3142d9541438f6d7a42a876a3df87,29f3847d4486b5353d002e62c09f7737cc30c88f1205eac20175fd3155ae4376
old-rule-D-1-1-S1,vle_obs_0198,vle_obs_0198-pco2,Jou1995,60.0,0.4379087581751635,2009.9999999999998,1942.6322115865141,evaluated,f66d972c032ce709ada69e8d8177e195c7e416800757663b7420c22bda5f6328,562b5976c7f6d44b782498480fce54bad1e3142d9541438f6d7a42a876a3df87,29f3847d4486b5353d002e62c09f7737cc30c88f1205eac20175fd3155ae4376
old-rule-D-1-1-S1,vle_obs_0199,vle_obs_0199-pco2,Jou1995,60.0,0.5039100782015641,11000.0,10432.733545540981,evaluated,f66d972c032ce709ada69e8d8177e195c7e416800757663b7420c22bda5f6328,562b5976c7f6d44b782498480fce54bad1e3142d9541438f6d7a42a876a3df87,29f3847d4486b5353d002e62c09f7737cc30c88f1205eac20175fd3155ae4376
old-rule-D-1-1-S1,vle_obs_0200,vle_obs_0200-pco2,Jou1995,60.0,0.5609112182243645,34000.0,43816.36834178472,evaluated,f66d972c032ce709ada69e8d8177e195c7e416800757663b7420c22bda5f6328,562b5976c7f6d44b782498480fce54bad1e3142d9541438f6d7a42a876a3df87,29f3847d4486b5353d002e62c09f7737cc30c88f1205eac20175fd3155ae4376
old-rule-D-1-1-S1,vle_obs_0201,vle_obs_0201-pco2,Jou1995,60.0,0.5789115782315646,82000.0,63152.83868036247,evaluated,f66d972c032ce709ada69e8d8177e195c7e416800757663b7420c22bda5f6328,562b5976c7f6d44b782498480fce54bad1e3142d9541438f6d7a42a876a3df87,29f3847d4486b5353d002e62c09f7737cc30c88f1205eac20175fd3155ae4376
old-rule-D-1-1-S1,vle_obs_0202,vle_obs_0202-pco2,Jou1995,60.0,0.6679133582671654,282000.0,229022.6937620113,evaluated,f66d972c032ce709ada69e8d8177e195c7e416800757663b7420c22bda5f6328,562b5976c7f6d44b782498480fce54bad1e3142d9541438f6d7a42a876a3df87,29f3847d4486b5353d002e62c09f7737cc30c88f1205eac20175fd3155ae4376
old-rule-D-1-1-S1,vle_obs_0203,vle_obs_0203-pco2,Jou1995,80.0,0.01730034600692014,2.96,2.8826354901662334,evaluated,f66d972c032ce709ada69e8d8177e195c7e416800757663b7420c22bda5f6328,562b5976c7f6d44b782498480fce54bad1e3142d9541438f6d7a42a876a3df87,29f3847d4486b5353d002e62c09f7737cc30c88f1205eac20175fd3155ae4376
old-rule-D-1-1-S1,vle_obs_0204,vle_obs_0204-pco2,Jou1995,80.0,0.023500470009400188,4.84,4.942202724328673,evaluated,f66d972c032ce709ada69e8d8177e195c7e416800757663b7420c22bda5f6328,562b5976c7f6d44b782498480fce54bad1e3142d9541438f6d7a42a876a3df87,29f3847d4486b5353d002e62c09f7737cc30c88f1205eac20175fd3155ae4376
old-rule-D-1-1-S1,vle_obs_0205,vle_obs_0205-pco2,Jou1995,80.0,0.07800156003120062,46.5,43.38504138758495,evaluated,f66d972c032ce709ada69e8d8177e195c7e416800757663b7420c22bda5f6328,562b5976c7f6d44b782498480fce54bad1e3142d9541438f6d7a42a876a3df87,29f3847d4486b5353d002e62c09f7737cc30c88f1205eac20175fd3155ae4376
old-rule-D-1-1-S1,vle_obs_0206,vle_obs_0206-pco2,Jou1995,80.0,0.11790235804716094,99.2,98.92427838282661,evaluated,f66d972c032ce709ada69e8d8177e195c7e416800757663b7420c22bda5f6328,562b5976c7f6d44b782498480fce54bad1e3142d9541438f6d7a42a876a3df87,29f3847d4486b5353d002e62c09f7737cc30c88f1205eac20175fd3155ae4376
old-rule-D-1-1-S1,vle_obs_0207,vle_obs_0207-pco2,Jou1995,80.0,0.18690373807476152,278.0,284.533499013822,evaluated,f66d972c032ce709ada69e8d8177e195c7e416800757663b7420c22bda5f6328,562b5976c7f6d44b782498480fce54bad1e3142d9541438f6d7a42a876a3df87,29f3847d4486b5353d002e62c09f7737cc30c88f1205eac20175fd3155ae4376
old-rule-D-1-1-S1,vle_obs_0208,vle_obs_0208-pco2,Jou1995,80.0,0.3479069581391628,2670.0,2396.333461626896,evaluated,f66d972c032ce709ada69e8d8177e195c7e416800757663b7420c22bda5f6328,562b5976c7f6d44b782498480fce54bad1e3142d9541438f6d7a42a876a3df87,29f3847d4486b5353d002e62c09f7737cc30c88f1205eac20175fd3155ae4376
old-rule-D-1-1-S1,vle_obs_0209,vle_obs_0209-pco2,Jou1995,80.0,0.4599091981839637,16000.0,17380.965774459004,evaluated,f66d972c032ce709ada69e8d8177e195c7e416800757663b7420c22bda5f6328,562b5976c7f6d44b782498480fce54bad1e3142d9541438f6d7a42a876a3df87,29f3847d4486b5353d002e62c09f7737cc30c88f1205eac20175fd3155ae4376
old-rule-D-1-1-S1,vle_obs_0210,vle_obs_0210-pco2,Jou1995,80.0,0.5169103382067641,56000.0,61742.62111160986,evaluated,f66d972c032ce709ada69e8d8177e195c7e416800757663b7420c22bda5f6328,562b5976c7f6d44b782498480fce54bad1e3142d9541438f6d7a42a876a3df87,29f3847d4486b5353d002e62c09f7737cc30c88f1205eac20175fd3155ae4376
old-rule-D-1-1-S1,vle_obs_0211,vle_obs_0211-pco2,Jou1995,80.0,0.5784115682313646,235000.0,196540.3269378064,evaluated,f66d972c032ce709ada69e8d8177e195c7e416800757663b7420c22bda5f6328,562b5976c7f6d44b782498480fce54bad1e3142d9541438f6d7a42a876a3df87,29f3847d4486b5353d002e62c09f7737cc30c88f1205eac20175fd3155ae4376
old-rule-D-1-1-S1,vle_obs_0212,vle_obs_0212-pco2,Jou1995,80.0,0.6399127982559651,558000.0,431421.8861604465,evaluated,f66d972c032ce709ada69e8d8177e195c7e416800757663b7420c22bda5f6328,562b5976c7f6d44b782498480fce54bad1e3142d9541438f6d7a42a876a3df87,29f3847d4486b5353d002e62c09f7737cc30c88f1205eac20175fd3155ae4376
old-rule-D-1-1-S1,vle_obs_0213,vle_obs_0213-pco2,Jou1995,80.0,0.6889137782755654,958000.0,666744.4573976716,evaluated,f66d972c032ce709ada69e8d8177e195c7e416800757663b7420c22bda5f6328,562b5976c7f6d44b782498480fce54bad1e3142d9541438f6d7a42a876a3df87,29f3847d4486b5353d002e62c09f7737cc30c88f1205eac20175fd3155ae4376
old-rule-D-1-1-S1,vle_obs_0214,vle_obs_0214-pco2,Jou1995,100.0,0.011600232004640094,7.24,6.64264915475848,evaluated,f66d972c032ce709ada69e8d8177e195c7e416800757663b7420c22bda5f6328,562b5976c7f6d44b782498480fce54bad1e3142d9541438f6d7a42a876a3df87,29f3847d4486b5353d002e62c09f7737cc30c88f1205eac20175fd3155ae4376
old-rule-D-1-1-S1,vle_obs_0215,vle_obs_0215-pco2,Jou1995,100.0,0.056501130022600446,136.0,111.51516966975205,evaluated,f66d972c032ce709ada69e8d8177e195c7e416800757663b7420c22bda5f6328,562b5976c7f6d44b782498480fce54bad1e3142d9541438f6d7a42a876a3df87,29f3847d4486b5353d002e62c09f7737cc30c88f1205eac20175fd3155ae4376
old-rule-D-1-1-S1,vle_obs_0216,vle_obs_0216-pco2,Jou1995,100.0,0.18790375807516152,1430.0,1422.1756283034865,evaluated,f66d972c032ce709ada69e8d8177e195c7e416800757663b7420c22bda5f6328,562b5976c7f6d44b782498480fce54bad1e3142d9541438f6d7a42a876a3df87,29f3847d4486b5353d002e62c09f7737cc30c88f1205eac20175fd3155ae4376
old-rule-D-1-1-S1,vle_obs_0217,vle_obs_0217-pco2,Jou1995,100.0,0.38090761815236307,19000.0,20315.034440878393,evaluated,f66d972c032ce709ada69e8d8177e195c7e416800757663b7420c22bda5f6328,562b5976c7f6d44b782498480fce54bad1e3142d9541438f6d7a42a876a3df87,29f3847d4486b5353d002e62c09f7737cc30c88f1205eac20175fd3155ae4376
old-rule-D-1-1-S1,vle_obs_0218,vle_obs_0218-pco2,Jou1995,100.0,0.4219084381687634,39000.0,39909.82318569557,evaluated,f66d972c032ce709ada69e8d8177e195c7e416800757663b7420c22bda5f6328,562b5976c7f6d44b782498480fce54bad1e3142d9541438f6d7a42a876a3df87,29f3847d4486b5353d002e62c09f7737cc30c88f1205eac20175fd3155ae4376
old-rule-D-1-1-S1,vle_obs_0219,vle_obs_0219-pco2,Jou1995,100.0,0.4769095381907638,69000.0,107921.16767654424,evaluated,f66d972c032ce709ada69e8d8177e195c7e416800757663b7420c22bda5f6328,562b5976c7f6d44b782498480fce54bad1e3142d9541438f6d7a42a876a3df87,29f3847d4486b5353d002e62c09f7737cc30c88f1205eac20175fd3155ae4376
old-rule-D-1-1-S1,vle_obs_0220,vle_obs_0220-pco2,Jou1995,100.0,0.48090961819236383,109000.0,116140.52932771531,evaluated,f66d972c032ce709ada69e8d8177e195c7e416800757663b7420c22bda5f6328,562b5976c7f6d44b782498480fce54bad1e3142d9541438f6d7a42a876a3df87,29f3847d4486b5353d002e62c09f7737cc30c88f1205eac20175fd3155ae4376
old-rule-D-1-1-S1,vle_obs_0221,vle_obs_0221-pco2,Jou1995,100.0,0.5709114182283646,509000.0,481270.2077016244,evaluated,f66d972c032ce709ada69e8d8177e195c7e416800757663b7420c22bda5f6328,562b5976c7f6d44b782498480fce54bad1e3142d9541438f6d7a42a876a3df87,29f3847d4486b5353d002e62c09f7737cc30c88f1205eac20175fd3155ae4376
old-rule-D-1-1-S1,vle_obs_0222,vle_obs_0222-pco2,Jou1995,100.0,0.5889117782355647,376000.0,593634.0796514959,evaluated,f66d972c032ce709ada69e8d8177e195c7e416800757663b7420c22bda5f6328,562b5976c7f6d44b782498480fce54bad1e3142d9541438f6d7a42a876a3df87,29f3847d4486b5353d002e62c09f7737cc30c88f1205eac20175fd3155ae4376
old-rule-D-1-1-S1,vle_obs_0223,vle_obs_0223-pco2,Jou1995,100.0,0.613412268245365,909000.0,761031.6557688923,evaluated,f66d972c032ce709ada69e8d8177e195c7e416800757663b7420c22bda5f6328,562b5976c7f6d44b782498480fce54bad1e3142d9541438f6d7a42a876a3df87,29f3847d4486b5353d002e62c09f7737cc30c88f1205eac20175fd3155ae4376
old-rule-D-1-1-S1,vle_obs_0224,vle_obs_0224-pco2,Jou1995,120.0,0.003230064601292026,2.02,3.120890169137465,evaluated,f66d972c032ce709ada69e8d8177e195c7e416800757663b7420c22bda5f6328,562b5976c7f6d44b782498480fce54bad1e3142d9541438f6d7a42a876a3df87,29f3847d4486b5353d002e62c09f7737cc30c88f1205eac20175fd3155ae4376
old-rule-D-1-1-S1,vle_obs_0225,vle_obs_0225-pco2,Jou1995,120.0,0.011100222004440089,22.1,26.557142432333755,evaluated,f66d972c032ce709ada69e8d8177e195c7e416800757663b7420c22bda5f6328,562b5976c7f6d44b782498480fce54bad1e3142d9541438f6d7a42a876a3df87,29f3847d4486b5353d002e62c09f7737cc30c88f1205eac20175fd3155ae4376
old-rule-D-1-1-S1,vle_obs_0226,vle_obs_0226-pco2,Jou1995,120.0,0.024600492009840196,98.4,107.98849770812554,evaluated,f66d972c032ce709ada69e8d8177e195c7e416800757663b7420c22bda5f6328,562b5976c7f6d44b782498480fce54bad1e3142d9541438f6d7a42a876a3df87,29f3847d4486b5353d002e62c09f7737cc30c88f1205eac20175fd3155ae4376
old-rule-D-1-1-S1,vle_obs_0227,vle_obs_0227-pco2,Jou1995,120.0,0.11890237804756094,2290.0,2140.654609176983,evaluated,f66d972c032ce709ada69e8d8177e195c7e416800757663b7420c22bda5f6328,562b5976c7f6d44b782498480fce54bad1e3142d9541438f6d7a42a876a3df87,29f3847d4486b5353d002e62c09f7737cc30c88f1205eac20175fd3155ae4376
old-rule-D-1-1-S1,vle_obs_0228,vle_obs_0228-pco2,Jou1995,120.0,0.3489069781395628,46800.0,57174.57946998058,evaluated,f66d972c032ce709ada69e8d8177e195c7e416800757663b7420c22bda5f6328,562b5976c7f6d44b782498480fce54bad1e3142d9541438f6d7a42a876a3df87,29f3847d4486b5353d002e62c09f7737cc30c88f1205eac20175fd3155ae4376
old-rule-D-1-1-S1,vle_obs_0229,vle_obs_0229-pco2,Jou1995,120.0,0.4114082281645633,122000.0,142042.13717933447,evaluated,f66d972c032ce709ada69e8d8177e195c7e416800757663b7420c22bda5f6328,562b5976c7f6d44b782498480fce54bad1e3142d9541438f6d7a42a876a3df87,29f3847d4486b5353d002e62c09f7737cc30c88f1205eac20175fd3155ae4376
old-rule-D-1-1-S1,vle_obs_0230,vle_obs_0230-pco2,Jou1995,120.0,0.4439088781775636,222000.0,230915.19691660124,evaluated,f66d972c032ce709ada69e8d8177e195c7e416800757663b7420c22bda5f6328,562b5976c7f6d44b782498480fce54bad1e3142d9541438f6d7a42a876a3df87,29f3847d4486b5353d002e62c09f7737cc30c88f1205eac20175fd3155ae4376
old-rule-D-1-1-S1,vle_obs_0231,vle_obs_0231-pco2,Jou1995,120.0,0.4729094581891638,422000.0,351720.08360135945,evaluated,f66d972c032ce709ada69e8d8177e195c7e416800757663b7420c22bda5f6328,562b5976c7f6d44b782498480fce54bad1e3142d9541438f6d7a42a876a3df87,29f3847d4486b5353d002e62c09f7737cc30c88f1205eac20175fd3155ae4376
old-rule-D-1-1-S1,vle_obs_0232,vle_obs_0232-pco2,Jou1995,120.0,0.5359107182143643,822000.0,773805.9922092885,evaluated,f66d972c032ce709ada69e8d8177e195c7e416800757663b7420c22bda5f6328,562b5976c7f6d44b782498480fce54bad1e3142d9541438f6d7a42a876a3df87,29f3847d4486b5353d002e62c09f7737cc30c88f1205eac20175fd3155ae4376
old-rule-D-1-1-S1,vle_obs_0233,vle_obs_0233-pco2,Jou1995,120.0,0.6389127782555651,2804000.0,1786488.8753133663,evaluated,f66d972c032ce709ada69e8d8177e195c7e416800757663b7420c22bda5f6328,562b5976c7f6d44b782498480fce54bad1e3142d9541438f6d7a42a876a3df87,29f3847d4486b5353d002e62c09f7737cc30c88f1205eac20175fd3155ae4376
old-rule-D-1-1-S1,Bottinger2008_state_030,Bottinger2008_state_030::MEA + MEAH+,Bottinger2008,20.0,0.0749014980299606,0.1054,0.10404033769256411,evaluated,f66d972c032ce709ada69e8d8177e195c7e416800757663b7420c22bda5f6328,562b5976c7f6d44b782498480fce54bad1e3142d9541438f6d7a42a876a3df87,29f3847d4486b5353d002e62c09f7737cc30c88f1205eac20175fd3155ae4376
old-rule-D-1-1-S1,Bottinger2008_state_030,Bottinger2008_state_030::MEACOO-,Bottinger2008,20.0,0.0749014980299606,0.0086,0.008178530936216752,evaluated,f66d972c032ce709ada69e8d8177e195c7e416800757663b7420c22bda5f6328,562b5976c7f6d44b782498480fce54bad1e3142d9541438f6d7a42a876a3df87,29f3847d4486b5353d002e62c09f7737cc30c88f1205eac20175fd3155ae4376
old-rule-D-1-1-S1,Bottinger2008_state_031,Bottinger2008_state_031::MEA + MEAH+,Bottinger2008,20.0,0.1499029980599612,0.0966,0.09596909971969497,evaluated,f66d972c032ce709ada69e8d8177e195c7e416800757663b7420c22bda5f6328,562b5976c7f6d44b782498480fce54bad1e3142d9541438f6d7a42a876a3df87,29f3847d4486b5353d002e62c09f7737cc30c88f1205eac20175fd3155ae4376
old-rule-D-1-1-S1,Bottinger2008_state_031,Bottinger2008_state_031::MEACOO-,Bottinger2008,20.0,0.1499029980599612,0.0171,0.016249768277238556,evaluated,f66d972c032ce709ada69e8d8177e195c7e416800757663b7420c22bda5f6328,562b5976c7f6d44b782498480fce54bad1e3142d9541438f6d7a42a876a3df87,29f3847d4486b5353d002e62c09f7737cc30c88f1205eac20175fd3155ae4376
old-rule-D-1-1-S1,Bottinger2008_state_032,Bottinger2008_state_032::MEA + MEAH+,Bottinger2008,20.0,0.2349046980939619,0.0871,0.08707340468253202,evaluated,f66d972c032ce709ada69e8d8177e195c7e416800757663b7420c22bda5f6328,562b5976c7f6d44b782498480fce54bad1e3142d9541438f6d7a42a876a3df87,29f3847d4486b5353d002e62c09f7737cc30c88f1205eac20175fd3155ae4376
old-rule-D-1-1-S1,Bottinger2008_state_032,Bottinger2008_state_032::MEACOO-,Bottinger2008,20.0,0.2349046980939619,0.0267,0.02514546198807759,evaluated,f66d972c032ce709ada69e8d8177e195c7e416800757663b7420c22bda5f6328,562b5976c7f6d44b782498480fce54bad1e3142d9541438f6d7a42a876a3df87,29f3847d4486b5353d002e62c09f7737cc30c88f1205eac20175fd3155ae4376
old-rule-D-1-1-S1,Bottinger2008_state_033,Bottinger2008_state_033::MEA + MEAH+,Bottinger2008,20.0,0.30890617812356247,0.078,0.07969355565757347,evaluated,f66d972c032ce709ada69e8d8177e195c7e416800757663b7420c22bda5f6328,562b5976c7f6d44b782498480fce54bad1e3142d9541438f6d7a42a876a3df87,29f3847d4486b5353d002e62c09f7737cc30c88f1205eac20175fd3155ae4376
old-rule-D-1-1-S1,Bottinger2008_state_033,Bottinger2008_state_033::MEACOO-,Bottinger2008,20.0,0.30890617812356247,0.0349,0.03252530871583555,evaluated,f66d972c032ce709ada69e8d8177e195c7e416800757663b7420c22bda5f6328,562b5976c7f6d44b782498480fce54bad1e3142d9541438f6d7a42a876a3df87,29f3847d4486b5353d002e62c09f7737cc30c88f1205eac20175fd3155ae4376
old-rule-D-1-1-S1,Bottinger2008_state_034,Bottinger2008_state_034::MEA + MEAH+,Bottinger2008,20.0,0.38790775815516315,0.0678,0.07246062060847935,evaluated,f66d972c032ce709ada69e8d8177e195c7e416800757663b7420c22bda5f6328,562b5976c7f6d44b782498480fce54bad1e3142d9541438f6d7a42a876a3df87,29f3847d4486b5353d002e62c09f7737cc30c88f1205eac20175fd3155ae4376
old-rule-D-1-1-S1,Bottinger2008_state_034,Bottinger2008_state_034::MEACOO-,Bottinger2008,20.0,0.38790775815516315,0.043,0.03975823700192009,evaluated,f66d972c032ce709ada69e8d8177e195c7e416800757663b7420c22bda5f6328,562b5976c7f6d44b782498480fce54bad1e3142d9541438f6d7a42a876a3df87,29f3847d4486b5353d002e62c09f7737cc30c88f1205eac20175fd3155ae4376
old-rule-D-1-1-S1,Bottinger2008_state_035,Bottinger2008_state_035::MEA + MEAH+,Bottinger2008,20.0,0.4739094781895638,0.062,0.06638180292105227,evaluated,f66d972c032ce709ada69e8d8177e195c7e416800757663b7420c22bda5f6328,562b5976c7f6d44b782498480fce54bad1e3142d9541438f6d7a42a876a3df87,29f3847d4486b5353d002e62c09f7737cc30c88f1205eac20175fd3155ae4376
old-rule-D-1-1-S1,Bottinger2008_state_035,Bottinger2008_state_035::MEACOO-,Bottinger2008,20.0,0.4739094781895638,0.0493,0.0458369849600713,evaluated,f66d972c032ce709ada69e8d8177e195c7e416800757663b7420c22bda5f6328,562b5976c7f6d44b782498480fce54bad1e3142d9541438f6d7a42a876a3df87,29f3847d4486b5353d002e62c09f7737cc30c88f1205eac20175fd3155ae4376
old-rule-D-1-1-S1,Bottinger2008_state_042,Bottinger2008_state_042::MEA + MEAH+,Bottinger2008,40.0,0.124902498049961,0.1009,0.09861288206284811,evaluated,f66d972c032ce709ada69e8d8177e195c7e416800757663b7420c22bda5f6328,562b5976c7f6d44b782498480fce54bad1e3142d9541438f6d7a42a876a3df87,29f3847d4486b5353d002e62c09f7737cc30c88f1205eac20175fd3155ae4376
old-rule-D-1-1-S1,Bottinger2008_state_042,Bottinger2008_state_042::MEACOO-,Bottinger2008,40.0,0.124902498049961,0.0144,0.013605983531742092,evaluated,f66d972c032ce709ada69e8d8177e195c7e416800757663b7420c22bda5f6328,562b5976c7f6d44b782498480fce54bad1e3142d9541438f6d7a42a876a3df87,29f3847d4486b5353d002e62c09f7737cc30c88f1205eac20175fd3155ae4376
old-rule-D-1-1-S1,Bottinger2008_state_043,Bottinger2008_state_043::MEA + MEAH+,Bottinger2008,40.0,0.20490409808196164,0.0934,0.09007160679224872,evaluated,f66d972c032ce709ada69e8d8177e195c7e416800757663b7420c22bda5f6328,562b5976c7f6d44b782498480fce54bad1e3142d9541438f6d7a42a876a3df87,29f3847d4486b5353d002e62c09f7737cc30c88f1205eac20175fd3155ae4376
old-rule-D-1-1-S1,Bottinger2008_state_043,Bottinger2008_state_043::MEACOO-,Bottinger2008,40.0,0.20490409808196164,0.0241,0.02214725282428562,evaluated,f66d972c032ce709ada69e8d8177e195c7e416800757663b7420c22bda5f6328,562b5976c7f6d44b782498480fce54bad1e3142d9541438f6d7a42a876a3df87,29f3847d4486b5353d002e62c09f7737cc30c88f1205eac20175fd3155ae4376
old-rule-D-1-1-S1,Bottinger2008_state_044,Bottinger2008_state_044::MEA + MEAH+,Bottinger2008,40.0,0.2359047180943619,0.0876,0.08682056553288861,evaluated,f66d972c032ce709ada69e8d8177e195c7e416800757663b7420c22bda5f6328,562b5976c7f6d44b782498480fce54bad1e3142d9541438f6d7a42a876a3df87,29f3847d4486b5353d002e62c09f7737cc30c88f1205eac20175fd3155ae4376
old-rule-D-1-1-S1,Bottinger2008_state_044,Bottinger2008_state_044::MEACOO-,Bottinger2008,40.0,0.2359047180943619,0.0271,0.025398290285238653,evaluated,f66d972c032ce709ada69e8d8177e195c7e416800757663b7420c22bda5f6328,562b5976c7f6d44b782498480fce54bad1e3142d9541438f6d7a42a876a3df87,29f3847d4486b5353d002e62c09f7737cc30c88f1205eac20175fd3155ae4376
old-rule-D-1-1-S1,Bottinger2008_state_045,Bottinger2008_state_045::MEA + MEAH+,Bottinger2008,40.0,0.2799055981119623,0.084,0.08228677803770792,evaluated,f66d972c032ce709ada69e8d8177e195c7e416800757663b7420c22bda5f6328,562b5976c7f6d44b782498480fce54bad1e3142d9541438f6d7a42a876a3df87,29f3847d4486b5353d002e62c09f7737cc30c88f1205eac20175fd3155ae4376
old-rule-D-1-1-S1,Bottinger2008_state_045,Bottinger2008_state_045::MEACOO-,Bottinger2008,40.0,0.2799055981119623,0.0327,0.02993206980885,evaluated,f66d972c032ce709ada69e8d8177e195c7e416800757663b7420c22bda5f6328,562b5976c7f6d44b782498480fce54bad1e3142d9541438f6d7a42a876a3df87,29f3847d4486b5353d002e62c09f7737cc30c88f1205eac20175fd3155ae4376
old-rule-D-1-1-S1,Bottinger2008_state_046,Bottinger2008_state_046::MEA + MEAH+,Bottinger2008,40.0,0.34290685813716276,0.0758,0.07603656868303171,evaluated,f66d972c032ce709ada69e8d8177e195c7e416800757663b7420c22bda5f6328,562b5976c7f6d44b782498480fce54bad1e3142d9541438f6d7a42a876a3df87,29f3847d4486b5353d002e62c09f7737cc30c88f1205eac20175fd3155ae4376
old-rule-D-1-1-S1,Bottinger2008_state_046,Bottinger2008_state_046::MEACOO-,Bottinger2008,40.0,0.34290685813716276,0.0396,0.03618225669706393,evaluated,f66d972c032ce709ada69e8d8177e195c7e416800757663b7420c22bda5f6328,562b5976c7f6d44b782498480fce54bad1e3142d9541438f6d7a42a876a3df87,29f3847d4486b5353d002e62c09f7737cc30c88f1205eac20175fd3155ae4376
old-rule-D-1-1-S1,Bottinger2008_state_047,Bottinger2008_state_047::MEA + MEAH+,Bottinger2008,40.0,0.3539070781415628,0.0749,0.07498698483700089,evaluated,f66d972c032ce709ada69e8d8177e195c7e416800757663b7420c22bda5f6328,562b5976c7f6d44b782498480fce54bad1e3142d9541438f6d7a42a876a3df87,29f3847d4486b5353d002e62c09f7737cc30c88f1205eac20175fd3155ae4376
old-rule-D-1-1-S1,Bottinger2008_state_047,Bottinger2008_state_047::MEACOO-,Bottinger2008,40.0,0.3539070781415628,0.041,0.037231833967949796,evaluated,f66d972c032ce709ada69e8d8177e195c7e416800757663b7420c22bda5f6328,562b5976c7f6d44b782498480fce54bad1e3142d9541438f6d7a42a876a3df87,29f3847d4486b5353d002e62c09f7737cc30c88f1205eac20175fd3155ae4376
old-rule-D-1-1-S1,Bottinger2008_state_048,Bottinger2008_state_048::MEA + MEAH+,Bottinger2008,40.0,0.4599091981839637,0.065,0.0664015638507539,evaluated,f66d972c032ce709ada69e8d8177e195c7e416800757663b7420c22bda5f6328,562b5976c7f6d44b782498480fce54bad1e3142d9541438f6d7a42a876a3df87,29f3847d4486b5353d002e62c09f7737cc30c88f1205eac20175fd3155ae4376
old-rule-D-1-1-S1,Bottinger2008_state_048,Bottinger2008_state_048::MEACOO-,Bottinger2008,40.0,0.4599091981839637,0.0492,0.04581694719919377,evaluated,f66d972c032ce709ada69e8d8177e195c7e416800757663b7420c22bda5f6328,562b5976c7f6d44b782498480fce54bad1e3142d9541438f6d7a42a876a3df87,29f3847d4486b5353d002e62c09f7737cc30c88f1205eac20175fd3155ae4376
old-rule-D-1-1-S1,Bottinger2008_state_049,Bottinger2008_state_049::MEA + MEAH+,Bottinger2008,40.0,0.4659093181863638,0.0663,0.06609180710019208,evaluated,f66d972c032ce709ada69e8d8177e195c7e416800757663b7420c22bda5f6328,562b5976c7f6d44b782498480fce54bad1e3142d9541438f6d7a42a876a3df87,29f3847d4486b5353d002e62c09f7737cc30c88f1205eac20175fd3155ae4376
old-rule-D-1-1-S1,Bottinger2008_state_049,Bottinger2008_state_049::MEACOO-,Bottinger2008,40.0,0.4659093181863638,0.0502,0.04612663759914155,evaluated,f66d972c032ce709ada69e8d8177e195c7e416800757663b7420c22bda5f6328,562b5976c7f6d44b782498480fce54bad1e3142d9541438f6d7a42a876a3df87,29f3847d4486b5353d002e62c09f7737cc30c88f1205eac20175fd3155ae4376
old-rule-D-1-1-S1,Bottinger2008_state_049,Bottinger2008_state_049::HCO3-,Bottinger2008,40.0,0.4659093181863638,0.004,0.006163377625328547,evaluated,f66d972c032ce709ada69e8d8177e195c7e416800757663b7420c22bda5f6328,562b5976c7f6d44b782498480fce54bad1e3142d9541438f6d7a42a876a3df87,29f3847d4486b5353d002e62c09f7737cc30c88f1205eac20175fd3155ae4376
old-rule-D-1-1-S1,Bottinger2008_state_050,Bottinger2008_state_050::MEA + MEAH+,Bottinger2008,40.0,0.4869097381947639,0.0646,0.06534503310034431,evaluated,f66d972c032ce709ada69e8d8177e195c7e416800757663b7420c22bda5f6328,562b5976c7f6d44b782498480fce54bad1e3142d9541438f6d7a42a876a3df87,29f3847d4486b5353d002e62c09f7737cc30c88f1205eac20175fd3155ae4376
old-rule-D-1-1-S1,Bottinger2008_state_050,Bottinger2008_state_050::MEACOO-,Bottinger2008,40.0,0.4869097381947639,0.0511,0.04687301225247611,evaluated,f66d972c032ce709ada69e8d8177e195c7e416800757663b7420c22bda5f6328,562b5976c7f6d44b782498480fce54bad1e3142d9541438f6d7a42a876a3df87,29f3847d4486b5353d002e62c09f7737cc30c88f1205eac20175fd3155ae4376
old-rule-D-1-1-S1,Bottinger2008_state_050,Bottinger2008_state_050::HCO3-,Bottinger2008,40.0,0.4869097381947639,0.0052,0.007769837189305257,evaluated,f66d972c032ce709ada69e8d8177e195c7e416800757663b7420c22bda5f6328,562b5976c7f6d44b782498480fce54bad1e3142d9541438f6d7a42a876a3df87,29f3847d4486b5353d002e62c09f7737cc30c88f1205eac20175fd3155ae4376
old-rule-D-1-1-S1,Bottinger2008_state_055,Bottinger2008_state_055::MEA + MEAH+,Bottinger2008,60.0,0.13090261805236106,0.0974,0.09797937046112117,evaluated,f66d972c032ce709ada69e8d8177e195c7e416800757663b7420c22bda5f6328,562b5976c7f6d44b782498480fce54bad1e3142d9541438f6d7a42a876a3df87,29f3847d4486b5353d002e62c09f7737cc30c88f1205eac20175fd3155ae4376
old-rule-D-1-1-S1,Bottinger2008_state_055,Bottinger2008_state_055::MEACOO-,Bottinger2008,60.0,0.13090261805236106,0.0147,0.014239480910562317,evaluated,f66d972c032ce709ada69e8d8177e195c7e416800757663b7420c22bda5f6328,562b5976c7f6d44b782498480fce54bad1e3142d9541438f6d7a42a876a3df87,29f3847d4486b5353d002e62c09f7737cc30c88f1205eac20175fd3155ae4376
old-rule-D-1-1-S1,Bottinger2008_state_056,Bottinger2008_state_056::MEA + MEAH+,Bottinger2008,60.0,0.20290405808116166,0.0905,0.09029169009977457,evaluated,f66d972c032ce709ada69e8d8177e195c7e416800757663b7420c22bda5f6328,562b5976c7f6d44b782498480fce54bad1e3142d9541438f6d7a42a876a3df87,29f3847d4486b5353d002e62c09f7737cc30c88f1205eac20175fd3155ae4376
old-rule-D-1-1-S1,Bottinger2008_state_056,Bottinger2008_state_056::MEACOO-,Bottinger2008,60.0,0.20290405808116166,0.0231,0.02192713211332024,evaluated,f66d972c032ce709ada69e8d8177e195c7e416800757663b7420c22bda5f6328,562b5976c7f6d44b782498480fce54bad1e3142d9541438f6d7a42a876a3df87,29f3847d4486b5353d002e62c09f7737cc30c88f1205eac20175fd3155ae4376
old-rule-D-1-1-S1,Bottinger2008_state_057,Bottinger2008_state_057::MEA + MEAH+,Bottinger2008,60.0,0.27690553811076224,0.0791,0.08258353169634058,evaluated,f66d972c032ce709ada69e8d8177e195c7e416800757663b7420c22bda5f6328,562b5976c7f6d44b782498480fce54bad1e3142d9541438f6d7a42a876a3df87,29f3847d4486b5353d002e62c09f7737cc30c88f1205eac20175fd3155ae4376
old-rule-D-1-1-S1,Bottinger2008_state_057,Bottinger2008_state_057::MEACOO-,Bottinger2008,60.0,0.27690553811076224,0.0302,0.029635224934149967,evaluated,f66d972c032ce709ada69e8d8177e195c7e416800757663b7420c22bda5f6328,562b5976c7f6d44b782498480fce54bad1e3142d9541438f6d7a42a876a3df87,29f3847d4486b5353d002e62c09f7737cc30c88f1205eac20175fd3155ae4376
old-rule-D-1-1-S1,Bottinger2008_state_058,Bottinger2008_state_058::MEA + MEAH+,Bottinger2008,60.0,0.4149082981659633,0.0687,0.06961646485809408,evaluated,f66d972c032ce709ada69e8d8177e195c7e416800757663b7420c22bda5f6328,562b5976c7f6d44b782498480fce54bad1e3142d9541438f6d7a42a876a3df87,29f3847d4486b5353d002e62c09f7737cc30c88f1205eac20175fd3155ae4376
old-rule-D-1-1-S1,Bottinger2008_state_058,Bottinger2008_state_058::MEACOO-,Bottinger2008,60.0,0.4149082981659633,0.0417,0.04260161656142028,evaluated,f66d972c032ce709ada69e8d8177e195c7e416800757663b7420c22bda5f6328,562b5976c7f6d44b782498480fce54bad1e3142d9541438f6d7a42a876a3df87,29f3847d4486b5353d002e62c09f7737cc30c88f1205eac20175fd3155ae4376
old-rule-D-1-1-S1,Bottinger2008_state_058,Bottinger2008_state_058::HCO3-,Bottinger2008,60.0,0.4149082981659633,0.0042,0.003961869978621318,evaluated,f66d972c032ce709ada69e8d8177e195c7e416800757663b7420c22bda5f6328,562b5976c7f6d44b782498480fce54bad1e3142d9541438f6d7a42a876a3df87,29f3847d4486b5353d002e62c09f7737cc30c88f1205eac20175fd3155ae4376
old-rule-D-1-1-S1,Bottinger2008_state_059,Bottinger2008_state_059::MEA + MEAH+,Bottinger2008,60.0,0.4889097781955639,0.068,0.06570489338105281,evaluated,f66d972c032ce709ada69e8d8177e195c7e416800757663b7420c22bda5f6328,562b5976c7f6d44b782498480fce54bad1e3142d9541438f6d7a42a876a3df87,29f3847d4486b5353d002e62c09f7737cc30c88f1205eac20175fd3155ae4376
old-rule-D-1-1-S1,Bottinger2008_state_059,Bottinger2008_state_059::MEACOO-,Bottinger2008,60.0,0.4889097781955639,0.0424,0.04650954501838615,evaluated,f66d972c032ce709ada69e8d8177e195c7e416800757663b7420c22bda5f6328,562b5976c7f6d44b782498480fce54bad1e3142d9541438f6d7a42a876a3df87,29f3847d4486b5353d002e62c09f7737cc30c88f1205eac20175fd3155ae4376
old-rule-D-1-1-S1,Bottinger2008_state_059,Bottinger2008_state_059::HCO3-,Bottinger2008,60.0,0.4889097781955639,0.0072,0.008323834584706698,evaluated,f66d972c032ce709ada69e8d8177e195c7e416800757663b7420c22bda5f6328,562b5976c7f6d44b782498480fce54bad1e3142d9541438f6d7a42a876a3df87,29f3847d4486b5353d002e62c09f7737cc30c88f1205eac20175fd3155ae4376
old-rule-D-1-1-S1,Bottinger2008_state_063,Bottinger2008_state_063::MEA + MEAH+,Bottinger2008,80.0,0.06390127802556052,0.1084,0.10525539395044017,evaluated,f66d972c032ce709ada69e8d8177e195c7e416800757663b7420c22bda5f6328,562b5976c7f6d44b782498480fce54bad1e3142d9541438f6d7a42a876a3df87,29f3847d4486b5353d002e62c09f7737cc30c88f1205eac20175fd3155ae4376
old-rule-D-1-1-S1,Bottinger2008_state_063,Bottinger2008_state_063::MEACOO-,Bottinger2008,80.0,0.06390127802556052,0.0068,0.006963455354009544,evaluated,f66d972c032ce709ada69e8d8177e195c7e416800757663b7420c22bda5f6328,562b5976c7f6d44b782498480fce54bad1e3142d9541438f6d7a42a876a3df87,29f3847d4486b5353d002e62c09f7737cc30c88f1205eac20175fd3155ae4376
old-rule-D-1-1-S1,Bottinger2008_state_064,Bottinger2008_state_064::MEA + MEAH+,Bottinger2008,80.0,0.14090281805636112,0.1005,0.09696189787490941,evaluated,f66d972c032ce709ada69e8d8177e195c7e416800757663b7420c22bda5f6328,562b5976c7f6d44b782498480fce54bad1e3142d9541438f6d7a42a876a3df87,29f3847d4486b5353d002e62c09f7737cc30c88f1205eac20175fd3155ae4376
old-rule-D-1-1-S1,Bottinger2008_state_064,Bottinger2008_state_064::MEACOO-,Bottinger2008,80.0,0.14090281805636112,0.014,0.01525687743771247,evaluated,f66d972c032ce709ada69e8d8177e195c7e416800757663b7420c22bda5f6328,562b5976c7f6d44b782498480fce54bad1e3142d9541438f6d7a42a876a3df87,29f3847d4486b5353d002e62c09f7737cc30c88f1205eac20175fd3155ae4376
old-rule-D-1-1-S1,Bottinger2008_state_065,Bottinger2008_state_065::MEA + MEAH+,Bottinger2008,80.0,0.24490489809796198,0.0906,0.08601833245641693,evaluated,f66d972c032ce709ada69e8d8177e195c7e416800757663b7420c22bda5f6328,562b5976c7f6d44b782498480fce54bad1e3142d9541438f6d7a42a876a3df87,29f3847d4486b5353d002e62c09f7737cc30c88f1205eac20175fd3155ae4376
old-rule-D-1-1-S1,Bottinger2008_state_065,Bottinger2008_state_065::MEACOO-,Bottinger2008,80.0,0.24490489809796198,0.0224,0.026200158313328527,evaluated,f66d972c032ce709ada69e8d8177e195c7e416800757663b7420c22bda5f6328,562b5976c7f6d44b782498480fce54bad1e3142d9541438f6d7a42a876a3df87,29f3847d4486b5353d002e62c09f7737cc30c88f1205eac20175fd3155ae4376
old-rule-D-1-1-S1,Bottinger2008_state_066,Bottinger2008_state_066::MEA + MEAH+,Bottinger2008,80.0,0.33590671813436274,0.0858,0.076962861400667,evaluated,f66d972c032ce709ada69e8d8177e195c7e416800757663b7420c22bda5f6328,562b5976c7f6d44b782498480fce54bad1e3142d9541438f6d7a42a876a3df87,29f3847d4486b5353d002e62c09f7737cc30c88f1205eac20175fd3155ae4376
old-rule-D-1-1-S1,Bottinger2008_state_066,Bottinger2008_state_066::MEACOO-,Bottinger2008,80.0,0.33590671813436274,0.0337,0.03525479575978903,evaluated,f66d972c032ce709ada69e8d8177e195c7e416800757663b7420c22bda5f6328,562b5976c7f6d44b782498480fce54bad1e3142d9541438f6d7a42a876a3df87,29f3847d4486b5353d002e62c09f7737cc30c88f1205eac20175fd3155ae4376
old-rule-D-1-1-S1,Bottinger2008_state_067,Bottinger2008_state_067::MEA + MEAH+,Bottinger2008,80.0,0.39790795815916324,0.0872,0.07149107296278821,evaluated,f66d972c032ce709ada69e8d8177e195c7e416800757663b7420c22bda5f6328,562b5976c7f6d44b782498480fce54bad1e3142d9541438f6d7a42a876a3df87,29f3847d4486b5353d002e62c09f7737cc30c88f1205eac20175fd3155ae4376
old-rule-D-1-1-S1,Bottinger2008_state_067,Bottinger2008_state_067::MEACOO-,Bottinger2008,80.0,0.39790795815916324,0.0336,0.0407247071291534,evaluated,f66d972c032ce709ada69e8d8177e195c7e416800757663b7420c22bda5f6328,562b5976c7f6d44b782498480fce54bad1e3142d9541438f6d7a42a876a3df87,29f3847d4486b5353d002e62c09f7737cc30c88f1205eac20175fd3155ae4376
old-rule-D-1-1-S1,Bottinger2008_state_067,Bottinger2008_state_067::HCO3-,Bottinger2008,80.0,0.39790795815916324,0.0046,0.003909648606232988,evaluated,f66d972c032ce709ada69e8d8177e195c7e416800757663b7420c22bda5f6328,562b5976c7f6d44b782498480fce54bad1e3142d9541438f6d7a42a876a3df87,29f3847d4486b5353d002e62c09f7737cc30c88f1205eac20175fd3155ae4376
old-rule-D-1-1-S1,Matin2012_state_001,Matin2012_state_001::MEA,Matin2012,20.0,0.10590211804236084,0.0915,0.0885733049713764,evaluated,f66d972c032ce709ada69e8d8177e195c7e416800757663b7420c22bda5f6328,562b5976c7f6d44b782498480fce54bad1e3142d9541438f6d7a42a876a3df87,29f3847d4486b5353d002e62c09f7737cc30c88f1205eac20175fd3155ae4376
old-rule-D-1-1-S1,Matin2012_state_001,Matin2012_state_001::MEAH+,Matin2012,20.0,0.10590211804236084,0.0115,0.01211228778247171,evaluated,f66d972c032ce709ada69e8d8177e195c7e416800757663b7420c22bda5f6328,562b5976c7f6d44b782498480fce54bad1e3142d9541438f6d7a42a876a3df87,29f3847d4486b5353d002e62c09f7737cc30c88f1205eac20175fd3155ae4376
old-rule-D-1-1-S1,Matin2012_state_001,Matin2012_state_001::MEACOO-,Matin2012,20.0,0.10590211804236084,0.0097,0.011533275659961552,evaluated,f66d972c032ce709ada69e8d8177e195c7e416800757663b7420c22bda5f6328,562b5976c7f6d44b782498480fce54bad1e3142d9541438f6d7a42a876a3df87,29f3847d4486b5353d002e62c09f7737cc30c88f1205eac20175fd3155ae4376
old-rule-D-1-1-S1,Matin2012_state_001,Matin2012_state_001::HCO3-,Matin2012,20.0,0.10590211804236084,0.0024,0.00036192017285637695,evaluated,f66d972c032ce709ada69e8d8177e195c7e416800757663b7420c22bda5f6328,562b5976c7f6d44b782498480fce54bad1e3142d9541438f6d7a42a876a3df87,29f3847d4486b5353d002e62c09f7737cc30c88f1205eac20175fd3155ae4376
old-rule-D-1-1-S1,Matin2012_state_002,Matin2012_state_002::MEA,Matin2012,20.0,0.12790255805116105,0.0867,0.08367130756665549,evaluated,f66d972c032ce709ada69e8d8177e195c7e416800757663b7420c22bda5f6328,562b5976c7f6d44b782498480fce54bad1e3142d9541438f6d7a42a876a3df87,29f3847d4486b5353d002e62c09f7737cc30c88f1205eac20175fd3155ae4376
old-rule-D-1-1-S1,Matin2012_state_002,Matin2012_state_002::MEAH+,Matin2012,20.0,0.12790255805116105,0.0139,0.014648625516499912,evaluated,f66d972c032ce709ada69e8d8177e195c7e416800757663b7420c22bda5f6328,562b5976c7f6d44b782498480fce54bad1e3142d9541438f6d7a42a876a3df87,29f3847d4486b5353d002e62c09f7737cc30c88f1205eac20175fd3155ae4376
old-rule-D-1-1-S1,Matin2012_state_002,Matin2012_state_002::MEACOO-,Matin2012,20.0,0.12790255805116105,0.0124,0.013898935139842063,evaluated,f66d972c032ce709ada69e8d8177e195c7e416800757663b7420c22bda5f6328,562b5976c7f6d44b782498480fce54bad1e3142d9541438f6d7a42a876a3df87,29f3847d4486b5353d002e62c09f7737cc30c88f1205eac20175fd3155ae4376
old-rule-D-1-1-S1,Matin2012_state_002,Matin2012_state_002::HCO3-,Matin2012,20.0,0.12790255805116105,0.0022,0.00046507407329869177,evaluated,f66d972c032ce709ada69e8d8177e195c7e416800757663b7420c22bda5f6328,562b5976c7f6d44b782498480fce54bad1e3142d9541438f6d7a42a876a3df87,29f3847d4486b5353d002e62c09f7737cc30c88f1205eac20175fd3155ae4376
old-rule-D-1-1-S1,Matin2012_state_003,Matin2012_state_003::MEA,Matin2012,20.0,0.1499029980599612,0.0817,0.07877142778449554,evaluated,f66d972c032ce709ada69e8d8177e195c7e416800757663b7420c22bda5f6328,562b5976c7f6d44b782498480fce54bad1e3142d9541438f6d7a42a876a3df87,29f3847d4486b5353d002e62c09f7737cc30c88f1205eac20175fd3155ae4376
old-rule-D-1-1-S1,Matin2012_state_003,Matin2012_state_003::MEAH+,Matin2012,20.0,0.1499029980599612,0.0162,0.017197671935199353,evaluated,f66d972c032ce709ada69e8d8177e195c7e416800757663b7420c22bda5f6328,562b5976c7f6d44b782498480fce54bad1e3142d9541438f6d7a42a876a3df87,29f3847d4486b5353d002e62c09f7737cc30c88f1205eac20175fd3155ae4376
old-rule-D-1-1-S1,Matin2012_state_003,Matin2012_state_003::MEACOO-,Matin2012,20.0,0.1499029980599612,0.0151,0.016249768277238594,evaluated,f66d972c032ce709ada69e8d8177e195c7e416800757663b7420c22bda5f6328,562b5976c7f6d44b782498480fce54bad1e3142d9541438f6d7a42a876a3df87,29f3847d4486b5353d002e62c09f7737cc30c88f1205eac20175fd3155ae4376
old-rule-D-1-1-S1,Matin2012_state_003,Matin2012_state_003::HCO3-,Matin2012,20.0,0.1499029980599612,0.002,0.0005830539884066918,evaluated,f66d972c032ce709ada69e8d8177e195c7e416800757663b7420c22bda5f6328,562b5976c7f6d44b782498480fce54bad1e3142d9541438f6d7a42a876a3df87,29f3847d4486b5353d002e62c09f7737cc30c88f1205eac20175fd3155ae4376
old-rule-D-1-1-S1,Matin2012_state_004,Matin2012_state_004::MEA,Matin2012,20.0,0.17290345806916138,0.0768,0.07365143786584283,evaluated,f66d972c032ce709ada69e8d8177e195c7e416800757663b7420c22bda5f6328,562b5976c7f6d44b782498480fce54bad1e3142d9541438f6d7a42a876a3df87,29f3847d4486b5353d002e62c09f7737cc30c88f1205eac20175fd3155ae4376
old-rule-D-1-1-S1,Matin2012_state_004,Matin2012_state_004::MEAH+,Matin2012,20.0,0.17290345806916138,0.0186,0.019878356097016624,evaluated,f66d972c032ce709ada69e8d8177e195c7e416800757663b7420c22bda5f6328,562b5976c7f6d44b782498480fce54bad1e3142d9541438f6d7a42a876a3df87,29f3847d4486b5353d002e62c09f7737cc30c88f1205eac20175fd3155ae4376
old-rule-D-1-1-S1,Matin2012_state_004,Matin2012_state_004::MEACOO-,Matin2012,20.0,0.17290345806916138,0.0177,0.018689073754723538,evaluated,f66d972c032ce709ada69e8d8177e195c7e416800757663b7420c22bda5f6328,562b5976c7f6d44b782498480fce54bad1e3142d9541438f6d7a42a876a3df87,29f3847d4486b5353d002e62c09f7737cc30c88f1205eac20175fd3155ae4376
old-rule-D-1-1-S1,Matin2012_state_004,Matin2012_state_004::HCO3-,Matin2012,20.0,0.17290345806916138,0.002,0.0007247799371870912,evaluated,f66d972c032ce709ada69e8d8177e195c7e416800757663b7420c22bda5f6328,562b5976c7f6d44b782498480fce54bad1e3142d9541438f6d7a42a876a3df87,29f3847d4486b5353d002e62c09f7737cc30c88f1205eac20175fd3155ae4376
old-rule-D-1-1-S1,Matin2012_state_005,Matin2012_state_005::MEA,Matin2012,20.0,0.19490389807796157,0.0718,0.06875697583094906,evaluated,f66d972c032ce709ada69e8d8177e195c7e416800757663b7420c22bda5f6328,562b5976c7f6d44b782498480fce54bad1e3142d9541438f6d7a42a876a3df87,29f3847d4486b5353d002e62c09f7737cc30c88f1205eac20175fd3155ae4376
old-rule-D-1-1-S1,Matin2012_state_005,Matin2012_state_005::MEAH+,Matin2012,20.0,0.19490389807796157,0.021,0.02245995349181427,evaluated,f66d972c032ce709ada69e8d8177e195c7e416800757663b7420c22bda5f6328,562b5976c7f6d44b782498480fce54bad1e3142d9541438f6d7a42a876a3df87,29f3847d4486b5353d002e62c09f7737cc30c88f1205eac20175fd3155ae4376
old-rule-D-1-1-S1,Matin2012_state_005,Matin2012_state_005::MEACOO-,Matin2012,20.0,0.19490389807796157,0.0203,0.021001938079151593,evaluated,f66d972c032ce709ada69e8d8177e195c7e416800757663b7420c22bda5f6328,562b5976c7f6d44b782498480fce54bad1e3142d9541438f6d7a42a876a3df87,29f3847d4486b5353d002e62c09f7737cc30c88f1205eac20175fd3155ae4376
old-rule-D-1-1-S1,Matin2012_state_005,Matin2012_state_005::HCO3-,Matin2012,20.0,0.19490389807796157,0.002,0.0008807278280226164,evaluated,f66d972c032ce709ada69e8d8177e195c7e416800757663b7420c22bda5f6328,562b5976c7f6d44b782498480fce54bad1e3142d9541438f6d7a42a876a3df87,29f3847d4486b5353d002e62c09f7737cc30c88f1205eac20175fd3155ae4376
old-rule-D-1-1-S1,Matin2012_state_006,Matin2012_state_006::MEA,Matin2012,20.0,0.21790435808716177,0.0668,0.06364367664609727,evaluated,f66d972c032ce709ada69e8d8177e195c7e416800757663b7420c22bda5f6328,562b5976c7f6d44b782498480fce54bad1e3142d9541438f6d7a42a876a3df87,29f3847d4486b5353d002e62c09f7737cc30c88f1205eac20175fd3155ae4376
old-rule-D-1-1-S1,Matin2012_state_006,Matin2012_state_006::MEAH+,Matin2012,20.0,0.21790435808716177,0.0234,0.025180011772805523,evaluated,f66d972c032ce709ada69e8d8177e195c7e416800757663b7420c22bda5f6328,562b5976c7f6d44b782498480fce54bad1e3142d9541438f6d7a42a876a3df87,29f3847d4486b5353d002e62c09f7737cc30c88f1205eac20175fd3155ae4376
old-rule-D-1-1-S1,Matin2012_state_006,Matin2012_state_006::MEACOO-,Matin2012,20.0,0.21790435808716177,0.0228,0.023395178591225838,evaluated,f66d972c032ce709ada69e8d8177e195c7e416800757663b7420c22bda5f6328,562b5976c7f6d44b782498480fce54bad1e3142d9541438f6d7a42a876a3df87,29f3847d4486b5353d002e62c09f7737cc30c88f1205eac20175fd3155ae4376
old-rule-D-1-1-S1,Matin2012_state_006,Matin2012_state_006::HCO3-,Matin2012,20.0,0.21790435808716177,0.0021,0.0010685176895139552,evaluated,f66d972c032ce709ada69e8d8177e195c7e416800757663b7420c22bda5f6328,562b5976c7f6d44b782498480fce54bad1e3142d9541438f6d7a42a876a3df87,29f3847d4486b5353d002e62c09f7737cc30c88f1205eac20175fd3155ae4376
old-rule-D-1-1-S1,Matin2012_state_007,Matin2012_state_007::MEA,Matin2012,20.0,0.24090481809636194,0.0618,0.05853490442260236,evaluated,f66d972c032ce709ada69e8d8177e195c7e416800757663b7420c22bda5f6328,562b5976c7f6d44b782498480fce54bad1e3142d9541438f6d7a42a876a3df87,29f3847d4486b5353d002e62c09f7737cc30c88f1205eac20175fd3155ae4376
old-rule-D-1-1-S1,Matin2012_state_007,Matin2012_state_007::MEAH+,Matin2012,20.0,0.24090481809636194,0.0257,0.02792493327470858,evaluated,f66d972c032ce709ada69e8d8177e195c7e416800757663b7420c22bda5f6328,562b5976c7f6d44b782498480fce54bad1e3142d9541438f6d7a42a876a3df87,29f3847d4486b5353d002e62c09f7737cc30c88f1205eac20175fd3155ae4376
old-rule-D-1-1-S1,Matin2012_state_007,Matin2012_state_007::MEACOO-,Matin2012,20.0,0.24090481809636194,0.0252,0.02575902884147319,evaluated,f66d972c032ce709ada69e8d8177e195c7e416800757663b7420c22bda5f6328,562b5976c7f6d44b782498480fce54bad1e3142d9541438f6d7a42a876a3df87,29f3847d4486b5353d002e62c09f7737cc30c88f1205eac20175fd3155ae4376
old-rule-D-1-1-S1,Matin2012_state_007,Matin2012_state_007::HCO3-,Matin2012,20.0,0.24090481809636194,0.0023,0.0012856970666805048,evaluated,f66d972c032ce709ada69e8d8177e195c7e416800757663b7420c22bda5f6328,562b5976c7f6d44b782498480fce54bad1e3142d9541438f6d7a42a876a3df87,29f3847d4486b5353d002e62c09f7737cc30c88f1205eac20175fd3155ae4376
old-rule-D-1-1-S1,Matin2012_state_008,Matin2012_state_008::MEA,Matin2012,20.0,0.26390527810556214,0.0568,0.05343179351340125,evaluated,f66d972c032ce709ada69e8d8177e195c7e416800757663b7420c22bda5f6328,562b5976c7f6d44b782498480fce54bad1e3142d9541438f6d7a42a876a3df87,29f3847d4486b5353d002e62c09f7737cc30c88f1205eac20175fd3155ae4376
old-rule-D-1-1-S1,Matin2012_state_008,Matin2012_state_008::MEAH+,Matin2012,20.0,0.26390527810556214,0.0281,0.030698403472301322,evaluated,f66d972c032ce709ada69e8d8177e195c7e416800757663b7420c22bda5f6328,562b5976c7f6d44b782498480fce54bad1e3142d9541438f6d7a42a876a3df87,29f3847d4486b5353d002e62c09f7737cc30c88f1205eac20175fd3155ae4376
old-rule-D-1-1-S1,Matin2012_state_008,Matin2012_state_008::MEACOO-,Matin2012,20.0,0.26390527810556214,0.0276,0.028088668977599058,evaluated,f66d972c032ce709ada69e8d8177e195c7e416800757663b7420c22bda5f6328,562b5976c7f6d44b782498480fce54bad1e3142d9541438f6d7a42a876a3df87,29f3847d4486b5353d002e62c09f7737cc30c88f1205eac20175fd3155ae4376
old-rule-D-1-1-S1,Matin2012_state_008,Matin2012_state_008::HCO3-,Matin2012,20.0,0.26390527810556214,0.0026,0.0015370855808041787,evaluated,f66d972c032ce709ada69e8d8177e195c7e416800757663b7420c22bda5f6328,562b5976c7f6d44b782498480fce54bad1e3142d9541438f6d7a42a876a3df87,29f3847d4486b5353d002e62c09f7737cc30c88f1205eac20175fd3155ae4376
old-rule-D-1-1-S1,Matin2012_state_009,Matin2012_state_009::MEA,Matin2012,20.0,0.2869057381147623,0.0518,0.04833596493696564,evaluated,f66d972c032ce709ada69e8d8177e195c7e416800757663b7420c22bda5f6328,562b5976c7f6d44b782498480fce54bad1e3142d9541438f6d7a42a876a3df87,29f3847d4486b5353d002e62c09f7737cc30c88f1205eac20175fd3155ae4376
old-rule-D-1-1-S1,Matin2012_state_009,Matin2012_state_009::MEAH+,Matin2012,20.0,0.2869057381147623,0.0304,0.03350443475680516,evaluated,f66d972c032ce709ada69e8d8177e195c7e416800757663b7420c22bda5f6328,562b5976c7f6d44b782498480fce54bad1e3142d9541438f6d7a42a876a3df87,29f3847d4486b5353d002e62c09f7737cc30c88f1205eac20175fd3155ae4376
old-rule-D-1-1-S1,Matin2012_state_009,Matin2012_state_009::MEACOO-,Matin2012,20.0,0.2869057381147623,0.0299,0.03037846555243523,evaluated,f66d972c032ce709ada69e8d8177e195c7e416800757663b7420c22bda5f6328,562b5976c7f6d44b782498480fce54bad1e3142d9541438f6d7a42a876a3df87,29f3847d4486b5353d002e62c09f7737cc30c88f1205eac20175fd3155ae4376
old-rule-D-1-1-S1,Matin2012_state_009,Matin2012_state_009::HCO3-,Matin2012,20.0,0.2869057381147623,0.003,0.0018283163271657578,evaluated,f66d972c032ce709ada69e8d8177e195c7e416800757663b7420c22bda5f6328,562b5976c7f6d44b782498480fce54bad1e3142d9541438f6d7a42a876a3df87,29f3847d4486b5353d002e62c09f7737cc30c88f1205eac20175fd3155ae4376
old-rule-D-1-1-S1,Matin2012_state_010,Matin2012_state_010::MEA,Matin2012,20.0,0.3099061981239625,0.0469,0.043249812437160175,evaluated,f66d972c032ce709ada69e8d8177e195c7e416800757663b7420c22bda5f6328,562b5976c7f6d44b782498480fce54bad1e3142d9541438f6d7a42a876a3df87,29f3847d4486b5353d002e62c09f7737cc30c88f1205eac20175fd3155ae4376
old-rule-D-1-1-S1,Matin2012_state_010,Matin2012_state_010::MEAH+,Matin2012,20.0,0.3099061981239625,0.0327,0.03634727716993626,evaluated,f66d972c032ce709ada69e8d8177e195c7e416800757663b7420c22bda5f6328,562b5976c7f6d44b782498480fce54bad1e3142d9541438f6d7a42a876a3df87,29f3847d4486b5353d002e62c09f7737cc30c88f1205eac20175fd3155ae4376
old-rule-D-1-1-S1,Matin2012_state_010,Matin2012_state_010::MEACOO-,Matin2012,20.0,0.3099061981239625,0.0321,0.032621774721078384,evaluated,f66d972c032ce709ada69e8d8177e195c7e416800757663b7420c22bda5f6328,562b5976c7f6d44b782498480fce54bad1e3142d9541438f6d7a42a876a3df87,29f3847d4486b5353d002e62c09f7737cc30c88f1205eac20175fd3155ae4376
old-rule-D-1-1-S1,Matin2012_state_010,Matin2012_state_010::HCO3-,Matin2012,20.0,0.3099061981239625,0.0034,0.0021660325938751136,evaluated,f66d972c032ce709ada69e8d8177e195c7e416800757663b7420c22bda5f6328,562b5976c7f6d44b782498480fce54bad1e3142d9541438f6d7a42a876a3df87,29f3847d4486b5353d002e62c09f7737cc30c88f1205eac20175fd3155ae4376
old-rule-D-1-1-S1,Matin2012_state_011,Matin2012_state_011::MEA,Matin2012,20.0,0.33390667813356273,0.0419,0.03795683379327771,evaluated,f66d972c032ce709ada69e8d8177e195c7e416800757663b7420c22bda5f6328,562b5976c7f6d44b782498480fce54bad1e3142d9541438f6d7a42a876a3df87,29f3847d4486b5353d002e62c09f7737cc30c88f1205eac20175fd3155ae4376
old-rule-D-1-1-S1,Matin2012_state_011,Matin2012_state_011::MEAH+,Matin2012,20.0,0.33390667813356273,0.0349,0.039357624488113384,evaluated,f66d972c032ce709ada69e8d8177e195c7e416800757663b7420c22bda5f6328,562b5976c7f6d44b782498480fce54bad1e3142d9541438f6d7a42a876a3df87,29f3847d4486b5353d002e62c09f7737cc30c88f1205eac20175fd3155ae4376
old-rule-D-1-1-S1,Matin2012_state_011,Matin2012_state_011::MEACOO-,Matin2012,20.0,0.33390667813356273,0.0342,0.0349044047674006,evaluated,f66d972c032ce709ada69e8d8177e195c7e416800757663b7420c22bda5f6328,562b5976c7f6d44b782498480fce54bad1e3142d9541438f6d7a42a876a3df87,29f3847d4486b5353d002e62c09f7737cc30c88f1205eac20175fd3155ae4376
old-rule-D-1-1-S1,Matin2012_state_011,Matin2012_state_011::HCO3-,Matin2012,20.0,0.33390667813356273,0.004,0.0025766434633309734,evaluated,f66d972c032ce709ada69e8d8177e195c7e416800757663b7420c22bda5f6328,562b5976c7f6d44b782498480fce54bad1e3142d9541438f6d7a42a876a3df87,29f3847d4486b5353d002e62c09f7737cc30c88f1205eac20175fd3155ae4376
old-rule-D-1-1-S1,Matin2012_state_012,Matin2012_state_012::MEA,Matin2012,20.0,0.3579071581431629,0.0371,0.03268519824515353,evaluated,f66d972c032ce709ada69e8d8177e195c7e416800757663b7420c22bda5f6328,562b5976c7f6d44b782498480fce54bad1e3142d9541438f6d7a42a876a3df87,29f3847d4486b5353d002e62c09f7737cc30c88f1205eac20175fd3155ae4376
old-rule-D-1-1-S1,Matin2012_state_012,Matin2012_state_012::MEAH+,Matin2012,20.0,0.3579071581431629,0.0372,0.04241728613325566,evaluated,f66d972c032ce709ada69e8d8177e195c7e416800757663b7420c22bda5f6328,562b5976c7f6d44b782498480fce54bad1e3142d9541438f6d7a42a876a3df87,29f3847d4486b5353d002e62c09f7737cc30c88f1205eac20175fd3155ae4376
old-rule-D-1-1-S1,Matin2012_state_012,Matin2012_state_012::MEACOO-,Matin2012,20.0,0.3579071581431629,0.0362,0.03711637686420379,evaluated,f66d972c032ce709ada69e8d8177e195c7e416800757663b7420c22bda5f6328,562b5976c7f6d44b782498480fce54bad1e3142d9541438f6d7a42a876a3df87,29f3847d4486b5353d002e62c09f7737cc30c88f1205eac20175fd3155ae4376
old-rule-D-1-1-S1,Matin2012_state_012,Matin2012_state_012::HCO3-,Matin2012,20.0,0.3579071581431629,0.0046,0.003057907337943842,evaluated,f66d972c032ce709ada69e8d8177e195c7e416800757663b7420c22bda5f6328,562b5976c7f6d44b782498480fce54bad1e3142d9541438f6d7a42a876a3df87,29f3847d4486b5353d002e62c09f7737cc30c88f1205eac20175fd3155ae4376
old-rule-D-1-1-S1,Matin2012_state_013,Matin2012_state_013::MEA,Matin2012,20.0,0.3819076381527631,0.0322,0.027446731805583966,evaluated,f66d972c032ce709ada69e8d8177e195c7e416800757663b7420c22bda5f6328,562b5976c7f6d44b782498480fce54bad1e3142d9541438f6d7a42a876a3df87,29f3847d4486b5353d002e62c09f7737cc30c88f1205eac20175fd3155ae4376
old-rule-D-1-1-S1,Matin2012_state_013,Matin2012_state_013::MEAH+,Matin2012,20.0,0.3819076381527631,0.0394,0.045529617107243944,evaluated,f66d972c032ce709ada69e8d8177e195c7e416800757663b7420c22bda5f6328,562b5976c7f6d44b782498480fce54bad1e3142d9541438f6d7a42a876a3df87,29f3847d4486b5353d002e62c09f7737cc30c88f1205eac20175fd3155ae4376
old-rule-D-1-1-S1,Matin2012_state_013,Matin2012_state_013::MEACOO-,Matin2012,20.0,0.3819076381527631,0.0381,0.03924250960477727,evaluated,f66d972c032ce709ada69e8d8177e195c7e416800757663b7420c22bda5f6328,562b5976c7f6d44b782498480fce54bad1e3142d9541438f6d7a42a876a3df87,29f3847d4486b5353d002e62c09f7737cc30c88f1205eac20175fd3155ae4376
old-rule-D-1-1-S1,Matin2012_state_013,Matin2012_state_013::HCO3-,Matin2012,20.0,0.3819076381527631,0.0053,0.0036250019432667435,evaluated,f66d972c032ce709ada69e8d8177e195c7e416800757663b7420c22bda5f6328,562b5976c7f6d44b782498480fce54bad1e3142d9541438f6d7a42a876a3df87,29f3847d4486b5353d002e62c09f7737cc30c88f1205eac20175fd3155ae4376
old-rule-D-1-1-S1,Matin2012_state_014,Matin2012_state_014::MEA,Matin2012,20.0,0.4059081181623633,0.0274,0.022263637753834685,evaluated,f66d972c032ce709ada69e8d8177e195c7e416800757663b7420c22bda5f6328,562b5976c7f6d44b782498480fce54bad1e3142d9541438f6d7a42a876a3df87,29f3847d4486b5353d002e62c09f7737cc30c88f1205eac20175fd3155ae4376
old-rule-D-1-1-S1,Matin2012_state_014,Matin2012_state_014::MEAH+,Matin2012,20.0,0.4059081181623633,0.0415,0.04869499019440394,evaluated,f66d972c032ce709ada69e8d8177e195c7e416800757663b7420c22bda5f6328,562b5976c7f6d44b782498480fce54bad1e3142d9541438f6d7a42a876a3df87,29f3847d4486b5353d002e62c09f7737cc30c88f1205eac20175fd3155ae4376
old-rule-D-1-1-S1,Matin2012_state_014,Matin2012_state_014::MEACOO-,Matin2012,20.0,0.4059081181623633,0.04,0.041260226072983644,evaluated,f66d972c032ce709ada69e8d8177e195c7e416800757663b7420c22bda5f6328,562b5976c7f6d44b782498480fce54bad1e3142d9541438f6d7a42a876a3df87,29f3847d4486b5353d002e62c09f7737cc30c88f1205eac20175fd3155ae4376
old-rule-D-1-1-S1,Matin2012_state_014,Matin2012_state_014::HCO3-,Matin2012,20.0,0.4059081181623633,0.0061,0.0043004961853329625,evaluated,f66d972c032ce709ada69e8d8177e195c7e416800757663b7420c22bda5f6328,562b5976c7f6d44b782498480fce54bad1e3142d9541438f6d7a42a876a3df87,29f3847d4486b5353d002e62c09f7737cc30c88f1205eac20175fd3155ae4376
old-rule-D-1-1-S1,Matin2012_state_015,Matin2012_state_015::MEA,Matin2012,20.0,0.4309086181723635,0.0227,0.01697339047256832,evaluated,f66d972c032ce709ada69e8d8177e195c7e416800757663b7420c22bda5f6328,562b5976c7f6d44b782498480fce54bad1e3142d9541438f6d7a42a876a3df87,29f3847d4486b5353d002e62c09f7737cc30c88f1205eac20175fd3155ae4376
old-rule-D-1-1-S1,Matin2012_state_015,Matin2012_state_015::MEAH+,Matin2012,20.0,0.4309086181723635,0.0436,0.052041110347940615,evaluated,f66d972c032ce709ada69e8d8177e195c7e416800757663b7420c22bda5f6328,562b5976c7f6d44b782498480fce54bad1e3142d9541438f6d7a42a876a3df87,29f3847d4486b5353d002e62c09f7737cc30c88f1205eac20175fd3155ae4376
old-rule-D-1-1-S1,Matin2012_state_015,Matin2012_state_015::MEACOO-,Matin2012,20.0,0.4309086181723635,0.0417,0.04320434430233158,evaluated,f66d972c032ce709ada69e8d8177e195c7e416800757663b7420c22bda5f6328,562b5976c7f6d44b782498480fce54bad1e3142d9541438f6d7a42a876a3df87,29f3847d4486b5353d002e62c09f7737cc30c88f1205eac20175fd3155ae4376
old-rule-D-1-1-S1,Matin2012_state_015,Matin2012_state_015::HCO3-,Matin2012,20.0,0.4309086181723635,0.007,0.005161766177075663,evaluated,f66d972c032ce709ada69e8d8177e195c7e416800757663b7420c22bda5f6328,562b5976c7f6d44b782498480fce54bad1e3142d9541438f6d7a42a876a3df87,29f3847d4486b5353d002e62c09f7737cc30c88f1205eac20175fd3155ae4376
old-rule-D-1-1-S1,Matin2012_state_016,Matin2012_state_016::MEA,Matin2012,20.0,0.4549090981819637,0.0181,0.012111050982517281,evaluated,f66d972c032ce709ada69e8d8177e195c7e416800757663b7420c22bda5f6328,562b5976c7f6d44b782498480fce54bad1e3142d9541438f6d7a42a876a3df87,29f3847d4486b5353d002e62c09f7737cc30c88f1205eac20175fd3155ae4376
old-rule-D-1-1-S1,Matin2012_state_016,Matin2012_state_016::MEAH+,Matin2012,20.0,0.4549090981819637,0.0457,0.05527327458601238,evaluated,f66d972c032ce709ada69e8d8177e195c7e416800757663b7420c22bda5f6328,562b5976c7f6d44b782498480fce54bad1e3142d9541438f6d7a42a876a3df87,29f3847d4486b5353d002e62c09f7737cc30c88f1205eac20175fd3155ae4376
old-rule-D-1-1-S1,Matin2012_state_016,Matin2012_state_016::MEACOO-,Matin2012,20.0,0.4549090981819637,0.0433,0.044834500142113695,evaluated,f66d972c032ce709ada69e8d8177e195c7e416800757663b7420c22bda5f6328,562b5976c7f6d44b782498480fce54bad1e3142d9541438f6d7a42a876a3df87,29f3847d4486b5353d002e62c09f7737cc30c88f1205eac20175fd3155ae4376
old-rule-D-1-1-S1,Matin2012_state_016,Matin2012_state_016::HCO3-,Matin2012,20.0,0.4549090981819637,0.008,0.00622468080254825,evaluated,f66d972c032ce709ada69e8d8177e195c7e416800757663b7420c22bda5f6328,562b5976c7f6d44b782498480fce54bad1e3142d9541438f6d7a42a876a3df87,29f3847d4486b5353d002e62c09f7737cc30c88f1205eac20175fd3155ae4376
old-rule-D-1-1-S1,Matin2012_state_017,Matin2012_state_017::MEA,Matin2012,20.0,0.4799095981919638,0.0135,0.00757350138715952,evaluated,f66d972c032ce709ada69e8d8177e195c7e416800757663b7420c22bda5f6328,562b5976c7f6d44b782498480fce54bad1e3142d9541438f6d7a42a876a3df87,29f3847d4486b5353d002e62c09f7737cc30c88f1205eac20175fd3155ae4376
old-rule-D-1-1-S1,Matin2012_state_017,Matin2012_state_017::MEAH+,Matin2012,20.0,0.4799095981919638,0.0477,0.05857523390962682,evaluated,f66d972c032ce709ada69e8d8177e195c7e416800757663b7420c22bda5f6328,562b5976c7f6d44b782498480fce54bad1e3142d9541438f6d7a42a876a3df87,29f3847d4486b5353d002e62c09f7737cc30c88f1205eac20175fd3155ae4376
old-rule-D-1-1-S1,Matin2012_state_017,Matin2012_state_017::MEACOO-,Matin2012,20.0,0.4799095981919638,0.0448,0.04607003118705615,evaluated,f66d972c032ce709ada69e8d8177e195c7e416800757663b7420c22bda5f6328,562b5976c7f6d44b782498480fce54bad1e3142d9541438f6d7a42a876a3df87,29f3847d4486b5353d002e62c09f7737cc30c88f1205eac20175fd3155ae4376
old-rule-D-1-1-S1,Matin2012_state_017,Matin2012_state_017::HCO3-,Matin2012,20.0,0.4799095981919638,0.0091,0.007794064192165143,evaluated,f66d972c032ce709ada69e8d8177e195c7e416800757663b7420c22bda5f6328,562b5976c7f6d44b782498480fce54bad1e3142d9541438f6d7a42a876a3df87,29f3847d4486b5353d002e62c09f7737cc30c88f1205eac20175fd3155ae4376
old-rule-D-1-1-S1,Matin2012_state_018,Matin2012_state_018::MEA,Matin2012,20.0,0.5049100982019641,0.009,0.004216408911604944,evaluated,f66d972c032ce709ada69e8d8177e195c7e416800757663b7420c22bda5f6328,562b5976c7f6d44b782498480fce54bad1e3142d9541438f6d7a42a876a3df87,29f3847d4486b5353d002e62c09f7737cc30c88f1205eac20175fd3155ae4376
old-rule-D-1-1-S1,Matin2012_state_018,Matin2012_state_018::MEAH+,Matin2012,20.0,0.5049100982019641,0.0496,0.06161661512651954,evaluated,f66d972c032ce709ada69e8d8177e195c7e416800757663b7420c22bda5f6328,562b5976c7f6d44b782498480fce54bad1e3142d9541438f6d7a42a876a3df87,29f3847d4486b5353d002e62c09f7737cc30c88f1205eac20175fd3155ae4376
old-rule-D-1-1-S1,Matin2012_state_018,Matin2012_state_018::MEACOO-,Matin2012,20.0,0.5049100982019641,0.0462,0.046385527086449475,evaluated,f66d972c032ce709ada69e8d8177e195c7e416800757663b7420c22bda5f6328,562b5976c7f6d44b782498480fce54bad1e3142d9541438f6d7a42a876a3df87,29f3847d4486b5353d002e62c09f7737cc30c88f1205eac20175fd3155ae4376
old-rule-D-1-1-S1,Matin2012_state_018,Matin2012_state_018::HCO3-,Matin2012,20.0,0.5049100982019641,0.0102,0.010282009598105095,evaluated,f66d972c032ce709ada69e8d8177e195c7e416800757663b7420c22bda5f6328,562b5976c7f6d44b782498480fce54bad1e3142d9541438f6d7a42a876a3df87,29f3847d4486b5353d002e62c09f7737cc30c88f1205eac20175fd3155ae4376
old-rule-D-1-1-S1,Matin2012_state_019,Matin2012_state_019::MEA,Matin2012,20.0,0.5309106182123643,0.0046,0.0023556185691700517,evaluated,f66d972c032ce709ada69e8d8177e195c7e416800757663b7420c22bda5f6328,562b5976c7f6d44b782498480fce54bad1e3142d9541438f6d7a42a876a3df87,29f3847d4486b5353d002e62c09f7737cc30c88f1205eac20175fd3155ae4376
old-rule-D-1-1-S1,Matin2012_state_019,Matin2012_state_019::MEAH+,Matin2012,20.0,0.5309106182123643,0.0515,0.06437216492123325,evaluated,f66d972c032ce709ada69e8d8177e195c7e416800757663b7420c22bda5f6328,562b5976c7f6d44b782498480fce54bad1e3142d9541438f6d7a42a876a3df87,29f3847d4486b5353d002e62c09f7737cc30c88f1205eac20175fd3155ae4376
old-rule-D-1-1-S1,Matin2012_state_019,Matin2012_state_019::MEACOO-,Matin2012,20.0,0.5309106182123643,0.0475,0.04549004690510332,evaluated,f66d972c032ce709ada69e8d8177e195c7e416800757663b7420c22bda5f6328,562b5976c7f6d44b782498480fce54bad1e3142d9541438f6d7a42a876a3df87,29f3847d4486b5353d002e62c09f7737cc30c88f1205eac20175fd3155ae4376
old-rule-D-1-1-S1,Matin2012_state_019,Matin2012_state_019::HCO3-,Matin2012,20.0,0.5309106182123643,0.0114,0.014088366871418529,evaluated,f66d972c032ce709ada69e8d8177e195c7e416800757663b7420c22bda5f6328,562b5976c7f6d44b782498480fce54bad1e3142d9541438f6d7a42a876a3df87,29f3847d4486b5353d002e62c09f7737cc30c88f1205eac20175fd3155ae4376
old-rule-D-1-1-S1,canonical:vle_obs_0034,vle_obs_0034-pco2,Aronu2011,40.0,0.10200204004080081,1.6,2.4353206092229978,evaluated,f66d972c032ce709ada69e8d8177e195c7e416800757663b7420c22bda5f6328,562b5976c7f6d44b782498480fce54bad1e3142d9541438f6d7a42a876a3df87,29f3847d4486b5353d002e62c09f7737cc30c88f1205eac20175fd3155ae4376
old-rule-D-1-1-S1,canonical:vle_obs_0035,vle_obs_0035-pco2,Aronu2011,40.0,0.20600412008240165,12.3,10.804163377958945,evaluated,f66d972c032ce709ada69e8d8177e195c7e416800757663b7420c22bda5f6328,562b5976c7f6d44b782498480fce54bad1e3142d9541438f6d7a42a876a3df87,29f3847d4486b5353d002e62c09f7737cc30c88f1205eac20175fd3155ae4376
old-rule-D-1-1-S1,canonical:vle_obs_0036,vle_obs_0036-pco2,Aronu2011,40.0,0.250005000100002,24.6,18.047281141020857,evaluated,f66d972c032ce709ada69e8d8177e195c7e416800757663b7420c22bda5f6328,562b5976c7f6d44b782498480fce54bad1e3142d9541438f6d7a42a876a3df87,29f3847d4486b5353d002e62c09f7737cc30c88f1205eac20175fd3155ae4376
old-rule-D-1-1-S1,canonical:vle_obs_0037,vle_obs_0037-pco2,Aronu2011,40.0,0.33700674013480275,60.3,51.205930449601325,evaluated,f66d972c032ce709ada69e8d8177e195c7e416800757663b7420c22bda5f6328,562b5976c7f6d44b782498480fce54bad1e3142d9541438f6d7a42a876a3df87,29f3847d4486b5353d002e62c09f7737cc30c88f1205eac20175fd3155ae4376
old-rule-D-1-1-S1,canonical:vle_obs_0038,vle_obs_0038-pco2,Aronu2011,40.0,0.3530070601412028,85.1,63.504635792208035,evaluated,f66d972c032ce709ada69e8d8177e195c7e416800757663b7420c22bda5f6328,562b5976c7f6d44b782498480fce54bad1e3142d9541438f6d7a42a876a3df87,29f3847d4486b5353d002e62c09f7737cc30c88f1205eac20175fd3155ae4376
old-rule-D-1-1-S1,canonical:vle_obs_0039,vle_obs_0039-pco2,Aronu2011,40.0,0.40100802016040327,183.5,134.0033828305573,evaluated,f66d972c032ce709ada69e8d8177e195c7e416800757663b7420c22bda5f6328,562b5976c7f6d44b782498480fce54bad1e3142d9541438f6d7a42a876a3df87,29f3847d4486b5353d002e62c09f7737cc30c88f1205eac20175fd3155ae4376
old-rule-D-1-1-S1,canonical:vle_obs_0040,vle_obs_0040-pco2,Aronu2011,40.0,0.4170083401668033,292.8,180.81197438133898,evaluated,f66d972c032ce709ada69e8d8177e195c7e416800757663b7420c22bda5f6328,562b5976c7f6d44b782498480fce54bad1e3142d9541438f6d7a42a876a3df87,29f3847d4486b5353d002e62c09f7737cc30c88f1205eac20175fd3155ae4376
old-rule-D-1-1-S1,canonical:vle_obs_0041,vle_obs_0041-pco2,Aronu2011,40.0,0.42100842016840334,318.79999999999995,195.9439088547097,evaluated,f66d972c032ce709ada69e8d8177e195c7e416800757663b7420c22bda5f6328,562b5976c7f6d44b782498480fce54bad1e3142d9541438f6d7a42a876a3df87,29f3847d4486b5353d002e62c09f7737cc30c88f1205eac20175fd3155ae4376
old-rule-D-1-1-S1,canonical:vle_obs_0042,vle_obs_0042-pco2,Aronu2011,40.0,0.43300866017320344,380.90000000000003,253.2191699391687,evaluated,f66d972c032ce709ada69e8d8177e195c7e416800757663b7420c22bda5f6328,562b5976c7f6d44b782498480fce54bad1e3142d9541438f6d7a42a876a3df87,29f3847d4486b5353d002e62c09f7737cc30c88f1205eac20175fd3155ae4376
old-rule-D-1-1-S1,canonical:vle_obs_0043,vle_obs_0043-pco2,Aronu2011,40.0,0.4470089401788036,570.2,353.0615205958933,evaluated,f66d972c032ce709ada69e8d8177e195c7e416800757663b7420c22bda5f6328,562b5976c7f6d44b782498480fce54bad1e3142d9541438f6d7a42a876a3df87,29f3847d4486b5353d002e62c09f7737cc30c88f1205eac20175fd3155ae4376
old-rule-D-1-1-S1,canonical:vle_obs_0044,vle_obs_0044-pco2,Aronu2011,40.0,0.4640092801856037,1066.2,559.1394465734586,evaluated,f66d972c032ce709ada69e8d8177e195c7e416800757663b7420c22bda5f6328,562b5976c7f6d44b782498480fce54bad1e3142d9541438f6d7a42a876a3df87,29f3847d4486b5353d002e62c09f7737cc30c88f1205eac20175fd3155ae4376
old-rule-D-1-1-S1,canonical:vle_obs_0045,vle_obs_0045-pco2,Aronu2011,40.0,0.4760095201904038,1832.6,804.8707565492344,evaluated,f66d972c032ce709ada69e8d8177e195c7e416800757663b7420c22bda5f6328,562b5976c7f6d44b782498480fce54bad1e3142d9541438f6d7a42a876a3df87,29f3847d4486b5353d002e62c09f7737cc30c88f1205eac20175fd3155ae4376
old-rule-D-1-1-S1,canonical:vle_obs_0046,vle_obs_0046-pco2,Aronu2011,40.0,0.4770095401908038,1827.8000000000002,830.8690098477273,evaluated,f66d972c032ce709ada69e8d8177e195c7e416800757663b7420c22bda5f6328,562b5976c7f6d44b782498480fce54bad1e3142d9541438f6d7a42a876a3df87,29f3847d4486b5353d002e62c09f7737cc30c88f1205eac20175fd3155ae4376
old-rule-D-1-1-S1,canonical:vle_obs_0047,vle_obs_0047-pco2,Aronu2011,40.0,0.48500970019400386,2319.3,1079.094403420621,evaluated,f66d972c032ce709ada69e8d8177e195c7e416800757663b7420c22bda5f6328,562b5976c7f6d44b782498480fce54bad1e3142d9541438f6d7a42a876a3df87,29f3847d4486b5353d002e62c09f7737cc30c88f1205eac20175fd3155ae4376
old-rule-D-1-1-S1,canonical:vle_obs_0048,vle_obs_0048-pco2,Aronu2011,40.0,0.4890097801956039,2857.7,1234.875826862583,evaluated,f66d972c032ce709ada69e8d8177e195c7e416800757663b7420c22bda5f6328,562b5976c7f6d44b782498480fce54bad1e3142d9541438f6d7a42a876a3df87,29f3847d4486b5353d002e62c09f7737cc30c88f1205eac20175fd3155ae4376
old-rule-D-1-1-S1,canonical:vle_obs_0049,vle_obs_0049-pco2,Aronu2011,40.0,0.5160103202064041,8558.3,3151.9974807417666,evaluated,f66d972c032ce709ada69e8d8177e195c7e416800757663b7420c22bda5f6328,562b5976c7f6d44b782498480fce54bad1e3142d9541438f6d7a42a876a3df87,29f3847d4486b5353d002e62c09f7737cc30c88f1205eac20175fd3155ae4376
old-rule-D-1-1-S1,canonical:vle_obs_0050,vle_obs_0050-pco2,Aronu2011,40.0,0.5240104802096043,11812.0,4126.292644838329,evaluated,f66d972c032ce709ada69e8d8177e195c7e416800757663b7420c22bda5f6328,562b5976c7f6d44b782498480fce54bad1e3142d9541438f6d7a42a876a3df87,29f3847d4486b5353d002e62c09f7737cc30c88f1205eac20175fd3155ae4376
old-rule-D-1-1-S1,canonical:vle_obs_0051,vle_obs_0051-pco2,Aronu2011,60.0,0.053001060021200426,4.5,4.130908972661722,evaluated,f66d972c032ce709ada69e8d8177e195c7e416800757663b7420c22bda5f6328,562b5976c7f6d44b782498480fce54bad1e3142d9541438f6d7a42a876a3df87,29f3847d4486b5353d002e62c09f7737cc30c88f1205eac20175fd3155ae4376
old-rule-D-1-1-S1,canonical:vle_obs_0052,vle_obs_0052-pco2,Aronu2011,60.0,0.10500210004200083,15.4,14.900941619817184,evaluated,f66d972c032ce709ada69e8d8177e195c7e416800757663b7420c22bda5f6328,562b5976c7f6d44b782498480fce54bad1e3142d9541438f6d7a42a876a3df87,29f3847d4486b5353d002e62c09f7737cc30c88f1205eac20175fd3155ae4376
old-rule-D-1-1-S1,canonical:vle_obs_0053,vle_obs_0053-pco2,Aronu2011,60.0,0.1620032400648013,42.7,37.26313350201777,evaluated,f66d972c032ce709ada69e8d8177e195c7e416800757663b7420c22bda5f6328,562b5976c7f6d44b782498480fce54bad1e3142d9541438f6d7a42a876a3df87,29f3847d4486b5353d002e62c09f7737cc30c88f1205eac20175fd3155ae4376
old-rule-D-1-1-S1,canonical:vle_obs_0054,vle_obs_0054-pco2,Aronu2011,60.0,0.24400488009760196,134.8,107.20947650841248,evaluated,f66d972c032ce709ada69e8d8177e195c7e416800757663b7420c22bda5f6328,562b5976c7f6d44b782498480fce54bad1e3142d9541438f6d7a42a876a3df87,29f3847d4486b5353d002e62c09f7737cc30c88f1205eac20175fd3155ae4376
old-rule-D-1-1-S1,canonical:vle_obs_0055,vle_obs_0055-pco2,Aronu2011,60.0,0.3030060601212024,301.5,222.92650228352161,evaluated,f66d972c032ce709ada69e8d8177e195c7e416800757663b7420c22bda5f6328,562b5976c7f6d44b782498480fce54bad1e3142d9541438f6d7a42a876a3df87,29f3847d4486b5353d002e62c09f7737cc30c88f1205eac20175fd3155ae4376
old-rule-D-1-1-S1,canonical:vle_obs_0056,vle_obs_0056-pco2,Aronu2011,60.0,0.3600072001440029,643.5999999999999,485.52847050324567,evaluated,f66d972c032ce709ada69e8d8177e195c7e416800757663b7420c22bda5f6328,562b5976c7f6d44b782498480fce54bad1e3142d9541438f6d7a42a876a3df87,29f3847d4486b5353d002e62c09f7737cc30c88f1205eac20175fd3155ae4376
old-rule-D-1-1-S1,canonical:vle_obs_0057,vle_obs_0057-pco2,Aronu2011,60.0,0.3930078601572032,1097.0,819.4858590725102,evaluated,f66d972c032ce709ada69e8d8177e195c7e416800757663b7420c22bda5f6328,562b5976c7f6d44b782498480fce54bad1e3142d9541438f6d7a42a876a3df87,29f3847d4486b5353d002e62c09f7737cc30c88f1205eac20175fd3155ae4376
old-rule-D-1-1-S1,canonical:vle_obs_0058,vle_obs_0058-pco2,Aronu2011,60.0,0.4280085601712034,2501.3999999999996,1575.961072015885,evaluated,f66d972c032ce709ada69e8d8177e195c7e416800757663b7420c22bda5f6328,562b5976c7f6d44b782498480fce54bad1e3142d9541438f6d7a42a876a3df87,29f3847d4486b5353d002e62c09f7737cc30c88f1205eac20175fd3155ae4376
old-rule-D-1-1-S1,canonical:vle_obs_0059,vle_obs_0059-pco2,Aronu2011,60.0,0.49100982019640393,13558.0,7306.469746921763,evaluated,f66d972c032ce709ada69e8d8177e195c7e416800757663b7420c22bda5f6328,562b5976c7f6d44b782498480fce54bad1e3142d9541438f6d7a42a876a3df87,29f3847d4486b5353d002e62c09f7737cc30c88f1205eac20175fd3155ae4376
old-rule-D-1-1-S1,canonical:vle_obs_0060,vle_obs_0060-pco2,Aronu2011,80.0,0.017000340006800136,5.6,2.7953093023493967,evaluated,f66d972c032ce709ada69e8d8177e195c7e416800757663b7420c22bda5f6328,562b5976c7f6d44b782498480fce54bad1e3142d9541438f6d7a42a876a3df87,29f3847d4486b5353d002e62c09f7737cc30c88f1205eac20175fd3155ae4376
old-rule-D-1-1-S1,canonical:vle_obs_0061,vle_obs_0061-pco2,Aronu2011,80.0,0.04000080001600032,21.9,12.694120910427593,evaluated,f66d972c032ce709ada69e8d8177e195c7e416800757663b7420c22bda5f6328,562b5976c7f6d44b782498480fce54bad1e3142d9541438f6d7a42a876a3df87,29f3847d4486b5353d002e62c09f7737cc30c88f1205eac20175fd3155ae4376
old-rule-D-1-1-S1,canonical:vle_obs_0062,vle_obs_0062-pco2,Aronu2011,80.0,0.0750015000300006,55.7,40.25774702006892,evaluated,f66d972c032ce709ada69e8d8177e195c7e416800757663b7420c22bda5f6328,562b5976c7f6d44b782498480fce54bad1e3142d9541438f6d7a42a876a3df87,29f3847d4486b5353d002e62c09f7737cc30c88f1205eac20175fd3155ae4376
old-rule-D-1-1-S1,canonical:vle_obs_0063,vle_obs_0063-pco2,Aronu2011,80.0,0.12200244004880098,140.6,106.31997515290166,evaluated,f66d972c032ce709ada69e8d8177e195c7e416800757663b7420c22bda5f6328,562b5976c7f6d44b782498480fce54bad1e3142d9541438f6d7a42a876a3df87,29f3847d4486b5353d002e62c09f7737cc30c88f1205eac20175fd3155ae4376
old-rule-D-1-1-S1,canonical:vle_obs_0064,vle_obs_0064-pco2,Aronu2011,80.0,0.15500310006200124,248.5,180.57169584083348,evaluated,f66d972c032ce709ada69e8d8177e195c7e416800757663b7420c22bda5f6328,562b5976c7f6d44b782498480fce54bad1e3142d9541438f6d7a42a876a3df87,29f3847d4486b5353d002e62c09f7737cc30c88f1205eac20175fd3155ae4376
old-rule-D-1-1-S1,canonical:vle_obs_0065,vle_obs_0065-pco2,Aronu2011,80.0,0.21600432008640172,613.7,419.25133492752764,evaluated,f66d972c032ce709ada69e8d8177e195c7e416800757663b7420c22bda5f6328,562b5976c7f6d44b782498480fce54bad1e3142d9541438f6d7a42a876a3df87,29f3847d4486b5353d002e62c09f7737cc30c88f1205eac20175fd3155ae4376
old-rule-D-1-1-S1,canonical:vle_obs_0066,vle_obs_0066-pco2,Aronu2011,80.0,0.2710054201084022,1253.8,849.7854858844323,evaluated,f66d972c032ce709ada69e8d8177e195c7e416800757663b7420c22bda5f6328,562b5976c7f6d44b782498480fce54bad1e3142d9541438f6d7a42a876a3df87,29f3847d4486b5353d002e62c09f7737cc30c88f1205eac20175fd3155ae4376
old-rule-D-1-1-S1,canonical:vle_obs_0067,vle_obs_0067-pco2,Aronu2011,80.0,0.34700694013880273,3752.2000000000003,2365.2619969893303,evaluated,f66d972c032ce709ada69e8d8177e195c7e416800757663b7420c22bda5f6328,562b5976c7f6d44b782498480fce54bad1e3142d9541438f6d7a42a876a3df87,29f3847d4486b5353d002e62c09f7737cc30c88f1205eac20175fd3155ae4376
old-rule-D-1-1-S1,canonical:vle_obs_0068,vle_obs_0068-pco2,Aronu2011,80.0,0.4000080001600032,7938.7,5444.123280006494,evaluated,f66d972c032ce709ada69e8d8177e195c7e416800757663b7420c22bda5f6328,562b5976c7f6d44b782498480fce54bad1e3142d9541438f6d7a42a876a3df87,29f3847d4486b5353d002e62c09f7737cc30c88f1205eac20175fd3155ae4376
old-rule-D-1-1-S1,canonical:vle_obs_0069,vle_obs_0069-pco2,Aronu2011,80.0,0.3980079601592032,8303.1,5260.470992795881,evaluated,f66d972c032ce709ada69e8d8177e195c7e416800757663b7420c22bda5f6328,562b5976c7f6d44b782498480fce54bad1e3142d9541438f6d7a42a876a3df87,29f3847d4486b5353d002e62c09f7737cc30c88f1205eac20175fd3155ae4376
old-rule-D-1-1-S1,canonical:vle_obs_0119,vle_obs_0119-pco2,Hilliard2008,40.0,0.15300306006120123,5.7,5.4892105553141795,evaluated,f66d972c032ce709ada69e8d8177e195c7e416800757663b7420c22bda5f6328,562b5976c7f6d44b782498480fce54bad1e3142d9541438f6d7a42a876a3df87,29f3847d4486b5353d002e62c09f7737cc30c88f1205eac20175fd3155ae4376
old-rule-D-1-1-S1,canonical:vle_obs_0120,vle_obs_0120-pco2,Hilliard2008,40.0,0.1630032600652013,6.64,6.291296204463128,evaluated,f66d972c032ce709ada69e8d8177e195c7e416800757663b7420c22bda5f6328,562b5976c7f6d44b782498480fce54bad1e3142d9541438f6d7a42a876a3df87,29f3847d4486b5353d002e62c09f7737cc30c88f1205eac20175fd3155ae4376
old-rule-D-1-1-S1,canonical:vle_obs_0121,vle_obs_0121-pco2,Hilliard2008,40.0,0.17000340006800138,7.21,6.901399105271972,evaluated,f66d972c032ce709ada69e8d8177e195c7e416800757663b7420c22bda5f6328,562b5976c7f6d44b782498480fce54bad1e3142d9541438f6d7a42a876a3df87,29f3847d4486b5353d002e62c09f7737cc30c88f1205eac20175fd3155ae4376
old-rule-D-1-1-S1,canonical:vle_obs_0122,vle_obs_0122-pco2,Hilliard2008,40.0,0.19100382007640154,9.950000000000001,9.005969942003189,evaluated,f66d972c032ce709ada69e8d8177e195c7e416800757663b7420c22bda5f6328,562b5976c7f6d44b782498480fce54bad1e3142d9541438f6d7a42a876a3df87,29f3847d4486b5353d002e62c09f7737cc30c88f1205eac20175fd3155ae4376
old-rule-D-1-1-S1,canonical:vle_obs_0123,vle_obs_0123-pco2,Hilliard2008,40.0,0.19400388007760155,9.85,9.344149239428269,evaluated,f66d972c032ce709ada69e8d8177e195c7e416800757663b7420c22bda5f6328,562b5976c7f6d44b782498480fce54bad1e3142d9541438f6d7a42a876a3df87,29f3847d4486b5353d002e62c09f7737cc30c88f1205eac20175fd3155ae4376
old-rule-D-1-1-S1,canonical:vle_obs_0124,vle_obs_0124-pco2,Hilliard2008,40.0,0.23200464009280186,14.6,14.664399399438294,evaluated,f66d972c032ce709ada69e8d8177e195c7e416800757663b7420c22bda5f6328,562b5976c7f6d44b782498480fce54bad1e3142d9541438f6d7a42a876a3df87,29f3847d4486b5353d002e62c09f7737cc30c88f1205eac20175fd3155ae4376
old-rule-D-1-1-S1,canonical:vle_obs_0125,vle_obs_0125-pco2,Hilliard2008,40.0,0.24600492009840197,19.099999999999998,17.235771316204502,evaluated,f66d972c032ce709ada69e8d8177e195c7e416800757663b7420c22bda5f6328,562b5976c7f6d44b782498480fce54bad1e3142d9541438f6d7a42a876a3df87,29f3847d4486b5353d002e62c09f7737cc30c88f1205eac20175fd3155ae4376
old-rule-D-1-1-S1,canonical:vle_obs_0126,vle_obs_0126-pco2,Hilliard2008,40.0,0.26900538010760217,23.099999999999998,22.45930967621851,evaluated,f66d972c032ce709ada69e8d8177e195c7e416800757663b7420c22bda5f6328,562b5976c7f6d44b782498480fce54bad1e3142d9541438f6d7a42a876a3df87,29f3847d4486b5353d002e62c09f7737cc30c88f1205eac20175fd3155ae4376
old-rule-D-1-1-S1,canonical:vle_obs_0127,vle_obs_0127-pco2,Hilliard2008,40.0,0.2720054401088022,22.4,23.251770956763753,evaluated,f66d972c032ce709ada69e8d8177e195c7e416800757663b7420c22bda5f6328,562b5976c7f6d44b782498480fce54bad1e3142d9541438f6d7a42a876a3df87,29f3847d4486b5353d002e62c09f7737cc30c88f1205eac20175fd3155ae4376
old-rule-D-1-1-S1,canonical:vle_obs_0128,vle_obs_0128-pco2,Hilliard2008,40.0,0.3260065201304026,48.5,44.44661054736158,evaluated,f66d972c032ce709ada69e8d8177e195c7e416800757663b7420c22bda5f6328,562b5976c7f6d44b782498480fce54bad1e3142d9541438f6d7a42a876a3df87,29f3847d4486b5353d002e62c09f7737cc30c88f1205eac20175fd3155ae4376
old-rule-D-1-1-S1,canonical:vle_obs_0129,vle_obs_0129-pco2,Hilliard2008,40.0,0.3480069601392028,66.19999999999999,59.293847607028106,evaluated,f66d972c032ce709ada69e8d8177e195c7e416800757663b7420c22bda5f6328,562b5976c7f6d44b782498480fce54bad1e3142d9541438f6d7a42a876a3df87,29f3847d4486b5353d002e62c09f7737cc30c88f1205eac20175fd3155ae4376
old-rule-D-1-1-S1,canonical:vle_obs_0130,vle_obs_0130-pco2,Hilliard2008,40.0,0.3500070001400028,72.1,60.93404017084798,evaluated,f66d972c032ce709ada69e8d8177e195c7e416800757663b7420c22bda5f6328,562b5976c7f6d44b782498480fce54bad1e3142d9541438f6d7a42a876a3df87,29f3847d4486b5353d002e62c09f7737cc30c88f1205eac20175fd3155ae4376
old-rule-D-1-1-S1,canonical:vle_obs_0131,vle_obs_0131-pco2,Hilliard2008,40.0,0.3600072001440029,96.60000000000001,70.0686438746701,evaluated,f66d972c032ce709ada69e8d8177e195c7e416800757663b7420c22bda5f6328,562b5976c7f6d44b782498480fce54bad1e3142d9541438f6d7a42a876a3df87,29f3847d4486b5353d002e62c09f7737cc30c88f1205eac20175fd3155ae4376
old-rule-D-1-1-S1,canonical:vle_obs_0132,vle_obs_0132-pco2,Hilliard2008,40.0,0.3820076401528031,131.0,97.48235241138455,evaluated,f66d972c032ce709ada69e8d8177e195c7e416800757663b7420c22bda5f6328,562b5976c7f6d44b782498480fce54bad1e3142d9541438f6d7a42a876a3df87,29f3847d4486b5353d002e62c09f7737cc30c88f1205eac20175fd3155ae4376
old-rule-D-1-1-S1,canonical:vle_obs_0133,vle_obs_0133-pco2,Hilliard2008,40.0,0.3860077201544031,120.0,103.93573069800591,evaluated,f66d972c032ce709ada69e8d8177e195c7e416800757663b7420c22bda5f6328,562b5976c7f6d44b782498480fce54bad1e3142d9541438f6d7a42a876a3df87,29f3847d4486b5353d002e62c09f7737cc30c88f1205eac20175fd3155ae4376
old-rule-D-1-1-S1,canonical:vle_obs_0134,vle_obs_0134-pco2,Hilliard2008,40.0,0.3890077801556031,113.0,109.15814104629634,evaluated,f66d972c032ce709ada69e8d8177e195c7e416800757663b7420c22bda5f6328,562b5976c7f6d44b782498480fce54bad1e3142d9541438f6d7a42a876a3df87,29f3847d4486b5353d002e62c09f7737cc30c88f1205eac20175fd3155ae4376
old-rule-D-1-1-S1,canonical:vle_obs_0135,vle_obs_0135-pco2,Hilliard2008,40.0,0.4000080001600032,128.0,131.6554073559927,evaluated,f66d972c032ce709ada69e8d8177e195c7e416800757663b7420c22bda5f6328,562b5976c7f6d44b782498480fce54bad1e3142d9541438f6d7a42a876a3df87,29f3847d4486b5353d002e62c09f7737cc30c88f1205eac20175fd3155ae4376
old-rule-D-1-1-S1,canonical:vle_obs_0136,vle_obs_0136-pco2,Hilliard2008,40.0,0.4640092801856037,750.0,559.1394465734586,evaluated,f66d972c032ce709ada69e8d8177e195c7e416800757663b7420c22bda5f6328,562b5976c7f6d44b782498480fce54bad1e3142d9541438f6d7a42a876a3df87,29f3847d4486b5353d002e62c09f7737cc30c88f1205eac20175fd3155ae4376
old-rule-D-1-1-S1,canonical:vle_obs_0137,vle_obs_0137-pco2,Hilliard2008,40.0,0.4660093201864038,574.0,592.7881259416417,evaluated,f66d972c032ce709ada69e8d8177e195c7e416800757663b7420c22bda5f6328,562b5976c7f6d44b782498480fce54bad1e3142d9541438f6d7a42a876a3df87,29f3847d4486b5353d002e62c09f7737cc30c88f1205eac20175fd3155ae4376
old-rule-D-1-1-S1,canonical:vle_obs_0138,vle_obs_0138-pco2,Hilliard2008,40.0,0.48100962019240384,883.0,945.4542285856637,evaluated,f66d972c032ce709ada69e8d8177e195c7e416800757663b7420c22bda5f6328,562b5976c7f6d44b782498480fce54bad1e3142d9541438f6d7a42a876a3df87,29f3847d4486b5353d002e62c09f7737cc30c88f1205eac20175fd3155ae4376
old-rule-D-1-1-S1,canonical:vle_obs_0139,vle_obs_0139-pco2,Hilliard2008,40.0,0.49100982019640393,1100.0,1322.1241493077632,evaluated,f66d972c032ce709ada69e8d8177e195c7e416800757663b7420c22bda5f6328,562b5976c7f6d44b782498480fce54bad1e3142d9541438f6d7a42a876a3df87,29f3847d4486b5353d002e62c09f7737cc30c88f1205eac20175fd3155ae4376
old-rule-D-1-1-S1,canonical:vle_obs_0140,vle_obs_0140-pco2,Hilliard2008,40.0,0.501010020200404,1870.0,1870.623536645948,evaluated,f66d972c032ce709ada69e8d8177e195c7e416800757663b7420c22bda5f6328,562b5976c7f6d44b782498480fce54bad1e3142d9541438f6d7a42a876a3df87,29f3847d4486b5353d002e62c09f7737cc30c88f1205eac20175fd3155ae4376
old-rule-D-1-1-S1,canonical:vle_obs_0141,vle_obs_0141-pco2,Hilliard2008,40.0,0.5180103602072041,3030.0,3374.4517027340617,evaluated,f66d972c032ce709ada69e8d8177e195c7e416800757663b7420c22bda5f6328,562b5976c7f6d44b782498480fce54bad1e3142d9541438f6d7a42a876a3df87,29f3847d4486b5353d002e62c09f7737cc30c88f1205eac20175fd3155ae4376
old-rule-D-1-1-S1,canonical:vle_obs_0142,vle_obs_0142-pco2,Hilliard2008,40.0,0.5910118202364048,28300.0,23982.85923606029,evaluated,f66d972c032ce709ada69e8d8177e195c7e416800757663b7420c22bda5f6328,562b5976c7f6d44b782498480fce54bad1e3142d9541438f6d7a42a876a3df87,29f3847d4486b5353d002e62c09f7737cc30c88f1205eac20175fd3155ae4376
old-rule-D-1-1-S1,canonical:vle_obs_0143,vle_obs_0143-pco2,Hilliard2008,60.0,0.11400228004560092,19.400000000000002,17.569531430174948,evaluated,f66d972c032ce709ada69e8d8177e195c7e416800757663b7420c22bda5f6328,562b5976c7f6d44b782498480fce54bad1e3142d9541438f6d7a42a876a3df87,29f3847d4486b5353d002e62c09f7737cc30c88f1205eac20175fd3155ae4376
old-rule-D-1-1-S1,canonical:vle_obs_0144,vle_obs_0144-pco2,Hilliard2008,60.0,0.19100382007640154,58.9,55.15061745739454,evaluated,f66d972c032ce709ada69e8d8177e195c7e416800757663b7420c22bda5f6328,562b5976c7f6d44b782498480fce54bad1e3142d9541438f6d7a42a876a3df87,29f3847d4486b5353d002e62c09f7737cc30c88f1205eac20175fd3155ae4376
old-rule-D-1-1-S1,canonical:vle_obs_0145,vle_obs_0145-pco2,Hilliard2008,60.0,0.2910058201164023,209.0,191.48742837867448,evaluated,f66d972c032ce709ada69e8d8177e195c7e416800757663b7420c22bda5f6328,562b5976c7f6d44b782498480fce54bad1e3142d9541438f6d7a42a876a3df87,29f3847d4486b5353d002e62c09f7737cc30c88f1205eac20175fd3155ae4376
old-rule-D-1-1-S1,canonical:vle_obs_0146,vle_obs_0146-pco2,Hilliard2008,60.0,0.3860077201544031,763.0,728.7378276112966,evaluated,f66d972c032ce709ada69e8d8177e195c7e416800757663b7420c22bda5f6328,562b5976c7f6d44b782498480fce54bad1e3142d9541438f6d7a42a876a3df87,29f3847d4486b5353d002e62c09f7737cc30c88f1205eac20175fd3155ae4376
old-rule-D-1-1-S1,canonical:vle_obs_0147,vle_obs_0147-pco2,Hilliard2008,60.0,0.48500970019400386,4860.0,6202.224961344455,evaluated,f66d972c032ce709ada69e8d8177e195c7e416800757663b7420c22bda5f6328,562b5976c7f6d44b782498480fce54bad1e3142d9541438f6d7a42a876a3df87,29f3847d4486b5353d002e62c09f7737cc30c88f1205eac20175fd3155ae4376
old-rule-D-1-1-S1,canonical:vle_obs_0148,vle_obs_0148-pco2,Hilliard2008,60.0,0.5440108802176044,25800.0,29829.436987745303,evaluated,f66d972c032ce709ada69e8d8177e195c7e416800757663b7420c22bda5f6328,562b5976c7f6d44b782498480fce54bad1e3142d9541438f6d7a42a876a3df87,29f3847d4486b5353d002e62c09f7737cc30c88f1205eac20175fd3155ae4376
old-rule-D-1-1-S1,canonical:vle_obs_0162,vle_obs_0162-pco2,Idris2014,40.0,0.24200484009680193,21.0,16.45999259885914,evaluated,f66d972c032ce709ada69e8d8177e195c7e416800757663b7420c22bda5f6328,562b5976c7f6d44b782498480fce54bad1e3142d9541438f6d7a42a876a3df87,29f3847d4486b5353d002e62c09f7737cc30c88f1205eac20175fd3155ae4376
old-rule-D-1-1-S1,canonical:vle_obs_0163,vle_obs_0163-pco2,Idris2014,40.0,0.3210064201284026,38.0,41.73656384960825,evaluated,f66d972c032ce709ada69e8d8177e195c7e416800757663b7420c22bda5f6328,562b5976c7f6d44b782498480fce54bad1e3142d9541438f6d7a42a876a3df87,29f3847d4486b5353d002e62c09f7737cc30c88f1205eac20175fd3155ae4376
old-rule-D-1-1-S1,canonical:vle_obs_0164,vle_obs_0164-pco2,Idris2014,40.0,0.33000660013200267,43.0,46.76979126376557,evaluated,f66d972c032ce709ada69e8d8177e195c7e416800757663b7420c22bda5f6328,562b5976c7f6d44b782498480fce54bad1e3142d9541438f6d7a42a876a3df87,29f3847d4486b5353d002e62c09f7737cc30c88f1205eac20175fd3155ae4376
old-rule-D-1-1-S1,canonical:vle_obs_0165,vle_obs_0165-pco2,Idris2014,40.0,0.3450069001380027,50.0,56.937307968539464,evaluated,f66d972c032ce709ada69e8d8177e195c7e416800757663b7420c22bda5f6328,562b5976c7f6d44b782498480fce54bad1e3142d9541438f6d7a42a876a3df87,29f3847d4486b5353d002e62c09f7737cc30c88f1205eac20175fd3155ae4376
old-rule-D-1-1-S1,canonical:vle_obs_0166,vle_obs_0166-pco2,Idris2014,40.0,0.3520070401408028,64.0,62.63260363795311,evaluated,f66d972c032ce709ada69e8d8177e195c7e416800757663b7420c22bda5f6328,562b5976c7f6d44b782498480fce54bad1e3142d9541438f6d7a42a876a3df87,29f3847d4486b5353d002e62c09f7737cc30c88f1205eac20175fd3155ae4376
old-rule-D-1-1-S1,canonical:vle_obs_0167,vle_obs_0167-pco2,Idris2014,40.0,0.3550071001420028,97.0,65.2960126684566,evaluated,f66d972c032ce709ada69e8d8177e195c7e416800757663b7420c22bda5f6328,562b5976c7f6d44b782498480fce54bad1e3142d9541438f6d7a42a876a3df87,29f3847d4486b5353d002e62c09f7737cc30c88f1205eac20175fd3155ae4376
old-rule-D-1-1-S1,canonical:vle_obs_0168,vle_obs_0168-pco2,Idris2014,40.0,0.375007500150003,107.0,87.4209084932446,evaluated,f66d972c032ce709ada69e8d8177e195c7e416800757663b7420c22bda5f6328,562b5976c7f6d44b782498480fce54bad1e3142d9541438f6d7a42a876a3df87,29f3847d4486b5353d002e62c09f7737cc30c88f1205eac20175fd3155ae4376
old-rule-D-1-1-S1,canonical:vle_obs_0169,vle_obs_0169-pco2,Idris2014,40.0,0.377007540150803,123.0,90.14842912789744,evaluated,f66d972c032ce709ada69e8d8177e195c7e416800757663b7420c22bda5f6328,562b5976c7f6d44b782498480fce54bad1e3142d9541438f6d7a42a876a3df87,29f3847d4486b5353d002e62c09f7737cc30c88f1205eac20175fd3155ae4376
old-rule-D-1-1-S1,canonical:vle_obs_0170,vle_obs_0170-pco2,Idris2014,40.0,0.4360087201744035,445.0,271.0430441406959,evaluated,f66d972c032ce709ada69e8d8177e195c7e416800757663b7420c22bda5f6328,562b5976c7f6d44b782498480fce54bad1e3142d9541438f6d7a42a876a3df87,29f3847d4486b5353d002e62c09f7737cc30c88f1205eac20175fd3155ae4376
old-rule-D-1-1-S1,canonical:vle_obs_0171,vle_obs_0171-pco2,Idris2014,40.0,0.4600092001840037,813.0,498.84914730989266,evaluated,f66d972c032ce709ada69e8d8177e195c7e416800757663b7420c22bda5f6328,562b5976c7f6d44b782498480fce54bad1e3142d9541438f6d7a42a876a3df87,29f3847d4486b5353d002e62c09f7737cc30c88f1205eac20175fd3155ae4376
old-rule-D-1-1-S1,canonical:vle_obs_0186,vle_obs_0186-pco2,Jou1995,40.0,0.08880177603552071,1.47,1.8748680119021337,evaluated,f66d972c032ce709ada69e8d8177e195c7e416800757663b7420c22bda5f6328,562b5976c7f6d44b782498480fce54bad1e3142d9541438f6d7a42a876a3df87,29f3847d4486b5353d002e62c09f7737cc30c88f1205eac20175fd3155ae4376
old-rule-D-1-1-S1,canonical:vle_obs_0187,vle_obs_0187-pco2,Jou1995,40.0,0.20300406008120164,8.959999999999999,10.422301498516157,evaluated,f66d972c032ce709ada69e8d8177e195c7e416800757663b7420c22bda5f6328,562b5976c7f6d44b782498480fce54bad1e3142d9541438f6d7a42a876a3df87,29f3847d4486b5353d002e62c09f7737cc30c88f1205eac20175fd3155ae4376
old-rule-D-1-1-S1,canonical:vle_obs_0188,vle_obs_0188-pco2,Jou1995,40.0,0.3650073001460029,67.7,75.30453319738484,evaluated,f66d972c032ce709ada69e8d8177e195c7e416800757663b7420c22bda5f6328,562b5976c7f6d44b782498480fce54bad1e3142d9541438f6d7a42a876a3df87,29f3847d4486b5353d002e62c09f7737cc30c88f1205eac20175fd3155ae4376
old-rule-D-1-1-S1,canonical:vle_obs_0189,vle_obs_0189-pco2,Jou1995,40.0,0.47350947018940376,604.0,744.070900062607,evaluated,f66d972c032ce709ada69e8d8177e195c7e416800757663b7420c22bda5f6328,562b5976c7f6d44b782498480fce54bad1e3142d9541438f6d7a42a876a3df87,29f3847d4486b5353d002e62c09f7737cc30c88f1205eac20175fd3155ae4376
old-rule-D-1-1-S1,canonical:vle_obs_0190,vle_obs_0190-pco2,Jou1995,40.0,0.5130102602052041,2570.0,2843.024633894248,evaluated,f66d972c032ce709ada69e8d8177e195c7e416800757663b7420c22bda5f6328,562b5976c7f6d44b782498480fce54bad1e3142d9541438f6d7a42a876a3df87,29f3847d4486b5353d002e62c09f7737cc30c88f1205eac20175fd3155ae4376
old-rule-D-1-1-S1,canonical:vle_obs_0191,vle_obs_0191-pco2,Jou1995,40.0,0.5570111402228045,8090.0,10987.342202016524,evaluated,f66d972c032ce709ada69e8d8177e195c7e416800757663b7420c22bda5f6328,562b5976c7f6d44b782498480fce54bad1e3142d9541438f6d7a42a876a3df87,29f3847d4486b5353d002e62c09f7737cc30c88f1205eac20175fd3155ae4376
old-rule-D-1-1-S1,canonical:vle_obs_0192,vle_obs_0192-pco2,Jou1995,40.0,0.6090121802436048,36100.0,33707.6871136321,evaluated,f66d972c032ce709ada69e8d8177e195c7e416800757663b7420c22bda5f6328,562b5976c7f6d44b782498480fce54bad1e3142d9541438f6d7a42a876a3df87,29f3847d4486b5353d002e62c09f7737cc30c88f1205eac20175fd3155ae4376
old-rule-D-1-1-S1,canonical:vle_obs_0193,vle_obs_0193-pco2,Jou1995,40.0,0.6420128402568052,103000.0,57268.6870887504,evaluated,f66d972c032ce709ada69e8d8177e195c7e416800757663b7420c22bda5f6328,562b5976c7f6d44b782498480fce54bad1e3142d9541438f6d7a42a876a3df87,29f3847d4486b5353d002e62c09f7737cc30c88f1205eac20175fd3155ae4376
old-rule-D-1-1-S1,canonical:vle_obs_0194,vle_obs_0194-pco2,Jou1995,60.0,0.05640112802256045,4.28,4.622692182039102,evaluated,f66d972c032ce709ada69e8d8177e195c7e416800757663b7420c22bda5f6328,562b5976c7f6d44b782498480fce54bad1e3142d9541438f6d7a42a876a3df87,29f3847d4486b5353d002e62c09f7737cc30c88f1205eac20175fd3155ae4376
old-rule-D-1-1-S1,canonical:vle_obs_0195,vle_obs_0195-pco2,Jou1995,60.0,0.11900238004760096,19.3,19.173499601319314,evaluated,f66d972c032ce709ada69e8d8177e195c7e416800757663b7420c22bda5f6328,562b5976c7f6d44b782498480fce54bad1e3142d9541438f6d7a42a876a3df87,29f3847d4486b5353d002e62c09f7737cc30c88f1205eac20175fd3155ae4376
old-rule-D-1-1-S1,canonical:vle_obs_0196,vle_obs_0196-pco2,Jou1995,60.0,0.20600412008240165,57.9,66.87153999166934,evaluated,f66d972c032ce709ada69e8d8177e195c7e416800757663b7420c22bda5f6328,562b5976c7f6d44b782498480fce54bad1e3142d9541438f6d7a42a876a3df87,29f3847d4486b5353d002e62c09f7737cc30c88f1205eac20175fd3155ae4376
old-rule-D-1-1-S1,canonical:vle_obs_0197,vle_obs_0197-pco2,Jou1995,60.0,0.3890077801556031,528.0,765.9699869660815,evaluated,f66d972c032ce709ada69e8d8177e195c7e416800757663b7420c22bda5f6328,562b5976c7f6d44b782498480fce54bad1e3142d9541438f6d7a42a876a3df87,29f3847d4486b5353d002e62c09f7737cc30c88f1205eac20175fd3155ae4376
old-rule-D-1-1-S1,canonical:vle_obs_0198,vle_obs_0198-pco2,Jou1995,60.0,0.4380087601752035,2009.9999999999998,1946.8607601060544,evaluated,f66d972c032ce709ada69e8d8177e195c7e416800757663b7420c22bda5f6328,562b5976c7f6d44b782498480fce54bad1e3142d9541438f6d7a42a876a3df87,29f3847d4486b5353d002e62c09f7737cc30c88f1205eac20175fd3155ae4376
old-rule-D-1-1-S1,canonical:vle_obs_0199,vle_obs_0199-pco2,Jou1995,60.0,0.5040100802016041,11000.0,10461.59958475135,evaluated,f66d972c032ce709ada69e8d8177e195c7e416800757663b7420c22bda5f6328,562b5976c7f6d44b782498480fce54bad1e3142d9541438f6d7a42a876a3df87,29f3847d4486b5353d002e62c09f7737cc30c88f1205eac20175fd3155ae4376
old-rule-D-1-1-S1,canonical:vle_obs_0200,vle_obs_0200-pco2,Jou1995,60.0,0.5610112202244045,34000.0,43910.87469151424,evaluated,f66d972c032ce709ada69e8d8177e195c7e416800757663b7420c22bda5f6328,562b5976c7f6d44b782498480fce54bad1e3142d9541438f6d7a42a876a3df87,29f3847d4486b5353d002e62c09f7737cc30c88f1205eac20175fd3155ae4376
old-rule-D-1-1-S1,canonical:vle_obs_0201,vle_obs_0201-pco2,Jou1995,60.0,0.5790115802316046,82000.0,63273.532097210016,evaluated,f66d972c032ce709ada69e8d8177e195c7e416800757663b7420c22bda5f6328,562b5976c7f6d44b782498480fce54bad1e3142d9541438f6d7a42a876a3df87,29f3847d4486b5353d002e62c09f7737cc30c88f1205eac20175fd3155ae4376
old-rule-D-1-1-S1,canonical:vle_obs_0202,vle_obs_0202-pco2,Jou1995,60.0,0.6680133602672054,282000.0,229271.59604405132,evaluated,f66d972c032ce709ada69e8d8177e195c7e416800757663b7420c22bda5f6328,562b5976c7f6d44b782498480fce54bad1e3142d9541438f6d7a42a876a3df87,29f3847d4486b5353d002e62c09f7737cc30c88f1205eac20175fd3155ae4376
old-rule-D-1-1-S1,canonical:vle_obs_0203,vle_obs_0203-pco2,Jou1995,80.0,0.017400348006960137,2.96,2.9120023879761754,evaluated,f66d972c032ce709ada69e8d8177e195c7e416800757663b7420c22bda5f6328,562b5976c7f6d44b782498480fce54bad1e3142d9541438f6d7a42a876a3df87,29f3847d4486b5353d002e62c09f7737cc30c88f1205eac20175fd3155ae4376
old-rule-D-1-1-S1,canonical:vle_obs_0204,vle_obs_0204-pco2,Jou1995,80.0,0.02360047200944019,4.84,4.979330935805763,evaluated,f66d972c032ce709ada69e8d8177e195c7e416800757663b7420c22bda5f6328,562b5976c7f6d44b782498480fce54bad1e3142d9541438f6d7a42a876a3df87,29f3847d4486b5353d002e62c09f7737cc30c88f1205eac20175fd3155ae4376
old-rule-D-1-1-S1,canonical:vle_obs_0205,vle_obs_0205-pco2,Jou1995,80.0,0.07810156203124063,46.5,43.49154213218317,evaluated,f66d972c032ce709ada69e8d8177e195c7e416800757663b7420c22bda5f6328,562b5976c7f6d44b782498480fce54bad1e3142d9541438f6d7a42a876a3df87,29f3847d4486b5353d002e62c09f7737cc30c88f1205eac20175fd3155ae4376
old-rule-D-1-1-S1,canonical:vle_obs_0206,vle_obs_0206-pco2,Jou1995,80.0,0.11800236004720094,99.2,99.10043497889241,evaluated,f66d972c032ce709ada69e8d8177e195c7e416800757663b7420c22bda5f6328,562b5976c7f6d44b782498480fce54bad1e3142d9541438f6d7a42a876a3df87,29f3847d4486b5353d002e62c09f7737cc30c88f1205eac20175fd3155ae4376
old-rule-D-1-1-S1,canonical:vle_obs_0207,vle_obs_0207-pco2,Jou1995,80.0,0.1870037400748015,278.0,284.92272771425405,evaluated,f66d972c032ce709ada69e8d8177e195c7e416800757663b7420c22bda5f6328,562b5976c7f6d44b782498480fce54bad1e3142d9541438f6d7a42a876a3df87,29f3847d4486b5353d002e62c09f7737cc30c88f1205eac20175fd3155ae4376
old-rule-D-1-1-S1,canonical:vle_obs_0208,vle_obs_0208-pco2,Jou1995,80.0,0.3480069601392028,2670.0,2399.8155299634923,evaluated,f66d972c032ce709ada69e8d8177e195c7e416800757663b7420c22bda5f6328,562b5976c7f6d44b782498480fce54bad1e3142d9541438f6d7a42a876a3df87,29f3847d4486b5353d002e62c09f7737cc30c88f1205eac20175fd3155ae4376
old-rule-D-1-1-S1,canonical:vle_obs_0209,vle_obs_0209-pco2,Jou1995,80.0,0.4600092001840037,16000.0,17418.418507738952,evaluated,f66d972c032ce709ada69e8d8177e195c7e416800757663b7420c22bda5f6328,562b5976c7f6d44b782498480fce54bad1e3142d9541438f6d7a42a876a3df87,29f3847d4486b5353d002e62c09f7737cc30c88f1205eac20175fd3155ae4376
old-rule-D-1-1-S1,canonical:vle_obs_0210,vle_obs_0210-pco2,Jou1995,80.0,0.5170103402068041,56000.0,61876.63750609598,evaluated,f66d972c032ce709ada69e8d8177e195c7e416800757663b7420c22bda5f6328,562b5976c7f6d44b782498480fce54bad1e3142d9541438f6d7a42a876a3df87,29f3847d4486b5353d002e62c09f7737cc30c88f1205eac20175fd3155ae4376
old-rule-D-1-1-S1,canonical:vle_obs_0211,vle_obs_0211-pco2,Jou1995,80.0,0.5785115702314046,235000.0,196847.35235819608,evaluated,f66d972c032ce709ada69e8d8177e195c7e416800757663b7420c22bda5f6328,562b5976c7f6d44b782498480fce54bad1e3142d9541438f6d7a42a876a3df87,29f3847d4486b5353d002e62c09f7737cc30c88f1205eac20175fd3155ae4376
old-rule-D-1-1-S1,canonical:vle_obs_0212,vle_obs_0212-pco2,Jou1995,80.0,0.6400128002560052,558000.0,431867.8822068691,evaluated,f66d972c032ce709ada69e8d8177e195c7e416800757663b7420c22bda5f6328,562b5976c7f6d44b782498480fce54bad1e3142d9541438f6d7a42a876a3df87,29f3847d4486b5353d002e62c09f7737cc30c88f1205eac20175fd3155ae4376
old-rule-D-1-1-S1,canonical:vle_obs_0213,vle_obs_0213-pco2,Jou1995,80.0,0.6890137802756054,958000.0,667252.1293067427,evaluated,f66d972c032ce709ada69e8d8177e195c7e416800757663b7420c22bda5f6328,562b5976c7f6d44b782498480fce54bad1e3142d9541438f6d7a42a876a3df87,29f3847d4486b5353d002e62c09f7737cc30c88f1205eac20175fd3155ae4376
old-rule-D-1-1-S1,canonical:vle_obs_0214,vle_obs_0214-pco2,Jou1995,100.0,0.011700234004680093,7.24,6.743643259968161,evaluated,f66d972c032ce709ada69e8d8177e195c7e416800757663b7420c22bda5f6328,562b5976c7f6d44b782498480fce54bad1e3142d9541438f6d7a42a876a3df87,29f3847d4486b5353d002e62c09f7737cc30c88f1205eac20175fd3155ae4376
old-rule-D-1-1-S1,canonical:vle_obs_0215,vle_obs_0215-pco2,Jou1995,100.0,0.05660113202264045,136.0,111.88139045647831,evaluated,f66d972c032ce709ada69e8d8177e195c7e416800757663b7420c22bda5f6328,562b5976c7f6d44b782498480fce54bad1e3142d9541438f6d7a42a876a3df87,29f3847d4486b5353d002e62c09f7737cc30c88f1205eac20175fd3155ae4376
old-rule-D-1-1-S1,canonical:vle_obs_0216,vle_obs_0216-pco2,Jou1995,100.0,0.1880037600752015,1430.0,1424.1720317864674,evaluated,f66d972c032ce709ada69e8d8177e195c7e416800757663b7420c22bda5f6328,562b5976c7f6d44b782498480fce54bad1e3142d9541438f6d7a42a876a3df87,29f3847d4486b5353d002e62c09f7737cc30c88f1205eac20175fd3155ae4376
old-rule-D-1-1-S1,canonical:vle_obs_0217,vle_obs_0217-pco2,Jou1995,100.0,0.3810076201524031,19000.0,20346.828993647574,evaluated,f66d972c032ce709ada69e8d8177e195c7e416800757663b7420c22bda5f6328,562b5976c7f6d44b782498480fce54bad1e3142d9541438f6d7a42a876a3df87,29f3847d4486b5353d002e62c09f7737cc30c88f1205eac20175fd3155ae4376
old-rule-D-1-1-S1,canonical:vle_obs_0218,vle_obs_0218-pco2,Jou1995,100.0,0.42200844016880334,39000.0,39978.97737870174,evaluated,f66d972c032ce709ada69e8d8177e195c7e416800757663b7420c22bda5f6328,562b5976c7f6d44b782498480fce54bad1e3142d9541438f6d7a42a876a3df87,29f3847d4486b5353d002e62c09f7737cc30c88f1205eac20175fd3155ae4376
old-rule-D-1-1-S1,canonical:vle_obs_0219,vle_obs_0219-pco2,Jou1995,100.0,0.4770095401908038,69000.0,108119.69939625605,evaluated,f66d972c032ce709ada69e8d8177e195c7e416800757663b7420c22bda5f6328,562b5976c7f6d44b782498480fce54bad1e3142d9541438f6d7a42a876a3df87,29f3847d4486b5353d002e62c09f7737cc30c88f1205eac20175fd3155ae4376
old-rule-D-1-1-S1,canonical:vle_obs_0220,vle_obs_0220-pco2,Jou1995,100.0,0.48100962019240384,109000.0,116353.43713435119,evaluated,f66d972c032ce709ada69e8d8177e195c7e416800757663b7420c22bda5f6328,562b5976c7f6d44b782498480fce54bad1e3142d9541438f6d7a42a876a3df87,29f3847d4486b5353d002e62c09f7737cc30c88f1205eac20175fd3155ae4376
old-rule-D-1-1-S1,canonical:vle_obs_0221,vle_obs_0221-pco2,Jou1995,100.0,0.5710114202284046,509000.0,481865.00016628054,evaluated,f66d972c032ce709ada69e8d8177e195c7e416800757663b7420c22bda5f6328,562b5976c7f6d44b782498480fce54bad1e3142d9541438f6d7a42a876a3df87,29f3847d4486b5353d002e62c09f7737cc30c88f1205eac20175fd3155ae4376
old-rule-D-1-1-S1,canonical:vle_obs_0222,vle_obs_0222-pco2,Jou1995,100.0,0.5890117802356047,376000.0,594286.1209082208,evaluated,f66d972c032ce709ada69e8d8177e195c7e416800757663b7420c22bda5f6328,562b5976c7f6d44b782498480fce54bad1e3142d9541438f6d7a42a876a3df87,29f3847d4486b5353d002e62c09f7737cc30c88f1205eac20175fd3155ae4376
old-rule-D-1-1-S1,canonical:vle_obs_0223,vle_obs_0223-pco2,Jou1995,100.0,0.613512270245405,909000.0,761742.8597415099,evaluated,f66d972c032ce709ada69e8d8177e195c7e416800757663b7420c22bda5f6328,562b5976c7f6d44b782498480fce54bad1e3142d9541438f6d7a42a876a3df87,29f3847d4486b5353d002e62c09f7737cc30c88f1205eac20175fd3155ae4376
old-rule-D-1-1-S1,canonical:vle_obs_0224,vle_obs_0224-pco2,Jou1995,120.0,0.0033300666013320267,2.02,3.284966216394511,evaluated,f66d972c032ce709ada69e8d8177e195c7e416800757663b7420c22bda5f6328,562b5976c7f6d44b782498480fce54bad1e3142d9541438f6d7a42a876a3df87,29f3847d4486b5353d002e62c09f7737cc30c88f1205eac20175fd3155ae4376
old-rule-D-1-1-S1,canonical:vle_obs_0225,vle_obs_0225-pco2,Jou1995,120.0,0.01120022400448009,22.1,26.979163647466777,evaluated,f66d972c032ce709ada69e8d8177e195c7e416800757663b7420c22bda5f6328,562b5976c7f6d44b782498480fce54bad1e3142d9541438f6d7a42a876a3df87,29f3847d4486b5353d002e62c09f7737cc30c88f1205eac20175fd3155ae4376
old-rule-D-1-1-S1,canonical:vle_obs_0226,vle_obs_0226-pco2,Jou1995,120.0,0.024700494009880197,98.4,108.76763708621522,evaluated,f66d972c032ce709ada69e8d8177e195c7e416800757663b7420c22bda5f6328,562b5976c7f6d44b782498480fce54bad1e3142d9541438f6d7a42a876a3df87,29f3847d4486b5353d002e62c09f7737cc30c88f1205eac20175fd3155ae4376
old-rule-D-1-1-S1,canonical:vle_obs_0227,vle_obs_0227-pco2,Jou1995,120.0,0.11900238004760096,2290.0,2144.5838239743084,evaluated,f66d972c032ce709ada69e8d8177e195c7e416800757663b7420c22bda5f6328,562b5976c7f6d44b782498480fce54bad1e3142d9541438f6d7a42a876a3df87,29f3847d4486b5353d002e62c09f7737cc30c88f1205eac20175fd3155ae4376
old-rule-D-1-1-S1,canonical:vle_obs_0228,vle_obs_0228-pco2,Jou1995,120.0,0.3490069801396028,46800.0,57255.09343447004,evaluated,f66d972c032ce709ada69e8d8177e195c7e416800757663b7420c22bda5f6328,562b5976c7f6d44b782498480fce54bad1e3142d9541438f6d7a42a876a3df87,29f3847d4486b5353d002e62c09f7737cc30c88f1205eac20175fd3155ae4376
old-rule-D-1-1-S1,canonical:vle_obs_0229,vle_obs_0229-pco2,Jou1995,120.0,0.41150823016460325,122000.0,142254.66207552864,evaluated,f66d972c032ce709ada69e8d8177e195c7e416800757663b7420c22bda5f6328,562b5976c7f6d44b782498480fce54bad1e3142d9541438f6d7a42a876a3df87,29f3847d4486b5353d002e62c09f7737cc30c88f1205eac20175fd3155ae4376
old-rule-D-1-1-S1,canonical:vle_obs_0230,vle_obs_0230-pco2,Jou1995,120.0,0.4440088801776036,222000.0,231258.06336587778,evaluated,f66d972c032ce709ada69e8d8177e195c7e416800757663b7420c22bda5f6328,562b5976c7f6d44b782498480fce54bad1e3142d9541438f6d7a42a876a3df87,29f3847d4486b5353d002e62c09f7737cc30c88f1205eac20175fd3155ae4376
old-rule-D-1-1-S1,canonical:vle_obs_0231,vle_obs_0231-pco2,Jou1995,120.0,0.47300946018920376,422000.0,352215.21531063406,evaluated,f66d972c032ce709ada69e8d8177e195c7e416800757663b7420c22bda5f6328,562b5976c7f6d44b782498480fce54bad1e3142d9541438f6d7a42a876a3df87,29f3847d4486b5353d002e62c09f7737cc30c88f1205eac20175fd3155ae4376
old-rule-D-1-1-S1,canonical:vle_obs_0232,vle_obs_0232-pco2,Jou1995,120.0,0.5360107202144043,822000.0,774637.8282985799,evaluated,f66d972c032ce709ada69e8d8177e195c7e416800757663b7420c22bda5f6328,562b5976c7f6d44b782498480fce54bad1e3142d9541438f6d7a42a876a3df87,29f3847d4486b5353d002e62c09f7737cc30c88f1205eac20175fd3155ae4376
old-rule-D-1-1-S1,canonical:vle_obs_0233,vle_obs_0233-pco2,Jou1995,120.0,0.6390127802556052,2804000.0,1787556.1101935953,evaluated,f66d972c032ce709ada69e8d8177e195c7e416800757663b7420c22bda5f6328,562b5976c7f6d44b782498480fce54bad1e3142d9541438f6d7a42a876a3df87,29f3847d4486b5353d002e62c09f7737cc30c88f1205eac20175fd3155ae4376
old-rule-D-1-1-S1,canonical:vle_obs_0246,vle_obs_0246-pco2,Mamun2005,120.0,0.15500310006200124,7354.0,3931.369090952079,evaluated,f66d972c032ce709ada69e8d8177e195c7e416800757663b7420c22bda5f6328,562b5976c7f6d44b782498480fce54bad1e3142d9541438f6d7a42a876a3df87,29f3847d4486b5353d002e62c09f7737cc30c88f1205eac20175fd3155ae4376
old-rule-D-1-1-S1,canonical:vle_obs_0247,vle_obs_0247-pco2,Mamun2005,120.0,0.17660353207064142,9314.0,5449.683458578548,evaluated,f66d972c032ce709ada69e8d8177e195c7e416800757663b7420c22bda5f6328,562b5976c7f6d44b782498480fce54bad1e3142d9541438f6d7a42a876a3df87,29f3847d4486b5353d002e62c09f7737cc30c88f1205eac20175fd3155ae4376
old-rule-D-1-1-S1,canonical:vle_obs_0248,vle_obs_0248-pco2,Mamun2005,120.0,0.18430368607372147,9045.0,6095.058335309671,evaluated,f66d972c032ce709ada69e8d8177e195c7e416800757663b7420c22bda5f6328,562b5976c7f6d44b782498480fce54bad1e3142d9541438f6d7a42a876a3df87,29f3847d4486b5353d002e62c09f7737cc30c88f1205eac20175fd3155ae4376
old-rule-D-1-1-S1,canonical:vle_obs_0249,vle_obs_0249-pco2,Mamun2005,120.0,0.20850417008340166,15510.0,8568.928538126871,evaluated,f66d972c032ce709ada69e8d8177e195c7e416800757663b7420c22bda5f6328,562b5976c7f6d44b782498480fce54bad1e3142d9541438f6d7a42a876a3df87,29f3847d4486b5353d002e62c09f7737cc30c88f1205eac20175fd3155ae4376
old-rule-D-1-1-S1,canonical:vle_obs_0250,vle_obs_0250-pco2,Mamun2005,120.0,0.23260465209304187,19620.0,11893.000131204508,evaluated,f66d972c032ce709ada69e8d8177e195c7e416800757663b7420c22bda5f6328,562b5976c7f6d44b782498480fce54bad1e3142d9541438f6d7a42a876a3df87,29f3847d4486b5353d002e62c09f7737cc30c88f1205eac20175fd3155ae4376
old-rule-D-1-1-S1,canonical:vle_obs_0251,vle_obs_0251-pco2,Mamun2005,120.0,0.23810476209524192,25200.0,12803.985567222979,evaluated,f66d972c032ce709ada69e8d8177e195c7e416800757663b7420c22bda5f6328,562b5976c7f6d44b782498480fce54bad1e3142d9541438f6d7a42a876a3df87,29f3847d4486b5353d002e62c09f7737cc30c88f1205eac20175fd3155ae4376
old-rule-D-1-1-S1,canonical:vle_obs_0252,vle_obs_0252-pco2,Mamun2005,120.0,0.25600512010240206,27710.0,16257.006966122082,evaluated,f66d972c032ce709ada69e8d8177e195c7e416800757663b7420c22bda5f6328,562b5976c7f6d44b782498480fce54bad1e3142d9541438f6d7a42a876a3df87,29f3847d4486b5353d002e62c09f7737cc30c88f1205eac20175fd3155ae4376
old-rule-D-1-1-S1,canonical:vle_obs_0253,vle_obs_0253-pco2,Mamun2005,120.0,0.29010580211604237,39180.0,25593.11568994955,evaluated,f66d972c032ce709ada69e8d8177e195c7e416800757663b7420c22bda5f6328,562b5976c7f6d44b782498480fce54bad1e3142d9541438f6d7a42a876a3df87,29f3847d4486b5353d002e62c09f7737cc30c88f1205eac20175fd3155ae4376
old-rule-D-1-1-S1,canonical:vle_obs_0254,vle_obs_0254-pco2,Mamun2005,120.0,0.2967059341186824,40400.0,27957.721864609557,evaluated,f66d972c032ce709ada69e8d8177e195c7e416800757663b7420c22bda5f6328,562b5976c7f6d44b782498480fce54bad1e3142d9541438f6d7a42a876a3df87,29f3847d4486b5353d002e62c09f7737cc30c88f1205eac20175fd3155ae4376
old-rule-D-1-1-S1,canonical:vle_obs_0255,vle_obs_0255-pco2,Mamun2005,120.0,0.3004060081201624,43490.0,29381.882002890557,evaluated,f66d972c032ce709ada69e8d8177e195c7e416800757663b7420c22bda5f6328,562b5976c7f6d44b782498480fce54bad1e3142d9541438f6d7a42a876a3df87,29f3847d4486b5353d002e62c09f7737cc30c88f1205eac20175fd3155ae4376
old-rule-D-1-1-S1,canonical:vle_obs_0256,vle_obs_0256-pco2,Mamun2005,120.0,0.3125062501250025,51820.0,34595.98837847782,evaluated,f66d972c032ce709ada69e8d8177e195c7e416800757663b7420c22bda5f6328,562b5976c7f6d44b782498480fce54bad1e3142d9541438f6d7a42a876a3df87,29f3847d4486b5353d002e62c09f7737cc30c88f1205eac20175fd3155ae4376
old-rule-D-1-1-S1,canonical:vle_obs_0257,vle_obs_0257-pco2,Mamun2005,120.0,0.31910638212764253,58570.0,37845.13112352547,evaluated,f66d972c032ce709ada69e8d8177e195c7e416800757663b7420c22bda5f6328,562b5976c7f6d44b782498480fce54bad1e3142d9541438f6d7a42a876a3df87,29f3847d4486b5353d002e62c09f7737cc30c88f1205eac20175fd3155ae4376
old-rule-D-1-1-S1,canonical:vle_obs_0258,vle_obs_0258-pco2,Mamun2005,120.0,0.32980659613192265,62880.0,43824.21668895704,evaluated,f66d972c032ce709ada69e8d8177e195c7e416800757663b7420c22bda5f6328,562b5976c7f6d44b782498480fce54bad1e3142d9541438f6d7a42a876a3df87,29f3847d4486b5353d002e62c09f7737cc30c88f1205eac20175fd3155ae4376
old-rule-D-1-1-S1,canonical:vle_obs_0259,vle_obs_0259-pco2,Mamun2005,120.0,0.3424068481369627,77590.0,52194.81981722164,evaluated,f66d972c032ce709ada69e8d8177e195c7e416800757663b7420c22bda5f6328,562b5976c7f6d44b782498480fce54bad1e3142d9541438f6d7a42a876a3df87,29f3847d4486b5353d002e62c09f7737cc30c88f1205eac20175fd3155ae4376
old-rule-D-1-1-S1,canonical:vle_obs_0260,vle_obs_0260-pco2,Mamun2005,120.0,0.3424068481369627,74950.0,52194.81981722164,evaluated,f66d972c032ce709ada69e8d8177e195c7e416800757663b7420c22bda5f6328,562b5976c7f6d44b782498480fce54bad1e3142d9541438f6d7a42a876a3df87,29f3847d4486b5353d002e62c09f7737cc30c88f1205eac20175fd3155ae4376
old-rule-D-1-1-S1,canonical:vle_obs_0261,vle_obs_0261-pco2,Mamun2005,120.0,0.3500070001400028,83610.0,58067.01302369327,evaluated,f66d972c032ce709ada69e8d8177e195c7e416800757663b7420c22bda5f6328,562b5976c7f6d44b782498480fce54bad1e3142d9541438f6d7a42a876a3df87,29f3847d4486b5353d002e62c09f7737cc30c88f1205eac20175fd3155ae4376
old-rule-D-1-1-S1,canonical:vle_obs_0262,vle_obs_0262-pco2,Mamun2005,120.0,0.3594071881437629,92790.0,66337.98384497297,evaluated,f66d972c032ce709ada69e8d8177e195c7e416800757663b7420c22bda5f6328,562b5976c7f6d44b782498480fce54bad1e3142d9541438f6d7a42a876a3df87,29f3847d4486b5353d002e62c09f7737cc30c88f1205eac20175fd3155ae4376
old-rule-D-1-1-S1,canonical:vle_obs_0263,vle_obs_0263-pco2,Mamun2005,120.0,0.38820776415528313,137900.0,100663.50216111519,evaluated,f66d972c032ce709ada69e8d8177e195c7e416800757663b7420c22bda5f6328,562b5976c7f6d44b782498480fce54bad1e3142d9541438f6d7a42a876a3df87,29f3847d4486b5353d002e62c09f7737cc30c88f1205eac20175fd3155ae4376
old-rule-D-1-1-S1,canonical:vle_obs_0264,vle_obs_0264-pco2,Mamun2005,120.0,0.41820836416728335,191900.0,157260.7545369653,evaluated,f66d972c032ce709ada69e8d8177e195c7e416800757663b7420c22bda5f6328,562b5976c7f6d44b782498480fce54bad1e3142d9541438f6d7a42a876a3df87,29f3847d4486b5353d002e62c09f7737cc30c88f1205eac20175fd3155ae4376
old-rule-D-1-1-S1,canonical:vle_obs_0265,vle_obs_0265-pco2,Xu2011,100.0,0.3880077601552031,34000.0,22722.84344575305,evaluated,f66d972c032ce709ada69e8d8177e195c7e416800757663b7420c22bda5f6328,562b5976c7f6d44b782498480fce54bad1e3142d9541438f6d7a42a876a3df87,29f3847d4486b5353d002e62c09f7737cc30c88f1205eac20175fd3155ae4376
old-rule-D-1-1-S1,canonical:vle_obs_0266,vle_obs_0266-pco2,Xu2011,100.0,0.4240084801696034,101000.0,41390.91566520396,evaluated,f66d972c032ce709ada69e8d8177e195c7e416800757663b7420c22bda5f6328,562b5976c7f6d44b782498480fce54bad1e3142d9541438f6d7a42a876a3df87,29f3847d4486b5353d002e62c09f7737cc30c88f1205eac20175fd3155ae4376
old-rule-D-1-1-S1,canonical:vle_obs_0267,vle_obs_0267-pco2,Xu2011,100.0,0.4250085001700034,86000.0,42117.93542264442,evaluated,f66d972c032ce709ada69e8d8177e195c7e416800757663b7420c22bda5f6328,562b5976c7f6d44b782498480fce54bad1e3142d9541438f6d7a42a876a3df87,29f3847d4486b5353d002e62c09f7737cc30c88f1205eac20175fd3155ae4376
old-rule-D-1-1-S1,canonical:vle_obs_0268,vle_obs_0268-pco2,Xu2011,100.0,0.501010020200404,167000.0,166836.30599137183,evaluated,f66d972c032ce709ada69e8d8177e195c7e416800757663b7420c22bda5f6328,562b5976c7f6d44b782498480fce54bad1e3142d9541438f6d7a42a876a3df87,29f3847d4486b5353d002e62c09f7737cc30c88f1205eac20175fd3155ae4376
old-rule-D-1-1-S1,canonical:vle_obs_0269,vle_obs_0269-pco2,Xu2011,100.0,0.5200104002080042,233000.0,230778.7139150147,evaluated,f66d972c032ce709ada69e8d8177e195c7e416800757663b7420c22bda5f6328,562b5976c7f6d44b782498480fce54bad1e3142d9541438f6d7a42a876a3df87,29f3847d4486b5353d002e62c09f7737cc30c88f1205eac20175fd3155ae4376
old-rule-D-1-1-S1,canonical:vle_obs_0270,vle_obs_0270-pco2,Xu2011,100.0,0.3150063001260025,16000.0,7783.617131718426,evaluated,f66d972c032ce709ada69e8d8177e195c7e416800757663b7420c22bda5f6328,562b5976c7f6d44b782498480fce54bad1e3142d9541438f6d7a42a876a3df87,29f3847d4486b5353d002e62c09f7737cc30c88f1205eac20175fd3155ae4376
old-rule-D-1-1-S1,canonical:vle_obs_0271,vle_obs_0271-pco2,Xu2011,100.0,0.47500950019000376,95000.0,104215.21220490878,evaluated,f66d972c032ce709ada69e8d8177e195c7e416800757663b7420c22bda5f6328,562b5976c7f6d44b782498480fce54bad1e3142d9541438f6d7a42a876a3df87,29f3847d4486b5353d002e62c09f7737cc30c88f1205eac20175fd3155ae4376
old-rule-D-1-1-S1,canonical:vle_obs_0272,vle_obs_0272-pco2,Xu2011,100.0,0.3150063001260025,12000.0,7783.617131718426,evaluated,f66d972c032ce709ada69e8d8177e195c7e416800757663b7420c22bda5f6328,562b5976c7f6d44b782498480fce54bad1e3142d9541438f6d7a42a876a3df87,29f3847d4486b5353d002e62c09f7737cc30c88f1205eac20175fd3155ae4376
old-rule-D-1-1-S1,canonical:vle_obs_0279,vle_obs_0279-pco2,Xu2011,120.0,0.370007400148003,63000.0,77222.35652055398,evaluated,f66d972c032ce709ada69e8d8177e195c7e416800757663b7420c22bda5f6328,562b5976c7f6d44b782498480fce54bad1e3142d9541438f6d7a42a876a3df87,29f3847d4486b5353d002e62c09f7737cc30c88f1205eac20175fd3155ae4376
old-rule-D-1-1-S1,canonical:vle_obs_0280,vle_obs_0280-pco2,Xu2011,120.0,0.3850077001540031,108000.0,96043.93556704615,evaluated,f66d972c032ce709ada69e8d8177e195c7e416800757663b7420c22bda5f6328,562b5976c7f6d44b782498480fce54bad1e3142d9541438f6d7a42a876a3df87,29f3847d4486b5353d002e62c09f7737cc30c88f1205eac20175fd3155ae4376
old-rule-D-1-1-S1,canonical:vle_obs_0281,vle_obs_0281-pco2,Xu2011,120.0,0.3870077401548031,62000.0,98903.9747011968,evaluated,f66d972c032ce709ada69e8d8177e195c7e416800757663b7420c22bda5f6328,562b5976c7f6d44b782498480fce54bad1e3142d9541438f6d7a42a876a3df87,29f3847d4486b5353d002e62c09f7737cc30c88f1205eac20175fd3155ae4376
old-rule-D-1-1-S1,canonical:vle_obs_0282,vle_obs_0282-pco2,Xu2011,120.0,0.42200844016880334,237000.0,166475.48594185014,evaluated,f66d972c032ce709ada69e8d8177e195c7e416800757663b7420c22bda5f6328,562b5976c7f6d44b782498480fce54bad1e3142d9541438f6d7a42a876a3df87,29f3847d4486b5353d002e62c09f7737cc30c88f1205eac20175fd3155ae4376
old-rule-D-1-1-S1,canonical:vle_obs_0283,vle_obs_0283-pco2,Xu2011,120.0,0.4230084601692034,192000.0,168989.32625233568,evaluated,f66d972c032ce709ada69e8d8177e195c7e416800757663b7420c22bda5f6328,562b5976c7f6d44b782498480fce54bad1e3142d9541438f6d7a42a876a3df87,29f3847d4486b5353d002e62c09f7737cc30c88f1205eac20175fd3155ae4376
old-rule-D-1-1-S1,canonical:vle_obs_0284,vle_obs_0284-pco2,Xu2011,120.0,0.49200984019680394,387000.0,456618.6154480071,evaluated,f66d972c032ce709ada69e8d8177e195c7e416800757663b7420c22bda5f6328,562b5976c7f6d44b782498480fce54bad1e3142d9541438f6d7a42a876a3df87,29f3847d4486b5353d002e62c09f7737cc30c88f1205eac20175fd3155ae4376
old-rule-D-1-1-S1,canonical:vle_obs_0285,vle_obs_0285-pco2,Xu2011,120.0,0.5080101602032041,512000.0,560437.1136324317,evaluated,f66d972c032ce709ada69e8d8177e195c7e416800757663b7420c22bda5f6328,562b5976c7f6d44b782498480fce54bad1e3142d9541438f6d7a42a876a3df87,29f3847d4486b5353d002e62c09f7737cc30c88f1205eac20175fd3155ae4376
old-rule-D-1-1-S1,canonical:vle_obs_0286,vle_obs_0286-pco2,Xu2011,120.0,0.3140062801256025,50000.0,35307.469537857505,evaluated,f66d972c032ce709ada69e8d8177e195c7e416800757663b7420c22bda5f6328,562b5976c7f6d44b782498480fce54bad1e3142d9541438f6d7a42a876a3df87,29f3847d4486b5353d002e62c09f7737cc30c88f1205eac20175fd3155ae4376
old-rule-D-1-1-S1,canonical:vle_obs_0287,vle_obs_0287-pco2,Xu2011,120.0,0.4670093401868038,283000.0,323497.6591842967,evaluated,f66d972c032ce709ada69e8d8177e195c7e416800757663b7420c22bda5f6328,562b5976c7f6d44b782498480fce54bad1e3142d9541438f6d7a42a876a3df87,29f3847d4486b5353d002e62c09f7737cc30c88f1205eac20175fd3155ae4376
old-rule-D-1-1-S1,canonical:vle_obs_0288,vle_obs_0288-pco2,Xu2011,120.0,0.3140062801256025,45000.0,35307.469537857505,evaluated,f66d972c032ce709ada69e8d8177e195c7e416800757663b7420c22bda5f6328,562b5976c7f6d44b782498480fce54bad1e3142d9541438f6d7a42a876a3df87,29f3847d4486b5353d002e62c09f7737cc30c88f1205eac20175fd3155ae4376
old-rule-D-0-0-S1,vle_obs_0119,vle_obs_0119-pco2,Hilliard2008,40.0,0.15290305806116122,5.7,5.149756467959656,evaluated,f66d972c032ce709ada69e8d8177e195c7e416800757663b7420c22bda5f6328,f5831262710bf30133910d7a237f8ef9487a4c5cb1ed167c167ad56b0792d46a,29f3847d4486b5353d002e62c09f7737cc30c88f1205eac20175fd3155ae4376
old-rule-D-0-0-S1,vle_obs_0120,vle_obs_0120-pco2,Hilliard2008,40.0,0.16290325806516132,6.64,5.940662078982642,evaluated,f66d972c032ce709ada69e8d8177e195c7e416800757663b7420c22bda5f6328,f5831262710bf30133910d7a237f8ef9487a4c5cb1ed167c167ad56b0792d46a,29f3847d4486b5353d002e62c09f7737cc30c88f1205eac20175fd3155ae4376
old-rule-D-0-0-S1,vle_obs_0121,vle_obs_0121-pco2,Hilliard2008,40.0,0.1699033980679614,7.21,6.547192174734305,evaluated,f66d972c032ce709ada69e8d8177e195c7e416800757663b7420c22bda5f6328,f5831262710bf30133910d7a237f8ef9487a4c5cb1ed167c167ad56b0792d46a,29f3847d4486b5353d002e62c09f7737cc30c88f1205eac20175fd3155ae4376
old-rule-D-0-0-S1,vle_obs_0122,vle_obs_0122-pco2,Hilliard2008,40.0,0.19090381807636156,9.950000000000001,8.66927398065394,evaluated,f66d972c032ce709ada69e8d8177e195c7e416800757663b7420c22bda5f6328,f5831262710bf30133910d7a237f8ef9487a4c5cb1ed167c167ad56b0792d46a,29f3847d4486b5353d002e62c09f7737cc30c88f1205eac20175fd3155ae4376
old-rule-D-0-0-S1,vle_obs_0123,vle_obs_0123-pco2,Hilliard2008,40.0,0.19390387807756157,9.85,9.014273094512914,evaluated,f66d972c032ce709ada69e8d8177e195c7e416800757663b7420c22bda5f6328,f5831262710bf30133910d7a237f8ef9487a4c5cb1ed167c167ad56b0792d46a,29f3847d4486b5353d002e62c09f7737cc30c88f1205eac20175fd3155ae4376
old-rule-D-0-0-S1,vle_obs_0124,vle_obs_0124-pco2,Hilliard2008,40.0,0.23190463809276188,14.6,14.56592261269643,evaluated,f66d972c032ce709ada69e8d8177e195c7e416800757663b7420c22bda5f6328,f5831262710bf30133910d7a237f8ef9487a4c5cb1ed167c167ad56b0792d46a,29f3847d4486b5353d002e62c09f7737cc30c88f1205eac20175fd3155ae4376
old-rule-D-0-0-S1,vle_obs_0125,vle_obs_0125-pco2,Hilliard2008,40.0,0.24590491809836199,19.099999999999998,17.32095657290057,evaluated,f66d972c032ce709ada69e8d8177e195c7e416800757663b7420c22bda5f6328,f5831262710bf30133910d7a237f8ef9487a4c5cb1ed167c167ad56b0792d46a,29f3847d4486b5353d002e62c09f7737cc30c88f1205eac20175fd3155ae4376
old-rule-D-0-0-S1,vle_obs_0126,vle_obs_0126-pco2,Hilliard2008,40.0,0.2689053781075622,23.099999999999998,23.033496436890815,evaluated,f66d972c032ce709ada69e8d8177e195c7e416800757663b7420c22bda5f6328,f5831262710bf30133910d7a237f8ef9487a4c5cb1ed167c167ad56b0792d46a,29f3847d4486b5353d002e62c09f7737cc30c88f1205eac20175fd3155ae4376
old-rule-D-0-0-S1,vle_obs_0127,vle_obs_0127-pco2,Hilliard2008,40.0,0.2719054381087622,22.4,23.912073185734393,evaluated,f66d972c032ce709ada69e8d8177e195c7e416800757663b7420c22bda5f6328,f5831262710bf30133910d7a237f8ef9487a4c5cb1ed167c167ad56b0792d46a,29f3847d4486b5353d002e62c09f7737cc30c88f1205eac20175fd3155ae4376
old-rule-D-0-0-S1,vle_obs_0128,vle_obs_0128-pco2,Hilliard2008,40.0,0.32590651813036264,48.5,48.244082218100104,evaluated,f66d972c032ce709ada69e8d8177e195c7e416800757663b7420c22bda5f6328,f5831262710bf30133910d7a237f8ef9487a4c5cb1ed167c167ad56b0792d46a,29f3847d4486b5353d002e62c09f7737cc30c88f1205eac20175fd3155ae4376
old-rule-D-0-0-S1,vle_obs_0129,vle_obs_0129-pco2,Hilliard2008,40.0,0.3479069581391628,66.19999999999999,65.93333802186741,evaluated,f66d972c032ce709ada69e8d8177e195c7e416800757663b7420c22bda5f6328,f5831262710bf30133910d7a237f8ef9487a4c5cb1ed167c167ad56b0792d46a,29f3847d4486b5353d002e62c09f7737cc30c88f1205eac20175fd3155ae4376
old-rule-D-0-0-S1,vle_obs_0130,vle_obs_0130-pco2,Hilliard2008,40.0,0.3499069981399628,72.1,67.90931046898406,evaluated,f66d972c032ce709ada69e8d8177e195c7e416800757663b7420c22bda5f6328,f5831262710bf30133910d7a237f8ef9487a4c5cb1ed167c167ad56b0792d46a,29f3847d4486b5353d002e62c09f7737cc30c88f1205eac20175fd3155ae4376
old-rule-D-0-0-S1,vle_obs_0131,vle_obs_0131-pco2,Hilliard2008,40.0,0.3599071981439629,96.60000000000001,78.97642034114544,evaluated,f66d972c032ce709ada69e8d8177e195c7e416800757663b7420c22bda5f6328,f5831262710bf30133910d7a237f8ef9487a4c5cb1ed167c167ad56b0792d46a,29f3847d4486b5353d002e62c09f7737cc30c88f1205eac20175fd3155ae4376
old-rule-D-0-0-S1,vle_obs_0132,vle_obs_0132-pco2,Hilliard2008,40.0,0.3819076381527631,131.0,112.65204669816596,evaluated,f66d972c032ce709ada69e8d8177e195c7e416800757663b7420c22bda5f6328,f5831262710bf30133910d7a237f8ef9487a4c5cb1ed167c167ad56b0792d46a,29f3847d4486b5353d002e62c09f7737cc30c88f1205eac20175fd3155ae4376
old-rule-D-0-0-S1,vle_obs_0133,vle_obs_0133-pco2,Hilliard2008,40.0,0.3859077181543631,120.0,120.64863690251228,evaluated,f66d972c032ce709ada69e8d8177e195c7e416800757663b7420c22bda5f6328,f5831262710bf30133910d7a237f8ef9487a4c5cb1ed167c167ad56b0792d46a,29f3847d4486b5353d002e62c09f7737cc30c88f1205eac20175fd3155ae4376
old-rule-D-0-0-S1,vle_obs_0134,vle_obs_0134-pco2,Hilliard2008,40.0,0.38890777815556316,113.0,127.13325382761084,evaluated,f66d972c032ce709ada69e8d8177e195c7e416800757663b7420c22bda5f6328,f5831262710bf30133910d7a237f8ef9487a4c5cb1ed167c167ad56b0792d46a,29f3847d4486b5353d002e62c09f7737cc30c88f1205eac20175fd3155ae4376
old-rule-D-0-0-S1,vle_obs_0135,vle_obs_0135-pco2,Hilliard2008,40.0,0.39990799815996325,128.0,155.16720931269853,evaluated,f66d972c032ce709ada69e8d8177e195c7e416800757663b7420c22bda5f6328,f5831262710bf30133910d7a237f8ef9487a4c5cb1ed167c167ad56b0792d46a,29f3847d4486b5353d002e62c09f7737cc30c88f1205eac20175fd3155ae4376
old-rule-D-0-0-S1,vle_obs_0136,vle_obs_0136-pco2,Hilliard2008,40.0,0.46390927818556377,750.0,677.6295938468203,evaluated,f66d972c032ce709ada69e8d8177e195c7e416800757663b7420c22bda5f6328,f5831262710bf30133910d7a237f8ef9487a4c5cb1ed167c167ad56b0792d46a,29f3847d4486b5353d002e62c09f7737cc30c88f1205eac20175fd3155ae4376
old-rule-D-0-0-S1,vle_obs_0137,vle_obs_0137-pco2,Hilliard2008,40.0,0.4659093181863638,574.0,717.2064617817443,evaluated,f66d972c032ce709ada69e8d8177e195c7e416800757663b7420c22bda5f6328,f5831262710bf30133910d7a237f8ef9487a4c5cb1ed167c167ad56b0792d46a,29f3847d4486b5353d002e62c09f7737cc30c88f1205eac20175fd3155ae4376
old-rule-D-0-0-S1,vle_obs_0138,vle_obs_0138-pco2,Hilliard2008,40.0,0.48090961819236383,883.0,1120.1674686539116,evaluated,f66d972c032ce709ada69e8d8177e195c7e416800757663b7420c22bda5f6328,f5831262710bf30133910d7a237f8ef9487a4c5cb1ed167c167ad56b0792d46a,29f3847d4486b5353d002e62c09f7737cc30c88f1205eac20175fd3155ae4376
old-rule-D-0-0-S1,vle_obs_0139,vle_obs_0139-pco2,Hilliard2008,40.0,0.4909098181963639,1100.0,1532.05277382659,evaluated,f66d972c032ce709ada69e8d8177e195c7e416800757663b7420c22bda5f6328,f5831262710bf30133910d7a237f8ef9487a4c5cb1ed167c167ad56b0792d46a,29f3847d4486b5353d002e62c09f7737cc30c88f1205eac20175fd3155ae4376
old-rule-D-0-0-S1,vle_obs_0140,vle_obs_0140-pco2,Hilliard2008,40.0,0.5009100182003641,1870.0,2109.2261153698655,evaluated,f66d972c032ce709ada69e8d8177e195c7e416800757663b7420c22bda5f6328,f5831262710bf30133910d7a237f8ef9487a4c5cb1ed167c167ad56b0792d46a,29f3847d4486b5353d002e62c09f7737cc30c88f1205eac20175fd3155ae4376
old-rule-D-0-0-S1,vle_obs_0141,vle_obs_0141-pco2,Hilliard2008,40.0,0.5179103582071641,3030.0,3617.6220639030084,evaluated,f66d972c032ce709ada69e8d8177e195c7e416800757663b7420c22bda5f6328,f5831262710bf30133910d7a237f8ef9487a4c5cb1ed167c167ad56b0792d46a,29f3847d4486b5353d002e62c09f7737cc30c88f1205eac20175fd3155ae4376
old-rule-D-0-0-S1,vle_obs_0142,vle_obs_0142-pco2,Hilliard2008,40.0,0.5909118182363647,28300.0,22811.079012654336,evaluated,f66d972c032ce709ada69e8d8177e195c7e416800757663b7420c22bda5f6328,f5831262710bf30133910d7a237f8ef9487a4c5cb1ed167c167ad56b0792d46a,29f3847d4486b5353d002e62c09f7737cc30c88f1205eac20175fd3155ae4376
old-rule-D-0-0-S1,vle_obs_0143,vle_obs_0143-pco2,Hilliard2008,60.0,0.11390227804556091,19.400000000000002,16.906205336486806,evaluated,f66d972c032ce709ada69e8d8177e195c7e416800757663b7420c22bda5f6328,f5831262710bf30133910d7a237f8ef9487a4c5cb1ed167c167ad56b0792d46a,29f3847d4486b5353d002e62c09f7737cc30c88f1205eac20175fd3155ae4376
old-rule-D-0-0-S1,vle_obs_0144,vle_obs_0144-pco2,Hilliard2008,60.0,0.19090381807636156,58.9,54.77999429297095,evaluated,f66d972c032ce709ada69e8d8177e195c7e416800757663b7420c22bda5f6328,f5831262710bf30133910d7a237f8ef9487a4c5cb1ed167c167ad56b0792d46a,29f3847d4486b5353d002e62c09f7737cc30c88f1205eac20175fd3155ae4376
old-rule-D-0-0-S1,vle_obs_0145,vle_obs_0145-pco2,Hilliard2008,60.0,0.29090581811636235,209.0,200.28093792771998,evaluated,f66d972c032ce709ada69e8d8177e195c7e416800757663b7420c22bda5f6328,f5831262710bf30133910d7a237f8ef9487a4c5cb1ed167c167ad56b0792d46a,29f3847d4486b5353d002e62c09f7737cc30c88f1205eac20175fd3155ae4376
old-rule-D-0-0-S1,vle_obs_0146,vle_obs_0146-pco2,Hilliard2008,60.0,0.3859077181543631,763.0,806.635951004725,evaluated,f66d972c032ce709ada69e8d8177e195c7e416800757663b7420c22bda5f6328,f5831262710bf30133910d7a237f8ef9487a4c5cb1ed167c167ad56b0792d46a,29f3847d4486b5353d002e62c09f7737cc30c88f1205eac20175fd3155ae4376
old-rule-D-0-0-S1,vle_obs_0147,vle_obs_0147-pco2,Hilliard2008,60.0,0.4849096981939639,4860.0,6821.526413952198,evaluated,f66d972c032ce709ada69e8d8177e195c7e416800757663b7420c22bda5f6328,f5831262710bf30133910d7a237f8ef9487a4c5cb1ed167c167ad56b0792d46a,29f3847d4486b5353d002e62c09f7737cc30c88f1205eac20175fd3155ae4376
old-rule-D-0-0-S1,vle_obs_0148,vle_obs_0148-pco2,Hilliard2008,60.0,0.5439108782175645,25800.0,30209.183615377813,evaluated,f66d972c032ce709ada69e8d8177e195c7e416800757663b7420c22bda5f6328,f5831262710bf30133910d7a237f8ef9487a4c5cb1ed167c167ad56b0792d46a,29f3847d4486b5353d002e62c09f7737cc30c88f1205eac20175fd3155ae4376
old-rule-D-0-0-S1,vle_obs_0149,vle_obs_0149-pco2,Hilliard2008,60.0,0.5649112982259645,50200.0,47288.540737840194,evaluated,f66d972c032ce709ada69e8d8177e195c7e416800757663b7420c22bda5f6328,f5831262710bf30133910d7a237f8ef9487a4c5cb1ed167c167ad56b0792d46a,29f3847d4486b5353d002e62c09f7737cc30c88f1205eac20175fd3155ae4376
old-rule-D-0-0-S1,vle_obs_0186,vle_obs_0186-pco2,Jou1995,40.0,0.08870177403548071,1.47,1.694045693481451,evaluated,f66d972c032ce709ada69e8d8177e195c7e416800757663b7420c22bda5f6328,f5831262710bf30133910d7a237f8ef9487a4c5cb1ed167c167ad56b0792d46a,29f3847d4486b5353d002e62c09f7737cc30c88f1205eac20175fd3155ae4376
old-rule-D-0-0-S1,vle_obs_0187,vle_obs_0187-pco2,Jou1995,40.0,0.20290405808116166,8.959999999999999,10.121005863420697,evaluated,f66d972c032ce709ada69e8d8177e195c7e416800757663b7420c22bda5f6328,f5831262710bf30133910d7a237f8ef9487a4c5cb1ed167c167ad56b0792d46a,29f3847d4486b5353d002e62c09f7737cc30c88f1205eac20175fd3155ae4376
old-rule-D-0-0-S1,vle_obs_0188,vle_obs_0188-pco2,Jou1995,40.0,0.36490729814596295,67.7,85.36145820629731,evaluated,f66d972c032ce709ada69e8d8177e195c7e416800757663b7420c22bda5f6328,f5831262710bf30133910d7a237f8ef9487a4c5cb1ed167c167ad56b0792d46a,29f3847d4486b5353d002e62c09f7737cc30c88f1205eac20175fd3155ae4376
old-rule-D-0-0-S1,vle_obs_0189,vle_obs_0189-pco2,Jou1995,40.0,0.4734094681893638,604.0,892.5478123098796,evaluated,f66d972c032ce709ada69e8d8177e195c7e416800757663b7420c22bda5f6328,f5831262710bf30133910d7a237f8ef9487a4c5cb1ed167c167ad56b0792d46a,29f3847d4486b5353d002e62c09f7737cc30c88f1205eac20175fd3155ae4376
old-rule-D-0-0-S1,vle_obs_0190,vle_obs_0190-pco2,Jou1995,40.0,0.5129102582051641,2570.0,3093.0430248820126,evaluated,f66d972c032ce709ada69e8d8177e195c7e416800757663b7420c22bda5f6328,f5831262710bf30133910d7a237f8ef9487a4c5cb1ed167c167ad56b0792d46a,29f3847d4486b5353d002e62c09f7737cc30c88f1205eac20175fd3155ae4376
old-rule-D-0-0-S1,vle_obs_0191,vle_obs_0191-pco2,Jou1995,40.0,0.5569111382227645,8090.0,10819.583132073198,evaluated,f66d972c032ce709ada69e8d8177e195c7e416800757663b7420c22bda5f6328,f5831262710bf30133910d7a237f8ef9487a4c5cb1ed167c167ad56b0792d46a,29f3847d4486b5353d002e62c09f7737cc30c88f1205eac20175fd3155ae4376
old-rule-D-0-0-S1,vle_obs_0192,vle_obs_0192-pco2,Jou1995,40.0,0.6089121782435649,36100.0,31699.77517988273,evaluated,f66d972c032ce709ada69e8d8177e195c7e416800757663b7420c22bda5f6328,f5831262710bf30133910d7a237f8ef9487a4c5cb1ed167c167ad56b0792d46a,29f3847d4486b5353d002e62c09f7737cc30c88f1205eac20175fd3155ae4376
old-rule-D-0-0-S1,vle_obs_0193,vle_obs_0193-pco2,Jou1995,40.0,0.6419128382567652,103000.0,52972.319233584065,evaluated,f66d972c032ce709ada69e8d8177e195c7e416800757663b7420c22bda5f6328,f5831262710bf30133910d7a237f8ef9487a4c5cb1ed167c167ad56b0792d46a,29f3847d4486b5353d002e62c09f7737cc30c88f1205eac20175fd3155ae4376
old-rule-D-0-0-S1,vle_obs_0194,vle_obs_0194-pco2,Jou1995,60.0,0.05630112602252045,4.28,4.357667510173831,evaluated,f66d972c032ce709ada69e8d8177e195c7e416800757663b7420c22bda5f6328,f5831262710bf30133910d7a237f8ef9487a4c5cb1ed167c167ad56b0792d46a,29f3847d4486b5353d002e62c09f7737cc30c88f1205eac20175fd3155ae4376
old-rule-D-0-0-S1,vle_obs_0195,vle_obs_0195-pco2,Jou1995,60.0,0.11890237804756094,19.3,18.484398339702498,evaluated,f66d972c032ce709ada69e8d8177e195c7e416800757663b7420c22bda5f6328,f5831262710bf30133910d7a237f8ef9487a4c5cb1ed167c167ad56b0792d46a,29f3847d4486b5353d002e62c09f7737cc30c88f1205eac20175fd3155ae4376
old-rule-D-0-0-S1,vle_obs_0196,vle_obs_0196-pco2,Jou1995,60.0,0.20590411808236164,57.9,66.88526397080959,evaluated,f66d972c032ce709ada69e8d8177e195c7e416800757663b7420c22bda5f6328,f5831262710bf30133910d7a237f8ef9487a4c5cb1ed167c167ad56b0792d46a,29f3847d4486b5353d002e62c09f7737cc30c88f1205eac20175fd3155ae4376
old-rule-D-0-0-S1,vle_obs_0197,vle_obs_0197-pco2,Jou1995,60.0,0.38890777815556316,528.0,849.2168055437537,evaluated,f66d972c032ce709ada69e8d8177e195c7e416800757663b7420c22bda5f6328,f5831262710bf30133910d7a237f8ef9487a4c5cb1ed167c167ad56b0792d46a,29f3847d4486b5353d002e62c09f7737cc30c88f1205eac20175fd3155ae4376
old-rule-D-0-0-S1,vle_obs_0198,vle_obs_0198-pco2,Jou1995,60.0,0.4379087581751635,2009.9999999999998,2194.560279615675,evaluated,f66d972c032ce709ada69e8d8177e195c7e416800757663b7420c22bda5f6328,f5831262710bf30133910d7a237f8ef9487a4c5cb1ed167c167ad56b0792d46a,29f3847d4486b5353d002e62c09f7737cc30c88f1205eac20175fd3155ae4376
old-rule-D-0-0-S1,vle_obs_0199,vle_obs_0199-pco2,Jou1995,60.0,0.5039100782015641,11000.0,11219.8652925292,evaluated,f66d972c032ce709ada69e8d8177e195c7e416800757663b7420c22bda5f6328,f5831262710bf30133910d7a237f8ef9487a4c5cb1ed167c167ad56b0792d46a,29f3847d4486b5353d002e62c09f7737cc30c88f1205eac20175fd3155ae4376
old-rule-D-0-0-S1,vle_obs_0200,vle_obs_0200-pco2,Jou1995,60.0,0.5609112182243645,34000.0,43612.126481788844,evaluated,f66d972c032ce709ada69e8d8177e195c7e416800757663b7420c22bda5f6328,f5831262710bf30133910d7a237f8ef9487a4c5cb1ed167c167ad56b0792d46a,29f3847d4486b5353d002e62c09f7737cc30c88f1205eac20175fd3155ae4376
old-rule-D-0-0-S1,vle_obs_0201,vle_obs_0201-pco2,Jou1995,60.0,0.5789115782315646,82000.0,61768.94301229512,evaluated,f66d972c032ce709ada69e8d8177e195c7e416800757663b7420c22bda5f6328,f5831262710bf30133910d7a237f8ef9487a4c5cb1ed167c167ad56b0792d46a,29f3847d4486b5353d002e62c09f7737cc30c88f1205eac20175fd3155ae4376
old-rule-D-0-0-S1,vle_obs_0202,vle_obs_0202-pco2,Jou1995,60.0,0.6679133582671654,282000.0,208956.70215465158,evaluated,f66d972c032ce709ada69e8d8177e195c7e416800757663b7420c22bda5f6328,f5831262710bf30133910d7a237f8ef9487a4c5cb1ed167c167ad56b0792d46a,29f3847d4486b5353d002e62c09f7737cc30c88f1205eac20175fd3155ae4376
old-rule-D-0-0-S1,vle_obs_0203,vle_obs_0203-pco2,Jou1995,80.0,0.01730034600692014,2.96,2.831923260056771,evaluated,f66d972c032ce709ada69e8d8177e195c7e416800757663b7420c22bda5f6328,f5831262710bf30133910d7a237f8ef9487a4c5cb1ed167c167ad56b0792d46a,29f3847d4486b5353d002e62c09f7737cc30c88f1205eac20175fd3155ae4376
old-rule-D-0-0-S1,vle_obs_0204,vle_obs_0204-pco2,Jou1995,80.0,0.023500470009400188,4.84,4.854715180963022,evaluated,f66d972c032ce709ada69e8d8177e195c7e416800757663b7420c22bda5f6328,f5831262710bf30133910d7a237f8ef9487a4c5cb1ed167c167ad56b0792d46a,29f3847d4486b5353d002e62c09f7737cc30c88f1205eac20175fd3155ae4376
old-rule-D-0-0-S1,vle_obs_0205,vle_obs_0205-pco2,Jou1995,80.0,0.07800156003120062,46.5,42.97971996400936,evaluated,f66d972c032ce709ada69e8d8177e195c7e416800757663b7420c22bda5f6328,f5831262710bf30133910d7a237f8ef9487a4c5cb1ed167c167ad56b0792d46a,29f3847d4486b5353d002e62c09f7737cc30c88f1205eac20175fd3155ae4376
old-rule-D-0-0-S1,vle_obs_0206,vle_obs_0206-pco2,Jou1995,80.0,0.11790235804716094,99.2,98.81242208678869,evaluated,f66d972c032ce709ada69e8d8177e195c7e416800757663b7420c22bda5f6328,f5831262710bf30133910d7a237f8ef9487a4c5cb1ed167c167ad56b0792d46a,29f3847d4486b5353d002e62c09f7737cc30c88f1205eac20175fd3155ae4376
old-rule-D-0-0-S1,vle_obs_0207,vle_obs_0207-pco2,Jou1995,80.0,0.18690373807476152,278.0,289.0065725538871,evaluated,f66d972c032ce709ada69e8d8177e195c7e416800757663b7420c22bda5f6328,f5831262710bf30133910d7a237f8ef9487a4c5cb1ed167c167ad56b0792d46a,29f3847d4486b5353d002e62c09f7737cc30c88f1205eac20175fd3155ae4376
old-rule-D-0-0-S1,vle_obs_0208,vle_obs_0208-pco2,Jou1995,80.0,0.3479069581391628,2670.0,2556.4012178648545,evaluated,f66d972c032ce709ada69e8d8177e195c7e416800757663b7420c22bda5f6328,f5831262710bf30133910d7a237f8ef9487a4c5cb1ed167c167ad56b0792d46a,29f3847d4486b5353d002e62c09f7737cc30c88f1205eac20175fd3155ae4376
old-rule-D-0-0-S1,vle_obs_0209,vle_obs_0209-pco2,Jou1995,80.0,0.4599091981839637,16000.0,18713.576223232503,evaluated,f66d972c032ce709ada69e8d8177e195c7e416800757663b7420c22bda5f6328,f5831262710bf30133910d7a237f8ef9487a4c5cb1ed167c167ad56b0792d46a,29f3847d4486b5353d002e62c09f7737cc30c88f1205eac20175fd3155ae4376
old-rule-D-0-0-S1,vle_obs_0210,vle_obs_0210-pco2,Jou1995,80.0,0.5169103382067641,56000.0,63764.530610934555,evaluated,f66d972c032ce709ada69e8d8177e195c7e416800757663b7420c22bda5f6328,f5831262710bf30133910d7a237f8ef9487a4c5cb1ed167c167ad56b0792d46a,29f3847d4486b5353d002e62c09f7737cc30c88f1205eac20175fd3155ae4376
old-rule-D-0-0-S1,vle_obs_0211,vle_obs_0211-pco2,Jou1995,80.0,0.5784115682313646,235000.0,191598.8974191229,evaluated,f66d972c032ce709ada69e8d8177e195c7e416800757663b7420c22bda5f6328,f5831262710bf30133910d7a237f8ef9487a4c5cb1ed167c167ad56b0792d46a,29f3847d4486b5353d002e62c09f7737cc30c88f1205eac20175fd3155ae4376
old-rule-D-0-0-S1,vle_obs_0212,vle_obs_0212-pco2,Jou1995,80.0,0.6399127982559651,558000.0,399317.9566707064,evaluated,f66d972c032ce709ada69e8d8177e195c7e416800757663b7420c22bda5f6328,f5831262710bf30133910d7a237f8ef9487a4c5cb1ed167c167ad56b0792d46a,29f3847d4486b5353d002e62c09f7737cc30c88f1205eac20175fd3155ae4376
old-rule-D-0-0-S1,vle_obs_0213,vle_obs_0213-pco2,Jou1995,80.0,0.6889137782755654,958000.0,593311.2521946548,evaluated,f66d972c032ce709ada69e8d8177e195c7e416800757663b7420c22bda5f6328,f5831262710bf30133910d7a237f8ef9487a4c5cb1ed167c167ad56b0792d46a,29f3847d4486b5353d002e62c09f7737cc30c88f1205eac20175fd3155ae4376
old-rule-D-0-0-S1,vle_obs_0214,vle_obs_0214-pco2,Jou1995,100.0,0.011600232004640094,7.24,6.749390549803495,evaluated,f66d972c032ce709ada69e8d8177e195c7e416800757663b7420c22bda5f6328,f5831262710bf30133910d7a237f8ef9487a4c5cb1ed167c167ad56b0792d46a,29f3847d4486b5353d002e62c09f7737cc30c88f1205eac20175fd3155ae4376
old-rule-D-0-0-S1,vle_obs_0215,vle_obs_0215-pco2,Jou1995,100.0,0.056501130022600446,136.0,113.22917648069746,evaluated,f66d972c032ce709ada69e8d8177e195c7e416800757663b7420c22bda5f6328,f5831262710bf30133910d7a237f8ef9487a4c5cb1ed167c167ad56b0792d46a,29f3847d4486b5353d002e62c09f7737cc30c88f1205eac20175fd3155ae4376
old-rule-D-0-0-S1,vle_obs_0216,vle_obs_0216-pco2,Jou1995,100.0,0.18790375807516152,1430.0,1466.4734067593731,evaluated,f66d972c032ce709ada69e8d8177e195c7e416800757663b7420c22bda5f6328,f5831262710bf30133910d7a237f8ef9487a4c5cb1ed167c167ad56b0792d46a,29f3847d4486b5353d002e62c09f7737cc30c88f1205eac20175fd3155ae4376
old-rule-D-0-0-S1,vle_obs_0217,vle_obs_0217-pco2,Jou1995,100.0,0.38090761815236307,19000.0,21510.569568385687,evaluated,f66d972c032ce709ada69e8d8177e195c7e416800757663b7420c22bda5f6328,f5831262710bf30133910d7a237f8ef9487a4c5cb1ed167c167ad56b0792d46a,29f3847d4486b5353d002e62c09f7737cc30c88f1205eac20175fd3155ae4376
old-rule-D-0-0-S1,vle_obs_0218,vle_obs_0218-pco2,Jou1995,100.0,0.4219084381687634,39000.0,42213.33917924458,evaluated,f66d972c032ce709ada69e8d8177e195c7e416800757663b7420c22bda5f6328,f5831262710bf30133910d7a237f8ef9487a4c5cb1ed167c167ad56b0792d46a,29f3847d4486b5353d002e62c09f7737cc30c88f1205eac20175fd3155ae4376
old-rule-D-0-0-S1,vle_obs_0219,vle_obs_0219-pco2,Jou1995,100.0,0.4769095381907638,69000.0,112190.76178091165,evaluated,f66d972c032ce709ada69e8d8177e195c7e416800757663b7420c22bda5f6328,f5831262710bf30133910d7a237f8ef9487a4c5cb1ed167c167ad56b0792d46a,29f3847d4486b5353d002e62c09f7737cc30c88f1205eac20175fd3155ae4376
old-rule-D-0-0-S1,vle_obs_0220,vle_obs_0220-pco2,Jou1995,100.0,0.48090961819236383,109000.0,120476.3995239989,evaluated,f66d972c032ce709ada69e8d8177e195c7e416800757663b7420c22bda5f6328,f5831262710bf30133910d7a237f8ef9487a4c5cb1ed167c167ad56b0792d46a,29f3847d4486b5353d002e62c09f7737cc30c88f1205eac20175fd3155ae4376
old-rule-D-0-0-S1,vle_obs_0221,vle_obs_0221-pco2,Jou1995,100.0,0.5709114182283646,509000.0,467797.60256205633,evaluated,f66d972c032ce709ada69e8d8177e195c7e416800757663b7420c22bda5f6328,f5831262710bf30133910d7a237f8ef9487a4c5cb1ed167c167ad56b0792d46a,29f3847d4486b5353d002e62c09f7737cc30c88f1205eac20175fd3155ae4376
old-rule-D-0-0-S1,vle_obs_0222,vle_obs_0222-pco2,Jou1995,100.0,0.5889117782355647,376000.0,569183.6298108052,evaluated,f66d972c032ce709ada69e8d8177e195c7e416800757663b7420c22bda5f6328,f5831262710bf30133910d7a237f8ef9487a4c5cb1ed167c167ad56b0792d46a,29f3847d4486b5353d002e62c09f7737cc30c88f1205eac20175fd3155ae4376
old-rule-D-0-0-S1,vle_obs_0223,vle_obs_0223-pco2,Jou1995,100.0,0.613412268245365,909000.0,716652.0514778807,evaluated,f66d972c032ce709ada69e8d8177e195c7e416800757663b7420c22bda5f6328,f5831262710bf30133910d7a237f8ef9487a4c5cb1ed167c167ad56b0792d46a,29f3847d4486b5353d002e62c09f7737cc30c88f1205eac20175fd3155ae4376
old-rule-D-0-0-S1,vle_obs_0224,vle_obs_0224-pco2,Jou1995,120.0,0.003230064601292026,2.02,3.327461591115922,evaluated,f66d972c032ce709ada69e8d8177e195c7e416800757663b7420c22bda5f6328,f5831262710bf30133910d7a237f8ef9487a4c5cb1ed167c167ad56b0792d46a,29f3847d4486b5353d002e62c09f7737cc30c88f1205eac20175fd3155ae4376
old-rule-D-0-0-S1,vle_obs_0225,vle_obs_0225-pco2,Jou1995,120.0,0.011100222004440089,22.1,27.518086965692362,evaluated,f66d972c032ce709ada69e8d8177e195c7e416800757663b7420c22bda5f6328,f5831262710bf30133910d7a237f8ef9487a4c5cb1ed167c167ad56b0792d46a,29f3847d4486b5353d002e62c09f7737cc30c88f1205eac20175fd3155ae4376
old-rule-D-0-0-S1,vle_obs_0226,vle_obs_0226-pco2,Jou1995,120.0,0.024600492009840196,98.4,111.56253170410143,evaluated,f66d972c032ce709ada69e8d8177e195c7e416800757663b7420c22bda5f6328,f5831262710bf30133910d7a237f8ef9487a4c5cb1ed167c167ad56b0792d46a,29f3847d4486b5353d002e62c09f7737cc30c88f1205eac20175fd3155ae4376
old-rule-D-0-0-S1,vle_obs_0227,vle_obs_0227-pco2,Jou1995,120.0,0.11890237804756094,2290.0,2217.454889392746,evaluated,f66d972c032ce709ada69e8d8177e195c7e416800757663b7420c22bda5f6328,f5831262710bf30133910d7a237f8ef9487a4c5cb1ed167c167ad56b0792d46a,29f3847d4486b5353d002e62c09f7737cc30c88f1205eac20175fd3155ae4376
old-rule-D-0-0-S1,vle_obs_0228,vle_obs_0228-pco2,Jou1995,120.0,0.3489069781395628,46800.0,59878.09191657647,evaluated,f66d972c032ce709ada69e8d8177e195c7e416800757663b7420c22bda5f6328,f5831262710bf30133910d7a237f8ef9487a4c5cb1ed167c167ad56b0792d46a,29f3847d4486b5353d002e62c09f7737cc30c88f1205eac20175fd3155ae4376
old-rule-D-0-0-S1,vle_obs_0229,vle_obs_0229-pco2,Jou1995,120.0,0.4114082281645633,122000.0,147993.60003868732,evaluated,f66d972c032ce709ada69e8d8177e195c7e416800757663b7420c22bda5f6328,f5831262710bf30133910d7a237f8ef9487a4c5cb1ed167c167ad56b0792d46a,29f3847d4486b5353d002e62c09f7737cc30c88f1205eac20175fd3155ae4376
old-rule-D-0-0-S1,vle_obs_0230,vle_obs_0230-pco2,Jou1995,120.0,0.4439088781775636,222000.0,238664.47385311167,evaluated,f66d972c032ce709ada69e8d8177e195c7e416800757663b7420c22bda5f6328,f5831262710bf30133910d7a237f8ef9487a4c5cb1ed167c167ad56b0792d46a,29f3847d4486b5353d002e62c09f7737cc30c88f1205eac20175fd3155ae4376
old-rule-D-0-0-S1,vle_obs_0231,vle_obs_0231-pco2,Jou1995,120.0,0.4729094581891638,422000.0,359517.4402351901,evaluated,f66d972c032ce709ada69e8d8177e195c7e416800757663b7420c22bda5f6328,f5831262710bf30133910d7a237f8ef9487a4c5cb1ed167c167ad56b0792d46a,29f3847d4486b5353d002e62c09f7737cc30c88f1205eac20175fd3155ae4376
old-rule-D-0-0-S1,vle_obs_0232,vle_obs_0232-pco2,Jou1995,120.0,0.5359107182143643,822000.0,765435.6930974966,evaluated,f66d972c032ce709ada69e8d8177e195c7e416800757663b7420c22bda5f6328,f5831262710bf30133910d7a237f8ef9487a4c5cb1ed167c167ad56b0792d46a,29f3847d4486b5353d002e62c09f7737cc30c88f1205eac20175fd3155ae4376
old-rule-D-0-0-S1,vle_obs_0233,vle_obs_0233-pco2,Jou1995,120.0,0.6389127782555651,2804000.0,1671037.3704228594,evaluated,f66d972c032ce709ada69e8d8177e195c7e416800757663b7420c22bda5f6328,f5831262710bf30133910d7a237f8ef9487a4c5cb1ed167c167ad56b0792d46a,29f3847d4486b5353d002e62c09f7737cc30c88f1205eac20175fd3155ae4376
old-rule-D-0-0-S1,Bottinger2008_state_030,Bottinger2008_state_030::MEA + MEAH+,Bottinger2008,20.0,0.0749014980299606,0.1054,0.10442346491217216,evaluated,f66d972c032ce709ada69e8d8177e195c7e416800757663b7420c22bda5f6328,f5831262710bf30133910d7a237f8ef9487a4c5cb1ed167c167ad56b0792d46a,29f3847d4486b5353d002e62c09f7737cc30c88f1205eac20175fd3155ae4376
old-rule-D-0-0-S1,Bottinger2008_state_030,Bottinger2008_state_030::MEACOO-,Bottinger2008,20.0,0.0749014980299606,0.0086,0.007795403763050399,evaluated,f66d972c032ce709ada69e8d8177e195c7e416800757663b7420c22bda5f6328,f5831262710bf30133910d7a237f8ef9487a4c5cb1ed167c167ad56b0792d46a,29f3847d4486b5353d002e62c09f7737cc30c88f1205eac20175fd3155ae4376
old-rule-D-0-0-S1,Bottinger2008_state_031,Bottinger2008_state_031::MEA + MEAH+,Bottinger2008,20.0,0.1499029980599612,0.0966,0.09661203602653975,evaluated,f66d972c032ce709ada69e8d8177e195c7e416800757663b7420c22bda5f6328,f5831262710bf30133910d7a237f8ef9487a4c5cb1ed167c167ad56b0792d46a,29f3847d4486b5353d002e62c09f7737cc30c88f1205eac20175fd3155ae4376
old-rule-D-0-0-S1,Bottinger2008_state_031,Bottinger2008_state_031::MEACOO-,Bottinger2008,20.0,0.1499029980599612,0.0171,0.015606832093465162,evaluated,f66d972c032ce709ada69e8d8177e195c7e416800757663b7420c22bda5f6328,f5831262710bf30133910d7a237f8ef9487a4c5cb1ed167c167ad56b0792d46a,29f3847d4486b5353d002e62c09f7737cc30c88f1205eac20175fd3155ae4376
old-rule-D-0-0-S1,Bottinger2008_state_032,Bottinger2008_state_032::MEA + MEAH+,Bottinger2008,20.0,0.2349046980939619,0.0871,0.08782054974973698,evaluated,f66d972c032ce709ada69e8d8177e195c7e416800757663b7420c22bda5f6328,f5831262710bf30133910d7a237f8ef9487a4c5cb1ed167c167ad56b0792d46a,29f3847d4486b5353d002e62c09f7737cc30c88f1205eac20175fd3155ae4376
old-rule-D-0-0-S1,Bottinger2008_state_032,Bottinger2008_state_032::MEACOO-,Bottinger2008,20.0,0.2349046980939619,0.0267,0.024398317058424466,evaluated,f66d972c032ce709ada69e8d8177e195c7e416800757663b7420c22bda5f6328,f5831262710bf30133910d7a237f8ef9487a4c5cb1ed167c167ad56b0792d46a,29f3847d4486b5353d002e62c09f7737cc30c88f1205eac20175fd3155ae4376
old-rule-D-0-0-S1,Bottinger2008_state_033,Bottinger2008_state_033::MEA + MEAH+,Bottinger2008,20.0,0.30890617812356247,0.078,0.08026644247259412,evaluated,f66d972c032ce709ada69e8d8177e195c7e416800757663b7420c22bda5f6328,f5831262710bf30133910d7a237f8ef9487a4c5cb1ed167c167ad56b0792d46a,29f3847d4486b5353d002e62c09f7737cc30c88f1205eac20175fd3155ae4376
old-rule-D-0-0-S1,Bottinger2008_state_033,Bottinger2008_state_033::MEACOO-,Bottinger2008,20.0,0.30890617812356247,0.0349,0.03195242169369581,evaluated,f66d972c032ce709ada69e8d8177e195c7e416800757663b7420c22bda5f6328,f5831262710bf30133910d7a237f8ef9487a4c5cb1ed167c167ad56b0792d46a,29f3847d4486b5353d002e62c09f7737cc30c88f1205eac20175fd3155ae4376
old-rule-D-0-0-S1,Bottinger2008_state_034,Bottinger2008_state_034::MEA + MEAH+,Bottinger2008,20.0,0.38790775815516315,0.0678,0.07245726900455554,evaluated,f66d972c032ce709ada69e8d8177e195c7e416800757663b7420c22bda5f6328,f5831262710bf30133910d7a237f8ef9487a4c5cb1ed167c167ad56b0792d46a,29f3847d4486b5353d002e62c09f7737cc30c88f1205eac20175fd3155ae4376
old-rule-D-0-0-S1,Bottinger2008_state_034,Bottinger2008_state_034::MEACOO-,Bottinger2008,20.0,0.38790775815516315,0.043,0.039761586008204466,evaluated,f66d972c032ce709ada69e8d8177e195c7e416800757663b7420c22bda5f6328,f5831262710bf30133910d7a237f8ef9487a4c5cb1ed167c167ad56b0792d46a,29f3847d4486b5353d002e62c09f7737cc30c88f1205eac20175fd3155ae4376
old-rule-D-0-0-S1,Bottinger2008_state_035,Bottinger2008_state_035::MEA + MEAH+,Bottinger2008,20.0,0.4739094781895638,0.062,0.06544813362959784,evaluated,f66d972c032ce709ada69e8d8177e195c7e416800757663b7420c22bda5f6328,f5831262710bf30133910d7a237f8ef9487a4c5cb1ed167c167ad56b0792d46a,29f3847d4486b5353d002e62c09f7737cc30c88f1205eac20175fd3155ae4376
old-rule-D-0-0-S1,Bottinger2008_state_035,Bottinger2008_state_035::MEACOO-,Bottinger2008,20.0,0.4739094781895638,0.0493,0.04677062169295612,evaluated,f66d972c032ce709ada69e8d8177e195c7e416800757663b7420c22bda5f6328,f5831262710bf30133910d7a237f8ef9487a4c5cb1ed167c167ad56b0792d46a,29f3847d4486b5353d002e62c09f7737cc30c88f1205eac20175fd3155ae4376
old-rule-D-0-0-S1,Bottinger2008_state_042,Bottinger2008_state_042::MEA + MEAH+,Bottinger2008,40.0,0.124902498049961,0.1009,0.09912887683713097,evaluated,f66d972c032ce709ada69e8d8177e195c7e416800757663b7420c22bda5f6328,f5831262710bf30133910d7a237f8ef9487a4c5cb1ed167c167ad56b0792d46a,29f3847d4486b5353d002e62c09f7737cc30c88f1205eac20175fd3155ae4376
old-rule-D-0-0-S1,Bottinger2008_state_042,Bottinger2008_state_042::MEACOO-,Bottinger2008,40.0,0.124902498049961,0.0144,0.013089989081948233,evaluated,f66d972c032ce709ada69e8d8177e195c7e416800757663b7420c22bda5f6328,f5831262710bf30133910d7a237f8ef9487a4c5cb1ed167c167ad56b0792d46a,29f3847d4486b5353d002e62c09f7737cc30c88f1205eac20175fd3155ae4376
old-rule-D-0-0-S1,Bottinger2008_state_043,Bottinger2008_state_043::MEA + MEAH+,Bottinger2008,40.0,0.20490409808196164,0.0934,0.09077637130858751,evaluated,f66d972c032ce709ada69e8d8177e195c7e416800757663b7420c22bda5f6328,f5831262710bf30133910d7a237f8ef9487a4c5cb1ed167c167ad56b0792d46a,29f3847d4486b5353d002e62c09f7737cc30c88f1205eac20175fd3155ae4376
old-rule-D-0-0-S1,Bottinger2008_state_043,Bottinger2008_state_043::MEACOO-,Bottinger2008,40.0,0.20490409808196164,0.0241,0.021442488858636862,evaluated,f66d972c032ce709ada69e8d8177e195c7e416800757663b7420c22bda5f6328,f5831262710bf30133910d7a237f8ef9487a4c5cb1ed167c167ad56b0792d46a,29f3847d4486b5353d002e62c09f7737cc30c88f1205eac20175fd3155ae4376
old-rule-D-0-0-S1,Bottinger2008_state_044,Bottinger2008_state_044::MEA + MEAH+,Bottinger2008,40.0,0.2359047180943619,0.0876,0.08756057873201983,evaluated,f66d972c032ce709ada69e8d8177e195c7e416800757663b7420c22bda5f6328,f5831262710bf30133910d7a237f8ef9487a4c5cb1ed167c167ad56b0792d46a,29f3847d4486b5353d002e62c09f7737cc30c88f1205eac20175fd3155ae4376
old-rule-D-0-0-S1,Bottinger2008_state_044,Bottinger2008_state_044::MEACOO-,Bottinger2008,40.0,0.2359047180943619,0.0271,0.024658277591871284,evaluated,f66d972c032ce709ada69e8d8177e195c7e416800757663b7420c22bda5f6328,f5831262710bf30133910d7a237f8ef9487a4c5cb1ed167c167ad56b0792d46a,29f3847d4486b5353d002e62c09f7737cc30c88f1205eac20175fd3155ae4376
old-rule-D-0-0-S1,Bottinger2008_state_045,Bottinger2008_state_045::MEA + MEAH+,Bottinger2008,40.0,0.2799055981119623,0.084,0.08303223482400732,evaluated,f66d972c032ce709ada69e8d8177e195c7e416800757663b7420c22bda5f6328,f5831262710bf30133910d7a237f8ef9487a4c5cb1ed167c167ad56b0792d46a,29f3847d4486b5353d002e62c09f7737cc30c88f1205eac20175fd3155ae4376
old-rule-D-0-0-S1,Bottinger2008_state_045,Bottinger2008_state_045::MEACOO-,Bottinger2008,40.0,0.2799055981119623,0.0327,0.029186613075585597,evaluated,f66d972c032ce709ada69e8d8177e195c7e416800757663b7420c22bda5f6328,f5831262710bf30133910d7a237f8ef9487a4c5cb1ed167c167ad56b0792d46a,29f3847d4486b5353d002e62c09f7737cc30c88f1205eac20175fd3155ae4376
old-rule-D-0-0-S1,Bottinger2008_state_046,Bottinger2008_state_046::MEA + MEAH+,Bottinger2008,40.0,0.34290685813716276,0.0758,0.07668488581231711,evaluated,f66d972c032ce709ada69e8d8177e195c7e416800757663b7420c22bda5f6328,f5831262710bf30133910d7a237f8ef9487a4c5cb1ed167c167ad56b0792d46a,29f3847d4486b5353d002e62c09f7737cc30c88f1205eac20175fd3155ae4376
old-rule-D-0-0-S1,Bottinger2008_state_046,Bottinger2008_state_046::MEACOO-,Bottinger2008,40.0,0.34290685813716276,0.0396,0.03553393668548867,evaluated,f66d972c032ce709ada69e8d8177e195c7e416800757663b7420c22bda5f6328,f5831262710bf30133910d7a237f8ef9487a4c5cb1ed167c167ad56b0792d46a,29f3847d4486b5353d002e62c09f7737cc30c88f1205eac20175fd3155ae4376
old-rule-D-0-0-S1,Bottinger2008_state_047,Bottinger2008_state_047::MEA + MEAH+,Bottinger2008,40.0,0.3539070781415628,0.0749,0.07560500422875072,evaluated,f66d972c032ce709ada69e8d8177e195c7e416800757663b7420c22bda5f6328,f5831262710bf30133910d7a237f8ef9487a4c5cb1ed167c167ad56b0792d46a,29f3847d4486b5353d002e62c09f7737cc30c88f1205eac20175fd3155ae4376
old-rule-D-0-0-S1,Bottinger2008_state_047,Bottinger2008_state_047::MEACOO-,Bottinger2008,40.0,0.3539070781415628,0.041,0.03661381054367269,evaluated,f66d972c032ce709ada69e8d8177e195c7e416800757663b7420c22bda5f6328,f5831262710bf30133910d7a237f8ef9487a4c5cb1ed167c167ad56b0792d46a,29f3847d4486b5353d002e62c09f7737cc30c88f1205eac20175fd3155ae4376
old-rule-D-0-0-S1,Bottinger2008_state_048,Bottinger2008_state_048::MEA + MEAH+,Bottinger2008,40.0,0.4599091981839637,0.065,0.06662781148819043,evaluated,f66d972c032ce709ada69e8d8177e195c7e416800757663b7420c22bda5f6328,f5831262710bf30133910d7a237f8ef9487a4c5cb1ed167c167ad56b0792d46a,29f3847d4486b5353d002e62c09f7737cc30c88f1205eac20175fd3155ae4376
old-rule-D-0-0-S1,Bottinger2008_state_048,Bottinger2008_state_048::MEACOO-,Bottinger2008,40.0,0.4599091981839637,0.0492,0.045590625177866176,evaluated,f66d972c032ce709ada69e8d8177e195c7e416800757663b7420c22bda5f6328,f5831262710bf30133910d7a237f8ef9487a4c5cb1ed167c167ad56b0792d46a,29f3847d4486b5353d002e62c09f7737cc30c88f1205eac20175fd3155ae4376
old-rule-D-0-0-S1,Bottinger2008_state_049,Bottinger2008_state_049::MEA + MEAH+,Bottinger2008,40.0,0.4659093181863638,0.0663,0.06630013474122573,evaluated,f66d972c032ce709ada69e8d8177e195c7e416800757663b7420c22bda5f6328,f5831262710bf30133910d7a237f8ef9487a4c5cb1ed167c167ad56b0792d46a,29f3847d4486b5353d002e62c09f7737cc30c88f1205eac20175fd3155ae4376
old-rule-D-0-0-S1,Bottinger2008_state_049,Bottinger2008_state_049::MEACOO-,Bottinger2008,40.0,0.4659093181863638,0.0502,0.04591822222309986,evaluated,f66d972c032ce709ada69e8d8177e195c7e416800757663b7420c22bda5f6328,f5831262710bf30133910d7a237f8ef9487a4c5cb1ed167c167ad56b0792d46a,29f3847d4486b5353d002e62c09f7737cc30c88f1205eac20175fd3155ae4376
old-rule-D-0-0-S1,Bottinger2008_state_049,Bottinger2008_state_049::HCO3-,Bottinger2008,40.0,0.4659093181863638,0.004,0.006370970296393411,evaluated,f66d972c032ce709ada69e8d8177e195c7e416800757663b7420c22bda5f6328,f5831262710bf30133910d7a237f8ef9487a4c5cb1ed167c167ad56b0792d46a,29f3847d4486b5353d002e62c09f7737cc30c88f1205eac20175fd3155ae4376
old-rule-D-0-0-S1,Bottinger2008_state_050,Bottinger2008_state_050::MEA + MEAH+,Bottinger2008,40.0,0.4869097381947639,0.0646,0.06549357742769582,evaluated,f66d972c032ce709ada69e8d8177e195c7e416800757663b7420c22bda5f6328,f5831262710bf30133910d7a237f8ef9487a4c5cb1ed167c167ad56b0792d46a,29f3847d4486b5353d002e62c09f7737cc30c88f1205eac20175fd3155ae4376
old-rule-D-0-0-S1,Bottinger2008_state_050,Bottinger2008_state_050::MEACOO-,Bottinger2008,40.0,0.4869097381947639,0.0511,0.0467243168054119,evaluated,f66d972c032ce709ada69e8d8177e195c7e416800757663b7420c22bda5f6328,f5831262710bf30133910d7a237f8ef9487a4c5cb1ed167c167ad56b0792d46a,29f3847d4486b5353d002e62c09f7737cc30c88f1205eac20175fd3155ae4376
old-rule-D-0-0-S1,Bottinger2008_state_050,Bottinger2008_state_050::HCO3-,Bottinger2008,40.0,0.4869097381947639,0.0052,0.0079171123895284,evaluated,f66d972c032ce709ada69e8d8177e195c7e416800757663b7420c22bda5f6328,f5831262710bf30133910d7a237f8ef9487a4c5cb1ed167c167ad56b0792d46a,29f3847d4486b5353d002e62c09f7737cc30c88f1205eac20175fd3155ae4376
old-rule-D-0-0-S1,Bottinger2008_state_055,Bottinger2008_state_055::MEA + MEAH+,Bottinger2008,60.0,0.13090261805236106,0.0974,0.09851712966532003,evaluated,f66d972c032ce709ada69e8d8177e195c7e416800757663b7420c22bda5f6328,f5831262710bf30133910d7a237f8ef9487a4c5cb1ed167c167ad56b0792d46a,29f3847d4486b5353d002e62c09f7737cc30c88f1205eac20175fd3155ae4376
old-rule-D-0-0-S1,Bottinger2008_state_055,Bottinger2008_state_055::MEACOO-,Bottinger2008,60.0,0.13090261805236106,0.0147,0.013701722645120144,evaluated,f66d972c032ce709ada69e8d8177e195c7e416800757663b7420c22bda5f6328,f5831262710bf30133910d7a237f8ef9487a4c5cb1ed167c167ad56b0792d46a,29f3847d4486b5353d002e62c09f7737cc30c88f1205eac20175fd3155ae4376
old-rule-D-0-0-S1,Bottinger2008_state_056,Bottinger2008_state_056::MEA + MEAH+,Bottinger2008,60.0,0.20290405808116166,0.0905,0.09103041519691048,evaluated,f66d972c032ce709ada69e8d8177e195c7e416800757663b7420c22bda5f6328,f5831262710bf30133910d7a237f8ef9487a4c5cb1ed167c167ad56b0792d46a,29f3847d4486b5353d002e62c09f7737cc30c88f1205eac20175fd3155ae4376
old-rule-D-0-0-S1,Bottinger2008_state_056,Bottinger2008_state_056::MEACOO-,Bottinger2008,60.0,0.20290405808116166,0.0231,0.021188408569719066,evaluated,f66d972c032ce709ada69e8d8177e195c7e416800757663b7420c22bda5f6328,f5831262710bf30133910d7a237f8ef9487a4c5cb1ed167c167ad56b0792d46a,29f3847d4486b5353d002e62c09f7737cc30c88f1205eac20175fd3155ae4376
old-rule-D-0-0-S1,Bottinger2008_state_057,Bottinger2008_state_057::MEA + MEAH+,Bottinger2008,60.0,0.27690553811076224,0.0791,0.08344700096808522,evaluated,f66d972c032ce709ada69e8d8177e195c7e416800757663b7420c22bda5f6328,f5831262710bf30133910d7a237f8ef9487a4c5cb1ed167c167ad56b0792d46a,29f3847d4486b5353d002e62c09f7737cc30c88f1205eac20175fd3155ae4376
old-rule-D-0-0-S1,Bottinger2008_state_057,Bottinger2008_state_057::MEACOO-,Bottinger2008,60.0,0.27690553811076224,0.0302,0.028771755761279487,evaluated,f66d972c032ce709ada69e8d8177e195c7e416800757663b7420c22bda5f6328,f5831262710bf30133910d7a237f8ef9487a4c5cb1ed167c167ad56b0792d46a,29f3847d4486b5353d002e62c09f7737cc30c88f1205eac20175fd3155ae4376
old-rule-D-0-0-S1,Bottinger2008_state_058,Bottinger2008_state_058::MEA + MEAH+,Bottinger2008,60.0,0.4149082981659633,0.0687,0.07050227404926766,evaluated,f66d972c032ce709ada69e8d8177e195c7e416800757663b7420c22bda5f6328,f5831262710bf30133910d7a237f8ef9487a4c5cb1ed167c167ad56b0792d46a,29f3847d4486b5353d002e62c09f7737cc30c88f1205eac20175fd3155ae4376
old-rule-D-0-0-S1,Bottinger2008_state_058,Bottinger2008_state_058::MEACOO-,Bottinger2008,60.0,0.4149082981659633,0.0417,0.0417157343305802,evaluated,f66d972c032ce709ada69e8d8177e195c7e416800757663b7420c22bda5f6328,f5831262710bf30133910d7a237f8ef9487a4c5cb1ed167c167ad56b0792d46a,29f3847d4486b5353d002e62c09f7737cc30c88f1205eac20175fd3155ae4376
old-rule-D-0-0-S1,Bottinger2008_state_058,Bottinger2008_state_058::HCO3-,Bottinger2008,60.0,0.4149082981659633,0.0042,0.004847071030037845,evaluated,f66d972c032ce709ada69e8d8177e195c7e416800757663b7420c22bda5f6328,f5831262710bf30133910d7a237f8ef9487a4c5cb1ed167c167ad56b0792d46a,29f3847d4486b5353d002e62c09f7737cc30c88f1205eac20175fd3155ae4376
old-rule-D-0-0-S1,Bottinger2008_state_059,Bottinger2008_state_059::MEA + MEAH+,Bottinger2008,60.0,0.4889097781955639,0.068,0.06659064164034446,evaluated,f66d972c032ce709ada69e8d8177e195c7e416800757663b7420c22bda5f6328,f5831262710bf30133910d7a237f8ef9487a4c5cb1ed167c167ad56b0792d46a,29f3847d4486b5353d002e62c09f7737cc30c88f1205eac20175fd3155ae4376
old-rule-D-0-0-S1,Bottinger2008_state_059,Bottinger2008_state_059::MEACOO-,Bottinger2008,60.0,0.4889097781955639,0.0424,0.045623346260533944,evaluated,f66d972c032ce709ada69e8d8177e195c7e416800757663b7420c22bda5f6328,f5831262710bf30133910d7a237f8ef9487a4c5cb1ed167c167ad56b0792d46a,29f3847d4486b5353d002e62c09f7737cc30c88f1205eac20175fd3155ae4376
old-rule-D-0-0-S1,Bottinger2008_state_059,Bottinger2008_state_059::HCO3-,Bottinger2008,60.0,0.4889097781955639,0.0072,0.009205798585196797,evaluated,f66d972c032ce709ada69e8d8177e195c7e416800757663b7420c22bda5f6328,f5831262710bf30133910d7a237f8ef9487a4c5cb1ed167c167ad56b0792d46a,29f3847d4486b5353d002e62c09f7737cc30c88f1205eac20175fd3155ae4376
old-rule-D-0-0-S1,Bottinger2008_state_063,Bottinger2008_state_063::MEA + MEAH+,Bottinger2008,80.0,0.06390127802556052,0.1084,0.10555568909399474,evaluated,f66d972c032ce709ada69e8d8177e195c7e416800757663b7420c22bda5f6328,f5831262710bf30133910d7a237f8ef9487a4c5cb1ed167c167ad56b0792d46a,29f3847d4486b5353d002e62c09f7737cc30c88f1205eac20175fd3155ae4376
old-rule-D-0-0-S1,Bottinger2008_state_063,Bottinger2008_state_063::MEACOO-,Bottinger2008,80.0,0.06390127802556052,0.0068,0.006663160688342712,evaluated,f66d972c032ce709ada69e8d8177e195c7e416800757663b7420c22bda5f6328,f5831262710bf30133910d7a237f8ef9487a4c5cb1ed167c167ad56b0792d46a,29f3847d4486b5353d002e62c09f7737cc30c88f1205eac20175fd3155ae4376
old-rule-D-0-0-S1,Bottinger2008_state_064,Bottinger2008_state_064::MEA + MEAH+,Bottinger2008,80.0,0.14090281805636112,0.1005,0.09757070197479904,evaluated,f66d972c032ce709ada69e8d8177e195c7e416800757663b7420c22bda5f6328,f5831262710bf30133910d7a237f8ef9487a4c5cb1ed167c167ad56b0792d46a,29f3847d4486b5353d002e62c09f7737cc30c88f1205eac20175fd3155ae4376
old-rule-D-0-0-S1,Bottinger2008_state_064,Bottinger2008_state_064::MEACOO-,Bottinger2008,80.0,0.14090281805636112,0.014,0.014648075293734639,evaluated,f66d972c032ce709ada69e8d8177e195c7e416800757663b7420c22bda5f6328,f5831262710bf30133910d7a237f8ef9487a4c5cb1ed167c167ad56b0792d46a,29f3847d4486b5353d002e62c09f7737cc30c88f1205eac20175fd3155ae4376
old-rule-D-0-0-S1,Bottinger2008_state_065,Bottinger2008_state_065::MEA + MEAH+,Bottinger2008,80.0,0.24490489809796198,0.0906,0.08694718046736619,evaluated,f66d972c032ce709ada69e8d8177e195c7e416800757663b7420c22bda5f6328,f5831262710bf30133910d7a237f8ef9487a4c5cb1ed167c167ad56b0792d46a,29f3847d4486b5353d002e62c09f7737cc30c88f1205eac20175fd3155ae4376
old-rule-D-0-0-S1,Bottinger2008_state_065,Bottinger2008_state_065::MEACOO-,Bottinger2008,80.0,0.24490489809796198,0.0224,0.025271311864612032,evaluated,f66d972c032ce709ada69e8d8177e195c7e416800757663b7420c22bda5f6328,f5831262710bf30133910d7a237f8ef9487a4c5cb1ed167c167ad56b0792d46a,29f3847d4486b5353d002e62c09f7737cc30c88f1205eac20175fd3155ae4376
old-rule-D-0-0-S1,Bottinger2008_state_066,Bottinger2008_state_066::MEA + MEAH+,Bottinger2008,80.0,0.33590671813436274,0.0858,0.0780813249309065,evaluated,f66d972c032ce709ada69e8d8177e195c7e416800757663b7420c22bda5f6328,f5831262710bf30133910d7a237f8ef9487a4c5cb1ed167c167ad56b0792d46a,29f3847d4486b5353d002e62c09f7737cc30c88f1205eac20175fd3155ae4376
old-rule-D-0-0-S1,Bottinger2008_state_066,Bottinger2008_state_066::MEACOO-,Bottinger2008,80.0,0.33590671813436274,0.0337,0.03413630348974387,evaluated,f66d972c032ce709ada69e8d8177e195c7e416800757663b7420c22bda5f6328,f5831262710bf30133910d7a237f8ef9487a4c5cb1ed167c167ad56b0792d46a,29f3847d4486b5353d002e62c09f7737cc30c88f1205eac20175fd3155ae4376
old-rule-D-0-0-S1,Bottinger2008_state_067,Bottinger2008_state_067::MEA + MEAH+,Bottinger2008,80.0,0.39790795815916324,0.0872,0.07270963696005761,evaluated,f66d972c032ce709ada69e8d8177e195c7e416800757663b7420c22bda5f6328,f5831262710bf30133910d7a237f8ef9487a4c5cb1ed167c167ad56b0792d46a,29f3847d4486b5353d002e62c09f7737cc30c88f1205eac20175fd3155ae4376
old-rule-D-0-0-S1,Bottinger2008_state_067,Bottinger2008_state_067::MEACOO-,Bottinger2008,80.0,0.39790795815916324,0.0336,0.039505995132042,evaluated,f66d972c032ce709ada69e8d8177e195c7e416800757663b7420c22bda5f6328,f5831262710bf30133910d7a237f8ef9487a4c5cb1ed167c167ad56b0792d46a,29f3847d4486b5353d002e62c09f7737cc30c88f1205eac20175fd3155ae4376
old-rule-D-0-0-S1,Bottinger2008_state_067,Bottinger2008_state_067::HCO3-,Bottinger2008,80.0,0.39790795815916324,0.0046,0.005126982849525242,evaluated,f66d972c032ce709ada69e8d8177e195c7e416800757663b7420c22bda5f6328,f5831262710bf30133910d7a237f8ef9487a4c5cb1ed167c167ad56b0792d46a,29f3847d4486b5353d002e62c09f7737cc30c88f1205eac20175fd3155ae4376
old-rule-D-0-0-S1,Matin2012_state_001,Matin2012_state_001::MEA,Matin2012,20.0,0.10590211804236084,0.0915,0.08883202723176875,evaluated,f66d972c032ce709ada69e8d8177e195c7e416800757663b7420c22bda5f6328,f5831262710bf30133910d7a237f8ef9487a4c5cb1ed167c167ad56b0792d46a,29f3847d4486b5353d002e62c09f7737cc30c88f1205eac20175fd3155ae4376
old-rule-D-0-0-S1,Matin2012_state_001,Matin2012_state_001::MEAH+,Matin2012,20.0,0.10590211804236084,0.0115,0.012358266623452052,evaluated,f66d972c032ce709ada69e8d8177e195c7e416800757663b7420c22bda5f6328,f5831262710bf30133910d7a237f8ef9487a4c5cb1ed167c167ad56b0792d46a,29f3847d4486b5353d002e62c09f7737cc30c88f1205eac20175fd3155ae4376
old-rule-D-0-0-S1,Matin2012_state_001,Matin2012_state_001::MEACOO-,Matin2012,20.0,0.10590211804236084,0.0097,0.01102857463660322,evaluated,f66d972c032ce709ada69e8d8177e195c7e416800757663b7420c22bda5f6328,f5831262710bf30133910d7a237f8ef9487a4c5cb1ed167c167ad56b0792d46a,29f3847d4486b5353d002e62c09f7737cc30c88f1205eac20175fd3155ae4376
old-rule-D-0-0-S1,Matin2012_state_001,Matin2012_state_001::HCO3-,Matin2012,20.0,0.10590211804236084,0.0024,0.00086662189968272,evaluated,f66d972c032ce709ada69e8d8177e195c7e416800757663b7420c22bda5f6328,f5831262710bf30133910d7a237f8ef9487a4c5cb1ed167c167ad56b0792d46a,29f3847d4486b5353d002e62c09f7737cc30c88f1205eac20175fd3155ae4376
old-rule-D-0-0-S1,Matin2012_state_002,Matin2012_state_002::MEA,Matin2012,20.0,0.12790255805116105,0.0867,0.08397163096567062,evaluated,f66d972c032ce709ada69e8d8177e195c7e416800757663b7420c22bda5f6328,f5831262710bf30133910d7a237f8ef9487a4c5cb1ed167c167ad56b0792d46a,29f3847d4486b5353d002e62c09f7737cc30c88f1205eac20175fd3155ae4376
old-rule-D-0-0-S1,Matin2012_state_002,Matin2012_state_002::MEAH+,Matin2012,20.0,0.12790255805116105,0.0139,0.014927748335581971,evaluated,f66d972c032ce709ada69e8d8177e195c7e416800757663b7420c22bda5f6328,f5831262710bf30133910d7a237f8ef9487a4c5cb1ed167c167ad56b0792d46a,29f3847d4486b5353d002e62c09f7737cc30c88f1205eac20175fd3155ae4376
old-rule-D-0-0-S1,Matin2012_state_002,Matin2012_state_002::MEACOO-,Matin2012,20.0,0.12790255805116105,0.0124,0.013319489022964776,evaluated,f66d972c032ce709ada69e8d8177e195c7e416800757663b7420c22bda5f6328,f5831262710bf30133910d7a237f8ef9487a4c5cb1ed167c167ad56b0792d46a,29f3847d4486b5353d002e62c09f7737cc30c88f1205eac20175fd3155ae4376
old-rule-D-0-0-S1,Matin2012_state_002,Matin2012_state_002::HCO3-,Matin2012,20.0,0.12790255805116105,0.0022,0.0010445211051184756,evaluated,f66d972c032ce709ada69e8d8177e195c7e416800757663b7420c22bda5f6328,f5831262710bf30133910d7a237f8ef9487a4c5cb1ed167c167ad56b0792d46a,29f3847d4486b5353d002e62c09f7737cc30c88f1205eac20175fd3155ae4376
old-rule-D-0-0-S1,Matin2012_state_003,Matin2012_state_003::MEA,Matin2012,20.0,0.1499029980599612,0.0817,0.0791092255636184,evaluated,f66d972c032ce709ada69e8d8177e195c7e416800757663b7420c22bda5f6328,f5831262710bf30133910d7a237f8ef9487a4c5cb1ed167c167ad56b0792d46a,29f3847d4486b5353d002e62c09f7737cc30c88f1205eac20175fd3155ae4376
old-rule-D-0-0-S1,Matin2012_state_003,Matin2012_state_003::MEAH+,Matin2012,20.0,0.1499029980599612,0.0162,0.01750281046292146,evaluated,f66d972c032ce709ada69e8d8177e195c7e416800757663b7420c22bda5f6328,f5831262710bf30133910d7a237f8ef9487a4c5cb1ed167c167ad56b0792d46a,29f3847d4486b5353d002e62c09f7737cc30c88f1205eac20175fd3155ae4376
old-rule-D-0-0-S1,Matin2012_state_003,Matin2012_state_003::MEACOO-,Matin2012,20.0,0.1499029980599612,0.0151,0.015606832093465086,evaluated,f66d972c032ce709ada69e8d8177e195c7e416800757663b7420c22bda5f6328,f5831262710bf30133910d7a237f8ef9487a4c5cb1ed167c167ad56b0792d46a,29f3847d4486b5353d002e62c09f7737cc30c88f1205eac20175fd3155ae4376
old-rule-D-0-0-S1,Matin2012_state_003,Matin2012_state_003::HCO3-,Matin2012,20.0,0.1499029980599612,0.002,0.001225991287349885,evaluated,f66d972c032ce709ada69e8d8177e195c7e416800757663b7420c22bda5f6328,f5831262710bf30133910d7a237f8ef9487a4c5cb1ed167c167ad56b0792d46a,29f3847d4486b5353d002e62c09f7737cc30c88f1205eac20175fd3155ae4376
old-rule-D-0-0-S1,Matin2012_state_004,Matin2012_state_004::MEA,Matin2012,20.0,0.17290345806916138,0.0768,0.0740243622659621,evaluated,f66d972c032ce709ada69e8d8177e195c7e416800757663b7420c22bda5f6328,f5831262710bf30133910d7a237f8ef9487a4c5cb1ed167c167ad56b0792d46a,29f3847d4486b5353d002e62c09f7737cc30c88f1205eac20175fd3155ae4376
old-rule-D-0-0-S1,Matin2012_state_004,Matin2012_state_004::MEAH+,Matin2012,20.0,0.17290345806916138,0.0186,0.020200811135610557,evaluated,f66d972c032ce709ada69e8d8177e195c7e416800757663b7420c22bda5f6328,f5831262710bf30133910d7a237f8ef9487a4c5cb1ed167c167ad56b0792d46a,29f3847d4486b5353d002e62c09f7737cc30c88f1205eac20175fd3155ae4376
old-rule-D-0-0-S1,Matin2012_state_004,Matin2012_state_004::MEACOO-,Matin2012,20.0,0.17290345806916138,0.0177,0.017993694457901267,evaluated,f66d972c032ce709ada69e8d8177e195c7e416800757663b7420c22bda5f6328,f5831262710bf30133910d7a237f8ef9487a4c5cb1ed167c167ad56b0792d46a,29f3847d4486b5353d002e62c09f7737cc30c88f1205eac20175fd3155ae4376
old-rule-D-0-0-S1,Matin2012_state_004,Matin2012_state_004::HCO3-,Matin2012,20.0,0.17290345806916138,0.002,0.0014201605229688472,evaluated,f66d972c032ce709ada69e8d8177e195c7e416800757663b7420c22bda5f6328,f5831262710bf30133910d7a237f8ef9487a4c5cb1ed167c167ad56b0792d46a,29f3847d4486b5353d002e62c09f7737cc30c88f1205eac20175fd3155ae4376
old-rule-D-0-0-S1,Matin2012_state_005,Matin2012_state_005::MEA,Matin2012,20.0,0.19490389807796157,0.0718,0.06916003047213905,evaluated,f66d972c032ce709ada69e8d8177e195c7e416800757663b7420c22bda5f6328,f5831262710bf30133910d7a237f8ef9487a4c5cb1ed167c167ad56b0792d46a,29f3847d4486b5353d002e62c09f7737cc30c88f1205eac20175fd3155ae4376
old-rule-D-0-0-S1,Matin2012_state_005,Matin2012_state_005::MEAH+,Matin2012,20.0,0.19490389807796157,0.021,0.022787038562386428,evaluated,f66d972c032ce709ada69e8d8177e195c7e416800757663b7420c22bda5f6328,f5831262710bf30133910d7a237f8ef9487a4c5cb1ed167c167ad56b0792d46a,29f3847d4486b5353d002e62c09f7737cc30c88f1205eac20175fd3155ae4376
old-rule-D-0-0-S1,Matin2012_state_005,Matin2012_state_005::MEACOO-,Matin2012,20.0,0.19490389807796157,0.0203,0.020271798520052058,evaluated,f66d972c032ce709ada69e8d8177e195c7e416800757663b7420c22bda5f6328,f5831262710bf30133910d7a237f8ef9487a4c5cb1ed167c167ad56b0792d46a,29f3847d4486b5353d002e62c09f7737cc30c88f1205eac20175fd3155ae4376
old-rule-D-0-0-S1,Matin2012_state_005,Matin2012_state_005::HCO3-,Matin2012,20.0,0.19490389807796157,0.002,0.00161086877729203,evaluated,f66d972c032ce709ada69e8d8177e195c7e416800757663b7420c22bda5f6328,f5831262710bf30133910d7a237f8ef9487a4c5cb1ed167c167ad56b0792d46a,29f3847d4486b5353d002e62c09f7737cc30c88f1205eac20175fd3155ae4376
old-rule-D-0-0-S1,Matin2012_state_006,Matin2012_state_006::MEA,Matin2012,20.0,0.21790435808716177,0.0668,0.06407512342827222,evaluated,f66d972c032ce709ada69e8d8177e195c7e416800757663b7420c22bda5f6328,f5831262710bf30133910d7a237f8ef9487a4c5cb1ed167c167ad56b0792d46a,29f3847d4486b5353d002e62c09f7737cc30c88f1205eac20175fd3155ae4376
old-rule-D-0-0-S1,Matin2012_state_006,Matin2012_state_006::MEAH+,Matin2012,20.0,0.21790435808716177,0.0234,0.02549645448124046,evaluated,f66d972c032ce709ada69e8d8177e195c7e416800757663b7420c22bda5f6328,f5831262710bf30133910d7a237f8ef9487a4c5cb1ed167c167ad56b0792d46a,29f3847d4486b5353d002e62c09f7737cc30c88f1205eac20175fd3155ae4376
old-rule-D-0-0-S1,Matin2012_state_006,Matin2012_state_006::MEACOO-,Matin2012,20.0,0.21790435808716177,0.0228,0.02264728925188094,evaluated,f66d972c032ce709ada69e8d8177e195c7e416800757663b7420c22bda5f6328,f5831262710bf30133910d7a237f8ef9487a4c5cb1ed167c167ad56b0792d46a,29f3847d4486b5353d002e62c09f7737cc30c88f1205eac20175fd3155ae4376
old-rule-D-0-0-S1,Matin2012_state_006,Matin2012_state_006::HCO3-,Matin2012,20.0,0.21790435808716177,0.0021,0.0018164084097808137,evaluated,f66d972c032ce709ada69e8d8177e195c7e416800757663b7420c22bda5f6328,f5831262710bf30133910d7a237f8ef9487a4c5cb1ed167c167ad56b0792d46a,29f3847d4486b5353d002e62c09f7737cc30c88f1205eac20175fd3155ae4376
old-rule-D-0-0-S1,Matin2012_state_007,Matin2012_state_007::MEA,Matin2012,20.0,0.24090481809636194,0.0618,0.058992221193873484,evaluated,f66d972c032ce709ada69e8d8177e195c7e416800757663b7420c22bda5f6328,f5831262710bf30133910d7a237f8ef9487a4c5cb1ed167c167ad56b0792d46a,29f3847d4486b5353d002e62c09f7737cc30c88f1205eac20175fd3155ae4376
old-rule-D-0-0-S1,Matin2012_state_007,Matin2012_state_007::MEAH+,Matin2012,20.0,0.24090481809636194,0.0257,0.02821141882064062,evaluated,f66d972c032ce709ada69e8d8177e195c7e416800757663b7420c22bda5f6328,f5831262710bf30133910d7a237f8ef9487a4c5cb1ed167c167ad56b0792d46a,29f3847d4486b5353d002e62c09f7737cc30c88f1205eac20175fd3155ae4376
old-rule-D-0-0-S1,Matin2012_state_007,Matin2012_state_007::MEACOO-,Matin2012,20.0,0.24090481809636194,0.0252,0.025015226653524805,evaluated,f66d972c032ce709ada69e8d8177e195c7e416800757663b7420c22bda5f6328,f5831262710bf30133910d7a237f8ef9487a4c5cb1ed167c167ad56b0792d46a,29f3847d4486b5353d002e62c09f7737cc30c88f1205eac20175fd3155ae4376
old-rule-D-0-0-S1,Matin2012_state_007,Matin2012_state_007::HCO3-,Matin2012,20.0,0.24090481809636194,0.0023,0.002029500437588728,evaluated,f66d972c032ce709ada69e8d8177e195c7e416800757663b7420c22bda5f6328,f5831262710bf30133910d7a237f8ef9487a4c5cb1ed167c167ad56b0792d46a,29f3847d4486b5353d002e62c09f7737cc30c88f1205eac20175fd3155ae4376
old-rule-D-0-0-S1,Matin2012_state_008,Matin2012_state_008::MEA,Matin2012,20.0,0.26390527810556214,0.0568,0.05391329604653349,evaluated,f66d972c032ce709ada69e8d8177e195c7e416800757663b7420c22bda5f6328,f5831262710bf30133910d7a237f8ef9487a4c5cb1ed167c167ad56b0792d46a,29f3847d4486b5353d002e62c09f7737cc30c88f1205eac20175fd3155ae4376
old-rule-D-0-0-S1,Matin2012_state_008,Matin2012_state_008::MEAH+,Matin2012,20.0,0.26390527810556214,0.0281,0.030931639505290272,evaluated,f66d972c032ce709ada69e8d8177e195c7e416800757663b7420c22bda5f6328,f5831262710bf30133910d7a237f8ef9487a4c5cb1ed167c167ad56b0792d46a,29f3847d4486b5353d002e62c09f7737cc30c88f1205eac20175fd3155ae4376
old-rule-D-0-0-S1,Matin2012_state_008,Matin2012_state_008::MEACOO-,Matin2012,20.0,0.26390527810556214,0.0276,0.02737393048629902,evaluated,f66d972c032ce709ada69e8d8177e195c7e416800757663b7420c22bda5f6328,f5831262710bf30133910d7a237f8ef9487a4c5cb1ed167c167ad56b0792d46a,29f3847d4486b5353d002e62c09f7737cc30c88f1205eac20175fd3155ae4376
old-rule-D-0-0-S1,Matin2012_state_008,Matin2012_state_008::HCO3-,Matin2012,20.0,0.26390527810556214,0.0026,0.0022518247586000165,evaluated,f66d972c032ce709ada69e8d8177e195c7e416800757663b7420c22bda5f6328,f5831262710bf30133910d7a237f8ef9487a4c5cb1ed167c167ad56b0792d46a,29f3847d4486b5353d002e62c09f7737cc30c88f1205eac20175fd3155ae4376
old-rule-D-0-0-S1,Matin2012_state_009,Matin2012_state_009::MEA,Matin2012,20.0,0.2869057381147623,0.0518,0.04884105692203904,evaluated,f66d972c032ce709ada69e8d8177e195c7e416800757663b7420c22bda5f6328,f5831262710bf30133910d7a237f8ef9487a4c5cb1ed167c167ad56b0792d46a,29f3847d4486b5353d002e62c09f7737cc30c88f1205eac20175fd3155ae4376
old-rule-D-0-0-S1,Matin2012_state_009,Matin2012_state_009::MEAH+,Matin2012,20.0,0.2869057381147623,0.0304,0.033656708911200435,evaluated,f66d972c032ce709ada69e8d8177e195c7e416800757663b7420c22bda5f6328,f5831262710bf30133910d7a237f8ef9487a4c5cb1ed167c167ad56b0792d46a,29f3847d4486b5353d002e62c09f7737cc30c88f1205eac20175fd3155ae4376
old-rule-D-0-0-S1,Matin2012_state_009,Matin2012_state_009::MEACOO-,Matin2012,20.0,0.2869057381147623,0.0299,0.02972109938233268,evaluated,f66d972c032ce709ada69e8d8177e195c7e416800757663b7420c22bda5f6328,f5831262710bf30133910d7a237f8ef9487a4c5cb1ed167c167ad56b0792d46a,29f3847d4486b5353d002e62c09f7737cc30c88f1205eac20175fd3155ae4376
old-rule-D-0-0-S1,Matin2012_state_009,Matin2012_state_009::HCO3-,Matin2012,20.0,0.2869057381147623,0.003,0.0024856822154930677,evaluated,f66d972c032ce709ada69e8d8177e195c7e416800757663b7420c22bda5f6328,f5831262710bf30133910d7a237f8ef9487a4c5cb1ed167c167ad56b0792d46a,29f3847d4486b5353d002e62c09f7737cc30c88f1205eac20175fd3155ae4376
old-rule-D-0-0-S1,Matin2012_state_010,Matin2012_state_010::MEA,Matin2012,20.0,0.3099061981239625,0.0469,0.04377935484239298,evaluated,f66d972c032ce709ada69e8d8177e195c7e416800757663b7420c22bda5f6328,f5831262710bf30133910d7a237f8ef9487a4c5cb1ed167c167ad56b0792d46a,29f3847d4486b5353d002e62c09f7737cc30c88f1205eac20175fd3155ae4376
old-rule-D-0-0-S1,Matin2012_state_010,Matin2012_state_010::MEAH+,Matin2012,20.0,0.3099061981239625,0.0327,0.036386046683604706,evaluated,f66d972c032ce709ada69e8d8177e195c7e416800757663b7420c22bda5f6328,f5831262710bf30133910d7a237f8ef9487a4c5cb1ed167c167ad56b0792d46a,29f3847d4486b5353d002e62c09f7737cc30c88f1205eac20175fd3155ae4376
old-rule-D-0-0-S1,Matin2012_state_010,Matin2012_state_010::MEACOO-,Matin2012,20.0,0.3099061981239625,0.0321,0.03205346258463995,evaluated,f66d972c032ce709ada69e8d8177e195c7e416800757663b7420c22bda5f6328,f5831262710bf30133910d7a237f8ef9487a4c5cb1ed167c167ad56b0792d46a,29f3847d4486b5353d002e62c09f7737cc30c88f1205eac20175fd3155ae4376
old-rule-D-0-0-S1,Matin2012_state_010,Matin2012_state_010::HCO3-,Matin2012,20.0,0.3099061981239625,0.0034,0.002734342724368881,evaluated,f66d972c032ce709ada69e8d8177e195c7e416800757663b7420c22bda5f6328,f5831262710bf30133910d7a237f8ef9487a4c5cb1ed167c167ad56b0792d46a,29f3847d4486b5353d002e62c09f7737cc30c88f1205eac20175fd3155ae4376
old-rule-D-0-0-S1,Matin2012_state_011,Matin2012_state_011::MEA,Matin2012,20.0,0.33390667813356273,0.0419,0.03851500684113929,evaluated,f66d972c032ce709ada69e8d8177e195c7e416800757663b7420c22bda5f6328,f5831262710bf30133910d7a237f8ef9487a4c5cb1ed167c167ad56b0792d46a,29f3847d4486b5353d002e62c09f7737cc30c88f1205eac20175fd3155ae4376
old-rule-D-0-0-S1,Matin2012_state_011,Matin2012_state_011::MEAH+,Matin2012,20.0,0.33390667813356273,0.0349,0.03923767761042061,evaluated,f66d972c032ce709ada69e8d8177e195c7e416800757663b7420c22bda5f6328,f5831262710bf30133910d7a237f8ef9487a4c5cb1ed167c167ad56b0792d46a,29f3847d4486b5353d002e62c09f7737cc30c88f1205eac20175fd3155ae4376
old-rule-D-0-0-S1,Matin2012_state_011,Matin2012_state_011::MEACOO-,Matin2012,20.0,0.33390667813356273,0.0342,0.03446617804109648,evaluated,f66d972c032ce709ada69e8d8177e195c7e416800757663b7420c22bda5f6328,f5831262710bf30133910d7a237f8ef9487a4c5cb1ed167c167ad56b0792d46a,29f3847d4486b5353d002e62c09f7737cc30c88f1205eac20175fd3155ae4376
old-rule-D-0-0-S1,Matin2012_state_011,Matin2012_state_011::HCO3-,Matin2012,20.0,0.33390667813356273,0.004,0.0030148650480762255,evaluated,f66d972c032ce709ada69e8d8177e195c7e416800757663b7420c22bda5f6328,f5831262710bf30133910d7a237f8ef9487a4c5cb1ed167c167ad56b0792d46a,29f3847d4486b5353d002e62c09f7737cc30c88f1205eac20175fd3155ae4376
old-rule-D-0-0-S1,Matin2012_state_012,Matin2012_state_012::MEA,Matin2012,20.0,0.3579071581431629,0.0371,0.03327851743871646,evaluated,f66d972c032ce709ada69e8d8177e195c7e416800757663b7420c22bda5f6328,f5831262710bf30133910d7a237f8ef9487a4c5cb1ed167c167ad56b0792d46a,29f3847d4486b5353d002e62c09f7737cc30c88f1205eac20175fd3155ae4376
old-rule-D-0-0-S1,Matin2012_state_012,Matin2012_state_012::MEAH+,Matin2012,20.0,0.3579071581431629,0.0372,0.04209153620698539,evaluated,f66d972c032ce709ada69e8d8177e195c7e416800757663b7420c22bda5f6328,f5831262710bf30133910d7a237f8ef9487a4c5cb1ed167c167ad56b0792d46a,29f3847d4486b5353d002e62c09f7737cc30c88f1205eac20175fd3155ae4376
old-rule-D-0-0-S1,Matin2012_state_012,Matin2012_state_012::MEACOO-,Matin2012,20.0,0.3579071581431629,0.0362,0.036848806447735145,evaluated,f66d972c032ce709ada69e8d8177e195c7e416800757663b7420c22bda5f6328,f5831262710bf30133910d7a237f8ef9487a4c5cb1ed167c167ad56b0792d46a,29f3847d4486b5353d002e62c09f7737cc30c88f1205eac20175fd3155ae4376
old-rule-D-0-0-S1,Matin2012_state_012,Matin2012_state_012::HCO3-,Matin2012,20.0,0.3579071581431629,0.0046,0.0033254671025192057,evaluated,f66d972c032ce709ada69e8d8177e195c7e416800757663b7420c22bda5f6328,f5831262710bf30133910d7a237f8ef9487a4c5cb1ed167c167ad56b0792d46a,29f3847d4486b5353d002e62c09f7737cc30c88f1205eac20175fd3155ae4376
old-rule-D-0-0-S1,Matin2012_state_013,Matin2012_state_013::MEA,Matin2012,20.0,0.3819076381527631,0.0322,0.028086916320149015,evaluated,f66d972c032ce709ada69e8d8177e195c7e416800757663b7420c22bda5f6328,f5831262710bf30133910d7a237f8ef9487a4c5cb1ed167c167ad56b0792d46a,29f3847d4486b5353d002e62c09f7737cc30c88f1205eac20175fd3155ae4376
old-rule-D-0-0-S1,Matin2012_state_013,Matin2012_state_013::MEAH+,Matin2012,20.0,0.3819076381527631,0.0394,0.04494517702044496,evaluated,f66d972c032ce709ada69e8d8177e195c7e416800757663b7420c22bda5f6328,f5831262710bf30133910d7a237f8ef9487a4c5cb1ed167c167ad56b0792d46a,29f3847d4486b5353d002e62c09f7737cc30c88f1205eac20175fd3155ae4376
old-rule-D-0-0-S1,Matin2012_state_013,Matin2012_state_013::MEACOO-,Matin2012,20.0,0.3819076381527631,0.0381,0.03918676296420985,evaluated,f66d972c032ce709ada69e8d8177e195c7e416800757663b7420c22bda5f6328,f5831262710bf30133910d7a237f8ef9487a4c5cb1ed167c167ad56b0792d46a,29f3847d4486b5353d002e62c09f7737cc30c88f1205eac20175fd3155ae4376
old-rule-D-0-0-S1,Matin2012_state_013,Matin2012_state_013::HCO3-,Matin2012,20.0,0.3819076381527631,0.0053,0.003680728019922726,evaluated,f66d972c032ce709ada69e8d8177e195c7e416800757663b7420c22bda5f6328,f5831262710bf30133910d7a237f8ef9487a4c5cb1ed167c167ad56b0792d46a,29f3847d4486b5353d002e62c09f7737cc30c88f1205eac20175fd3155ae4376
old-rule-D-0-0-S1,Matin2012_state_014,Matin2012_state_014::MEA,Matin2012,20.0,0.4059081181623633,0.0274,0.022970813656363318,evaluated,f66d972c032ce709ada69e8d8177e195c7e416800757663b7420c22bda5f6328,f5831262710bf30133910d7a237f8ef9487a4c5cb1ed167c167ad56b0792d46a,29f3847d4486b5353d002e62c09f7737cc30c88f1205eac20175fd3155ae4376
old-rule-D-0-0-S1,Matin2012_state_014,Matin2012_state_014::MEAH+,Matin2012,20.0,0.4059081181623633,0.0415,0.04779430288563103,evaluated,f66d972c032ce709ada69e8d8177e195c7e416800757663b7420c22bda5f6328,f5831262710bf30133910d7a237f8ef9487a4c5cb1ed167c167ad56b0792d46a,29f3847d4486b5353d002e62c09f7737cc30c88f1205eac20175fd3155ae4376
old-rule-D-0-0-S1,Matin2012_state_014,Matin2012_state_014::MEACOO-,Matin2012,20.0,0.4059081181623633,0.04,0.041453733265607064,evaluated,f66d972c032ce709ada69e8d8177e195c7e416800757663b7420c22bda5f6328,f5831262710bf30133910d7a237f8ef9487a4c5cb1ed167c167ad56b0792d46a,29f3847d4486b5353d002e62c09f7737cc30c88f1205eac20175fd3155ae4376
old-rule-D-0-0-S1,Matin2012_state_014,Matin2012_state_014::HCO3-,Matin2012,20.0,0.4059081181623633,0.0061,0.004106949734383887,evaluated,f66d972c032ce709ada69e8d8177e195c7e416800757663b7420c22bda5f6328,f5831262710bf30133910d7a237f8ef9487a4c5cb1ed167c167ad56b0792d46a,29f3847d4486b5353d002e62c09f7737cc30c88f1205eac20175fd3155ae4376
old-rule-D-0-0-S1,Matin2012_state_015,Matin2012_state_015::MEA,Matin2012,20.0,0.4309086181723635,0.0227,0.01778662229146781,evaluated,f66d972c032ce709ada69e8d8177e195c7e416800757663b7420c22bda5f6328,f5831262710bf30133910d7a237f8ef9487a4c5cb1ed167c167ad56b0792d46a,29f3847d4486b5353d002e62c09f7737cc30c88f1205eac20175fd3155ae4376
old-rule-D-0-0-S1,Matin2012_state_015,Matin2012_state_015::MEAH+,Matin2012,20.0,0.4309086181723635,0.0436,0.05074845000388546,evaluated,f66d972c032ce709ada69e8d8177e195c7e416800757663b7420c22bda5f6328,f5831262710bf30133910d7a237f8ef9487a4c5cb1ed167c167ad56b0792d46a,29f3847d4486b5353d002e62c09f7737cc30c88f1205eac20175fd3155ae4376
old-rule-D-0-0-S1,Matin2012_state_015,Matin2012_state_015::MEACOO-,Matin2012,20.0,0.4309086181723635,0.0417,0.043683764330355784,evaluated,f66d972c032ce709ada69e8d8177e195c7e416800757663b7420c22bda5f6328,f5831262710bf30133910d7a237f8ef9487a4c5cb1ed167c167ad56b0792d46a,29f3847d4486b5353d002e62c09f7737cc30c88f1205eac20175fd3155ae4376
old-rule-D-0-0-S1,Matin2012_state_015,Matin2012_state_015::HCO3-,Matin2012,20.0,0.4309086181723635,0.007,0.004682266767512393,evaluated,f66d972c032ce709ada69e8d8177e195c7e416800757663b7420c22bda5f6328,f5831262710bf30133910d7a237f8ef9487a4c5cb1ed167c167ad56b0792d46a,29f3847d4486b5353d002e62c09f7737cc30c88f1205eac20175fd3155ae4376
old-rule-D-0-0-S1,Matin2012_state_016,Matin2012_state_016::MEA,Matin2012,20.0,0.4549090981819637,0.0181,0.013080728497821714,evaluated,f66d972c032ce709ada69e8d8177e195c7e416800757663b7420c22bda5f6328,f5831262710bf30133910d7a237f8ef9487a4c5cb1ed167c167ad56b0792d46a,29f3847d4486b5353d002e62c09f7737cc30c88f1205eac20175fd3155ae4376
old-rule-D-0-0-S1,Matin2012_state_016,Matin2012_state_016::MEAH+,Matin2012,20.0,0.4549090981819637,0.0457,0.053553656178076454,evaluated,f66d972c032ce709ada69e8d8177e195c7e416800757663b7420c22bda5f6328,f5831262710bf30133910d7a237f8ef9487a4c5cb1ed167c167ad56b0792d46a,29f3847d4486b5353d002e62c09f7737cc30c88f1205eac20175fd3155ae4376
old-rule-D-0-0-S1,Matin2012_state_016,Matin2012_state_016::MEACOO-,Matin2012,20.0,0.4549090981819637,0.0433,0.04558442337427308,evaluated,f66d972c032ce709ada69e8d8177e195c7e416800757663b7420c22bda5f6328,f5831262710bf30133910d7a237f8ef9487a4c5cb1ed167c167ad56b0792d46a,29f3847d4486b5353d002e62c09f7737cc30c88f1205eac20175fd3155ae4376
old-rule-D-0-0-S1,Matin2012_state_016,Matin2012_state_016::HCO3-,Matin2012,20.0,0.4549090981819637,0.008,0.00547459215962785,evaluated,f66d972c032ce709ada69e8d8177e195c7e416800757663b7420c22bda5f6328,f5831262710bf30133910d7a237f8ef9487a4c5cb1ed167c167ad56b0792d46a,29f3847d4486b5353d002e62c09f7737cc30c88f1205eac20175fd3155ae4376
old-rule-D-0-0-S1,Matin2012_state_017,Matin2012_state_017::MEA,Matin2012,20.0,0.4799095981919638,0.0135,0.008759433686386714,evaluated,f66d972c032ce709ada69e8d8177e195c7e416800757663b7420c22bda5f6328,f5831262710bf30133910d7a237f8ef9487a4c5cb1ed167c167ad56b0792d46a,29f3847d4486b5353d002e62c09f7737cc30c88f1205eac20175fd3155ae4376
old-rule-D-0-0-S1,Matin2012_state_017,Matin2012_state_017::MEAH+,Matin2012,20.0,0.4799095981919638,0.0477,0.056405071009277025,evaluated,f66d972c032ce709ada69e8d8177e195c7e416800757663b7420c22bda5f6328,f5831262710bf30133910d7a237f8ef9487a4c5cb1ed167c167ad56b0792d46a,29f3847d4486b5353d002e62c09f7737cc30c88f1205eac20175fd3155ae4376
old-rule-D-0-0-S1,Matin2012_state_017,Matin2012_state_017::MEACOO-,Matin2012,20.0,0.4799095981919638,0.0448,0.047054222442476076,evaluated,f66d972c032ce709ada69e8d8177e195c7e416800757663b7420c22bda5f6328,f5831262710bf30133910d7a237f8ef9487a4c5cb1ed167c167ad56b0792d46a,29f3847d4486b5353d002e62c09f7737cc30c88f1205eac20175fd3155ae4376
old-rule-D-0-0-S1,Matin2012_state_017,Matin2012_state_017::HCO3-,Matin2012,20.0,0.4799095981919638,0.0091,0.006809503435059301,evaluated,f66d972c032ce709ada69e8d8177e195c7e416800757663b7420c22bda5f6328,f5831262710bf30133910d7a237f8ef9487a4c5cb1ed167c167ad56b0792d46a,29f3847d4486b5353d002e62c09f7737cc30c88f1205eac20175fd3155ae4376
old-rule-D-0-0-S1,Matin2012_state_018,Matin2012_state_018::MEA,Matin2012,20.0,0.5049100982019641,0.009,0.0055224018657117815,evaluated,f66d972c032ce709ada69e8d8177e195c7e416800757663b7420c22bda5f6328,f5831262710bf30133910d7a237f8ef9487a4c5cb1ed167c167ad56b0792d46a,29f3847d4486b5353d002e62c09f7737cc30c88f1205eac20175fd3155ae4376
old-rule-D-0-0-S1,Matin2012_state_018,Matin2012_state_018::MEAH+,Matin2012,20.0,0.5049100982019641,0.0496,0.05912552029347889,evaluated,f66d972c032ce709ada69e8d8177e195c7e416800757663b7420c22bda5f6328,f5831262710bf30133910d7a237f8ef9487a4c5cb1ed167c167ad56b0792d46a,29f3847d4486b5353d002e62c09f7737cc30c88f1205eac20175fd3155ae4376
old-rule-D-0-0-S1,Matin2012_state_018,Matin2012_state_018::MEACOO-,Matin2012,20.0,0.5049100982019641,0.0462,0.04757055473691661,evaluated,f66d972c032ce709ada69e8d8177e195c7e416800757663b7420c22bda5f6328,f5831262710bf30133910d7a237f8ef9487a4c5cb1ed167c167ad56b0792d46a,29f3847d4486b5353d002e62c09f7737cc30c88f1205eac20175fd3155ae4376
old-rule-D-0-0-S1,Matin2012_state_018,Matin2012_state_018::HCO3-,Matin2012,20.0,0.5049100982019641,0.0102,0.009096283000714583,evaluated,f66d972c032ce709ada69e8d8177e195c7e416800757663b7420c22bda5f6328,f5831262710bf30133910d7a237f8ef9487a4c5cb1ed167c167ad56b0792d46a,29f3847d4486b5353d002e62c09f7737cc30c88f1205eac20175fd3155ae4376
old-rule-D-0-0-S1,Matin2012_state_019,Matin2012_state_019::MEA,Matin2012,20.0,0.5309106182123643,0.0046,0.0035334918721052566,evaluated,f66d972c032ce709ada69e8d8177e195c7e416800757663b7420c22bda5f6328,f5831262710bf30133910d7a237f8ef9487a4c5cb1ed167c167ad56b0792d46a,29f3847d4486b5353d002e62c09f7737cc30c88f1205eac20175fd3155ae4376
old-rule-D-0-0-S1,Matin2012_state_019,Matin2012_state_019::MEAH+,Matin2012,20.0,0.5309106182123643,0.0515,0.061803029435460746,evaluated,f66d972c032ce709ada69e8d8177e195c7e416800757663b7420c22bda5f6328,f5831262710bf30133910d7a237f8ef9487a4c5cb1ed167c167ad56b0792d46a,29f3847d4486b5353d002e62c09f7737cc30c88f1205eac20175fd3155ae4376
old-rule-D-0-0-S1,Matin2012_state_019,Matin2012_state_019::MEACOO-,Matin2012,20.0,0.5309106182123643,0.0475,0.04688121826704796,evaluated,f66d972c032ce709ada69e8d8177e195c7e416800757663b7420c22bda5f6328,f5831262710bf30133910d7a237f8ef9487a4c5cb1ed167c167ad56b0792d46a,29f3847d4486b5353d002e62c09f7737cc30c88f1205eac20175fd3155ae4376
old-rule-D-0-0-S1,Matin2012_state_019,Matin2012_state_019::HCO3-,Matin2012,20.0,0.5309106182123643,0.0114,0.012696337964313322,evaluated,f66d972c032ce709ada69e8d8177e195c7e416800757663b7420c22bda5f6328,f5831262710bf30133910d7a237f8ef9487a4c5cb1ed167c167ad56b0792d46a,29f3847d4486b5353d002e62c09f7737cc30c88f1205eac20175fd3155ae4376
old-rule-D-0-0-S1,canonical:vle_obs_0034,vle_obs_0034-pco2,Aronu2011,40.0,0.10200204004080081,1.6,2.2206716897800183,evaluated,f66d972c032ce709ada69e8d8177e195c7e416800757663b7420c22bda5f6328,f5831262710bf30133910d7a237f8ef9487a4c5cb1ed167c167ad56b0792d46a,29f3847d4486b5353d002e62c09f7737cc30c88f1205eac20175fd3155ae4376
old-rule-D-0-0-S1,canonical:vle_obs_0035,vle_obs_0035-pco2,Aronu2011,40.0,0.20600412008240165,12.3,10.528771235085182,evaluated,f66d972c032ce709ada69e8d8177e195c7e416800757663b7420c22bda5f6328,f5831262710bf30133910d7a237f8ef9487a4c5cb1ed167c167ad56b0792d46a,29f3847d4486b5353d002e62c09f7737cc30c88f1205eac20175fd3155ae4376
old-rule-D-0-0-S1,canonical:vle_obs_0036,vle_obs_0036-pco2,Aronu2011,40.0,0.250005000100002,24.6,18.221284946965497,evaluated,f66d972c032ce709ada69e8d8177e195c7e416800757663b7420c22bda5f6328,f5831262710bf30133910d7a237f8ef9487a4c5cb1ed167c167ad56b0792d46a,29f3847d4486b5353d002e62c09f7737cc30c88f1205eac20175fd3155ae4376
old-rule-D-0-0-S1,canonical:vle_obs_0037,vle_obs_0037-pco2,Aronu2011,40.0,0.33700674013480275,60.3,56.3288407558303,evaluated,f66d972c032ce709ada69e8d8177e195c7e416800757663b7420c22bda5f6328,f5831262710bf30133910d7a237f8ef9487a4c5cb1ed167c167ad56b0792d46a,29f3847d4486b5353d002e62c09f7737cc30c88f1205eac20175fd3155ae4376
old-rule-D-0-0-S1,canonical:vle_obs_0038,vle_obs_0038-pco2,Aronu2011,40.0,0.3530070601412028,85.1,71.11991958113389,evaluated,f66d972c032ce709ada69e8d8177e195c7e416800757663b7420c22bda5f6328,f5831262710bf30133910d7a237f8ef9487a4c5cb1ed167c167ad56b0792d46a,29f3847d4486b5353d002e62c09f7737cc30c88f1205eac20175fd3155ae4376
old-rule-D-0-0-S1,canonical:vle_obs_0039,vle_obs_0039-pco2,Aronu2011,40.0,0.40100802016040327,183.5,158.3969973540794,evaluated,f66d972c032ce709ada69e8d8177e195c7e416800757663b7420c22bda5f6328,f5831262710bf30133910d7a237f8ef9487a4c5cb1ed167c167ad56b0792d46a,29f3847d4486b5353d002e62c09f7737cc30c88f1205eac20175fd3155ae4376
old-rule-D-0-0-S1,canonical:vle_obs_0040,vle_obs_0040-pco2,Aronu2011,40.0,0.4170083401668033,292.8,217.10895154352397,evaluated,f66d972c032ce709ada69e8d8177e195c7e416800757663b7420c22bda5f6328,f5831262710bf30133910d7a237f8ef9487a4c5cb1ed167c167ad56b0792d46a,29f3847d4486b5353d002e62c09f7737cc30c88f1205eac20175fd3155ae4376
old-rule-D-0-0-S1,canonical:vle_obs_0041,vle_obs_0041-pco2,Aronu2011,40.0,0.42100842016840334,318.79999999999995,236.08964403791626,evaluated,f66d972c032ce709ada69e8d8177e195c7e416800757663b7420c22bda5f6328,f5831262710bf30133910d7a237f8ef9487a4c5cb1ed167c167ad56b0792d46a,29f3847d4486b5353d002e62c09f7737cc30c88f1205eac20175fd3155ae4376
old-rule-D-0-0-S1,canonical:vle_obs_0042,vle_obs_0042-pco2,Aronu2011,40.0,0.43300866017320344,380.90000000000003,307.71818630395796,evaluated,f66d972c032ce709ada69e8d8177e195c7e416800757663b7420c22bda5f6328,f5831262710bf30133910d7a237f8ef9487a4c5cb1ed167c167ad56b0792d46a,29f3847d4486b5353d002e62c09f7737cc30c88f1205eac20175fd3155ae4376
old-rule-D-0-0-S1,canonical:vle_obs_0043,vle_obs_0043-pco2,Aronu2011,40.0,0.4470089401788036,570.2,431.2329800730598,evaluated,f66d972c032ce709ada69e8d8177e195c7e416800757663b7420c22bda5f6328,f5831262710bf30133910d7a237f8ef9487a4c5cb1ed167c167ad56b0792d46a,29f3847d4486b5353d002e62c09f7737cc30c88f1205eac20175fd3155ae4376
old-rule-D-0-0-S1,canonical:vle_obs_0044,vle_obs_0044-pco2,Aronu2011,40.0,0.4640092801856037,1066.2,679.5445807384884,evaluated,f66d972c032ce709ada69e8d8177e195c7e416800757663b7420c22bda5f6328,f5831262710bf30133910d7a237f8ef9487a4c5cb1ed167c167ad56b0792d46a,29f3847d4486b5353d002e62c09f7737cc30c88f1205eac20175fd3155ae4376
old-rule-D-0-0-S1,canonical:vle_obs_0045,vle_obs_0045-pco2,Aronu2011,40.0,0.4760095201904038,1832.6,964.8172518707376,evaluated,f66d972c032ce709ada69e8d8177e195c7e416800757663b7420c22bda5f6328,f5831262710bf30133910d7a237f8ef9487a4c5cb1ed167c167ad56b0792d46a,29f3847d4486b5353d002e62c09f7737cc30c88f1205eac20175fd3155ae4376
old-rule-D-0-0-S1,canonical:vle_obs_0046,vle_obs_0046-pco2,Aronu2011,40.0,0.4770095401908038,1827.8000000000002,994.4043962942208,evaluated,f66d972c032ce709ada69e8d8177e195c7e416800757663b7420c22bda5f6328,f5831262710bf30133910d7a237f8ef9487a4c5cb1ed167c167ad56b0792d46a,29f3847d4486b5353d002e62c09f7737cc30c88f1205eac20175fd3155ae4376
old-rule-D-0-0-S1,canonical:vle_obs_0047,vle_obs_0047-pco2,Aronu2011,40.0,0.48500970019400386,2319.3,1272.1055886934048,evaluated,f66d972c032ce709ada69e8d8177e195c7e416800757663b7420c22bda5f6328,f5831262710bf30133910d7a237f8ef9487a4c5cb1ed167c167ad56b0792d46a,29f3847d4486b5353d002e62c09f7737cc30c88f1205eac20175fd3155ae4376
old-rule-D-0-0-S1,canonical:vle_obs_0048,vle_obs_0048-pco2,Aronu2011,40.0,0.4890097801956039,2857.7,1442.5552219133576,evaluated,f66d972c032ce709ada69e8d8177e195c7e416800757663b7420c22bda5f6328,f5831262710bf30133910d7a237f8ef9487a4c5cb1ed167c167ad56b0792d46a,29f3847d4486b5353d002e62c09f7737cc30c88f1205eac20175fd3155ae4376
old-rule-D-0-0-S1,canonical:vle_obs_0049,vle_obs_0049-pco2,Aronu2011,40.0,0.5160103202064041,8558.3,3409.5310034590652,evaluated,f66d972c032ce709ada69e8d8177e195c7e416800757663b7420c22bda5f6328,f5831262710bf30133910d7a237f8ef9487a4c5cb1ed167c167ad56b0792d46a,29f3847d4486b5353d002e62c09f7737cc30c88f1205eac20175fd3155ae4376
old-rule-D-0-0-S1,canonical:vle_obs_0050,vle_obs_0050-pco2,Aronu2011,40.0,0.5240104802096043,11812.0,4362.949585587861,evaluated,f66d972c032ce709ada69e8d8177e195c7e416800757663b7420c22bda5f6328,f5831262710bf30133910d7a237f8ef9487a4c5cb1ed167c167ad56b0792d46a,29f3847d4486b5353d002e62c09f7737cc30c88f1205eac20175fd3155ae4376
old-rule-D-0-0-S1,canonical:vle_obs_0051,vle_obs_0051-pco2,Aronu2011,60.0,0.053001060021200426,4.5,3.902819297738008,evaluated,f66d972c032ce709ada69e8d8177e195c7e416800757663b7420c22bda5f6328,f5831262710bf30133910d7a237f8ef9487a4c5cb1ed167c167ad56b0792d46a,29f3847d4486b5353d002e62c09f7737cc30c88f1205eac20175fd3155ae4376
old-rule-D-0-0-S1,canonical:vle_obs_0052,vle_obs_0052-pco2,Aronu2011,60.0,0.10500210004200083,15.4,14.318125293453734,evaluated,f66d972c032ce709ada69e8d8177e195c7e416800757663b7420c22bda5f6328,f5831262710bf30133910d7a237f8ef9487a4c5cb1ed167c167ad56b0792d46a,29f3847d4486b5353d002e62c09f7737cc30c88f1205eac20175fd3155ae4376
old-rule-D-0-0-S1,canonical:vle_obs_0053,vle_obs_0053-pco2,Aronu2011,60.0,0.1620032400648013,42.7,36.599180885667245,evaluated,f66d972c032ce709ada69e8d8177e195c7e416800757663b7420c22bda5f6328,f5831262710bf30133910d7a237f8ef9487a4c5cb1ed167c167ad56b0792d46a,29f3847d4486b5353d002e62c09f7737cc30c88f1205eac20175fd3155ae4376
old-rule-D-0-0-S1,canonical:vle_obs_0054,vle_obs_0054-pco2,Aronu2011,60.0,0.24400488009760196,134.8,109.41188852083903,evaluated,f66d972c032ce709ada69e8d8177e195c7e416800757663b7420c22bda5f6328,f5831262710bf30133910d7a237f8ef9487a4c5cb1ed167c167ad56b0792d46a,29f3847d4486b5353d002e62c09f7737cc30c88f1205eac20175fd3155ae4376
old-rule-D-0-0-S1,canonical:vle_obs_0055,vle_obs_0055-pco2,Aronu2011,60.0,0.3030060601212024,301.5,235.1196376249707,evaluated,f66d972c032ce709ada69e8d8177e195c7e416800757663b7420c22bda5f6328,f5831262710bf30133910d7a237f8ef9487a4c5cb1ed167c167ad56b0792d46a,29f3847d4486b5353d002e62c09f7737cc30c88f1205eac20175fd3155ae4376
old-rule-D-0-0-S1,canonical:vle_obs_0056,vle_obs_0056-pco2,Aronu2011,60.0,0.3600072001440029,643.5999999999999,530.2095949748195,evaluated,f66d972c032ce709ada69e8d8177e195c7e416800757663b7420c22bda5f6328,f5831262710bf30133910d7a237f8ef9487a4c5cb1ed167c167ad56b0792d46a,29f3847d4486b5353d002e62c09f7737cc30c88f1205eac20175fd3155ae4376
old-rule-D-0-0-S1,canonical:vle_obs_0057,vle_obs_0057-pco2,Aronu2011,60.0,0.3930078601572032,1097.0,912.0498411522374,evaluated,f66d972c032ce709ada69e8d8177e195c7e416800757663b7420c22bda5f6328,f5831262710bf30133910d7a237f8ef9487a4c5cb1ed167c167ad56b0792d46a,29f3847d4486b5353d002e62c09f7737cc30c88f1205eac20175fd3155ae4376
old-rule-D-0-0-S1,canonical:vle_obs_0058,vle_obs_0058-pco2,Aronu2011,60.0,0.4280085601712034,2501.3999999999996,1778.0889010975316,evaluated,f66d972c032ce709ada69e8d8177e195c7e416800757663b7420c22bda5f6328,f5831262710bf30133910d7a237f8ef9487a4c5cb1ed167c167ad56b0792d46a,29f3847d4486b5353d002e62c09f7737cc30c88f1205eac20175fd3155ae4376
old-rule-D-0-0-S1,canonical:vle_obs_0059,vle_obs_0059-pco2,Aronu2011,60.0,0.49100982019640393,13558.0,7998.962118399549,evaluated,f66d972c032ce709ada69e8d8177e195c7e416800757663b7420c22bda5f6328,f5831262710bf30133910d7a237f8ef9487a4c5cb1ed167c167ad56b0792d46a,29f3847d4486b5353d002e62c09f7737cc30c88f1205eac20175fd3155ae4376
old-rule-D-0-0-S1,canonical:vle_obs_0060,vle_obs_0060-pco2,Aronu2011,80.0,0.017000340006800136,5.6,2.7462321757734456,evaluated,f66d972c032ce709ada69e8d8177e195c7e416800757663b7420c22bda5f6328,f5831262710bf30133910d7a237f8ef9487a4c5cb1ed167c167ad56b0792d46a,29f3847d4486b5353d002e62c09f7737cc30c88f1205eac20175fd3155ae4376
old-rule-D-0-0-S1,canonical:vle_obs_0061,vle_obs_0061-pco2,Aronu2011,80.0,0.04000080001600032,21.9,12.492412096332936,evaluated,f66d972c032ce709ada69e8d8177e195c7e416800757663b7420c22bda5f6328,f5831262710bf30133910d7a237f8ef9487a4c5cb1ed167c167ad56b0792d46a,29f3847d4486b5353d002e62c09f7737cc30c88f1205eac20175fd3155ae4376
old-rule-D-0-0-S1,canonical:vle_obs_0062,vle_obs_0062-pco2,Aronu2011,80.0,0.0750015000300006,55.7,39.8587048965781,evaluated,f66d972c032ce709ada69e8d8177e195c7e416800757663b7420c22bda5f6328,f5831262710bf30133910d7a237f8ef9487a4c5cb1ed167c167ad56b0792d46a,29f3847d4486b5353d002e62c09f7737cc30c88f1205eac20175fd3155ae4376
old-rule-D-0-0-S1,canonical:vle_obs_0063,vle_obs_0063-pco2,Aronu2011,80.0,0.12200244004880098,140.6,106.2962584633627,evaluated,f66d972c032ce709ada69e8d8177e195c7e416800757663b7420c22bda5f6328,f5831262710bf30133910d7a237f8ef9487a4c5cb1ed167c167ad56b0792d46a,29f3847d4486b5353d002e62c09f7737cc30c88f1205eac20175fd3155ae4376
old-rule-D-0-0-S1,canonical:vle_obs_0064,vle_obs_0064-pco2,Aronu2011,80.0,0.15500310006200124,248.5,181.92785205616826,evaluated,f66d972c032ce709ada69e8d8177e195c7e416800757663b7420c22bda5f6328,f5831262710bf30133910d7a237f8ef9487a4c5cb1ed167c167ad56b0792d46a,29f3847d4486b5353d002e62c09f7737cc30c88f1205eac20175fd3155ae4376
old-rule-D-0-0-S1,canonical:vle_obs_0065,vle_obs_0065-pco2,Aronu2011,80.0,0.21600432008640172,613.7,429.25200408200243,evaluated,f66d972c032ce709ada69e8d8177e195c7e416800757663b7420c22bda5f6328,f5831262710bf30133910d7a237f8ef9487a4c5cb1ed167c167ad56b0792d46a,29f3847d4486b5353d002e62c09f7737cc30c88f1205eac20175fd3155ae4376
old-rule-D-0-0-S1,canonical:vle_obs_0066,vle_obs_0066-pco2,Aronu2011,80.0,0.2710054201084022,1253.8,884.5077577276796,evaluated,f66d972c032ce709ada69e8d8177e195c7e416800757663b7420c22bda5f6328,f5831262710bf30133910d7a237f8ef9487a4c5cb1ed167c167ad56b0792d46a,29f3847d4486b5353d002e62c09f7737cc30c88f1205eac20175fd3155ae4376
old-rule-D-0-0-S1,canonical:vle_obs_0067,vle_obs_0067-pco2,Aronu2011,80.0,0.34700694013880273,3752.2000000000003,2522.553954486038,evaluated,f66d972c032ce709ada69e8d8177e195c7e416800757663b7420c22bda5f6328,f5831262710bf30133910d7a237f8ef9487a4c5cb1ed167c167ad56b0792d46a,29f3847d4486b5353d002e62c09f7737cc30c88f1205eac20175fd3155ae4376
old-rule-D-0-0-S1,canonical:vle_obs_0068,vle_obs_0068-pco2,Aronu2011,80.0,0.4000080001600032,7938.7,5885.547235876578,evaluated,f66d972c032ce709ada69e8d8177e195c7e416800757663b7420c22bda5f6328,f5831262710bf30133910d7a237f8ef9487a4c5cb1ed167c167ad56b0792d46a,29f3847d4486b5353d002e62c09f7737cc30c88f1205eac20175fd3155ae4376
old-rule-D-0-0-S1,canonical:vle_obs_0069,vle_obs_0069-pco2,Aronu2011,80.0,0.3980079601592032,8303.1,5685.030774172738,evaluated,f66d972c032ce709ada69e8d8177e195c7e416800757663b7420c22bda5f6328,f5831262710bf30133910d7a237f8ef9487a4c5cb1ed167c167ad56b0792d46a,29f3847d4486b5353d002e62c09f7737cc30c88f1205eac20175fd3155ae4376
old-rule-D-0-0-S1,canonical:vle_obs_0119,vle_obs_0119-pco2,Hilliard2008,40.0,0.15300306006120123,5.7,5.157252068226379,evaluated,f66d972c032ce709ada69e8d8177e195c7e416800757663b7420c22bda5f6328,f5831262710bf30133910d7a237f8ef9487a4c5cb1ed167c167ad56b0792d46a,29f3847d4486b5353d002e62c09f7737cc30c88f1205eac20175fd3155ae4376
old-rule-D-0-0-S1,canonical:vle_obs_0120,vle_obs_0120-pco2,Hilliard2008,40.0,0.1630032600652013,6.64,5.949008586970102,evaluated,f66d972c032ce709ada69e8d8177e195c7e416800757663b7420c22bda5f6328,f5831262710bf30133910d7a237f8ef9487a4c5cb1ed167c167ad56b0792d46a,29f3847d4486b5353d002e62c09f7737cc30c88f1205eac20175fd3155ae4376
old-rule-D-0-0-S1,canonical:vle_obs_0121,vle_obs_0121-pco2,Hilliard2008,40.0,0.17000340006800138,7.21,6.556193060246656,evaluated,f66d972c032ce709ada69e8d8177e195c7e416800757663b7420c22bda5f6328,f5831262710bf30133910d7a237f8ef9487a4c5cb1ed167c167ad56b0792d46a,29f3847d4486b5353d002e62c09f7737cc30c88f1205eac20175fd3155ae4376
old-rule-D-0-0-S1,canonical:vle_obs_0122,vle_obs_0122-pco2,Hilliard2008,40.0,0.19100382007640154,9.950000000000001,8.680590743506052,evaluated,f66d972c032ce709ada69e8d8177e195c7e416800757663b7420c22bda5f6328,f5831262710bf30133910d7a237f8ef9487a4c5cb1ed167c167ad56b0792d46a,29f3847d4486b5353d002e62c09f7737cc30c88f1205eac20175fd3155ae4376
old-rule-D-0-0-S1,canonical:vle_obs_0123,vle_obs_0123-pco2,Hilliard2008,40.0,0.19400388007760155,9.85,9.02597135430561,evaluated,f66d972c032ce709ada69e8d8177e195c7e416800757663b7420c22bda5f6328,f5831262710bf30133910d7a237f8ef9487a4c5cb1ed167c167ad56b0792d46a,29f3847d4486b5353d002e62c09f7737cc30c88f1205eac20175fd3155ae4376
old-rule-D-0-0-S1,canonical:vle_obs_0124,vle_obs_0124-pco2,Hilliard2008,40.0,0.23200464009280186,14.6,14.583999017067526,evaluated,f66d972c032ce709ada69e8d8177e195c7e416800757663b7420c22bda5f6328,f5831262710bf30133910d7a237f8ef9487a4c5cb1ed167c167ad56b0792d46a,29f3847d4486b5353d002e62c09f7737cc30c88f1205eac20175fd3155ae4376
old-rule-D-0-0-S1,canonical:vle_obs_0125,vle_obs_0125-pco2,Hilliard2008,40.0,0.24600492009840197,19.099999999999998,17.342376070734996,evaluated,f66d972c032ce709ada69e8d8177e195c7e416800757663b7420c22bda5f6328,f5831262710bf30133910d7a237f8ef9487a4c5cb1ed167c167ad56b0792d46a,29f3847d4486b5353d002e62c09f7737cc30c88f1205eac20175fd3155ae4376
old-rule-D-0-0-S1,canonical:vle_obs_0126,vle_obs_0126-pco2,Hilliard2008,40.0,0.26900538010760217,23.099999999999998,23.062222874308237,evaluated,f66d972c032ce709ada69e8d8177e195c7e416800757663b7420c22bda5f6328,f5831262710bf30133910d7a237f8ef9487a4c5cb1ed167c167ad56b0792d46a,29f3847d4486b5353d002e62c09f7737cc30c88f1205eac20175fd3155ae4376
old-rule-D-0-0-S1,canonical:vle_obs_0127,vle_obs_0127-pco2,Hilliard2008,40.0,0.2720054401088022,22.4,23.941967083720563,evaluated,f66d972c032ce709ada69e8d8177e195c7e416800757663b7420c22bda5f6328,f5831262710bf30133910d7a237f8ef9487a4c5cb1ed167c167ad56b0792d46a,29f3847d4486b5353d002e62c09f7737cc30c88f1205eac20175fd3155ae4376
old-rule-D-0-0-S1,canonical:vle_obs_0128,vle_obs_0128-pco2,Hilliard2008,40.0,0.3260065201304026,48.5,48.31042096442107,evaluated,f66d972c032ce709ada69e8d8177e195c7e416800757663b7420c22bda5f6328,f5831262710bf30133910d7a237f8ef9487a4c5cb1ed167c167ad56b0792d46a,29f3847d4486b5353d002e62c09f7737cc30c88f1205eac20175fd3155ae4376
old-rule-D-0-0-S1,canonical:vle_obs_0129,vle_obs_0129-pco2,Hilliard2008,40.0,0.3480069601392028,66.19999999999999,66.03042823496948,evaluated,f66d972c032ce709ada69e8d8177e195c7e416800757663b7420c22bda5f6328,f5831262710bf30133910d7a237f8ef9487a4c5cb1ed167c167ad56b0792d46a,29f3847d4486b5353d002e62c09f7737cc30c88f1205eac20175fd3155ae4376
old-rule-D-0-0-S1,canonical:vle_obs_0130,vle_obs_0130-pco2,Hilliard2008,40.0,0.3500070001400028,72.1,68.01002694245523,evaluated,f66d972c032ce709ada69e8d8177e195c7e416800757663b7420c22bda5f6328,f5831262710bf30133910d7a237f8ef9487a4c5cb1ed167c167ad56b0792d46a,29f3847d4486b5353d002e62c09f7737cc30c88f1205eac20175fd3155ae4376
old-rule-D-0-0-S1,canonical:vle_obs_0131,vle_obs_0131-pco2,Hilliard2008,40.0,0.3600072001440029,96.60000000000001,79.09809468784815,evaluated,f66d972c032ce709ada69e8d8177e195c7e416800757663b7420c22bda5f6328,f5831262710bf30133910d7a237f8ef9487a4c5cb1ed167c167ad56b0792d46a,29f3847d4486b5353d002e62c09f7737cc30c88f1205eac20175fd3155ae4376
old-rule-D-0-0-S1,canonical:vle_obs_0132,vle_obs_0132-pco2,Hilliard2008,40.0,0.3820076401528031,131.0,112.84348269915196,evaluated,f66d972c032ce709ada69e8d8177e195c7e416800757663b7420c22bda5f6328,f5831262710bf30133910d7a237f8ef9487a4c5cb1ed167c167ad56b0792d46a,29f3847d4486b5353d002e62c09f7737cc30c88f1205eac20175fd3155ae4376
old-rule-D-0-0-S1,canonical:vle_obs_0133,vle_obs_0133-pco2,Hilliard2008,40.0,0.3860077201544031,120.0,120.85780339657849,evaluated,f66d972c032ce709ada69e8d8177e195c7e416800757663b7420c22bda5f6328,f5831262710bf30133910d7a237f8ef9487a4c5cb1ed167c167ad56b0792d46a,29f3847d4486b5353d002e62c09f7737cc30c88f1205eac20175fd3155ae4376
old-rule-D-0-0-S1,canonical:vle_obs_0134,vle_obs_0134-pco2,Hilliard2008,40.0,0.3890077801556031,113.0,127.35709256899266,evaluated,f66d972c032ce709ada69e8d8177e195c7e416800757663b7420c22bda5f6328,f5831262710bf30133910d7a237f8ef9487a4c5cb1ed167c167ad56b0792d46a,29f3847d4486b5353d002e62c09f7737cc30c88f1205eac20175fd3155ae4376
old-rule-D-0-0-S1,canonical:vle_obs_0135,vle_obs_0135-pco2,Hilliard2008,40.0,0.4000080001600032,128.0,155.45725855535485,evaluated,f66d972c032ce709ada69e8d8177e195c7e416800757663b7420c22bda5f6328,f5831262710bf30133910d7a237f8ef9487a4c5cb1ed167c167ad56b0792d46a,29f3847d4486b5353d002e62c09f7737cc30c88f1205eac20175fd3155ae4376
old-rule-D-0-0-S1,canonical:vle_obs_0136,vle_obs_0136-pco2,Hilliard2008,40.0,0.4640092801856037,750.0,679.5445807384884,evaluated,f66d972c032ce709ada69e8d8177e195c7e416800757663b7420c22bda5f6328,f5831262710bf30133910d7a237f8ef9487a4c5cb1ed167c167ad56b0792d46a,29f3847d4486b5353d002e62c09f7737cc30c88f1205eac20175fd3155ae4376
old-rule-D-0-0-S1,canonical:vle_obs_0137,vle_obs_0137-pco2,Hilliard2008,40.0,0.4660093201864038,574.0,719.2576389855421,evaluated,f66d972c032ce709ada69e8d8177e195c7e416800757663b7420c22bda5f6328,f5831262710bf30133910d7a237f8ef9487a4c5cb1ed167c167ad56b0792d46a,29f3847d4486b5353d002e62c09f7737cc30c88f1205eac20175fd3155ae4376
old-rule-D-0-0-S1,canonical:vle_obs_0138,vle_obs_0138-pco2,Hilliard2008,40.0,0.48100962019240384,883.0,1123.6219811748024,evaluated,f66d972c032ce709ada69e8d8177e195c7e416800757663b7420c22bda5f6328,f5831262710bf30133910d7a237f8ef9487a4c5cb1ed167c167ad56b0792d46a,29f3847d4486b5353d002e62c09f7737cc30c88f1205eac20175fd3155ae4376
old-rule-D-0-0-S1,canonical:vle_obs_0139,vle_obs_0139-pco2,Hilliard2008,40.0,0.49100982019640393,1100.0,1536.9249258100676,evaluated,f66d972c032ce709ada69e8d8177e195c7e416800757663b7420c22bda5f6328,f5831262710bf30133910d7a237f8ef9487a4c5cb1ed167c167ad56b0792d46a,29f3847d4486b5353d002e62c09f7737cc30c88f1205eac20175fd3155ae4376
old-rule-D-0-0-S1,canonical:vle_obs_0140,vle_obs_0140-pco2,Hilliard2008,40.0,0.501010020200404,1870.0,2116.0033991638743,evaluated,f66d972c032ce709ada69e8d8177e195c7e416800757663b7420c22bda5f6328,f5831262710bf30133910d7a237f8ef9487a4c5cb1ed167c167ad56b0792d46a,29f3847d4486b5353d002e62c09f7737cc30c88f1205eac20175fd3155ae4376
old-rule-D-0-0-S1,canonical:vle_obs_0141,vle_obs_0141-pco2,Hilliard2008,40.0,0.5180103602072041,3030.0,3628.8804144410606,evaluated,f66d972c032ce709ada69e8d8177e195c7e416800757663b7420c22bda5f6328,f5831262710bf30133910d7a237f8ef9487a4c5cb1ed167c167ad56b0792d46a,29f3847d4486b5353d002e62c09f7737cc30c88f1205eac20175fd3155ae4376
old-rule-D-0-0-S1,canonical:vle_obs_0142,vle_obs_0142-pco2,Hilliard2008,40.0,0.5910118202364048,28300.0,22855.389267583305,evaluated,f66d972c032ce709ada69e8d8177e195c7e416800757663b7420c22bda5f6328,f5831262710bf30133910d7a237f8ef9487a4c5cb1ed167c167ad56b0792d46a,29f3847d4486b5353d002e62c09f7737cc30c88f1205eac20175fd3155ae4376
old-rule-D-0-0-S1,canonical:vle_obs_0143,vle_obs_0143-pco2,Hilliard2008,60.0,0.11400228004560092,19.400000000000002,16.93686838015258,evaluated,f66d972c032ce709ada69e8d8177e195c7e416800757663b7420c22bda5f6328,f5831262710bf30133910d7a237f8ef9487a4c5cb1ed167c167ad56b0792d46a,29f3847d4486b5353d002e62c09f7737cc30c88f1205eac20175fd3155ae4376
old-rule-D-0-0-S1,canonical:vle_obs_0144,vle_obs_0144-pco2,Hilliard2008,60.0,0.19100382007640154,58.9,54.85391731927711,evaluated,f66d972c032ce709ada69e8d8177e195c7e416800757663b7420c22bda5f6328,f5831262710bf30133910d7a237f8ef9487a4c5cb1ed167c167ad56b0792d46a,29f3847d4486b5353d002e62c09f7737cc30c88f1205eac20175fd3155ae4376
old-rule-D-0-0-S1,canonical:vle_obs_0145,vle_obs_0145-pco2,Hilliard2008,60.0,0.2910058201164023,209.0,200.54432371726173,evaluated,f66d972c032ce709ada69e8d8177e195c7e416800757663b7420c22bda5f6328,f5831262710bf30133910d7a237f8ef9487a4c5cb1ed167c167ad56b0792d46a,29f3847d4486b5353d002e62c09f7737cc30c88f1205eac20175fd3155ae4376
old-rule-D-0-0-S1,canonical:vle_obs_0146,vle_obs_0146-pco2,Hilliard2008,60.0,0.3860077201544031,763.0,808.0118602095345,evaluated,f66d972c032ce709ada69e8d8177e195c7e416800757663b7420c22bda5f6328,f5831262710bf30133910d7a237f8ef9487a4c5cb1ed167c167ad56b0792d46a,29f3847d4486b5353d002e62c09f7737cc30c88f1205eac20175fd3155ae4376
old-rule-D-0-0-S1,canonical:vle_obs_0147,vle_obs_0147-pco2,Hilliard2008,60.0,0.48500970019400386,4860.0,6839.28170376965,evaluated,f66d972c032ce709ada69e8d8177e195c7e416800757663b7420c22bda5f6328,f5831262710bf30133910d7a237f8ef9487a4c5cb1ed167c167ad56b0792d46a,29f3847d4486b5353d002e62c09f7737cc30c88f1205eac20175fd3155ae4376
old-rule-D-0-0-S1,canonical:vle_obs_0148,vle_obs_0148-pco2,Hilliard2008,60.0,0.5440108802176044,25800.0,30277.79365597992,evaluated,f66d972c032ce709ada69e8d8177e195c7e416800757663b7420c22bda5f6328,f5831262710bf30133910d7a237f8ef9487a4c5cb1ed167c167ad56b0792d46a,29f3847d4486b5353d002e62c09f7737cc30c88f1205eac20175fd3155ae4376
old-rule-D-0-0-S1,canonical:vle_obs_0162,vle_obs_0162-pco2,Idris2014,40.0,0.24200484009680193,21.0,16.50581715156516,evaluated,f66d972c032ce709ada69e8d8177e195c7e416800757663b7420c22bda5f6328,f5831262710bf30133910d7a237f8ef9487a4c5cb1ed167c167ad56b0792d46a,29f3847d4486b5353d002e62c09f7737cc30c88f1205eac20175fd3155ae4376
old-rule-D-0-0-S1,canonical:vle_obs_0163,vle_obs_0163-pco2,Idris2014,40.0,0.3210064201284026,38.0,45.12264917792463,evaluated,f66d972c032ce709ada69e8d8177e195c7e416800757663b7420c22bda5f6328,f5831262710bf30133910d7a237f8ef9487a4c5cb1ed167c167ad56b0792d46a,29f3847d4486b5353d002e62c09f7737cc30c88f1205eac20175fd3155ae4376
old-rule-D-0-0-S1,canonical:vle_obs_0164,vle_obs_0164-pco2,Idris2014,40.0,0.33000660013200267,43.0,51.05601651225024,evaluated,f66d972c032ce709ada69e8d8177e195c7e416800757663b7420c22bda5f6328,f5831262710bf30133910d7a237f8ef9487a4c5cb1ed167c167ad56b0792d46a,29f3847d4486b5353d002e62c09f7737cc30c88f1205eac20175fd3155ae4376
old-rule-D-0-0-S1,canonical:vle_obs_0165,vle_obs_0165-pco2,Idris2014,40.0,0.3450069001380027,50.0,63.193047096480775,evaluated,f66d972c032ce709ada69e8d8177e195c7e416800757663b7420c22bda5f6328,f5831262710bf30133910d7a237f8ef9487a4c5cb1ed167c167ad56b0792d46a,29f3847d4486b5353d002e62c09f7737cc30c88f1205eac20175fd3155ae4376
old-rule-D-0-0-S1,canonical:vle_obs_0166,vle_obs_0166-pco2,Idris2014,40.0,0.3520070401408028,64.0,70.06396240976503,evaluated,f66d972c032ce709ada69e8d8177e195c7e416800757663b7420c22bda5f6328,f5831262710bf30133910d7a237f8ef9487a4c5cb1ed167c167ad56b0792d46a,29f3847d4486b5353d002e62c09f7737cc30c88f1205eac20175fd3155ae4376
old-rule-D-0-0-S1,canonical:vle_obs_0167,vle_obs_0167-pco2,Idris2014,40.0,0.3550071001420028,97.0,73.29215326869497,evaluated,f66d972c032ce709ada69e8d8177e195c7e416800757663b7420c22bda5f6328,f5831262710bf30133910d7a237f8ef9487a4c5cb1ed167c167ad56b0792d46a,29f3847d4486b5353d002e62c09f7737cc30c88f1205eac20175fd3155ae4376
old-rule-D-0-0-S1,canonical:vle_obs_0168,vle_obs_0168-pco2,Idris2014,40.0,0.375007500150003,107.0,100.3937413027576,evaluated,f66d972c032ce709ada69e8d8177e195c7e416800757663b7420c22bda5f6328,f5831262710bf30133910d7a237f8ef9487a4c5cb1ed167c167ad56b0792d46a,29f3847d4486b5353d002e62c09f7737cc30c88f1205eac20175fd3155ae4376
old-rule-D-0-0-S1,canonical:vle_obs_0169,vle_obs_0169-pco2,Idris2014,40.0,0.377007540150803,123.0,103.76254897975572,evaluated,f66d972c032ce709ada69e8d8177e195c7e416800757663b7420c22bda5f6328,f5831262710bf30133910d7a237f8ef9487a4c5cb1ed167c167ad56b0792d46a,29f3847d4486b5353d002e62c09f7737cc30c88f1205eac20175fd3155ae4376
old-rule-D-0-0-S1,canonical:vle_obs_0170,vle_obs_0170-pco2,Idris2014,40.0,0.4360087201744035,445.0,329.9086628875485,evaluated,f66d972c032ce709ada69e8d8177e195c7e416800757663b7420c22bda5f6328,f5831262710bf30133910d7a237f8ef9487a4c5cb1ed167c167ad56b0792d46a,29f3847d4486b5353d002e62c09f7737cc30c88f1205eac20175fd3155ae4376
old-rule-D-0-0-S1,canonical:vle_obs_0171,vle_obs_0171-pco2,Idris2014,40.0,0.4600092001840037,813.0,607.8225859751824,evaluated,f66d972c032ce709ada69e8d8177e195c7e416800757663b7420c22bda5f6328,f5831262710bf30133910d7a237f8ef9487a4c5cb1ed167c167ad56b0792d46a,29f3847d4486b5353d002e62c09f7737cc30c88f1205eac20175fd3155ae4376
old-rule-D-0-0-S1,canonical:vle_obs_0186,vle_obs_0186-pco2,Jou1995,40.0,0.08880177603552071,1.47,1.6977000915512077,evaluated,f66d972c032ce709ada69e8d8177e195c7e416800757663b7420c22bda5f6328,f5831262710bf30133910d7a237f8ef9487a4c5cb1ed167c167ad56b0792d46a,29f3847d4486b5353d002e62c09f7737cc30c88f1205eac20175fd3155ae4376
old-rule-D-0-0-S1,canonical:vle_obs_0187,vle_obs_0187-pco2,Jou1995,40.0,0.20300406008120164,8.959999999999999,10.133938869036296,evaluated,f66d972c032ce709ada69e8d8177e195c7e416800757663b7420c22bda5f6328,f5831262710bf30133910d7a237f8ef9487a4c5cb1ed167c167ad56b0792d46a,29f3847d4486b5353d002e62c09f7737cc30c88f1205eac20175fd3155ae4376
old-rule-D-0-0-S1,canonical:vle_obs_0188,vle_obs_0188-pco2,Jou1995,40.0,0.3650073001460029,67.7,85.49569792324063,evaluated,f66d972c032ce709ada69e8d8177e195c7e416800757663b7420c22bda5f6328,f5831262710bf30133910d7a237f8ef9487a4c5cb1ed167c167ad56b0792d46a,29f3847d4486b5353d002e62c09f7737cc30c88f1205eac20175fd3155ae4376
old-rule-D-0-0-S1,canonical:vle_obs_0189,vle_obs_0189-pco2,Jou1995,40.0,0.47350947018940376,604.0,895.2080317502777,evaluated,f66d972c032ce709ada69e8d8177e195c7e416800757663b7420c22bda5f6328,f5831262710bf30133910d7a237f8ef9487a4c5cb1ed167c167ad56b0792d46a,29f3847d4486b5353d002e62c09f7737cc30c88f1205eac20175fd3155ae4376
old-rule-D-0-0-S1,canonical:vle_obs_0190,vle_obs_0190-pco2,Jou1995,40.0,0.5130102602052041,2570.0,3102.8197358030175,evaluated,f66d972c032ce709ada69e8d8177e195c7e416800757663b7420c22bda5f6328,f5831262710bf30133910d7a237f8ef9487a4c5cb1ed167c167ad56b0792d46a,29f3847d4486b5353d002e62c09f7737cc30c88f1205eac20175fd3155ae4376
old-rule-D-0-0-S1,canonical:vle_obs_0191,vle_obs_0191-pco2,Jou1995,40.0,0.5570111402228045,8090.0,10846.342192432507,evaluated,f66d972c032ce709ada69e8d8177e195c7e416800757663b7420c22bda5f6328,f5831262710bf30133910d7a237f8ef9487a4c5cb1ed167c167ad56b0792d46a,29f3847d4486b5353d002e62c09f7737cc30c88f1205eac20175fd3155ae4376
old-rule-D-0-0-S1,canonical:vle_obs_0192,vle_obs_0192-pco2,Jou1995,40.0,0.6090121802436048,36100.0,31754.37818713601,evaluated,f66d972c032ce709ada69e8d8177e195c7e416800757663b7420c22bda5f6328,f5831262710bf30133910d7a237f8ef9487a4c5cb1ed167c167ad56b0792d46a,29f3847d4486b5353d002e62c09f7737cc30c88f1205eac20175fd3155ae4376
old-rule-D-0-0-S1,canonical:vle_obs_0193,vle_obs_0193-pco2,Jou1995,40.0,0.6420128402568052,103000.0,53046.86098438731,evaluated,f66d972c032ce709ada69e8d8177e195c7e416800757663b7420c22bda5f6328,f5831262710bf30133910d7a237f8ef9487a4c5cb1ed167c167ad56b0792d46a,29f3847d4486b5353d002e62c09f7737cc30c88f1205eac20175fd3155ae4376
old-rule-D-0-0-S1,canonical:vle_obs_0194,vle_obs_0194-pco2,Jou1995,60.0,0.05640112802256045,4.28,4.371843388321717,evaluated,f66d972c032ce709ada69e8d8177e195c7e416800757663b7420c22bda5f6328,f5831262710bf30133910d7a237f8ef9487a4c5cb1ed167c167ad56b0792d46a,29f3847d4486b5353d002e62c09f7737cc30c88f1205eac20175fd3155ae4376
old-rule-D-0-0-S1,canonical:vle_obs_0195,vle_obs_0195-pco2,Jou1995,60.0,0.11900238004760096,19.3,18.51691501694267,evaluated,f66d972c032ce709ada69e8d8177e195c7e416800757663b7420c22bda5f6328,f5831262710bf30133910d7a237f8ef9487a4c5cb1ed167c167ad56b0792d46a,29f3847d4486b5353d002e62c09f7737cc30c88f1205eac20175fd3155ae4376
old-rule-D-0-0-S1,canonical:vle_obs_0196,vle_obs_0196-pco2,Jou1995,60.0,0.20600412008240165,57.9,66.97329494882199,evaluated,f66d972c032ce709ada69e8d8177e195c7e416800757663b7420c22bda5f6328,f5831262710bf30133910d7a237f8ef9487a4c5cb1ed167c167ad56b0792d46a,29f3847d4486b5353d002e62c09f7737cc30c88f1205eac20175fd3155ae4376
old-rule-D-0-0-S1,canonical:vle_obs_0197,vle_obs_0197-pco2,Jou1995,60.0,0.3890077801556031,528.0,850.6838446714389,evaluated,f66d972c032ce709ada69e8d8177e195c7e416800757663b7420c22bda5f6328,f5831262710bf30133910d7a237f8ef9487a4c5cb1ed167c167ad56b0792d46a,29f3847d4486b5353d002e62c09f7737cc30c88f1205eac20175fd3155ae4376
old-rule-D-0-0-S1,canonical:vle_obs_0198,vle_obs_0198-pco2,Jou1995,60.0,0.4380087601752035,2009.9999999999998,2199.3467053148997,evaluated,f66d972c032ce709ada69e8d8177e195c7e416800757663b7420c22bda5f6328,f5831262710bf30133910d7a237f8ef9487a4c5cb1ed167c167ad56b0792d46a,29f3847d4486b5353d002e62c09f7737cc30c88f1205eac20175fd3155ae4376
old-rule-D-0-0-S1,canonical:vle_obs_0199,vle_obs_0199-pco2,Jou1995,60.0,0.5040100802016041,11000.0,11249.257488074007,evaluated,f66d972c032ce709ada69e8d8177e195c7e416800757663b7420c22bda5f6328,f5831262710bf30133910d7a237f8ef9487a4c5cb1ed167c167ad56b0792d46a,29f3847d4486b5353d002e62c09f7737cc30c88f1205eac20175fd3155ae4376
old-rule-D-0-0-S1,canonical:vle_obs_0200,vle_obs_0200-pco2,Jou1995,60.0,0.5610112202244045,34000.0,43701.56568802981,evaluated,f66d972c032ce709ada69e8d8177e195c7e416800757663b7420c22bda5f6328,f5831262710bf30133910d7a237f8ef9487a4c5cb1ed167c167ad56b0792d46a,29f3847d4486b5353d002e62c09f7737cc30c88f1205eac20175fd3155ae4376
old-rule-D-0-0-S1,canonical:vle_obs_0201,vle_obs_0201-pco2,Jou1995,60.0,0.5790115802316046,82000.0,61881.45406431192,evaluated,f66d972c032ce709ada69e8d8177e195c7e416800757663b7420c22bda5f6328,f5831262710bf30133910d7a237f8ef9487a4c5cb1ed167c167ad56b0792d46a,29f3847d4486b5353d002e62c09f7737cc30c88f1205eac20175fd3155ae4376
old-rule-D-0-0-S1,canonical:vle_obs_0202,vle_obs_0202-pco2,Jou1995,60.0,0.6680133602672054,282000.0,209167.24963486852,evaluated,f66d972c032ce709ada69e8d8177e195c7e416800757663b7420c22bda5f6328,f5831262710bf30133910d7a237f8ef9487a4c5cb1ed167c167ad56b0792d46a,29f3847d4486b5353d002e62c09f7737cc30c88f1205eac20175fd3155ae4376
old-rule-D-0-0-S1,canonical:vle_obs_0203,vle_obs_0203-pco2,Jou1995,80.0,0.017400348006960137,2.96,2.860741790172069,evaluated,f66d972c032ce709ada69e8d8177e195c7e416800757663b7420c22bda5f6328,f5831262710bf30133910d7a237f8ef9487a4c5cb1ed167c167ad56b0792d46a,29f3847d4486b5353d002e62c09f7737cc30c88f1205eac20175fd3155ae4376
old-rule-D-0-0-S1,canonical:vle_obs_0204,vle_obs_0204-pco2,Jou1995,80.0,0.02360047200944019,4.84,4.891209609796227,evaluated,f66d972c032ce709ada69e8d8177e195c7e416800757663b7420c22bda5f6328,f5831262710bf30133910d7a237f8ef9487a4c5cb1ed167c167ad56b0792d46a,29f3847d4486b5353d002e62c09f7737cc30c88f1205eac20175fd3155ae4376
old-rule-D-0-0-S1,canonical:vle_obs_0205,vle_obs_0205-pco2,Jou1995,80.0,0.07810156203124063,46.5,43.08605708309331,evaluated,f66d972c032ce709ada69e8d8177e195c7e416800757663b7420c22bda5f6328,f5831262710bf30133910d7a237f8ef9487a4c5cb1ed167c167ad56b0792d46a,29f3847d4486b5353d002e62c09f7737cc30c88f1205eac20175fd3155ae4376
old-rule-D-0-0-S1,canonical:vle_obs_0206,vle_obs_0206-pco2,Jou1995,80.0,0.11800236004720094,99.2,98.99055957289413,evaluated,f66d972c032ce709ada69e8d8177e195c7e416800757663b7420c22bda5f6328,f5831262710bf30133910d7a237f8ef9487a4c5cb1ed167c167ad56b0792d46a,29f3847d4486b5353d002e62c09f7737cc30c88f1205eac20175fd3155ae4376
old-rule-D-0-0-S1,canonical:vle_obs_0207,vle_obs_0207-pco2,Jou1995,80.0,0.1870037400748015,278.0,289.4095825047066,evaluated,f66d972c032ce709ada69e8d8177e195c7e416800757663b7420c22bda5f6328,f5831262710bf30133910d7a237f8ef9487a4c5cb1ed167c167ad56b0792d46a,29f3847d4486b5353d002e62c09f7737cc30c88f1205eac20175fd3155ae4376
old-rule-D-0-0-S1,canonical:vle_obs_0208,vle_obs_0208-pco2,Jou1995,80.0,0.3480069601392028,2670.0,2560.1947090102735,evaluated,f66d972c032ce709ada69e8d8177e195c7e416800757663b7420c22bda5f6328,f5831262710bf30133910d7a237f8ef9487a4c5cb1ed167c167ad56b0792d46a,29f3847d4486b5353d002e62c09f7737cc30c88f1205eac20175fd3155ae4376
old-rule-D-0-0-S1,canonical:vle_obs_0209,vle_obs_0209-pco2,Jou1995,80.0,0.4600092001840037,16000.0,18753.159005915724,evaluated,f66d972c032ce709ada69e8d8177e195c7e416800757663b7420c22bda5f6328,f5831262710bf30133910d7a237f8ef9487a4c5cb1ed167c167ad56b0792d46a,29f3847d4486b5353d002e62c09f7737cc30c88f1205eac20175fd3155ae4376
old-rule-D-0-0-S1,canonical:vle_obs_0210,vle_obs_0210-pco2,Jou1995,80.0,0.5170103402068041,56000.0,63896.828275231775,evaluated,f66d972c032ce709ada69e8d8177e195c7e416800757663b7420c22bda5f6328,f5831262710bf30133910d7a237f8ef9487a4c5cb1ed167c167ad56b0792d46a,29f3847d4486b5353d002e62c09f7737cc30c88f1205eac20175fd3155ae4376
old-rule-D-0-0-S1,canonical:vle_obs_0211,vle_obs_0211-pco2,Jou1995,80.0,0.5785115702314046,235000.0,191881.30755630418,evaluated,f66d972c032ce709ada69e8d8177e195c7e416800757663b7420c22bda5f6328,f5831262710bf30133910d7a237f8ef9487a4c5cb1ed167c167ad56b0792d46a,29f3847d4486b5353d002e62c09f7737cc30c88f1205eac20175fd3155ae4376
old-rule-D-0-0-S1,canonical:vle_obs_0212,vle_obs_0212-pco2,Jou1995,80.0,0.6400128002560052,558000.0,399698.0417054945,evaluated,f66d972c032ce709ada69e8d8177e195c7e416800757663b7420c22bda5f6328,f5831262710bf30133910d7a237f8ef9487a4c5cb1ed167c167ad56b0792d46a,29f3847d4486b5353d002e62c09f7737cc30c88f1205eac20175fd3155ae4376
old-rule-D-0-0-S1,canonical:vle_obs_0213,vle_obs_0213-pco2,Jou1995,80.0,0.6890137802756054,958000.0,593716.3394218695,evaluated,f66d972c032ce709ada69e8d8177e195c7e416800757663b7420c22bda5f6328,f5831262710bf30133910d7a237f8ef9487a4c5cb1ed167c167ad56b0792d46a,29f3847d4486b5353d002e62c09f7737cc30c88f1205eac20175fd3155ae4376
old-rule-D-0-0-S1,canonical:vle_obs_0214,vle_obs_0214-pco2,Jou1995,100.0,0.011700234004680093,7.24,6.851566629259686,evaluated,f66d972c032ce709ada69e8d8177e195c7e416800757663b7420c22bda5f6328,f5831262710bf30133910d7a237f8ef9487a4c5cb1ed167c167ad56b0792d46a,29f3847d4486b5353d002e62c09f7737cc30c88f1205eac20175fd3155ae4376
old-rule-D-0-0-S1,canonical:vle_obs_0215,vle_obs_0215-pco2,Jou1995,100.0,0.05660113202264045,136.0,113.60200236047923,evaluated,f66d972c032ce709ada69e8d8177e195c7e416800757663b7420c22bda5f6328,f5831262710bf30133910d7a237f8ef9487a4c5cb1ed167c167ad56b0792d46a,29f3847d4486b5353d002e62c09f7737cc30c88f1205eac20175fd3155ae4376
old-rule-D-0-0-S1,canonical:vle_obs_0216,vle_obs_0216-pco2,Jou1995,100.0,0.1880037600752015,1430.0,1468.5526658044232,evaluated,f66d972c032ce709ada69e8d8177e195c7e416800757663b7420c22bda5f6328,f5831262710bf30133910d7a237f8ef9487a4c5cb1ed167c167ad56b0792d46a,29f3847d4486b5353d002e62c09f7737cc30c88f1205eac20175fd3155ae4376
old-rule-D-0-0-S1,canonical:vle_obs_0217,vle_obs_0217-pco2,Jou1995,100.0,0.3810076201524031,19000.0,21544.3435727236,evaluated,f66d972c032ce709ada69e8d8177e195c7e416800757663b7420c22bda5f6328,f5831262710bf30133910d7a237f8ef9487a4c5cb1ed167c167ad56b0792d46a,29f3847d4486b5353d002e62c09f7737cc30c88f1205eac20175fd3155ae4376
old-rule-D-0-0-S1,canonical:vle_obs_0218,vle_obs_0218-pco2,Jou1995,100.0,0.42200844016880334,39000.0,42285.96245940332,evaluated,f66d972c032ce709ada69e8d8177e195c7e416800757663b7420c22bda5f6328,f5831262710bf30133910d7a237f8ef9487a4c5cb1ed167c167ad56b0792d46a,29f3847d4486b5353d002e62c09f7737cc30c88f1205eac20175fd3155ae4376
old-rule-D-0-0-S1,canonical:vle_obs_0219,vle_obs_0219-pco2,Jou1995,100.0,0.4770095401908038,69000.0,112391.2743141155,evaluated,f66d972c032ce709ada69e8d8177e195c7e416800757663b7420c22bda5f6328,f5831262710bf30133910d7a237f8ef9487a4c5cb1ed167c167ad56b0792d46a,29f3847d4486b5353d002e62c09f7737cc30c88f1205eac20175fd3155ae4376
old-rule-D-0-0-S1,canonical:vle_obs_0220,vle_obs_0220-pco2,Jou1995,100.0,0.48100962019240384,109000.0,120690.60228207633,evaluated,f66d972c032ce709ada69e8d8177e195c7e416800757663b7420c22bda5f6328,f5831262710bf30133910d7a237f8ef9487a4c5cb1ed167c167ad56b0792d46a,29f3847d4486b5353d002e62c09f7737cc30c88f1205eac20175fd3155ae4376
old-rule-D-0-0-S1,canonical:vle_obs_0221,vle_obs_0221-pco2,Jou1995,100.0,0.5710114202284046,509000.0,468339.7941106396,evaluated,f66d972c032ce709ada69e8d8177e195c7e416800757663b7420c22bda5f6328,f5831262710bf30133910d7a237f8ef9487a4c5cb1ed167c167ad56b0792d46a,29f3847d4486b5353d002e62c09f7737cc30c88f1205eac20175fd3155ae4376
old-rule-D-0-0-S1,canonical:vle_obs_0222,vle_obs_0222-pco2,Jou1995,100.0,0.5890117802356047,376000.0,569766.0834094491,evaluated,f66d972c032ce709ada69e8d8177e195c7e416800757663b7420c22bda5f6328,f5831262710bf30133910d7a237f8ef9487a4c5cb1ed167c167ad56b0792d46a,29f3847d4486b5353d002e62c09f7737cc30c88f1205eac20175fd3155ae4376
old-rule-D-0-0-S1,canonical:vle_obs_0223,vle_obs_0223-pco2,Jou1995,100.0,0.613512270245405,909000.0,717270.0768576686,evaluated,f66d972c032ce709ada69e8d8177e195c7e416800757663b7420c22bda5f6328,f5831262710bf30133910d7a237f8ef9487a4c5cb1ed167c167ad56b0792d46a,29f3847d4486b5353d002e62c09f7737cc30c88f1205eac20175fd3155ae4376
old-rule-D-0-0-S1,canonical:vle_obs_0224,vle_obs_0224-pco2,Jou1995,120.0,0.0033300666013320267,2.02,3.4974464260025915,evaluated,f66d972c032ce709ada69e8d8177e195c7e416800757663b7420c22bda5f6328,f5831262710bf30133910d7a237f8ef9487a4c5cb1ed167c167ad56b0792d46a,29f3847d4486b5353d002e62c09f7737cc30c88f1205eac20175fd3155ae4376
old-rule-D-0-0-S1,canonical:vle_obs_0225,vle_obs_0225-pco2,Jou1995,120.0,0.01120022400448009,22.1,27.953538033972922,evaluated,f66d972c032ce709ada69e8d8177e195c7e416800757663b7420c22bda5f6328,f5831262710bf30133910d7a237f8ef9487a4c5cb1ed167c167ad56b0792d46a,29f3847d4486b5353d002e62c09f7737cc30c88f1205eac20175fd3155ae4376
old-rule-D-0-0-S1,canonical:vle_obs_0226,vle_obs_0226-pco2,Jou1995,120.0,0.024700494009880197,98.4,112.36687418549106,evaluated,f66d972c032ce709ada69e8d8177e195c7e416800757663b7420c22bda5f6328,f5831262710bf30133910d7a237f8ef9487a4c5cb1ed167c167ad56b0792d46a,29f3847d4486b5353d002e62c09f7737cc30c88f1205eac20175fd3155ae4376
old-rule-D-0-0-S1,canonical:vle_obs_0227,vle_obs_0227-pco2,Jou1995,120.0,0.11900238004760096,2290.0,2221.5360209158152,evaluated,f66d972c032ce709ada69e8d8177e195c7e416800757663b7420c22bda5f6328,f5831262710bf30133910d7a237f8ef9487a4c5cb1ed167c167ad56b0792d46a,29f3847d4486b5353d002e62c09f7737cc30c88f1205eac20175fd3155ae4376
old-rule-D-0-0-S1,canonical:vle_obs_0228,vle_obs_0228-pco2,Jou1995,120.0,0.3490069801396028,46800.0,59962.34983833471,evaluated,f66d972c032ce709ada69e8d8177e195c7e416800757663b7420c22bda5f6328,f5831262710bf30133910d7a237f8ef9487a4c5cb1ed167c167ad56b0792d46a,29f3847d4486b5353d002e62c09f7737cc30c88f1205eac20175fd3155ae4376
old-rule-D-0-0-S1,canonical:vle_obs_0229,vle_obs_0229-pco2,Jou1995,120.0,0.41150823016460325,122000.0,148212.3727707288,evaluated,f66d972c032ce709ada69e8d8177e195c7e416800757663b7420c22bda5f6328,f5831262710bf30133910d7a237f8ef9487a4c5cb1ed167c167ad56b0792d46a,29f3847d4486b5353d002e62c09f7737cc30c88f1205eac20175fd3155ae4376
old-rule-D-0-0-S1,canonical:vle_obs_0230,vle_obs_0230-pco2,Jou1995,120.0,0.4440088801776036,222000.0,239011.21761425148,evaluated,f66d972c032ce709ada69e8d8177e195c7e416800757663b7420c22bda5f6328,f5831262710bf30133910d7a237f8ef9487a4c5cb1ed167c167ad56b0792d46a,29f3847d4486b5353d002e62c09f7737cc30c88f1205eac20175fd3155ae4376
old-rule-D-0-0-S1,canonical:vle_obs_0231,vle_obs_0231-pco2,Jou1995,120.0,0.47300946018920376,422000.0,360007.6505093853,evaluated,f66d972c032ce709ada69e8d8177e195c7e416800757663b7420c22bda5f6328,f5831262710bf30133910d7a237f8ef9487a4c5cb1ed167c167ad56b0792d46a,29f3847d4486b5353d002e62c09f7737cc30c88f1205eac20175fd3155ae4376
old-rule-D-0-0-S1,canonical:vle_obs_0232,vle_obs_0232-pco2,Jou1995,120.0,0.5360107202144043,822000.0,766215.427386475,evaluated,f66d972c032ce709ada69e8d8177e195c7e416800757663b7420c22bda5f6328,f5831262710bf30133910d7a237f8ef9487a4c5cb1ed167c167ad56b0792d46a,29f3847d4486b5353d002e62c09f7737cc30c88f1205eac20175fd3155ae4376
old-rule-D-0-0-S1,canonical:vle_obs_0233,vle_obs_0233-pco2,Jou1995,120.0,0.6390127802556052,2804000.0,1671950.4632187984,evaluated,f66d972c032ce709ada69e8d8177e195c7e416800757663b7420c22bda5f6328,f5831262710bf30133910d7a237f8ef9487a4c5cb1ed167c167ad56b0792d46a,29f3847d4486b5353d002e62c09f7737cc30c88f1205eac20175fd3155ae4376
old-rule-D-0-0-S1,canonical:vle_obs_0246,vle_obs_0246-pco2,Mamun2005,120.0,0.15500310006200124,7354.0,4080.1457541445375,evaluated,f66d972c032ce709ada69e8d8177e195c7e416800757663b7420c22bda5f6328,f5831262710bf30133910d7a237f8ef9487a4c5cb1ed167c167ad56b0792d46a,29f3847d4486b5353d002e62c09f7737cc30c88f1205eac20175fd3155ae4376
old-rule-D-0-0-S1,canonical:vle_obs_0247,vle_obs_0247-pco2,Mamun2005,120.0,0.17660353207064142,9314.0,5662.859623334549,evaluated,f66d972c032ce709ada69e8d8177e195c7e416800757663b7420c22bda5f6328,f5831262710bf30133910d7a237f8ef9487a4c5cb1ed167c167ad56b0792d46a,29f3847d4486b5353d002e62c09f7737cc30c88f1205eac20175fd3155ae4376
old-rule-D-0-0-S1,canonical:vle_obs_0248,vle_obs_0248-pco2,Mamun2005,120.0,0.18430368607372147,9045.0,6336.326818289314,evaluated,f66d972c032ce709ada69e8d8177e195c7e416800757663b7420c22bda5f6328,f5831262710bf30133910d7a237f8ef9487a4c5cb1ed167c167ad56b0792d46a,29f3847d4486b5353d002e62c09f7737cc30c88f1205eac20175fd3155ae4376
old-rule-D-0-0-S1,canonical:vle_obs_0249,vle_obs_0249-pco2,Mamun2005,120.0,0.20850417008340166,15510.0,8920.957252377897,evaluated,f66d972c032ce709ada69e8d8177e195c7e416800757663b7420c22bda5f6328,f5831262710bf30133910d7a237f8ef9487a4c5cb1ed167c167ad56b0792d46a,29f3847d4486b5353d002e62c09f7737cc30c88f1205eac20175fd3155ae4376
old-rule-D-0-0-S1,canonical:vle_obs_0250,vle_obs_0250-pco2,Mamun2005,120.0,0.23260465209304187,19620.0,12399.495543963127,evaluated,f66d972c032ce709ada69e8d8177e195c7e416800757663b7420c22bda5f6328,f5831262710bf30133910d7a237f8ef9487a4c5cb1ed167c167ad56b0792d46a,29f3847d4486b5353d002e62c09f7737cc30c88f1205eac20175fd3155ae4376
old-rule-D-0-0-S1,canonical:vle_obs_0251,vle_obs_0251-pco2,Mamun2005,120.0,0.23810476209524192,25200.0,13353.636981499118,evaluated,f66d972c032ce709ada69e8d8177e195c7e416800757663b7420c22bda5f6328,f5831262710bf30133910d7a237f8ef9487a4c5cb1ed167c167ad56b0792d46a,29f3847d4486b5353d002e62c09f7737cc30c88f1205eac20175fd3155ae4376
old-rule-D-0-0-S1,canonical:vle_obs_0252,vle_obs_0252-pco2,Mamun2005,120.0,0.25600512010240206,27710.0,16972.520141497902,evaluated,f66d972c032ce709ada69e8d8177e195c7e416800757663b7420c22bda5f6328,f5831262710bf30133910d7a237f8ef9487a4c5cb1ed167c167ad56b0792d46a,29f3847d4486b5353d002e62c09f7737cc30c88f1205eac20175fd3155ae4376
old-rule-D-0-0-S1,canonical:vle_obs_0253,vle_obs_0253-pco2,Mamun2005,120.0,0.29010580211604237,39180.0,26766.990334157115,evaluated,f66d972c032ce709ada69e8d8177e195c7e416800757663b7420c22bda5f6328,f5831262710bf30133910d7a237f8ef9487a4c5cb1ed167c167ad56b0792d46a,29f3847d4486b5353d002e62c09f7737cc30c88f1205eac20175fd3155ae4376
old-rule-D-0-0-S1,canonical:vle_obs_0254,vle_obs_0254-pco2,Mamun2005,120.0,0.2967059341186824,40400.0,29248.555980625646,evaluated,f66d972c032ce709ada69e8d8177e195c7e416800757663b7420c22bda5f6328,f5831262710bf30133910d7a237f8ef9487a4c5cb1ed167c167ad56b0792d46a,29f3847d4486b5353d002e62c09f7737cc30c88f1205eac20175fd3155ae4376
old-rule-D-0-0-S1,canonical:vle_obs_0255,vle_obs_0255-pco2,Mamun2005,120.0,0.3004060081201624,43490.0,30743.159391142548,evaluated,f66d972c032ce709ada69e8d8177e195c7e416800757663b7420c22bda5f6328,f5831262710bf30133910d7a237f8ef9487a4c5cb1ed167c167ad56b0792d46a,29f3847d4486b5353d002e62c09f7737cc30c88f1205eac20175fd3155ae4376
old-rule-D-0-0-S1,canonical:vle_obs_0256,vle_obs_0256-pco2,Mamun2005,120.0,0.3125062501250025,51820.0,36214.64771373635,evaluated,f66d972c032ce709ada69e8d8177e195c7e416800757663b7420c22bda5f6328,f5831262710bf30133910d7a237f8ef9487a4c5cb1ed167c167ad56b0792d46a,29f3847d4486b5353d002e62c09f7737cc30c88f1205eac20175fd3155ae4376
old-rule-D-0-0-S1,canonical:vle_obs_0257,vle_obs_0257-pco2,Mamun2005,120.0,0.31910638212764253,58570.0,39623.381049369884,evaluated,f66d972c032ce709ada69e8d8177e195c7e416800757663b7420c22bda5f6328,f5831262710bf30133910d7a237f8ef9487a4c5cb1ed167c167ad56b0792d46a,29f3847d4486b5353d002e62c09f7737cc30c88f1205eac20175fd3155ae4376
old-rule-D-0-0-S1,canonical:vle_obs_0258,vle_obs_0258-pco2,Mamun2005,120.0,0.32980659613192265,62880.0,45893.66451637278,evaluated,f66d972c032ce709ada69e8d8177e195c7e416800757663b7420c22bda5f6328,f5831262710bf30133910d7a237f8ef9487a4c5cb1ed167c167ad56b0792d46a,29f3847d4486b5353d002e62c09f7737cc30c88f1205eac20175fd3155ae4376
old-rule-D-0-0-S1,canonical:vle_obs_0259,vle_obs_0259-pco2,Mamun2005,120.0,0.3424068481369627,77590.0,54664.80162292579,evaluated,f66d972c032ce709ada69e8d8177e195c7e416800757663b7420c22bda5f6328,f5831262710bf30133910d7a237f8ef9487a4c5cb1ed167c167ad56b0792d46a,29f3847d4486b5353d002e62c09f7737cc30c88f1205eac20175fd3155ae4376
old-rule-D-0-0-S1,canonical:vle_obs_0260,vle_obs_0260-pco2,Mamun2005,120.0,0.3424068481369627,74950.0,54664.80162292579,evaluated,f66d972c032ce709ada69e8d8177e195c7e416800757663b7420c22bda5f6328,f5831262710bf30133910d7a237f8ef9487a4c5cb1ed167c167ad56b0792d46a,29f3847d4486b5353d002e62c09f7737cc30c88f1205eac20175fd3155ae4376
old-rule-D-0-0-S1,canonical:vle_obs_0261,vle_obs_0261-pco2,Mamun2005,120.0,0.3500070001400028,83610.0,60811.96589055752,evaluated,f66d972c032ce709ada69e8d8177e195c7e416800757663b7420c22bda5f6328,f5831262710bf30133910d7a237f8ef9487a4c5cb1ed167c167ad56b0792d46a,29f3847d4486b5353d002e62c09f7737cc30c88f1205eac20175fd3155ae4376
old-rule-D-0-0-S1,canonical:vle_obs_0262,vle_obs_0262-pco2,Mamun2005,120.0,0.3594071881437629,92790.0,69460.64645356705,evaluated,f66d972c032ce709ada69e8d8177e195c7e416800757663b7420c22bda5f6328,f5831262710bf30133910d7a237f8ef9487a4c5cb1ed167c167ad56b0792d46a,29f3847d4486b5353d002e62c09f7737cc30c88f1205eac20175fd3155ae4376
old-rule-D-0-0-S1,canonical:vle_obs_0263,vle_obs_0263-pco2,Mamun2005,120.0,0.38820776415528313,137900.0,105215.78712481433,evaluated,f66d972c032ce709ada69e8d8177e195c7e416800757663b7420c22bda5f6328,f5831262710bf30133910d7a237f8ef9487a4c5cb1ed167c167ad56b0792d46a,29f3847d4486b5353d002e62c09f7737cc30c88f1205eac20175fd3155ae4376
old-rule-D-0-0-S1,canonical:vle_obs_0264,vle_obs_0264-pco2,Mamun2005,120.0,0.41820836416728335,191900.0,163635.462350061,evaluated,f66d972c032ce709ada69e8d8177e195c7e416800757663b7420c22bda5f6328,f5831262710bf30133910d7a237f8ef9487a4c5cb1ed167c167ad56b0792d46a,29f3847d4486b5353d002e62c09f7737cc30c88f1205eac20175fd3155ae4376
old-rule-D-0-0-S1,canonical:vle_obs_0265,vle_obs_0265-pco2,Xu2011,100.0,0.3880077601552031,34000.0,24066.89625785037,evaluated,f66d972c032ce709ada69e8d8177e195c7e416800757663b7420c22bda5f6328,f5831262710bf30133910d7a237f8ef9487a4c5cb1ed167c167ad56b0792d46a,29f3847d4486b5353d002e62c09f7737cc30c88f1205eac20175fd3155ae4376
old-rule-D-0-0-S1,canonical:vle_obs_0266,vle_obs_0266-pco2,Xu2011,100.0,0.4240084801696034,101000.0,43768.02219996813,evaluated,f66d972c032ce709ada69e8d8177e195c7e416800757663b7420c22bda5f6328,f5831262710bf30133910d7a237f8ef9487a4c5cb1ed167c167ad56b0792d46a,29f3847d4486b5353d002e62c09f7737cc30c88f1205eac20175fd3155ae4376
old-rule-D-0-0-S1,canonical:vle_obs_0267,vle_obs_0267-pco2,Xu2011,100.0,0.4250085001700034,86000.0,44530.621656031835,evaluated,f66d972c032ce709ada69e8d8177e195c7e416800757663b7420c22bda5f6328,f5831262710bf30133910d7a237f8ef9487a4c5cb1ed167c167ad56b0792d46a,29f3847d4486b5353d002e62c09f7737cc30c88f1205eac20175fd3155ae4376
old-rule-D-0-0-S1,canonical:vle_obs_0268,vle_obs_0268-pco2,Xu2011,100.0,0.501010020200404,167000.0,170937.8720272963,evaluated,f66d972c032ce709ada69e8d8177e195c7e416800757663b7420c22bda5f6328,f5831262710bf30133910d7a237f8ef9487a4c5cb1ed167c167ad56b0792d46a,29f3847d4486b5353d002e62c09f7737cc30c88f1205eac20175fd3155ae4376
old-rule-D-0-0-S1,canonical:vle_obs_0269,vle_obs_0269-pco2,Xu2011,100.0,0.5200104002080042,233000.0,233277.91288731553,evaluated,f66d972c032ce709ada69e8d8177e195c7e416800757663b7420c22bda5f6328,f5831262710bf30133910d7a237f8ef9487a4c5cb1ed167c167ad56b0792d46a,29f3847d4486b5353d002e62c09f7737cc30c88f1205eac20175fd3155ae4376
old-rule-D-0-0-S1,canonical:vle_obs_0270,vle_obs_0270-pco2,Xu2011,100.0,0.3150063001260025,16000.0,8181.831371955208,evaluated,f66d972c032ce709ada69e8d8177e195c7e416800757663b7420c22bda5f6328,f5831262710bf30133910d7a237f8ef9487a4c5cb1ed167c167ad56b0792d46a,29f3847d4486b5353d002e62c09f7737cc30c88f1205eac20175fd3155ae4376
old-rule-D-0-0-S1,canonical:vle_obs_0271,vle_obs_0271-pco2,Xu2011,100.0,0.47500950019000376,95000.0,108444.29916409675,evaluated,f66d972c032ce709ada69e8d8177e195c7e416800757663b7420c22bda5f6328,f5831262710bf30133910d7a237f8ef9487a4c5cb1ed167c167ad56b0792d46a,29f3847d4486b5353d002e62c09f7737cc30c88f1205eac20175fd3155ae4376
old-rule-D-0-0-S1,canonical:vle_obs_0272,vle_obs_0272-pco2,Xu2011,100.0,0.3150063001260025,12000.0,8181.831371955208,evaluated,f66d972c032ce709ada69e8d8177e195c7e416800757663b7420c22bda5f6328,f5831262710bf30133910d7a237f8ef9487a4c5cb1ed167c167ad56b0792d46a,29f3847d4486b5353d002e62c09f7737cc30c88f1205eac20175fd3155ae4376
old-rule-D-0-0-S1,canonical:vle_obs_0279,vle_obs_0279-pco2,Xu2011,120.0,0.370007400148003,63000.0,80823.3571255217,evaluated,f66d972c032ce709ada69e8d8177e195c7e416800757663b7420c22bda5f6328,f5831262710bf30133910d7a237f8ef9487a4c5cb1ed167c167ad56b0792d46a,29f3847d4486b5353d002e62c09f7737cc30c88f1205eac20175fd3155ae4376
old-rule-D-0-0-S1,canonical:vle_obs_0280,vle_obs_0280-pco2,Xu2011,120.0,0.3850077001540031,108000.0,100417.60822001737,evaluated,f66d972c032ce709ada69e8d8177e195c7e416800757663b7420c22bda5f6328,f5831262710bf30133910d7a237f8ef9487a4c5cb1ed167c167ad56b0792d46a,29f3847d4486b5353d002e62c09f7737cc30c88f1205eac20175fd3155ae4376
old-rule-D-0-0-S1,canonical:vle_obs_0281,vle_obs_0281-pco2,Xu2011,120.0,0.3870077401548031,62000.0,103388.75109178504,evaluated,f66d972c032ce709ada69e8d8177e195c7e416800757663b7420c22bda5f6328,f5831262710bf30133910d7a237f8ef9487a4c5cb1ed167c167ad56b0792d46a,29f3847d4486b5353d002e62c09f7737cc30c88f1205eac20175fd3155ae4376
old-rule-D-0-0-S1,canonical:vle_obs_0282,vle_obs_0282-pco2,Xu2011,120.0,0.42200844016880334,237000.0,173082.78134017868,evaluated,f66d972c032ce709ada69e8d8177e195c7e416800757663b7420c22bda5f6328,f5831262710bf30133910d7a237f8ef9487a4c5cb1ed167c167ad56b0792d46a,29f3847d4486b5353d002e62c09f7737cc30c88f1205eac20175fd3155ae4376
old-rule-D-0-0-S1,canonical:vle_obs_0283,vle_obs_0283-pco2,Xu2011,120.0,0.4230084601692034,192000.0,175656.99415497124,evaluated,f66d972c032ce709ada69e8d8177e195c7e416800757663b7420c22bda5f6328,f5831262710bf30133910d7a237f8ef9487a4c5cb1ed167c167ad56b0792d46a,29f3847d4486b5353d002e62c09f7737cc30c88f1205eac20175fd3155ae4376
old-rule-D-0-0-S1,canonical:vle_obs_0284,vle_obs_0284-pco2,Xu2011,120.0,0.49200984019680394,387000.0,462537.9726759606,evaluated,f66d972c032ce709ada69e8d8177e195c7e416800757663b7420c22bda5f6328,f5831262710bf30133910d7a237f8ef9487a4c5cb1ed167c167ad56b0792d46a,29f3847d4486b5353d002e62c09f7737cc30c88f1205eac20175fd3155ae4376
old-rule-D-0-0-S1,canonical:vle_obs_0285,vle_obs_0285-pco2,Xu2011,120.0,0.5080101602032041,512000.0,562990.81291502,evaluated,f66d972c032ce709ada69e8d8177e195c7e416800757663b7420c22bda5f6328,f5831262710bf30133910d7a237f8ef9487a4c5cb1ed167c167ad56b0792d46a,29f3847d4486b5353d002e62c09f7737cc30c88f1205eac20175fd3155ae4376
old-rule-D-0-0-S1,canonical:vle_obs_0286,vle_obs_0286-pco2,Xu2011,120.0,0.3140062801256025,50000.0,36961.14080002005,evaluated,f66d972c032ce709ada69e8d8177e195c7e416800757663b7420c22bda5f6328,f5831262710bf30133910d7a237f8ef9487a4c5cb1ed167c167ad56b0792d46a,29f3847d4486b5353d002e62c09f7737cc30c88f1205eac20175fd3155ae4376
old-rule-D-0-0-S1,canonical:vle_obs_0287,vle_obs_0287-pco2,Xu2011,120.0,0.4670093401868038,283000.0,331509.6610951935,evaluated,f66d972c032ce709ada69e8d8177e195c7e416800757663b7420c22bda5f6328,f5831262710bf30133910d7a237f8ef9487a4c5cb1ed167c167ad56b0792d46a,29f3847d4486b5353d002e62c09f7737cc30c88f1205eac20175fd3155ae4376
old-rule-D-0-0-S1,canonical:vle_obs_0288,vle_obs_0288-pco2,Xu2011,120.0,0.3140062801256025,45000.0,36961.14080002005,evaluated,f66d972c032ce709ada69e8d8177e195c7e416800757663b7420c22bda5f6328,f5831262710bf30133910d7a237f8ef9487a4c5cb1ed167c167ad56b0792d46a,29f3847d4486b5353d002e62c09f7737cc30c88f1205eac20175fd3155ae4376
