phase,variant,rule,born_formulation,observation_id,family,temperature_C,loading,source,continuation_present,liquid_start_present,pressure_start_count,compiled,status,failure_code,failure_diagnostic,elapsed_s,solver_status,physical_status,eos_domain_status,liquid_density_mol_m3,liquid_packing_fraction,liquid_mole_fractions,liquid_mechanical_class,vapor_mechanical_class,charge_closure,material_balance_closure,reaction_affinity_closure,pressure_closure,bulk_relative_permittivity,figiel_reference_permittivity,born_a_over_rt,debye_huckel_a_over_rt,residual_a_over_rt,eos_evaluation_count
full,E-AUTO-r5ap80,E,AUTO,Bottinger2008_state_030,speciation,20.0,0.0749,Bottinger2008,True,False,0,True,evaluated,,,0.5771097220131196,solve_succeeded,passed,passed,45391.62808483578,0.453747545658786,"[6.567080229000413e-10, 0.09545797237311553, 0.8867252483093803, 0.009386563060347623, 0.007374333380108064, 8.573366368151112e-05, 0.0009563474605203446, 3.106470953169525e-13, 1.3801095828005459e-05]",strict_stable_local_minimum,,3.8771357432995524e-19,3.686287386450715e-17,1.9895196601282805e-13,1.0340369074191101e-14,59.861710484804306,59.861710484804306,-3.284747124804803,-0.011024260698228674,-13.478227212108907,133
full,E-AUTO-r5ap80,E,AUTO,Bottinger2008_state_031,speciation,20.0,0.1499,Bottinger2008,True,False,0,True,evaluated,,,0.6864488889987115,solve_succeeded,passed,passed,46773.26992917565,0.4541128914340763,"[5.125736037539805e-09, 0.07878753116921546, 0.8862807699583575, 0.018093160143217647, 0.015338176999628863, 0.00024002158064410873, 0.001254626540800358, 5.28036003038663e-13, 5.70848187199507e-06]",strict_stable_local_minimum,,8.353825091940485e-20,1.249000902703301e-16,1.1368683772161603e-13,1.5566707560008994e-11,55.47954138434313,55.47954138434313,-6.076063404286872,-0.027618303438733352,-16.151048425237185,386
full,E-AUTO-r5ap80,E,AUTO,Bottinger2008_state_032,speciation,20.0,0.2349,Bottinger2008,True,False,0,True,evaluated,,,0.8717490499839187,solve_succeeded,passed,passed,48427.66297421793,0.4545326439103353,"[3.095046733890206e-08, 0.06003936976975447, 0.8857669648509959, 0.027819611476938635, 0.024359884167346645, 0.0005659297278652182, 0.0014455885266202357, 7.626225735398924e-13, 2.6205292489244856e-06]",strict_stable_local_minimum,,-1.4559724336814137e-18,1.1102230246251565e-16,1.1368683772161603e-13,1.9417202494010905e-11,51.61429500073987,51.61429500073987,-9.1326613048174,-0.05136881289376273,-19.076193017591432,909
full,E-AUTO-r5ap80,E,AUTO,Bottinger2008_state_033,speciation,20.0,0.3089,Bottinger2008,True,False,0,True,evaluated,,,0.690273846994387,solve_succeeded,passed,passed,49937.480754819524,0.45486811291128537,"[1.3623176508326995e-07, 0.044000263327686064, 0.8850674052631847, 0.03625533299406464, 0.031963257277740936, 0.001133761439896899, 0.001578470812840133, 1.0375230762258017e-12, 1.3726517840584474e-06]",strict_stable_local_minimum,,6.31541949278345e-19,8.456776945386935e-17,1.1368683772161603e-13,5.147205939152904e-13,48.94262537585408,48.94262537585408,-11.77380277679082,-0.07586060671562313,-21.602259508756426,272
full,E-AUTO-r5ap80,E,AUTO,Bottinger2008_state_034,speciation,20.0,0.3879,Bottinger2008,True,False,0,True,evaluated,,,0.49282478500390425,solve_succeeded,passed,passed,51575.722898927284,0.45510715244483635,"[7.507012577890148e-07, 0.027657446262498723, 0.883558591159251, 0.04524243393989723, 0.03931890444202432, 0.0025195772927673757, 0.0017016560059856514, 1.5918547133576765e-12, 6.40194726090557e-07]",strict_stable_local_minimum,,-7.946766050097964e-18,1.1102230246251565e-16,2.5579538487363607e-13,1.2147061337431712e-12,46.603432122347165,46.603432122347165,-14.598195145745025,-0.10550685750002214,-24.29810933117171,147
full,E-AUTO-r5ap80,E,AUTO,Bottinger2008_state_035,speciation,20.0,0.4739,Bottinger2008,True,False,0,True,evaluated,,,0.5397354990127496,solve_succeeded,passed,passed,53148.51806211898,0.4548468587350341,"[6.870063484264224e-06, 0.01293156996731862, 0.8789842401966556, 0.05489258684175092, 0.04439394112744334, 0.00708271331348821, 0.0017078539174914204, 3.2655680088997427e-12, 2.2456910210523464e-07]",strict_stable_local_minimum,,-8.928228176447292e-18,1.0018028073766061e-16,1.4210854715202004e-13,1.6987790226524563e-11,44.34579612889879,44.34579612889879,-17.658874256089625,-0.1414501070437835,-27.194517529378572,147
full,E-AUTO-r5ap80,E,AUTO,Bottinger2008_state_042,speciation,40.0,0.1249,Bottinger2008,True,False,0,True,evaluated,,,1.1467709059943445,solve_succeeded,passed,passed,45914.646175265305,0.4467369907193915,"[1.324970754122648e-08, 0.08442682940081672, 0.8868174831372033, 0.014719594108372003, 0.013072443891210282, 0.00027138727648534395, 0.000683514007646768, 1.5875768970113314e-12, 8.734926970416245e-06]",strict_stable_local_minimum,,1.6871677653755212e-18,8.326672684688674e-17,1.4210854715202004e-13,3.890994712875827e-12,52.52954352929887,52.52954352929887,-4.491585255397275,-0.020052956214752688,-13.49393915042755,1389
full,E-AUTO-r5ap80,E,AUTO,Bottinger2008_state_043,speciation,40.0,0.2049,Bottinger2008,True,False,0,True,evaluated,,,0.8901194430072792,solve_succeeded,passed,passed,47421.289188672374,0.4471342121073029,"[7.806757176537286e-08, 0.0668363177310567, 0.8863681302649951, 0.02378671220731288, 0.021595830188242036, 0.0006310075872136678, 0.0007779504829279812, 2.3393438043279457e-12, 3.973468340561379e-06]",strict_stable_local_minimum,,-3.940086609377029e-18,4.163336342344337e-17,2.5579538487363607e-13,8.994684932174842e-13,48.78010437119641,48.78010437119641,-7.125339346412332,-0.0402690064396985,-16.020697148524647,901
full,E-AUTO-r5ap80,E,AUTO,Bottinger2008_state_044,speciation,40.0,0.2359,Bottinger2008,True,False,0,True,evaluated,,,0.5127847460098565,solve_succeeded,passed,passed,48024.96139180685,0.4472804818296049,"[1.4530479711050272e-07, 0.06009160583295604, 0.8861330604063259, 0.02728867188796007, 0.024838574860410113, 0.0008427737186924904, 0.0008021553252933539, 2.6471210079430502e-12, 3.0126609178814436e-06]",strict_stable_local_minimum,,-1.5250806251406592e-18,8.326672684688674e-17,5.684341886080802e-14,2.3522329016464775e-11,47.54499967992092,47.54499967992092,-8.138287317337554,-0.049342124455909124,-16.992327388357417,139
full,E-AUTO-r5ap80,E,AUTO,Bottinger2008_state_045,speciation,40.0,0.27990000000000004,Bottinger2008,True,False,0,True,evaluated,,,0.4825710960139986,solve_succeeded,passed,passed,48897.45104500018,0.4474716181307944,"[3.4496558269437973e-07, 0.05063247098429355, 0.8856901614595417, 0.032254048458979875, 0.029332310732345334, 0.0012575424175650148, 0.0008310743336803102, 3.151324440408533e-12, 2.046644860238501e-06]",strict_stable_local_minimum,,-7.873164214905205e-18,4.147655644908292e-17,8.526512829121202e-14,5.256354279380476e-13,45.96288845745441,45.96288845745441,-9.574246388008518,-0.06332347082736006,-18.369217358965003,151
full,E-AUTO-r5ap80,E,AUTO,Bottinger2008_state_046,speciation,40.0,0.34290000000000004,Bottinger2008,True,False,0,True,evaluated,,,0.7343754210160114,solve_succeeded,passed,passed,50162.93810165384,0.44768006220021256,"[1.2164460344998132e-06, 0.037487007732098274, 0.8846658274211772, 0.0393549819356269, 0.035376742711342994, 0.002249050569748369, 0.0008640154788946094, 4.16545485258621e-12, 1.1577009117774676e-06]",strict_stable_local_minimum,,-4.961758103038472e-18,8.326672684688674e-17,1.4210854715202004e-13,2.9561966253215228e-12,43.987553576525144,43.987553576525144,-11.632719713340043,-0.08546765487538166,-20.340661990775576,404
full,E-AUTO-r5ap80,E,AUTO,Bottinger2008_state_047,speciation,40.0,0.3539,Bottinger2008,True,False,0,True,evaluated,,,0.5784350709873252,solve_succeeded,passed,passed,50382.87823722361,0.4477031907384537,"[1.5281607084962123e-06, 0.03526836498316965, 0.8844118126550051, 0.04059336056570401, 0.0363569718499264, 0.0024984919294437006, 0.0008684269390967075, 4.4027009739173175e-12, 1.0429125432034237e-06]",strict_stable_local_minimum,,-6.560201421942899e-18,9.519295074422729e-17,3.126388037344441e-13,1.454803758996403e-11,43.67146666643569,43.67146666643569,-11.992931288649087,-0.08958007132623437,-20.685134587079673,237
full,E-AUTO-r5ap80,E,AUTO,Bottinger2008_state_048,speciation,40.0,0.45990000000000003,Bottinger2008,True,False,0,True,evaluated,,,0.6560704410076141,solve_succeeded,passed,passed,52315.83720710838,0.44744203468058263,"[1.687388080302789e-05, 0.01654151273439405, 0.8793814905543399, 0.05245685490933975, 0.04321860767571495, 0.007530740084553272, 0.0008535870058752565, 8.82932547543267e-12, 3.331461503452292e-07]",strict_stable_local_minimum,,-6.321929857376433e-18,5.919743861770854e-17,8.526512829121202e-14,7.126237686963368e-13,40.87501921205999,40.87501921205999,-15.485865605656391,-0.13295705147845907,-24.006468796337657,442
full,E-AUTO-r5ap80,E,AUTO,Bottinger2008_state_049,speciation,40.0,0.46590000000000004,Bottinger2008,True,False,0,True,evaluated,,,0.5046004639880266,solve_succeeded,passed,passed,52404.564733712265,0.4473843570875601,"[1.9500807954643818e-05, 0.015712063159240865, 0.8788735105304144, 0.05312114317217195, 0.043383474197235886, 0.008042637260679043, 0.0008473608604835651, 9.264847960619239e-12, 3.1000255474949975e-07]",strict_stable_local_minimum,,-6.99006285069771e-18,2.8727020762175925e-14,3.126388037344441e-13,1.1571160226494126e-12,40.721141267020464,40.721141267020464,-15.685042782072681,-0.13563042711558806,-24.194212557530225,183
full,E-AUTO-r5ap80,E,AUTO,Bottinger2008_state_050,speciation,40.0,0.4869,Bottinger2008,True,False,0,True,evaluated,,,0.48463861001073383,solve_succeeded,passed,passed,52687.321966973774,0.44713081878403005,"[3.228674534238322e-05, 0.013082043662339634, 0.8768328132206732, 0.05543607813342767, 0.04369712390945653, 0.010100114086426481, 0.0008192999172187427, 1.100412832195988e-11, 2.4031411131472737e-07]",strict_stable_local_minimum,,-9.585168841335604e-18,6.728836350433062e-17,2.5579538487363607e-13,2.9131261158027736e-11,40.17831914296585,40.17831914296585,-16.383467302128523,-0.14519670819548183,-24.85063987861937,179
full,E-AUTO-r5ap80,E,AUTO,Bottinger2008_state_055,speciation,60.0,0.13090000000000002,Bottinger2008,True,False,0,True,evaluated,,,0.6126147480099462,solve_succeeded,passed,passed,45525.294994412056,0.4394461294509742,"[6.73389887968614e-08, 0.08322057529642019, 0.8869815436153208, 0.015088429969065745, 0.013909856065075107, 0.0004117012315741928, 0.00037904619866548805, 4.902064550771079e-12, 8.780279987531744e-06]",strict_stable_local_minimum,,1.920101885849126e-18,1.0007186052041206e-16,1.7053025658242404e-13,5.761883434118708e-13,48.248429280733276,48.248429280733276,-4.205263300424215,-0.020609061026375924,-12.237277874781654,433
full,E-AUTO-r5ap80,E,AUTO,Bottinger2008_state_056,speciation,60.0,0.20290000000000002,Bottinger2008,True,False,0,True,evaluated,,,0.8058619240182452,solve_succeeded,passed,passed,46855.934401601306,0.4397902658028651,"[3.2424310488257025e-07, 0.06751503037292393, 0.8865030584660766, 0.023197190360687715, 0.021506611767460083, 0.0008606931698891857, 0.0004127938172634966, 6.8913682692642745e-12, 4.297795702818757e-06]",strict_stable_local_minimum,,2.4123254828431718e-18,5.551115123125783e-17,2.2737367544323206e-13,3.0040208322896564e-12,45.056712273629586,45.056712273629586,-6.400168255242872,-0.03886377181172968,-14.348727906120631,725
full,E-AUTO-r5ap80,E,AUTO,Bottinger2008_state_057,speciation,60.0,0.27690000000000003,Bottinger2008,True,False,0,True,evaluated,,,0.49653095699613914,solve_succeeded,passed,passed,48272.55194988427,0.44009037851259764,"[1.3805921564974746e-06, 0.05172187265049467, 0.8856781088144272, 0.03151321950408331, 0.028983621804193855, 0.0016717802866643952, 0.0004278010835663283, 9.160662538009358e-12, 2.2152552530641106e-06]",strict_stable_local_minimum,,3.526277562296109e-18,1.8707257964933888e-14,8.526512829121202e-14,5.987648158905214e-12,42.372351951491666,42.372351951491666,-8.64822816021724,-0.06167296069942566,-16.51057327964088,143
full,E-AUTO-r5ap80,E,AUTO,Bottinger2008_state_058,speciation,60.0,0.4149,Bottinger2008,True,False,0,True,evaluated,,,0.5801924690022133,solve_succeeded,passed,passed,50864.8770362172,0.4401439398859155,"[2.2036042100937737e-05, 0.024997706756112535, 0.8814611325948636, 0.046970754816735134, 0.04024793445469508, 0.0058774487929814205, 0.00042238506165465784, 1.7553634131582355e-11, 6.014633029517136e-07]",strict_stable_local_minimum,,1.3061335126807828e-18,1.8596235662471372e-14,3.410605131648481e-13,6.171189709972106e-13,38.44843352865142,38.44843352865142,-12.870216849460519,-0.11414769868848847,-20.555088665157996,341
full,E-AUTO-r5ap80,E,AUTO,Bottinger2008_state_059,speciation,60.0,0.4889,Bottinger2008,True,False,0,True,evaluated,,,0.521051201998489,solve_succeeded,passed,passed,51931.786040882864,0.4393980023123949,"[0.00010814985649240395, 0.014633109901683226, 0.8753574793961906, 0.055140048752007675, 0.04243357377900944, 0.011948531808944925, 0.00037883671514377814, 2.838110409553877e-11, 2.697621468595235e-07]",strict_stable_local_minimum,,-3.8110433318914596e-18,8.59772322781005e-17,1.1368683772161603e-13,6.171189709972106e-13,36.614150735452995,36.614150735452995,-15.174531614794002,-0.1476839664274568,-22.737182807874884,167
full,E-AUTO-r5ap80,E,AUTO,Bottinger2008_state_063,speciation,80.0,0.0639,Bottinger2008,True,False,0,True,evaluated,,,0.5454679239774123,solve_succeeded,passed,passed,43790.59908794944,0.4316943334488302,"[3.910615443436506e-08, 0.09804451577651917, 0.8873863650760502, 0.0073657508505976495, 0.006808597871700973, 0.00021094867549375468, 0.00016242167457524253, 7.328120937061531e-12, 2.1360961580557667e-05]",strict_stable_local_minimum,,-8.648319191760095e-20,1.249000902703301e-16,1.1368683772161603e-13,6.527357978083133e-13,48.07952622007743,48.07952622007743,-1.9290786937405182,-0.00733668460749754,-9.190665599621212,259
full,E-AUTO-r5ap80,E,AUTO,Bottinger2008_state_064,speciation,80.0,0.1409,Bottinger2008,True,False,0,True,evaluated,,,0.5015439230191987,solve_succeeded,passed,passed,45128.96805954527,0.4320646371901726,"[3.5061458337050623e-07, 0.08118195873626541, 0.8869538057225477, 0.016033530187062408, 0.01500334061836646, 0.0006159882575469314, 0.00020317547488222216, 1.3680461471694462e-11, 7.850375065037241e-06]",strict_stable_local_minimum,,-2.731655956416189e-18,5.551115123125783e-17,1.7053025658242404e-13,6.122360189343981e-13,44.15640770605884,44.15640770605884,-4.143377785657818,-0.022688974590641592,-11.325831885986705,147
full,E-AUTO-r5ap80,E,AUTO,Bottinger2008_state_065,speciation,80.0,0.2449,Bottinger2008,True,False,0,True,evaluated,,,0.742404313001316,solve_succeeded,passed,passed,47025.46040158463,0.4324932552236719,"[2.9982403788433277e-06, 0.058885804265188364, 0.8859102951818846, 0.02770746665812832, 0.025625261504802387, 0.0016512496537933366, 0.00021403104591547937, 2.1103532886078638e-11, 2.893428805171097e-06]",strict_stable_local_minimum,,-1.53114862097375e-18,1.4141465776162931e-14,2.2737367544323206e-13,1.0745366862930252e-12,40.04871153855384,40.04871153855384,-7.113092072015692,-0.05162099158703275,-14.190537549979208,619
full,E-AUTO-r5ap80,E,AUTO,Bottinger2008_state_066,speciation,80.0,0.33590000000000003,Bottinger2008,True,False,0,True,non_evaluable,physical_rejection,reactive_finite_phase_certificate_failed,0.9689161370042711,solve_succeeded,failed,passed,,,,,,,,,,,,,,,
full,E-AUTO-r5ap80,E,AUTO,Bottinger2008_state_067,speciation,80.0,0.39790000000000003,Bottinger2008,True,False,0,True,evaluated,,,0.7192372900026385,solve_succeeded,passed,passed,49798.864846665085,0.43253092109028585,"[5.631850564989462e-05, 0.02914609911767345, 0.8813866904060292, 0.044805903144364466, 0.03826054662622683, 0.006142814929374617, 0.00020091439627812187, 3.909825278757256e-11, 7.128353050300285e-07]",strict_stable_local_minimum,,1.0453016195735887e-18,1.0533024105696676e-16,1.1368683772161603e-13,1.6665228157904658e-12,35.614092394692406,35.614092394692406,-11.505491960559498,-0.10900467407807088,-18.414129806110203,462
full,E-AUTO-r5ap80,E,AUTO,Matin2012_state_001,speciation,20.0,0.1059,Matin2012,True,False,0,True,evaluated,,,0.4516623450035695,solve_succeeded,passed,passed,45953.91749158571,0.4538960737200143,"[1.7013009863585352e-09, 0.08855862941930365, 0.8865261816411305, 0.013010804702867003, 0.010649434574177481, 0.00013934163805350843, 0.0011064221682809832, 4.0594198144459375e-13, 9.184154479986107e-06]",strict_stable_local_minimum,,3.311721717852039e-18,5.551115123125783e-17,8.526512829121202e-14,8.647133638292309e-13,57.917018185012324,57.917018185012324,-4.458013865901881,-0.017346258533600983,-14.601996763996944,137
full,E-AUTO-r5ap80,E,AUTO,Matin2012_state_002,speciation,20.0,0.1279,Matin2012,True,False,0,True,evaluated,,,0.9908006709883921,solve_succeeded,passed,passed,46360.438565466015,0.45400391674588053,"[3.0277473134533883e-09, 0.08366923643186001, 0.8864009314098303, 0.01555865160351315, 0.012990980512122685, 0.0001855575568091143, 0.00118747407740045, 4.682823945533083e-13, 7.165380248737035e-06]",strict_stable_local_minimum,,-3.707345370519191e-18,1.3444106938820255e-16,2.5579538487363607e-13,9.090907811059676e-12,56.65504477287206,56.65504477287206,-5.272124590521629,-0.022299761564125196,-15.381467372062842,1229
full,E-AUTO-r5ap80,E,AUTO,Matin2012_state_003,speciation,20.0,0.1499,Matin2012,True,False,0,True,evaluated,,,0.7197523310023826,solve_succeeded,passed,passed,46773.26992917565,0.4541128914340763,"[5.125736037539805e-09, 0.07878753116921546, 0.8862807699583575, 0.018093160143217647, 0.015338176999628863, 0.00024002158064410873, 0.001254626540800358, 5.28036003038663e-13, 5.70848187199507e-06]",strict_stable_local_minimum,,8.353825091940485e-20,1.249000902703301e-16,1.1368683772161603e-13,1.5566707560008994e-11,55.47954138434313,55.47954138434313,-6.076063404286872,-0.027618303438733352,-16.151048425237185,386
full,E-AUTO-r5ap80,E,AUTO,Matin2012_state_004,speciation,20.0,0.1729,Matin2012,True,False,0,True,evaluated,,,0.46478639100678265,solve_succeeded,passed,passed,47211.66450829346,0.4542273255439153,"[8.571528521843887e-09, 0.07369419838248312, 0.886154485611971, 0.02073288138134845, 0.01779178816154744, 0.00030761208815647514, 0.0013144553298582203, 5.893568809762204e-13, 4.570472517448354e-06]",strict_stable_local_minimum,,2.2093098314186658e-18,8.933825901280557e-17,1.1368683772161603e-13,2.5893145859197365e-11,54.33414488884847,54.33414488884847,-6.908959882297166,-0.03355381293095819,-16.9482398247115,163
full,E-AUTO-r5ap80,E,AUTO,Matin2012_state_005,speciation,20.0,0.19490000000000002,Matin2012,True,False,0,True,evaluated,,,0.5741863490256947,solve_succeeded,passed,passed,47637.492835219105,0.4543366189801281,"[1.3688751453992781e-08, 0.06883450975657779, 0.8860278913936509, 0.02325118752050426, 0.020133170074047916, 0.00038470548938538296, 0.001364789881285664, 6.484775296351132e-13, 3.7321951481152988e-06]",strict_stable_local_minimum,,-3.816551955418118e-18,1.249000902703301e-16,2.2737367544323206e-13,1.9356596441937176e-12,53.31125019448597,53.31125019448597,-7.700654176807214,-0.03957836489591945,-17.70591508545524,363
full,E-AUTO-r5ap80,E,AUTO,Matin2012_state_006,speciation,20.0,0.2179,Matin2012,True,False,0,True,evaluated,,,0.4713538220094051,solve_succeeded,passed,passed,48089.37643524021,0.4544499697259851,"[2.196808887253276e-08, 0.06376987042399701, 0.8858841285046828, 0.025879247556820837, 0.02256974844121431, 0.00048142645886449265, 0.0014125160118354054, 7.1255839165685e-13, 3.040633783782e-06]",strict_stable_local_minimum,,1.1726848879433803e-18,5.1582188905418755e-17,2.5579538487363607e-13,1.0340369074191101e-14,52.311281135813594,52.311281135813594,-8.524892295518072,-0.04622856013358377,-18.494657130791452,147
full,E-AUTO-r5ap80,E,AUTO,Matin2012_state_007,speciation,20.0,0.2409,Matin2012,True,False,0,True,evaluated,,,0.45854821300599724,solve_succeeded,passed,passed,48547.9007478658,0.45456150933538025,"[3.490058007784299e-08, 0.0587258014046482, 0.8857228344471132, 0.02850413031497961, 0.024988933251134802, 0.0005988469223762551, 0.0014569313838627453, 7.810467358309054e-13, 2.4873745241024863e-06]",strict_stable_local_minimum,,7.675567481026877e-18,9.71445146547012e-17,2.2737367544323206e-13,1.661682948598796e-11,51.376366098424405,51.376366098424405,-9.346972680001649,-0.053227742192643306,-19.28123955938502,153
full,E-AUTO-r5ap80,E,AUTO,Matin2012_state_008,speciation,20.0,0.2639,Matin2012,True,False,0,True,evaluated,,,0.5584989160124678,solve_succeeded,passed,passed,49012.68922117328,0.4546701244970764,"[5.5200326149466364e-08, 0.053708099440381185, 0.8855370805738159, 0.031127002438507547, 0.02738376081385933, 0.0007427236434488458, 0.0014992400932512795, 8.564920521059807e-13, 2.0377955532980985e-06]",strict_stable_local_minimum,,5.5463102281702615e-18,8.326672684688674e-17,1.4210854715202004e-13,8.647133638292309e-13,50.501124956846866,50.501124956846866,-10.167944217874922,-0.06056540049126767,-20.06663086180115,292
full,E-AUTO-r5ap80,E,AUTO,Matin2012_state_009,speciation,20.0,0.2869,Matin2012,True,False,0,True,evaluated,,,0.7117959650058765,solve_succeeded,passed,passed,49483.12174729143,0.4547743534000666,"[8.736369167136607e-08, 0.04872470179057688, 0.8853182155156124, 0.03374860227979194, 0.029745555013042727, 0.0009209609488557651, 0.0015402092313490348, 9.421297921014557e-13, 1.667856137507898e-06]",strict_stable_local_minimum,,2.777576223509913e-18,3.192933046322448e-17,1.1368683772161603e-13,1.6458420776420836e-13,49.68060794464502,49.68060794464502,-10.988597427266058,-0.06823106079145362,-20.85152768584463,434
full,E-AUTO-r5ap80,E,AUTO,Matin2012_state_010,speciation,20.0,0.3099,Matin2012,True,False,0,True,evaluated,,,0.4428858880128246,solve_succeeded,passed,passed,49958.21561701926,0.4548721998998377,"[1.3903737373961668e-07, 0.043786705601873796, 0.8850548348106447, 0.03636925466413518, 0.032062893024578855, 0.0011446236792273304, 0.0015801887802471058, 1.0422501508703588e-12, 1.3604008770335665e-06]",strict_stable_local_minimum,,7.359098507112636e-19,3.2485003402527024e-11,1.3668000065081287e-10,1.1716212626007084e-11,48.91010178791111,48.91010178791111,-11.809505434177296,-0.07621415357570001,-21.636386846552746,103
full,E-AUTO-r5ap80,E,AUTO,Matin2012_state_011,speciation,20.0,0.33390000000000003,Matin2012,True,False,0,True,evaluated,,,0.48892460399656557,solve_succeeded,passed,passed,50457.268075802946,0.4549644380038127,"[2.2836317022875877e-07, 0.03869963573188127, 0.8847154969170745, 0.039102680975034894, 0.0344165265536934, 0.0014436157676471079, 0.0016207229645329325, 1.1685840891351363e-12, 1.092725797105199e-06]",strict_stable_local_minimum,,4.1990525914330437e-19,1.1102230246251565e-16,1.9895196601282805e-13,5.354013320636726e-13,48.15432922521633,48.15432922521633,-12.666768076643232,-0.0848711767312815,-22.45555684456315,205
full,E-AUTO-r5ap80,E,AUTO,Matin2012_state_012,speciation,20.0,0.3579,Matin2012,True,False,0,True,evaluated,,,0.5823666299984325,solve_succeeded,passed,passed,50956.98129322026,0.4550419722583023,"[3.816959236112534e-07, 0.03370581750864645, 0.8842849107546722, 0.04183406290292705, 0.036678945642207965, 0.0018357766213723775, 0.0016592357677499118, 1.3267937801505273e-12, 8.691051736960025e-07]",strict_stable_local_minimum,,-1.7441771521069982e-17,2.7755575615628914e-17,8.526512829121202e-14,4.035903496151643e-12,47.44222040817424,47.44222040817424,-13.52484303870321,-0.09384984284989838,-23.274818363905638,145
full,E-AUTO-r5ap80,E,AUTO,Matin2012_state_013,speciation,20.0,0.3819,Matin2012,True,False,0,True,evaluated,,,0.4698567299928982,solve_succeeded,passed,passed,51453.01798246082,0.4550977566187974,"[6.533761079363041e-07, 0.028845238302671983, 0.8837249686119534, 0.044561531218936044, 0.03881202604453041, 0.0023609777539587407, 0.001693922731667902, 1.531209446439745e-12, 6.819586422988404e-07]",strict_stable_local_minimum,,3.4496730598641954e-18,8.456776945386935e-17,2.5579538487363607e-13,8.855377182147545e-13,46.76726503160162,46.76726503160162,-14.38350821639652,-0.1031378921231507,-24.09361011667704,159
full,E-AUTO-r5ap80,E,AUTO,Matin2012_state_014,speciation,20.0,0.40590000000000004,Matin2012,True,False,0,True,evaluated,,,0.4405443550203927,solve_succeeded,passed,passed,51938.544299111236,0.45512107569006294,"[1.1525591005571995e-06, 0.024178648876484105, 0.8829782969293588, 0.047281720075171466, 0.04075837059673209, 0.0030797465819198556, 0.0017215385188930248, 1.8033763595933369e-12, 5.258605368484325e-07]",strict_stable_local_minimum,,-1.1043100886284943e-18,4.5536491244391186e-17,1.1368683772161603e-13,8.855377182147545e-13,46.12138722810408,46.12138722810408,-15.242035957770899,-0.11272375399370195,-24.91070841779749,145
full,E-AUTO-r5ap80,E,AUTO,Matin2012_state_015,speciation,20.0,0.4309,Matin2012,True,False,0,True,evaluated,,,0.6106726439902559,solve_succeeded,passed,passed,52421.7645126076,0.45509348727777466,"[2.1596698286388836e-06, 0.019621929648899215, 0.8819098665189833, 0.05010158350356505, 0.04249511337909661, 0.004131832136949431, 0.001737122849228177, 2.1934332555253097e-12, 3.922912560801676e-07]",strict_stable_local_minimum,,7.64358389034921e-18,3.122502256758253e-17,8.526512829121202e-14,1.1366219856093144e-11,45.46812053818959,45.46812053818959,-16.13466345399909,-0.12301583500506039,-25.757748565623658,177
full,E-AUTO-r5ap80,E,AUTO,Matin2012_state_016,speciation,20.0,0.4549,Matin2012,True,False,0,True,evaluated,,,0.4594706759962719,solve_succeeded,passed,passed,52848.48572344057,0.4549939505132462,"[4.083307622685394e-06, 0.015669908365304745, 0.8804830942736003, 0.052787331030656415, 0.043761171267142365, 0.005562374263675213, 0.001731748013271976, 2.715736896119263e-12, 2.8947601062817965e-07]",strict_stable_local_minimum,,-6.557352984306101e-18,5.681219383824043e-17,1.9895196601282805e-13,1.585666874279777e-12,44.845635141983195,44.845635141983195,-16.98776263070662,-0.1331879333759977,-26.56374334701765,159
full,E-AUTO-r5ap80,E,AUTO,Matin2012_state_017,speciation,20.0,0.4799,Matin2012,True,False,0,True,evaluated,,,0.5023755799920764,solve_succeeded,passed,passed,53234.84854094246,0.4547857577741525,"[8.10461406812138e-06, 0.012149867688993314, 0.8784324588243888, 0.05555284604166526, 0.044515245665984145, 0.0076451470126192005, 0.00169612321771712, 3.4681390971525944e-12, 2.069310958330281e-07]",strict_stable_local_minimum,,-2.1781463206865385e-17,8.646946429957366e-17,2.5579538487363607e-13,4.015222758003261e-12,44.18542381241913,44.18542381241913,-17.86986228903477,-0.14409986120805282,-27.39212670619471,197
full,E-AUTO-r5ap80,E,AUTO,Matin2012_state_018,speciation,20.0,0.5049,Matin2012,True,False,0,True,evaluated,,,0.694818743999349,solve_succeeded,passed,passed,53546.524444498325,0.4544494627467484,"[1.5987945775523796e-05, 0.009351068000351024, 0.8757004656584769, 0.05827869669492827, 0.044587310042796195, 0.010441409750753458, 0.0016249150034030526, 4.4714790555356155e-12, 1.4689904398089906e-07]",strict_stable_local_minimum,,1.2225457345847342e-17,1.3574211199518516e-16,8.526512829121202e-14,2.956871621636088e-11,43.500360002474565,43.500360002474565,-18.7440364859852,-0.15536996937907208,-28.207073128976333,151
full,E-AUTO-r5ap80,E,AUTO,Matin2012_state_019,speciation,20.0,0.5309,Matin2012,True,False,0,True,evaluated,,,0.48085431501385756,solve_succeeded,passed,passed,53789.60168399007,0.4539634311030388,"[3.1070983514519384e-05, 0.00719328990607557, 0.8721474907280631, 0.061072747522686904, 0.043949344707862735, 0.014088605548600136, 0.0015173466745790156, 5.776032031951136e-12, 1.0392284202250079e-07]",strict_stable_local_minimum,,1.1223367603507226e-17,7.038813976123492e-14,2.8421709430404007e-13,5.354013320636726e-13,42.75974422403019,42.75974422403019,-19.646418639213877,-0.1675295465037144,-29.042272846916408,177
full,E-AUTO-r5ap80,E,AUTO,vle_obs_0034,pressure,40,0.102,Aronu2011,True,False,1,True,evaluated,,,1.61527208701591,solve_succeeded,passed,passed,45496.64178831908,0.4466107121078502,"[7.240748446872752e-09, 0.08949409014462739, 0.8869281795850527, 0.012108776733459118, 0.010616001196631126, 0.00020170755298642076, 0.0006398304400627922, 1.3580304266975986e-12, 1.140710507401392e-05]",passed,strict_stable_local_minimum,3.1869093508579206e-18,2.3852447794681098e-17,1.1368683772161603e-13,3.408247084335084e-10,53.781168767748916,53.781168767748916,-3.7265631108057855,-0.015180977880027374,-12.759925421061546,1413.0
full,E-AUTO-r5ap80,E,AUTO,vle_obs_0035,pressure,40,0.206,Aronu2011,True,False,1,True,evaluated,,,1.4622315670130774,solve_succeeded,passed,passed,47441.36421780692,0.4471285184474117,"[7.983666251478701e-08, 0.06659613023281746, 0.8863605901859953, 0.023911038470551156, 0.021711691224717628, 0.0006376587685211391, 0.0007788772012773837, 2.349853783893197e-12, 3.934077107473693e-06]",passed,strict_stable_local_minimum,1.4417986553131747e-18,1.5395670849294163e-17,1.4210854715202004e-13,7.20193927059219e-12,48.734410143082506,48.734410143082506,-7.161316879668719,-0.04057929196083542,-16.05518520811377,1281.0
full,E-AUTO-r5ap80,E,AUTO,vle_obs_0036,pressure,40,0.25,Aronu2011,True,False,1,True,evaluated,,,1.5491995790216606,solve_succeeded,passed,passed,48301.58200797489,0.447333411817483,"[1.9187327196411923e-07, 0.057043450153055626, 0.8860075661561202, 0.028880388842708927, 0.026295008359700084, 0.0009587476171686144, 0.0008119858734611083, 2.797678842021705e-12, 2.6611217156869856e-06]",passed,strict_stable_local_minimum,3.7352875775544914e-18,9.71445146547012e-17,1.1368683772161603e-13,1.3629079346801164e-11,47.01741531469321,47.01741531469321,-8.598522163613733,-0.053684029340311606,-17.43368831167119,1259.0
full,E-AUTO-r5ap80,E,AUTO,vle_obs_0037,pressure,40,0.337,Aronu2011,True,False,1,True,evaluated,,,2.192320509988349,solve_succeeded,passed,passed,50043.39278021284,0.44765490895587756,"[1.077752327789594e-06, 0.03868877121428946, 0.8847905554205839, 0.03869050999592598, 0.03483946673290362, 0.002126971059245759, 0.0008614243871483597, 4.047577032753016e-12, 1.2234335274698587e-06]",passed,strict_stable_local_minimum,-1.1847385074051224e-17,5.551115123125783e-17,2.8421709430404007e-13,2.8713651171617095e-11,44.16022814225418,44.16022814225418,-11.43963029594947,-0.08329102922751136,-20.155904275171856,1925.0
full,E-AUTO-r5ap80,E,AUTO,vle_obs_0038,pressure,40,0.353,Aronu2011,True,False,1,True,evaluated,,,2.4297059460077435,solve_succeeded,passed,passed,50363.72758793626,0.44769086267523034,"[1.499724995832393e-06, 0.03544876326794922, 0.8844337141780084, 0.04049204742540678, 0.036277889896467505, 0.0024769615262717174, 0.0008680720305317044, 4.3823668779324294e-12, 1.0519459865138074e-06]",passed,strict_stable_local_minimum,4.234314779919329e-18,9.519295074422729e-17,3.410605131648481e-13,5.509743189621894e-11,43.69705472165101,43.69705472165101,-11.96343777701022,-0.08924034177719554,-20.65691343583496,2583.0
full,E-AUTO-r5ap80,E,AUTO,vle_obs_0039,pressure,40,0.401,Aronu2011,True,False,1,True,evaluated,,,3.0935806470224634,solve_succeeded,passed,passed,51300.20329412951,0.4477136908721236,"[4.239000222566959e-06, 0.026202846772676137, 0.8828998017221583, 0.04588590481632478, 0.04012964160245511, 0.003998219767171384, 0.0008786971392440456, 5.7687411641648445e-12, 6.491739789410299e-07]",passed,strict_stable_local_minimum,-5.042068972583811e-18,8.326672684688674e-17,1.1368683772161603e-13,1.87143481267984e-11,42.38965249723268,42.38965249723268,-13.539452685987612,-0.1079987468988846,-22.16098789928202,3024.0
full,E-AUTO-r5ap80,E,AUTO,vle_obs_0040,pressure,40,0.417,Aronu2011,True,False,1,True,evaluated,,,3.4129955090174917,solve_succeeded,passed,passed,51596.365081452735,0.44768021869330815,"[6.104625813376847e-06, 0.02334606139125872, 0.8821692009435614, 0.047677987086005534, 0.041194135355798245, 0.004728623349687992, 0.0008773411454708339, 6.413107979489299e-12, 5.460959907432871e-07]",passed,strict_stable_local_minimum,-5.3485124358867595e-18,3.2814824000240044e-17,1.1368683772161603e-13,4.151575633289482e-12,41.973467914915254,41.973467914915254,-14.066666301088873,-0.11455869205990855,-22.66252026791807,3592.0
full,E-AUTO-r5ap80,E,AUTO,vle_obs_0041,pressure,40,0.421,Aronu2011,True,False,1,True,evaluated,,,2.633015670988243,solve_succeeded,passed,passed,51668.48137282926,0.447667564503829,"[6.697034158456792e-06, 0.022655107429900862, 0.8819639811189699, 0.048125339766124715, 0.04143767015764247, 0.00493421689736403, 0.0008764651284647343, 6.592989643616048e-12, 5.224607817363423e-07]",passed,strict_stable_local_minimum,-1.5121826975405332e-18,8.326672684688674e-17,1.1368683772161603e-13,6.23411729563454e-11,41.870356409076706,41.870356409076706,-14.198637598676154,-0.11622341430564022,-22.78789579414236,2513.0
full,E-AUTO-r5ap80,E,AUTO,vle_obs_0042,pressure,40,0.433,Aronu2011,True,False,1,True,evaluated,,,3.3788734789995942,solve_succeeded,passed,passed,51879.294008538345,0.4476178772846779,"[8.870169823828897e-06, 0.020645521360028205, 0.8812869673871421, 0.04946549382339767, 0.0421068583034159, 0.005613485955754711, 0.0008723465781568236, 7.1836678003050145e-12, 4.5641509708774945e-07]",passed,strict_stable_local_minimum,-1.0060796818713161e-17,6.440160904563896e-17,1.1368683772161603e-13,9.104926732704314e-12,41.562512554630636,41.562512554630636,-14.59497535387815,-0.12127843995120346,-23.16397024050272,3268.0
full,E-AUTO-r5ap80,E,AUTO,vle_obs_0043,pressure,40,0.447,Aronu2011,True,False,1,True,non_evaluable,numerical_convergence_failure,reactive_finite_phase_certificate_failed,0.7356614579912275,solve_succeeded,failed,passed,,,,,,,,,,,,,,,
full,E-AUTO-r5ap80,E,AUTO,vle_obs_0044,pressure,40,0.464,Aronu2011,True,False,1,True,evaluated,,,3.061074669996742,solve_succeeded,passed,passed,52375.62693814232,0.44739304990476253,"[1.862738268573817e-05, 0.015971123399914727, 0.87903785559056, 0.05291089690804491, 0.043334758235491294, 0.00787702109634024, 0.0008494002074984397, 9.124083414265143e-12, 3.171703405842971e-07]",passed,strict_stable_local_minimum,-4.671400987513317e-18,2.883977778811442e-17,2.2737367544323206e-13,8.96671893901111e-12,40.76991482795903,40.76991482795903,-15.62194063049538,-0.1347803110522926,-24.134734452530665,2981.0
full,E-AUTO-r5ap80,E,AUTO,vle_obs_0045,pressure,40,0.476,Aronu2011,True,False,1,True,evaluated,,,2.1702120170230046,solve_succeeded,passed,passed,52544.91602715491,0.4472624956811009,"[2.487255124831235e-05, 0.014393183796544213, 0.8779439224304915, 0.054236544797213446, 0.043586349123932513, 0.008979784533386591, 0.0008350683928290183, 1.0059061771415693e-11, 2.7436429537244964e-07]",passed,strict_stable_local_minimum,-6.348734533650702e-18,3.838596107641479e-14,1.9895196601282805e-13,6.318467581371865e-12,40.46100659794051,40.46100659794051,-16.020694084157817,-0.14018923823850452,-24.510031340152686,2048.0
full,E-AUTO-r5ap80,E,AUTO,vle_obs_0046,pressure,40,0.477,Aronu2011,True,False,1,True,evaluated,,,2.2019321430125274,solve_succeeded,passed,passed,52558.379456124,0.44725042271096316,"[2.5477536812332758e-05, 0.014267998159747431, 0.877846691109187, 0.05434678137812474, 0.043601230289020576, 0.009077820880300076, 0.0008337295822800404, 1.0141938889167349e-11, 2.7105438591895304e-07]",passed,strict_stable_local_minimum,2.3400929701508617e-17,4.618527782440651e-14,3.410605131648481e-13,1.1454258725619311e-11,40.43516178558949,40.43516178558949,-16.053953380900076,-0.14064480864369938,-24.541290230946984,2048.0
full,E-AUTO-r5ap80,E,AUTO,vle_obs_0047,pressure,40,0.485,Aronu2011,True,False,1,True,evaluated,,,3.0219275499985088,solve_succeeded,passed,passed,52662.401392198524,0.4471470807235953,"[3.085748567440667e-05, 0.013302127586373539, 0.8770346286635168, 0.05522730430735741, 0.04368597420139614, 0.009896639437730647, 0.00082222237194505, 1.0832798763547509e-11, 2.459351733157283e-07]",passed,strict_stable_local_minimum,5.624330213940941e-18,3.0747973611688906e-16,1.4210854715202004e-13,1.4973698204194415e-12,40.22775449404815,40.22775449404815,-16.32018644235265,-0.14431667610680274,-24.791264484359694,3096.0
full,E-AUTO-r5ap80,E,AUTO,vle_obs_0048,pressure,40,0.489,Aronu2011,True,False,1,True,evaluated,,,3.155243432993302,solve_succeeded,passed,passed,52711.92226831924,0.447090869792427,"[3.3939517097705754e-05, 0.01284306767628207, 0.8766056871911151, 0.05566662490730523, 0.04370536764945965, 0.01032913457192706, 0.0008159442214989357, 1.119681651986452e-11, 2.3425411747558131e-07]",passed,strict_stable_local_minimum,-9.105048454937e-18,1.0295902526068755e-16,2.5579538487363607e-13,3.212344742916191e-12,40.123596891149155,40.123596891149155,-16.453404979487438,-0.14617102819193453,-24.916183396397322,3273.0
full,E-AUTO-r5ap80,E,AUTO,vle_obs_0049,pressure,40,0.516,Aronu2011,True,False,1,True,evaluated,,,3.878628573002061,solve_succeeded,passed,passed,53002.451641154315,0.4466328216782377,"[6.34299230644013e-05, 0.01015518447227733, 0.8733177585054716, 0.05861440324287422, 0.04344216313789477, 0.01364171213979835, 0.0007651794144997572, 1.3969056079537283e-11, 1.6915015063513505e-07]",passed,strict_stable_local_minimum,8.602881301220202e-18,7.672798983610816e-17,1.4210854715202004e-13,4.565843385101267e-11,39.41254349330672,39.41254349330672,-17.35410957981912,-0.15901766957452343,-25.75800538463544,4626.0
full,E-AUTO-r5ap80,E,AUTO,vle_obs_0050,pressure,40,0.524,Aronu2011,True,False,1,True,evaluated,,,3.3782689229992684,solve_succeeded,passed,passed,53074.32454673779,0.4464718439149604,"[7.574988302785432e-05, 0.009489802068106469, 0.8722190072330843, 0.05948158274320767, 0.04323898350976037, 0.014746995943874602, 0.000747724700412382, 1.488919390077383e-11, 1.5390363712001663e-07]",passed,strict_stable_local_minimum,7.119912571119381e-18,1.459336124165489e-16,1.9895196601282805e-13,1.8767884574026784e-13,39.19954402439868,39.19954402439868,-17.621337431413757,-0.16293597613567534,-26.006901587398968,3160.0
full,E-AUTO-r5ap80,E,AUTO,vle_obs_0051,pressure,60,0.053,Aronu2011,True,False,1,True,evaluated,,,2.237744557001861,solve_succeeded,passed,passed,44150.84486605713,0.439047853781658,"[6.0509387498100465e-09, 0.10039910621268126, 0.8873539777714387, 0.006262320679944106, 0.005557441315611329, 0.00012364313561466278, 0.00027773139969268534, 2.3728594247234027e-12, 2.5773431705603698e-05]",passed,strict_stable_local_minimum,-8.318127932871691e-19,5.095750210681871e-18,1.9895196601282805e-13,8.713200280404796e-12,52.56737902286831,52.56737902286831,-1.7919292718018738,-0.005867670390213371,-9.916344980175907,2166.0
full,E-AUTO-r5ap80,E,AUTO,vle_obs_0052,pressure,60,0.105,Aronu2011,True,False,1,True,evaluated,,,2.2180759429757018,solve_succeeded,passed,passed,45059.621119748954,0.4393068014879572,"[3.4662616335392695e-08, 0.08891732696887528, 0.8871136227861512, 0.012162996315525755, 0.011138541713065648, 0.00029864927858842946, 0.00035697705696346077, 4.134522675730617e-12, 1.1851214079278031e-05]",passed,strict_stable_local_minimum,7.83195205932338e-19,8.543513119185775e-17,5.684341886080802e-14,4.015830896859254e-12,49.570790871193736,49.570790871193736,-3.409822817072377,-0.015081609236606525,-11.472163804032348,2520.0
full,E-AUTO-r5ap80,E,AUTO,vle_obs_0053,pressure,60,0.162,Aronu2011,True,False,1,True,evaluated,,,1.5238571639929432,solve_succeeded,passed,passed,46092.1595493217,0.43958791578811013,"[1.3751602614384892e-07, 0.07640883141974555, 0.8867999644385028, 0.018594177234794465, 0.0172158448008333, 0.000577405972850543, 0.0003972878554060919, 5.771311146908203e-12, 6.350756069750584e-06]",passed,strict_stable_local_minimum,-1.1302868487941672e-18,8.868773770931426e-17,2.8421709430404007e-13,6.42261847584316e-12,46.78886983075482,46.78886983075482,-5.1554038737760175,-0.027990560751342267,-13.15124712036423,1459.0
full,E-AUTO-r5ap80,E,AUTO,vle_obs_0054,pressure,60,0.244,Aronu2011,True,False,1,True,evaluated,,,1.5079218199825846,solve_succeeded,passed,passed,47636.98128337964,0.4399570653697189,"[7.308768082684363e-07, 0.058682510146066666, 0.8861044804435527, 0.0278174382010021, 0.025718838522028737, 0.0012504385913155182, 0.0004225978845942827, 8.081167839980447e-12, 2.965326550438905e-06]",passed,strict_stable_local_minimum,8.592295387860808e-18,5.345116710353537e-17,1.1368683772161603e-13,1.10817178355711e-11,43.50160285435145,43.50160285435145,-7.648707949040929,-0.05105037611873408,-15.549595337258669,1377.0
full,E-AUTO-r5ap80,E,AUTO,vle_obs_0055,pressure,60,0.303,Aronu2011,True,False,1,True,evaluated,,,2.532011285016779,solve_succeeded,passed,passed,48777.284596499885,0.44016058244592093,"[2.2857179353736478e-06, 0.04629766357758688, 0.8852436291594802, 0.034443489857200055, 0.031477458951797994, 0.0021031585549272877, 0.0004305581897133608, 1.01554392243424e-11, 1.7559812034940499e-06]",passed,strict_stable_local_minimum,-3.73523440171567e-18,5.0523821237824507e-17,3.126388037344441e-13,3.2040701571199315e-12,41.54030150428267,41.54030150428267,-9.442046468409739,-0.07062751851599793,-17.273252213350872,2643.0
full,E-AUTO-r5ap80,E,AUTO,vle_obs_0056,pressure,60,0.36,Aronu2011,True,False,1,True,evaluated,,,4.13488384798984,solve_succeeded,passed,passed,49872.02872616754,0.4402490513909644,"[7.040775160835403e-06, 0.03491805485576227, 0.8838356909390853, 0.04083548504593104, 0.0364645388777483, 0.003506393827576383, 0.0004317566879914949, 1.3060536826419295e-11, 1.0389776839008902e-06]",passed,strict_stable_local_minimum,2.443767802959475e-18,8.229094489164979e-17,3.126388037344441e-13,8.682468144157034e-12,39.88644371699706,39.88644371699706,-11.181560536155018,-0.09175982015613292,-18.941849147980122,4042.0
full,E-AUTO-r5ap80,E,AUTO,vle_obs_0057,pressure,60,0.393,Aronu2011,True,False,1,True,evaluated,,,1.6251177450176328,solve_succeeded,passed,passed,50480.88336865545,0.4402127260621408,"[1.3873231870446802e-05, 0.02878746175231714, 0.8825717947611608, 0.044527365690575464, 0.038902484605980864, 0.004768406371088082, 0.0004278611574746299, 1.5487622495204873e-11, 7.524140448865925e-07]",passed,strict_stable_local_minimum,-5.806052254476816e-18,1.9789725413943415e-14,3.126388037344441e-13,2.267603456415906e-11,39.00871187481629,39.00871187481629,-12.19458739737881,-0.10497343077117186,-19.910697313832273,1566.0
full,E-AUTO-r5ap80,E,AUTO,vle_obs_0058,pressure,60,0.428,Aronu2011,True,False,1,True,evaluated,,,3.859551689005457,solve_succeeded,passed,passed,51081.33761270667,0.4400614201338474,"[2.9181957630921393e-05, 0.022864744755949618, 0.8806667126935177, 0.04842852258426184, 0.04092232678077748, 0.0066703024911531844, 0.00041768461363392, 1.9006003617929238e-11, 5.241040693405674e-07]",passed,strict_stable_local_minimum,1.1618344882279354e-18,5.605473462515827e-17,1.7053025658242404e-13,9.604922105875843e-11,38.119174531101905,38.119174531101905,-13.275804098463379,-0.11979368608105351,-20.941025998896148,2932.0
full,E-AUTO-r5ap80,E,AUTO,vle_obs_0059,pressure,60,0.491,Aronu2011,True,False,1,True,evaluated,,,3.8677935830201022,solve_succeeded,passed,passed,51954.52310832857,0.4393562033914153,"[0.00011302075548236056, 0.014404502423209046, 0.8751220982835297, 0.05536867779562369, 0.042433005607091484, 0.012181454385496372, 0.0003769771110417338, 2.8786592337145727e-11, 2.636097389624272e-07]",passed,strict_stable_local_minimum,-3.994084517093616e-18,4.3298697960381105e-15,5.684341886080802e-14,2.419972315884188e-12,36.562498796762405,36.562498796762405,-15.240247293029114,-0.1486941407135843,-22.79898608807718,3101.0
full,E-AUTO-r5ap80,E,AUTO,vle_obs_0060,pressure,80,0.017,Aronu2011,True,False,1,True,evaluated,,,3.296781633020146,solve_succeeded,passed,passed,43009.973059922515,0.43146119528355475,"[2.410098262131264e-09, 0.10835619312650194, 0.8875724758613281, 0.002080409943772825, 0.0017822655465329269, 4.718340659647103e-05, 8.949129011981898e-05, 2.3229162596196826e-12, 7.197841272670525e-05]",passed,strict_stable_local_minimum,2.9115506330021053e-19,2.6955976513420854e-17,8.526512829121202e-14,3.998589672763597e-11,50.95209802757704,50.95209802757704,-0.5616892333730857,-0.0012289809820513439,-7.873387821264012,2560.0
full,E-AUTO-r5ap80,E,AUTO,vle_obs_0061,pressure,80,0.04,Aronu2011,True,False,1,True,evaluated,,,1.5657130600011442,solve_succeeded,passed,passed,43388.11977220369,0.4315700580783667,"[1.34917955566497e-08, 0.10330592654833046, 0.8874915010627555, 0.004668320359475643, 0.004244620465419788, 0.00012126079278366275, 0.0001340818316676781, 4.917415489283614e-12, 3.427544285425143e-05]",passed,strict_stable_local_minimum,1.238652229784219e-19,2.8043539712641063e-14,1.3926637620897964e-12,3.304365735131908e-12,49.49508870110339,49.49508870110339,-1.2342566337285104,-0.0038367396191273896,-8.521117471653678,1389.0
full,E-AUTO-r5ap80,E,AUTO,vle_obs_0062,pressure,80,0.075,Aronu2011,True,False,1,True,evaluated,,,1.641046903008828,solve_succeeded,passed,passed,43978.68370668131,0.431740481877804,"[5.8044305321606977e-08, 0.09560337202061343, 0.8873336614690739, 0.008617450244616309, 0.007998040108370214, 0.00025754637163536993, 0.00017199203994653638, 8.360703211746019e-12, 1.787969307835454e-05]",passed,strict_stable_local_minimum,1.0359996440056546e-18,5.117688364015757e-17,1.1368683772161603e-13,1.7301949465038643e-12,47.45657916923456,47.45657916923456,-2.2501985268568667,-0.009187269122501354,-9.500168965119336,1507.0
full,E-AUTO-r5ap80,E,AUTO,vle_obs_0063,pressure,80,0.122,Aronu2011,True,False,1,True,evaluated,,,1.676097375981044,solve_succeeded,passed,passed,44793.76719298314,0.4319677452898986,"[2.2260606893419003e-07, 0.08530251496012357, 0.8870770737934026, 0.01390881024464688, 0.013007518701894488, 0.0004967476596201293, 0.00019743187342034094, 1.2265666115536658e-11, 9.680148557247052e-06]",passed,strict_stable_local_minimum,-2.3842278513778553e-19,1.1161861365738268e-16,1.1368683772161603e-13,1.0389279084359157e-11,45.03842275186504,45.03842275186504,-3.602127627215483,-0.018402769824702257,-10.803752829351213,1335.0
full,E-AUTO-r5ap80,E,AUTO,vle_obs_0064,pressure,80,0.155,Aronu2011,True,False,1,True,evaluated,,,1.6139656169980299,solve_succeeded,passed,passed,45379.92393356725,0.43212168022413117,"[4.826937159754986e-07, 0.07811820883441666, 0.8868520806349065, 0.017617801152175008, 0.016482804733331694, 0.0007154762392254741, 0.00020637449678706065, 1.469890900931529e-11, 6.771200742622436e-06]",passed,strict_stable_local_minimum,4.581673460755138e-18,7.697835424647081e-17,1.7053025658242404e-13,2.8100841477596485e-11,43.52872813268061,43.52872813268061,-4.546606839670412,-0.02609025970847514,-11.714787198495314,1431.0
full,E-AUTO-r5ap80,E,AUTO,vle_obs_0065,pressure,80,0.216,Aronu2011,True,False,1,True,evaluated,,,1.509958459995687,solve_succeeded,passed,passed,46489.6523666306,0.4323810624236999,"[1.710769629571609e-06, 0.06499787367958751, 0.8862821296205241, 0.024465780063094557, 0.022755023163948406, 0.0012804479120490848, 0.00021327423389646424, 1.898312952494954e-11, 3.7605382872688503e-06]",passed,strict_stable_local_minimum,-1.922638819707258e-18,1.329492071988625e-14,1.4210854715202004e-13,3.752192454749668e-12,41.07812141262224,41.07812141262224,-6.288231756264716,-0.04271302382102136,-13.394945391949184,1299.0
full,E-AUTO-r5ap80,E,AUTO,vle_obs_0066,pressure,80,0.271,Aronu2011,True,False,1,True,evaluated,,,2.4374775830074213,solve_succeeded,passed,passed,47510.56521827152,0.4325646157716601,"[4.9302425531176295e-06, 0.053447521759172494, 0.8854942486137568, 0.030633552717143006, 0.02813724114470806, 0.002066407881468953, 0.00021380609612952316, 2.3180541592978145e-11, 2.2915218874910647e-06]",passed,strict_stable_local_minimum,-1.15292921361838e-18,1.3877787807814457e-16,1.1368683772161603e-13,3.0700950204842255e-12,39.18152429089634,39.18152429089634,-7.858607654030077,-0.06021089216391575,-14.909279925916703,2282.0
full,E-AUTO-r5ap80,E,AUTO,vle_obs_0067,pressure,80,0.347,Aronu2011,True,False,1,True,evaluated,,,2.06534038198879,solve_succeeded,passed,passed,48914.03662491259,0.43265885346447264,"[2.0896052037901655e-05, 0.03830511484279511, 0.8836038895363154, 0.039139485296571026, 0.03477192381657513, 0.003948664510123972, 0.00020887108637066855, 3.104014129142138e-11, 1.154828170725773e-06]",passed,strict_stable_local_minimum,2.7060895145889497e-18,4.773959005888173e-15,1.4210854715202004e-13,5.933256690681768e-12,36.93762367496746,36.93762367496746,-10.036848134237339,-0.08806071812639947,-17.00597744763251,1808.0
full,E-AUTO-r5ap80,E,AUTO,vle_obs_0068,pressure,80,0.4,Aronu2011,True,False,1,True,evaluated,,,2.1661414569825865,solve_succeeded,passed,passed,49832.6547925188,0.4325140609637277,"[5.870008122589983e-05, 0.028793558694263446, 0.881271006362549, 0.04503860262347862, 0.03838012031280539, 0.006256843022350423, 0.0002004704640004451, 3.950247918447083e-11, 6.983998243963011e-07]",passed,strict_stable_local_minimum,-1.8793524776394036e-19,1.1102230246251565e-16,8.526512829121202e-14,1.87060382566679e-12,35.561751554031794,35.561751554031794,-11.566269614198424,-0.10990725208109897,-18.472240592150435,1666.0
full,E-AUTO-r5ap80,E,AUTO,vle_obs_0069,pressure,80,0.398,Aronu2011,True,False,1,True,evaluated,,,1.5938722409773618,solve_succeeded,passed,passed,49799.79496611225,0.4325242141337074,"[5.642993456080493e-05, 0.02912928755829616, 0.8813812056241491, 0.044816983901559124, 0.038266264923983107, 0.006148224877503036, 0.00020089099835919404, 3.911736257723405e-11, 7.121424719551592e-07]",passed,strict_stable_local_minimum,2.4923720875698457e-19,4.482927167299305e-17,1.4210854715202004e-13,4.130240924010044e-12,35.61159529990972,35.61159529990972,-11.50838490927111,-0.10904725840743149,-18.416882227137815,1455.0
full,E-AUTO-r5ap80,E,AUTO,vle_obs_0119,pressure,40,0.153,Hilliard2008,True,False,1,True,evaluated,,,1.5799676989845466,solve_succeeded,passed,passed,46433.87760279914,0.4468670301189986,"[2.579930582375477e-08, 0.07822513266716591, 0.8866760657461273, 0.017911592489739725, 0.016082140835191636, 0.0003741325531047172, 0.0007244091957879842, 1.8547284623025818e-12, 6.5007117221305085e-06]",passed,strict_stable_local_minimum,9.81118700790328e-19,1.1102230246251565e-16,1.1368683772161603e-13,4.600117299340927e-11,51.10989848097329,51.10989848097329,-5.421777187140081,-0.026605404660087692,-14.3863466594524,1351.0
full,E-AUTO-r5ap80,E,AUTO,vle_obs_0120,pressure,40,0.163,Hilliard2008,True,False,1,True,evaluated,,,2.2455879299959633,solve_succeeded,passed,passed,46621.40504142211,0.4469170500567485,"[3.225144382121532e-08, 0.0760233501847233, 0.8866225938201349, 0.019045271858011966, 0.017150243225310446, 0.0004161014722426657, 0.0007365199762214013, 1.9477441419184934e-12, 5.887209963791038e-06]",passed,strict_stable_local_minimum,4.4750871554312e-18,5.551115123125783e-17,1.1368683772161603e-13,9.616655359777447e-13,50.633007879329746,50.633007879329746,-5.751173726266434,-0.029083870204876627,-14.70236708500868,1323.0
full,E-AUTO-r5ap80,E,AUTO,vle_obs_0121,pressure,40,0.17,Hilliard2008,True,False,1,True,evaluated,,,2.1693364620150533,solve_succeeded,passed,passed,46753.395736883846,0.446951927909068,"[3.757935344000115e-08, 0.07448397836949633, 0.8865838042459898, 0.019838287955827535, 0.017896598344829834, 0.0004473968456901094, 0.000744396110519879, 2.012623326718646e-12, 5.5005462804556295e-06]",passed,strict_stable_local_minimum,6.193373064680828e-19,5.139118297581291e-17,5.684341886080802e-14,3.3076908130183915e-10,50.30749946550249,50.30749946550249,-5.981355148006409,-0.030863382496571754,-14.92319927270171,2156.0
full,E-AUTO-r5ap80,E,AUTO,vle_obs_0122,pressure,40,0.191,Hilliard2008,True,False,1,True,evaluated,,,1.6165031190030277,solve_succeeded,passed,passed,47152.87695330644,0.4470556208388569,"[5.8654068285591054e-08, 0.06987631258758205, 0.8864591019205463, 0.022215048231859817, 0.020127501485731183, 0.0005518948163872246, 0.0007655696303319598, 2.2078844941125402e-12, 4.51267128537904e-06]",passed,strict_stable_local_minimum,-5.034542622595666e-18,1.8041124150158794e-16,1.1368683772161603e-13,1.0273319381002916e-11,49.3700573495669,49.3700573495669,-6.670319119932279,-0.03641782091793727,-15.584164133139382,1263.0
full,E-AUTO-r5ap80,E,AUTO,vle_obs_0123,pressure,40,0.194,Hilliard2008,True,False,1,True,evaluated,,,2.119574704003753,solve_succeeded,passed,passed,47210.36829733224,0.4470702903163662,"[6.241942085919803e-08, 0.06921948525826951, 0.88644009821448, 0.022554345966443103, 0.020445030657916773, 0.000568250184552265, 0.0007683378295285808, 2.236037897162253e-12, 4.3894671529365655e-06]",passed,strict_stable_local_minimum,4.634961184236544e-18,1.249000902703301e-16,2.2737367544323206e-13,3.9640669434638606e-10,49.24073358656426,49.24073358656426,-6.768582075757458,-0.03723733364402813,-15.678431070913348,1263.0
full,E-AUTO-r5ap80,E,AUTO,vle_obs_0124,pressure,40,0.232,Hilliard2008,True,False,1,True,evaluated,,,1.4745579430018552,solve_succeeded,passed,passed,47947.290262439,0.44725156040171915,"[1.3450337632717909e-07, 0.060937094724418106, 0.8861654988726153, 0.02684829214209642, 0.02443346692693491, 0.0008130821453322669, 0.0007993123898161927, 2.606838346796796e-12, 3.1182928036957725e-06]",passed,strict_stable_local_minimum,-6.672136745627874e-19,4.7488055154865094e-17,3.694822225952521e-13,8.060229480360681e-13,47.69457360553343,47.69457360553343,-8.010943860085556,-0.04816422294273236,-16.870164617028593,1299.0
full,E-AUTO-r5ap80,E,AUTO,vle_obs_0125,pressure,40,0.246,Hilliard2008,True,False,1,True,evaluated,,,1.5950669050216675,solve_succeeded,passed,passed,48222.585560982596,0.44731550654192725,"[1.773541364483574e-07, 0.05790674933995601, 0.8860445417945078, 0.02842889383266159, 0.02588320581216806, 0.0009244194094197069, 0.00080925615943168, 2.754097889745798e-12, 2.756294964566299e-06]",passed,strict_stable_local_minimum,-7.585375373609096e-18,3.0357660829594124e-17,8.526512829121202e-14,3.201485380645409e-11,47.165024300383145,47.165024300383145,-8.467974915269487,-0.052438751091709555,-17.308494065025762,1329.0
full,E-AUTO-r5ap80,E,AUTO,vle_obs_0126,pressure,40,0.269,Hilliard2008,True,True,1,True,non_evaluable,numerical_convergence_failure,reactive_finite_phase_certificate_failed,4.213882736017695,solve_succeeded,failed,passed,,,,,,,,,,,,,,,
full,E-AUTO-r5ap80,E,AUTO,vle_obs_0127,pressure,40,0.272,Hilliard2008,True,False,1,True,evaluated,,,2.156199556979118,solve_succeeded,passed,passed,48738.49239801147,0.4474283897242258,"[2.9543677856016143e-07, 0.05231839585026872, 0.8857817866150568, 0.031362878407901425, 0.02853756147551494, 0.001170653566830413, 0.0008262347240118705, 3.05241274009667e-12, 2.1939205847490024e-06]",passed,strict_stable_local_minimum,-4.956473259029568e-18,5.854691731421724e-17,3.126388037344441e-13,3.773587658480885e-11,46.23341759723692,46.23341759723692,-9.316432873811491,-0.06072024140782802,-18.12204851203007,1866.0
full,E-AUTO-r5ap80,E,AUTO,vle_obs_0128,pressure,40,0.326,Hilliard2008,True,False,1,True,evaluated,,,2.7905382690078113,solve_succeeded,passed,passed,49822.30880645942,0.4476245061993669,"[8.618376542404793e-07, 0.04094869557638663, 0.8850040908024751, 0.03745131766885347, 0.03381875892757937, 0.0019186372784135287, 0.00085628356190933, 3.843186544374725e-12, 1.3543428851050375e-06]",passed,strict_stable_local_minimum,-8.643003318784697e-18,8.326672684688674e-17,2.5579538487363607e-13,4.419520128964451e-11,44.488384839699634,44.488384839699634,-11.079858527034775,-0.07928956082516352,-19.811570571236363,2749.0
full,E-AUTO-r5ap80,E,AUTO,vle_obs_0129,pressure,40,0.348,Hilliard2008,True,False,1,True,evaluated,,,2.4344468920025975,solve_succeeded,passed,passed,50263.84693557176,0.4476807920740577,"[1.3516192888655415e-06, 0.036454667684117606, 0.8845516928176606, 0.039929200765511506, 0.035834848760449366, 0.0023610214204552444, 0.0008661136606349721, 4.272471367441286e-12, 1.1032676094191532e-06]",passed,strict_stable_local_minimum,4.196333563133464e-18,9.627715291671279e-17,3.410605131648481e-13,1.0178016747042007e-12,43.8400840133742,43.8400840133742,-11.79967842046153,-0.0873648349405581,-20.500327062378098,2057.0
full,E-AUTO-r5ap80,E,AUTO,vle_obs_0130,pressure,40,0.35,Hilliard2008,True,False,1,True,evaluated,,,3.2489109419984743,solve_succeeded,passed,passed,50303.82829627101,0.44768495528582997,"[1.4089030747743928e-06, 0.036051544358306736, 0.8845052472807142, 0.04015435521203555, 0.03601281121141455, 0.0024066395554053145, 0.0008669109747984713, 4.315819296356994e-12, 1.0824999345656996e-06]",passed,strict_stable_local_minimum,-3.185852205957142e-18,2.7755575615628914e-17,2.8421709430404007e-13,2.2308435642205786e-11,43.782691399851416,43.782691399851416,-11.865174230879681,-0.0881132583616012,-20.562959308710006,3792.0
full,E-AUTO-r5ap80,E,AUTO,vle_obs_0131,pressure,40,0.36,Hilliard2008,True,False,1,True,evaluated,,,3.563210477004759,solve_succeeded,passed,passed,50503.09808589105,0.44770297960642574,"[1.7368241122487857e-06, 0.03405164758532817, 0.8842576272406251, 0.04127979731030526, 0.03688722908719547, 0.0026503723101427997, 0.0008706062797662907, 4.545171650309828e-12, 9.833579795896195e-07]",passed,strict_stable_local_minimum,-4.966088007419862e-18,9.19844428795872e-17,4.263256414560601e-13,1.6694634818883008e-11,43.49928020800104,43.49928020800104,-12.192815624622911,-0.09189093023275528,-20.876166384656564,3552.0
full,E-AUTO-r5ap80,E,AUTO,vle_obs_0132,pressure,40,0.382,Hilliard2008,True,False,1,True,non_evaluable,numerical_convergence_failure,reactive_finite_phase_certificate_failed,2.0844488160219043,solve_succeeded,failed,passed,,,,,,,,,,,,,,,
full,E-AUTO-r5ap80,E,AUTO,vle_obs_0133,pressure,40,0.386,Hilliard2008,True,False,1,True,non_evaluable,numerical_convergence_failure,reactive_finite_phase_certificate_failed,1.9008835230197292,solve_succeeded,failed,passed,,,,,,,,,,,,,,,
full,E-AUTO-r5ap80,E,AUTO,vle_obs_0134,pressure,40,0.389,Hilliard2008,True,False,1,True,non_evaluable,numerical_convergence_failure,reactive_finite_phase_certificate_failed,0.6903402570169419,solve_succeeded,failed,passed,,,,,,,,,,,,,,,
full,E-AUTO-r5ap80,E,AUTO,vle_obs_0135,pressure,40,0.4,Hilliard2008,True,False,1,True,evaluated,,,4.012576468026964,solve_succeeded,passed,passed,51281.3343418553,0.4477149511467731,"[4.144764550119886e-06, 0.026385921265913492, 0.8829410655605404, 0.04577377373419991, 0.04005870876636323, 0.003957050745185965, 0.0008786790708680905, 5.732130641307976e-12, 6.56086646675475e-07]",passed,strict_stable_local_minimum,-6.388863981300426e-18,4.132898742780346e-17,4.263256414560601e-13,3.45340891962735e-12,42.4159048911739,42.4159048911739,-13.506536190168111,-0.10759393681625487,-22.129642267193574,3104.0
full,E-AUTO-r5ap80,E,AUTO,vle_obs_0136,pressure,40,0.464,Hilliard2008,True,False,1,True,evaluated,,,3.4130386449978687,solve_succeeded,passed,passed,52375.62693814232,0.44739304990476253,"[1.862738268573817e-05, 0.015971123399914727, 0.87903785559056, 0.05291089690804491, 0.043334758235491294, 0.00787702109634024, 0.0008494002074984397, 9.124083414265143e-12, 3.171703405842971e-07]",passed,strict_stable_local_minimum,-4.671400987513317e-18,2.883977778811442e-17,2.2737367544323206e-13,8.96671893901111e-12,40.76991482795903,40.76991482795903,-15.62194063049538,-0.1347803110522926,-24.134734452530665,2981.0
full,E-AUTO-r5ap80,E,AUTO,vle_obs_0137,pressure,40,0.466,Hilliard2008,True,False,1,True,evaluated,,,3.3971327370090876,solve_succeeded,passed,passed,52404.811310722114,0.44737309864438524,"[1.9547935849725677e-05, 0.015698560814174353, 0.8788647501558808, 0.0531321870601367, 0.04338592736570499, 0.008051483983093927, 0.0008472330447229197, 9.272362484199207e-12, 3.096311643092735e-07]",passed,strict_stable_local_minimum,-6.73149783313452e-18,1.1102230246251565e-16,2.5579538487363607e-13,2.1220874314960822e-10,40.718572852330176,40.718572852330176,-15.688352932423703,-0.1356744610557858,-24.197306957108303,3029.0
full,E-AUTO-r5ap80,E,AUTO,vle_obs_0138,pressure,40,0.481,Hilliard2008,True,False,1,True,evaluated,,,3.4169996950076893,solve_succeeded,passed,passed,52611.21434816571,0.44720025910276145,"[2.804348793980246e-05, 0.013777125439634793, 0.8774482816701438, 0.05478735088776935, 0.04365124555136583, 0.009479542362351294, 0.0008281523942193699, 1.04811730324931e-11, 2.581960946668557e-07]",passed,strict_stable_local_minimum,-1.074703701455528e-17,8.326672684688674e-17,4.263256414560601e-13,1.5577829424737678e-10,40.33160557751838,40.33160557751838,-16.18703508713528,-0.14247464611324573,-24.66629935462563,3180.0
full,E-AUTO-r5ap80,E,AUTO,vle_obs_0139,pressure,40,0.491,Hilliard2008,True,False,1,True,evaluated,,,3.427909437014023,solve_succeeded,passed,passed,52736.05399872287,0.44706162460899274,"[3.558753251108239e-05, 0.012619517858469346, 0.8763854852832859, 0.05588604296425262, 0.04370931447189181, 0.01055114662724724, 0.000812676625538458, 1.1383458887832306e-11, 2.2862542011285495e-07]",passed,strict_stable_local_minimum,3.5853821503036486e-19,3.366751322175787e-14,1.1368683772161603e-13,1.892720121192161e-11,40.07140087421263,40.07140087421263,-16.520038544590747,-0.14710286245340745,-24.978624831870455,3096.0
full,E-AUTO-r5ap80,E,AUTO,vle_obs_0140,pressure,40,0.501,Hilliard2008,True,False,1,True,evaluated,,,4.862508101010462,solve_succeeded,passed,passed,52850.40557733906,0.4469040312757835,"[4.500651906493184e-05, 0.011561252520356093, 0.8752275621181634, 0.056980638488413005, 0.04367192729783516, 0.011718312377403907, 0.0007950981591354822, 1.236248091100687e-11, 2.0250726545089314e-07]",passed,strict_stable_local_minimum,5.1007010417443656e-18,2.220446049250313e-16,2.2737367544323206e-13,4.022372898038531e-11,39.8092435226762,39.8092435226762,-16.853431970288764,-0.1518091331244477,-25.290640742254766,4311.0
full,E-AUTO-r5ap80,E,AUTO,vle_obs_0141,pressure,40,0.518,Hilliard2008,True,False,1,True,evaluated,,,5.744209367985604,solve_succeeded,passed,passed,53021.00494004013,0.4465936096016798,"[6.633380818985845e-05, 0.009983515006430691, 0.8730481056559842, 0.05883147485691344, 0.04339643511899807, 0.013913066143341693, 0.0007609042128219579, 1.4195141530587404e-11, 1.651831248914906e-07]",passed,strict_stable_local_minimum,6.829179181311775e-18,1.1102230246251565e-16,2.8421709430404007e-13,3.189988789024736e-12,39.35937417252592,39.35937417252592,-17.420906950681925,-0.1599924325080057,-25.820254797442757,5825.0
full,E-AUTO-r5ap80,E,AUTO,vle_obs_0142,pressure,40,0.591,Hilliard2008,True,False,1,True,evaluated,,,6.5701378710218705,solve_succeeded,passed,passed,53473.187361154574,0.44477048717837836,"[0.00027838142690163754, 0.005713059396078609, 0.8613550649026087, 0.0666176935622597, 0.039856876280081784, 0.025596957038003382, 0.0005818928978434562, 2.3867547674957947e-11, 7.447235516396411e-08]",passed,strict_stable_local_minimum,8.650803551181715e-18,9.69276742202041e-17,1.4210854715202004e-13,1.2687348217103754e-12,37.41259714007716,37.41259714007716,-19.854757849516744,-0.19768693741017135,-28.07620706272484,5647.0
full,E-AUTO-r5ap80,E,AUTO,vle_obs_0143,pressure,60,0.114,Hilliard2008,True,False,1,True,evaluated,,,1.6987665030173957,solve_succeeded,passed,passed,45220.18077970099,0.4393517176322652,"[4.407047061764207e-08, 0.08693565319513678, 0.8870692332916446, 0.013180305822234537, 0.012102904924345277, 0.00033568117039977854, 0.0003655422105355764, 4.407320358803117e-12, 1.063531082565021e-05]",passed,strict_stable_local_minimum,-7.780673428706792e-19,5.009187509230628e-14,7.673861546209082e-13,4.421541664380578e-12,49.09954023780123,49.09954023780123,-3.6867783199724635,-0.01693613138007737,-11.738540672269421,1365.0
full,E-AUTO-r5ap80,E,AUTO,vle_obs_0144,pressure,60,0.191,Hilliard2008,True,False,1,True,evaluated,,,1.777178719989024,solve_succeeded,passed,passed,46631.185874736984,0.43972537924038346,"[2.5433820182089624e-07, 0.0700937210221165, 0.8865978766299736, 0.021858581210956334, 0.020266538112648027, 0.0007692135138859977, 0.0004090144253314999, 6.563465293623417e-12, 4.8007403227776025e-06]",passed,strict_stable_local_minimum,-2.586397020366423e-18,8.326672684688674e-17,1.4210854715202004e-13,1.1205769959371863e-10,45.54039825353343,45.54039825353343,-6.038364721531659,-0.03556771183615329,-14.000657195505308,1407.0
full,E-AUTO-r5ap80,E,AUTO,vle_obs_0145,pressure,60,0.291,Hilliard2008,True,False,1,True,evaluated,,,2.481005940004252,solve_succeeded,passed,passed,48544.63142875887,0.4401259582293862,"[1.812183675664474e-06, 0.04877893473698907, 0.8854558259192653, 0.03309643121905888, 0.030343299570015962, 0.0018923064835395058, 0.0004294352974061752, 9.679192697040532e-12, 1.9545803702547007e-06]",passed,strict_stable_local_minimum,-2.6237394307683722e-18,5.551115123125783e-17,1.9895196601282805e-13,4.5571861578526914e-12,41.916312402269874,41.916312402269874,-9.076929870988085,-0.06645315996611996,-16.922515420185505,1917.0
full,E-AUTO-r5ap80,E,AUTO,vle_obs_0146,pressure,60,0.386,Hilliard2008,True,False,1,True,evaluated,,,2.879585748014506,solve_succeeded,passed,passed,50354.404697653335,0.44022775263580044,"[1.199083649520366e-05, 0.030050077069933703, 0.8828768520862234, 0.04374507820609121, 0.03842236801312754, 0.004463750457664844, 0.0004290764346562787, 1.491084396548135e-11, 8.068808971093796e-07]",passed,strict_stable_local_minimum,7.083077594825761e-18,2.3592239273284576e-14,1.9895196601282805e-13,7.883830259986544e-12,39.19110780422388,39.19110780422388,-11.979231892074955,-0.10210993500597243,-19.704976145159186,2650.0
full,E-AUTO-r5ap80,E,AUTO,vle_obs_0147,pressure,60,0.485,Hilliard2008,True,False,1,True,evaluated,,,3.4391957059851848,solve_succeeded,passed,passed,51885.86118649621,0.43945147204525326,"[9.961604376132543e-05, 0.015067870994911772, 0.8757850931662935, 0.054714803759339334, 0.04242501533326121, 0.011525131305499505, 0.00038218777893034083, 2.7642485275836407e-11, 2.815903604361592e-07]",passed,strict_stable_local_minimum,-1.062580014747193e-17,1.3877787807814457e-16,1.4210854715202004e-13,7.732075326579196e-11,36.71008182725375,36.71008182725375,-15.052490089293086,-0.14581496982937314,-22.62229347198104,3076.0
full,E-AUTO-r5ap80,E,AUTO,vle_obs_0148,pressure,60,0.544,Hilliard2008,True,False,1,True,evaluated,,,3.3603672930039465,solve_succeeded,passed,passed,52422.19845954933,0.43826425766539845,"[0.00032087126580162813, 0.009817392698166593, 0.8681036970281777, 0.06104006558204179, 0.041325402796551176, 0.01907032841214084, 0.0003220922373713546, 4.057087036785123e-11, 1.499391779239685e-07]",passed,strict_stable_local_minimum,8.276542083503964e-18,1.444157293750692e-16,5.684341886080802e-14,2.0301487194103323e-11,35.264865971046284,35.264865971046284,-16.89280008680876,-0.1752075505634632,-24.34647248544281,2510.0
full,E-AUTO-r5ap80,E,AUTO,vle_obs_0162,pressure,40,0.242,Idris2014,True,False,1,True,evaluated,,,2.099397318001138,solve_succeeded,passed,passed,48143.73713052551,0.4472974313754527,"[1.639130940975667e-07, 0.05877120524106786, 0.8860804022839553, 0.027977353776734135, 0.02547029147532218, 0.0008912493189610772, 0.0008064789970080222, 2.7112264252443494e-12, 2.854991146055137e-06]",passed,strict_stable_local_minimum,5.1042299420637395e-18,8.391724815037804e-17,2.5579538487363607e-13,2.239711866983773e-11,47.314252728899,47.314252728899,-8.337415405443945,-0.05120408460838662,-17.183282833413315,1407.0
full,E-AUTO-r5ap80,E,AUTO,vle_obs_0163,pressure,40,0.321,Idris2014,True,False,1,True,evaluated,,,3.112098359008087,solve_succeeded,passed,passed,49721.71120791887,0.4476093708457712,"[7.792062890728612e-07, 0.041983525631753886, 0.8850936996207344, 0.036887906343024475, 0.03334734947083946, 0.0018315048927206204, 0.0008538171523387583, 3.75626021631318e-12, 1.417678543127031e-06]",passed,strict_stable_local_minimum,8.084602112697975e-18,3.799239229967076e-17,1.1368683772161603e-13,3.3792749606151255e-10,44.640347128518684,44.640347128518684,-10.916407309064322,-0.07749479235504339,-19.65508253990204,2644.0
full,E-AUTO-r5ap80,E,AUTO,vle_obs_0164,pressure,40,0.33,Idris2014,True,False,1,True,non_evaluable,numerical_convergence_failure,reactive_finite_phase_certificate_failed,4.331026258005295,solve_succeeded,failed,passed,,,,,,,,,,,,,,,
full,E-AUTO-r5ap80,E,AUTO,vle_obs_0165,pressure,40,0.345,Idris2014,True,False,1,True,evaluated,,,3.018779314996209,solve_succeeded,passed,passed,50203.809551304184,0.44767422231521825,"[1.2702876588659744e-06, 0.03706119045017796, 0.8846195605125253, 0.03959143154488358, 0.03556610434196048, 0.0022944234807400154, 0.0008648843485470839, 4.208919896244077e-12, 1.1350292978369816e-06]",passed,strict_stable_local_minimum,-3.0846597442670638e-18,2.0773313624822265e-16,1.9895196601282805e-13,1.9553372170830805e-11,43.92663438276645,43.92663438276645,-11.701454000464018,-0.08624665364589543,-20.406384448170378,1885.0
full,E-AUTO-r5ap80,E,AUTO,vle_obs_0166,pressure,40,0.352,Idris2014,True,False,1,True,non_evaluable,numerical_convergence_failure,reactive_finite_phase_certificate_failed,0.7961314569984097,solve_succeeded,failed,passed,,,,,,,,,,,,,,,
full,E-AUTO-r5ap80,E,AUTO,vle_obs_0167,pressure,40,0.355,Idris2014,True,False,1,True,evaluated,,,3.235182148986496,solve_succeeded,passed,passed,50403.60745543482,0.44769456843047784,"[1.5637250973522503e-06, 0.03504821845697799, 0.8843847434550484, 0.04071714808649313, 0.036453326864333425, 0.0025251456207151463, 0.0008688218189655808, 4.4277824052531726e-12, 1.0319679411811275e-06]",passed,strict_stable_local_minimum,-5.224074109221983e-18,8.023096076392733e-17,5.684341886080802e-14,4.0295416517883425e-13,43.64025963969322,43.64025963969322,-12.028960335672558,-0.08999469338749776,-20.719553345722534,2734.0
full,E-AUTO-r5ap80,E,AUTO,vle_obs_0168,pressure,40,0.375,Idris2014,True,False,1,True,evaluated,,,4.28612201299984,solve_succeeded,passed,passed,50799.2881196959,0.4477200855963119,"[2.391040346988243e-06, 0.031107309006402895, 0.8838319125333327, 0.04296673300557896, 0.03814455855544111, 0.0030711688759439805, 0.0008750786011083299, 4.933910976513897e-12, 8.483769111229767e-07]",passed,strict_stable_local_minimum,-3.2915802249616453e-18,5.551115123125783e-17,1.1368683772161603e-13,8.29240320719594e-12,43.08443495699992,43.08443495699992,-12.684829256764903,-0.09766831785148142,-21.346113766609776,3996.0
full,E-AUTO-r5ap80,E,AUTO,vle_obs_0169,pressure,40,0.377,Idris2014,True,False,1,True,evaluated,,,3.648922707012389,solve_succeeded,passed,passed,50838.46065309336,0.44772134484367254,"[2.496565208221286e-06, 0.030720403718159813, 0.8837696089014766, 0.04319152602033281, 0.03830665898704986, 0.003132913020653202, 0.000875561235490939, 4.990325529048241e-12, 8.315466382066205e-07]",passed,strict_stable_local_minimum,-7.220747051012332e-18,1.4203048459560108e-16,1.1368683772161603e-13,1.858337456523942e-10,43.02997437759655,43.02997437759655,-12.750485041614889,-0.09844868819799663,-21.408784736931587,3849.0
full,E-AUTO-r5ap80,E,AUTO,vle_obs_0170,pressure,40,0.436,Idris2014,True,False,1,True,evaluated,,,4.28149195300648,solve_succeeded,passed,passed,51930.56557332617,0.44760249978949734,"[9.522272907420046e-06, 0.020159032692085577, 0.8811023027966002, 0.049800040780154556, 0.04225872683633122, 0.0057989942687388845, 0.0008709393365905539, 7.344143012426031e-12, 4.410092474866459e-07]",passed,strict_stable_local_minimum,-2.9709083471628155e-18,8.326672684688674e-17,2.5579538487363607e-13,3.422279676445328e-12,41.48579416718003,41.48579416718003,-14.694161675283429,-0.12255671059559803,-23.25797141039156,3118.0
full,E-AUTO-r5ap80,E,AUTO,vle_obs_0171,pressure,40,0.46,Idris2014,True,False,1,True,evaluated,,,3.522482222004328,solve_succeeded,passed,passed,52316.137342327565,0.4474308419586525,"[1.6914643117883893e-05, 0.01652745014760842, 0.8793732703486253, 0.052467918505332535, 0.043221602092206955, 0.007539039336828374, 0.0008534721676894646, 8.836395292247706e-12, 3.327497546817699e-07]",passed,strict_stable_local_minimum,-1.0069845803837244e-17,1.452830911130576e-16,1.7053025658242404e-13,1.0160233174835074e-10,40.872457879351096,40.872457879351096,-15.489172797765015,-0.13300065993838833,-24.009564253859583,3089.0
full,E-AUTO-r5ap80,E,AUTO,vle_obs_0186,pressure,40,0.0888,Jou1995,True,False,1,True,evaluated,,,2.7926803549926262,solve_succeeded,passed,passed,45259.32391933051,0.44654474338014394,"[4.92423379818639e-09, 0.09241922178347393, 0.8869925238714111, 0.010598482033259062, 0.009201164517941278, 0.00016637330470358413, 0.0006087146480740039, 1.218484582366344e-12, 1.3514915684674883e-05]",passed,strict_stable_local_minimum,1.4415781292849855e-18,6.692661426140403e-17,1.7053025658242404e-13,3.244852680173224e-11,54.54511935611813,54.54511935611813,-3.2816101429274136,-0.012574139271603276,-12.333004121452245,2336.0
full,E-AUTO-r5ap80,E,AUTO,vle_obs_0187,pressure,40,0.203,Jou1995,True,False,1,True,evaluated,,,2.090761569008464,solve_succeeded,passed,passed,47383.4621848057,0.4471140337209397,"[7.510154817780289e-08, 0.06725135242888058, 0.8863810186622344, 0.023571935723631657, 0.021395572306910537, 0.0006196855062878505, 0.0007763176445689681, 2.321190560009883e-12, 4.042623616523433e-06]",passed,strict_stable_local_minimum,4.499744146102267e-19,1.456196274673971e-13,1.3073986337985843e-12,1.856776304533306e-10,48.859370224137294,48.859370224137294,-7.063176917673519,-0.03973427167266279,-15.961040222208558,1347.0
full,E-AUTO-r5ap80,E,AUTO,vle_obs_0188,pressure,40,0.365,Jou1995,True,False,1,True,evaluated,,,2.116246781020891,solve_succeeded,passed,passed,50602.247264067475,0.447710100534595,"[1.9305570506616814e-06, 0.033062298849993614, 0.8841234459837741, 0.041842288628399275, 0.0373140647639448, 0.002782781955728437, 0.0008722526569537007, 4.668374921000782e-12, 9.365994870256716e-07]",passed,strict_stable_local_minimum,-1.1102504828855902e-17,6.331740687315346e-17,3.694822225952521e-13,3.027966858295436e-11,43.35969214751472,43.35969214751472,-12.356743377201154,-0.09380195008618086,-21.03279798808924,2192.0
full,E-AUTO-r5ap80,E,AUTO,vle_obs_0189,pressure,40,0.4735,Jou1995,True,False,1,True,evaluated,,,2.4919881990063004,solve_succeeded,passed,passed,52510.81653547862,0.4472918650890711,"[2.3420793555307565e-05, 0.014710439957818247, 0.8781828740427071, 0.05396079161740753, 0.04354500905707918, 0.00873886366421904, 0.0008383180486062002, 9.855236023040893e-12, 2.8280875214341507e-07]",passed,strict_stable_local_minimum,3.359275039201902e-18,7.728261112810252e-17,1.7053025658242404e-13,3.70949367762152e-12,40.52554447603337,40.52554447603337,-15.937565627989578,-0.13905359336872783,-24.431872936806116,2096.0
full,E-AUTO-r5ap80,E,AUTO,vle_obs_0190,pressure,40,0.513,Jou1995,True,False,1,True,evaluated,,,3.7121847679954953,solve_succeeded,passed,passed,52973.8758159973,0.4466903204106591,"[5.928321308012889e-05, 0.010419507993402634, 0.87371577448347, 0.05828845407788509, 0.043504254120862625, 0.01324107692125666, 0.0007714738729930468, 1.363501823271508e-11, 1.7530341471680257e-07]",passed,strict_stable_local_minimum,1.3419911484234837e-17,1.3877787807814457e-16,5.684341886080802e-14,5.97769373193782e-11,39.492185683895926,39.492185683895926,-17.253928459868934,-0.15756154510321568,-25.66460089925048,3046.0
full,E-AUTO-r5ap80,E,AUTO,vle_obs_0191,pressure,40,0.557,Jou1995,True,False,1,True,evaluated,,,3.2522727280156687,solve_succeeded,passed,passed,53310.59578887718,0.44570240682807305,"[0.00015006269603982784, 0.007284331594493954, 0.8671816786786969, 0.06302613339124122, 0.0418915640355193, 0.019797783846318678, 0.0006683397898632151, 1.9075069251971474e-11, 1.0594875188514308e-07]",passed,strict_stable_local_minimum,-7.671129546372812e-18,2.7755575615628914e-17,2.2737367544323206e-13,7.162910510657372e-13,38.31611727210784,38.31611727210784,-18.7236104097295,-0.17963437893003,-27.03019144401547,3031.0
full,E-AUTO-r5ap80,E,AUTO,vle_obs_0192,pressure,40,0.609,Jou1995,True,False,1,True,evaluated,,,3.3879968019900844,solve_succeeded,passed,passed,53534.838697117,0.4442363966441346,"[0.0003734773820132083, 0.005083218962743442, 0.8580991430735501, 0.0684905904053013, 0.038603148309854056, 0.02881333894776787, 0.0005370202819748471, 2.6532765735539358e-11, 6.26102624450568e-08]",passed,strict_stable_local_minimum,-1.553663675916225e-18,1.2906342661267445e-14,2.5579538487363607e-13,1.0251800521729665e-11,36.94311567335446,36.94311567335446,-20.44928529036209,-0.20755428295161135,-28.624917891101298,3457.0
full,E-AUTO-r5ap80,E,AUTO,vle_obs_0193,pressure,40,0.642,Jou1995,True,False,1,True,evaluated,,,3.6529338709951844,solve_succeeded,passed,passed,53615.60787554173,0.44320688371827466,"[0.0006078561738547452, 0.004178695284069409, 0.8519458762882022, 0.07186344569491752, 0.03610851497600314, 0.03483624583974034, 0.0004593191991010047, 3.156982792698713e-11, 4.651254185053571e-08]",passed,strict_stable_local_minimum,1.0065899436610266e-17,1.1525069093520912e-16,2.8421709430404007e-13,4.0331539231981545e-12,36.106026835626565,36.106026835626565,-21.526479528325314,-0.22611127498882064,-29.617862426428033,3063.0
full,E-AUTO-r5ap80,E,AUTO,vle_obs_0194,pressure,60,0.0564,Jou1995,True,False,1,True,evaluated,,,2.5974922320165206,solve_succeeded,passed,passed,44209.250041859465,0.4390646046990648,"[6.991478893057506e-09, 0.09964727593244732, 0.8873385110526035, 0.00664965902294277, 0.005921933147300295, 0.00013331388160732043, 0.00028511202741558924, 2.500113249104029e-12, 2.4187941704089034e-05]",passed,strict_stable_local_minimum,-1.2134865157662898e-19,6.451002926288751e-17,2.2737367544323206e-13,5.735788699973845e-11,52.355977499495786,52.355977499495786,-1.8989725445624819,-0.0063849856764992465,-10.01926633762534,1860.0
full,E-AUTO-r5ap80,E,AUTO,vle_obs_0195,pressure,60,0.119,Jou1995,True,False,1,True,evaluated,,,1.5578519410046283,solve_succeeded,passed,passed,45309.7879272104,0.43937662202381667,"[5.012760864108969e-08, 0.08583565644699298, 0.8870439292835656, 0.013745113163938139, 0.01263809365107157, 0.00035726064066903413, 0.00036986219515537953, 4.555880237128177e-12, 1.0034486442657469e-05]",passed,strict_stable_local_minimum,-1.0156386004978039e-18,6.071532165918825e-17,8.526512829121202e-14,7.979973914969435e-13,48.843227539669094,48.843227539669094,-3.840374635662757,-0.01799716748020405,-11.886275614065207,1269.0
full,E-AUTO-r5ap80,E,AUTO,vle_obs_0196,pressure,60,0.206,Jou1995,True,False,1,True,evaluated,,,2.2586322839779314,solve_succeeded,passed,passed,46913.324078532234,0.43979401396279677,"[3.4518364356454074e-07, 0.06684467459150777, 0.8864770215398993, 0.02354582602558306, 0.021828329534057368, 0.0008859327962791068, 0.00041369338017169466, 6.977490179999847e-12, 4.176941880685687e-06]",passed,strict_stable_local_minimum,-9.917520485957669e-19,3.768216648273887e-17,1.9895196601282805e-13,2.2368725975142794e-11,44.93329383530976,44.93329383530976,-6.494383342693627,-0.03973953840300542,-14.439335029261034,1341.0
full,E-AUTO-r5ap80,E,AUTO,vle_obs_0197,pressure,60,0.389,Jou1995,True,False,1,True,evaluated,,,2.026786156988237,solve_succeeded,passed,passed,50408.81920632973,0.4402218507768641,"[1.2762451821518297e-05, 0.029506186685864296, 0.8827488158175131, 0.04408040971332987, 0.03863084030016439, 0.00459161745556898, 0.0004285844121656337, 1.5153504495905496e-11, 7.831484187412666e-07]",passed,strict_stable_local_minimum,-8.956107401130842e-18,8.326672684688674e-17,2.2737367544323206e-13,5.604866103499865e-12,39.11271591132635,39.11271591132635,-12.071493592870187,-0.1033331152944452,-19.793128157356815,1668.0
full,E-AUTO-r5ap80,E,AUTO,vle_obs_0198,pressure,60,0.438,Jou1995,True,False,1,True,evaluated,,,2.8914680030138697,solve_succeeded,passed,passed,51240.38831369614,0.43999051646513326,"[3.621237195354501e-05, 0.021313704775790095, 0.8799856612291658, 0.04953885681922402, 0.04136224358083052, 0.007349558138920742, 0.0004132920558333843, 2.023798717513084e-11, 4.7100804397662743e-07]",passed,strict_stable_local_minimum,-1.4849898683794112e-18,5.551115123125783e-15,8.526512829121202e-14,4.040167119659525e-12,37.86993612946197,37.86993612946197,-13.586171533138025,-0.1241861934331783,-21.235878970482524,2622.0
full,E-AUTO-r5ap80,E,AUTO,vle_obs_0199,pressure,60,0.504,Jou1995,True,False,1,True,evaluated,,,2.7700321189768147,solve_succeeded,passed,passed,52092.01839659236,0.43912896277009816,"[0.0001479014779429296, 0.013072703069957026, 0.8735875719207874, 0.056778331199182144, 0.042351237281565535, 0.013697187399324693, 0.00036483892987718554, 3.141276443253479e-11, 2.2868995030956947e-07]",passed,strict_stable_local_minimum,7.671962791899465e-19,8.803721640582296e-17,1.1368683772161603e-13,4.661669071387554e-12,36.24290638755454,36.24290638755454,-15.647024301730836,-0.15502212688799788,-23.18114726928344,2491.0
full,E-AUTO-r5ap80,E,AUTO,vle_obs_0200,pressure,60,0.561,Jou1995,True,False,1,True,evaluated,,,3.0070087640197016,solve_succeeded,passed,passed,52524.4922292504,0.43783231762022046,"[0.00043314610912679736, 0.008766244393678473, 0.8654865576867181, 0.06280833745219444, 0.04059567987496416, 0.021607284683905985, 0.0003026231835648861, 4.48263026238637e-11, 1.265710208176318e-07]",passed,strict_stable_local_minimum,9.175358527507433e-18,1.6653345369377348e-16,1.7053025658242404e-13,5.689950400016253e-13,34.85499552004521,34.85499552004521,-17.4160752705363,-0.1840674776079489,-24.833975314394408,3174.0
full,E-AUTO-r5ap80,E,AUTO,vle_obs_0201,pressure,60,0.579,Jou1995,True,False,1,True,evaluated,,,6.937328405008884,solve_succeeded,passed,passed,52612.06668381523,0.4373423576012325,"[0.000583261041024316, 0.007826498251536309, 0.8625785298361806, 0.06464682206483167, 0.03968009567660739, 0.024402753126550825, 0.0002819333573502787, 4.9472884086027574e-11, 1.0659644580038792e-07]",passed,strict_stable_local_minimum,-1.0705635830028132e-17,4.884981308350689e-15,2.2737367544323206e-13,3.616176235225936e-13,34.42747897074946,34.42747897074946,-17.96350711090713,-0.19359019472634073,-25.34293641967028,3052.0
full,E-AUTO-r5ap80,E,AUTO,vle_obs_0202,pressure,60,0.668,Jou1995,True,False,1,True,evaluated,,,6.618087051989278,solve_succeeded,passed,passed,52819.8825696608,0.434631686939927,"[0.0019286421900417809, 0.004906511334381327, 0.8471743164745015, 0.07309029167124635, 0.0340056358365838, 0.03870449787689498, 0.00019005348696104143, 7.277191602083257e-11, 5.1056617393146794e-08]",passed,strict_stable_local_minimum,1.2625704354002943e-17,5.453536927602087e-17,1.4210854715202004e-13,3.4264388442151186e-13,32.46120868618276,32.46120868618276,-20.510358423538644,-0.24160755077368257,-27.699419021136357,2674.0
full,E-AUTO-r5ap80,E,AUTO,vle_obs_0203,pressure,80,0.0174,Jou1995,True,False,1,True,evaluated,,,2.204546085005859,solve_succeeded,passed,passed,43016.433546049724,0.4314630271113235,"[2.5189826923604915e-09, 0.10826893628939735, 0.8875715701681687, 0.0021250103638228543, 0.0018249219513995195, 4.837602128061664e-05, 9.052970893496623e-05, 2.3702778030641474e-12, 7.065297564306373e-05]",passed,strict_stable_local_minimum,-1.8205278555340896e-19,1.9273528628106773e-13,6.252776074688882e-13,1.747529767178364e-11,50.92617026927293,50.92617026927293,-0.5733657696685359,-0.0012661670791069602,-7.884628644867333,1876.0
full,E-AUTO-r5ap80,E,AUTO,vle_obs_0204,pressure,80,0.0236,Jou1995,True,False,1,True,evaluated,,,5.743898462009383,solve_succeeded,passed,passed,43117.276966969956,0.43149181762640504,"[4.549372938480495e-09, 0.10691203593487968, 0.887553829251214, 0.0028195904896696614, 0.0024872419521914067, 6.728995796789778e-05, 0.00010505072099659293, 3.0953527337396152e-12, 5.495714061252345e-05]",passed,strict_stable_local_minimum,3.4950080518419953e-19,2.949368722339474e-17,5.684341886080802e-14,1.4047612543455695e-11,50.5259593367311,50.5259593367311,-0.754705649716059,-0.0018843813042765086,-8.059227023195007,2920.0
full,E-AUTO-r5ap80,E,AUTO,vle_obs_0205,pressure,80,0.0781,Jou1995,True,False,1,True,evaluated,,,3.779397798003629,solve_succeeded,passed,passed,44031.693553072604,0.43175561434471854,"[6.434152062033665e-08, 0.09492206126092802, 0.8873184861837847, 0.008966871920020311, 0.008329928485985242, 0.00027116651129369183, 0.00017435564355473658, 8.64034905077555e-12, 1.7065644272254304e-05]",passed,strict_stable_local_minimum,-1.0186255149546095e-18,2.5090809963566885e-17,3.979039320256561e-13,2.62775285004473e-12,47.28634816517039,47.28634816517039,-2.339727779376738,-0.00972767390526018,-9.586473684648428,1361.0
full,E-AUTO-r5ap80,E,AUTO,vle_obs_0206,pressure,80,0.118,Jou1995,True,False,1,True,evaluated,,,2.0239720690005925,solve_succeeded,passed,passed,44723.472483240344,0.4319486808956974,"[2.012598323701336e-07, 0.08617640659177717, 0.8871014641909382, 0.0134589438666257, 0.012583495843709902, 0.0004733888450243961, 0.0001959597997132719, 1.195709885638108e-11, 1.0139590421954412e-05]",passed,strict_stable_local_minimum,1.4517579276597717e-18,1.206673649889467e-14,1.1368683772161603e-13,1.3780865104073775e-12,45.23136102263452,45.23136102263452,-3.4874405257798515,-0.01753678815525993,-10.693141864257939,1329.0
full,E-AUTO-r5ap80,E,AUTO,vle_obs_0207,pressure,80,0.187,Jou1995,True,False,1,True,evaluated,,,2.028597799013369,solve_succeeded,passed,passed,45958.236841350146,0.4322629712382572,"[9.549105970215063e-07, 0.07120444620721443, 0.8865832606554882, 0.02121122917144476, 0.01980308634961992, 0.0009809689090613716, 0.00021112015008282637, 1.6946812436024807e-11, 4.933629544628199e-06]",passed,strict_stable_local_minimum,-1.610344728126561e-18,8.586881206085195e-17,5.684341886080802e-14,2.414569430939051e-11,42.19262178359457,42.19262178359457,-5.460591539291535,-0.03443258902198067,-12.596526414075326,1847.0
full,E-AUTO-r5ap80,E,AUTO,vle_obs_0208,pressure,80,0.348,Jou1995,True,False,1,True,evaluated,,,2.483018794009695,solve_succeeded,passed,passed,48932.073994331105,0.43265815579206945,"[2.130179184086944e-05, 0.038115576260431126, 0.8835695666225604, 0.03925115674190812, 0.03484974542194131, 0.003982750704719488, 0.00020875822099054585, 3.117092051405193e-11, 1.1442044371558431e-06]",passed,strict_stable_local_minimum,-3.9279559055275365e-18,8.326672684688674e-17,1.7053025658242404e-13,2.0312274753437127e-12,36.910453839420136,36.910453839420136,-10.065615437001501,-0.0884546672611444,-17.033615091067976,1808.0
full,E-AUTO-r5ap80,E,AUTO,vle_obs_0209,pressure,80,0.46,Jou1995,True,False,1,True,evaluated,,,5.399657369009219,solve_succeeded,passed,passed,50712.99650511498,0.43197821514742585,"[0.00019165265058935724, 0.019871686644722632, 0.876892129175224, 0.05161379409284031, 0.040711881106033666, 0.01053541566316931, 0.0001830567644471808, 5.411525749841467e-11, 3.8384885823890525e-07]",passed,strict_stable_local_minimum,-1.0470518646026216e-17,5.6343818499726694e-15,4.263256414560601e-13,7.561769148661803e-13,34.119508138754505,34.119508138754505,-13.304636454661782,-0.13695952171309203,-20.127957917166142,2298.0
full,E-AUTO-r5ap80,E,AUTO,vle_obs_0210,pressure,80,0.517,Jou1995,True,False,1,True,evaluated,,,2.8894588930124883,solve_succeeded,passed,passed,51300.37501046329,0.43099037454041456,"[0.0005507099472088316, 0.013833542215962084, 0.8705656920486348, 0.057604126952501625, 0.040719399671441614, 0.016568112414576692, 0.00015819826388809797, 7.353957672561348e-11, 2.1841224669827194e-07]",passed,strict_stable_local_minimum,1.4208358855695122e-18,6.661338147750939e-16,8.526512829121202e-14,5.088502444025762e-13,32.82173736724723,32.82173736724723,-14.931281219409287,-0.1645643740008138,-21.663033839930748,2739.0
full,E-AUTO-r5ap80,E,AUTO,vle_obs_0211,pressure,80,0.5785,Jou1995,True,False,1,True,evaluated,,,2.9596366479818244,solve_succeeded,passed,passed,51651.24173566834,0.42947898199640255,"[0.0014336043829359343, 0.009792781986605614, 0.8618392699683508, 0.06353106757064722, 0.03873414186772848, 0.024541215913362207, 0.00012779167446766, 9.764045109469056e-11, 1.265382616656643e-07]",passed,strict_stable_local_minimum,-5.509113352482662e-20,5.551115123125783e-17,2.8421709430404007e-13,3.8042649904464726e-13,31.513234468769838,31.513234468769838,-16.58132026328924,-0.19521683312193708,-23.205324104512375,2388.0
full,E-AUTO-r5ap80,E,AUTO,vle_obs_0212,pressure,80,0.64,Jou1995,True,False,1,True,evaluated,,,6.3877810850099195,solve_succeeded,passed,passed,51786.66922148713,0.42773250918550865,"[0.0030173021739478664, 0.007433417541241716, 0.852254292277214, 0.06869764862666626, 0.035749204482306694, 0.03274774509999975, 0.000100309486948189, 1.2060599666177665e-10, 8.019106942896491e-08]",passed,strict_stable_local_minimum,2.7638896516951904e-18,1.6653345369377348e-16,1.1368683772161603e-13,1.6131030792969378e-13,30.336697884050125,30.336697884050125,-18.044893046619144,-0.22513174807393063,-24.561090307062564,2686.0
full,E-AUTO-r5ap80,E,AUTO,vle_obs_0213,pressure,80,0.689,Jou1995,True,False,1,True,evaluated,,,2.821761030005291,solve_succeeded,passed,passed,51794.251716208644,0.4262980254220028,"[0.004813123382068181, 0.006239641147765453, 0.8445753992243433, 0.07222707677418311, 0.03321202770356711, 0.03885035494976354, 8.231757514408266e-05, 1.3630042768943938e-10, 5.9106864707190035e-08]",passed,strict_stable_local_minimum,8.175654651127113e-18,8.326672684688674e-17,8.526512829121202e-14,5.166763853076427e-13,29.501145851079162,29.501145851079162,-19.05419039569255,-0.24762441238481298,-25.488583763627954,3366.0
full,E-AUTO-r5ap80,E,AUTO,vle_obs_0214,pressure,100,0.0117,Jou1995,True,False,1,True,evaluated,,,3.277728624001611,solve_succeeded,passed,passed,42344.70205734427,0.4238963177142346,"[4.776470535851163e-09, 0.10952044471314971, 0.8876068091116651, 0.001456512542391951, 0.0012419110957144826, 4.198308025440581e-05, 4.028369410549164e-05, 4.0181139974886276e-12, 9.205098223019349e-05]",passed,strict_stable_local_minimum,-9.781331902787418e-20,3.179422870813742e-17,1.1368683772161603e-13,1.3961916170120148e-12,47.69028730250059,47.69028730250059,-0.365267511767091,-0.0007350991653175338,-6.930617872814539,2375.0
full,E-AUTO-r5ap80,E,AUTO,vle_obs_0215,pressure,100,0.0566,Jou1995,True,False,1,True,evaluated,,,2.1438582019764,solve_succeeded,passed,passed,43069.89992026996,0.4241030676096272,"[1.1486634416785178e-07, 0.09970715540252512, 0.8874387434331792, 0.006468199194130133, 0.00604350140043981, 0.00023678074617065588, 8.241212208075593e-05, 1.5885978456300925e-11, 2.3092819244132994e-05]",passed,strict_stable_local_minimum,3.120521800256163e-19,6.938893903907228e-17,5.684341886080802e-14,1.1081175525069899e-12,45.0430898052046,45.0430898052046,-1.5826715611408961,-0.006125851193305557,-8.105743715106136,1848.0
full,E-AUTO-r5ap80,E,AUTO,vle_obs_0216,pressure,100,0.188,Jou1995,True,False,1,True,evaluated,,,2.0411058710014913,solve_succeeded,passed,passed,45320.90931681535,0.42467102165397624,"[3.7569559447266976e-06, 0.07126656597625423, 0.8864040573742634, 0.021216518257290536, 0.019735363052374878, 0.0012617530245083032, 0.00010741690165366632, 4.030513652536978e-11, 4.568417405156648e-06]",passed,strict_stable_local_minimum,2.7848095663745393e-18,1.0232158002831948e-16,1.1368683772161603e-13,2.255468696858078e-12,38.98912044753388,38.98912044753388,-5.133376473976563,-0.035116343518045295,-11.539137038022831,1836.0
full,E-AUTO-r5ap80,E,AUTO,vle_obs_0217,pressure,100,0.381,Jou1995,True,False,1,True,evaluated,,,2.8841706950042862,solve_succeeded,passed,passed,48686.23274490639,0.4247595120132892,"[0.00014216394216917598, 0.03330568816668299, 0.8812185884160324, 0.042714403867206784, 0.036182823376589644, 0.0063402953246034805, 9.524841957149603e-05, 8.01367007110083e-11, 7.884070073640943e-07]",passed,strict_stable_local_minimum,3.346822350452212e-18,1.3877787807814457e-16,2.842170943040401e-14,6.393531308755293e-12,33.10983986640459,33.10983986640459,-10.342850505289151,-0.10428762628883613,-16.567459251309586,1892.0
full,E-AUTO-r5ap80,E,AUTO,vle_obs_0218,pressure,100,0.422,Jou1995,True,False,1,True,evaluated,,,3.66775117997895,solve_succeeded,passed,passed,49291.523177156596,0.4244502486555639,"[0.0003008048190828236, 0.02686690741711667, 0.878636824383044, 0.04714239283034463, 0.03817581266325156, 0.008787396207334828, 8.932246994273785e-05, 9.500496270551989e-11, 5.391148777259849e-07]",passed,strict_stable_local_minimum,3.810976514438776e-18,1.2866769281971724e-16,3.410605131648481e-13,2.2912823572259033e-12,32.13760070916865,32.13760070916865,-11.441201743687719,-0.12234141457505539,-17.61940059148712,2546.0
full,E-AUTO-r5ap80,E,AUTO,vle_obs_0219,pressure,100,0.477,Jou1995,True,False,1,True,evaluated,,,2.71487914599129,solve_succeeded,passed,passed,49934.85004414127,0.42371208952369027,"[0.0007823695152173327, 0.01993841692001907, 0.8737686374806362, 0.052794884869346394, 0.039397770475851204, 0.013238400691628049, 7.919389503840664e-05, 1.2023652560545345e-10, 3.2603202685232506e-07]",passed,strict_stable_local_minimum,3.5318970719486247e-19,8.505566043148782e-17,1.7053025658242404e-13,2.9138028571995703e-13,30.933880967848236,30.933880967848236,-12.868955958464634,-0.1476085251208798,-18.977369164363008,2458.0
full,E-AUTO-r5ap80,E,AUTO,vle_obs_0220,pressure,100,0.481,Jou1995,True,False,1,True,evaluated,,,3.30274369000108,solve_succeeded,passed,passed,49972.64862611742,0.4236434249419335,"[0.0008353128698808811, 0.019518770297350073, 0.8733507322819714, 0.053186782068861294, 0.03941957865562957, 0.01361012917765495, 7.837983144250803e-05, 1.2225875634663133e-10, 3.146949505243394e-07]",passed,strict_stable_local_minimum,-8.840714041624947e-18,1.2490009027033011e-15,1.4210854715202004e-13,8.946281922792809e-13,30.850669168738843,30.850669168738843,-12.969170006018206,-0.14946405235944749,-19.072195939110667,2817.0
full,E-AUTO-r5ap80,E,AUTO,vle_obs_0221,pressure,100,0.571,Jou1995,True,False,1,True,evaluated,,,2.812100551003823,solve_succeeded,passed,passed,50506.203483507394,0.4216897102659177,"[0.0029367685390602714, 0.012792641208770121, 0.8622842374361689, 0.06102298285737002, 0.038073683977488684, 0.02282991807153182, 5.961323563594118e-05, 1.6844830759905039e-10, 1.5450552595312307e-07]",passed,strict_stable_local_minimum,-1.329346812104064e-17,1.582067810090848e-15,3.694822225952521e-13,1.3968343440200606e-13,29.14411668836804,29.14411668836804,-15.007301964071411,-0.19000826380287603,-20.98363980639578,2735.0
full,E-AUTO-r5ap80,E,AUTO,vle_obs_0222,pressure,100,0.589,Jou1995,True,False,1,True,evaluated,,,2.808072308980627,solve_succeeded,passed,passed,50551.17533116404,0.4212384768929657,"[0.003585022392023248, 0.011945851324238494, 0.8598405015864146, 0.062342373331488475, 0.03752833707377087, 0.024701654729754354, 5.612231929879539e-05, 1.7682281160111842e-10, 1.3706618846215583e-07]",passed,strict_stable_local_minimum,6.384329894170293e-18,1.1207939958068902e-16,8.526512829121202e-14,1.0226320075381757e-12,28.841752791733448,28.841752791733448,-15.356463971308651,-0.1975921947939491,-21.30733404732173,2975.0
full,E-AUTO-r5ap80,E,AUTO,vle_obs_0223,pressure,100,0.6135,Jou1995,True,False,1,True,evaluated,,,3.1589745380042586,solve_succeeded,passed,passed,50587.95466782261,0.4206110320024391,"[0.004586433042437483, 0.010976415325837582, 0.8564747554780435, 0.06400702354056417, 0.03672074569261497, 0.027182857608268322, 5.1651302091965034e-05, 1.873225115820151e-10, 1.17822819450404e-07]",passed,strict_stable_local_minimum,1.0322008403069595e-17,2.7755575615628914e-17,2.2737367544323206e-13,1.2448378803475596e-13,28.450140845100275,28.450140845100275,-15.799142489322225,-0.20754373719430882,-21.715825859390108,3210.0
full,E-AUTO-r5ap80,E,AUTO,vle_obs_0224,pressure,120,0.00333,Jou1995,True,False,1,True,evaluated,,,2.8661452169762924,solve_succeeded,passed,passed,41604.29666064996,0.41615629202976145,"[2.2784933897238744e-09, 0.11128162002667531, 0.8875730245722423, 0.0005780689596469578, 0.00035917964525398967, 1.4943991664801676e-05, 1.0784803994199003e-05, 3.644706102185257e-12, 0.00018237571838447458]",passed,strict_stable_local_minimum,-6.41902478942935e-20,6.678685382510707e-17,5.684341886080802e-14,2.231296872701214e-12,44.966231067651115,44.966231067651115,-0.1382569736220538,-0.00019531929263093232,-6.047601088050028,3335.0
full,E-AUTO-r5ap80,E,AUTO,vle_obs_0225,pressure,120,0.0112,Jou1995,True,True,1,True,evaluated,,,3.6512745959917083,solve_succeeded,passed,passed,41718.111438611006,0.41618630342222807,"[1.6454533633387975e-08, 0.10964661279778982, 0.8876218881833603, 0.0013762813761245458, 0.0011959728668426636, 5.1003671234750805e-05, 2.1080204949578452e-05, 8.508340111740609e-12, 8.714443665631463e-05]",passed,strict_stable_local_minimum,-3.2073067143801283e-20,6.158268339717665e-17,2.8421709430404007e-13,3.730500236651787e-12,44.53343068151206,44.53343068151206,-0.322091173769053,-0.0006774888170377667,-6.2249620408408015,3313.0
full,E-AUTO-r5ap80,E,AUTO,vle_obs_0226,pressure,120,0.0247,Jou1995,True,True,1,True,evaluated,,,3.7491440720041282,solve_succeeded,passed,passed,41926.755115189284,0.4162434437987158,"[7.304473909857516e-08, 0.10672424506825638, 0.887587039477721, 0.002859640846029482, 0.002634974775982377, 0.00011734060755138846, 3.063931684587153e-05, 1.703524013178723e-11, 4.604684583921392e-05]",passed,strict_stable_local_minimum,-3.6888541085044215e-19,4.2412633734917327e-17,1.7053025658242404e-13,2.6905178753849123e-13,43.74759612298233,43.74759612298233,-0.6628263335298853,-0.0019226453914601431,-6.554307840081734,2931.0
full,E-AUTO-r5ap80,E,AUTO,vle_obs_0227,pressure,120,0.119,Jou1995,True,True,1,True,non_evaluable,numerical_convergence_failure,bubble Newton iteration limit reached,11.487804624979617,solve_succeeded,passed,passed,,,,,,,,,,,,,,,
full,E-AUTO-r5ap80,E,AUTO,vle_obs_0228,pressure,120,0.349,Jou1995,True,False,1,True,non_evaluable,numerical_convergence_failure,bubble Newton iteration limit reached,16.625410620996263,solve_succeeded,passed,passed,,,,,,,,,,,,,,,
full,E-AUTO-r5ap80,E,AUTO,vle_obs_0229,pressure,120,0.4115,Jou1995,True,False,1,True,non_evaluable,numerical_convergence_failure,bubble Newton iteration limit reached,16.710833245015237,solve_succeeded,passed,passed,,,,,,,,,,,,,,,
full,E-AUTO-r5ap80,E,AUTO,vle_obs_0230,pressure,120,0.444,Jou1995,True,True,1,True,non_evaluable,numerical_convergence_failure,bubble Newton iteration limit reached,17.54455389798386,solve_succeeded,passed,passed,,,,,,,,,,,,,,,
full,E-AUTO-r5ap80,E,AUTO,vle_obs_0231,pressure,120,0.473,Jou1995,True,False,1,True,non_evaluable,numerical_convergence_failure,bubble Newton iteration limit reached,11.994726550998166,solve_succeeded,passed,passed,,,,,,,,,,,,,,,
full,E-AUTO-r5ap80,E,AUTO,vle_obs_0232,pressure,120,0.536,Jou1995,True,False,1,True,non_evaluable,no_incipient_phase,incipient composition-volume Newton step did not reduce the residual,2.269941309990827,solve_succeeded,passed,passed,,,,,,,,,,,,,,,
full,E-AUTO-r5ap80,E,AUTO,vle_obs_0233,pressure,120,0.639,Jou1995,True,False,1,True,evaluated,,,2.7719931500032544,solve_succeeded,passed,passed,49223.56300353922,0.41203207874967135,"[0.009728746469179277, 0.014107746421084463, 0.8535553651169101, 0.06131541529281169, 0.03570395824890754, 0.02556594846460886, 2.2689185532366762e-05, 2.9636751081971836e-10, 1.3050459806208692e-07]",passed,strict_stable_local_minimum,3.690611473102836e-18,9.992007221626409e-16,2.2737367544323206e-13,5.606576210495802e-14,26.2049253454406,26.2049253454406,-14.315534210835343,-0.20310298634050125,-19.637153298764975,2511.0
full,E-AUTO-r5ap80,E,AUTO,vle_obs_0246,pressure,120,0.155,Mamun2005,True,True,1,True,evaluated,,,2.5352181589987595,solve_succeeded,passed,passed,44059.158360751426,0.41677613245694967,"[6.8659525761122995e-06, 0.07855347475236807, 0.8865777977954994, 0.01745799977134432, 0.016206623874121286, 0.0011373990386332575, 5.413819617356315e-05, 7.652066529130114e-11, 5.7005427633187555e-06]",passed,strict_stable_local_minimum,-2.7862032623091146e-18,2.6506574712925612e-15,5.400124791776761e-13,1.225586546679731e-13,37.45186082889981,37.45186082889981,-3.997260673548691,-0.02668651445367659,-9.78507945398224,1726.0
full,E-AUTO-r5ap80,E,AUTO,vle_obs_0247,pressure,120,0.1766,Mamun2005,True,True,1,True,evaluated,,,2.203180854994571,solve_succeeded,passed,passed,44425.15173293158,0.416847268073437,"[1.0882403247618304e-05, 0.07397985319439392, 0.8863099650015785, 0.01987675343283807, 0.018361041049051, 0.001402727259472278, 5.420763262840376e-05, 8.38660865745377e-11, 4.569942924070548e-06]",passed,strict_stable_local_minimum,1.0285183899011777e-18,1.3877787807814457e-16,1.1368683772161603e-13,1.6360740518434904e-12,36.61301825764824,36.61301825764824,-4.548877911275223,-0.03248313212884831,-10.32008715640567,1722.0
full,E-AUTO-r5ap80,E,AUTO,vle_obs_0248,pressure,120,0.1843,Mamun2005,True,True,1,True,evaluated,,,2.2530909199849702,solve_succeeded,passed,passed,44556.161382845894,0.4168706065493367,"[1.2750249261371068e-05, 0.07235966570603765, 0.8862046883901031, 0.020738515922738645, 0.01911925643993979, 0.001506752526965026, 5.413636370516438e-05, 8.641283061969269e-11, 4.234314836330324e-06]",passed,strict_stable_local_minimum,-7.870449045031598e-20,3.092898455251715e-17,5.684341886080802e-14,7.13849054365688e-13,36.325434151728,36.325434151728,-4.745463379456065,-0.03465297818634547,-10.510757056031235,1749.0
full,E-AUTO-r5ap80,E,AUTO,vle_obs_0249,pressure,120,0.2085,Mamun2005,True,True,1,True,evaluated,,,2.8565471829788294,solve_succeeded,passed,passed,44969.192247643674,0.416935760017697,"[2.0655542470926494e-05, 0.06730840035595344, 0.8858351459096836, 0.023444727092293685, 0.021463423497406747, 0.0018706373061346741, 5.365618125113265e-05, 9.427786273329618e-11, 3.354020527854995e-06]",passed,strict_stable_local_minimum,6.8762776498560654e-18,2.7755575615628914e-17,1.1368683772161603e-13,2.4475877591267587e-12,35.45826941215876,35.45826941215876,-5.363112650939905,-0.04181788412590687,-11.109789950956236,1822.0
full,E-AUTO-r5ap80,E,AUTO,vle_obs_0250,pressure,120,0.2326,Mamun2005,True,True,1,True,evaluated,,,3.878601731994422,solve_succeeded,passed,passed,45381.337439145056,0.4169858967349598,"[3.2797964971757175e-05, 0.06235049305758022, 0.8853991225457921, 0.0261352302076933, 0.023729465071461703, 0.0022973371016588996, 5.28741878660041e-05, 1.0206759064046572e-10, 2.6797609082753177e-06]",passed,strict_stable_local_minimum,3.646856901571837e-18,8.935181153996163e-17,5.684341886080802e-14,3.865623474096963e-12,34.646364985268534,34.646364985268534,-5.977857009141641,-0.04946075453537697,-11.705881891360862,4446.0
full,E-AUTO-r5ap80,E,AUTO,vle_obs_0251,pressure,120,0.2381,Mamun2005,True,False,1,True,evaluated,,,2.0452769980183803,solve_succeeded,passed,passed,45475.32979841783,0.41699490972366404,"[3.637653083166587e-05, 0.061230887505269865, 0.8852886069040838, 0.02674839526810977, 0.02423550398074265, 0.0024050200091291704, 5.266168412855203e-05, 1.0386181047943522e-10, 2.548013842659996e-06]",passed,strict_stable_local_minimum,-1.0968559679060344e-18,1.112662479513249e-16,8.526512829121202e-14,1.8595270826879364e-13,34.46784918627516,34.46784918627516,-6.1180839236545035,-0.051274147130632206,-11.841825039883066,1779.0
full,E-AUTO-r5ap80,E,AUTO,vle_obs_0252,pressure,120,0.256,Mamun2005,True,False,1,True,evaluated,,,1.91022547299508,solve_succeeded,passed,passed,45780.55724041699,0.41701702289105086,"[5.0748690280704845e-05, 0.057622311084925215, 0.8848966220976863, 0.02874110699304824, 0.025849755848671954, 0.0027853932250823843, 5.189607857897131e-05, 1.0979511721154895e-10, 2.1658719310850042e-06]",passed,strict_stable_local_minimum,-9.157154001209851e-18,1.2275879097967124e-16,8.526512829121202e-14,1.3573488604696296e-13,33.90333713734275,33.90333713734275,-6.574210602957116,-0.0573494083720756,-12.283912150920012,1639.0
full,E-AUTO-r5ap80,E,AUTO,vle_obs_0253,pressure,120,0.2901,Mamun2005,True,False,1,True,evaluated,,,2.616848587989807,solve_succeeded,passed,passed,46355.87127416895,0.4170226716442829,"[9.441363341841878e-05, 0.05092659548360372, 0.8839887733547068, 0.032520193173796653, 0.028761485238716116, 0.003656773149669274, 5.016906284929048e-05, 1.2176351369689194e-10, 1.5967814761997103e-06]",passed,strict_stable_local_minimum,-3.470158146334651e-18,4.3381639426576246e-17,1.7053025658242404e-13,1.2089306595326757e-13,32.89323060843011,32.89323060843011,-7.441418030917427,-0.06963043212001814,-13.1237944871851,2227.0
full,E-AUTO-r5ap80,E,AUTO,vle_obs_0254,pressure,120,0.2967,Mamun2005,True,False,1,True,evaluated,,,2.922459119989071,solve_succeeded,passed,passed,46465.680652056304,0.41701720203286236,"[0.00010629546525474796, 0.049663062528761216, 0.8837843823846925, 0.033248029009074, 0.029295848992552283, 0.0038510768463112274, 4.9798645300911244e-05, 1.2422222371742241e-10, 1.5060038308832656e-06]",passed,strict_stable_local_minimum,4.684873651350596e-18,5.551115123125783e-17,8.526512829121202e-14,5.247759378153687e-13,32.70698458595068,32.70698458595068,-7.608849366993622,-0.0721096443512371,-13.285821456299947,2541.0
full,E-AUTO-r5ap80,E,AUTO,vle_obs_0255,pressure,120,0.3004,Mamun2005,True,False,1,True,evaluated,,,2.4144009629962966,solve_succeeded,passed,passed,46526.94439089393,0.4170130797833349,"[0.00011357648309008767, 0.04895997860808043, 0.8836652166212448, 0.03365540708643493, 0.029590737768286277, 0.003964039712660099, 4.95861365355479e-05, 1.2562518906342148e-10, 1.4574580426455105e-06]",passed,strict_stable_local_minimum,-1.804124291261524e-18,5.551115123125783e-17,1.1368683772161603e-13,1.0224489217785263e-12,32.603824721448504,32.603824721448504,-7.702630391342929,-0.07351337232693597,-13.37655312059503,2000.0
full,E-AUTO-r5ap80,E,AUTO,vle_obs_0256,pressure,120,0.3125,Mamun2005,True,False,1,True,evaluated,,,2.426372921006987,solve_succeeded,passed,passed,46725.582499829616,0.41699395564792774,"[0.00014091946226041933, 0.04668898487151489, 0.8832510981398584, 0.03498393222140007, 0.030530137971692173, 0.004354750402114737, 4.886717712890566e-05, 1.3034750340075506e-10, 1.309623682851395e-06]",passed,strict_stable_local_minimum,-2.1422600867897457e-18,1.3618934539133543e-16,5.684341886080802e-14,5.424485670923857e-14,32.27259294847279,32.27259294847279,-8.008830616085035,-0.07817155699696467,-13.672673961379854,1892.0
full,E-AUTO-r5ap80,E,AUTO,vle_obs_0257,pressure,120,0.3191,Mamun2005,True,False,1,True,non_evaluable,numerical_convergence_failure,bubble Newton iteration limit reached,11.230056191998301,solve_succeeded,passed,passed,,,,,,,,,,,,,,,
full,E-AUTO-r5ap80,E,AUTO,vle_obs_0258,pressure,120,0.3298,Mamun2005,True,False,1,True,non_evaluable,numerical_convergence_failure,bubble Newton iteration limit reached,10.333448925986886,solve_succeeded,passed,passed,,,,,,,,,,,,,,,
full,E-AUTO-r5ap80,E,AUTO,vle_obs_0259,pressure,120,0.3424,Mamun2005,True,False,1,True,non_evaluable,numerical_convergence_failure,bubble Newton iteration limit reached,11.10598078201292,solve_succeeded,passed,passed,,,,,,,,,,,,,,,
full,E-AUTO-r5ap80,E,AUTO,vle_obs_0260,pressure,120,0.3424,Mamun2005,True,False,1,True,non_evaluable,numerical_convergence_failure,bubble Newton iteration limit reached,10.788982703990769,solve_succeeded,passed,passed,,,,,,,,,,,,,,,
full,E-AUTO-r5ap80,E,AUTO,vle_obs_0261,pressure,120,0.35,Mamun2005,True,False,1,True,non_evaluable,numerical_convergence_failure,bubble Newton iteration limit reached,9.802945603005355,solve_succeeded,passed,passed,,,,,,,,,,,,,,,
full,E-AUTO-r5ap80,E,AUTO,vle_obs_0262,pressure,120,0.3594,Mamun2005,True,False,1,True,non_evaluable,numerical_convergence_failure,bubble Newton iteration limit reached,11.134762989007868,solve_succeeded,passed,passed,,,,,,,,,,,,,,,
full,E-AUTO-r5ap80,E,AUTO,vle_obs_0263,pressure,120,0.3882,Mamun2005,True,False,1,True,non_evaluable,numerical_convergence_failure,bubble Newton iteration limit reached,11.875897716003237,solve_succeeded,passed,passed,,,,,,,,,,,,,,,
full,E-AUTO-r5ap80,E,AUTO,vle_obs_0264,pressure,120,0.4182,Mamun2005,True,False,1,True,non_evaluable,numerical_convergence_failure,bubble Newton iteration limit reached,10.656898254994303,solve_succeeded,passed,passed,,,,,,,,,,,,,,,
full,E-AUTO-r5ap80,E,AUTO,vle_obs_0265,pressure,100,0.388,Xu2011,True,False,1,True,non_evaluable,numerical_convergence_failure,reactive_finite_phase_certificate_failed,1.4863619670213666,solve_succeeded,failed,passed,,,,,,,,,,,,,,,
full,E-AUTO-r5ap80,E,AUTO,vle_obs_0266,pressure,100,0.424,Xu2011,True,False,1,True,evaluated,,,3.214562744979048,solve_succeeded,passed,passed,49318.64957356155,0.4244301699191198,"[0.0003118568025352613, 0.026578460122160454, 0.8784889813796902, 0.04735484881023471, 0.03825056373723539, 0.008925763742923186, 8.899611649668053e-05, 9.58206464348234e-11, 5.291929034191692e-07]",passed,strict_stable_local_minimum,-1.5151910080255465e-18,1.6375789613221059e-15,5.684341886080802e-14,4.633365577981631e-13,32.09187755118572,32.09187755118572,-11.494304533935287,-0.12324394359006867,-17.670117901955955,2657.0
full,E-AUTO-r5ap80,E,AUTO,vle_obs_0267,pressure,100,0.425,Xu2011,True,False,1,True,evaluated,,,3.7337779469962697,solve_succeeded,passed,passed,49332.1177573313,0.42441994465546395,"[0.0003175261807433177, 0.02643520845449498, 0.8784142498471764, 0.04746092348180972, 0.0382871045221164, 0.008995631477117579, 8.883163849761191e-05, 9.623164852051065e-11, 5.243018121783685e-07]",passed,strict_stable_local_minimum,-1.4091864425089865e-17,8.326672684688674e-17,1.7053025658242404e-13,4.042737010693749e-13,32.06907252674442,32.06907252674442,-11.520832775009758,-0.1236958553611788,-17.695448992070975,3811.0
full,E-AUTO-r5ap80,E,AUTO,vle_obs_0268,pressure,100,0.501,Xu2011,True,False,1,True,evaluated,,,3.1014422430016566,solve_succeeded,passed,passed,50142.55990751839,0.42327207754495316,"[0.0011461574794129983, 0.017590309442874996, 0.87114425459895, 0.055096747658544956, 0.03940319128993987, 0.01554485759605595, 7.421710350170121e-05, 1.3258691160803574e-10, 2.6469813264260073e-07]",passed,strict_stable_local_minimum,5.0186147913806885e-18,5.620443446369567e-17,1.4210854715202004e-13,2.7430737465810205e-13,30.443687677549914,30.443687677549914,-13.459958888915383,-0.1587207758369372,-19.535554891908443,2569.0
full,E-AUTO-r5ap80,E,AUTO,vle_obs_0269,pressure,100,0.52,Xu2011,True,False,1,True,evaluated,,,2.756020261993399,solve_succeeded,passed,passed,50275.09266609282,0.42288014759839637,"[0.0015193117425874707, 0.016008765201972294, 0.8688871897950765, 0.056827459642989124, 0.03921214859706451, 0.01747471237680883, 7.018631073700368e-05, 1.4256121154172098e-10, 2.2619020299913604e-07]",passed,strict_stable_local_minimum,-1.2621471218444112e-17,5.385774291821743e-17,2.5579538487363607e-13,2.751861689911041e-13,30.071445091744902,30.071445091744902,-13.90809229715073,-0.16743342319709556,-19.957037526952355,2663.0
full,E-AUTO-r5ap80,E,AUTO,vle_obs_0270,pressure,100,0.315,Xu2011,True,False,1,True,evaluated,,,2.488183793000644,solve_succeeded,passed,passed,47579.37736604547,0.4249321873344918,"[4.2108024989250385e-05, 0.045292865871081445, 0.8839269488582308, 0.03542007284761375, 0.03150120485363563, 0.0037132951862180563, 0.00010206857479859922, 6.263482652302022e-11, 1.4357207976912535e-06]",passed,strict_stable_local_minimum,-4.8902038288499305e-18,6.424723729100187e-17,2.5579538487363607e-13,4.83196618298722e-13,34.83966599241701,34.83966599241701,-8.560021619330637,-0.077461852840056,-14.851204802975358,2006.0
full,E-AUTO-r5ap80,E,AUTO,vle_obs_0271,pressure,100,0.475,Xu2011,True,False,1,True,evaluated,,,3.0460838800063357,solve_succeeded,passed,passed,49915.47354395874,0.42374568885017944,"[0.0007569764710810348, 0.020152555254422888, 0.8739745069274849, 0.05259777954922754, 0.03938358704025678, 0.013054664766793716, 7.959798990886017e-05, 1.1923243198019271e-10, 3.318815917586161e-07]",passed,strict_stable_local_minimum,-1.8712976125542124e-18,2.7755575615628914e-17,8.526512829121202e-14,3.281350087909598e-13,30.975710303959684,30.975710303959684,-12.81861568260213,-0.14668072935153903,-18.929708693749625,2428.0
full,E-AUTO-r5ap80,E,AUTO,vle_obs_0272,pressure,100,0.315,Xu2011,True,False,1,True,evaluated,,,2.6134231530013494,solve_succeeded,passed,passed,47579.37736604547,0.4249321873344918,"[4.2108024989250385e-05, 0.045292865871081445, 0.8839269488582308, 0.03542007284761375, 0.03150120485363563, 0.0037132951862180563, 0.00010206857479859922, 6.263482652302022e-11, 1.4357207976912535e-06]",passed,strict_stable_local_minimum,-4.8902038288499305e-18,6.424723729100187e-17,2.5579538487363607e-13,4.83196618298722e-13,34.83966599241701,34.83966599241701,-8.560021619330637,-0.077461852840056,-14.851204802975358,2006.0
full,E-AUTO-r5ap80,E,AUTO,vle_obs_0279,pressure,120,0.37,Xu2011,True,False,1,True,non_evaluable,numerical_convergence_failure,bubble Newton iteration limit reached,12.575705219001975,solve_succeeded,passed,passed,,,,,,,,,,,,,,,
full,E-AUTO-r5ap80,E,AUTO,vle_obs_0280,pressure,120,0.385,Xu2011,True,False,1,True,non_evaluable,numerical_convergence_failure,bubble Newton iteration limit reached,10.821175611985382,solve_succeeded,passed,passed,,,,,,,,,,,,,,,
full,E-AUTO-r5ap80,E,AUTO,vle_obs_0281,pressure,120,0.387,Xu2011,True,False,1,True,non_evaluable,numerical_convergence_failure,bubble Newton iteration limit reached,14.534522658010246,solve_succeeded,passed,passed,,,,,,,,,,,,,,,
full,E-AUTO-r5ap80,E,AUTO,vle_obs_0282,pressure,120,0.422,Xu2011,True,False,1,True,non_evaluable,numerical_convergence_failure,bubble Newton iteration limit reached,10.180634010001086,solve_succeeded,passed,passed,,,,,,,,,,,,,,,
full,E-AUTO-r5ap80,E,AUTO,vle_obs_0283,pressure,120,0.423,Xu2011,True,False,1,True,non_evaluable,numerical_convergence_failure,bubble Newton iteration limit reached,11.592277382005705,solve_succeeded,passed,passed,,,,,,,,,,,,,,,
full,E-AUTO-r5ap80,E,AUTO,vle_obs_0284,pressure,120,0.492,Xu2011,True,False,1,True,non_evaluable,numerical_convergence_failure,bubble Newton iteration limit reached,10.733103954000399,solve_succeeded,passed,passed,,,,,,,,,,,,,,,
full,E-AUTO-r5ap80,E,AUTO,vle_obs_0285,pressure,120,0.508,Xu2011,True,False,1,True,non_evaluable,numerical_convergence_failure,bubble Newton iteration limit reached,9.048358066007495,solve_succeeded,passed,passed,,,,,,,,,,,,,,,
full,E-AUTO-r5ap80,E,AUTO,vle_obs_0286,pressure,120,0.314,Xu2011,True,False,1,True,evaluated,,,2.1405931679764763,solve_succeeded,passed,passed,46750.004798469075,0.41699095323038887,"[0.00014472418668003235, 0.046410638128445154, 0.8831970347800223, 0.035148189074722655, 0.030643800899568384, 0.004405544894332039, 4.8775506489097915e-05, 1.3094811050648983e-10, 1.29239879213612e-06]",passed,strict_stable_local_minimum,1.0711569758786297e-17,6.938893903907228e-16,1.7053025658242404e-13,3.550449883515584e-12,32.23217361304508,32.23217361304508,-8.046729922953025,-0.07875605811601563,-13.709311601491683,1891.0
full,E-AUTO-r5ap80,E,AUTO,vle_obs_0287,pressure,120,0.467,Xu2011,True,False,1,True,non_evaluable,numerical_convergence_failure,bubble Newton iteration limit reached,10.760782562982058,solve_succeeded,passed,passed,,,,,,,,,,,,,,,
full,E-AUTO-r5ap80,E,AUTO,vle_obs_0288,pressure,120,0.314,Xu2011,True,False,1,True,evaluated,,,2.097182255994994,solve_succeeded,passed,passed,46750.004798469075,0.41699095323038887,"[0.00014472418668003235, 0.046410638128445154, 0.8831970347800223, 0.035148189074722655, 0.030643800899568384, 0.004405544894332039, 4.8775506489097915e-05, 1.3094811050648983e-10, 1.29239879213612e-06]",passed,strict_stable_local_minimum,1.0711569758786297e-17,6.938893903907228e-16,1.7053025658242404e-13,3.550449883515584e-12,32.23217361304508,32.23217361304508,-8.046729922953025,-0.07875605811601563,-13.709311601491683,1891.0
