problem,kind,identity,target,source,quantity,basis,species,temperature_K,loading,observed,predicted,scaled_residual,ln_pred_over_obs,cost,record_sha256,unit,operator_label,fitted_target
F1,packet,Bottinger2008_state_030,Bottinger2008_state_030::MEA + MEAH+,Bottinger2008,species,true-species-liquid-mole-fraction-linear-aggregate,MEA + MEAH+,293.15,0.0749014980299606,0.1054,0.10393645097467864,-0.12682400566042898,-0.01398297205239776,0.008042164205878262,6e6b33d981e490f4fe31207660a60e0affc2b144bd095a255a47c4b8a295e2df,mol/mol true liquid species,MEA + MEAH+,True
F1,packet,Bottinger2008_state_030,Bottinger2008_state_030::MEACOO-,Bottinger2008,species,true-species-liquid-mole-fraction,MEACOO-,293.15,0.0749014980299606,0.0086,0.008282417685704556,-0.17074317972873337,-0.03762728645625699,0.014576616711939274,6e6b33d981e490f4fe31207660a60e0affc2b144bd095a255a47c4b8a295e2df,mol/mol true liquid species,MEACOO-,True
F1,packet,Bottinger2008_state_031,Bottinger2008_state_031::MEA + MEAH+,Bottinger2008,species,true-species-liquid-mole-fraction-linear-aggregate,MEA + MEAH+,293.15,0.1499029980599612,0.0966,0.09571847548132736,-0.08269460775540721,-0.009167405161304017,0.0034191990759103274,6e6b33d981e490f4fe31207660a60e0affc2b144bd095a255a47c4b8a295e2df,mol/mol true liquid species,MEA + MEAH+,True
F1,packet,Bottinger2008_state_031,Bottinger2008_state_031::MEACOO-,Bottinger2008,species,true-species-liquid-mole-fraction,MEACOO-,293.15,0.1499029980599612,0.0171,0.01650039258767265,-0.22125734772226985,-0.03569428969285106,0.024477406960546715,6e6b33d981e490f4fe31207660a60e0affc2b144bd095a255a47c4b8a295e2df,mol/mol true liquid species,MEACOO-,True
F1,packet,Bottinger2008_state_032,Bottinger2008_state_032::MEA + MEAH+,Bottinger2008,species,true-species-liquid-mole-fraction-linear-aggregate,MEA + MEAH+,293.15,0.2349046980939619,0.0871,0.08656188490850181,-0.055418649999813566,-0.006197293252205065,0.0015356133839009181,6e6b33d981e490f4fe31207660a60e0affc2b144bd095a255a47c4b8a295e2df,mol/mol true liquid species,MEA + MEAH+,True
F1,packet,Bottinger2008_state_032,Bottinger2008_state_032::MEACOO-,Bottinger2008,species,true-species-liquid-mole-fraction,MEACOO-,293.15,0.2349046980939619,0.0267,0.025656981812840027,-0.2842011409155244,-0.03984783539552131,0.040385144248842875,6e6b33d981e490f4fe31207660a60e0affc2b144bd095a255a47c4b8a295e2df,mol/mol true liquid species,MEACOO-,True
F1,packet,Bottinger2008_state_033,Bottinger2008_state_033::MEA + MEAH+,Bottinger2008,species,true-species-liquid-mole-fraction-linear-aggregate,MEA + MEAH+,293.15,0.30890617812356247,0.078,0.07885428838350284,0.09707822539804946,0.010892871841735468,0.004712090923217248,6e6b33d981e490f4fe31207660a60e0affc2b144bd095a255a47c4b8a295e2df,mol/mol true liquid species,MEA + MEAH+,True
F1,packet,Bottinger2008_state_033,Bottinger2008_state_033::MEACOO-,Bottinger2008,species,true-species-liquid-mole-fraction,MEACOO-,293.15,0.30890617812356247,0.0349,0.03336457581520532,-0.3419652972816659,-0.04499209639967611,0.05847013227246907,6e6b33d981e490f4fe31207660a60e0affc2b144bd095a255a47c4b8a295e2df,mol/mol true liquid species,MEACOO-,True
F1,packet,Bottinger2008_state_034,Bottinger2008_state_034::MEA + MEAH+,Bottinger2008,species,true-species-liquid-mole-fraction-linear-aggregate,MEA + MEAH+,293.15,0.38790775815516315,0.0678,0.07119233091409682,0.4360322511692577,0.04882290578957648,0.09506206202986532,6e6b33d981e490f4fe31207660a60e0affc2b144bd095a255a47c4b8a295e2df,mol/mol true liquid species,MEA + MEAH+,True
F1,packet,Bottinger2008_state_034,Bottinger2008_state_034::MEACOO-,Bottinger2008,species,true-species-liquid-mole-fraction,MEACOO-,293.15,0.38790775815516315,0.043,0.041026525447653575,-0.3723536891219663,-0.04698129604114607,0.06932363490136896,6e6b33d981e490f4fe31207660a60e0affc2b144bd095a255a47c4b8a295e2df,mol/mol true liquid species,MEACOO-,True
F1,packet,Bottinger2008_state_035,Bottinger2008_state_035::MEA + MEAH+,Bottinger2008,species,true-species-liquid-mole-fraction-linear-aggregate,MEA + MEAH+,293.15,0.4739094781895638,0.062,0.06477114771401721,0.3848816269468344,0.04372586783243718,0.0740669333806211,6e6b33d981e490f4fe31207660a60e0affc2b144bd095a255a47c4b8a295e2df,mol/mol true liquid species,MEA + MEAH+,True
F1,packet,Bottinger2008_state_035,Bottinger2008_state_035::MEACOO-,Bottinger2008,species,true-species-liquid-mole-fraction,MEACOO-,293.15,0.4739094781895638,0.0493,0.04744762920431529,-0.31237281546116435,-0.03829752132282334,0.04878838791956732,6e6b33d981e490f4fe31207660a60e0affc2b144bd095a255a47c4b8a295e2df,mol/mol true liquid species,MEACOO-,True
F1,packet,Bottinger2008_state_042,Bottinger2008_state_042::MEA + MEAH+,Bottinger2008,species,true-species-liquid-mole-fraction-linear-aggregate,MEA + MEAH+,313.15,0.124902498049961,0.1009,0.09847554087843134,-0.21861669265722825,-0.024321725972043334,0.023896629154192498,6e6b33d981e490f4fe31207660a60e0affc2b144bd095a255a47c4b8a295e2df,mol/mol true liquid species,MEA + MEAH+,False
F1,packet,Bottinger2008_state_042,Bottinger2008_state_042::MEACOO-,Bottinger2008,species,true-species-liquid-mole-fraction,MEACOO-,313.15,0.124902498049961,0.0144,0.013743324835428528,-0.2691291658079802,-0.04667496686068352,0.03621525394424965,6e6b33d981e490f4fe31207660a60e0affc2b144bd095a255a47c4b8a295e2df,mol/mol true liquid species,MEACOO-,False
F1,packet,Bottinger2008_state_043,Bottinger2008_state_043::MEA + MEAH+,Bottinger2008,species,true-species-liquid-mole-fraction-linear-aggregate,MEA + MEAH+,313.15,0.20490409808196164,0.0934,0.0897979866983667,-0.34835718584461345,-0.03932879001798593,0.06067636446478927,6e6b33d981e490f4fe31207660a60e0affc2b144bd095a255a47c4b8a295e2df,mol/mol true liquid species,MEA + MEAH+,True
F1,packet,Bottinger2008_state_043,Bottinger2008_state_043::MEACOO-,Bottinger2008,species,true-species-liquid-mole-fraction,MEACOO-,313.15,0.20490409808196164,0.0241,0.022420873019004046,-0.49241260439764045,-0.07221948431525765,0.12123508648483358,6e6b33d981e490f4fe31207660a60e0affc2b144bd095a255a47c4b8a295e2df,mol/mol true liquid species,MEACOO-,True
F1,packet,Bottinger2008_state_044,Bottinger2008_state_044::MEA + MEAH+,Bottinger2008,species,true-species-liquid-mole-fraction-linear-aggregate,MEA + MEAH+,313.15,0.2359047180943619,0.0876,0.08647953957719046,-0.1148012728288464,-0.012873148663603784,0.006589666121561614,6e6b33d981e490f4fe31207660a60e0affc2b144bd095a255a47c4b8a295e2df,mol/mol true liquid species,MEA + MEAH+,True
F1,packet,Bottinger2008_state_044,Bottinger2008_state_044::MEACOO-,Bottinger2008,species,true-species-liquid-mole-fraction,MEACOO-,313.15,0.2359047180943619,0.0271,0.025739316238359986,-0.3667611217358525,-0.05151409023678699,0.06725686020847041,6e6b33d981e490f4fe31207660a60e0affc2b144bd095a255a47c4b8a295e2df,mol/mol true liquid species,MEACOO-,True
F1,packet,Bottinger2008_state_045,Bottinger2008_state_045::MEA + MEAH+,Bottinger2008,species,true-species-liquid-mole-fraction-linear-aggregate,MEA + MEAH+,313.15,0.2799055981119623,0.084,0.08183465103082063,-0.23035627331695455,-0.026116038196866517,0.026532006328237732,6e6b33d981e490f4fe31207660a60e0affc2b144bd095a255a47c4b8a295e2df,mol/mol true liquid species,MEA + MEAH+,True
F1,packet,Bottinger2008_state_045,Bottinger2008_state_045::MEACOO-,Bottinger2008,species,true-species-liquid-mole-fraction,MEACOO-,313.15,0.2799055981119623,0.0327,0.030384196455637072,-0.5423427504362829,-0.07345245809466662,0.14706782947539612,6e6b33d981e490f4fe31207660a60e0affc2b144bd095a255a47c4b8a295e2df,mol/mol true liquid species,MEACOO-,True
F1,packet,Bottinger2008_state_046,Bottinger2008_state_046::MEA + MEAH+,Bottinger2008,species,true-species-liquid-mole-fraction-linear-aggregate,MEA + MEAH+,313.15,0.34290685813716276,0.0758,0.07539560587796382,-0.04713218205549989,-0.005349296813199995,0.0011107212926563929,6e6b33d981e490f4fe31207660a60e0affc2b144bd095a255a47c4b8a295e2df,mol/mol true liquid species,MEA + MEAH+,False
F1,packet,Bottinger2008_state_046,Bottinger2008_state_046::MEACOO-,Bottinger2008,species,true-species-liquid-mole-fraction,MEACOO-,313.15,0.34290685813716276,0.0396,0.03682321762261794,-0.5598351567302543,-0.07270055836980294,0.1567077013555942,6e6b33d981e490f4fe31207660a60e0affc2b144bd095a255a47c4b8a295e2df,mol/mol true liquid species,MEACOO-,False
F1,packet,Bottinger2008_state_047,Bottinger2008_state_047::MEA + MEAH+,Bottinger2008,species,true-species-liquid-mole-fraction-linear-aggregate,MEA + MEAH+,313.15,0.3539070781415628,0.0749,0.074310291773487,-0.06945915506631296,-0.007904431925129624,0.002412287111263055,6e6b33d981e490f4fe31207660a60e0affc2b144bd095a255a47c4b8a295e2df,mol/mol true liquid species,MEA + MEAH+,True
F1,packet,Bottinger2008_state_047,Bottinger2008_state_047::MEACOO-,Bottinger2008,species,true-species-liquid-mole-fraction,MEACOO-,313.15,0.3539070781415628,0.041,0.037908524635991606,-0.6061716400016463,-0.07839605547513873,0.1837220285711427,6e6b33d981e490f4fe31207660a60e0affc2b144bd095a255a47c4b8a295e2df,mol/mol true liquid species,MEACOO-,True
F1,packet,Bottinger2008_state_048,Bottinger2008_state_048::MEA + MEAH+,Bottinger2008,species,true-species-liquid-mole-fraction-linear-aggregate,MEA + MEAH+,313.15,0.4599091981839637,0.065,0.06541206918341005,0.054942557788006934,0.006319515630188845,0.0015093423281442406,6e6b33d981e490f4fe31207660a60e0affc2b144bd095a255a47c4b8a295e2df,mol/mol true liquid species,MEA + MEAH+,True
F1,packet,Bottinger2008_state_048,Bottinger2008_state_048::MEACOO-,Bottinger2008,species,true-species-liquid-mole-fraction,MEACOO-,313.15,0.4599091981839637,0.0492,0.04680641313537565,-0.40432210551086945,-0.049873397155626734,0.08173818250237132,6e6b33d981e490f4fe31207660a60e0affc2b144bd095a255a47c4b8a295e2df,mol/mol true liquid species,MEACOO-,True
F1,packet,Bottinger2008_state_049,Bottinger2008_state_049::MEA + MEAH+,Bottinger2008,species,true-species-liquid-mole-fraction-linear-aggregate,MEA + MEAH+,313.15,0.4659093181863638,0.0663,0.06509189911903367,-0.15833563315417185,-0.018389793215923402,0.012535086363166241,6e6b33d981e490f4fe31207660a60e0affc2b144bd095a255a47c4b8a295e2df,mol/mol true liquid species,MEA + MEAH+,True
F1,packet,Bottinger2008_state_049,Bottinger2008_state_049::MEACOO-,Bottinger2008,species,true-species-liquid-mole-fraction,MEACOO-,313.15,0.4659093181863638,0.0502,0.047126511562964754,-0.5105462519992106,-0.06317930583724084,0.13032873771522072,6e6b33d981e490f4fe31207660a60e0affc2b144bd095a255a47c4b8a295e2df,mol/mol true liquid species,MEACOO-,True
F1,packet,Bottinger2008_state_049,Bottinger2008_state_049::HCO3-,Bottinger2008,species,true-species-liquid-mole-fraction-linear-aggregate,HCO3-,313.15,0.4659093181863638,0.004,0.005163184675599945,0.8308461968571037,0.25525921318691613,0.34515270141595655,6e6b33d981e490f4fe31207660a60e0affc2b144bd095a255a47c4b8a295e2df,mol/mol true liquid species,HCO3- + CO3^2-,True
F1,packet,Bottinger2008_state_050,Bottinger2008_state_050::MEA + MEAH+,Bottinger2008,species,true-species-liquid-mole-fraction-linear-aggregate,MEA + MEAH+,313.15,0.4869097381947639,0.0646,0.06432056072017767,-0.03745834850165392,-0.004335068291390111,0.0007015639362356794,6e6b33d981e490f4fe31207660a60e0affc2b144bd095a255a47c4b8a295e2df,mol/mol true liquid species,MEA + MEAH+,True
F1,packet,Bottinger2008_state_050,Bottinger2008_state_050::MEACOO-,Bottinger2008,species,true-species-liquid-mole-fraction,MEACOO-,313.15,0.4869097381947639,0.0511,0.047897421541847306,-0.5241535938056783,-0.06472282426574155,0.137368494949704,6e6b33d981e490f4fe31207660a60e0affc2b144bd095a255a47c4b8a295e2df,mol/mol true liquid species,MEACOO-,True
F1,packet,Bottinger2008_state_050,Bottinger2008_state_050::HCO3-,Bottinger2008,species,true-species-liquid-mole-fraction-linear-aggregate,HCO3-,313.15,0.4869097381947639,0.0052,0.006744834962710283,1.0163387912567652,0.26011839567962824,0.5164722693066313,6e6b33d981e490f4fe31207660a60e0affc2b144bd095a255a47c4b8a295e2df,mol/mol true liquid species,HCO3- + CO3^2-,True
F1,packet,Bottinger2008_state_055,Bottinger2008_state_055::MEA + MEAH+,Bottinger2008,species,true-species-liquid-mole-fraction-linear-aggregate,MEA + MEAH+,333.15,0.13090261805236106,0.0974,0.09787334201321067,0.044072813148107105,0.004848003679514794,0.0009712064293939813,6e6b33d981e490f4fe31207660a60e0affc2b144bd095a255a47c4b8a295e2df,mol/mol true liquid species,MEA + MEAH+,True
F1,packet,Bottinger2008_state_055,Bottinger2008_state_055::MEACOO-,Bottinger2008,species,true-species-liquid-mole-fraction,MEACOO-,333.15,0.13090261805236106,0.0147,0.014345509113233927,-0.14351857763808612,-0.02441055434092242,0.010298791063629676,6e6b33d981e490f4fe31207660a60e0affc2b144bd095a255a47c4b8a295e2df,mol/mol true liquid species,MEACOO-,True
F1,packet,Bottinger2008_state_056,Bottinger2008_state_056::MEA + MEAH+,Bottinger2008,species,true-species-liquid-mole-fraction-linear-aggregate,MEA + MEAH+,333.15,0.20290405808116166,0.0905,0.09010189235261687,-0.03961270123215204,-0.004408683508405089,0.0007845830494538699,6e6b33d981e490f4fe31207660a60e0affc2b144bd095a255a47c4b8a295e2df,mol/mol true liquid species,MEA + MEAH+,True
F1,packet,Bottinger2008_state_056,Bottinger2008_state_056::MEACOO-,Bottinger2008,species,true-species-liquid-mole-fraction,MEACOO-,333.15,0.20290405808116166,0.0231,0.022116928986799046,-0.2970003061030069,-0.04348928474348561,0.04410459091263989,6e6b33d981e490f4fe31207660a60e0affc2b144bd095a255a47c4b8a295e2df,mol/mol true liquid species,MEACOO-,True
F1,packet,Bottinger2008_state_057,Bottinger2008_state_057::MEA + MEAH+,Bottinger2008,species,true-species-liquid-mole-fraction-linear-aggregate,MEA + MEAH+,333.15,0.27690553811076224,0.0791,0.08228039700224399,0.3569469138320969,0.039420015014626886,0.06370554964712921,6e6b33d981e490f4fe31207660a60e0affc2b144bd095a255a47c4b8a295e2df,mol/mol true liquid species,MEA + MEAH+,True
F1,packet,Bottinger2008_state_057,Bottinger2008_state_057::MEACOO-,Bottinger2008,species,true-species-liquid-mole-fraction,MEACOO-,333.15,0.27690553811076224,0.0302,0.02993835687670899,-0.06508535405249048,-0.008701427432775397,0.0021180516560690196,6e6b33d981e490f4fe31207660a60e0affc2b144bd095a255a47c4b8a295e2df,mol/mol true liquid species,MEACOO-,True
F1,packet,Bottinger2008_state_058,Bottinger2008_state_058::MEA + MEAH+,Bottinger2008,species,true-species-liquid-mole-fraction-linear-aggregate,MEA + MEAH+,333.15,0.4149082981659633,0.0687,0.06902415820831131,0.04118909889597428,0.004707363052648286,0.0008482709339311748,6e6b33d981e490f4fe31207660a60e0affc2b144bd095a255a47c4b8a295e2df,mol/mol true liquid species,MEA + MEAH+,True
F1,packet,Bottinger2008_state_058,Bottinger2008_state_058::MEACOO-,Bottinger2008,species,true-species-liquid-mole-fraction,MEACOO-,333.15,0.4149082981659633,0.0417,0.04319389263779063,0.28895408854751053,0.03519798232582832,0.04174723264416128,6e6b33d981e490f4fe31207660a60e0affc2b144bd095a255a47c4b8a295e2df,mol/mol true liquid species,MEACOO-,True
F1,packet,Bottinger2008_state_058,Bottinger2008_state_058::HCO3-,Bottinger2008,species,true-species-liquid-mole-fraction-linear-aggregate,HCO3-,333.15,0.4149082981659633,0.0042,0.0033693087697955005,-0.5849938240876755,-0.22037691478388985,0.17110888711036112,6e6b33d981e490f4fe31207660a60e0affc2b144bd095a255a47c4b8a295e2df,mol/mol true liquid species,HCO3- + CO3^2-,True
F1,packet,Bottinger2008_state_059,Bottinger2008_state_059::MEA + MEAH+,Bottinger2008,species,true-species-liquid-mole-fraction-linear-aggregate,MEA + MEAH+,333.15,0.4889097781955639,0.068,0.06497012477745522,-0.3884455413518961,-0.04558015974595133,0.0754449692980838,6e6b33d981e490f4fe31207660a60e0affc2b144bd095a255a47c4b8a295e2df,mol/mol true liquid species,MEA + MEAH+,True
F1,packet,Bottinger2008_state_059,Bottinger2008_state_059::MEACOO-,Bottinger2008,species,true-species-liquid-mole-fraction,MEACOO-,333.15,0.4889097781955639,0.0424,0.04724405620205618,0.9244382064992704,0.10817848912354941,0.42729299881779387,6e6b33d981e490f4fe31207660a60e0affc2b144bd095a255a47c4b8a295e2df,mol/mol true liquid species,MEACOO-,True
F1,packet,Bottinger2008_state_059,Bottinger2008_state_059::HCO3-,Bottinger2008,species,true-species-liquid-mole-fraction-linear-aggregate,HCO3-,333.15,0.4889097781955639,0.0072,0.007586903613160121,0.22494396113960513,0.05234252604341229,0.02529989282658809,6e6b33d981e490f4fe31207660a60e0affc2b144bd095a255a47c4b8a295e2df,mol/mol true liquid species,HCO3- + CO3^2-,True
F1,packet,Bottinger2008_state_063,Bottinger2008_state_063::MEA + MEAH+,Bottinger2008,species,true-species-liquid-mole-fraction-linear-aggregate,MEA + MEAH+,353.15,0.06390127802556052,0.1084,0.10969955149360366,0.10975941668949897,0.011917189786001727,0.006023564776009532,6e6b33d981e490f4fe31207660a60e0affc2b144bd095a255a47c4b8a295e2df,mol/mol true liquid species,MEA + MEAH+,False
F1,packet,Bottinger2008_state_063,Bottinger2008_state_063::MEACOO-,Bottinger2008,species,true-species-liquid-mole-fraction,MEACOO-,353.15,0.06390127802556052,0.0068,0.007306185630710346,0.30130097066092026,0.07179872384941116,0.045391137460606364,6e6b33d981e490f4fe31207660a60e0affc2b144bd095a255a47c4b8a295e2df,mol/mol true liquid species,MEACOO-,False
F1,packet,Bottinger2008_state_064,Bottinger2008_state_064::MEA + MEAH+,Bottinger2008,species,true-species-liquid-mole-fraction-linear-aggregate,MEA + MEAH+,353.15,0.14090281805636112,0.1005,0.10098490713774361,0.04388299889082361,0.004813343895948274,0.0009628587958260131,6e6b33d981e490f4fe31207660a60e0affc2b144bd095a255a47c4b8a295e2df,mol/mol true liquid species,MEA + MEAH+,False
F1,packet,Bottinger2008_state_064,Bottinger2008_state_064::MEACOO-,Bottinger2008,species,true-species-liquid-mole-fraction,MEACOO-,353.15,0.14090281805636112,0.014,0.016020750548106432,0.8419793950443465,0.13482746162078046,0.35446465083962186,6e6b33d981e490f4fe31207660a60e0affc2b144bd095a255a47c4b8a295e2df,mol/mol true liquid species,MEACOO-,False
F1,packet,Bottinger2008_state_065,Bottinger2008_state_065::MEA + MEAH+,Bottinger2008,species,true-species-liquid-mole-fraction-linear-aggregate,MEA + MEAH+,353.15,0.24490489809796198,0.0906,0.08944447317576856,-0.11486350141465577,-0.01283619174686849,0.006596811978617315,6e6b33d981e490f4fe31207660a60e0affc2b144bd095a255a47c4b8a295e2df,mol/mol true liquid species,MEA + MEAH+,False
F1,packet,Bottinger2008_state_065,Bottinger2008_state_065::MEACOO-,Bottinger2008,species,true-species-liquid-mole-fraction,MEACOO-,353.15,0.24490489809796198,0.0224,0.027560885039160026,1.5928657528271686,0.20733659994591574,1.2686106532648314,6e6b33d981e490f4fe31207660a60e0affc2b144bd095a255a47c4b8a295e2df,mol/mol true liquid species,MEACOO-,False
F1,packet,Bottinger2008_state_066,Bottinger2008_state_066::MEA + MEAH+,Bottinger2008,species,true-species-liquid-mole-fraction-linear-aggregate,MEA + MEAH+,353.15,0.33590671813436274,0.0858,0.0798295190415889,-0.6232234820888413,-0.07212565763716036,0.19420375431347012,6e6b33d981e490f4fe31207660a60e0affc2b144bd095a255a47c4b8a295e2df,mol/mol true liquid species,MEA + MEAH+,False
F1,packet,Bottinger2008_state_066,Bottinger2008_state_066::MEACOO-,Bottinger2008,species,true-species-liquid-mole-fraction,MEACOO-,353.15,0.33590671813436274,0.0337,0.037174975447723205,0.795188889639177,0.09813799453639226,0.3161626851027936,6e6b33d981e490f4fe31207660a60e0affc2b144bd095a255a47c4b8a295e2df,mol/mol true liquid species,MEACOO-,False
F1,packet,Bottinger2008_state_067,Bottinger2008_state_067::MEA + MEAH+,Bottinger2008,species,true-species-liquid-mole-fraction-linear-aggregate,MEA + MEAH+,353.15,0.39790795815916324,0.0872,0.07395314097921989,-1.362845578269559,-0.1647726682961072,0.9286740351044444,6e6b33d981e490f4fe31207660a60e0affc2b144bd095a255a47c4b8a295e2df,mol/mol true liquid species,MEA + MEAH+,False
F1,packet,Bottinger2008_state_067,Bottinger2008_state_067::MEACOO-,Bottinger2008,species,true-species-liquid-mole-fraction,MEACOO-,353.15,0.39790795815916324,0.0336,0.04304940905055099,2.1672956537960992,0.24782243676160698,2.3485852254817305,6e6b33d981e490f4fe31207660a60e0affc2b144bd095a255a47c4b8a295e2df,mol/mol true liquid species,MEACOO-,False
F1,packet,Bottinger2008_state_067,Bottinger2008_state_067::HCO3-,Bottinger2008,species,true-species-liquid-mole-fraction-linear-aggregate,HCO3-,353.15,0.39790795815916324,0.0046,0.003490184375488242,-0.760147688021752,-0.2761017390233591,0.2889122538024074,6e6b33d981e490f4fe31207660a60e0affc2b144bd095a255a47c4b8a295e2df,mol/mol true liquid species,HCO3- + CO3^2-,False
F1,packet,Matin2012_state_001,Matin2012_state_001::MEA,Matin2012,species,true-species-liquid-mole-fraction,MEA,293.15,0.10590211804236084,0.0915,0.08855977748311943,-0.28967709525916974,-0.03266119649582007,0.04195640975889505,6e6b33d981e490f4fe31207660a60e0affc2b144bd095a255a47c4b8a295e2df,mol/mol true liquid species,MEA,True
F1,packet,Matin2012_state_001,Matin2012_state_001::MEAH+,Matin2012,species,true-species-liquid-mole-fraction,MEAH+,293.15,0.10590211804236084,0.0115,0.011969114953545426,0.2181930016490355,0.03998254274906612,0.023804092984308002,6e6b33d981e490f4fe31207660a60e0affc2b144bd095a255a47c4b8a295e2df,mol/mol true liquid species,MEAH+,True
F1,packet,Matin2012_state_001,Matin2012_state_001::MEACOO-,Matin2012,species,true-species-liquid-mole-fraction,MEACOO-,293.15,0.10590211804236084,0.0097,0.011689976027410783,1.0101401154369456,0.18660583928055977,0.5101915264074829,6e6b33d981e490f4fe31207660a60e0affc2b144bd095a255a47c4b8a295e2df,mol/mol true liquid species,MEACOO-,True
F1,packet,Matin2012_state_001,Matin2012_state_001::HCO3-,Matin2012,species,true-species-liquid-mole-fraction-linear-aggregate,HCO3-,293.15,0.10590211804236084,0.0024,0.00020522025866362976,-1.7699836623680403,-2.4591401814816116,1.5664210825248903,6e6b33d981e490f4fe31207660a60e0affc2b144bd095a255a47c4b8a295e2df,mol/mol true liquid species,HCO3- + CO3^2-,False
F1,packet,Matin2012_state_002,Matin2012_state_002::MEA,Matin2012,species,true-species-liquid-mole-fraction,MEA,293.15,0.12790255805116105,0.0867,0.08365576348860461,-0.3148124623986959,-0.03574355868407061,0.04955344324076517,6e6b33d981e490f4fe31207660a60e0affc2b144bd095a255a47c4b8a295e2df,mol/mol true liquid species,MEA,True
F1,packet,Matin2012_state_002,Matin2012_state_002::MEAH+,Matin2012,species,true-species-liquid-mole-fraction,MEAH+,293.15,0.12790255805116105,0.0139,0.014463533321389329,0.23578800058130958,0.039741698155079476,0.027797990609065824,6e6b33d981e490f4fe31207660a60e0affc2b144bd095a255a47c4b8a295e2df,mol/mol true liquid species,MEAH+,True
F1,packet,Matin2012_state_002,Matin2012_state_002::MEACOO-,Matin2012,species,true-species-liquid-mole-fraction,MEACOO-,293.15,0.12790255805116105,0.0124,0.014099571475395811,0.7587372658017018,0.128447932495391,0.2878411192581211,6e6b33d981e490f4fe31207660a60e0affc2b144bd095a255a47c4b8a295e2df,mol/mol true liquid species,MEACOO-,True
F1,packet,Matin2012_state_002,Matin2012_state_002::HCO3-,Matin2012,species,true-species-liquid-mole-fraction-linear-aggregate,HCO3-,293.15,0.12790255805116105,0.0022,0.0002644383017181887,-1.5865259821982058,-2.1186046790836643,1.2585323460949909,6e6b33d981e490f4fe31207660a60e0affc2b144bd095a255a47c4b8a295e2df,mol/mol true liquid species,HCO3- + CO3^2-,False
F1,packet,Matin2012_state_003,Matin2012_state_003::MEA,Matin2012,species,true-species-liquid-mole-fraction,MEA,293.15,0.1499029980599612,0.0817,0.07875440610652538,-0.32122070812154957,-0.03671977516633633,0.05159137166305487,6e6b33d981e490f4fe31207660a60e0affc2b144bd095a255a47c4b8a295e2df,mol/mol true liquid species,MEA,True
F1,packet,Matin2012_state_003,Matin2012_state_003::MEAH+,Matin2012,species,true-species-liquid-mole-fraction,MEAH+,293.15,0.1499029980599612,0.0162,0.016964069374802014,0.2916295323671813,0.04608629889653361,0.04252389207435042,6e6b33d981e490f4fe31207660a60e0affc2b144bd095a255a47c4b8a295e2df,mol/mol true liquid species,MEAH+,True
F1,packet,Matin2012_state_003,Matin2012_state_003::MEACOO-,Matin2012,species,true-species-liquid-mole-fraction,MEACOO-,293.15,0.1499029980599612,0.0151,0.016500392587672635,0.5579253337341175,0.08868942999488373,0.15564033901116317,6e6b33d981e490f4fe31207660a60e0affc2b144bd095a255a47c4b8a295e2df,mol/mol true liquid species,MEACOO-,True
F1,packet,Matin2012_state_003,Matin2012_state_003::HCO3-,Matin2012,species,true-species-liquid-mole-fraction-linear-aggregate,HCO3-,293.15,0.1499029980599612,0.002,0.00033243033097869496,-1.3896413908510876,-1.7944721522919804,0.9655515975832726,6e6b33d981e490f4fe31207660a60e0affc2b144bd095a255a47c4b8a295e2df,mol/mol true liquid species,HCO3- + CO3^2-,False
F1,packet,Matin2012_state_004,Matin2012_state_004::MEA,Matin2012,species,true-species-liquid-mole-fraction,MEA,293.15,0.17290345806916138,0.0768,0.07363355053151659,-0.3647983258621436,-0.042103868673669394,0.06653890927591136,6e6b33d981e490f4fe31207660a60e0affc2b144bd095a255a47c4b8a295e2df,mol/mol true liquid species,MEA,True
F1,packet,Matin2012_state_004,Matin2012_state_004::MEAH+,Matin2012,species,true-species-liquid-mole-fraction,MEAH+,293.15,0.17290345806916138,0.0186,0.01958622262503374,0.3448330856761336,0.0516648110538938,0.05945492848846184,6e6b33d981e490f4fe31207660a60e0affc2b144bd095a255a47c4b8a295e2df,mol/mol true liquid species,MEAH+,True
F1,packet,Matin2012_state_004,Matin2012_state_004::MEACOO-,Matin2012,species,true-species-liquid-mole-fraction,MEACOO-,293.15,0.17290345806916138,0.0177,0.018999094638840523,0.4689872342384559,0.07082668786399077,0.10997451293931815,6e6b33d981e490f4fe31207660a60e0affc2b144bd095a255a47c4b8a295e2df,mol/mol true liquid species,MEACOO-,True
F1,packet,Matin2012_state_004,Matin2012_state_004::HCO3-,Matin2012,species,true-species-liquid-mole-fraction-linear-aggregate,HCO3-,293.15,0.17290345806916138,0.002,0.00041475975988926545,-1.321033533425612,-1.57320299876705,0.8725647982174788,6e6b33d981e490f4fe31207660a60e0affc2b144bd095a255a47c4b8a295e2df,mol/mol true liquid species,HCO3- + CO3^2-,False
F1,packet,Matin2012_state_005,Matin2012_state_005::MEA,Matin2012,species,true-species-liquid-mole-fraction,MEA,293.15,0.19490389807796157,0.0718,0.0687390309126274,-0.3742015999233015,-0.04356730259879413,0.0700134186925793,6e6b33d981e490f4fe31207660a60e0affc2b144bd095a255a47c4b8a295e2df,mol/mol true liquid species,MEA,True
F1,packet,Matin2012_state_005,Matin2012_state_005::MEAH+,Matin2012,species,true-species-liquid-mole-fraction,MEAH+,293.15,0.19490389807796157,0.021,0.022103617164340485,0.35600553688402686,0.05121883000197844,0.0633699711460421,6e6b33d981e490f4fe31207660a60e0affc2b144bd095a255a47c4b8a295e2df,mol/mol true liquid species,MEAH+,True
F1,packet,Matin2012_state_005,Matin2012_state_005::MEACOO-,Matin2012,species,true-species-liquid-mole-fraction,MEACOO-,293.15,0.19490389807796157,0.0203,0.021376219401974792,0.3551879214438262,0.05165817519350874,0.06307922976979283,6e6b33d981e490f4fe31207660a60e0affc2b144bd095a255a47c4b8a295e2df,mol/mol true liquid species,MEACOO-,True
F1,packet,Matin2012_state_005,Matin2012_state_005::HCO3-,Matin2012,species,true-species-liquid-mole-fraction-linear-aggregate,HCO3-,293.15,0.19490389807796157,0.002,0.0005064472066265822,-1.2446273278111812,-1.3734823730201389,0.7745485925672008,6e6b33d981e490f4fe31207660a60e0affc2b144bd095a255a47c4b8a295e2df,mol/mol true liquid species,HCO3- + CO3^2-,False
F1,packet,Matin2012_state_006,Matin2012_state_006::MEA,Matin2012,species,true-species-liquid-mole-fraction,MEA,293.15,0.21790435808716177,0.0668,0.06362663337033116,-0.4131987799047971,-0.04867093416911225,0.08536661585740647,6e6b33d981e490f4fe31207660a60e0affc2b144bd095a255a47c4b8a295e2df,mol/mol true liquid species,MEA,True
F1,packet,Matin2012_state_006,Matin2012_state_006::MEAH+,Matin2012,species,true-species-liquid-mole-fraction,MEAH+,293.15,0.21790435808716177,0.0234,0.024747204032425904,0.40335450072631834,0.05597649188280264,0.08134742662808878,6e6b33d981e490f4fe31207660a60e0affc2b144bd095a255a47c4b8a295e2df,mol/mol true liquid species,MEAH+,True
F1,packet,Matin2012_state_006,Matin2012_state_006::MEACOO-,Matin2012,species,true-species-liquid-mole-fraction,MEACOO-,293.15,0.21790435808716177,0.0228,0.023845029674148484,0.31860660797209844,0.044815260249009184,0.050755085321743214,6e6b33d981e490f4fe31207660a60e0affc2b144bd095a255a47c4b8a295e2df,mol/mol true liquid species,MEACOO-,True
F1,packet,Matin2012_state_006,Matin2012_state_006::HCO3-,Matin2012,species,true-species-liquid-mole-fraction-linear-aggregate,HCO3-,293.15,0.21790435808716177,0.0021,0.0006186672162080502,-1.2242419700759912,-1.22212511076655,0.7493842006477721,6e6b33d981e490f4fe31207660a60e0affc2b144bd095a255a47c4b8a295e2df,mol/mol true liquid species,HCO3- + CO3^2-,False
F1,packet,Matin2012_state_007,Matin2012_state_007::MEA,Matin2012,species,true-species-liquid-mole-fraction,MEA,293.15,0.24090481809636194,0.0618,0.05851994168161429,-0.4568326348726614,-0.054535784866997804,0.10434802814234918,6e6b33d981e490f4fe31207660a60e0affc2b144bd095a255a47c4b8a295e2df,mol/mol true liquid species,MEA,True
F1,packet,Matin2012_state_007,Matin2012_state_007::MEAH+,Matin2012,species,true-species-liquid-mole-fraction,MEAH+,293.15,0.24090481809636194,0.0257,0.02740539691035384,0.477702215785389,0.06424896962845507,0.11409970348313518,6e6b33d981e490f4fe31207660a60e0affc2b144bd095a255a47c4b8a295e2df,mol/mol true liquid species,MEAH+,True
F1,packet,Matin2012_state_007,Matin2012_state_007::MEACOO-,Matin2012,species,true-species-liquid-mole-fraction,MEACOO-,293.15,0.24090481809636194,0.0252,0.02629352798973464,0.3106613607200677,0.0424788303421874,0.04825524052222202,6e6b33d981e490f4fe31207660a60e0affc2b144bd095a255a47c4b8a295e2df,mol/mol true liquid species,MEACOO-,True
F1,packet,Matin2012_state_007,Matin2012_state_007::HCO3-,Matin2012,species,true-species-liquid-mole-fraction-linear-aggregate,HCO3-,293.15,0.24090481809636194,0.0023,0.0007511983112171217,-1.2591883648641287,-1.1189947221392376,0.792777669104599,6e6b33d981e490f4fe31207660a60e0affc2b144bd095a255a47c4b8a295e2df,mol/mol true liquid species,HCO3- + CO3^2-,False
F1,packet,Matin2012_state_008,Matin2012_state_008::MEA,Matin2012,species,true-species-liquid-mole-fraction,MEA,293.15,0.26390527810556214,0.0568,0.053420335184364426,-0.5059378466520325,-0.06134484355422255,0.12798655233744774,6e6b33d981e490f4fe31207660a60e0affc2b144bd095a255a47c4b8a295e2df,mol/mol true liquid species,MEA,True
F1,packet,Matin2012_state_008,Matin2012_state_008::MEAH+,Matin2012,species,true-species-liquid-mole-fraction,MEAH+,293.15,0.26390527810556214,0.0281,0.03008132298346195,0.5200322791238717,0.06813490393771579,0.13521678566538423,6e6b33d981e490f4fe31207660a60e0affc2b144bd095a255a47c4b8a295e2df,mol/mol true liquid species,MEAH+,True
F1,packet,Matin2012_state_008,Matin2012_state_008::MEACOO-,Matin2012,species,true-species-liquid-mole-fraction,MEACOO-,293.15,0.26390527810556214,0.0276,0.02871720779532779,0.2971297327999446,0.03968074511944271,0.044143039056883236,6e6b33d981e490f4fe31207660a60e0affc2b144bd095a255a47c4b8a295e2df,mol/mol true liquid species,MEACOO-,True
F1,packet,Matin2012_state_008,Matin2012_state_008::HCO3-,Matin2012,species,true-species-liquid-mole-fraction-linear-aggregate,HCO3-,293.15,0.26390527810556214,0.0026,0.000908546761722593,-1.3424232049820688,-1.0514203661467214,0.9010500306371647,6e6b33d981e490f4fe31207660a60e0affc2b144bd095a255a47c4b8a295e2df,mol/mol true liquid species,HCO3- + CO3^2-,False
F1,packet,Matin2012_state_009,Matin2012_state_009::MEA,Matin2012,species,true-species-liquid-mole-fraction,MEA,293.15,0.2869057381147623,0.0518,0.04832974214427773,-0.5615303973660628,-0.06934299873660817,0.1576581935830442,6e6b33d981e490f4fe31207660a60e0affc2b144bd095a255a47c4b8a295e2df,mol/mol true liquid species,MEA,True
F1,packet,Matin2012_state_009,Matin2012_state_009::MEAH+,Matin2012,species,true-species-liquid-mole-fraction,MEAH+,293.15,0.2869057381147623,0.0304,0.032778687642138,0.5887840698361394,0.07533592877986417,0.17333334044640394,6e6b33d981e490f4fe31207660a60e0affc2b144bd095a255a47c4b8a295e2df,mol/mol true liquid species,MEAH+,True
F1,packet,Matin2012_state_009,Matin2012_state_009::MEACOO-,Matin2012,species,true-species-liquid-mole-fraction,MEACOO-,293.15,0.2869057381147623,0.0299,0.031110435389250134,0.3033672654762242,0.03968482556926923,0.04601584888126095,6e6b33d981e490f4fe31207660a60e0affc2b144bd095a255a47c4b8a295e2df,mol/mol true liquid species,MEACOO-,True
F1,packet,Matin2012_state_009,Matin2012_state_009::HCO3-,Matin2012,species,true-species-liquid-mole-fraction-linear-aggregate,HCO3-,293.15,0.2869057381147623,0.003,0.0010963458415112744,-1.4643493526836353,-1.00662960109319,1.0721595133524908,6e6b33d981e490f4fe31207660a60e0affc2b144bd095a255a47c4b8a295e2df,mol/mol true liquid species,HCO3- + CO3^2-,False
F1,packet,Matin2012_state_010,Matin2012_state_010::MEA,Matin2012,species,true-species-liquid-mole-fraction,MEA,293.15,0.3099061981239625,0.0469,0.04325095018734522,-0.6413092816616482,-0.08099847266607411,0.20563879737268964,6e6b33d981e490f4fe31207660a60e0affc2b144bd095a255a47c4b8a295e2df,mol/mol true liquid species,MEA,True
F1,packet,Matin2012_state_010,Matin2012_state_010::MEAH+,Matin2012,species,true-species-liquid-mole-fraction,MEAH+,293.15,0.3099061981239625,0.0327,0.035501814091654725,0.6561625507388115,0.0822087184459144,0.21527464649603167,6e6b33d981e490f4fe31207660a60e0affc2b144bd095a255a47c4b8a295e2df,mol/mol true liquid species,MEAH+,True
F1,packet,Matin2012_state_010,Matin2012_state_010::MEACOO-,Matin2012,species,true-species-liquid-mole-fraction,MEACOO-,293.15,0.3099061981239625,0.0321,0.033466099868638646,0.3244892799616745,0.04167695211407359,0.05264664640502298,6e6b33d981e490f4fe31207660a60e0affc2b144bd095a255a47c4b8a295e2df,mol/mol true liquid species,MEACOO-,True
F1,packet,Matin2012_state_010,Matin2012_state_010::HCO3-,Matin2012,species,true-species-liquid-mole-fraction-linear-aggregate,HCO3-,293.15,0.3099061981239625,0.0034,0.00132170578156193,-1.550965834655276,-0.9448522705125165,1.2027475101339684,6e6b33d981e490f4fe31207660a60e0affc2b144bd095a255a47c4b8a295e2df,mol/mol true liquid species,HCO3- + CO3^2-,False
F1,packet,Matin2012_state_011,Matin2012_state_011::MEA,Matin2012,species,true-species-liquid-mole-fraction,MEA,293.15,0.33390667813356273,0.0419,0.03796848372448249,-0.7575175868049148,-0.09852938699550617,0.2869164471593708,6e6b33d981e490f4fe31207660a60e0affc2b144bd095a255a47c4b8a295e2df,mol/mol true liquid species,MEA,True
F1,packet,Matin2012_state_011,Matin2012_state_011::MEAH+,Matin2012,species,true-species-liquid-mole-fraction,MEAH+,293.15,0.33390667813356273,0.0349,0.03837613312919567,0.7741944608453603,0.09494890405967278,0.299688531601819,6e6b33d981e490f4fe31207660a60e0affc2b144bd095a255a47c4b8a295e2df,mol/mol true liquid species,MEAH+,True
F1,packet,Matin2012_state_011,Matin2012_state_011::MEACOO-,Matin2012,species,true-species-liquid-mole-fraction,MEACOO-,293.15,0.33390667813356273,0.0342,0.03587424583633552,0.3787886507546424,0.04779400780658181,0.07174042097026123,6e6b33d981e490f4fe31207660a60e0affc2b144bd095a255a47c4b8a295e2df,mol/mol true liquid species,MEACOO-,True
F1,packet,Matin2012_state_011,Matin2012_state_011::HCO3-,Matin2012,species,true-species-liquid-mole-fraction-linear-aggregate,HCO3-,293.15,0.33390667813356273,0.004,0.0016067990774363862,-1.7094292304025813,-0.9120503117791353,1.4610741468773807,6e6b33d981e490f4fe31207660a60e0affc2b144bd095a255a47c4b8a295e2df,mol/mol true liquid species,HCO3- + CO3^2-,False
F1,packet,Matin2012_state_012,Matin2012_state_012::MEA,Matin2012,species,true-species-liquid-mole-fraction,MEA,293.15,0.3579071581431629,0.0371,0.03271107039351501,-0.9318321882133743,-0.1259034048591302,0.4341556134952627,6e6b33d981e490f4fe31207660a60e0affc2b144bd095a255a47c4b8a295e2df,mol/mol true liquid species,MEA,True
F1,packet,Matin2012_state_012,Matin2012_state_012::MEAH+,Matin2012,species,true-species-liquid-mole-fraction,MEAH+,293.15,0.3579071581431629,0.0372,0.04128997003382368,0.8665190749626451,0.10431085286963215,0.3754276536370591,6e6b33d981e490f4fe31207660a60e0affc2b144bd095a255a47c4b8a295e2df,mol/mol true liquid species,MEAH+,True
F1,packet,Matin2012_state_012,Matin2012_state_012::MEACOO-,Matin2012,species,true-species-liquid-mole-fraction,MEACOO-,293.15,0.3579071581431629,0.0362,0.03821782017577471,0.4367576138040484,0.05424278475305275,0.09537860660790314,6e6b33d981e490f4fe31207660a60e0affc2b144bd095a255a47c4b8a295e2df,mol/mol true liquid species,MEACOO-,True
F1,packet,Matin2012_state_012,Matin2012_state_012::HCO3-,Matin2012,species,true-species-liquid-mole-fraction-linear-aggregate,HCO3-,293.15,0.3579071581431629,0.0046,0.001956458098750568,-1.8106451378420767,-0.8549205574881689,1.6392179075955764,6e6b33d981e490f4fe31207660a60e0affc2b144bd095a255a47c4b8a295e2df,mol/mol true liquid species,HCO3- + CO3^2-,False
F1,packet,Matin2012_state_013,Matin2012_state_013::MEA,Matin2012,species,true-species-liquid-mole-fraction,MEA,293.15,0.3819076381527631,0.0322,0.02749176747003373,-1.1156949123142816,-0.1580798574224477,0.6223875686819863,6e6b33d981e490f4fe31207660a60e0affc2b144bd095a255a47c4b8a295e2df,mol/mol true liquid species,MEA,True
F1,packet,Matin2012_state_013,Matin2012_state_013::MEAH+,Matin2012,species,true-species-liquid-mole-fraction,MEAH+,293.15,0.3819076381527631,0.0394,0.044249398337998944,0.9816595825908798,0.11607595817623213,0.4818277680462502,6e6b33d981e490f4fe31207660a60e0affc2b144bd095a255a47c4b8a295e2df,mol/mol true liquid species,MEAH+,True
F1,packet,Matin2012_state_013,Matin2012_state_013::MEACOO-,Matin2012,species,true-species-liquid-mole-fraction,MEACOO-,293.15,0.3819076381527631,0.0381,0.04047769161589204,0.4943225812665364,0.06053671592144102,0.12217740717500573,6e6b33d981e490f4fe31207660a60e0affc2b144bd095a255a47c4b8a295e2df,mol/mol true liquid species,MEACOO-,True
F1,packet,Matin2012_state_013,Matin2012_state_013::HCO3-,Matin2012,species,true-species-liquid-mole-fraction-linear-aggregate,HCO3-,293.15,0.3819076381527631,0.0053,0.0023898097684072438,-1.9020851186880758,-0.7964930525911764,1.8089638993673158,6e6b33d981e490f4fe31207660a60e0affc2b144bd095a255a47c4b8a295e2df,mol/mol true liquid species,HCO3- + CO3^2-,False
F1,packet,Matin2012_state_014,Matin2012_state_014::MEA,Matin2012,species,true-species-liquid-mole-fraction,MEA,293.15,0.4059081181623633,0.0274,0.022334725158348608,-1.3543515619388748,-0.20440036408993936,0.917134076663135,6e6b33d981e490f4fe31207660a60e0affc2b144bd095a255a47c4b8a295e2df,mol/mol true liquid species,MEA,True
F1,packet,Matin2012_state_014,Matin2012_state_014::MEAH+,Matin2012,species,true-species-liquid-mole-fraction,MEAH+,293.15,0.4059081181623633,0.0415,0.047259019264534706,1.1182561678708163,0.12995009239258096,0.6252484284905616,6e6b33d981e490f4fe31207660a60e0affc2b144bd095a255a47c4b8a295e2df,mol/mol true liquid species,MEAH+,True
F1,packet,Matin2012_state_014,Matin2012_state_014::MEACOO-,Matin2012,species,true-species-liquid-mole-fraction,MEACOO-,293.15,0.4059081181623633,0.04,0.04262510773157298,0.5250215463145954,0.0635640089134827,0.13782381204728442,6e6b33d981e490f4fe31207660a60e0affc2b144bd095a255a47c4b8a295e2df,mol/mol true liquid species,MEACOO-,True
F1,packet,Matin2012_state_014,Matin2012_state_014::HCO3-,Matin2012,species,true-species-liquid-mole-fraction-linear-aggregate,HCO3-,293.15,0.4059081181623633,0.0061,0.0029355971344341945,-1.9654676183638544,-0.7313778856341127,1.931531479418441,6e6b33d981e490f4fe31207660a60e0affc2b144bd095a255a47c4b8a295e2df,mol/mol true liquid species,HCO3- + CO3^2-,False
F1,packet,Matin2012_state_015,Matin2012_state_015::MEA,Matin2012,species,true-species-liquid-mole-fraction,MEA,293.15,0.4309086181723635,0.0227,0.0170823573644241,-1.7179335276990517,-0.284318726656293,1.4756478027962543,6e6b33d981e490f4fe31207660a60e0affc2b144bd095a255a47c4b8a295e2df,mol/mol true liquid species,MEA,True
F1,packet,Matin2012_state_015,Matin2012_state_015::MEAH+,Matin2012,species,true-species-liquid-mole-fraction,MEAH+,293.15,0.4309086181723635,0.0436,0.05044667284418178,1.277364336601078,0.14585964469962837,0.8158298242101562,6e6b33d981e490f4fe31207660a60e0affc2b144bd095a255a47c4b8a295e2df,mol/mol true liquid species,MEAH+,True
F1,packet,Matin2012_state_015,Matin2012_state_015::MEACOO-,Matin2012,species,true-species-liquid-mole-fraction,MEACOO-,293.15,0.4309086181723635,0.0417,0.04468981154330624,0.578300105088248,0.06924441715490028,0.16721550577253935,6e6b33d981e490f4fe31207660a60e0affc2b144bd095a255a47c4b8a295e2df,mol/mol true liquid species,MEACOO-,True
F1,packet,Matin2012_state_015,Matin2012_state_015::HCO3-,Matin2012,species,true-species-liquid-mole-fraction-linear-aggregate,HCO3-,293.15,0.4309086181723635,0.007,0.0036762674443573343,-1.955136797436862,-0.6440121930306,1.9112799483458347,6e6b33d981e490f4fe31207660a60e0affc2b144bd095a255a47c4b8a295e2df,mol/mol true liquid species,HCO3- + CO3^2-,False
F1,packet,Matin2012_state_016,Matin2012_state_016::MEA,Matin2012,species,true-species-liquid-mole-fraction,MEA,293.15,0.4549090981819637,0.0181,0.012271121372589794,-2.0743340311068357,-0.3886632923157894,2.1514308363039674,6e6b33d981e490f4fe31207660a60e0affc2b144bd095a255a47c4b8a295e2df,mol/mol true liquid species,MEA,False
F1,packet,Matin2012_state_016,Matin2012_state_016::MEAH+,Matin2012,species,true-species-liquid-mole-fraction,MEAH+,293.15,0.4549090981819637,0.0457,0.05354052575988084,1.4076347863340826,0.1583405600893091,0.9907178458488991,6e6b33d981e490f4fe31207660a60e0affc2b144bd095a255a47c4b8a295e2df,mol/mol true liquid species,MEAH+,False
F1,packet,Matin2012_state_016,Matin2012_state_016::MEACOO-,Matin2012,species,true-species-liquid-mole-fraction,MEACOO-,293.15,0.4549090981819637,0.0433,0.04640717223229397,0.5829591430195074,0.0693013862502928,0.16992068121501921,6e6b33d981e490f4fe31207660a60e0affc2b144bd095a255a47c4b8a295e2df,mol/mol true liquid species,MEACOO-,False
F1,packet,Matin2012_state_016,Matin2012_state_016::HCO3-,Matin2012,species,true-species-liquid-mole-fraction-linear-aggregate,HCO3-,293.15,0.4549090981819637,0.008,0.004651949275868978,-1.8600281800727902,-0.5421552108083633,1.7298524153324482,6e6b33d981e490f4fe31207660a60e0affc2b144bd095a255a47c4b8a295e2df,mol/mol true liquid species,HCO3- + CO3^2-,False
F1,packet,Matin2012_state_017,Matin2012_state_017::MEA,Matin2012,species,true-species-liquid-mole-fraction,MEA,293.15,0.4799095981919638,0.0135,0.007798953281049975,-2.4259773272127765,-0.5487001554909399,2.942682996075223,6e6b33d981e490f4fe31207660a60e0affc2b144bd095a255a47c4b8a295e2df,mol/mol true liquid species,MEA,True
F1,packet,Matin2012_state_017,Matin2012_state_017::MEAH+,Matin2012,species,true-species-liquid-mole-fraction,MEAH+,293.15,0.4799095981919638,0.0477,0.056733525521236006,1.5656023433684587,0.17343391713698272,1.2255553487804047,6e6b33d981e490f4fe31207660a60e0affc2b144bd095a255a47c4b8a295e2df,mol/mol true liquid species,MEAH+,True
F1,packet,Matin2012_state_017,Matin2012_state_017::MEACOO-,Matin2012,species,true-species-liquid-mole-fraction,MEACOO-,293.15,0.4799095981919638,0.0448,0.047686274659471665,0.5266924561079682,0.06243547407938404,0.13870247166052202,6e6b33d981e490f4fe31207660a60e0affc2b144bd095a255a47c4b8a295e2df,mol/mol true liquid species,MEACOO-,True
F1,packet,Matin2012_state_017,Matin2012_state_017::HCO3-,Matin2012,species,true-species-liquid-mole-fraction-linear-aggregate,HCO3-,293.15,0.4799095981919638,0.0091,0.006177698427300953,-1.5300008234026425,-0.3873286341866227,1.170451259806382,6e6b33d981e490f4fe31207660a60e0affc2b144bd095a255a47c4b8a295e2df,mol/mol true liquid species,HCO3- + CO3^2-,False
F1,packet,Matin2012_state_018,Matin2012_state_018::MEA,Matin2012,species,true-species-liquid-mole-fraction,MEA,293.15,0.5049100982019641,0.009,0.004469728193372348,-2.384353582435606,-0.6998969774113771,2.842571003036754,6e6b33d981e490f4fe31207660a60e0affc2b144bd095a255a47c4b8a295e2df,mol/mol true liquid species,MEA,True
F1,packet,Matin2012_state_018,Matin2012_state_018::MEAH+,Matin2012,species,true-species-liquid-mole-fraction,MEAH+,293.15,0.5049100982019641,0.0496,0.0597450831926193,1.7021951665468626,0.1860960640314829,1.4487341925077508,6e6b33d981e490f4fe31207660a60e0affc2b144bd095a255a47c4b8a295e2df,mol/mol true liquid species,MEAH+,True
F1,packet,Matin2012_state_018,Matin2012_state_018::MEACOO-,Matin2012,species,true-species-liquid-mole-fraction,MEACOO-,293.15,0.5049100982019641,0.0462,0.048003717037525914,0.32094609208646196,0.03829864810379866,0.05150319701278586,6e6b33d981e490f4fe31207660a60e0affc2b144bd095a255a47c4b8a295e2df,mol/mol true liquid species,MEACOO-,True
F1,packet,Matin2012_state_018,Matin2012_state_018::HCO3-,Matin2012,species,true-species-liquid-mole-fraction-linear-aggregate,HCO3-,293.15,0.5049100982019641,0.0102,0.008663605890309282,-0.7605911434112467,-0.1632566998176045,0.2892494437178138,6e6b33d981e490f4fe31207660a60e0affc2b144bd095a255a47c4b8a295e2df,mol/mol true liquid species,HCO3- + CO3^2-,False
F1,packet,Matin2012_state_019,Matin2012_state_019::MEA,Matin2012,species,true-species-liquid-mole-fraction,MEA,293.15,0.5309106182123643,0.0046,0.0025563887065722215,-1.399733762621766,-0.5874607024184451,0.9796273031116433,6e6b33d981e490f4fe31207660a60e0affc2b144bd095a255a47c4b8a295e2df,mol/mol true liquid species,MEA,True
F1,packet,Matin2012_state_019,Matin2012_state_019::MEAH+,Matin2012,species,true-species-liquid-mole-fraction,MEAH+,293.15,0.5309106182123643,0.0515,0.06257416850759016,1.8006778061122222,0.19477074162682445,1.6212202807125629,6e6b33d981e490f4fe31207660a60e0affc2b144bd095a255a47c4b8a295e2df,mol/mol true liquid species,MEAH+,True
F1,packet,Matin2012_state_019,Matin2012_state_019::MEACOO-,Matin2012,species,true-species-liquid-mole-fraction,MEACOO-,293.15,0.5309106182123643,0.0475,0.04708725264084638,-0.07178214941802112,-0.008727391217091391,0.002576338487535555,6e6b33d981e490f4fe31207660a60e0affc2b144bd095a255a47c4b8a295e2df,mol/mol true liquid species,MEACOO-,True
F1,packet,Matin2012_state_019,Matin2012_state_019::HCO3-,Matin2012,species,true-species-liquid-mole-fraction-linear-aggregate,HCO3-,293.15,0.5309106182123643,0.0114,0.012490967189062115,0.5097977518981844,0.09139240281357,0.12994687392022142,6e6b33d981e490f4fe31207660a60e0affc2b144bd095a255a47c4b8a295e2df,mol/mol true liquid species,HCO3- + CO3^2-,False
F1,packet,vle_obs_0119,vle_obs_0119-pco2,Hilliard2008,pressure,true-species-vapor-partial-pressure,pCO2,313.137,0.15290305806116122,5.7,5.381491994655857,-0.19166838895609506,-0.05750051668682852,0.018368385662512473,6e6b33d981e490f4fe31207660a60e0affc2b144bd095a255a47c4b8a295e2df,Pa,pCO2,True
F1,packet,vle_obs_0120,vle_obs_0120-pco2,Hilliard2008,pressure,true-species-vapor-partial-pressure,pCO2,313.20799999999997,0.16290325806516132,6.64,6.181779291306245,-0.23835274080873498,-0.07150582224262049,0.028406014525517997,6e6b33d981e490f4fe31207660a60e0affc2b144bd095a255a47c4b8a295e2df,Pa,pCO2,True
F1,packet,vle_obs_0121,vle_obs_0121-pco2,Hilliard2008,pressure,true-species-vapor-partial-pressure,pCO2,313.135,0.1699033980679614,7.21,6.726517923402383,-0.2313711258711177,-0.0694113377613353,0.026766298943434293,6e6b33d981e490f4fe31207660a60e0affc2b144bd095a255a47c4b8a295e2df,Pa,pCO2,True
F1,packet,vle_obs_0122,vle_obs_0122-pco2,Hilliard2008,pressure,true-species-vapor-partial-pressure,pCO2,313.294,0.19090381807636156,9.950000000000001,8.983129041156742,-0.340747613287795,-0.1022242839863385,0.05805446798066435,6e6b33d981e490f4fe31207660a60e0affc2b144bd095a255a47c4b8a295e2df,Pa,pCO2,True
F1,packet,vle_obs_0123,vle_obs_0123-pco2,Hilliard2008,pressure,true-species-vapor-partial-pressure,pCO2,313.18399999999997,0.19390387807756157,9.85,9.363320953277567,-0.16890474973832037,-0.05067142492149611,0.014264407242082318,6e6b33d981e490f4fe31207660a60e0affc2b144bd095a255a47c4b8a295e2df,Pa,pCO2,True
F1,packet,vle_obs_0124,vle_obs_0124-pco2,Hilliard2008,pressure,true-species-vapor-partial-pressure,pCO2,313.18399999999997,0.23190463809276188,14.6,14.512671178038406,-0.01999795515390822,-0.005999386546172466,0.00019995910516886219,6e6b33d981e490f4fe31207660a60e0affc2b144bd095a255a47c4b8a295e2df,Pa,pCO2,True
F1,packet,vle_obs_0125,vle_obs_0125-pco2,Hilliard2008,pressure,true-species-vapor-partial-pressure,pCO2,313.27,0.24590491809836199,19.099999999999998,17.23845449260552,-0.34181906812047214,-0.10254572043614163,0.05842013766537398,6e6b33d981e490f4fe31207660a60e0affc2b144bd095a255a47c4b8a295e2df,Pa,pCO2,True
F1,packet,vle_obs_0126,vle_obs_0126-pco2,Hilliard2008,pressure,true-species-vapor-partial-pressure,pCO2,313.118,0.2689053781075622,23.099999999999998,22.247469673703378,-0.12534779304193658,-0.03760433791258097,0.007856034610242082,6e6b33d981e490f4fe31207660a60e0affc2b144bd095a255a47c4b8a295e2df,Pa,pCO2,True
F1,packet,vle_obs_0127,vle_obs_0127-pco2,Hilliard2008,pressure,true-species-vapor-partial-pressure,pCO2,313.503,0.2719054381087622,22.4,24.498102176595687,0.2984489783652323,0.08953469350956969,0.04453589634362545,6e6b33d981e490f4fe31207660a60e0affc2b144bd095a255a47c4b8a295e2df,Pa,pCO2,True
F1,packet,vle_obs_0128,vle_obs_0128-pco2,Hilliard2008,pressure,true-species-vapor-partial-pressure,pCO2,313.01599999999996,0.32590651813036264,48.5,44.72988938240489,-0.2697395116951993,-0.08092185350855978,0.03637970208478227,6e6b33d981e490f4fe31207660a60e0affc2b144bd095a255a47c4b8a295e2df,Pa,pCO2,True
F1,packet,vle_obs_0129,vle_obs_0129-pco2,Hilliard2008,pressure,true-species-vapor-partial-pressure,pCO2,313.029,0.3479069581391628,66.19999999999999,60.41982961666448,-0.30454368990264874,-0.09136310697079462,0.04637342952976034,6e6b33d981e490f4fe31207660a60e0affc2b144bd095a255a47c4b8a295e2df,Pa,pCO2,True
F1,packet,vle_obs_0130,vle_obs_0130-pco2,Hilliard2008,pressure,true-species-vapor-partial-pressure,pCO2,313.14,0.3499069981399628,72.1,62.740176433101624,-0.4635067646709416,-0.13905202940128247,0.10741926044786182,6e6b33d981e490f4fe31207660a60e0affc2b144bd095a255a47c4b8a295e2df,Pa,pCO2,True
F1,packet,vle_obs_0131,vle_obs_0131-pco2,Hilliard2008,pressure,true-species-vapor-partial-pressure,pCO2,313.02,0.3599071981439629,96.60000000000001,70.77100213975727,-1.037097995714912,-0.3111293987144736,0.5377861263579439,6e6b33d981e490f4fe31207660a60e0affc2b144bd095a255a47c4b8a295e2df,Pa,pCO2,True
F1,packet,vle_obs_0132,vle_obs_0132-pco2,Hilliard2008,pressure,true-species-vapor-partial-pressure,pCO2,313.2,0.3819076381527631,131.0,94.01884982915278,-1.1056734364575003,-0.33170203093725004,0.611256874043869,6e6b33d981e490f4fe31207660a60e0affc2b144bd095a255a47c4b8a295e2df,Pa,pCO2,True
F1,packet,vle_obs_0133,vle_obs_0133-pco2,Hilliard2008,pressure,true-species-vapor-partial-pressure,pCO2,313.03,0.3859077181543631,120.0,107.04488178131608,-0.38081180122341096,-0.11424354036702329,0.07250881397550933,6e6b33d981e490f4fe31207660a60e0affc2b144bd095a255a47c4b8a295e2df,Pa,pCO2,True
F1,packet,vle_obs_0134,vle_obs_0134-pco2,Hilliard2008,pressure,true-species-vapor-partial-pressure,pCO2,313.0,0.38890777815556316,113.0,112.37642325133105,-0.018445536017923973,-0.005533660805377192,0.00017011889949426529,6e6b33d981e490f4fe31207660a60e0affc2b144bd095a255a47c4b8a295e2df,Pa,pCO2,True
F1,packet,vle_obs_0135,vle_obs_0135-pco2,Hilliard2008,pressure,true-species-vapor-partial-pressure,pCO2,313.15,0.39990799815996325,128.0,138.1222143476078,0.2536954684330065,0.07610864052990195,0.0321806953517213,6e6b33d981e490f4fe31207660a60e0affc2b144bd095a255a47c4b8a295e2df,Pa,pCO2,True
F1,packet,vle_obs_0136,vle_obs_0136-pco2,Hilliard2008,pressure,true-species-vapor-partial-pressure,pCO2,313.169,0.46390927818556377,750.0,584.9248710320369,-0.8286326437734436,-0.24858979313203308,0.3433160291634833,6e6b33d981e490f4fe31207660a60e0affc2b144bd095a255a47c4b8a295e2df,Pa,pCO2,True
F1,packet,vle_obs_0137,vle_obs_0137-pco2,Hilliard2008,pressure,true-species-vapor-partial-pressure,pCO2,313.08,0.4659093181863638,574.0,630.061687758161,0.3106277844963136,0.09318833534889408,0.048244810250544126,6e6b33d981e490f4fe31207660a60e0affc2b144bd095a255a47c4b8a295e2df,Pa,pCO2,True
F1,packet,vle_obs_0138,vle_obs_0138-pco2,Hilliard2008,pressure,true-species-vapor-partial-pressure,pCO2,313.14,0.48090961819236383,883.0,1001.1679286200373,0.4186577516671977,0.1255973255001593,0.0876371565155165,6e6b33d981e490f4fe31207660a60e0affc2b144bd095a255a47c4b8a295e2df,Pa,pCO2,True
F1,packet,vle_obs_0139,vle_obs_0139-pco2,Hilliard2008,pressure,true-species-vapor-partial-pressure,pCO2,313.02799999999996,0.4909098181963639,1100.0,1376.7111695137944,0.7479575483378444,0.22438726450135332,0.2797202470577795,6e6b33d981e490f4fe31207660a60e0affc2b144bd095a255a47c4b8a295e2df,Pa,pCO2,True
F1,packet,vle_obs_0140,vle_obs_0140-pco2,Hilliard2008,pressure,true-species-vapor-partial-pressure,pCO2,313.168,0.5009100182003641,1870.0,1978.698187705719,0.18833572215950387,0.05650071664785116,0.017735172120670918,6e6b33d981e490f4fe31207660a60e0affc2b144bd095a255a47c4b8a295e2df,Pa,pCO2,True
F1,packet,vle_obs_0141,vle_obs_0141-pco2,Hilliard2008,pressure,true-species-vapor-partial-pressure,pCO2,313.147,0.5179103582071641,3030.0,3551.946573058291,0.5297772137559965,0.15893316412679895,0.1403319481075334,6e6b33d981e490f4fe31207660a60e0affc2b144bd095a255a47c4b8a295e2df,Pa,pCO2,True
F1,packet,vle_obs_0142,vle_obs_0142-pco2,Hilliard2008,pressure,true-species-vapor-partial-pressure,pCO2,313.15,0.5909118182363647,28300.0,25392.773595839197,-0.3613239173482987,-0.1083971752044896,0.0652774866239601,6e6b33d981e490f4fe31207660a60e0affc2b144bd095a255a47c4b8a295e2df,Pa,pCO2,True
F1,packet,vle_obs_0143,vle_obs_0143-pco2,Hilliard2008,pressure,true-species-vapor-partial-pressure,pCO2,333.018,0.11390227804556091,19.400000000000002,17.611136002044855,-0.3224721224128081,-0.09674163672384242,0.05199413486671054,6e6b33d981e490f4fe31207660a60e0affc2b144bd095a255a47c4b8a295e2df,Pa,pCO2,True
F1,packet,vle_obs_0144,vle_obs_0144-pco2,Hilliard2008,pressure,true-species-vapor-partial-pressure,pCO2,333.114,0.19090381807636156,58.9,55.56121181478321,-0.1945192069600951,-0.05835576208802853,0.01891886093819215,6e6b33d981e490f4fe31207660a60e0affc2b144bd095a255a47c4b8a295e2df,Pa,pCO2,True
F1,packet,vle_obs_0145,vle_obs_0145-pco2,Hilliard2008,pressure,true-species-vapor-partial-pressure,pCO2,333.10999999999996,0.29090581811636235,209.0,194.75326356020335,-0.2353360322132414,-0.07060080966397242,0.027691524028935897,6e6b33d981e490f4fe31207660a60e0affc2b144bd095a255a47c4b8a295e2df,Pa,pCO2,True
F1,packet,vle_obs_0146,vle_obs_0146-pco2,Hilliard2008,pressure,true-species-vapor-partial-pressure,pCO2,333.034,0.3859077181543631,763.0,748.6665508366603,-0.0632144645641588,-0.01896433936924764,0.0019980342650666445,6e6b33d981e490f4fe31207660a60e0affc2b144bd095a255a47c4b8a295e2df,Pa,pCO2,True
F1,packet,vle_obs_0147,vle_obs_0147-pco2,Hilliard2008,pressure,true-species-vapor-partial-pressure,pCO2,332.921,0.4849096981939639,4860.0,6420.106495260048,0.9279875589954125,0.27839626769862375,0.43058045482513213,6e6b33d981e490f4fe31207660a60e0affc2b144bd095a255a47c4b8a295e2df,Pa,pCO2,True
F1,packet,vle_obs_0148,vle_obs_0148-pco2,Hilliard2008,pressure,true-species-vapor-partial-pressure,pCO2,333.256,0.5439108782175645,25800.0,32986.36676364096,0.8190661860111811,0.24571985580335431,0.33543470853345136,6e6b33d981e490f4fe31207660a60e0affc2b144bd095a255a47c4b8a295e2df,Pa,pCO2,False
F1,packet,vle_obs_0149,vle_obs_0149-pco2,Hilliard2008,pressure,true-species-vapor-partial-pressure,pCO2,333.09499999999997,0.5649112982259645,50200.0,52870.990867097,0.17279928316520085,0.05183978494956026,0.014929796131203633,6e6b33d981e490f4fe31207660a60e0affc2b144bd095a255a47c4b8a295e2df,Pa,pCO2,True
F1,packet,vle_obs_0186,vle_obs_0186-pco2,Jou1995,pressure,true-species-vapor-partial-pressure,pCO2,313.15,0.08870177403548071,1.47,1.7805500840375574,0.6388665058257439,0.19165995174772316,0.20407520613299762,6e6b33d981e490f4fe31207660a60e0affc2b144bd095a255a47c4b8a295e2df,Pa,pCO2,True
F1,packet,vle_obs_0187,vle_obs_0187-pco2,Jou1995,pressure,true-species-vapor-partial-pressure,pCO2,313.15,0.20290405808116166,8.959999999999999,10.237076369632524,0.44415280360162374,0.13324584108048712,0.09863585647359127,6e6b33d981e490f4fe31207660a60e0affc2b144bd095a255a47c4b8a295e2df,Pa,pCO2,True
F1,packet,vle_obs_0188,vle_obs_0188-pco2,Jou1995,pressure,true-species-vapor-partial-pressure,pCO2,313.15,0.36490729814596295,67.7,78.45653328739262,0.49152858476199446,0.14745857542859833,0.12080017481906459,6e6b33d981e490f4fe31207660a60e0affc2b144bd095a255a47c4b8a295e2df,Pa,pCO2,True
F1,packet,vle_obs_0189,vle_obs_0189-pco2,Jou1995,pressure,true-species-vapor-partial-pressure,pCO2,313.15,0.4734094681893638,604.0,793.8312184883571,0.9109888984750425,0.27329666954251275,0.41495038657238564,6e6b33d981e490f4fe31207660a60e0affc2b144bd095a255a47c4b8a295e2df,Pa,pCO2,True
F1,packet,vle_obs_0190,vle_obs_0190-pco2,Jou1995,pressure,true-species-vapor-partial-pressure,pCO2,313.15,0.5129102582051641,2570.0,3002.8886164503797,0.5188959954902375,0.15566879864707123,0.13462652706790226,6e6b33d981e490f4fe31207660a60e0affc2b144bd095a255a47c4b8a295e2df,Pa,pCO2,True
F1,packet,vle_obs_0191,vle_obs_0191-pco2,Jou1995,pressure,true-species-vapor-partial-pressure,pCO2,313.15,0.5569111382227645,8090.0,11557.282876523992,1.188956864209892,0.35668705926296757,0.7068092124759098,6e6b33d981e490f4fe31207660a60e0affc2b144bd095a255a47c4b8a295e2df,Pa,pCO2,True
F1,packet,vle_obs_0192,vle_obs_0192-pco2,Jou1995,pressure,true-species-vapor-partial-pressure,pCO2,313.15,0.6089121782435649,36100.0,35727.16174989002,-0.03460544169981267,-0.010381632509943799,0.0005987682976195668,6e6b33d981e490f4fe31207660a60e0affc2b144bd095a255a47c4b8a295e2df,Pa,pCO2,True
F1,packet,vle_obs_0193,vle_obs_0193-pco2,Jou1995,pressure,true-species-vapor-partial-pressure,pCO2,313.15,0.6419128382567652,103000.0,61086.96120990349,-1.7414351521506375,-0.5224305456451912,1.516298194572957,6e6b33d981e490f4fe31207660a60e0affc2b144bd095a255a47c4b8a295e2df,Pa,pCO2,True
F1,packet,vle_obs_0194,vle_obs_0194-pco2,Jou1995,pressure,true-species-vapor-partial-pressure,pCO2,333.15,0.05630112602252045,4.28,4.655666086261952,0.2804399379850545,0.08413198139551635,0.03932327940853061,6e6b33d981e490f4fe31207660a60e0affc2b144bd095a255a47c4b8a295e2df,Pa,pCO2,True
F1,packet,vle_obs_0195,vle_obs_0195-pco2,Jou1995,pressure,true-species-vapor-partial-pressure,pCO2,333.15,0.11890237804756094,19.3,19.41587999530598,0.019953972609611285,0.005986191782883385,0.00019908051145255872,6e6b33d981e490f4fe31207660a60e0affc2b144bd095a255a47c4b8a295e2df,Pa,pCO2,True
F1,packet,vle_obs_0196,vle_obs_0196-pco2,Jou1995,pressure,true-species-vapor-partial-pressure,pCO2,333.15,0.20590411808236164,57.9,68.20006150440311,0.545760273647176,0.1637280820941528,0.14892713814572026,6e6b33d981e490f4fe31207660a60e0affc2b144bd095a255a47c4b8a295e2df,Pa,pCO2,True
F1,packet,vle_obs_0197,vle_obs_0197-pco2,Jou1995,pressure,true-species-vapor-partial-pressure,pCO2,333.15,0.38890777815556316,528.0,797.3883154951238,1.3741516595982064,0.4122454978794619,0.9441463917882524,6e6b33d981e490f4fe31207660a60e0affc2b144bd095a255a47c4b8a295e2df,Pa,pCO2,True
F1,packet,vle_obs_0198,vle_obs_0198-pco2,Jou1995,pressure,true-species-vapor-partial-pressure,pCO2,333.15,0.4379087581751635,2009.9999999999998,2045.4529655738706,0.058281806515378606,0.017484541954613582,0.001698384485348014,6e6b33d981e490f4fe31207660a60e0affc2b144bd095a255a47c4b8a295e2df,Pa,pCO2,True
F1,packet,vle_obs_0199,vle_obs_0199-pco2,Jou1995,pressure,true-species-vapor-partial-pressure,pCO2,333.15,0.5039100782015641,11000.0,11277.976423046919,0.08318854019453005,0.024956562058359014,0.003460166609848471,6e6b33d981e490f4fe31207660a60e0affc2b144bd095a255a47c4b8a295e2df,Pa,pCO2,True
F1,packet,vle_obs_0200,vle_obs_0200-pco2,Jou1995,pressure,true-species-vapor-partial-pressure,pCO2,333.15,0.5609112182243645,34000.0,48659.58496840246,1.1949609449597696,0.3584882834879308,0.7139658299895727,6e6b33d981e490f4fe31207660a60e0affc2b144bd095a255a47c4b8a295e2df,Pa,pCO2,True
F1,packet,vle_obs_0201,vle_obs_0201-pco2,Jou1995,pressure,true-species-vapor-partial-pressure,pCO2,333.15,0.5789115782315646,82000.0,70561.91319553445,-0.5007624049470764,-0.1502287214841229,0.12538149310418983,6e6b33d981e490f4fe31207660a60e0affc2b144bd095a255a47c4b8a295e2df,Pa,pCO2,True
F1,packet,vle_obs_0202,vle_obs_0202-pco2,Jou1995,pressure,true-species-vapor-partial-pressure,pCO2,333.15,0.6679133582671654,282000.0,260339.99560796437,-0.2663953959006093,-0.07991861877018279,0.03548325347852118,6e6b33d981e490f4fe31207660a60e0affc2b144bd095a255a47c4b8a295e2df,Pa,pCO2,True
F1,packet,vle_obs_0203,vle_obs_0203-pco2,Jou1995,pressure,true-species-vapor-partial-pressure,pCO2,353.15,0.01730034600692014,2.96,3.0763590619951295,0.12852502220820003,0.03855750666246001,0.008259340666809155,6e6b33d981e490f4fe31207660a60e0affc2b144bd095a255a47c4b8a295e2df,Pa,pCO2,False
F1,packet,vle_obs_0204,vle_obs_0204-pco2,Jou1995,pressure,true-species-vapor-partial-pressure,pCO2,353.15,0.023500470009400188,4.84,5.275211183043793,0.28701330844155953,0.08610399253246785,0.04118831961128489,6e6b33d981e490f4fe31207660a60e0affc2b144bd095a255a47c4b8a295e2df,Pa,pCO2,False
F1,packet,vle_obs_0205,vle_obs_0205-pco2,Jou1995,pressure,true-species-vapor-partial-pressure,pCO2,353.15,0.07800156003120062,46.5,46.15010331409735,-0.025177043294303536,-0.007553112988291061,0.00031694175452161733,6e6b33d981e490f4fe31207660a60e0affc2b144bd095a255a47c4b8a295e2df,Pa,pCO2,False
F1,packet,vle_obs_0206,vle_obs_0206-pco2,Jou1995,pressure,true-species-vapor-partial-pressure,pCO2,353.15,0.11790235804716094,99.2,104.9062422333861,0.18643001951875138,0.055929005855625415,0.01737807608888101,6e6b33d981e490f4fe31207660a60e0affc2b144bd095a255a47c4b8a295e2df,Pa,pCO2,False
F1,packet,vle_obs_0207,vle_obs_0207-pco2,Jou1995,pressure,true-species-vapor-partial-pressure,pCO2,353.15,0.18690373807476152,278.0,300.1039443319854,0.2550259402048828,0.07650778206146483,0.03251911508869222,6e6b33d981e490f4fe31207660a60e0affc2b144bd095a255a47c4b8a295e2df,Pa,pCO2,False
F1,packet,vle_obs_0208,vle_obs_0208-pco2,Jou1995,pressure,true-species-vapor-partial-pressure,pCO2,353.15,0.3479069581391628,2670.0,2502.427658242368,-0.2160571613933848,-0.06481714841801543,0.023340348494683562,6e6b33d981e490f4fe31207660a60e0affc2b144bd095a255a47c4b8a295e2df,Pa,pCO2,False
F1,packet,vle_obs_0209,vle_obs_0209-pco2,Jou1995,pressure,true-species-vapor-partial-pressure,pCO2,353.15,0.4599091981839637,16000.0,18494.532500731904,0.48295475220939793,0.14488642566281937,0.11662264634082048,6e6b33d981e490f4fe31207660a60e0affc2b144bd095a255a47c4b8a295e2df,Pa,pCO2,False
F1,packet,vle_obs_0210,vle_obs_0210-pco2,Jou1995,pressure,true-species-vapor-partial-pressure,pCO2,353.15,0.5169103382067641,56000.0,68281.86664427728,0.6609751496665779,0.19829254489997336,0.21844407423837753,6e6b33d981e490f4fe31207660a60e0affc2b144bd095a255a47c4b8a295e2df,Pa,pCO2,False
F1,packet,vle_obs_0211,vle_obs_0211-pco2,Jou1995,pressure,true-species-vapor-partial-pressure,pCO2,353.15,0.5784115682313646,235000.0,224660.7575090581,-0.1499799804477593,-0.04499399413432779,0.011246997267555129,6e6b33d981e490f4fe31207660a60e0affc2b144bd095a255a47c4b8a295e2df,Pa,pCO2,False
F1,packet,vle_obs_0212,vle_obs_0212-pco2,Jou1995,pressure,true-species-vapor-partial-pressure,pCO2,353.15,0.6399127982559651,558000.0,499348.75034409063,-0.3701807075348405,-0.11105421226045215,0.06851687811549756,6e6b33d981e490f4fe31207660a60e0affc2b144bd095a255a47c4b8a295e2df,Pa,pCO2,False
F1,packet,vle_obs_0213,vle_obs_0213-pco2,Jou1995,pressure,true-species-vapor-partial-pressure,pCO2,353.15,0.6889137782755654,958000.0,774724.0727543812,-0.707802823895715,-0.2123408471687145,0.25049241875737427,6e6b33d981e490f4fe31207660a60e0affc2b144bd095a255a47c4b8a295e2df,Pa,pCO2,False
F1,packet,vle_obs_0214,vle_obs_0214-pco2,Jou1995,pressure,true-species-vapor-partial-pressure,pCO2,373.15,0.011600232004640094,7.24,7.409704828873257,0.0772313265227168,0.023169397956815038,0.00298233889822925,6e6b33d981e490f4fe31207660a60e0affc2b144bd095a255a47c4b8a295e2df,Pa,pCO2,False
F1,packet,vle_obs_0215,vle_obs_0215-pco2,Jou1995,pressure,true-species-vapor-partial-pressure,pCO2,373.15,0.056501130022600446,136.0,123.82746148801542,-0.31255242898273633,-0.0937657286948209,0.04884451043150422,6e6b33d981e490f4fe31207660a60e0affc2b144bd095a255a47c4b8a295e2df,Pa,pCO2,False
F1,packet,vle_obs_0216,vle_obs_0216-pco2,Jou1995,pressure,true-species-vapor-partial-pressure,pCO2,373.15,0.18790375807516152,1430.0,1541.9406183175038,0.25122440202029545,0.07536732060608863,0.03155685008522751,6e6b33d981e490f4fe31207660a60e0affc2b144bd095a255a47c4b8a295e2df,Pa,pCO2,False
F1,packet,vle_obs_0217,vle_obs_0217-pco2,Jou1995,pressure,true-species-vapor-partial-pressure,pCO2,373.15,0.38090761815236307,19000.0,21418.302703815858,0.39935614620932797,0.11980684386279838,0.07974266575758307,6e6b33d981e490f4fe31207660a60e0affc2b144bd095a255a47c4b8a295e2df,Pa,pCO2,False
F1,packet,vle_obs_0218,vle_obs_0218-pco2,Jou1995,pressure,true-species-vapor-partial-pressure,pCO2,373.15,0.4219084381687634,39000.0,42263.87328252472,0.26790338497062643,0.08037101549118793,0.03588611183935984,6e6b33d981e490f4fe31207660a60e0affc2b144bd095a255a47c4b8a295e2df,Pa,pCO2,False
F1,packet,vle_obs_0219,vle_obs_0219-pco2,Jou1995,pressure,true-species-vapor-partial-pressure,pCO2,373.15,0.4769095381907638,69000.0,116980.8630599189,1.7596795107735905,0.5279038532320771,1.5482359903181915,6e6b33d981e490f4fe31207660a60e0affc2b144bd095a255a47c4b8a295e2df,Pa,pCO2,False
F1,packet,vle_obs_0220,vle_obs_0220-pco2,Jou1995,pressure,true-species-vapor-partial-pressure,pCO2,373.15,0.48090961819236383,109000.0,126194.42003480806,0.48825283881786413,0.14647585164535923,0.11919541730685161,6e6b33d981e490f4fe31207660a60e0affc2b144bd095a255a47c4b8a295e2df,Pa,pCO2,False
F1,packet,vle_obs_0221,vle_obs_0221-pco2,Jou1995,pressure,true-species-vapor-partial-pressure,pCO2,373.15,0.5709114182283646,509000.0,547783.458205665,0.24477347681905332,0.07343204304571599,0.029957027477043815,6e6b33d981e490f4fe31207660a60e0affc2b144bd095a255a47c4b8a295e2df,Pa,pCO2,False
F1,packet,vle_obs_0222,vle_obs_0222-pco2,Jou1995,pressure,true-species-vapor-partial-pressure,pCO2,373.15,0.5889117782355647,376000.0,678935.9000185078,1.9697919206838597,0.5909375762051579,1.9400401053957044,6e6b33d981e490f4fe31207660a60e0affc2b144bd095a255a47c4b8a295e2df,Pa,pCO2,False
F1,packet,vle_obs_0223,vle_obs_0223-pco2,Jou1995,pressure,true-species-vapor-partial-pressure,pCO2,373.15,0.613412268245365,909000.0,874623.1714312478,-0.12850653934157558,-0.038551961802472674,0.008256965326773955,6e6b33d981e490f4fe31207660a60e0affc2b144bd095a255a47c4b8a295e2df,Pa,pCO2,False
F1,packet,vle_obs_0224,vle_obs_0224-pco2,Jou1995,pressure,true-species-vapor-partial-pressure,pCO2,393.15,0.003230064601292026,2.02,3.5195528517945367,1.8507881312920536,0.555236439387616,1.7127083534657659,6e6b33d981e490f4fe31207660a60e0affc2b144bd095a255a47c4b8a295e2df,Pa,pCO2,False
F1,packet,vle_obs_0225,vle_obs_0225-pco2,Jou1995,pressure,true-species-vapor-partial-pressure,pCO2,393.15,0.011100222004440089,22.1,30.68089520721472,1.0935418213426882,0.3280625464028064,0.5979168575127419,6e6b33d981e490f4fe31207660a60e0affc2b144bd095a255a47c4b8a295e2df,Pa,pCO2,False
F1,packet,vle_obs_0226,vle_obs_0226-pco2,Jou1995,pressure,true-species-vapor-partial-pressure,pCO2,393.15,0.024600492009840196,98.4,124.68850405136556,0.789259518452778,0.2367778555358334,0.3114652937341555,6e6b33d981e490f4fe31207660a60e0affc2b144bd095a255a47c4b8a295e2df,Pa,pCO2,False
F1,packet,vle_obs_0227,vle_obs_0227-pco2,Jou1995,pressure,true-species-vapor-partial-pressure,pCO2,393.15,0.11890237804756094,2290.0,2416.464358853946,0.17917881850156922,0.05375364555047076,0.01605252449980914,6e6b33d981e490f4fe31207660a60e0affc2b144bd095a255a47c4b8a295e2df,Pa,pCO2,False
F1,packet,vle_obs_0228,vle_obs_0228-pco2,Jou1995,pressure,true-species-vapor-partial-pressure,pCO2,393.15,0.3489069781395628,46800.0,61115.38699668282,0.8896015485186842,0.26688046455560527,0.39569545756342045,6e6b33d981e490f4fe31207660a60e0affc2b144bd095a255a47c4b8a295e2df,Pa,pCO2,False
F1,packet,vle_obs_0229,vle_obs_0229-pco2,Jou1995,pressure,true-species-vapor-partial-pressure,pCO2,393.15,0.4114082281645633,122000.0,151785.87551936795,0.7281658975156188,0.21844976925468562,0.2651127871523633,6e6b33d981e490f4fe31207660a60e0affc2b144bd095a255a47c4b8a295e2df,Pa,pCO2,False
F1,packet,vle_obs_0230,vle_obs_0230-pco2,Jou1995,pressure,true-species-vapor-partial-pressure,pCO2,393.15,0.4439088781775636,222000.0,248510.0325440731,0.3760194508673901,0.11280583526021702,0.0706953137153068,6e6b33d981e490f4fe31207660a60e0affc2b144bd095a255a47c4b8a295e2df,Pa,pCO2,False
F1,packet,vle_obs_0231,vle_obs_0231-pco2,Jou1995,pressure,true-species-vapor-partial-pressure,pCO2,393.15,0.4729094581891638,422000.0,382328.2284539073,-0.3290861252390525,-0.09872583757171575,0.054148838912426674,6e6b33d981e490f4fe31207660a60e0affc2b144bd095a255a47c4b8a295e2df,Pa,pCO2,False
F1,packet,vle_obs_0232,vle_obs_0232-pco2,Jou1995,pressure,true-species-vapor-partial-pressure,pCO2,393.15,0.5359107182143643,822000.0,860857.5772515682,0.15396226728497478,0.04618868018549243,0.011852189873765007,6e6b33d981e490f4fe31207660a60e0affc2b144bd095a255a47c4b8a295e2df,Pa,pCO2,False
F1,packet,vle_obs_0233,vle_obs_0233-pco2,Jou1995,pressure,true-species-vapor-partial-pressure,pCO2,393.15,0.6389127782555651,2804000.0,2032729.3224568719,-1.0722252844001043,-0.3216675853200313,0.5748335302534423,6e6b33d981e490f4fe31207660a60e0affc2b144bd095a255a47c4b8a295e2df,Pa,pCO2,False
F2,packet,Bottinger2008_state_030,Bottinger2008_state_030::MEA + MEAH+,Bottinger2008,species,true-species-liquid-mole-fraction-linear-aggregate,MEA + MEAH+,293.15,0.0749014980299606,0.1054,0.10430746290295083,-0.09467392522089815,-0.01041972437886972,0.004481576058366108,d930c3dc9929b7760ebc22772dc5019b03ad9172bf17e0197879b9f7993b8003,mol/mol true liquid species,MEA + MEAH+,True
F2,packet,Bottinger2008_state_030,Bottinger2008_state_030::MEACOO-,Bottinger2008,species,true-species-liquid-mole-fraction,MEACOO-,293.15,0.0749014980299606,0.0086,0.007911405780007917,-0.3702119462323024,-0.08345671539851038,0.06852844256655459,d930c3dc9929b7760ebc22772dc5019b03ad9172bf17e0197879b9f7993b8003,mol/mol true liquid species,MEACOO-,True
F2,packet,Bottinger2008_state_031,Bottinger2008_state_031::MEA + MEAH+,Bottinger2008,species,true-species-liquid-mole-fraction-linear-aggregate,MEA + MEAH+,293.15,0.1499029980599612,0.0966,0.09640185309784327,-0.018587889508136436,-0.002053316780059107,0.0001727548181833443,d930c3dc9929b7760ebc22772dc5019b03ad9172bf17e0197879b9f7993b8003,mol/mol true liquid species,MEA + MEAH+,True
F2,packet,Bottinger2008_state_031,Bottinger2008_state_031::MEACOO-,Bottinger2008,species,true-species-liquid-mole-fraction,MEACOO-,293.15,0.1499029980599612,0.0171,0.015817015043604103,-0.4734261831719178,-0.07799220142421205,0.11206617545636514,d930c3dc9929b7760ebc22772dc5019b03ad9172bf17e0197879b9f7993b8003,mol/mol true liquid species,MEACOO-,True
F2,packet,Bottinger2008_state_032,Bottinger2008_state_032::MEA + MEAH+,Bottinger2008,species,true-species-liquid-mole-fraction-linear-aggregate,MEA + MEAH+,293.15,0.2349046980939619,0.0871,0.08752123467920701,0.043381532359116015,0.0048245621106669315,0.000940978674912515,d930c3dc9929b7760ebc22772dc5019b03ad9172bf17e0197879b9f7993b8003,mol/mol true liquid species,MEA + MEAH+,True
F2,packet,Bottinger2008_state_032,Bottinger2008_state_032::MEACOO-,Bottinger2008,species,true-species-liquid-mole-fraction,MEACOO-,293.15,0.2349046980939619,0.0267,0.024697632164747865,-0.5456043147825983,-0.07795619014288784,0.1488420341546943,d930c3dc9929b7760ebc22772dc5019b03ad9172bf17e0197879b9f7993b8003,mol/mol true liquid species,MEACOO-,True
F2,packet,Bottinger2008_state_033,Bottinger2008_state_033::MEA + MEAH+,Bottinger2008,species,true-species-liquid-mole-fraction-linear-aggregate,MEA + MEAH+,293.15,0.30890617812356247,0.078,0.07990836360941081,0.21685950106941018,0.02417169656707939,0.023514021602036757,d930c3dc9929b7760ebc22772dc5019b03ad9172bf17e0197879b9f7993b8003,mol/mol true liquid species,MEA + MEAH+,True
F2,packet,Bottinger2008_state_033,Bottinger2008_state_033::MEACOO-,Bottinger2008,species,true-species-liquid-mole-fraction,MEACOO-,293.15,0.30890617812356247,0.0349,0.03231050058913453,-0.5767259266960955,-0.07709455617306786,0.16630639726173505,d930c3dc9929b7760ebc22772dc5019b03ad9172bf17e0197879b9f7993b8003,mol/mol true liquid species,MEACOO-,True
F2,packet,Bottinger2008_state_034,Bottinger2008_state_034::MEA + MEAH+,Bottinger2008,species,true-species-liquid-mole-fraction-linear-aggregate,MEA + MEAH+,293.15,0.38790775815516315,0.0678,0.07205708577316532,0.547183261332303,0.0608964678844997,0.1497047607411277,d930c3dc9929b7760ebc22772dc5019b03ad9172bf17e0197879b9f7993b8003,mol/mol true liquid species,MEA + MEAH+,True
F2,packet,Bottinger2008_state_034,Bottinger2008_state_034::MEACOO-,Bottinger2008,species,true-species-liquid-mole-fraction,MEACOO-,293.15,0.38790775815516315,0.043,0.04016176915438094,-0.5355152538903883,-0.06828458863145032,0.14338829357464355,d930c3dc9929b7760ebc22772dc5019b03ad9172bf17e0197879b9f7993b8003,mol/mol true liquid species,MEACOO-,True
F2,packet,Bottinger2008_state_035,Bottinger2008_state_035::MEA + MEAH+,Bottinger2008,species,true-species-liquid-mole-fraction-linear-aggregate,MEA + MEAH+,293.15,0.4739094781895638,0.062,0.06501341236833738,0.41852949560241404,0.04745920769279134,0.08758346934460555,d930c3dc9929b7760ebc22772dc5019b03ad9172bf17e0197879b9f7993b8003,mol/mol true liquid species,MEA + MEAH+,True
F2,packet,Bottinger2008_state_035,Bottinger2008_state_035::MEACOO-,Bottinger2008,species,true-species-liquid-mole-fraction,MEACOO-,293.15,0.4739094781895638,0.0493,0.047205339005353175,-0.3532311963991267,-0.04341708033390522,0.06238613905477921,d930c3dc9929b7760ebc22772dc5019b03ad9172bf17e0197879b9f7993b8003,mol/mol true liquid species,MEACOO-,True
F2,packet,Bottinger2008_state_042,Bottinger2008_state_042::MEA + MEAH+,Bottinger2008,species,true-species-liquid-mole-fraction-linear-aggregate,MEA + MEAH+,313.15,0.124902498049961,0.1009,0.0989770240968178,-0.17339728613004532,-0.019242183989787817,0.015033309418632403,d930c3dc9929b7760ebc22772dc5019b03ad9172bf17e0197879b9f7993b8003,mol/mol true liquid species,MEA + MEAH+,False
F2,packet,Bottinger2008_state_042,Bottinger2008_state_042::MEACOO-,Bottinger2008,species,true-species-liquid-mole-fraction,MEACOO-,313.15,0.124902498049961,0.0144,0.01324184183065139,-0.47465498743795453,-0.08384655467175228,0.1126486785498624,d930c3dc9929b7760ebc22772dc5019b03ad9172bf17e0197879b9f7993b8003,mol/mol true liquid species,MEACOO-,False
F2,packet,Bottinger2008_state_043,Bottinger2008_state_043::MEA + MEAH+,Bottinger2008,species,true-species-liquid-mole-fraction-linear-aggregate,MEA + MEAH+,313.15,0.20490409808196164,0.0934,0.09054495007937134,-0.2761170136004502,-0.031044931876655104,0.0381203025998156,d930c3dc9929b7760ebc22772dc5019b03ad9172bf17e0197879b9f7993b8003,mol/mol true liquid species,MEA + MEAH+,True
F2,packet,Bottinger2008_state_043,Bottinger2008_state_043::MEACOO-,Bottinger2008,species,true-species-liquid-mole-fraction,MEACOO-,313.15,0.20490409808196164,0.0241,0.02167391010857384,-0.711463311268669,-0.10610260243571405,0.2530900216406895,d930c3dc9929b7760ebc22772dc5019b03ad9172bf17e0197879b9f7993b8003,mol/mol true liquid species,MEACOO-,True
F2,packet,Bottinger2008_state_044,Bottinger2008_state_044::MEA + MEAH+,Bottinger2008,species,true-species-liquid-mole-fraction-linear-aggregate,MEA + MEAH+,313.15,0.2359047180943619,0.0876,0.0873012057305961,-0.03061416694712019,-0.0034167238451305775,0.0004686136089330732,d930c3dc9929b7760ebc22772dc5019b03ad9172bf17e0197879b9f7993b8003,mol/mol true liquid species,MEA + MEAH+,True
F2,packet,Bottinger2008_state_044,Bottinger2008_state_044::MEACOO-,Bottinger2008,species,true-species-liquid-mole-fraction,MEACOO-,313.15,0.2359047180943619,0.0271,0.024917650619931474,-0.5882343342502764,-0.08395731529953315,0.17300981599543294,d930c3dc9929b7760ebc22772dc5019b03ad9172bf17e0197879b9f7993b8003,mol/mol true liquid species,MEACOO-,True
F2,packet,Bottinger2008_state_045,Bottinger2008_state_045::MEA + MEAH+,Bottinger2008,species,true-species-liquid-mole-fraction-linear-aggregate,MEA + MEAH+,313.15,0.2799055981119623,0.084,0.08273565843423922,-0.13450442188944545,-0.015166111579336788,0.009045719753906965,d930c3dc9929b7760ebc22772dc5019b03ad9172bf17e0197879b9f7993b8003,mol/mol true liquid species,MEA + MEAH+,True
F2,packet,Bottinger2008_state_045,Bottinger2008_state_045::MEACOO-,Bottinger2008,species,true-species-liquid-mole-fraction,MEACOO-,313.15,0.2799055981119623,0.0327,0.029483189499058465,-0.7533514053727248,-0.10355482447176566,0.2837691699885298,d930c3dc9929b7760ebc22772dc5019b03ad9172bf17e0197879b9f7993b8003,mol/mol true liquid species,MEACOO-,True
F2,packet,Bottinger2008_state_046,Bottinger2008_state_046::MEA + MEAH+,Bottinger2008,species,true-species-liquid-mole-fraction-linear-aggregate,MEA + MEAH+,313.15,0.34290685813716276,0.0758,0.07633815157116344,0.06272162834072686,0.007074541265364647,0.001967001330856136,d930c3dc9929b7760ebc22772dc5019b03ad9172bf17e0197879b9f7993b8003,mol/mol true liquid species,MEA + MEAH+,False
F2,packet,Bottinger2008_state_046,Bottinger2008_state_046::MEACOO-,Bottinger2008,species,true-species-liquid-mole-fraction,MEACOO-,313.15,0.34290685813716276,0.0396,0.03588067093336624,-0.7498647311761615,-0.09863038187548881,0.2811485575309485,d930c3dc9929b7760ebc22772dc5019b03ad9172bf17e0197879b9f7993b8003,mol/mol true liquid species,MEACOO-,False
F2,packet,Bottinger2008_state_047,Bottinger2008_state_047::MEA + MEAH+,Bottinger2008,species,true-species-liquid-mole-fraction-linear-aggregate,MEA + MEAH+,313.15,0.3539070781415628,0.0749,0.07524947688809955,0.041163355488757776,0.004655061428486331,0.0008472109175469225,d930c3dc9929b7760ebc22772dc5019b03ad9172bf17e0197879b9f7993b8003,mol/mol true liquid species,MEA + MEAH+,True
F2,packet,Bottinger2008_state_047,Bottinger2008_state_047::MEACOO-,Bottinger2008,species,true-species-liquid-mole-fraction,MEACOO-,313.15,0.3539070781415628,0.041,0.036969337868176314,-0.7903259082007231,-0.10348320389244953,0.3123075205866489,d930c3dc9929b7760ebc22772dc5019b03ad9172bf17e0197879b9f7993b8003,mol/mol true liquid species,MEACOO-,True
F2,packet,Bottinger2008_state_048,Bottinger2008_state_048::MEA + MEAH+,Bottinger2008,species,true-species-liquid-mole-fraction-linear-aggregate,MEA + MEAH+,313.15,0.4599091981839637,0.065,0.06616457290600242,0.1552763874669886,0.017757897324825907,0.012055378252399187,d930c3dc9929b7760ebc22772dc5019b03ad9172bf17e0197879b9f7993b8003,mol/mol true liquid species,MEA + MEAH+,True
F2,packet,Bottinger2008_state_048,Bottinger2008_state_048::MEACOO-,Bottinger2008,species,true-species-liquid-mole-fraction,MEACOO-,313.15,0.4599091981839637,0.0492,0.046053854901707714,-0.5314434287655889,-0.06608215307995523,0.14121605898906278,d930c3dc9929b7760ebc22772dc5019b03ad9172bf17e0197879b9f7993b8003,mol/mol true liquid species,MEACOO-,True
F2,packet,Bottinger2008_state_049,Bottinger2008_state_049::MEA + MEAH+,Bottinger2008,species,true-species-liquid-mole-fraction-linear-aggregate,MEA + MEAH+,313.15,0.4659093181863638,0.0663,0.06582953923279651,-0.06165934039364183,-0.007121235086420524,0.0019009371288894953,d930c3dc9929b7760ebc22772dc5019b03ad9172bf17e0197879b9f7993b8003,mol/mol true liquid species,MEA + MEAH+,True
F2,packet,Bottinger2008_state_049,Bottinger2008_state_049::MEACOO-,Bottinger2008,species,true-species-liquid-mole-fraction,MEACOO-,313.15,0.4659093181863638,0.0502,0.04638880541239888,-0.633088801927097,-0.07895685923780973,0.20040071556274355,d930c3dc9929b7760ebc22772dc5019b03ad9172bf17e0197879b9f7993b8003,mol/mol true liquid species,MEACOO-,True
F2,packet,Bottinger2008_state_049,Bottinger2008_state_049::HCO3-,Bottinger2008,species,true-species-liquid-mole-fraction-linear-aggregate,HCO3-,313.15,0.4659093181863638,0.004,0.005900271588671715,1.357336849051225,0.38870402071060095,0.9211816608961539,d930c3dc9929b7760ebc22772dc5019b03ad9172bf17e0197879b9f7993b8003,mol/mol true liquid species,HCO3- + CO3^2-,True
F2,packet,Bottinger2008_state_050,Bottinger2008_state_050::MEA + MEAH+,Bottinger2008,species,true-species-liquid-mole-fraction-linear-aggregate,MEA + MEAH+,313.15,0.4869097381947639,0.0646,0.06500223995101954,0.05391956447983104,0.006207319298237715,0.0014536597168473286,d930c3dc9929b7760ebc22772dc5019b03ad9172bf17e0197879b9f7993b8003,mol/mol true liquid species,MEA + MEAH+,True
F2,packet,Bottinger2008_state_050,Bottinger2008_state_050::MEACOO-,Bottinger2008,species,true-species-liquid-mole-fraction,MEACOO-,313.15,0.4869097381947639,0.0511,0.047215614410878834,-0.6357423222784232,-0.07905984553516017,0.20208415016798126,d930c3dc9929b7760ebc22772dc5019b03ad9172bf17e0197879b9f7993b8003,mol/mol true liquid species,MEACOO-,True
F2,packet,Bottinger2008_state_050,Bottinger2008_state_050::HCO3-,Bottinger2008,species,true-species-liquid-mole-fraction-linear-aggregate,HCO3-,313.15,0.4869097381947639,0.0052,0.007425440068162156,1.4641053080014184,0.3562533257844247,1.071802176458964,d930c3dc9929b7760ebc22772dc5019b03ad9172bf17e0197879b9f7993b8003,mol/mol true liquid species,HCO3- + CO3^2-,True
F2,packet,Bottinger2008_state_055,Bottinger2008_state_055::MEA + MEAH+,Bottinger2008,species,true-species-liquid-mole-fraction-linear-aggregate,MEA + MEAH+,333.15,0.13090261805236106,0.0974,0.09837459973061245,0.09074485387452999,0.00995642726872856,0.0041173142523549,d930c3dc9929b7760ebc22772dc5019b03ad9172bf17e0197879b9f7993b8003,mol/mol true liquid species,MEA + MEAH+,True
F2,packet,Bottinger2008_state_055,Bottinger2008_state_055::MEACOO-,Bottinger2008,species,true-species-liquid-mole-fraction,MEACOO-,333.15,0.13090261805236106,0.0147,0.01384425225421511,-0.34645657724084583,-0.059977346983208515,0.060016079956721084,d930c3dc9929b7760ebc22772dc5019b03ad9172bf17e0197879b9f7993b8003,mol/mol true liquid species,MEACOO-,True
F2,packet,Bottinger2008_state_056,Bottinger2008_state_056::MEA + MEAH+,Bottinger2008,species,true-species-liquid-mole-fraction-linear-aggregate,MEA + MEAH+,333.15,0.20290405808116166,0.0905,0.09081816663117448,0.03165837126114253,0.0035094879199836287,0.0005011262354541676,d930c3dc9929b7760ebc22772dc5019b03ad9172bf17e0197879b9f7993b8003,mol/mol true liquid species,MEA + MEAH+,True
F2,packet,Bottinger2008_state_056,Bottinger2008_state_056::MEACOO-,Bottinger2008,species,true-species-liquid-mole-fraction,MEACOO-,333.15,0.20290405808116166,0.0231,0.021400656525361293,-0.5133968201325395,-0.07641101721532477,0.13178814746110157,d930c3dc9929b7760ebc22772dc5019b03ad9172bf17e0197879b9f7993b8003,mol/mol true liquid species,MEACOO-,True
F2,packet,Bottinger2008_state_057,Bottinger2008_state_057::MEA + MEAH+,Bottinger2008,species,true-species-liquid-mole-fraction-linear-aggregate,MEA + MEAH+,333.15,0.27690553811076224,0.0791,0.08316450392946859,0.45617328052397105,0.05010774655563417,0.1040470309320008,d930c3dc9929b7760ebc22772dc5019b03ad9172bf17e0197879b9f7993b8003,mol/mol true liquid species,MEA + MEAH+,True
F2,packet,Bottinger2008_state_057,Bottinger2008_state_057::MEACOO-,Bottinger2008,species,true-species-liquid-mole-fraction,MEACOO-,333.15,0.27690553811076224,0.0302,0.029054251984597265,-0.285011944130034,-0.03867708399337498,0.04061590414839081,d930c3dc9929b7760ebc22772dc5019b03ad9172bf17e0197879b9f7993b8003,mol/mol true liquid species,MEACOO-,True
F2,packet,Bottinger2008_state_058,Bottinger2008_state_058::MEA + MEAH+,Bottinger2008,species,true-species-liquid-mole-fraction-linear-aggregate,MEA + MEAH+,333.15,0.4149082981659633,0.0687,0.07004947550635571,0.17147083943528718,0.01945258610849031,0.014701124388321019,d930c3dc9929b7760ebc22772dc5019b03ad9172bf17e0197879b9f7993b8003,mol/mol true liquid species,MEA + MEAH+,True
F2,packet,Bottinger2008_state_058,Bottinger2008_state_058::MEACOO-,Bottinger2008,species,true-species-liquid-mole-fraction,MEACOO-,333.15,0.4149082981659633,0.0417,0.042168528970759296,0.09062455914106289,0.011173055033900361,0.004106405359756002,d930c3dc9929b7760ebc22772dc5019b03ad9172bf17e0197879b9f7993b8003,mol/mol true liquid species,MEACOO-,True
F2,packet,Bottinger2008_state_058,Bottinger2008_state_058::HCO3-,Bottinger2008,species,true-species-liquid-mole-fraction-linear-aggregate,HCO3-,333.15,0.4149082981659633,0.0042,0.004394239992357979,0.1367887270126615,0.04521006537865868,0.009355577918872217,d930c3dc9929b7760ebc22772dc5019b03ad9172bf17e0197879b9f7993b8003,mol/mol true liquid species,HCO3- + CO3^2-,True
F2,packet,Bottinger2008_state_059,Bottinger2008_state_059::MEA + MEAH+,Bottinger2008,species,true-species-liquid-mole-fraction-linear-aggregate,MEA + MEAH+,333.15,0.4889097781955639,0.068,0.06600352020204735,-0.2559589484554689,-0.02979962817735932,0.03275749164721469,d930c3dc9929b7760ebc22772dc5019b03ad9172bf17e0197879b9f7993b8003,mol/mol true liquid species,MEA + MEAH+,True
F2,packet,Bottinger2008_state_059,Bottinger2008_state_059::MEACOO-,Bottinger2008,species,true-species-liquid-mole-fraction,MEACOO-,333.15,0.4889097781955639,0.0424,0.046210264113169496,0.7271496399178426,0.08605357812607926,0.2643732994163241,d930c3dc9929b7760ebc22772dc5019b03ad9172bf17e0197879b9f7993b8003,mol/mol true liquid species,MEACOO-,True
F2,packet,Bottinger2008_state_059,Bottinger2008_state_059::HCO3-,Bottinger2008,species,true-species-liquid-mole-fraction-linear-aggregate,HCO3-,333.15,0.4889097781955639,0.0072,0.008616966995304997,0.8238180205261608,0.17965214004434585,0.339338065471821,d930c3dc9929b7760ebc22772dc5019b03ad9172bf17e0197879b9f7993b8003,mol/mol true liquid species,HCO3- + CO3^2-,True
F2,packet,Bottinger2008_state_063,Bottinger2008_state_063::MEA + MEAH+,Bottinger2008,species,true-species-liquid-mole-fraction-linear-aggregate,MEA + MEAH+,353.15,0.06390127802556052,0.1084,0.10998372503264006,0.13376056018919472,0.014504311591834117,0.008945943731063591,d930c3dc9929b7760ebc22772dc5019b03ad9172bf17e0197879b9f7993b8003,mol/mol true liquid species,MEA + MEAH+,False
F2,packet,Bottinger2008_state_063,Bottinger2008_state_063::MEACOO-,Bottinger2008,species,true-species-liquid-mole-fraction,MEACOO-,353.15,0.06390127802556052,0.0068,0.0070220127728737435,0.13215046004389516,0.032127284541981736,0.008731872044906566,d930c3dc9929b7760ebc22772dc5019b03ad9172bf17e0197879b9f7993b8003,mol/mol true liquid species,MEACOO-,False
F2,packet,Bottinger2008_state_064,Bottinger2008_state_064::MEA + MEAH+,Bottinger2008,species,true-species-liquid-mole-fraction-linear-aggregate,MEA + MEAH+,353.15,0.14090281805636112,0.1005,0.10156916563516419,0.09675707105558208,0.010582273740623871,0.00468096539962748,d930c3dc9929b7760ebc22772dc5019b03ad9172bf17e0197879b9f7993b8003,mol/mol true liquid species,MEA + MEAH+,False
F2,packet,Bottinger2008_state_064,Bottinger2008_state_064::MEACOO-,Bottinger2008,species,true-species-liquid-mole-fraction,MEACOO-,353.15,0.14090281805636112,0.014,0.015436495350173112,0.5985397292387967,0.0976772041239415,0.17912490373862605,d930c3dc9929b7760ebc22772dc5019b03ad9172bf17e0197879b9f7993b8003,mol/mol true liquid species,MEACOO-,False
F2,packet,Bottinger2008_state_065,Bottinger2008_state_065::MEA + MEAH+,Bottinger2008,species,true-species-liquid-mole-fraction-linear-aggregate,MEA + MEAH+,353.15,0.24490489809796198,0.0906,0.09035841999160166,-0.024013917335819354,-0.0026700073080541437,0.00028833411290578266,d930c3dc9929b7760ebc22772dc5019b03ad9172bf17e0197879b9f7993b8003,mol/mol true liquid species,MEA + MEAH+,False
F2,packet,Bottinger2008_state_065,Bottinger2008_state_065::MEACOO-,Bottinger2008,species,true-species-liquid-mole-fraction,MEACOO-,353.15,0.24490489809796198,0.0224,0.02664694695147464,1.310786096134148,0.17361362426797974,0.8590800949092999,d930c3dc9929b7760ebc22772dc5019b03ad9172bf17e0197879b9f7993b8003,mol/mol true liquid species,MEACOO-,False
F2,packet,Bottinger2008_state_066,Bottinger2008_state_066::MEA + MEAH+,Bottinger2008,species,true-species-liquid-mole-fraction-linear-aggregate,MEA + MEAH+,353.15,0.33590671813436274,0.0858,0.08095566451471736,-0.505671762555599,-0.05811735334324277,0.12785196572304303,d930c3dc9929b7760ebc22772dc5019b03ad9172bf17e0197879b9f7993b8003,mol/mol true liquid species,MEA + MEAH+,False
F2,packet,Bottinger2008_state_066,Bottinger2008_state_066::MEACOO-,Bottinger2008,species,true-species-liquid-mole-fraction,MEACOO-,353.15,0.33590671813436274,0.0337,0.036048827477745994,0.5374891253423325,0.0673765009545422,0.1444472799306328,d930c3dc9929b7760ebc22772dc5019b03ad9172bf17e0197879b9f7993b8003,mol/mol true liquid species,MEACOO-,False
F2,packet,Bottinger2008_state_067,Bottinger2008_state_067::MEA + MEAH+,Bottinger2008,species,true-species-liquid-mole-fraction-linear-aggregate,MEA + MEAH+,353.15,0.39790795815916324,0.0872,0.07519076668025329,-1.2355178312496615,-0.14817589100492182,0.7632521556679336,d930c3dc9929b7760ebc22772dc5019b03ad9172bf17e0197879b9f7993b8003,mol/mol true liquid species,MEA + MEAH+,False
F2,packet,Bottinger2008_state_067,Bottinger2008_state_067::MEACOO-,Bottinger2008,species,true-species-liquid-mole-fraction,MEACOO-,353.15,0.39790795815916324,0.0336,0.041811699544805556,1.8834173267902654,0.2186501268150982,1.7736304134268948,d930c3dc9929b7760ebc22772dc5019b03ad9172bf17e0197879b9f7993b8003,mol/mol true liquid species,MEACOO-,False
F2,packet,Bottinger2008_state_067,Bottinger2008_state_067::HCO3-,Bottinger2008,species,true-species-liquid-mole-fraction-linear-aggregate,HCO3-,353.15,0.39790795815916324,0.0046,0.004727144282648265,0.08708512510155143,0.02726497094061812,0.0037919095069764317,d930c3dc9929b7760ebc22772dc5019b03ad9172bf17e0197879b9f7993b8003,mol/mol true liquid species,HCO3- + CO3^2-,False
F2,packet,Matin2012_state_001,Matin2012_state_001::MEA,Matin2012,species,true-species-liquid-mole-fraction,MEA,293.15,0.10590211804236084,0.0915,0.08877945345890005,-0.26803414198029035,-0.030183729023167495,0.03592115063355522,d930c3dc9929b7760ebc22772dc5019b03ad9172bf17e0197879b9f7993b8003,mol/mol true liquid species,MEA,True
F2,packet,Matin2012_state_001,Matin2012_state_001::MEAH+,Matin2012,species,true-species-liquid-mole-fraction,MEAH+,293.15,0.10590211804236084,0.0115,0.012254375623531901,0.35087238303809365,0.06353603160073457,0.061555714589415354,d930c3dc9929b7760ebc22772dc5019b03ad9172bf17e0197879b9f7993b8003,mol/mol true liquid species,MEAH+,True
F2,packet,Matin2012_state_001,Matin2012_state_001::MEACOO-,Matin2012,species,true-species-liquid-mole-fraction,MEACOO-,293.15,0.10590211804236084,0.0097,0.011185039422465843,0.7538271180029656,0.1424512340099904,0.28412766191832856,d930c3dc9929b7760ebc22772dc5019b03ad9172bf17e0197879b9f7993b8003,mol/mol true liquid species,MEACOO-,True
F2,packet,Matin2012_state_001,Matin2012_state_001::HCO3-,Matin2012,species,true-species-liquid-mole-fraction-linear-aggregate,HCO3-,293.15,0.10590211804236084,0.0024,0.0007101572317084598,-1.3627764260415645,-1.2177376177072896,0.9285797936873098,d930c3dc9929b7760ebc22772dc5019b03ad9172bf17e0197879b9f7993b8003,mol/mol true liquid species,HCO3- + CO3^2-,False
F2,packet,Matin2012_state_002,Matin2012_state_002::MEA,Matin2012,species,true-species-liquid-mole-fraction,MEA,293.15,0.12790255805116105,0.0867,0.08391106270107278,-0.288411302888027,-0.03269642321206901,0.04159053981678463,d930c3dc9929b7760ebc22772dc5019b03ad9172bf17e0197879b9f7993b8003,mol/mol true liquid species,MEA,True
F2,packet,Matin2012_state_002,Matin2012_state_002::MEAH+,Matin2012,species,true-species-liquid-mole-fraction,MEAH+,293.15,0.12790255805116105,0.0139,0.014804418005511685,0.3784175755279019,0.06303680997294298,0.07159993073420767,d930c3dc9929b7760ebc22772dc5019b03ad9172bf17e0197879b9f7993b8003,mol/mol true liquid species,MEAH+,True
F2,packet,Matin2012_state_002,Matin2012_state_002::MEACOO-,Matin2012,species,true-species-liquid-mole-fraction,MEACOO-,293.15,0.12790255805116105,0.0124,0.013503387634828798,0.4925837655485706,0.08524411726748662,0.12131938304100458,d930c3dc9929b7760ebc22772dc5019b03ad9172bf17e0197879b9f7993b8003,mol/mol true liquid species,MEACOO-,True
F2,packet,Matin2012_state_002,Matin2012_state_002::HCO3-,Matin2012,species,true-species-liquid-mole-fraction-linear-aggregate,HCO3-,293.15,0.12790255805116105,0.0022,0.0008606226486908409,-1.0978502879583272,-0.9385565019621037,0.602637627385091,d930c3dc9929b7760ebc22772dc5019b03ad9172bf17e0197879b9f7993b8003,mol/mol true liquid species,HCO3- + CO3^2-,False
F2,packet,Matin2012_state_003,Matin2012_state_003::MEA,Matin2012,species,true-species-liquid-mole-fraction,MEA,293.15,0.1499029980599612,0.0817,0.07904163884945416,-0.2898976172896224,-0.03307921420994688,0.04202031425510018,d930c3dc9929b7760ebc22772dc5019b03ad9172bf17e0197879b9f7993b8003,mol/mol true liquid species,MEA,True
F2,packet,Matin2012_state_003,Matin2012_state_003::MEAH+,Matin2012,species,true-species-liquid-mole-fraction,MEAH+,293.15,0.1499029980599612,0.0162,0.017360214248389225,0.44282986579741435,0.06916980841478529,0.098049145021078,d930c3dc9929b7760ebc22772dc5019b03ad9172bf17e0197879b9f7993b8003,mol/mol true liquid species,MEAH+,True
F2,packet,Matin2012_state_003,Matin2012_state_003::MEACOO-,Matin2012,species,true-species-liquid-mole-fraction,MEACOO-,293.15,0.1499029980599612,0.0151,0.015817015043604048,0.28566336398567616,0.04639151826352,0.04080177876180645,d930c3dc9929b7760ebc22772dc5019b03ad9172bf17e0197879b9f7993b8003,mol/mol true liquid species,MEACOO-,True
F2,packet,Matin2012_state_003,Matin2012_state_003::HCO3-,Matin2012,species,true-species-liquid-mole-fraction-linear-aggregate,HCO3-,293.15,0.1499029980599612,0.002,0.001015808531504198,-0.8201595570798349,-0.6774623024070986,0.3363308495346955,d930c3dc9929b7760ebc22772dc5019b03ad9172bf17e0197879b9f7993b8003,mol/mol true liquid species,HCO3- + CO3^2-,False
F2,packet,Matin2012_state_004,Matin2012_state_004::MEA,Matin2012,species,true-species-liquid-mole-fraction,MEA,293.15,0.17290345806916138,0.0768,0.07395039641015118,-0.3282953444526284,-0.037810090495280044,0.053888916594634975,d930c3dc9929b7760ebc22772dc5019b03ad9172bf17e0197879b9f7993b8003,mol/mol true liquid species,MEA,True
F2,packet,Matin2012_state_004,Matin2012_state_004::MEAH+,Matin2012,species,true-species-liquid-mole-fraction,MEAH+,293.15,0.17290345806916138,0.0186,0.020038438302133563,0.5029504552914563,0.07449076342563231,0.1264795802389416,d930c3dc9929b7760ebc22772dc5019b03ad9172bf17e0197879b9f7993b8003,mol/mol true liquid species,MEAH+,True
F2,packet,Matin2012_state_004,Matin2012_state_004::MEACOO-,Matin2012,species,true-species-liquid-mole-fraction,MEACOO-,293.15,0.17290345806916138,0.0177,0.01823003317304422,0.1913477159004406,0.0295057688043724,0.018306974190157865,d930c3dc9929b7760ebc22772dc5019b03ad9172bf17e0197879b9f7993b8003,mol/mol true liquid species,MEACOO-,True
F2,packet,Matin2012_state_004,Matin2012_state_004::HCO3-,Matin2012,species,true-species-liquid-mole-fraction-linear-aggregate,HCO3-,293.15,0.17290345806916138,0.002,0.0011838220426971524,-0.680148297752373,-0.5243989571706289,0.23130085346772528,d930c3dc9929b7760ebc22772dc5019b03ad9172bf17e0197879b9f7993b8003,mol/mol true liquid species,HCO3- + CO3^2-,False
F2,packet,Matin2012_state_005,Matin2012_state_005::MEA,Matin2012,species,true-species-liquid-mole-fraction,MEA,293.15,0.19490389807796157,0.0718,0.06908079113968713,-0.33242162106514395,-0.03860777032699061,0.05525206707578908,d930c3dc9929b7760ebc22772dc5019b03ad9172bf17e0197879b9f7993b8003,mol/mol true liquid species,MEA,True
F2,packet,Matin2012_state_005,Matin2012_state_005::MEAH+,Matin2012,species,true-species-liquid-mole-fraction,MEAH+,293.15,0.19490389807796157,0.021,0.02260627995622405,0.5181548245884031,0.07370530412414648,0.1342422111221194,d930c3dc9929b7760ebc22772dc5019b03ad9172bf17e0197879b9f7993b8003,mol/mol true liquid species,MEAH+,True
F2,packet,Matin2012_state_005,Matin2012_state_005::MEACOO-,Matin2012,species,true-species-liquid-mole-fraction,MEACOO-,293.15,0.19490389807796157,0.0203,0.02053179648853124,0.0765004912644365,0.01135384668473159,0.002926162581850063,d930c3dc9929b7760ebc22772dc5019b03ad9172bf17e0197879b9f7993b8003,mol/mol true liquid species,MEACOO-,True
F2,packet,Matin2012_state_005,Matin2012_state_005::HCO3-,Matin2012,species,true-species-liquid-mole-fraction-linear-aggregate,HCO3-,293.15,0.19490389807796157,0.002,0.001350871080767257,-0.5409407660272858,-0.39239755117788344,0.1463084561750934,d930c3dc9929b7760ebc22772dc5019b03ad9172bf17e0197879b9f7993b8003,mol/mol true liquid species,HCO3- + CO3^2-,False
F2,packet,Matin2012_state_006,Matin2012_state_006::MEA,Matin2012,species,true-species-liquid-mole-fraction,MEA,293.15,0.21790435808716177,0.0668,0.06399113372206125,-0.3657377966066079,-0.042958542372662736,0.06688206793332824,d930c3dc9929b7760ebc22772dc5019b03ad9172bf17e0197879b9f7993b8003,mol/mol true liquid species,MEA,True
F2,packet,Matin2012_state_006,Matin2012_state_006::MEAH+,Matin2012,species,true-species-liquid-mole-fraction,MEAH+,293.15,0.21790435808716177,0.0234,0.025297231669183278,0.5680334338872088,0.07795894719260871,0.16133099100684703,d930c3dc9929b7760ebc22772dc5019b03ad9172bf17e0197879b9f7993b8003,mol/mol true liquid species,MEAH+,True
F2,packet,Matin2012_state_006,Matin2012_state_006::MEACOO-,Matin2012,species,true-species-liquid-mole-fraction,MEACOO-,293.15,0.21790435808716177,0.0228,0.022930501803726862,0.039787135282579565,0.005707444827262139,0.0007915080669971438,d930c3dc9929b7760ebc22772dc5019b03ad9172bf17e0197879b9f7993b8003,mol/mol true liquid species,MEACOO-,True
F2,packet,Matin2012_state_006,Matin2012_state_006::HCO3-,Matin2012,species,true-species-liquid-mole-fraction-linear-aggregate,HCO3-,293.15,0.21790435808716177,0.0021,0.0015331961644715025,-0.4684329219243779,-0.3145827918574069,0.10971470117130516,d930c3dc9929b7760ebc22772dc5019b03ad9172bf17e0197879b9f7993b8003,mol/mol true liquid species,HCO3- + CO3^2-,False
F2,packet,Matin2012_state_007,Matin2012_state_007::MEA,Matin2012,species,true-species-liquid-mole-fraction,MEA,293.15,0.24090481809636194,0.0618,0.05890414277206021,-0.4033227336963501,-0.04799194059091434,0.08133461375814846,d930c3dc9929b7760ebc22772dc5019b03ad9172bf17e0197879b9f7993b8003,mol/mol true liquid species,MEA,True
F2,packet,Matin2012_state_007,Matin2012_state_007::MEAH+,Matin2012,species,true-species-liquid-mole-fraction,MEAH+,293.15,0.24090481809636194,0.0257,0.027994721413218744,0.6427791073441859,0.08552497954524715,0.2065824904190942,d930c3dc9929b7760ebc22772dc5019b03ad9172bf17e0197879b9f7993b8003,mol/mol true liquid species,MEAH+,True
F2,packet,Matin2012_state_007,Matin2012_state_007::MEACOO-,Matin2012,species,true-species-liquid-mole-fraction,MEACOO-,293.15,0.24090481809636194,0.0252,0.025320002519185023,0.03409162476847226,0.004750702252472177,0.0005811194396771556,d930c3dc9929b7760ebc22772dc5019b03ad9172bf17e0197879b9f7993b8003,mol/mol true liquid species,MEACOO-,True
F2,packet,Matin2012_state_007,Matin2012_state_007::HCO3-,Matin2012,species,true-species-liquid-mole-fraction-linear-aggregate,HCO3-,293.15,0.24090481809636194,0.0023,0.0017247249052965658,-0.4677033290271823,-0.2878415603596979,0.10937320199155438,d930c3dc9929b7760ebc22772dc5019b03ad9172bf17e0197879b9f7993b8003,mol/mol true liquid species,HCO3- + CO3^2-,False
F2,packet,Matin2012_state_008,Matin2012_state_008::MEA,Matin2012,species,true-species-liquid-mole-fraction,MEA,293.15,0.26390527810556214,0.0568,0.053821653332564924,-0.4458602795561495,-0.05386046123156909,0.09939569444294388,d930c3dc9929b7760ebc22772dc5019b03ad9172bf17e0197879b9f7993b8003,mol/mol true liquid species,MEA,True
F2,packet,Matin2012_state_008,Matin2012_state_008::MEAH+,Matin2012,species,true-species-liquid-mole-fraction,MEAH+,293.15,0.26390527810556214,0.0281,0.030698684738518982,0.682069485175586,0.08845023494217132,0.23260939130384445,d930c3dc9929b7760ebc22772dc5019b03ad9172bf17e0197879b9f7993b8003,mol/mol true liquid species,MEAH+,True
F2,packet,Matin2012_state_008,Matin2012_state_008::MEACOO-,Matin2012,species,true-species-liquid-mole-fraction,MEACOO-,293.15,0.26390527810556214,0.0276,0.02769852800486877,0.02620425661403433,0.0035634984397199224,0.00034333153234708096,d930c3dc9929b7760ebc22772dc5019b03ad9172bf17e0197879b9f7993b8003,mol/mol true liquid species,MEACOO-,True
F2,packet,Matin2012_state_008,Matin2012_state_008::HCO3-,Matin2012,species,true-species-liquid-mole-fraction-linear-aggregate,HCO3-,293.15,0.26390527810556214,0.0026,0.0019272275871254501,-0.5339463594242458,-0.29942895819666476,0.14254935737120297,d930c3dc9929b7760ebc22772dc5019b03ad9172bf17e0197879b9f7993b8003,mol/mol true liquid species,HCO3- + CO3^2-,False
F2,packet,Matin2012_state_009,Matin2012_state_009::MEA,Matin2012,species,true-species-liquid-mole-fraction,MEA,293.15,0.2869057381147623,0.0518,0.04874621214871336,-0.49414042901078326,-0.06076265435391688,0.12208738179148046,d930c3dc9929b7760ebc22772dc5019b03ad9172bf17e0197879b9f7993b8003,mol/mol true liquid species,MEA,True
F2,packet,Matin2012_state_009,Matin2012_state_009::MEAH+,Matin2012,species,true-species-liquid-mole-fraction,MEAH+,293.15,0.2869057381147623,0.0304,0.03340895128275377,0.7447899214737057,0.09438125814188764,0.27735601356440437,d930c3dc9929b7760ebc22772dc5019b03ad9172bf17e0197879b9f7993b8003,mol/mol true liquid species,MEAH+,True
F2,packet,Matin2012_state_009,Matin2012_state_009::MEACOO-,Matin2012,species,true-species-liquid-mole-fraction,MEACOO-,293.15,0.2869057381147623,0.0299,0.03006370182096648,0.04102802530488246,0.005460044082870115,0.0008416494302090379,d930c3dc9929b7760ebc22772dc5019b03ad9172bf17e0197879b9f7993b8003,mol/mol true liquid species,MEACOO-,True
F2,packet,Matin2012_state_009,Matin2012_state_009::HCO3-,Matin2012,species,true-species-liquid-mole-fraction-linear-aggregate,HCO3-,293.15,0.2869057381147623,0.003,0.00214308011591656,-0.6591691416026462,-0.33636818794007,0.2172519786205847,d930c3dc9929b7760ebc22772dc5019b03ad9172bf17e0197879b9f7993b8003,mol/mol true liquid species,HCO3- + CO3^2-,False
F2,packet,Matin2012_state_010,Matin2012_state_010::MEA,Matin2012,species,true-species-liquid-mole-fraction,MEA,293.15,0.3099061981239625,0.0469,0.04368147092976844,-0.5656465852779533,-0.07109366945051708,0.15997802971830444,d930c3dc9929b7760ebc22772dc5019b03ad9172bf17e0197879b9f7993b8003,mol/mol true liquid species,MEA,True
F2,packet,Matin2012_state_010,Matin2012_state_010::MEAH+,Matin2012,species,true-species-liquid-mole-fraction,MEAH+,293.15,0.3099061981239625,0.0327,0.0361251891147012,0.8021520174944267,0.09961530352471566,0.32172392958518947,d930c3dc9929b7760ebc22772dc5019b03ad9172bf17e0197879b9f7993b8003,mol/mol true liquid species,MEAH+,True
F2,packet,Matin2012_state_010,Matin2012_state_010::MEACOO-,Matin2012,species,true-species-liquid-mole-fraction,MEACOO-,293.15,0.3099061981239625,0.0321,0.032412204098093714,0.07415774301513471,0.00967899143434374,0.0027496854245493804,d930c3dc9929b7760ebc22772dc5019b03ad9172bf17e0197879b9f7993b8003,mol/mol true liquid species,MEACOO-,True
F2,packet,Matin2012_state_010,Matin2012_state_010::HCO3-,Matin2012,species,true-species-liquid-mole-fraction-linear-aggregate,HCO3-,293.15,0.3099061981239625,0.0034,0.0023756015053070906,-0.7644764885767978,-0.35852476080931733,0.29221215079335544,d930c3dc9929b7760ebc22772dc5019b03ad9172bf17e0197879b9f7993b8003,mol/mol true liquid species,HCO3- + CO3^2-,False
F2,packet,Matin2012_state_011,Matin2012_state_011::MEA,Matin2012,species,true-species-liquid-mole-fraction,MEA,293.15,0.33390667813356273,0.0419,0.038413846567226045,-0.6717058637329392,-0.08686784464234899,0.22559438368660692,d930c3dc9929b7760ebc22772dc5019b03ad9172bf17e0197879b9f7993b8003,mol/mol true liquid species,MEA,True
F2,packet,Matin2012_state_011,Matin2012_state_011::MEAH+,Matin2012,species,true-species-liquid-mole-fraction,MEAH+,293.15,0.33390667813356273,0.0349,0.03896525063531513,0.9054010323641707,0.11018341038559136,0.40987551470305306,d930c3dc9929b7760ebc22772dc5019b03ad9172bf17e0197879b9f7993b8003,mol/mol true liquid species,MEAH+,True
F2,packet,Matin2012_state_011,Matin2012_state_011::MEACOO-,Matin2012,species,true-species-liquid-mole-fraction,MEACOO-,293.15,0.33390667813356273,0.0342,0.03483976530948402,0.1447432826886928,0.01853377165551162,0.010475308941749419,d930c3dc9929b7760ebc22772dc5019b03ad9172bf17e0197879b9f7993b8003,mol/mol true liquid species,MEACOO-,True
F2,packet,Matin2012_state_011,Matin2012_state_011::HCO3-,Matin2012,species,true-species-liquid-mole-fraction-linear-aggregate,HCO3-,293.15,0.33390667813356273,0.004,0.002641277958756538,-0.9705157437453299,-0.4150314858017426,0.47095040442877545,d930c3dc9929b7760ebc22772dc5019b03ad9172bf17e0197879b9f7993b8003,mol/mol true liquid species,HCO3- + CO3^2-,False
F2,packet,Matin2012_state_012,Matin2012_state_012::MEA,Matin2012,species,true-species-liquid-mole-fraction,MEA,293.15,0.3579071581431629,0.0371,0.033173577281563366,-0.8336353966956762,-0.11186327557279215,0.3474739873119787,d930c3dc9929b7760ebc22772dc5019b03ad9172bf17e0197879b9f7993b8003,mol/mol true liquid species,MEA,True
F2,packet,Matin2012_state_012,Matin2012_state_012::MEAH+,Matin2012,species,true-species-liquid-mole-fraction,MEAH+,293.15,0.3579071581431629,0.0372,0.041810003554796624,0.9766956683891158,0.1168268691120104,0.47696721432503086,d930c3dc9929b7760ebc22772dc5019b03ad9172bf17e0197879b9f7993b8003,mol/mol true liquid species,MEAH+,True
F2,packet,Matin2012_state_012,Matin2012_state_012::MEACOO-,Matin2012,species,true-species-liquid-mole-fraction,MEACOO-,293.15,0.3579071581431629,0.0362,0.037235279249719457,0.22408641768819335,0.028197559959521022,0.025107361296163727,d930c3dc9929b7760ebc22772dc5019b03ad9172bf17e0197879b9f7993b8003,mol/mol true liquid species,MEACOO-,True
F2,packet,Matin2012_state_012,Matin2012_state_012::HCO3-,Matin2012,species,true-species-liquid-mole-fraction-linear-aggregate,HCO3-,293.15,0.3579071581431629,0.0046,0.0029389942323370085,-1.137675183330816,-0.4479888785178303,0.647152411383403,d930c3dc9929b7760ebc22772dc5019b03ad9172bf17e0197879b9f7993b8003,mol/mol true liquid species,HCO3- + CO3^2-,False
F2,packet,Matin2012_state_013,Matin2012_state_013::MEA,Matin2012,species,true-species-liquid-mole-fraction,MEA,293.15,0.3819076381527631,0.0322,0.027977106446479574,-1.0006856761896743,-0.14057990372579565,0.5006859112655928,d930c3dc9929b7760ebc22772dc5019b03ad9172bf17e0197879b9f7993b8003,mol/mol true liquid species,MEA,True
F2,packet,Matin2012_state_013,Matin2012_state_013::MEAH+,Matin2012,species,true-species-liquid-mole-fraction,MEAH+,293.15,0.3819076381527631,0.0394,0.044657366383053114,1.0642442070957725,0.12525345799431664,0.5663078661684547,d930c3dc9929b7760ebc22772dc5019b03ad9172bf17e0197879b9f7993b8003,mol/mol true liquid species,MEAH+,True
F2,packet,Matin2012_state_013,Matin2012_state_013::MEACOO-,Matin2012,species,true-species-liquid-mole-fraction,MEACOO-,293.15,0.3819076381527631,0.0381,0.039584383412077324,0.3086036199744953,0.03822040006722761,0.04761809713068136,d930c3dc9929b7760ebc22772dc5019b03ad9172bf17e0197879b9f7993b8003,mol/mol true liquid species,MEACOO-,True
F2,packet,Matin2012_state_013,Matin2012_state_013::HCO3-,Matin2012,species,true-species-liquid-mole-fraction-linear-aggregate,HCO3-,293.15,0.3819076381527631,0.0053,0.0032831069847855084,-1.3182307288983603,-0.4789165950625734,0.8688661273059513,d930c3dc9929b7760ebc22772dc5019b03ad9172bf17e0197879b9f7993b8003,mol/mol true liquid species,HCO3- + CO3^2-,False
F2,packet,Matin2012_state_014,Matin2012_state_014::MEA,Matin2012,species,true-species-liquid-mole-fraction,MEA,293.15,0.4059081181623633,0.0274,0.022854144146879397,-1.2154694794440115,-0.18141054939616708,0.7386830277299482,d930c3dc9929b7760ebc22772dc5019b03ad9172bf17e0197879b9f7993b8003,mol/mol true liquid species,MEA,True
F2,packet,Matin2012_state_014,Matin2012_state_014::MEAH+,Matin2012,species,true-species-liquid-mole-fraction,MEAH+,293.15,0.4059081181623633,0.0415,0.04750347749686673,1.1657237857993648,0.13510949158454016,0.6794559723892016,d930c3dc9929b7760ebc22772dc5019b03ad9172bf17e0197879b9f7993b8003,mol/mol true liquid species,MEAH+,True
F2,packet,Matin2012_state_014,Matin2012_state_014::MEACOO-,Matin2012,species,true-species-liquid-mole-fraction,MEACOO-,293.15,0.4059081181623633,0.04,0.041861227977573766,0.372245595514753,0.045480597819410586,0.06928339169006655,d930c3dc9929b7760ebc22772dc5019b03ad9172bf17e0197879b9f7993b8003,mol/mol true liquid species,MEACOO-,True
F2,packet,Matin2012_state_014,Matin2012_state_014::HCO3-,Matin2012,species,true-species-liquid-mole-fraction-linear-aggregate,HCO3-,293.15,0.4059081181623633,0.0061,0.003699453286802932,-1.4910228032279926,-0.5001037227702508,1.1115744998729307,d930c3dc9929b7760ebc22772dc5019b03ad9172bf17e0197879b9f7993b8003,mol/mol true liquid species,HCO3- + CO3^2-,False
F2,packet,Matin2012_state_015,Matin2012_state_015::MEA,Matin2012,species,true-species-liquid-mole-fraction,MEA,293.15,0.4309086181723635,0.0227,0.017659201649890193,-1.541528547434192,-0.2511079370213808,1.188155131277285,d930c3dc9929b7760ebc22772dc5019b03ad9172bf17e0197879b9f7993b8003,mol/mol true liquid species,MEA,True
F2,packet,Matin2012_state_015,Matin2012_state_015::MEAH+,Matin2012,species,true-species-liquid-mole-fraction,MEAH+,293.15,0.4309086181723635,0.0436,0.050458559949100715,1.2795820800561035,0.1460952539865775,0.8186651498003522,d930c3dc9929b7760ebc22772dc5019b03ad9172bf17e0197879b9f7993b8003,mol/mol true liquid species,MEAH+,True
F2,packet,Matin2012_state_015,Matin2012_state_015::MEACOO-,Matin2012,species,true-species-liquid-mole-fraction,MEACOO-,293.15,0.4309086181723635,0.0417,0.04410107451406953,0.46442447080648475,0.05598301874961508,0.1078450445419417,d930c3dc9929b7760ebc22772dc5019b03ad9172bf17e0197879b9f7993b8003,mol/mol true liquid species,MEACOO-,True
F2,packet,Matin2012_state_015,Matin2012_state_015::HCO3-,Matin2012,species,true-species-liquid-mole-fraction-linear-aggregate,HCO3-,293.15,0.4309086181723635,0.007,0.0042649517945546715,-1.6088518855560756,-0.4954792707418592,1.29420219482867,d930c3dc9929b7760ebc22772dc5019b03ad9172bf17e0197879b9f7993b8003,mol/mol true liquid species,HCO3- + CO3^2-,False
F2,packet,Matin2012_state_016,Matin2012_state_016::MEA,Matin2012,species,true-species-liquid-mole-fraction,MEA,293.15,0.4549090981819637,0.0181,0.012937802969850963,-1.8370807936473446,-0.3357584495608936,1.6874329211939787,d930c3dc9929b7760ebc22772dc5019b03ad9172bf17e0197879b9f7993b8003,mol/mol true liquid species,MEA,False
F2,packet,Matin2012_state_016,Matin2012_state_016::MEAH+,Matin2012,species,true-species-liquid-mole-fraction,MEAH+,293.15,0.4549090981819637,0.0457,0.05326933181331769,1.3589464655866588,0.1532624795545041,0.9233677481652359,d930c3dc9929b7760ebc22772dc5019b03ad9172bf17e0197879b9f7993b8003,mol/mol true liquid species,MEAH+,False
F2,packet,Matin2012_state_016,Matin2012_state_016::MEACOO-,Matin2012,species,true-species-liquid-mole-fraction,MEACOO-,293.15,0.4549090981819637,0.0433,0.04601167178642878,0.5087564327258504,0.060742463783082255,0.12941655391996634,d930c3dc9929b7760ebc22772dc5019b03ad9172bf17e0197879b9f7993b8003,mol/mol true liquid species,MEACOO-,False
F2,packet,Matin2012_state_016,Matin2012_state_016::HCO3-,Matin2012,species,true-species-liquid-mole-fraction-linear-aggregate,HCO3-,293.15,0.4549090981819637,0.008,0.00504732988018518,-1.6403722887860115,-0.4605821748200473,1.345410622908529,d930c3dc9929b7760ebc22772dc5019b03ad9172bf17e0197879b9f7993b8003,mol/mol true liquid species,HCO3- + CO3^2-,False
F2,packet,Matin2012_state_017,Matin2012_state_017::MEA,Matin2012,species,true-species-liquid-mole-fraction,MEA,293.15,0.4799095981919638,0.0135,0.008596096148854173,-2.0867675962322667,-0.4513815214248863,2.1772995003424964,d930c3dc9929b7760ebc22772dc5019b03ad9172bf17e0197879b9f7993b8003,mol/mol true liquid species,MEA,True
F2,packet,Matin2012_state_017,Matin2012_state_017::MEAH+,Matin2012,species,true-species-liquid-mole-fraction,MEAH+,293.15,0.4799095981919638,0.0477,0.05613205816205029,1.4613618998354054,0.1627756981597074,1.0677893011452728,d930c3dc9929b7760ebc22772dc5019b03ad9172bf17e0197879b9f7993b8003,mol/mol true liquid species,MEAH+,True
F2,packet,Matin2012_state_017,Matin2012_state_017::MEACOO-,Matin2012,species,true-species-liquid-mole-fraction,MEACOO-,293.15,0.4799095981919638,0.0448,0.04749056728397239,0.4909794313818233,0.05832296840402479,0.12053040102000928,d930c3dc9929b7760ebc22772dc5019b03ad9172bf17e0197879b9f7993b8003,mol/mol true liquid species,MEACOO-,True
F2,packet,Matin2012_state_017,Matin2012_state_017::HCO3-,Matin2012,species,true-species-liquid-mole-fraction-linear-aggregate,HCO3-,293.15,0.4799095981919638,0.0091,0.006373106535908229,-1.4276929131370528,-0.3561873805708809,1.019153527110882,d930c3dc9929b7760ebc22772dc5019b03ad9172bf17e0197879b9f7993b8003,mol/mol true liquid species,HCO3- + CO3^2-,False
F2,packet,Matin2012_state_018,Matin2012_state_018::MEA,Matin2012,species,true-species-liquid-mole-fraction,MEA,293.15,0.5049100982019641,0.009,0.005347771102778541,-1.9222257353797148,-0.520544719540064,1.8474758888780425,d930c3dc9929b7760ebc22772dc5019b03ad9172bf17e0197879b9f7993b8003,mol/mol true liquid species,MEA,True
F2,packet,Matin2012_state_018,Matin2012_state_018::MEAH+,Matin2012,species,true-species-liquid-mole-fraction,MEAH+,293.15,0.5049100982019641,0.0496,0.0588684796162814,1.5551140295774168,0.17131496285520734,1.2091898224942554,d930c3dc9929b7760ebc22772dc5019b03ad9172bf17e0197879b9f7993b8003,mol/mol true liquid species,MEAH+,True
F2,packet,Matin2012_state_018,Matin2012_state_018::MEACOO-,Matin2012,species,true-species-liquid-mole-fraction,MEACOO-,293.15,0.5049100982019641,0.0462,0.04800220171923823,0.32067646249790654,0.03826708091903706,0.051416696800085634,d930c3dc9929b7760ebc22772dc5019b03ad9172bf17e0197879b9f7993b8003,mol/mol true liquid species,MEACOO-,True
F2,packet,Matin2012_state_018,Matin2012_state_018::HCO3-,Matin2012,species,true-species-liquid-mole-fraction-linear-aggregate,HCO3-,293.15,0.5049100982019641,0.0102,0.008664405719813743,-0.7601951882110185,-0.16316438345459358,0.2889483620895929,d930c3dc9929b7760ebc22772dc5019b03ad9172bf17e0197879b9f7993b8003,mol/mol true liquid species,HCO3- + CO3^2-,False
F2,packet,Matin2012_state_019,Matin2012_state_019::MEA,Matin2012,species,true-species-liquid-mole-fraction,MEA,293.15,0.5309106182123643,0.0046,0.003368453611759629,-0.8435249234523089,-0.3116025333573934,0.3557671482426118,d930c3dc9929b7760ebc22772dc5019b03ad9172bf17e0197879b9f7993b8003,mol/mol true liquid species,MEA,True
F2,packet,Matin2012_state_019,Matin2012_state_019::MEAH+,Matin2012,species,true-species-liquid-mole-fraction,MEAH+,293.15,0.5309106182123643,0.0515,0.06156521551150213,1.6366204083743308,0.17851522012131396,1.3392631805536805,d930c3dc9929b7760ebc22772dc5019b03ad9172bf17e0197879b9f7993b8003,mol/mol true liquid species,MEAH+,True
F2,packet,Matin2012_state_019,Matin2012_state_019::MEACOO-,Matin2012,species,true-species-liquid-mole-fraction,MEACOO-,293.15,0.5309106182123643,0.0475,0.047283971809572715,-0.037570120074310445,-0.004558335346435229,0.0007057569611990523,d930c3dc9929b7760ebc22772dc5019b03ad9172bf17e0197879b9f7993b8003,mol/mol true liquid species,MEACOO-,True
F2,packet,Matin2012_state_019,Matin2012_state_019::HCO3-,Matin2012,species,true-species-liquid-mole-fraction-linear-aggregate,HCO3-,293.15,0.5309106182123643,0.0114,0.012292653030584109,0.4171275843850973,0.0753884139278371,0.08699771082747322,d930c3dc9929b7760ebc22772dc5019b03ad9172bf17e0197879b9f7993b8003,mol/mol true liquid species,HCO3- + CO3^2-,False
F2,packet,vle_obs_0119,vle_obs_0119-pco2,Hilliard2008,pressure,true-species-vapor-partial-pressure,pCO2,313.137,0.15290305806116122,5.7,5.2043039711868495,-0.30326734943407896,-0.09098020483022368,0.04598554261638588,d930c3dc9929b7760ebc22772dc5019b03ad9172bf17e0197879b9f7993b8003,Pa,pCO2,True
F2,packet,vle_obs_0120,vle_obs_0120-pco2,Hilliard2008,pressure,true-species-vapor-partial-pressure,pCO2,313.20799999999997,0.16290325806516132,6.64,6.007410395383015,-0.3337273014319991,-0.10011819042959971,0.05568695586054219,d930c3dc9929b7760ebc22772dc5019b03ad9172bf17e0197879b9f7993b8003,Pa,pCO2,True
F2,packet,vle_obs_0121,vle_obs_0121-pco2,Hilliard2008,pressure,true-species-vapor-partial-pressure,pCO2,313.135,0.1699033980679614,7.21,6.55682058847205,-0.31654377407011586,-0.09496313222103475,0.050099980451276276,d930c3dc9929b7760ebc22772dc5019b03ad9172bf17e0197879b9f7993b8003,Pa,pCO2,True
F2,packet,vle_obs_0122,vle_obs_0122-pco2,Hilliard2008,pressure,true-species-vapor-partial-pressure,pCO2,313.294,0.19090381807636156,9.950000000000001,8.830835787542744,-0.3977429595270446,-0.11932288785811337,0.07909973092666611,d930c3dc9929b7760ebc22772dc5019b03ad9172bf17e0197879b9f7993b8003,Pa,pCO2,True
F2,packet,vle_obs_0123,vle_obs_0123-pco2,Hilliard2008,pressure,true-species-vapor-partial-pressure,pCO2,313.18399999999997,0.19390387807756157,9.85,9.201239347089714,-0.2271108952053824,-0.06813326856161472,0.025789679360495095,d930c3dc9929b7760ebc22772dc5019b03ad9172bf17e0197879b9f7993b8003,Pa,pCO2,True
F2,packet,vle_obs_0124,vle_obs_0124-pco2,Hilliard2008,pressure,true-species-vapor-partial-pressure,pCO2,313.18399999999997,0.23190463809276188,14.6,14.550029792100771,-0.011428291772740379,-0.0034284875318221133,6.530292642144271e-05,d930c3dc9929b7760ebc22772dc5019b03ad9172bf17e0197879b9f7993b8003,Pa,pCO2,True
F2,packet,vle_obs_0125,vle_obs_0125-pco2,Hilliard2008,pressure,true-species-vapor-partial-pressure,pCO2,313.27,0.24590491809836199,19.099999999999998,17.40997307484612,-0.3088170926916883,-0.09264512780750647,0.047683998369273395,d930c3dc9929b7760ebc22772dc5019b03ad9172bf17e0197879b9f7993b8003,Pa,pCO2,True
F2,packet,vle_obs_0126,vle_obs_0126-pco2,Hilliard2008,pressure,true-species-vapor-partial-pressure,pCO2,313.118,0.2689053781075622,23.099999999999998,22.75691022984857,-0.04987923961802205,-0.014963771885406615,0.0012439692724360303,d930c3dc9929b7760ebc22772dc5019b03ad9172bf17e0197879b9f7993b8003,Pa,pCO2,True
F2,packet,vle_obs_0127,vle_obs_0127-pco2,Hilliard2008,pressure,true-species-vapor-partial-pressure,pCO2,313.503,0.2719054381087622,22.4,25.066558804180854,0.3749122679757746,0.11247368039273238,0.07027960433936951,d930c3dc9929b7760ebc22772dc5019b03ad9172bf17e0197879b9f7993b8003,Pa,pCO2,True
F2,packet,vle_obs_0128,vle_obs_0128-pco2,Hilliard2008,pressure,true-species-vapor-partial-pressure,pCO2,313.01599999999996,0.32590651813036264,48.5,47.47845431686358,-0.07095927712200979,-0.02128778313660294,0.002517609504839091,d930c3dc9929b7760ebc22772dc5019b03ad9172bf17e0197879b9f7993b8003,Pa,pCO2,True
F2,packet,vle_obs_0129,vle_obs_0129-pco2,Hilliard2008,pressure,true-species-vapor-partial-pressure,pCO2,313.029,0.3479069581391628,66.19999999999999,65.21930344112198,-0.04974990927026574,-0.014924972781079722,0.0012375267361998366,d930c3dc9929b7760ebc22772dc5019b03ad9172bf17e0197879b9f7993b8003,Pa,pCO2,True
F2,packet,vle_obs_0130,vle_obs_0130-pco2,Hilliard2008,pressure,true-species-vapor-partial-pressure,pCO2,313.14,0.3499069981399628,72.1,67.82942986378069,-0.20352624912610265,-0.061057874737830795,0.0207114670416702,d930c3dc9929b7760ebc22772dc5019b03ad9172bf17e0197879b9f7993b8003,Pa,pCO2,True
F2,packet,vle_obs_0131,vle_obs_0131-pco2,Hilliard2008,pressure,true-species-vapor-partial-pressure,pCO2,313.02,0.3599071981439629,96.60000000000001,77.1872193220495,-0.7478161690543872,-0.22434485071631616,0.2796145113495899,d930c3dc9929b7760ebc22772dc5019b03ad9172bf17e0197879b9f7993b8003,Pa,pCO2,True
F2,packet,vle_obs_0132,vle_obs_0132-pco2,Hilliard2008,pressure,true-species-vapor-partial-pressure,pCO2,313.2,0.3819076381527631,131.0,104.78098802654607,-0.7444165991059604,-0.2233249797317881,0.27707803651224205,d930c3dc9929b7760ebc22772dc5019b03ad9172bf17e0197879b9f7993b8003,Pa,pCO2,True
F2,packet,vle_obs_0133,vle_obs_0133-pco2,Hilliard2008,pressure,true-species-vapor-partial-pressure,pCO2,313.03,0.3859077181543631,120.0,119.3529138931591,-0.018023252020049188,-0.005406975606014756,0.00016241880668910357,d930c3dc9929b7760ebc22772dc5019b03ad9172bf17e0197879b9f7993b8003,Pa,pCO2,True
F2,packet,vle_obs_0134,vle_obs_0134-pco2,Hilliard2008,pressure,true-species-vapor-partial-pressure,pCO2,313.0,0.38890777815556316,113.0,125.62905245357506,0.35315239305875534,0.1059457179176266,0.06235830636156282,d930c3dc9929b7760ebc22772dc5019b03ad9172bf17e0197879b9f7993b8003,Pa,pCO2,True
F2,packet,vle_obs_0135,vle_obs_0135-pco2,Hilliard2008,pressure,true-species-vapor-partial-pressure,pCO2,313.15,0.39990799815996325,128.0,155.8730737568394,0.6567059412990827,0.19701178238972478,0.2156313466687571,d930c3dc9929b7760ebc22772dc5019b03ad9172bf17e0197879b9f7993b8003,Pa,pCO2,True
F2,packet,vle_obs_0136,vle_obs_0136-pco2,Hilliard2008,pressure,true-species-vapor-partial-pressure,pCO2,313.169,0.46390927818556377,750.0,687.2244471036153,-0.29137420515343443,-0.08741226154603032,0.042449463714397846,d930c3dc9929b7760ebc22772dc5019b03ad9172bf17e0197879b9f7993b8003,Pa,pCO2,True
F2,packet,vle_obs_0137,vle_obs_0137-pco2,Hilliard2008,pressure,true-species-vapor-partial-pressure,pCO2,313.08,0.4659093181863638,574.0,738.4103834224078,0.8395678294218489,0.2518703488265547,0.3524370701000574,d930c3dc9929b7760ebc22772dc5019b03ad9172bf17e0197879b9f7993b8003,Pa,pCO2,True
F2,packet,vle_obs_0138,vle_obs_0138-pco2,Hilliard2008,pressure,true-species-vapor-partial-pressure,pCO2,313.14,0.48090961819236383,883.0,1166.3575357143375,0.9277191790237804,0.27831575370713413,0.43033143756427855,d930c3dc9929b7760ebc22772dc5019b03ad9172bf17e0197879b9f7993b8003,Pa,pCO2,True
F2,packet,vle_obs_0139,vle_obs_0139-pco2,Hilliard2008,pressure,true-species-vapor-partial-pressure,pCO2,313.02799999999996,0.4909098181963639,1100.0,1590.2435518779541,1.2285900065970183,0.3685770019791055,0.7547167021550307,d930c3dc9929b7760ebc22772dc5019b03ad9172bf17e0197879b9f7993b8003,Pa,pCO2,True
F2,packet,vle_obs_0140,vle_obs_0140-pco2,Hilliard2008,pressure,true-species-vapor-partial-pressure,pCO2,313.168,0.5009100182003641,1870.0,2252.451794539864,0.6202695951155134,0.186080878534654,0.19236718531238145,d930c3dc9929b7760ebc22772dc5019b03ad9172bf17e0197879b9f7993b8003,Pa,pCO2,True
F2,packet,vle_obs_0141,vle_obs_0141-pco2,Hilliard2008,pressure,true-species-vapor-partial-pressure,pCO2,313.147,0.5179103582071641,3030.0,3939.5561361939676,0.8750181388469719,0.26250544165409156,0.3828283716556093,d930c3dc9929b7760ebc22772dc5019b03ad9172bf17e0197879b9f7993b8003,Pa,pCO2,True
F2,packet,vle_obs_0142,vle_obs_0142-pco2,Hilliard2008,pressure,true-species-vapor-partial-pressure,pCO2,313.15,0.5909118182363647,28300.0,26537.534021977528,-0.2143389852887658,-0.06430169558662974,0.02297060030730888,d930c3dc9929b7760ebc22772dc5019b03ad9172bf17e0197879b9f7993b8003,Pa,pCO2,True
F2,packet,vle_obs_0143,vle_obs_0143-pco2,Hilliard2008,pressure,true-species-vapor-partial-pressure,pCO2,333.018,0.11390227804556091,19.400000000000002,17.139048231212588,-0.41304561180742966,-0.1239136835422289,0.08530333871668694,d930c3dc9929b7760ebc22772dc5019b03ad9172bf17e0197879b9f7993b8003,Pa,pCO2,True
F2,packet,vle_obs_0144,vle_obs_0144-pco2,Hilliard2008,pressure,true-species-vapor-partial-pressure,pCO2,333.114,0.19090381807636156,58.9,55.31568617153952,-0.2092818881570274,-0.06278456644710821,0.021899454355285262,d930c3dc9929b7760ebc22772dc5019b03ad9172bf17e0197879b9f7993b8003,Pa,pCO2,True
F2,packet,vle_obs_0145,vle_obs_0145-pco2,Hilliard2008,pressure,true-species-vapor-partial-pressure,pCO2,333.10999999999996,0.29090581811636235,209.0,201.19520546174863,-0.12686214578712673,-0.03805864373613802,0.008047002016857098,d930c3dc9929b7760ebc22772dc5019b03ad9172bf17e0197879b9f7993b8003,Pa,pCO2,True
F2,packet,vle_obs_0146,vle_obs_0146-pco2,Hilliard2008,pressure,true-species-vapor-partial-pressure,pCO2,333.034,0.3859077181543631,763.0,809.5220547370797,0.19728662116799525,0.059185986350398574,0.019461005445942037,d930c3dc9929b7760ebc22772dc5019b03ad9172bf17e0197879b9f7993b8003,Pa,pCO2,True
F2,packet,vle_obs_0147,vle_obs_0147-pco2,Hilliard2008,pressure,true-species-vapor-partial-pressure,pCO2,332.921,0.4849096981939639,4860.0,7042.632954300034,1.236478871758767,0.37094366152763003,0.7644400001529166,d930c3dc9929b7760ebc22772dc5019b03ad9172bf17e0197879b9f7993b8003,Pa,pCO2,True
F2,packet,vle_obs_0148,vle_obs_0148-pco2,Hilliard2008,pressure,true-species-vapor-partial-pressure,pCO2,333.256,0.5439108782175645,25800.0,34426.00010878064,0.9614586802719398,0.2884376040815819,0.46220139693513007,d930c3dc9929b7760ebc22772dc5019b03ad9172bf17e0197879b9f7993b8003,Pa,pCO2,False
F2,packet,vle_obs_0149,vle_obs_0149-pco2,Hilliard2008,pressure,true-species-vapor-partial-pressure,pCO2,333.09499999999997,0.5649112982259645,50200.0,54511.653945850674,0.27466495327043833,0.08239948598113149,0.037720418277526035,d930c3dc9929b7760ebc22772dc5019b03ad9172bf17e0197879b9f7993b8003,Pa,pCO2,True
F2,packet,vle_obs_0186,vle_obs_0186-pco2,Jou1995,pressure,true-species-vapor-partial-pressure,pCO2,313.15,0.08870177403548071,1.47,1.690812989871432,0.46649023856009175,0.13994707156802752,0.10880657133592565,d930c3dc9929b7760ebc22772dc5019b03ad9172bf17e0197879b9f7993b8003,Pa,pCO2,True
F2,packet,vle_obs_0187,vle_obs_0187-pco2,Jou1995,pressure,true-species-vapor-partial-pressure,pCO2,313.15,0.20290405808116166,8.959999999999999,10.120622448156096,0.4060164723860363,0.12180494171581088,0.08242468792440048,d930c3dc9929b7760ebc22772dc5019b03ad9172bf17e0197879b9f7993b8003,Pa,pCO2,True
F2,packet,vle_obs_0188,vle_obs_0188-pco2,Jou1995,pressure,true-species-vapor-partial-pressure,pCO2,313.15,0.36490729814596295,67.7,85.8580567662863,0.7920308334582169,0.23760925003746505,0.31365642057425885,d930c3dc9929b7760ebc22772dc5019b03ad9172bf17e0197879b9f7993b8003,Pa,pCO2,True
F2,packet,vle_obs_0189,vle_obs_0189-pco2,Jou1995,pressure,true-species-vapor-partial-pressure,pCO2,313.15,0.4734094681893638,604.0,928.3072415834138,1.4326285311640077,0.4297885593492023,1.0262122541525711,d930c3dc9929b7760ebc22772dc5019b03ad9172bf17e0197879b9f7993b8003,Pa,pCO2,True
F2,packet,vle_obs_0190,vle_obs_0190-pco2,Jou1995,pressure,true-species-vapor-partial-pressure,pCO2,313.15,0.5129102582051641,2570.0,3354.2428782719603,0.8877339212790022,0.26632017638370065,0.3940357574946968,d930c3dc9929b7760ebc22772dc5019b03ad9172bf17e0197879b9f7993b8003,Pa,pCO2,True
F2,packet,vle_obs_0191,vle_obs_0191-pco2,Jou1995,pressure,true-species-vapor-partial-pressure,pCO2,313.15,0.5569111382227645,8090.0,12258.842133371209,1.385395841163011,0.4156187523489033,0.9596608183558833,d930c3dc9929b7760ebc22772dc5019b03ad9172bf17e0197879b9f7993b8003,Pa,pCO2,True
F2,packet,vle_obs_0192,vle_obs_0192-pco2,Jou1995,pressure,true-species-vapor-partial-pressure,pCO2,313.15,0.6089121782435649,36100.0,37087.76741215799,0.08998110185445694,0.02699433055633708,0.004048299345471077,d930c3dc9929b7760ebc22772dc5019b03ad9172bf17e0197879b9f7993b8003,Pa,pCO2,True
F2,packet,vle_obs_0193,vle_obs_0193-pco2,Jou1995,pressure,true-species-vapor-partial-pressure,pCO2,313.15,0.6419128382567652,103000.0,62841.14147197482,-1.6470633675725197,-0.49411901027175587,1.3564088683996645,d930c3dc9929b7760ebc22772dc5019b03ad9172bf17e0197879b9f7993b8003,Pa,pCO2,True
F2,packet,vle_obs_0194,vle_obs_0194-pco2,Jou1995,pressure,true-species-vapor-partial-pressure,pCO2,333.15,0.05630112602252045,4.28,4.475986577862745,0.14924594053765075,0.044773782161295225,0.011137175383483992,d930c3dc9929b7760ebc22772dc5019b03ad9172bf17e0197879b9f7993b8003,Pa,pCO2,True
F2,packet,vle_obs_0195,vle_obs_0195-pco2,Jou1995,pressure,true-species-vapor-partial-pressure,pCO2,333.15,0.11890237804756094,19.3,18.926173458082026,-0.06519764266176908,-0.019559292798530723,0.0021253663043258662,d930c3dc9929b7760ebc22772dc5019b03ad9172bf17e0197879b9f7993b8003,Pa,pCO2,True
F2,packet,vle_obs_0196,vle_obs_0196-pco2,Jou1995,pressure,true-species-vapor-partial-pressure,pCO2,333.15,0.20590411808236164,57.9,68.16907553321259,0.5442454650232257,0.1632736395069677,0.14810156309917358,d930c3dc9929b7760ebc22772dc5019b03ad9172bf17e0197879b9f7993b8003,Pa,pCO2,True
F2,packet,vle_obs_0197,vle_obs_0197-pco2,Jou1995,pressure,true-species-vapor-partial-pressure,pCO2,333.15,0.38890777815556316,528.0,863.267333042751,1.6387604372795637,0.49162813118386905,1.3427678853963534,d930c3dc9929b7760ebc22772dc5019b03ad9172bf17e0197879b9f7993b8003,Pa,pCO2,True
F2,packet,vle_obs_0198,vle_obs_0198-pco2,Jou1995,pressure,true-species-vapor-partial-pressure,pCO2,333.15,0.4379087581751635,2009.9999999999998,2256.9954982759477,0.386332604004935,0.1158997812014805,0.07462644045861697,d930c3dc9929b7760ebc22772dc5019b03ad9172bf17e0197879b9f7993b8003,Pa,pCO2,True
F2,packet,vle_obs_0199,vle_obs_0199-pco2,Jou1995,pressure,true-species-vapor-partial-pressure,pCO2,333.15,0.5039100782015641,11000.0,12172.910367349907,0.3377258278925519,0.10131774836776557,0.057029367412854796,d930c3dc9929b7760ebc22772dc5019b03ad9172bf17e0197879b9f7993b8003,Pa,pCO2,True
F2,packet,vle_obs_0200,vle_obs_0200-pco2,Jou1995,pressure,true-species-vapor-partial-pressure,pCO2,333.15,0.5609112182243645,34000.0,50080.34867088987,1.2908938814319917,0.3872681644295975,0.8332035065592766,d930c3dc9929b7760ebc22772dc5019b03ad9172bf17e0197879b9f7993b8003,Pa,pCO2,True
F2,packet,vle_obs_0201,vle_obs_0201-pco2,Jou1995,pressure,true-species-vapor-partial-pressure,pCO2,333.15,0.5789115782315646,82000.0,71795.72038165812,-0.4429812589959621,-0.13289437769878862,0.09811619791082382,d930c3dc9929b7760ebc22772dc5019b03ad9172bf17e0197879b9f7993b8003,Pa,pCO2,True
F2,packet,vle_obs_0202,vle_obs_0202-pco2,Jou1995,pressure,true-species-vapor-partial-pressure,pCO2,333.15,0.6679133582671654,282000.0,250407.2679531472,-0.3960613558713481,-0.11881840676140443,0.07843229880732533,d930c3dc9929b7760ebc22772dc5019b03ad9172bf17e0197879b9f7993b8003,Pa,pCO2,True
F2,packet,vle_obs_0203,vle_obs_0203-pco2,Jou1995,pressure,true-species-vapor-partial-pressure,pCO2,353.15,0.01730034600692014,2.96,2.984834004233825,0.02784955663462207,0.00835486699038662,0.0003877989023725111,d930c3dc9929b7760ebc22772dc5019b03ad9172bf17e0197879b9f7993b8003,Pa,pCO2,False
F2,packet,vle_obs_0204,vle_obs_0204-pco2,Jou1995,pressure,true-species-vapor-partial-pressure,pCO2,353.15,0.023500470009400188,4.84,5.116020556265462,0.18487393671557076,0.05546218101467123,0.01708918623835643,d930c3dc9929b7760ebc22772dc5019b03ad9172bf17e0197879b9f7993b8003,Pa,pCO2,False
F2,packet,vle_obs_0205,vle_obs_0205-pco2,Jou1995,pressure,true-species-vapor-partial-pressure,pCO2,353.15,0.07800156003120062,46.5,45.08092869309236,-0.1033100754455286,-0.03099302263365858,0.005336485844280406,d930c3dc9929b7760ebc22772dc5019b03ad9172bf17e0197879b9f7993b8003,Pa,pCO2,False
F2,packet,vle_obs_0206,vle_obs_0206-pco2,Jou1995,pressure,true-species-vapor-partial-pressure,pCO2,353.15,0.11790235804716094,99.2,103.23687755154242,0.13296038513801436,0.039888115541404305,0.008839232008024556,d930c3dc9929b7760ebc22772dc5019b03ad9172bf17e0197879b9f7993b8003,Pa,pCO2,False
F2,packet,vle_obs_0207,vle_obs_0207-pco2,Jou1995,pressure,true-species-vapor-partial-pressure,pCO2,353.15,0.18690373807476152,278.0,299.8368438231954,0.2520578636689854,0.07561735910069561,0.03176658331868642,d930c3dc9929b7760ebc22772dc5019b03ad9172bf17e0197879b9f7993b8003,Pa,pCO2,False
F2,packet,vle_obs_0208,vle_obs_0208-pco2,Jou1995,pressure,true-species-vapor-partial-pressure,pCO2,353.15,0.3479069581391628,2670.0,2619.231139715846,-0.06399218610045534,-0.019197655830136603,0.002047499940957655,d930c3dc9929b7760ebc22772dc5019b03ad9172bf17e0197879b9f7993b8003,Pa,pCO2,False
F2,packet,vle_obs_0209,vle_obs_0209-pco2,Jou1995,pressure,true-species-vapor-partial-pressure,pCO2,353.15,0.4599091981839637,16000.0,19698.222107780097,0.6931322036516661,0.2079396610954998,0.24021612586950733,d930c3dc9929b7760ebc22772dc5019b03ad9172bf17e0197879b9f7993b8003,Pa,pCO2,False
F2,packet,vle_obs_0210,vle_obs_0210-pco2,Jou1995,pressure,true-species-vapor-partial-pressure,pCO2,353.15,0.5169103382067641,56000.0,70569.06613094569,0.7708006698661417,0.2312402009598425,0.29706683633304637,d930c3dc9929b7760ebc22772dc5019b03ad9172bf17e0197879b9f7993b8003,Pa,pCO2,False
F2,packet,vle_obs_0211,vle_obs_0211-pco2,Jou1995,pressure,true-species-vapor-partial-pressure,pCO2,353.15,0.5784115682313646,235000.0,221451.2835984317,-0.19794295818847657,-0.059382887456542965,0.019590707348202493,d930c3dc9929b7760ebc22772dc5019b03ad9172bf17e0197879b9f7993b8003,Pa,pCO2,False
F2,packet,vle_obs_0212,vle_obs_0212-pco2,Jou1995,pressure,true-species-vapor-partial-pressure,pCO2,353.15,0.6399127982559651,558000.0,469843.0784932212,-0.5732006632413129,-0.17196019897239387,0.1642795001701405,d930c3dc9929b7760ebc22772dc5019b03ad9172bf17e0197879b9f7993b8003,Pa,pCO2,False
F2,packet,vle_obs_0213,vle_obs_0213-pco2,Jou1995,pressure,true-species-vapor-partial-pressure,pCO2,353.15,0.6889137782755654,958000.0,702707.057586333,-1.033025587654241,-0.30990767629627225,0.5335709323741948,d930c3dc9929b7760ebc22772dc5019b03ad9172bf17e0197879b9f7993b8003,Pa,pCO2,False
F2,packet,vle_obs_0214,vle_obs_0214-pco2,Jou1995,pressure,true-species-vapor-partial-pressure,pCO2,373.15,0.011600232004640094,7.24,7.248709050828717,0.004007282197955323,0.0012021846593865968,8.029155307024823e-06,d930c3dc9929b7760ebc22772dc5019b03ad9172bf17e0197879b9f7993b8003,Pa,pCO2,False
F2,packet,vle_obs_0215,vle_obs_0215-pco2,Jou1995,pressure,true-species-vapor-partial-pressure,pCO2,373.15,0.056501130022600446,136.0,121.16695908164775,-0.38495154701635875,-0.11548546410490762,0.07409384677514393,d930c3dc9929b7760ebc22772dc5019b03ad9172bf17e0197879b9f7993b8003,Pa,pCO2,False
F2,packet,vle_obs_0216,vle_obs_0216-pco2,Jou1995,pressure,true-species-vapor-partial-pressure,pCO2,373.15,0.18790375807516152,1430.0,1542.3929166390467,0.2522020272125969,0.07566060816377906,0.03180293126507173,d930c3dc9929b7760ebc22772dc5019b03ad9172bf17e0197879b9f7993b8003,Pa,pCO2,False
F2,packet,vle_obs_0217,vle_obs_0217-pco2,Jou1995,pressure,true-species-vapor-partial-pressure,pCO2,373.15,0.38090761815236307,19000.0,22294.93867386391,0.5330690274717637,0.1599207082415291,0.14208129402484596,d930c3dc9929b7760ebc22772dc5019b03ad9172bf17e0197879b9f7993b8003,Pa,pCO2,False
F2,packet,vle_obs_0218,vle_obs_0218-pco2,Jou1995,pressure,true-species-vapor-partial-pressure,pCO2,373.15,0.4219084381687634,39000.0,44110.75647383611,0.41047339184349807,0.12314201755304942,0.08424420270575296,d930c3dc9929b7760ebc22772dc5019b03ad9172bf17e0197879b9f7993b8003,Pa,pCO2,False
F2,packet,vle_obs_0219,vle_obs_0219-pco2,Jou1995,pressure,true-species-vapor-partial-pressure,pCO2,373.15,0.4769095381907638,69000.0,120541.03258523402,1.8596123658313994,0.5578837097494198,1.7290790755765273,d930c3dc9929b7760ebc22772dc5019b03ad9172bf17e0197879b9f7993b8003,Pa,pCO2,False
F2,packet,vle_obs_0220,vle_obs_0220-pco2,Jou1995,pressure,true-species-vapor-partial-pressure,pCO2,373.15,0.48090961819236383,109000.0,129789.28057554094,0.5818811148893427,0.1745643344668028,0.1692928159324322,d930c3dc9929b7760ebc22772dc5019b03ad9172bf17e0197879b9f7993b8003,Pa,pCO2,False
F2,packet,vle_obs_0221,vle_obs_0221-pco2,Jou1995,pressure,true-species-vapor-partial-pressure,pCO2,373.15,0.5709114182283646,509000.0,530006.8385865758,0.13480630968647056,0.04044189290594117,0.009086370565642304,d930c3dc9929b7760ebc22772dc5019b03ad9172bf17e0197879b9f7993b8003,Pa,pCO2,False
F2,packet,vle_obs_0222,vle_obs_0222-pco2,Jou1995,pressure,true-species-vapor-partial-pressure,pCO2,373.15,0.5889117782355647,376000.0,648466.3218007132,1.8167364218654833,0.545020926559645,1.6502656132662998,d930c3dc9929b7760ebc22772dc5019b03ad9172bf17e0197879b9f7993b8003,Pa,pCO2,False
F2,packet,vle_obs_0223,vle_obs_0223-pco2,Jou1995,pressure,true-species-vapor-partial-pressure,pCO2,373.15,0.613412268245365,909000.0,821302.16264095,-0.3381800341412012,-0.10145401024236035,0.057182867745871994,d930c3dc9929b7760ebc22772dc5019b03ad9172bf17e0197879b9f7993b8003,Pa,pCO2,False
F2,packet,vle_obs_0224,vle_obs_0224-pco2,Jou1995,pressure,true-species-vapor-partial-pressure,pCO2,393.15,0.003230064601292026,2.02,3.580468087060131,1.9079867700927986,0.5723960310278395,1.820206757424575,d930c3dc9929b7760ebc22772dc5019b03ad9172bf17e0197879b9f7993b8003,Pa,pCO2,False
F2,packet,vle_obs_0225,vle_obs_0225-pco2,Jou1995,pressure,true-species-vapor-partial-pressure,pCO2,393.15,0.011100222004440089,22.1,29.99601771461655,1.0182900716040728,0.3054870214812218,0.5184573349637138,d930c3dc9929b7760ebc22772dc5019b03ad9172bf17e0197879b9f7993b8003,Pa,pCO2,False
F2,packet,vle_obs_0226,vle_obs_0226-pco2,Jou1995,pressure,true-species-vapor-partial-pressure,pCO2,393.15,0.024600492009840196,98.4,121.57184915521749,0.7048821167166658,0.21146463501499974,0.24842939923348362,d930c3dc9929b7760ebc22772dc5019b03ad9172bf17e0197879b9f7993b8003,Pa,pCO2,False
F2,packet,vle_obs_0227,vle_obs_0227-pco2,Jou1995,pressure,true-species-vapor-partial-pressure,pCO2,393.15,0.11890237804756094,2290.0,2383.775385796032,0.13377903276927944,0.04013370983078383,0.008948414804341972,d930c3dc9929b7760ebc22772dc5019b03ad9172bf17e0197879b9f7993b8003,Pa,pCO2,False
F2,packet,vle_obs_0228,vle_obs_0228-pco2,Jou1995,pressure,true-species-vapor-partial-pressure,pCO2,393.15,0.3489069781395628,46800.0,62609.21162722498,0.9700973831717105,0.2910292149515131,0.4705444664183002,d930c3dc9929b7760ebc22772dc5019b03ad9172bf17e0197879b9f7993b8003,Pa,pCO2,False
F2,packet,vle_obs_0229,vle_obs_0229-pco2,Jou1995,pressure,true-species-vapor-partial-pressure,pCO2,393.15,0.4114082281645633,122000.0,155751.61306249016,0.8141382320739503,0.2442414696221851,0.33141053046224866,d930c3dc9929b7760ebc22772dc5019b03ad9172bf17e0197879b9f7993b8003,Pa,pCO2,False
F2,packet,vle_obs_0230,vle_obs_0230-pco2,Jou1995,pressure,true-species-vapor-partial-pressure,pCO2,393.15,0.4439088781775636,222000.0,253550.55571824752,0.44295284038828314,0.13288585211648493,0.09810360940402392,d930c3dc9929b7760ebc22772dc5019b03ad9172bf17e0197879b9f7993b8003,Pa,pCO2,False
F2,packet,vle_obs_0231,vle_obs_0231-pco2,Jou1995,pressure,true-species-vapor-partial-pressure,pCO2,393.15,0.4729094581891638,422000.0,386189.05641796195,-0.2955942700324338,-0.08867828100973014,0.043687986238003705,d930c3dc9929b7760ebc22772dc5019b03ad9172bf17e0197879b9f7993b8003,Pa,pCO2,False
F2,packet,vle_obs_0232,vle_obs_0232-pco2,Jou1995,pressure,true-species-vapor-partial-pressure,pCO2,393.15,0.5359107182143643,822000.0,841757.5968060056,0.07917229319612813,0.02375168795883844,0.0031341260049668387,d930c3dc9929b7760ebc22772dc5019b03ad9172bf17e0197879b9f7993b8003,Pa,pCO2,False
F2,packet,vle_obs_0233,vle_obs_0233-pco2,Jou1995,pressure,true-species-vapor-partial-pressure,pCO2,393.15,0.6389127782555651,2804000.0,1882007.9545060433,-1.329025671314201,-0.3987077013942603,0.8831546175060814,d930c3dc9929b7760ebc22772dc5019b03ad9172bf17e0197879b9f7993b8003,Pa,pCO2,False
F4,packet,Bottinger2008_state_030,Bottinger2008_state_030::MEA + MEAH+,Bottinger2008,species,true-species-liquid-mole-fraction-linear-aggregate,MEA + MEAH+,293.15,0.0749014980299606,0.1054,0.10402700788750296,-0.11897678617825207,-0.01311207945382888,0.007077737824652756,8e17fe8802ebed88e61c68dfdf0e22051bbaf56325349a9e418d5b33c8226b54,mol/mol true liquid species,MEA + MEAH+,True
F4,packet,Bottinger2008_state_030,Bottinger2008_state_030::MEACOO-,Bottinger2008,species,true-species-liquid-mole-fraction,MEACOO-,293.15,0.0749014980299606,0.0086,0.008191860828648227,-0.2194296620170823,-0.048621123797021555,0.024074688286465487,8e17fe8802ebed88e61c68dfdf0e22051bbaf56325349a9e418d5b33c8226b54,mol/mol true liquid species,MEACOO-,True
F4,packet,Bottinger2008_state_031,Bottinger2008_state_031::MEA + MEAH+,Bottinger2008,species,true-species-liquid-mole-fraction-linear-aggregate,MEA + MEAH+,293.15,0.1499029980599612,0.0966,0.09594636879898163,-0.061316247750316154,-0.006789364202293408,0.0018798411190890753,8e17fe8802ebed88e61c68dfdf0e22051bbaf56325349a9e418d5b33c8226b54,mol/mol true liquid species,MEA + MEAH+,True
F4,packet,Bottinger2008_state_031,Bottinger2008_state_031::MEACOO-,Bottinger2008,species,true-species-liquid-mole-fraction,MEACOO-,293.15,0.1499029980599612,0.0171,0.01627249943124655,-0.30535076337765643,-0.0496019319960269,0.04661954434765876,8e17fe8802ebed88e61c68dfdf0e22051bbaf56325349a9e418d5b33c8226b54,mol/mol true liquid species,MEACOO-,True
F4,packet,Bottinger2008_state_032,Bottinger2008_state_032::MEA + MEAH+,Bottinger2008,species,true-species-liquid-mole-fraction-linear-aggregate,MEA + MEAH+,293.15,0.2349046980939619,0.0871,0.08704773683386356,-0.005382406399220884,-0.000600216444446997,1.4485149323186961e-05,8e17fe8802ebed88e61c68dfdf0e22051bbaf56325349a9e418d5b33c8226b54,mol/mol true liquid species,MEA + MEAH+,True
F4,packet,Bottinger2008_state_032,Bottinger2008_state_032::MEACOO-,Bottinger2008,species,true-species-liquid-mole-fraction,MEACOO-,293.15,0.2349046980939619,0.0267,0.02517113017720125,-0.4165857827789513,-0.05896585551092461,0.0867718572067758,8e17fe8802ebed88e61c68dfdf0e22051bbaf56325349a9e418d5b33c8226b54,mol/mol true liquid species,MEACOO-,True
F4,packet,Bottinger2008_state_033,Bottinger2008_state_033::MEA + MEAH+,Bottinger2008,species,true-species-liquid-mole-fraction-linear-aggregate,MEA + MEAH+,293.15,0.30890617812356247,0.078,0.07968539860971914,0.191522569286266,0.021377537927610494,0.018340447273006277,8e17fe8802ebed88e61c68dfdf0e22051bbaf56325349a9e418d5b33c8226b54,mol/mol true liquid species,MEA + MEAH+,True
F4,packet,Bottinger2008_state_033,Bottinger2008_state_033::MEACOO-,Bottinger2008,species,true-species-liquid-mole-fraction,MEACOO-,293.15,0.30890617812356247,0.0349,0.03253346591938925,-0.5270677239667596,-0.07021754907468572,0.13890019282375016,8e17fe8802ebed88e61c68dfdf0e22051bbaf56325349a9e418d5b33c8226b54,mol/mol true liquid species,MEACOO-,True
F4,packet,Bottinger2008_state_034,Bottinger2008_state_034::MEA + MEAH+,Bottinger2008,species,true-species-liquid-mole-fraction-linear-aggregate,MEA + MEAH+,293.15,0.38790775815516315,0.0678,0.07253162666375468,0.6081782344157685,0.06746050163859452,0.18494038240854072,8e17fe8802ebed88e61c68dfdf0e22051bbaf56325349a9e418d5b33c8226b54,mol/mol true liquid species,MEA + MEAH+,True
F4,packet,Bottinger2008_state_034,Bottinger2008_state_034::MEACOO-,Bottinger2008,species,true-species-liquid-mole-fraction,MEACOO-,293.15,0.38790775815516315,0.043,0.03968722960367674,-0.6250510181741997,-0.08017065219956575,0.19534438766030188,8e17fe8802ebed88e61c68dfdf0e22051bbaf56325349a9e418d5b33c8226b54,mol/mol true liquid species,MEACOO-,True
F4,packet,Bottinger2008_state_035,Bottinger2008_state_035::MEA + MEAH+,Bottinger2008,species,true-species-liquid-mole-fraction-linear-aggregate,MEA + MEAH+,293.15,0.4739094781895638,0.062,0.06677085125501123,0.6626182298626704,0.07413224180753629,0.21953145927316933,8e17fe8802ebed88e61c68dfdf0e22051bbaf56325349a9e418d5b33c8226b54,mol/mol true liquid species,MEA + MEAH+,True
F4,packet,Bottinger2008_state_035,Bottinger2008_state_035::MEACOO-,Bottinger2008,species,true-species-liquid-mole-fraction,MEACOO-,293.15,0.4739094781895638,0.0493,0.04544792070949125,-0.64959178592053,-0.0813570104377614,0.21098474416771185,8e17fe8802ebed88e61c68dfdf0e22051bbaf56325349a9e418d5b33c8226b54,mol/mol true liquid species,MEACOO-,True
F4,packet,Bottinger2008_state_043,Bottinger2008_state_043::MEA + MEAH+,Bottinger2008,species,true-species-liquid-mole-fraction-linear-aggregate,MEA + MEAH+,313.15,0.20490409808196164,0.0934,0.08996428559520556,-0.33227412038630955,-0.03747858038102877,0.05520304553924787,8e17fe8802ebed88e61c68dfdf0e22051bbaf56325349a9e418d5b33c8226b54,mol/mol true liquid species,MEA + MEAH+,True
F4,packet,Bottinger2008_state_043,Bottinger2008_state_043::MEACOO-,Bottinger2008,species,true-species-liquid-mole-fraction,MEACOO-,313.15,0.20490409808196164,0.0241,0.022254574282502278,-0.5411805623160475,-0.079664267283771,0.1464382005143567,8e17fe8802ebed88e61c68dfdf0e22051bbaf56325349a9e418d5b33c8226b54,mol/mol true liquid species,MEACOO-,True
F4,packet,Bottinger2008_state_044,Bottinger2008_state_044::MEA + MEAH+,Bottinger2008,species,true-species-liquid-mole-fraction-linear-aggregate,MEA + MEAH+,313.15,0.2359047180943619,0.0876,0.08668859851808966,-0.09338129937605913,-0.010458627785052632,0.004360033536580591,8e17fe8802ebed88e61c68dfdf0e22051bbaf56325349a9e418d5b33c8226b54,mol/mol true liquid species,MEA + MEAH+,True
F4,packet,Bottinger2008_state_044,Bottinger2008_state_044::MEACOO-,Bottinger2008,species,true-species-liquid-mole-fraction,MEACOO-,313.15,0.2359047180943619,0.0271,0.025530257478181807,-0.4231111918647417,-0.059669411364599495,0.08951154034060115,8e17fe8802ebed88e61c68dfdf0e22051bbaf56325349a9e418d5b33c8226b54,mol/mol true liquid species,MEACOO-,True
F4,packet,Bottinger2008_state_045,Bottinger2008_state_045::MEA + MEAH+,Bottinger2008,species,true-species-liquid-mole-fraction-linear-aggregate,MEA + MEAH+,313.15,0.2799055981119623,0.084,0.0821164175290417,-0.20038111393173494,-0.022678832473181462,0.020076295410261468,8e17fe8802ebed88e61c68dfdf0e22051bbaf56325349a9e418d5b33c8226b54,mol/mol true liquid species,MEA + MEAH+,True
F4,packet,Bottinger2008_state_045,Bottinger2008_state_045::MEACOO-,Bottinger2008,species,true-species-liquid-mole-fraction,MEACOO-,313.15,0.2799055981119623,0.0327,0.030102430143192783,-0.6083301772382239,-0.0827691737530799,0.18503280226934446,8e17fe8802ebed88e61c68dfdf0e22051bbaf56325349a9e418d5b33c8226b54,mol/mol true liquid species,MEACOO-,True
F4,packet,Bottinger2008_state_047,Bottinger2008_state_047::MEA + MEAH+,Bottinger2008,species,true-species-liquid-mole-fraction-linear-aggregate,MEA + MEAH+,313.15,0.3539070781415628,0.0749,0.07475183731659091,-0.01745143503051667,-0.0019800990682825852,0.00015227629231217218,8e17fe8802ebed88e61c68dfdf0e22051bbaf56325349a9e418d5b33c8226b54,mol/mol true liquid species,MEA + MEAH+,True
F4,packet,Bottinger2008_state_047,Bottinger2008_state_047::MEACOO-,Bottinger2008,species,true-species-liquid-mole-fraction,MEACOO-,313.15,0.3539070781415628,0.041,0.03746697912110669,-0.6927491919398647,-0.0901120784162831,0.23995072146666777,8e17fe8802ebed88e61c68dfdf0e22051bbaf56325349a9e418d5b33c8226b54,mol/mol true liquid species,MEACOO-,True
F4,packet,Bottinger2008_state_048,Bottinger2008_state_048::MEA + MEAH+,Bottinger2008,species,true-species-liquid-mole-fraction-linear-aggregate,MEA + MEAH+,313.15,0.4599091981839637,0.065,0.06616940359100182,0.15592047880024218,0.017830904803773102,0.012155597854648386,8e17fe8802ebed88e61c68dfdf0e22051bbaf56325349a9e418d5b33c8226b54,mol/mol true liquid species,MEA + MEAH+,True
F4,packet,Bottinger2008_state_048,Bottinger2008_state_048::MEACOO-,Bottinger2008,species,true-species-liquid-mole-fraction,MEACOO-,313.15,0.4599091981839637,0.0492,0.046049080351367705,-0.5322499406473472,-0.06618583165070148,0.14164499965955232,8e17fe8802ebed88e61c68dfdf0e22051bbaf56325349a9e418d5b33c8226b54,mol/mol true liquid species,MEACOO-,True
F4,packet,Bottinger2008_state_049,Bottinger2008_state_049::MEA + MEAH+,Bottinger2008,species,true-species-liquid-mole-fraction-linear-aggregate,MEA + MEAH+,313.15,0.4659093181863638,0.0663,0.0658675089552604,-0.05668296785577904,-0.006544612845628459,0.0016064794224696399,8e17fe8802ebed88e61c68dfdf0e22051bbaf56325349a9e418d5b33c8226b54,mol/mol true liquid species,MEA + MEAH+,True
F4,packet,Bottinger2008_state_049,Bottinger2008_state_049::MEACOO-,Bottinger2008,species,true-species-liquid-mole-fraction,MEACOO-,313.15,0.4659093181863638,0.0502,0.04635090495417852,-0.6393845591065586,-0.07977421051442111,0.20440630721194414,8e17fe8802ebed88e61c68dfdf0e22051bbaf56325349a9e418d5b33c8226b54,mol/mol true liquid species,MEACOO-,True
F4,packet,Bottinger2008_state_049,Bottinger2008_state_049::HCO3-,Bottinger2008,species,true-species-liquid-mole-fraction-linear-aggregate,HCO3-,313.15,0.4659093181863638,0.004,0.005938821548603384,1.3848725347167026,0.3952163600812565,0.9589359687063322,8e17fe8802ebed88e61c68dfdf0e22051bbaf56325349a9e418d5b33c8226b54,mol/mol true liquid species,HCO3- + CO3^2-,True
F4,packet,Bottinger2008_state_050,Bottinger2008_state_050::MEA + MEAH+,Bottinger2008,species,true-species-liquid-mole-fraction-linear-aggregate,MEA + MEAH+,313.15,0.4869097381947639,0.0646,0.06514888807356319,0.07357748975377756,0.008460825461873517,0.002706823499233621,8e17fe8802ebed88e61c68dfdf0e22051bbaf56325349a9e418d5b33c8226b54,mol/mol true liquid species,MEA + MEAH+,True
F4,packet,Bottinger2008_state_050,Bottinger2008_state_050::MEACOO-,Bottinger2008,species,true-species-liquid-mole-fraction,MEACOO-,313.15,0.4869097381947639,0.0511,0.04706911404080728,-0.6597194695896426,-0.08216746413632862,0.21761488927781966,8e17fe8802ebed88e61c68dfdf0e22051bbaf56325349a9e418d5b33c8226b54,mol/mol true liquid species,MEACOO-,True
F4,packet,Bottinger2008_state_050,Bottinger2008_state_050::HCO3-,Bottinger2008,species,true-species-liquid-mole-fraction-linear-aggregate,HCO3-,313.15,0.4869097381947639,0.0052,0.007573329039217555,1.5614006836957597,0.3759741125925742,1.218986047522793,8e17fe8802ebed88e61c68dfdf0e22051bbaf56325349a9e418d5b33c8226b54,mol/mol true liquid species,HCO3- + CO3^2-,True
F4,packet,Bottinger2008_state_055,Bottinger2008_state_055::MEA + MEAH+,Bottinger2008,species,true-species-liquid-mole-fraction-linear-aggregate,MEA + MEAH+,333.15,0.13090261805236106,0.0974,0.09792291154300602,0.04868822560577431,0.005354341568560819,0.0011852716563193885,8e17fe8802ebed88e61c68dfdf0e22051bbaf56325349a9e418d5b33c8226b54,mol/mol true liquid species,MEA + MEAH+,True
F4,packet,Bottinger2008_state_055,Bottinger2008_state_055::MEACOO-,Bottinger2008,species,true-species-liquid-mole-fraction,MEACOO-,333.15,0.13090261805236106,0.0147,0.014295937106955037,-0.16358821580767724,-0.027872115282859385,0.01338055217556959,8e17fe8802ebed88e61c68dfdf0e22051bbaf56325349a9e418d5b33c8226b54,mol/mol true liquid species,MEACOO-,True
F4,packet,Bottinger2008_state_056,Bottinger2008_state_056::MEA + MEAH+,Bottinger2008,species,true-species-liquid-mole-fraction-linear-aggregate,MEA + MEAH+,333.15,0.20290405808116166,0.0905,0.09018105328449914,-0.03173599159212473,-0.003530497979651999,0.0005035865811677057,8e17fe8802ebed88e61c68dfdf0e22051bbaf56325349a9e418d5b33c8226b54,mol/mol true liquid species,MEA + MEAH+,True
F4,packet,Bottinger2008_state_056,Bottinger2008_state_056::MEACOO-,Bottinger2008,species,true-species-liquid-mole-fraction,MEACOO-,333.15,0.20290405808116166,0.0231,0.02203776330871431,-0.32091742939144696,-0.04707512166348525,0.051493998243607175,8e17fe8802ebed88e61c68dfdf0e22051bbaf56325349a9e418d5b33c8226b54,mol/mol true liquid species,MEACOO-,True
F4,packet,Bottinger2008_state_057,Bottinger2008_state_057::MEA + MEAH+,Bottinger2008,species,true-species-liquid-mole-fraction-linear-aggregate,MEA + MEAH+,333.15,0.27690553811076224,0.0791,0.08239060290852465,0.3693157024157854,0.04075851326621827,0.06819704402543247,8e17fe8802ebed88e61c68dfdf0e22051bbaf56325349a9e418d5b33c8226b54,mol/mol true liquid species,MEA + MEAH+,True
F4,packet,Bottinger2008_state_057,Bottinger2008_state_057::MEACOO-,Bottinger2008,species,true-species-liquid-mole-fraction,MEACOO-,333.15,0.27690553811076224,0.0302,0.029828144465154787,-0.09250137682716768,-0.012389531437744678,0.004278252357460837,8e17fe8802ebed88e61c68dfdf0e22051bbaf56325349a9e418d5b33c8226b54,mol/mol true liquid species,MEACOO-,True
F4,packet,Bottinger2008_state_058,Bottinger2008_state_058::MEA + MEAH+,Bottinger2008,species,true-species-liquid-mole-fraction-linear-aggregate,MEA + MEAH+,333.15,0.4149082981659633,0.0687,0.06916478959053719,0.05905839778109221,0.006742712956020603,0.0017439471742348586,8e17fe8802ebed88e61c68dfdf0e22051bbaf56325349a9e418d5b33c8226b54,mol/mol true liquid species,MEA + MEAH+,True
F4,packet,Bottinger2008_state_058,Bottinger2008_state_058::MEACOO-,Bottinger2008,species,true-species-liquid-mole-fraction,MEACOO-,333.15,0.4149082981659633,0.0417,0.043053282041797133,0.2617566811986717,0.03193733706771797,0.03425828007607152,8e17fe8802ebed88e61c68dfdf0e22051bbaf56325349a9e418d5b33c8226b54,mol/mol true liquid species,MEACOO-,True
F4,packet,Bottinger2008_state_058,Bottinger2008_state_058::HCO3-,Bottinger2008,species,true-species-liquid-mole-fraction-linear-aggregate,HCO3-,333.15,0.4149082981659633,0.0042,0.003510113221340055,-0.4858357596196795,-0.17943623153974883,0.1180181926626155,8e17fe8802ebed88e61c68dfdf0e22051bbaf56325349a9e418d5b33c8226b54,mol/mol true liquid species,HCO3- + CO3^2-,True
F4,packet,Bottinger2008_state_059,Bottinger2008_state_059::MEA + MEAH+,Bottinger2008,species,true-species-liquid-mole-fraction-linear-aggregate,MEA + MEAH+,333.15,0.4889097781955639,0.068,0.06507297152390992,-0.37526006103719,-0.043998426138826346,0.07041005670481779,8e17fe8802ebed88e61c68dfdf0e22051bbaf56325349a9e418d5b33c8226b54,mol/mol true liquid species,MEA + MEAH+,True
F4,packet,Bottinger2008_state_059,Bottinger2008_state_059::MEACOO-,Bottinger2008,species,true-species-liquid-mole-fraction,MEACOO-,333.15,0.4889097781955639,0.0424,0.04714143008416358,0.9048530694968658,0.10600387176714154,0.40937953868894994,8e17fe8802ebed88e61c68dfdf0e22051bbaf56325349a9e418d5b33c8226b54,mol/mol true liquid species,MEACOO-,True
F4,packet,Bottinger2008_state_059,Bottinger2008_state_059::HCO3-,Bottinger2008,species,true-species-liquid-mole-fraction-linear-aggregate,HCO3-,333.15,0.4889097781955639,0.0072,0.007691603674304286,0.2858160897117943,0.06604827597567717,0.04084541856907022,8e17fe8802ebed88e61c68dfdf0e22051bbaf56325349a9e418d5b33c8226b54,mol/mol true liquid species,HCO3- + CO3^2-,True
F4,packet,Matin2012_state_001,Matin2012_state_001::MEA,Matin2012,species,true-species-liquid-mole-fraction,MEA,293.15,0.10590211804236084,0.0915,0.08858069951857293,-0.28761581097803596,-0.03242497679149357,0.04136142736227665,8e17fe8802ebed88e61c68dfdf0e22051bbaf56325349a9e418d5b33c8226b54,mol/mol true liquid species,MEA,True
F4,packet,Matin2012_state_001,Matin2012_state_001::MEAH+,Matin2012,species,true-species-liquid-mole-fraction,MEAH+,293.15,0.10590211804236084,0.0115,0.012087318980255812,0.27317161872363355,0.04980984951778577,0.03731136663804511,8e17fe8802ebed88e61c68dfdf0e22051bbaf56325349a9e418d5b33c8226b54,mol/mol true liquid species,MEAH+,True
F4,packet,Matin2012_state_001,Matin2012_state_001::MEACOO-,Matin2012,species,true-species-liquid-mole-fraction,MEACOO-,293.15,0.10590211804236084,0.0097,0.011550850061055423,0.939517797490062,0.17463314711001574,0.4413468459002886,8e17fe8802ebed88e61c68dfdf0e22051bbaf56325349a9e418d5b33c8226b54,mol/mol true liquid species,MEACOO-,True
F4,packet,Matin2012_state_001,Matin2012_state_001::HCO3-,Matin2012,species,true-species-liquid-mole-fraction-linear-aggregate,HCO3-,293.15,0.10590211804236084,0.0024,0.00034434708893949867,-1.6577846056939525,-1.9415738881650075,1.3741248994379267,8e17fe8802ebed88e61c68dfdf0e22051bbaf56325349a9e418d5b33c8226b54,mol/mol true liquid species,HCO3- + CO3^2-,True
F4,packet,Matin2012_state_002,Matin2012_state_002::MEA,Matin2012,species,true-species-liquid-mole-fraction,MEA,293.15,0.12790255805116105,0.0867,0.08368267328805497,-0.31202964963237134,-0.0354219374211896,0.04868125112485021,8e17fe8802ebed88e61c68dfdf0e22051bbaf56325349a9e418d5b33c8226b54,mol/mol true liquid species,MEA,True
F4,packet,Matin2012_state_002,Matin2012_state_002::MEAH+,Matin2012,species,true-species-liquid-mole-fraction,MEAH+,293.15,0.12790255805116105,0.0139,0.014616940202620594,0.2999749801759812,0.05029230381465544,0.04499249436579015,8e17fe8802ebed88e61c68dfdf0e22051bbaf56325349a9e418d5b33c8226b54,mol/mol true liquid species,MEAH+,True
F4,packet,Matin2012_state_002,Matin2012_state_002::MEACOO-,Matin2012,species,true-species-liquid-mole-fraction,MEACOO-,293.15,0.12790255805116105,0.0124,0.013919254922305377,0.6782388046006149,0.1155766551662784,0.23000393803303557,8e17fe8802ebed88e61c68dfdf0e22051bbaf56325349a9e418d5b33c8226b54,mol/mol true liquid species,MEACOO-,True
F4,packet,Matin2012_state_002,Matin2012_state_002::HCO3-,Matin2012,species,true-species-liquid-mole-fraction-linear-aggregate,HCO3-,293.15,0.12790255805116105,0.0022,0.00044475600812551126,-1.4387245835036793,-1.5986868038967421,1.0349642135889177,8e17fe8802ebed88e61c68dfdf0e22051bbaf56325349a9e418d5b33c8226b54,mol/mol true liquid species,HCO3- + CO3^2-,True
F4,packet,Matin2012_state_003,Matin2012_state_003::MEA,Matin2012,species,true-species-liquid-mole-fraction,MEA,293.15,0.1499029980599612,0.0817,0.07878783241633543,-0.317575527117183,-0.036295427884933666,0.05042710771187832,8e17fe8802ebed88e61c68dfdf0e22051bbaf56325349a9e418d5b33c8226b54,mol/mol true liquid species,MEA,True
F4,packet,Matin2012_state_003,Matin2012_state_003::MEAH+,Matin2012,species,true-species-liquid-mole-fraction,MEAH+,293.15,0.1499029980599612,0.0162,0.017158536382646247,0.36585358116268984,0.05748455579729301,0.06692442142478244,8e17fe8802ebed88e61c68dfdf0e22051bbaf56325349a9e418d5b33c8226b54,mol/mol true liquid species,MEAH+,True
F4,packet,Matin2012_state_003,Matin2012_state_003::MEACOO-,Matin2012,species,true-species-liquid-mole-fraction,MEACOO-,293.15,0.1499029980599612,0.0151,0.016272499431246586,0.4671312475085999,0.07478178769171072,0.10910580119947041,8e17fe8802ebed88e61c68dfdf0e22051bbaf56325349a9e418d5b33c8226b54,mol/mol true liquid species,MEACOO-,True
F4,packet,Matin2012_state_003,Matin2012_state_003::HCO3-,Matin2012,species,true-species-liquid-mole-fraction-linear-aggregate,HCO3-,293.15,0.1499029980599612,0.002,0.0005603249483187294,-1.1997292097343921,-1.2723855792465664,0.7196750883449545,8e17fe8802ebed88e61c68dfdf0e22051bbaf56325349a9e418d5b33c8226b54,mol/mol true liquid species,HCO3- + CO3^2-,True
F4,packet,Matin2012_state_004,Matin2012_state_004::MEA,Matin2012,species,true-species-liquid-mole-fraction,MEA,293.15,0.17290345806916138,0.0768,0.07367443106262327,-0.3600885872553833,-0.04154883381793704,0.0648318953357889,8e17fe8802ebed88e61c68dfdf0e22051bbaf56325349a9e418d5b33c8226b54,mol/mol true liquid species,MEA,True
F4,packet,Matin2012_state_004,Matin2012_state_004::MEAH+,Matin2012,species,true-species-liquid-mole-fraction,MEAH+,293.15,0.17290345806916138,0.0186,0.01983061969685294,0.4302866072912386,0.06406561179591937,0.09257328220710229,8e17fe8802ebed88e61c68dfdf0e22051bbaf56325349a9e418d5b33c8226b54,mol/mol true liquid species,MEAH+,True
F4,packet,Matin2012_state_004,Matin2012_state_004::MEACOO-,Matin2012,species,true-species-liquid-mole-fraction,MEACOO-,293.15,0.17290345806916138,0.0177,0.018713817233326532,0.36599900120091405,0.055697500919018796,0.06697763444003334,8e17fe8802ebed88e61c68dfdf0e22051bbaf56325349a9e418d5b33c8226b54,mol/mol true liquid species,MEACOO-,True
F4,packet,Matin2012_state_004,Matin2012_state_004::HCO3-,Matin2012,species,true-species-liquid-mole-fraction-linear-aggregate,HCO3-,293.15,0.17290345806916138,0.002,0.0007000389587238702,-1.083300867730108,-1.049766470727563,0.5867703850124024,8e17fe8802ebed88e61c68dfdf0e22051bbaf56325349a9e418d5b33c8226b54,mol/mol true liquid species,HCO3- + CO3^2-,True
F4,packet,Matin2012_state_005,Matin2012_state_005::MEA,Matin2012,species,true-species-liquid-mole-fraction,MEA,293.15,0.19490389807796157,0.0718,0.06878773970917994,-0.3682469793178564,-0.042858948896180374,0.06780291888836287,8e17fe8802ebed88e61c68dfdf0e22051bbaf56325349a9e418d5b33c8226b54,mol/mol true liquid species,MEA,True
F4,packet,Matin2012_state_005,Matin2012_state_005::MEAH+,Matin2012,species,true-species-liquid-mole-fraction,MEAH+,293.15,0.19490389807796157,0.021,0.022403202494648958,0.4526459660157924,0.06468147942966178,0.10244418527518494,8e17fe8802ebed88e61c68dfdf0e22051bbaf56325349a9e418d5b33c8226b54,mol/mol true liquid species,MEAH+,True
F4,packet,Matin2012_state_005,Matin2012_state_005::MEACOO-,Matin2012,species,true-species-liquid-mole-fraction,MEACOO-,293.15,0.19490389807796157,0.0203,0.021027925507026132,0.24023944126275038,0.03523045434212991,0.028857494569119242,8e17fe8802ebed88e61c68dfdf0e22051bbaf56325349a9e418d5b33c8226b54,mol/mol true liquid species,MEACOO-,True
F4,packet,Matin2012_state_005,Matin2012_state_005::HCO3-,Matin2012,species,true-species-liquid-mole-fraction-linear-aggregate,HCO3-,293.15,0.19490389807796157,0.002,0.0008547432134055576,-0.9543806554953687,-0.8501013709131483,0.45542121779188477,8e17fe8802ebed88e61c68dfdf0e22051bbaf56325349a9e418d5b33c8226b54,mol/mol true liquid species,HCO3- + CO3^2-,True
F4,packet,Matin2012_state_006,Matin2012_state_006::MEA,Matin2012,species,true-species-liquid-mole-fraction,MEA,293.15,0.21790435808716177,0.0668,0.06368436785828928,-0.4056812684519166,-0.04776395061924235,0.08228864578637801,8e17fe8802ebed88e61c68dfdf0e22051bbaf56325349a9e418d5b33c8226b54,mol/mol true liquid species,MEA,True
F4,packet,Matin2012_state_006,Matin2012_state_006::MEAH+,Matin2012,species,true-species-liquid-mole-fraction,MEAH+,293.15,0.21790435808716177,0.0234,0.025113020108417233,0.5128802719812073,0.07065041869949912,0.13152308669375862,8e17fe8802ebed88e61c68dfdf0e22051bbaf56325349a9e418d5b33c8226b54,mol/mol true liquid species,MEAH+,True
F4,packet,Matin2012_state_006,Matin2012_state_006::MEACOO-,Matin2012,species,true-species-liquid-mole-fraction,MEACOO-,293.15,0.21790435808716177,0.0228,0.023421479376609006,0.18947541969786752,0.026892987447729094,0.01795046733484152,8e17fe8802ebed88e61c68dfdf0e22051bbaf56325349a9e418d5b33c8226b54,mol/mol true liquid species,MEACOO-,True
F4,packet,Matin2012_state_006,Matin2012_state_006::HCO3-,Matin2012,species,true-species-liquid-mole-fraction-linear-aggregate,HCO3-,293.15,0.21790435808716177,0.0021,0.001042219945846412,-0.8741983918624692,-0.7005843432057431,0.3821114141674636,8e17fe8802ebed88e61c68dfdf0e22051bbaf56325349a9e418d5b33c8226b54,mol/mol true liquid species,HCO3- + CO3^2-,True
F4,packet,Matin2012_state_007,Matin2012_state_007::MEA,Matin2012,species,true-species-liquid-mole-fraction,MEA,293.15,0.24090481809636194,0.0618,0.058587712503028036,-0.4473938018066803,-0.05337837411616213,0.10008060694751757,8e17fe8802ebed88e61c68dfdf0e22051bbaf56325349a9e418d5b33c8226b54,mol/mol true liquid species,MEA,True
F4,packet,Matin2012_state_007,Matin2012_state_007::MEAH+,Matin2012,species,true-species-liquid-mole-fraction,MEAH+,293.15,0.24090481809636194,0.0257,0.027846896122158616,0.601371462789528,0.08023051842840008,0.18082381812880835,8e17fe8802ebed88e61c68dfdf0e22051bbaf56325349a9e418d5b33c8226b54,mol/mol true liquid species,MEAH+,True
F4,packet,Matin2012_state_007,Matin2012_state_007::MEACOO-,Matin2012,species,true-species-liquid-mole-fraction,MEACOO-,293.15,0.24090481809636194,0.0252,0.025784258253799756,0.16598245846583984,0.022920165994301828,0.013775088259182123,8e17fe8802ebed88e61c68dfdf0e22051bbaf56325349a9e418d5b33c8226b54,mol/mol true liquid species,MEACOO-,True
F4,packet,Matin2012_state_007,Matin2012_state_007::HCO3-,Matin2012,species,true-species-liquid-mole-fraction-linear-aggregate,HCO3-,293.15,0.24090481809636194,0.0023,0.0012604707679388064,-0.8451457171229216,-0.6014238464040282,0.35713564158560873,8e17fe8802ebed88e61c68dfdf0e22051bbaf56325349a9e418d5b33c8226b54,mol/mol true liquid species,HCO3- + CO3^2-,True
F4,packet,Matin2012_state_008,Matin2012_state_008::MEA,Matin2012,species,true-species-liquid-mole-fraction,MEA,293.15,0.26390527810556214,0.0568,0.05349936314681657,-0.49410731335081376,-0.05986657569381679,0.12207101855337962,8e17fe8802ebed88e61c68dfdf0e22051bbaf56325349a9e418d5b33c8226b54,mol/mol true liquid species,MEA,True
F4,packet,Matin2012_state_008,Matin2012_state_008::MEAH+,Matin2012,species,true-species-liquid-mole-fraction,MEAH+,293.15,0.26390527810556214,0.0281,0.030608569753159006,0.6584172580469833,0.08551045070268963,0.21675664284705387,8e17fe8802ebed88e61c68dfdf0e22051bbaf56325349a9e418d5b33c8226b54,mol/mol true liquid species,MEAH+,True
F4,packet,Matin2012_state_008,Matin2012_state_008::MEACOO-,Matin2012,species,true-species-liquid-mole-fraction,MEACOO-,293.15,0.26390527810556214,0.0276,0.028110933384762764,0.13588653850073534,0.018342816367044466,0.009232575672855915,8e17fe8802ebed88e61c68dfdf0e22051bbaf56325349a9e418d5b33c8226b54,mol/mol true liquid species,MEACOO-,True
F4,packet,Matin2012_state_008,Matin2012_state_008::HCO3-,Matin2012,species,true-species-liquid-mole-fraction-linear-aggregate,HCO3-,293.15,0.26390527810556214,0.0026,0.0015148241228728184,-0.8612506961326837,-0.5402121033181201,0.3708763807945161,8e17fe8802ebed88e61c68dfdf0e22051bbaf56325349a9e418d5b33c8226b54,mol/mol true liquid species,HCO3- + CO3^2-,True
F4,packet,Matin2012_state_009,Matin2012_state_009::MEA,Matin2012,species,true-species-liquid-mole-fraction,MEA,293.15,0.2869057381147623,0.0518,0.04842155055336382,-0.5466746677404818,-0.06744517527436686,0.1494265961745831,8e17fe8802ebed88e61c68dfdf0e22051bbaf56325349a9e418d5b33c8226b54,mol/mol true liquid species,MEA,True
F4,packet,Matin2012_state_009,Matin2012_state_009::MEAH+,Matin2012,species,true-species-liquid-mole-fraction,MEAH+,293.15,0.2869057381147623,0.0304,0.03340212748154298,0.743100861768065,0.0941769865940927,0.2760994453802204,8e17fe8802ebed88e61c68dfdf0e22051bbaf56325349a9e418d5b33c8226b54,mol/mol true liquid species,MEAH+,True
F4,packet,Matin2012_state_009,Matin2012_state_009::MEACOO-,Matin2012,species,true-species-liquid-mole-fraction,MEACOO-,293.15,0.2869057381147623,0.0299,0.030395187475560383,0.12410713673192576,0.016425808758715795,0.007701290693898458,8e17fe8802ebed88e61c68dfdf0e22051bbaf56325349a9e418d5b33c8226b54,mol/mol true liquid species,MEACOO-,True
F4,packet,Matin2012_state_009,Matin2012_state_009::HCO3-,Matin2012,species,true-species-liquid-mole-fraction-linear-aggregate,HCO3-,293.15,0.2869057381147623,0.003,0.0018115968347561322,-0.9141562809568214,-0.5044036031787382,0.41784085300640356,8e17fe8802ebed88e61c68dfdf0e22051bbaf56325349a9e418d5b33c8226b54,mol/mol true liquid species,HCO3- + CO3^2-,True
F4,packet,Matin2012_state_010,Matin2012_state_010::MEA,Matin2012,species,true-species-liquid-mole-fraction,MEA,293.15,0.3099061981239625,0.0469,0.04335751408967784,-0.6225810035715564,-0.07853765184450151,0.1938035530040832,8e17fe8802ebed88e61c68dfdf0e22051bbaf56325349a9e418d5b33c8226b54,mol/mol true liquid species,MEA,True
F4,packet,Matin2012_state_010,Matin2012_state_010::MEAH+,Matin2012,species,true-species-liquid-mole-fraction,MEAH+,293.15,0.3099061981239625,0.0327,0.036231900424391075,0.8271429565318676,0.10256488006891663,0.34208273527013955,8e17fe8802ebed88e61c68dfdf0e22051bbaf56325349a9e418d5b33c8226b54,mol/mol true liquid species,MEAH+,True
F4,packet,Matin2012_state_010,Matin2012_state_010::MEACOO-,Matin2012,species,true-species-liquid-mole-fraction,MEACOO-,293.15,0.3099061981239625,0.0321,0.032629449963221493,0.12576008627589,0.016359223545738478,0.007907799650059649,8e17fe8802ebed88e61c68dfdf0e22051bbaf56325349a9e418d5b33c8226b54,mol/mol true liquid species,MEACOO-,True
F4,packet,Matin2012_state_010,Matin2012_state_010::HCO3-,Matin2012,species,true-species-liquid-mole-fraction-linear-aggregate,HCO3-,293.15,0.3099061981239625,0.0034,0.002158358726750303,-0.9265979651117139,-0.4544273474841186,0.4292918944745845,8e17fe8802ebed88e61c68dfdf0e22051bbaf56325349a9e418d5b33c8226b54,mol/mol true liquid species,HCO3- + CO3^2-,True
F4,packet,Matin2012_state_011,Matin2012_state_011::MEA,Matin2012,species,true-species-liquid-mole-fraction,MEA,293.15,0.33390667813356273,0.0419,0.03809330934888728,-0.7334664067654568,-0.09524716785701771,0.2689864849267153,8e17fe8802ebed88e61c68dfdf0e22051bbaf56325349a9e418d5b33c8226b54,mol/mol true liquid species,MEA,True
F4,packet,Matin2012_state_011,Matin2012_state_011::MEAH+,Matin2012,species,true-species-liquid-mole-fraction,MEAH+,293.15,0.33390667813356273,0.0349,0.03922803411953292,0.9639274208313853,0.11690481809629431,0.46457803631532324,8e17fe8802ebed88e61c68dfdf0e22051bbaf56325349a9e418d5b33c8226b54,mol/mol true liquid species,MEAH+,True
F4,packet,Matin2012_state_011,Matin2012_state_011::MEACOO-,Matin2012,species,true-species-liquid-mole-fraction,MEACOO-,293.15,0.33390667813356273,0.0342,0.03489751951276894,0.1578098445178595,0.02019010848124102,0.012451973513375496,8e17fe8802ebed88e61c68dfdf0e22051bbaf56325349a9e418d5b33c8226b54,mol/mol true liquid species,MEACOO-,True
F4,packet,Matin2012_state_011,Matin2012_state_011::HCO3-,Matin2012,species,true-species-liquid-mole-fraction-linear-aggregate,HCO3-,293.15,0.33390667813356273,0.004,0.002583528092966276,-1.0117656478812316,-0.437138418438835,0.5118348631162641,8e17fe8802ebed88e61c68dfdf0e22051bbaf56325349a9e418d5b33c8226b54,mol/mol true liquid species,HCO3- + CO3^2-,True
F4,packet,Matin2012_state_012,Matin2012_state_012::MEA,Matin2012,species,true-species-liquid-mole-fraction,MEA,293.15,0.3579071581431629,0.0371,0.032858351508354075,-0.9005623124513642,-0.12141102538519719,0.40550623930387425,8e17fe8802ebed88e61c68dfdf0e22051bbaf56325349a9e418d5b33c8226b54,mol/mol true liquid species,MEA,True
F4,packet,Matin2012_state_012,Matin2012_state_012::MEAH+,Matin2012,species,true-species-liquid-mole-fraction,MEAH+,293.15,0.3579071581431629,0.0372,0.042272845110716745,1.0747553200671076,0.12783615907134213,0.5775494990062755,8e17fe8802ebed88e61c68dfdf0e22051bbaf56325349a9e418d5b33c8226b54,mol/mol true liquid species,MEAH+,True
F4,packet,Matin2012_state_012,Matin2012_state_012::MEACOO-,Matin2012,species,true-species-liquid-mole-fraction,MEACOO-,293.15,0.3579071581431629,0.0362,0.03708766417732952,0.1921351033180769,0.024225293531857938,0.018457948963524044,8e17fe8802ebed88e61c68dfdf0e22051bbaf56325349a9e418d5b33c8226b54,mol/mol true liquid species,MEACOO-,True
F4,packet,Matin2012_state_012,Matin2012_state_012::HCO3-,Matin2012,species,true-species-liquid-mole-fraction-linear-aggregate,HCO3-,293.15,0.3579071581431629,0.0046,0.003086615888802906,-1.036564459724037,-0.39898099435218704,0.5372329395814924,8e17fe8802ebed88e61c68dfdf0e22051bbaf56325349a9e418d5b33c8226b54,mol/mol true liquid species,HCO3- + CO3^2-,True
F4,packet,Matin2012_state_013,Matin2012_state_013::MEA,Matin2012,species,true-species-liquid-mole-fraction,MEA,293.15,0.3819076381527631,0.0322,0.027667847789497067,-1.073969718128657,-0.15169544314647618,0.5767054777286734,8e17fe8802ebed88e61c68dfdf0e22051bbaf56325349a9e418d5b33c8226b54,mol/mol true liquid species,MEA,True
F4,packet,Matin2012_state_013,Matin2012_state_013::MEAH+,Matin2012,species,true-species-liquid-mole-fraction,MEAH+,293.15,0.3819076381527631,0.0394,0.04536935771394446,1.2083720068713484,0.14107112064723493,0.730081453495145,8e17fe8802ebed88e61c68dfdf0e22051bbaf56325349a9e418d5b33c8226b54,mol/mol true liquid species,MEAH+,True
F4,packet,Matin2012_state_013,Matin2012_state_013::MEACOO-,Matin2012,species,true-species-liquid-mole-fraction,MEACOO-,293.15,0.3819076381527631,0.0381,0.03918165190578355,0.2248756560880558,0.027994291459817227,0.02528453035051677,8e17fe8802ebed88e61c68dfdf0e22051bbaf56325349a9e418d5b33c8226b54,mol/mol true liquid species,MEACOO-,True
F4,packet,Matin2012_state_013,Matin2012_state_013::HCO3-,Matin2012,species,true-species-liquid-mole-fraction-linear-aggregate,HCO3-,293.15,0.3819076381527631,0.0053,0.003685849341909824,-1.055000430124298,-0.3632058352033335,0.5565129537812268,8e17fe8802ebed88e61c68dfdf0e22051bbaf56325349a9e418d5b33c8226b54,mol/mol true liquid species,HCO3- + CO3^2-,True
F4,packet,Matin2012_state_014,Matin2012_state_014::MEA,Matin2012,species,true-species-liquid-mole-fraction,MEA,293.15,0.4059081181623633,0.0274,0.022549647035528645,-1.2968858193773678,-0.1948236000942852,0.8409564142510533,8e17fe8802ebed88e61c68dfdf0e22051bbaf56325349a9e418d5b33c8226b54,mol/mol true liquid species,MEA,True
F4,packet,Matin2012_state_014,Matin2012_state_014::MEAH+,Matin2012,species,true-species-liquid-mole-fraction,MEAH+,293.15,0.4059081181623633,0.0415,0.048517001160519886,1.362524497188327,0.1562208486743688,0.9282365027191517,8e17fe8802ebed88e61c68dfdf0e22051bbaf56325349a9e418d5b33c8226b54,mol/mol true liquid species,MEAH+,True
F4,packet,Matin2012_state_014,Matin2012_state_014::MEACOO-,Matin2012,species,true-species-liquid-mole-fraction,MEACOO-,293.15,0.4059081181623633,0.04,0.0411522035202236,0.23044070404471956,0.02839802006207363,0.026551459040313013,8e17fe8802ebed88e61c68dfdf0e22051bbaf56325349a9e418d5b33c8226b54,mol/mol true liquid species,MEACOO-,True
F4,packet,Matin2012_state_014,Matin2012_state_014::HCO3-,Matin2012,species,true-species-liquid-mole-fraction-linear-aggregate,HCO3-,293.15,0.4059081181623633,0.0061,0.004408497263152447,-1.050622817917735,-0.3247548964460263,0.5519041527647012,8e17fe8802ebed88e61c68dfdf0e22051bbaf56325349a9e418d5b33c8226b54,mol/mol true liquid species,HCO3- + CO3^2-,True
F4,packet,Matin2012_state_015,Matin2012_state_015::MEA,Matin2012,species,true-species-liquid-mole-fraction,MEA,293.15,0.4309086181723635,0.0227,0.01735525476920967,-1.6344786638502544,-0.2684695954075632,1.3357602512908564,8e17fe8802ebed88e61c68dfdf0e22051bbaf56325349a9e418d5b33c8226b54,mol/mol true liquid species,MEA,True
F4,packet,Matin2012_state_015,Matin2012_state_015::MEAH+,Matin2012,species,true-species-liquid-mole-fraction,MEAH+,293.15,0.4309086181723635,0.0436,0.051840324904471616,1.5373740493417194,0.17311116911675933,1.1817594837946777,8e17fe8802ebed88e61c68dfdf0e22051bbaf56325349a9e418d5b33c8226b54,mol/mol true liquid species,MEAH+,True
F4,packet,Matin2012_state_015,Matin2012_state_015::MEACOO-,Matin2012,species,true-species-liquid-mole-fraction,MEACOO-,293.15,0.4309086181723635,0.0417,0.04302326072471668,0.25594985004191145,0.0312397877161093,0.03275516286823848,8e17fe8802ebed88e61c68dfdf0e22051bbaf56325349a9e418d5b33c8226b54,mol/mol true liquid species,MEACOO-,True
F4,packet,Matin2012_state_015,Matin2012_state_015::HCO3-,Matin2012,species,true-species-liquid-mole-fraction-linear-aggregate,HCO3-,293.15,0.4309086181723635,0.007,0.005342805617575485,-0.9748202249555973,-0.2701592375059362,0.47513723549124065,8e17fe8802ebed88e61c68dfdf0e22051bbaf56325349a9e418d5b33c8226b54,mol/mol true liquid species,HCO3- + CO3^2-,True
F4,packet,Matin2012_state_017,Matin2012_state_017::MEA,Matin2012,species,true-species-liquid-mole-fraction,MEA,293.15,0.4799095981919638,0.0135,0.008264912287967618,-2.2276968987371837,-0.49067056669381676,2.481316736321633,8e17fe8802ebed88e61c68dfdf0e22051bbaf56325349a9e418d5b33c8226b54,mol/mol true liquid species,MEA,True
F4,packet,Matin2012_state_017,Matin2012_state_017::MEAH+,Matin2012,species,true-species-liquid-mole-fraction,MEAH+,293.15,0.4799095981919638,0.0477,0.05830642215877365,1.8382014139988998,0.2007808464926218,1.6894922192137773,8e17fe8802ebed88e61c68dfdf0e22051bbaf56325349a9e418d5b33c8226b54,mol/mol true liquid species,MEAH+,True
F4,packet,Matin2012_state_017,Matin2012_state_017::MEACOO-,Matin2012,species,true-species-liquid-mole-fraction,MEACOO-,293.15,0.4799095981919638,0.0448,0.045647413822405725,0.1546375588331615,0.018738813713061124,0.01195638730093974,8e17fe8802ebed88e61c68dfdf0e22051bbaf56325349a9e418d5b33c8226b54,mol/mol true liquid species,MEACOO-,True
F4,packet,Matin2012_state_017,Matin2012_state_017::HCO3-,Matin2012,species,true-species-liquid-mole-fraction-linear-aggregate,HCO3-,293.15,0.4799095981919638,0.0091,0.008216510499743541,-0.4625599477782507,-0.10212880799923815,0.10698085264430901,8e17fe8802ebed88e61c68dfdf0e22051bbaf56325349a9e418d5b33c8226b54,mol/mol true liquid species,HCO3- + CO3^2-,True
F4,packet,Matin2012_state_018,Matin2012_state_018::MEA,Matin2012,species,true-species-liquid-mole-fraction,MEA,293.15,0.5049100982019641,0.009,0.005002306631210261,-2.1040491414682836,-0.5873254450383021,2.2135113948567104,8e17fe8802ebed88e61c68dfdf0e22051bbaf56325349a9e418d5b33c8226b54,mol/mol true liquid species,MEA,True
F4,packet,Matin2012_state_018,Matin2012_state_018::MEAH+,Matin2012,species,true-species-liquid-mole-fraction,MEAH+,293.15,0.5049100982019641,0.0496,0.06133596025378493,1.9691208479504922,0.21237546451756067,1.938718456916633,8e17fe8802ebed88e61c68dfdf0e22051bbaf56325349a9e418d5b33c8226b54,mol/mol true liquid species,MEAH+,True
F4,packet,Matin2012_state_018,Matin2012_state_018::MEACOO-,Matin2012,species,true-species-liquid-mole-fraction,MEACOO-,293.15,0.5049100982019641,0.0462,0.04588027008560172,-0.056891443843109804,-0.0069446190609007905,0.0016183181912768582,8e17fe8802ebed88e61c68dfdf0e22051bbaf56325349a9e418d5b33c8226b54,mol/mol true liquid species,MEACOO-,True
F4,packet,Matin2012_state_018,Matin2012_state_018::HCO3-,Matin2012,species,true-species-liquid-mole-fraction-linear-aggregate,HCO3-,293.15,0.5049100982019641,0.0102,0.010787133322877503,0.2906600608304468,0.05596634461484952,0.04224163548097952,8e17fe8802ebed88e61c68dfdf0e22051bbaf56325349a9e418d5b33c8226b54,mol/mol true liquid species,HCO3- + CO3^2-,True
F4,packet,Matin2012_state_019,Matin2012_state_019::MEA,Matin2012,species,true-species-liquid-mole-fraction,MEA,293.15,0.5309106182123643,0.0046,0.0030352324264340228,-1.0717586120314913,-0.4157682998947461,0.5743332612318343,8e17fe8802ebed88e61c68dfdf0e22051bbaf56325349a9e418d5b33c8226b54,mol/mol true liquid species,MEA,True
F4,packet,Matin2012_state_019,Matin2012_state_019::MEAH+,Matin2012,species,true-species-liquid-mole-fraction,MEAH+,293.15,0.5309106182123643,0.0515,0.06414094425386868,2.0554380900599485,0.21950110824979624,2.1124128710346444,8e17fe8802ebed88e61c68dfdf0e22051bbaf56325349a9e418d5b33c8226b54,mol/mol true liquid species,MEAH+,True
F4,packet,Matin2012_state_019,Matin2012_state_019::MEACOO-,Matin2012,species,true-species-liquid-mole-fraction,MEACOO-,293.15,0.5309106182123643,0.0475,0.045041744877446104,-0.42752263000937335,-0.05313998734130619,0.09138779958506577,8e17fe8802ebed88e61c68dfdf0e22051bbaf56325349a9e418d5b33c8226b54,mol/mol true liquid species,MEACOO-,True
F4,packet,Matin2012_state_019,Matin2012_state_019::HCO3-,Matin2012,species,true-species-liquid-mole-fraction-linear-aggregate,HCO3-,293.15,0.5309106182123643,0.0114,0.014537529667312518,1.466135358557251,0.24312020318601804,1.0747764448058994,8e17fe8802ebed88e61c68dfdf0e22051bbaf56325349a9e418d5b33c8226b54,mol/mol true liquid species,HCO3- + CO3^2-,True
F4,packet,vle_obs_0119,vle_obs_0119-pco2,Hilliard2008,pressure,true-species-vapor-partial-pressure,pCO2,313.137,0.15290305806116122,5.7,5.235800699441883,-0.2831546367701939,-0.08494639103105817,0.04008827416223023,8e17fe8802ebed88e61c68dfdf0e22051bbaf56325349a9e418d5b33c8226b54,Pa,pCO2,True
F4,packet,vle_obs_0120,vle_obs_0120-pco2,Hilliard2008,pressure,true-species-vapor-partial-pressure,pCO2,313.20799999999997,0.16290325806516132,6.64,6.022649973120209,-0.3252820205149507,-0.0975846061544852,0.0529041964351444,8e17fe8802ebed88e61c68dfdf0e22051bbaf56325349a9e418d5b33c8226b54,Pa,pCO2,True
F4,packet,vle_obs_0121,vle_obs_0121-pco2,Hilliard2008,pressure,true-species-vapor-partial-pressure,pCO2,313.135,0.1699033980679614,7.21,6.552793213468368,-0.3185918258236989,-0.09557754774710966,0.05075037574083904,8e17fe8802ebed88e61c68dfdf0e22051bbaf56325349a9e418d5b33c8226b54,Pa,pCO2,True
F4,packet,vle_obs_0122,vle_obs_0122-pco2,Hilliard2008,pressure,true-species-vapor-partial-pressure,pCO2,313.294,0.19090381807636156,9.950000000000001,8.778828294042361,-0.4174320137751688,-0.12522960413255063,0.08712474306219636,8e17fe8802ebed88e61c68dfdf0e22051bbaf56325349a9e418d5b33c8226b54,Pa,pCO2,True
F4,packet,vle_obs_0123,vle_obs_0123-pco2,Hilliard2008,pressure,true-species-vapor-partial-pressure,pCO2,313.18399999999997,0.19390387807756157,9.85,9.146751075309028,-0.24690904228963734,-0.0740727126868912,0.03048203758219296,8e17fe8802ebed88e61c68dfdf0e22051bbaf56325349a9e418d5b33c8226b54,Pa,pCO2,True
F4,packet,vle_obs_0124,vle_obs_0124-pco2,Hilliard2008,pressure,true-species-vapor-partial-pressure,pCO2,313.18399999999997,0.23190463809276188,14.6,14.21582764341583,-0.0888852068735605,-0.026665562062068146,0.003950290000477823,8e17fe8802ebed88e61c68dfdf0e22051bbaf56325349a9e418d5b33c8226b54,Pa,pCO2,True
F4,packet,vle_obs_0125,vle_obs_0125-pco2,Hilliard2008,pressure,true-species-vapor-partial-pressure,pCO2,313.27,0.24590491809836199,19.099999999999998,16.913527654805385,-0.4052486012269937,-0.12157458036809811,0.08211321439821748,8e17fe8802ebed88e61c68dfdf0e22051bbaf56325349a9e418d5b33c8226b54,Pa,pCO2,True
F4,packet,vle_obs_0126,vle_obs_0126-pco2,Hilliard2008,pressure,true-species-vapor-partial-pressure,pCO2,313.118,0.2689053781075622,23.099999999999998,21.843753610381977,-0.1863920427050905,-0.05591761281152715,0.017370996791888138,8e17fe8802ebed88e61c68dfdf0e22051bbaf56325349a9e418d5b33c8226b54,Pa,pCO2,True
F4,packet,vle_obs_0127,vle_obs_0127-pco2,Hilliard2008,pressure,true-species-vapor-partial-pressure,pCO2,313.503,0.2719054381087622,22.4,24.11980133818669,0.24657392190161564,0.07397217657048469,0.030399349480972025,8e17fe8802ebed88e61c68dfdf0e22051bbaf56325349a9e418d5b33c8226b54,Pa,pCO2,True
F4,packet,vle_obs_0128,vle_obs_0128-pco2,Hilliard2008,pressure,true-species-vapor-partial-pressure,pCO2,313.01599999999996,0.32590651813036264,48.5,44.06490592442775,-0.3196670544047011,-0.09590011632141032,0.05109351283588907,8e17fe8802ebed88e61c68dfdf0e22051bbaf56325349a9e418d5b33c8226b54,Pa,pCO2,True
F4,packet,vle_obs_0129,vle_obs_0129-pco2,Hilliard2008,pressure,true-species-vapor-partial-pressure,pCO2,313.029,0.3479069581391628,66.19999999999999,59.592231329525696,-0.3505174806252732,-0.10515524418758196,0.06143125211194439,8e17fe8802ebed88e61c68dfdf0e22051bbaf56325349a9e418d5b33c8226b54,Pa,pCO2,True
F4,packet,vle_obs_0130,vle_obs_0130-pco2,Hilliard2008,pressure,true-species-vapor-partial-pressure,pCO2,313.14,0.3499069981399628,72.1,61.90890053251144,-0.5079669534780792,-0.15239008604342374,0.12901521291290052,8e17fe8802ebed88e61c68dfdf0e22051bbaf56325349a9e418d5b33c8226b54,Pa,pCO2,True
F4,packet,vle_obs_0131,vle_obs_0131-pco2,Hilliard2008,pressure,true-species-vapor-partial-pressure,pCO2,313.02,0.3599071981439629,96.60000000000001,69.81757218852985,-1.0823100419399823,-0.3246930125819947,0.5856975134420631,8e17fe8802ebed88e61c68dfdf0e22051bbaf56325349a9e418d5b33c8226b54,Pa,pCO2,True
F4,packet,vle_obs_0132,vle_obs_0132-pco2,Hilliard2008,pressure,true-species-vapor-partial-pressure,pCO2,313.2,0.3819076381527631,131.0,92.72435618924226,-1.1518871435898999,-0.3455661430769699,0.6634219957838493,8e17fe8802ebed88e61c68dfdf0e22051bbaf56325349a9e418d5b33c8226b54,Pa,pCO2,True
F4,packet,vle_obs_0133,vle_obs_0133-pco2,Hilliard2008,pressure,true-species-vapor-partial-pressure,pCO2,313.03,0.3859077181543631,120.0,105.65900403232564,-0.4242492574886665,-0.12727477724659994,0.08999371623984243,8e17fe8802ebed88e61c68dfdf0e22051bbaf56325349a9e418d5b33c8226b54,Pa,pCO2,True
F4,packet,vle_obs_0134,vle_obs_0134-pco2,Hilliard2008,pressure,true-species-vapor-partial-pressure,pCO2,313.0,0.38890777815556316,113.0,110.91290053377583,-0.06214201766098964,-0.01864260529829689,0.001930815179489374,8e17fe8802ebed88e61c68dfdf0e22051bbaf56325349a9e418d5b33c8226b54,Pa,pCO2,True
F4,packet,vle_obs_0135,vle_obs_0135-pco2,Hilliard2008,pressure,true-species-vapor-partial-pressure,pCO2,313.15,0.39990799815996325,128.0,136.32724321446938,0.2100931055293064,0.06302793165879192,0.022069556495474138,8e17fe8802ebed88e61c68dfdf0e22051bbaf56325349a9e418d5b33c8226b54,Pa,pCO2,True
F4,packet,vle_obs_0136,vle_obs_0136-pco2,Hilliard2008,pressure,true-species-vapor-partial-pressure,pCO2,313.169,0.46390927818556377,750.0,567.8277436359227,-0.9275170068364463,-0.2782551020509339,0.4301438989854202,8e17fe8802ebed88e61c68dfdf0e22051bbaf56325349a9e418d5b33c8226b54,Pa,pCO2,True
F4,packet,vle_obs_0137,vle_obs_0137-pco2,Hilliard2008,pressure,true-species-vapor-partial-pressure,pCO2,313.08,0.4659093181863638,574.0,611.1882739115658,0.20925218664863166,0.0627756559945895,0.02189323880861689,8e17fe8802ebed88e61c68dfdf0e22051bbaf56325349a9e418d5b33c8226b54,Pa,pCO2,True
F4,packet,vle_obs_0138,vle_obs_0138-pco2,Hilliard2008,pressure,true-species-vapor-partial-pressure,pCO2,313.14,0.48090961819236383,883.0,959.095764481677,0.27555242660603824,0.08266572798181146,0.03796456990423804,8e17fe8802ebed88e61c68dfdf0e22051bbaf56325349a9e418d5b33c8226b54,Pa,pCO2,True
F4,packet,vle_obs_0139,vle_obs_0139-pco2,Hilliard2008,pressure,true-species-vapor-partial-pressure,pCO2,313.02799999999996,0.4909098181963639,1100.0,1303.759291594745,0.5664722477518536,0.16994167432555607,0.1604454037365187,8e17fe8802ebed88e61c68dfdf0e22051bbaf56325349a9e418d5b33c8226b54,Pa,pCO2,True
F4,packet,vle_obs_0140,vle_obs_0140-pco2,Hilliard2008,pressure,true-species-vapor-partial-pressure,pCO2,313.168,0.5009100182003641,1870.0,1851.9925915392043,-0.0322543163310612,-0.00967629489931836,0.0005201704609920806,8e17fe8802ebed88e61c68dfdf0e22051bbaf56325349a9e418d5b33c8226b54,Pa,pCO2,True
F4,packet,vle_obs_0141,vle_obs_0141-pco2,Hilliard2008,pressure,true-species-vapor-partial-pressure,pCO2,313.147,0.5179103582071641,3030.0,3249.590868152757,0.23322160724580457,0.06996648217374137,0.027196159043158162,8e17fe8802ebed88e61c68dfdf0e22051bbaf56325349a9e418d5b33c8226b54,Pa,pCO2,True
F4,packet,vle_obs_0142,vle_obs_0142-pco2,Hilliard2008,pressure,true-species-vapor-partial-pressure,pCO2,313.15,0.5909118182363647,28300.0,21682.7858503438,-0.8878104590029816,-0.26634313770089446,0.3941037055575424,8e17fe8802ebed88e61c68dfdf0e22051bbaf56325349a9e418d5b33c8226b54,Pa,pCO2,True
F4,packet,vle_obs_0143,vle_obs_0143-pco2,Hilliard2008,pressure,true-species-vapor-partial-pressure,pCO2,333.018,0.11390227804556091,19.400000000000002,20.38117192203565,0.16446154535552007,0.049338463606656016,0.013523799950362892,8e17fe8802ebed88e61c68dfdf0e22051bbaf56325349a9e418d5b33c8226b54,Pa,pCO2,True
F4,packet,vle_obs_0144,vle_obs_0144-pco2,Hilliard2008,pressure,true-species-vapor-partial-pressure,pCO2,333.114,0.19090381807636156,58.9,62.51896167810373,0.19876268973996786,0.05962880692199036,0.019753303416333363,8e17fe8802ebed88e61c68dfdf0e22051bbaf56325349a9e418d5b33c8226b54,Pa,pCO2,True
F4,packet,vle_obs_0145,vle_obs_0145-pco2,Hilliard2008,pressure,true-species-vapor-partial-pressure,pCO2,333.10999999999996,0.29090581811636235,209.0,209.67591648799885,0.010762772964365709,0.003228831889309713,5.791864094124072e-05,8e17fe8802ebed88e61c68dfdf0e22051bbaf56325349a9e418d5b33c8226b54,Pa,pCO2,True
F4,packet,vle_obs_0146,vle_obs_0146-pco2,Hilliard2008,pressure,true-species-vapor-partial-pressure,pCO2,333.034,0.3859077181543631,763.0,770.1297673555353,0.031003327990043156,0.009300998397012946,0.00048060317322909667,8e17fe8802ebed88e61c68dfdf0e22051bbaf56325349a9e418d5b33c8226b54,Pa,pCO2,True
F4,packet,vle_obs_0147,vle_obs_0147-pco2,Hilliard2008,pressure,true-species-vapor-partial-pressure,pCO2,332.921,0.4849096981939639,4860.0,6424.982377750127,0.9305181670083117,0.2791554501024935,0.43293202956625415,8e17fe8802ebed88e61c68dfdf0e22051bbaf56325349a9e418d5b33c8226b54,Pa,pCO2,True
F4,packet,vle_obs_0149,vle_obs_0149-pco2,Hilliard2008,pressure,true-species-vapor-partial-pressure,pCO2,333.09499999999997,0.5649112982259645,50200.0,53767.097682447595,0.2288222871525971,0.06864668614577912,0.026179819548872798,8e17fe8802ebed88e61c68dfdf0e22051bbaf56325349a9e418d5b33c8226b54,Pa,pCO2,True
F4,packet,vle_obs_0186,vle_obs_0186-pco2,Jou1995,pressure,true-species-vapor-partial-pressure,pCO2,313.15,0.08870177403548071,1.47,1.721785105961085,0.5269973471377278,0.15809920414131834,0.1388631019451014,8e17fe8802ebed88e61c68dfdf0e22051bbaf56325349a9e418d5b33c8226b54,Pa,pCO2,True
F4,packet,vle_obs_0187,vle_obs_0187-pco2,Jou1995,pressure,true-species-vapor-partial-pressure,pCO2,313.15,0.20290405808116166,8.959999999999999,10.001951893602888,0.366700121068436,0.1100100363205308,0.06723448939580282,8e17fe8802ebed88e61c68dfdf0e22051bbaf56325349a9e418d5b33c8226b54,Pa,pCO2,True
F4,packet,vle_obs_0188,vle_obs_0188-pco2,Jou1995,pressure,true-species-vapor-partial-pressure,pCO2,313.15,0.36490729814596295,67.7,77.46004157486851,0.4489201029838978,0.13467603089516933,0.10076462943153669,8e17fe8802ebed88e61c68dfdf0e22051bbaf56325349a9e418d5b33c8226b54,Pa,pCO2,True
F4,packet,vle_obs_0189,vle_obs_0189-pco2,Jou1995,pressure,true-species-vapor-partial-pressure,pCO2,313.15,0.4734094681893638,604.0,765.8099252262924,0.7911993387428021,0.23735980162284062,0.3129981968135237,8e17fe8802ebed88e61c68dfdf0e22051bbaf56325349a9e418d5b33c8226b54,Pa,pCO2,True
F4,packet,vle_obs_0190,vle_obs_0190-pco2,Jou1995,pressure,true-species-vapor-partial-pressure,pCO2,313.15,0.5129102582051641,2570.0,2767.038127736014,0.2462386041731753,0.07387158125195259,0.030316725092576855,8e17fe8802ebed88e61c68dfdf0e22051bbaf56325349a9e418d5b33c8226b54,Pa,pCO2,True
F4,packet,vle_obs_0191,vle_obs_0191-pco2,Jou1995,pressure,true-species-vapor-partial-pressure,pCO2,313.15,0.5569111382227645,8090.0,10136.1020481149,0.7515825992865572,0.22547477978596717,0.2824382017751688,8e17fe8802ebed88e61c68dfdf0e22051bbaf56325349a9e418d5b33c8226b54,Pa,pCO2,True
F4,packet,vle_obs_0192,vle_obs_0192-pco2,Jou1995,pressure,true-species-vapor-partial-pressure,pCO2,313.15,0.6089121782435649,36100.0,30247.971203893947,-0.5895458358366302,-0.17686375075098906,0.17378214627615549,8e17fe8802ebed88e61c68dfdf0e22051bbaf56325349a9e418d5b33c8226b54,Pa,pCO2,True
F4,packet,vle_obs_0193,vle_obs_0193-pco2,Jou1995,pressure,true-species-vapor-partial-pressure,pCO2,313.15,0.6419128382567652,103000.0,50893.376141781926,-2.34998735960159,-0.7049962078804769,2.761220295143626,8e17fe8802ebed88e61c68dfdf0e22051bbaf56325349a9e418d5b33c8226b54,Pa,pCO2,True
F4,packet,vle_obs_0194,vle_obs_0194-pco2,Jou1995,pressure,true-species-vapor-partial-pressure,pCO2,333.15,0.05630112602252045,4.28,5.506986074041517,0.8402149063647663,0.2520644719094299,0.35298054443877647,8e17fe8802ebed88e61c68dfdf0e22051bbaf56325349a9e418d5b33c8226b54,Pa,pCO2,True
F4,packet,vle_obs_0195,vle_obs_0195-pco2,Jou1995,pressure,true-species-vapor-partial-pressure,pCO2,333.15,0.11890237804756094,19.3,22.45712988902997,0.505010191894296,0.15150305756828877,0.12751764695855683,8e17fe8802ebed88e61c68dfdf0e22051bbaf56325349a9e418d5b33c8226b54,Pa,pCO2,True
F4,packet,vle_obs_0196,vle_obs_0196-pco2,Jou1995,pressure,true-species-vapor-partial-pressure,pCO2,333.15,0.20590411808236164,57.9,76.21091655383157,0.9159577657131911,0.2747873297139573,0.4194893142851505,8e17fe8802ebed88e61c68dfdf0e22051bbaf56325349a9e418d5b33c8226b54,Pa,pCO2,True
F4,packet,vle_obs_0197,vle_obs_0197-pco2,Jou1995,pressure,true-species-vapor-partial-pressure,pCO2,333.15,0.38890777815556316,528.0,819.2330749504939,1.4642411481979096,0.43927234445937285,1.0720010700379663,8e17fe8802ebed88e61c68dfdf0e22051bbaf56325349a9e418d5b33c8226b54,Pa,pCO2,True
F4,packet,vle_obs_0198,vle_obs_0198-pco2,Jou1995,pressure,true-species-vapor-partial-pressure,pCO2,333.15,0.4379087581751635,2009.9999999999998,2060.5869602159505,0.08285384096238908,0.024856152288716724,0.0034323794811104316,8e17fe8802ebed88e61c68dfdf0e22051bbaf56325349a9e418d5b33c8226b54,Pa,pCO2,True
F4,packet,vle_obs_0199,vle_obs_0199-pco2,Jou1995,pressure,true-species-vapor-partial-pressure,pCO2,333.15,0.5039100782015641,11000.0,11325.034738165232,0.09706821984560385,0.029120465953681153,0.004711119651997241,8e17fe8802ebed88e61c68dfdf0e22051bbaf56325349a9e418d5b33c8226b54,Pa,pCO2,True
F4,packet,vle_obs_0200,vle_obs_0200-pco2,Jou1995,pressure,true-species-vapor-partial-pressure,pCO2,333.15,0.5609112182243645,34000.0,49418.15996510299,1.2465248088503265,0.3739574426550979,0.7769120495396714,8e17fe8802ebed88e61c68dfdf0e22051bbaf56325349a9e418d5b33c8226b54,Pa,pCO2,True
F4,packet,vle_obs_0201,vle_obs_0201-pco2,Jou1995,pressure,true-species-vapor-partial-pressure,pCO2,333.15,0.5789115782315646,82000.0,71775.97432866119,-0.4438981552853624,-0.13316944658560873,0.09852278613287387,8e17fe8802ebed88e61c68dfdf0e22051bbaf56325349a9e418d5b33c8226b54,Pa,pCO2,True
F4,packet,vle_obs_0202,vle_obs_0202-pco2,Jou1995,pressure,true-species-vapor-partial-pressure,pCO2,333.15,0.6679133582671654,282000.0,265064.97614196595,-0.20644027339409585,-0.06193208201822875,0.02130879323951452,8e17fe8802ebed88e61c68dfdf0e22051bbaf56325349a9e418d5b33c8226b54,Pa,pCO2,True
F5,packet,Bottinger2008_state_030,Bottinger2008_state_030::MEA + MEAH+,Bottinger2008,species,true-species-liquid-mole-fraction-linear-aggregate,MEA + MEAH+,293.15,0.0749014980299606,0.1054,0.10448221944389381,-0.0795303774788719,-0.008745728041616191,0.0031625404709659274,4c36c69ee49cc2c4c6fe4c31057aa4be621826316f72d83c2f2fc194e3dc8db4,mol/mol true liquid species,MEA + MEAH+,True
F5,packet,Bottinger2008_state_030,Bottinger2008_state_030::MEACOO-,Bottinger2008,species,true-species-liquid-mole-fraction,MEACOO-,293.15,0.0749014980299606,0.0086,0.007736649282049786,-0.46416705266140523,-0.10579351868600144,0.10772552638818787,4c36c69ee49cc2c4c6fe4c31057aa4be621826316f72d83c2f2fc194e3dc8db4,mol/mol true liquid species,MEACOO-,True
F5,packet,Bottinger2008_state_031,Bottinger2008_state_031::MEA + MEAH+,Bottinger2008,species,true-species-liquid-mole-fraction-linear-aggregate,MEA + MEAH+,293.15,0.1499029980599612,0.0966,0.09673591472814985,0.012749974498109457,0.0014059958878402208,8.128092485122075e-05,4c36c69ee49cc2c4c6fe4c31057aa4be621826316f72d83c2f2fc194e3dc8db4,mol/mol true liquid species,MEA + MEAH+,True
F5,packet,Bottinger2008_state_031,Bottinger2008_state_031::MEACOO-,Bottinger2008,species,true-species-liquid-mole-fraction,MEACOO-,293.15,0.1499029980599612,0.0171,0.015482953537972383,-0.5966961114493055,-0.09933881651983122,0.178023124709361,4c36c69ee49cc2c4c6fe4c31057aa4be621826316f72d83c2f2fc194e3dc8db4,mol/mol true liquid species,MEACOO-,True
F5,packet,Bottinger2008_state_032,Bottinger2008_state_032::MEA + MEAH+,Bottinger2008,species,true-species-liquid-mole-fraction-linear-aggregate,MEA + MEAH+,293.15,0.2349046980939619,0.0871,0.08803237003223689,0.09602163050843414,0.01064770425815252,0.0046100767627491246,4c36c69ee49cc2c4c6fe4c31057aa4be621826316f72d83c2f2fc194e3dc8db4,mol/mol true liquid species,MEA + MEAH+,True
F5,packet,Bottinger2008_state_032,Bottinger2008_state_032::MEACOO-,Bottinger2008,species,true-species-liquid-mole-fraction,MEACOO-,293.15,0.2349046980939619,0.0267,0.024186497031673464,-0.6848781930045061,-0.09886906186671902,0.23452906962655878,4c36c69ee49cc2c4c6fe4c31057aa4be621826316f72d83c2f2fc194e3dc8db4,mol/mol true liquid species,MEACOO-,True
F5,packet,Bottinger2008_state_033,Bottinger2008_state_033::MEA + MEAH+,Bottinger2008,species,true-species-liquid-mole-fraction-linear-aggregate,MEA + MEAH+,293.15,0.30890617812356247,0.078,0.08056518382802397,0.29149816227545083,0.03235776706887974,0.042485589304982536,4c36c69ee49cc2c4c6fe4c31057aa4be621826316f72d83c2f2fc194e3dc8db4,mol/mol true liquid species,MEA + MEAH+,True
F5,packet,Bottinger2008_state_033,Bottinger2008_state_033::MEACOO-,Bottinger2008,species,true-species-liquid-mole-fraction,MEACOO-,293.15,0.30890617812356247,0.0349,0.031653680580980975,-0.7230110064630346,-0.09763239730097552,0.26137245773334516,4c36c69ee49cc2c4c6fe4c31057aa4be621826316f72d83c2f2fc194e3dc8db4,mol/mol true liquid species,MEACOO-,True
F5,packet,Bottinger2008_state_034,Bottinger2008_state_034::MEA + MEAH+,Bottinger2008,species,true-species-liquid-mole-fraction-linear-aggregate,MEA + MEAH+,293.15,0.38790775815516315,0.0678,0.07287113875945918,0.6518173212672466,0.0721304638877748,0.21243291015200447,4c36c69ee49cc2c4c6fe4c31057aa4be621826316f72d83c2f2fc194e3dc8db4,mol/mol true liquid species,MEA + MEAH+,True
F5,packet,Bottinger2008_state_034,Bottinger2008_state_034::MEACOO-,Bottinger2008,species,true-species-liquid-mole-fraction,MEACOO-,293.15,0.38790775815516315,0.043,0.03934771572493983,-0.6891102405773901,-0.0887621927072541,0.23743646183431424,4c36c69ee49cc2c4c6fe4c31057aa4be621826316f72d83c2f2fc194e3dc8db4,mol/mol true liquid species,MEACOO-,True
F5,packet,Bottinger2008_state_035,Bottinger2008_state_035::MEA + MEAH+,Bottinger2008,species,true-species-liquid-mole-fraction-linear-aggregate,MEA + MEAH+,293.15,0.4739094781895638,0.062,0.06609015144773017,0.568076589962524,0.06388535597239843,0.1613555060317248,4c36c69ee49cc2c4c6fe4c31057aa4be621826316f72d83c2f2fc194e3dc8db4,mol/mol true liquid species,MEA + MEAH+,True
F5,packet,Bottinger2008_state_035,Bottinger2008_state_035::MEACOO-,Bottinger2008,species,true-species-liquid-mole-fraction,MEACOO-,293.15,0.4739094781895638,0.0493,0.04612859331284304,-0.5348071985087618,-0.06649107792082161,0.14300936978839507,4c36c69ee49cc2c4c6fe4c31057aa4be621826316f72d83c2f2fc194e3dc8db4,mol/mol true liquid species,MEACOO-,True
F5,packet,Bottinger2008_state_043,Bottinger2008_state_043::MEA + MEAH+,Bottinger2008,species,true-species-liquid-mole-fraction-linear-aggregate,MEA + MEAH+,313.15,0.20490409808196164,0.0934,0.09072130389437563,-0.2590615189191842,-0.02909913262522423,0.03355643529235742,4c36c69ee49cc2c4c6fe4c31057aa4be621826316f72d83c2f2fc194e3dc8db4,mol/mol true liquid species,MEA + MEAH+,True
F5,packet,Bottinger2008_state_043,Bottinger2008_state_043::MEACOO-,Bottinger2008,species,true-species-liquid-mole-fraction,MEACOO-,313.15,0.20490409808196164,0.0241,0.021497556442713724,-0.7631799288229546,-0.11427256564934644,0.291221801879105,4c36c69ee49cc2c4c6fe4c31057aa4be621826316f72d83c2f2fc194e3dc8db4,mol/mol true liquid species,MEACOO-,True
F5,packet,Bottinger2008_state_044,Bottinger2008_state_044::MEA + MEAH+,Bottinger2008,species,true-species-liquid-mole-fraction-linear-aggregate,MEA + MEAH+,313.15,0.2359047180943619,0.0876,0.08750092691228777,-0.010150931118056499,-0.0011316113515966576,5.152070128176388e-05,4c36c69ee49cc2c4c6fe4c31057aa4be621826316f72d83c2f2fc194e3dc8db4,mol/mol true liquid species,MEA + MEAH+,True
F5,packet,Bottinger2008_state_044,Bottinger2008_state_044::MEACOO-,Bottinger2008,species,true-species-liquid-mole-fraction,MEACOO-,313.15,0.2359047180943619,0.0271,0.02471792961183372,-0.6420674900717737,-0.09200485237028815,0.20612533090353358,4c36c69ee49cc2c4c6fe4c31057aa4be621826316f72d83c2f2fc194e3dc8db4,mol/mol true liquid species,MEACOO-,True
F5,packet,Bottinger2008_state_045,Bottinger2008_state_045::MEA + MEAH+,Bottinger2008,species,true-species-liquid-mole-fraction-linear-aggregate,MEA + MEAH+,313.15,0.2799055981119623,0.084,0.08296778223032866,-0.1098104010288662,-0.012364432302254279,0.00602916208706021,4c36c69ee49cc2c4c6fe4c31057aa4be621826316f72d83c2f2fc194e3dc8db4,mol/mol true liquid species,MEA + MEAH+,True
F5,packet,Bottinger2008_state_045,Bottinger2008_state_045::MEACOO-,Bottinger2008,species,true-species-liquid-mole-fraction,MEACOO-,313.15,0.2799055981119623,0.0327,0.029251065891459774,-0.8077129059813175,-0.11145906415562219,0.3262000692443923,4c36c69ee49cc2c4c6fe4c31057aa4be621826316f72d83c2f2fc194e3dc8db4,mol/mol true liquid species,MEACOO-,True
F5,packet,Bottinger2008_state_047,Bottinger2008_state_047::MEA + MEAH+,Bottinger2008,species,true-species-liquid-mole-fraction-linear-aggregate,MEA + MEAH+,313.15,0.3539070781415628,0.0749,0.07553728664116477,0.0750632086177591,0.008472506618594847,0.002817242643996612,4c36c69ee49cc2c4c6fe4c31057aa4be621826316f72d83c2f2fc194e3dc8db4,mol/mol true liquid species,MEA + MEAH+,True
F5,packet,Bottinger2008_state_047,Bottinger2008_state_047::MEACOO-,Bottinger2008,species,true-species-liquid-mole-fraction,MEACOO-,313.15,0.3539070781415628,0.041,0.036681528169615514,-0.8467591824283308,-0.11129875798063088,0.3585005565133476,4c36c69ee49cc2c4c6fe4c31057aa4be621826316f72d83c2f2fc194e3dc8db4,mol/mol true liquid species,MEACOO-,True
F5,packet,Bottinger2008_state_048,Bottinger2008_state_048::MEA + MEAH+,Bottinger2008,species,true-species-liquid-mole-fraction-linear-aggregate,MEA + MEAH+,313.15,0.4599091981839637,0.065,0.06656810754509386,0.2090810060125144,0.023838327268634333,0.02185743353760254,4c36c69ee49cc2c4c6fe4c31057aa4be621826316f72d83c2f2fc194e3dc8db4,mol/mol true liquid species,MEA + MEAH+,True
F5,packet,Bottinger2008_state_048,Bottinger2008_state_048::MEACOO-,Bottinger2008,species,true-species-liquid-mole-fraction,MEACOO-,313.15,0.4599091981839637,0.0492,0.045650322899257544,-0.5996076183686582,-0.07488294311411836,0.1797646480028672,4c36c69ee49cc2c4c6fe4c31057aa4be621826316f72d83c2f2fc194e3dc8db4,mol/mol true liquid species,MEACOO-,True
F5,packet,Bottinger2008_state_049,Bottinger2008_state_049::MEA + MEAH+,Bottinger2008,species,true-species-liquid-mole-fraction-linear-aggregate,MEA + MEAH+,313.15,0.4659093181863638,0.0663,0.06624138130577123,-0.007682659794071832,-0.00088453428617105,2.9511630755723923e-05,4c36c69ee49cc2c4c6fe4c31057aa4be621826316f72d83c2f2fc194e3dc8db4,mol/mol true liquid species,MEA + MEAH+,True
F5,packet,Bottinger2008_state_049,Bottinger2008_state_049::MEACOO-,Bottinger2008,species,true-species-liquid-mole-fraction,MEACOO-,313.15,0.4659093181863638,0.0502,0.0459769679082698,-0.7015003474634885,-0.08787445324582081,0.24605136874569758,4c36c69ee49cc2c4c6fe4c31057aa4be621826316f72d83c2f2fc194e3dc8db4,mol/mol true liquid species,MEACOO-,True
F5,packet,Bottinger2008_state_049,Bottinger2008_state_049::HCO3-,Bottinger2008,species,true-species-liquid-mole-fraction-linear-aggregate,HCO3-,313.15,0.4659093181863638,0.004,0.006312151935585216,1.651537096846583,0.45618229304418817,1.3637873911302199,4c36c69ee49cc2c4c6fe4c31057aa4be621826316f72d83c2f2fc194e3dc8db4,mol/mol true liquid species,HCO3- + CO3^2-,True
F5,packet,Bottinger2008_state_050,Bottinger2008_state_050::MEA + MEAH+,Bottinger2008,species,true-species-liquid-mole-fraction-linear-aggregate,MEA + MEAH+,313.15,0.4869097381947639,0.0646,0.06543825829277991,0.1123670633753225,0.012892665821360904,0.006313178465796872,4c36c69ee49cc2c4c6fe4c31057aa4be621826316f72d83c2f2fc194e3dc8db4,mol/mol true liquid species,MEA + MEAH+,True
F5,packet,Bottinger2008_state_050,Bottinger2008_state_050::MEACOO-,Bottinger2008,species,true-species-liquid-mole-fraction,MEACOO-,313.15,0.4869097381947639,0.0511,0.046779618967211875,-0.7071000053663051,-0.08833688129389784,0.24999520879451437,4c36c69ee49cc2c4c6fe4c31057aa4be621826316f72d83c2f2fc194e3dc8db4,mol/mol true liquid species,MEACOO-,True
F5,packet,Bottinger2008_state_050,Bottinger2008_state_050::HCO3-,Bottinger2008,species,true-species-liquid-mole-fraction-linear-aggregate,HCO3-,313.15,0.4869097381947639,0.0052,0.00786165071171427,1.7510859945488622,0.41333797301684744,1.533151080152589,4c36c69ee49cc2c4c6fe4c31057aa4be621826316f72d83c2f2fc194e3dc8db4,mol/mol true liquid species,HCO3- + CO3^2-,True
F5,packet,Bottinger2008_state_055,Bottinger2008_state_055::MEA + MEAH+,Bottinger2008,species,true-species-liquid-mole-fraction-linear-aggregate,MEA + MEAH+,333.15,0.13090261805236106,0.0974,0.09843574399388558,0.0964379882575025,0.010577779420076101,0.004650142789577094,4c36c69ee49cc2c4c6fe4c31057aa4be621826316f72d83c2f2fc194e3dc8db4,mol/mol true liquid species,MEA + MEAH+,True
F5,packet,Bottinger2008_state_055,Bottinger2008_state_055::MEACOO-,Bottinger2008,species,true-species-liquid-mole-fraction,MEACOO-,333.15,0.13090261805236106,0.0147,0.013783106153585176,-0.3712120835687546,-0.06440384332557075,0.06889920549372804,4c36c69ee49cc2c4c6fe4c31057aa4be621826316f72d83c2f2fc194e3dc8db4,mol/mol true liquid species,MEACOO-,True
F5,packet,Bottinger2008_state_056,Bottinger2008_state_056::MEA + MEAH+,Bottinger2008,species,true-species-liquid-mole-fraction-linear-aggregate,MEA + MEAH+,333.15,0.20290405808116166,0.0905,0.0908936830163726,0.03917243944006005,0.004340654293470653,0.0007672400058425859,4c36c69ee49cc2c4c6fe4c31057aa4be621826316f72d83c2f2fc194e3dc8db4,mol/mol true liquid species,MEA + MEAH+,True
F5,packet,Bottinger2008_state_056,Bottinger2008_state_056::MEACOO-,Bottinger2008,species,true-species-liquid-mole-fraction,MEACOO-,333.15,0.20290405808116166,0.0231,0.02132513661451448,-0.5362125031678309,-0.07994611786269507,0.14376192427675552,4c36c69ee49cc2c4c6fe4c31057aa4be621826316f72d83c2f2fc194e3dc8db4,mol/mol true liquid species,MEACOO-,True
F5,packet,Bottinger2008_state_057,Bottinger2008_state_057::MEA + MEAH+,Bottinger2008,species,true-species-liquid-mole-fraction-linear-aggregate,MEA + MEAH+,333.15,0.27690553811076224,0.0791,0.08323885913120582,0.464518421010754,0.05100142088190128,0.10788868172916206,4c36c69ee49cc2c4c6fe4c31057aa4be621826316f72d83c2f2fc194e3dc8db4,mol/mol true liquid species,MEA + MEAH+,True
F5,packet,Bottinger2008_state_057,Bottinger2008_state_057::MEACOO-,Bottinger2008,species,true-species-liquid-mole-fraction,MEACOO-,333.15,0.27690553811076224,0.0302,0.028979892030339172,-0.3035094451892609,-0.0412397131564021,0.046058991659546474,4c36c69ee49cc2c4c6fe4c31057aa4be621826316f72d83c2f2fc194e3dc8db4,mol/mol true liquid species,MEACOO-,True
F5,packet,Bottinger2008_state_058,Bottinger2008_state_058::MEA + MEAH+,Bottinger2008,species,true-species-liquid-mole-fraction-linear-aggregate,MEA + MEAH+,333.15,0.4149082981659633,0.0687,0.07005630936194536,0.17233918194985545,0.019550138905492852,0.014850396817572692,4c36c69ee49cc2c4c6fe4c31057aa4be621826316f72d83c2f2fc194e3dc8db4,mol/mol true liquid species,MEA + MEAH+,True
F5,packet,Bottinger2008_state_058,Bottinger2008_state_058::MEACOO-,Bottinger2008,species,true-species-liquid-mole-fraction,MEACOO-,333.15,0.4149082981659633,0.0417,0.042161716818476955,0.08930692813867577,0.011011496100129761,0.003987863706783299,4c36c69ee49cc2c4c6fe4c31057aa4be621826316f72d83c2f2fc194e3dc8db4,mol/mol true liquid species,MEACOO-,True
F5,packet,Bottinger2008_state_058,Bottinger2008_state_058::HCO3-,Bottinger2008,species,true-species-liquid-mole-fraction-linear-aggregate,HCO3-,333.15,0.4149082981659633,0.0042,0.004401254553099619,0.14172855852085886,0.04680510069874309,0.010043492150200258,4c36c69ee49cc2c4c6fe4c31057aa4be621826316f72d83c2f2fc194e3dc8db4,mol/mol true liquid species,HCO3- + CO3^2-,True
F5,packet,Bottinger2008_state_059,Bottinger2008_state_059::MEA + MEAH+,Bottinger2008,species,true-species-liquid-mole-fraction-linear-aggregate,MEA + MEAH+,333.15,0.4889097781955639,0.068,0.06592612132652818,-0.26588188121433604,-0.030972963956977788,0.03534658737903715,4c36c69ee49cc2c4c6fe4c31057aa4be621826316f72d83c2f2fc194e3dc8db4,mol/mol true liquid species,MEA + MEAH+,True
F5,packet,Bottinger2008_state_059,Bottinger2008_state_059::MEACOO-,Bottinger2008,species,true-species-liquid-mole-fraction,MEACOO-,333.15,0.4889097781955639,0.0424,0.04628786921866544,0.7419597745544737,0.08773156060874066,0.2752521535284627,4c36c69ee49cc2c4c6fe4c31057aa4be621826316f72d83c2f2fc194e3dc8db4,mol/mol true liquid species,MEACOO-,True
F5,packet,Bottinger2008_state_059,Bottinger2008_state_059::HCO3-,Bottinger2008,species,true-species-liquid-mole-fraction-linear-aggregate,HCO3-,333.15,0.4889097781955639,0.0072,0.008541300484044232,0.7798258628164139,0.1708322516888261,0.3040641881586822,4c36c69ee49cc2c4c6fe4c31057aa4be621826316f72d83c2f2fc194e3dc8db4,mol/mol true liquid species,HCO3- + CO3^2-,True
F5,packet,Matin2012_state_001,Matin2012_state_001::MEA,Matin2012,species,true-species-liquid-mole-fraction,MEA,293.15,0.10590211804236084,0.0915,0.08881869189796197,-0.2641682859150763,-0.02974185008775913,0.034892441641654746,4c36c69ee49cc2c4c6fe4c31057aa4be621826316f72d83c2f2fc194e3dc8db4,mol/mol true liquid species,MEA,True
F5,packet,Matin2012_state_001,Matin2012_state_001::MEAH+,Matin2012,species,true-species-liquid-mole-fraction,MEAH+,293.15,0.10590211804236084,0.0115,0.012455579946184838,0.4444557889231808,0.07982167558365054,0.09877047415366351,4c36c69ee49cc2c4c6fe4c31057aa4be621826316f72d83c2f2fc194e3dc8db4,mol/mol true liquid species,MEAH+,True
F5,packet,Matin2012_state_001,Matin2012_state_001::MEACOO-,Matin2012,species,true-species-liquid-mole-fraction,MEACOO-,293.15,0.10590211804236084,0.0097,0.010944596734722188,0.6317749922447656,0.1207200000833887,0.19956982041293683,4c36c69ee49cc2c4c6fe4c31057aa4be621826316f72d83c2f2fc194e3dc8db4,mol/mol true liquid species,MEACOO-,True
F5,packet,Matin2012_state_001,Matin2012_state_001::HCO3-,Matin2012,species,true-species-liquid-mole-fraction-linear-aggregate,HCO3-,293.15,0.10590211804236084,0.0024,0.0009506005864617776,-1.1688704947888888,-0.9261300352177766,0.6831291167940109,4c36c69ee49cc2c4c6fe4c31057aa4be621826316f72d83c2f2fc194e3dc8db4,mol/mol true liquid species,HCO3- + CO3^2-,True
F5,packet,Matin2012_state_002,Matin2012_state_002::MEA,Matin2012,species,true-species-liquid-mole-fraction,MEA,293.15,0.12790255805116105,0.0867,0.08395940223395326,-0.28341238532024166,-0.03212050851218082,0.04016129007645457,4c36c69ee49cc2c4c6fe4c31057aa4be621826316f72d83c2f2fc194e3dc8db4,mol/mol true liquid species,MEA,True
F5,packet,Matin2012_state_002,Matin2012_state_002::MEAH+,Matin2012,species,true-species-liquid-mole-fraction,MEAH+,293.15,0.12790255805116105,0.0139,0.01504334709743853,0.47838790687804633,0.07904699999751982,0.11442749472357916,4c36c69ee49cc2c4c6fe4c31057aa4be621826316f72d83c2f2fc194e3dc8db4,mol/mol true liquid species,MEAH+,True
F5,packet,Matin2012_state_002,Matin2012_state_002::MEACOO-,Matin2012,species,true-species-liquid-mole-fraction,MEACOO-,293.15,0.12790255805116105,0.0124,0.013216119108634253,0.36433888778314877,0.06374075658421137,0.06637141257553093,4c36c69ee49cc2c4c6fe4c31057aa4be621826316f72d83c2f2fc194e3dc8db4,mol/mol true liquid species,MEACOO-,True
F5,packet,Matin2012_state_002,Matin2012_state_002::HCO3-,Matin2012,species,true-species-liquid-mole-fraction-linear-aggregate,HCO3-,293.15,0.12790255805116105,0.0022,0.0011478920662616283,-0.862383552244567,-0.6505300858228166,0.3718526955909789,4c36c69ee49cc2c4c6fe4c31057aa4be621826316f72d83c2f2fc194e3dc8db4,mol/mol true liquid species,HCO3- + CO3^2-,True
F5,packet,Matin2012_state_003,Matin2012_state_003::MEA,Matin2012,species,true-species-liquid-mole-fraction,MEA,293.15,0.1499029980599612,0.0817,0.07909928982743426,-0.2836107058414102,-0.03235010529404019,0.040217516233931445,4c36c69ee49cc2c4c6fe4c31057aa4be621826316f72d83c2f2fc194e3dc8db4,mol/mol true liquid species,MEA,True
F5,packet,Matin2012_state_003,Matin2012_state_003::MEAH+,Matin2012,species,true-species-liquid-mole-fraction,MEAH+,293.15,0.1499029980599612,0.0162,0.01763662490071564,0.5483301147769626,0.08496645787499695,0.1503329573856585,4c36c69ee49cc2c4c6fe4c31057aa4be621826316f72d83c2f2fc194e3dc8db4,mol/mol true liquid species,MEAH+,True
F5,packet,Matin2012_state_003,Matin2012_state_003::MEACOO-,Matin2012,species,true-species-liquid-mole-fraction,MEACOO-,293.15,0.1499029980599612,0.0151,0.015482953537972301,0.15257113066625516,0.025044903167899025,0.011638974956389754,4c36c69ee49cc2c4c6fe4c31057aa4be621826316f72d83c2f2fc194e3dc8db4,mol/mol true liquid species,MEACOO-,True
F5,packet,Matin2012_state_003,Matin2012_state_003::HCO3-,Matin2012,species,true-species-liquid-mole-fraction-linear-aggregate,HCO3-,293.15,0.1499029980599612,0.002,0.0013498711668341577,-0.5417740276382019,-0.3931380246382259,0.1467595485116596,4c36c69ee49cc2c4c6fe4c31057aa4be621826316f72d83c2f2fc194e3dc8db4,mol/mol true liquid species,HCO3- + CO3^2-,True
F5,packet,Matin2012_state_004,Matin2012_state_004::MEA,Matin2012,species,true-species-liquid-mole-fraction,MEA,293.15,0.17290345806916138,0.0768,0.07401814112546125,-0.32049065374870334,-0.0368944266498211,0.05135712957013563,4c36c69ee49cc2c4c6fe4c31057aa4be621826316f72d83c2f2fc194e3dc8db4,mol/mol true liquid species,MEA,True
F5,packet,Matin2012_state_004,Matin2012_state_004::MEAH+,Matin2012,species,true-species-liquid-mole-fraction,MEAH+,293.15,0.17290345806916138,0.0186,0.020353428500356974,0.613086888236705,0.0900877936548655,0.187937766263883,4c36c69ee49cc2c4c6fe4c31057aa4be621826316f72d83c2f2fc194e3dc8db4,mol/mol true liquid species,MEAH+,True
F5,packet,Matin2012_state_004,Matin2012_state_004::MEACOO-,Matin2012,species,true-species-liquid-mole-fraction,MEACOO-,293.15,0.17290345806916138,0.0177,0.01784729841207073,0.05317632204719452,0.008287507727554147,0.0014138606132334728,4c36c69ee49cc2c4c6fe4c31057aa4be621826316f72d83c2f2fc194e3dc8db4,mol/mol true liquid species,MEACOO-,True
F5,packet,Matin2012_state_004,Matin2012_state_004::HCO3-,Matin2012,species,true-species-liquid-mole-fraction-linear-aggregate,HCO3-,293.15,0.17290345806916138,0.002,0.0015665581895498838,-0.36120150870843015,-0.24426620362213097,0.06523326494662307,4c36c69ee49cc2c4c6fe4c31057aa4be621826316f72d83c2f2fc194e3dc8db4,mol/mol true liquid species,HCO3- + CO3^2-,True
F5,packet,Matin2012_state_005,Matin2012_state_005::MEA,Matin2012,species,true-species-liquid-mole-fraction,MEA,293.15,0.19490389807796157,0.0718,0.06915868580313304,-0.3228990460717554,-0.03748081768780874,0.05213189697702481,4c36c69ee49cc2c4c6fe4c31057aa4be621826316f72d83c2f2fc194e3dc8db4,mol/mol true liquid species,MEA,True
F5,packet,Matin2012_state_005,Matin2012_state_005::MEAH+,Matin2012,species,true-species-liquid-mole-fraction,MEAH+,293.15,0.19490389807796157,0.021,0.022957247842816133,0.6313702718761715,0.08911125907009794,0.19931421010449532,4c36c69ee49cc2c4c6fe4c31057aa4be621826316f72d83c2f2fc194e3dc8db4,mol/mol true liquid species,MEAH+,True
F5,packet,Matin2012_state_005,Matin2012_state_005::MEACOO-,Matin2012,species,true-species-liquid-mole-fraction,MEACOO-,293.15,0.19490389807796157,0.0203,0.020102934117247645,-0.06503824513278997,-0.009755105653698597,0.002114986664976439,4c36c69ee49cc2c4c6fe4c31057aa4be621826316f72d83c2f2fc194e3dc8db4,mol/mol true liquid species,MEACOO-,True
F5,packet,Matin2012_state_005,Matin2012_state_005::HCO3-,Matin2012,species,true-species-liquid-mole-fraction-linear-aggregate,HCO3-,293.15,0.19490389807796157,0.002,0.0017797350798164273,-0.18355410015297727,-0.11668265889627263,0.016846053841484604,4c36c69ee49cc2c4c6fe4c31057aa4be621826316f72d83c2f2fc194e3dc8db4,mol/mol true liquid species,HCO3- + CO3^2-,True
F5,packet,Matin2012_state_006,Matin2012_state_006::MEA,Matin2012,species,true-species-liquid-mole-fraction,MEA,293.15,0.21790435808716177,0.0668,0.06408035721658402,-0.3541201540906223,-0.041565203257084786,0.06270054176658305,4c36c69ee49cc2c4c6fe4c31057aa4be621826316f72d83c2f2fc194e3dc8db4,mol/mol true liquid species,MEA,True
F5,packet,Matin2012_state_006,Matin2012_state_006::MEAH+,Matin2012,species,true-species-liquid-mole-fraction,MEAH+,293.15,0.21790435808716177,0.0234,0.0256844650766975,0.6839715798495504,0.09315031504699783,0.23390856102094493,4c36c69ee49cc2c4c6fe4c31057aa4be621826316f72d83c2f2fc194e3dc8db4,mol/mol true liquid species,MEAH+,True
F5,packet,Matin2012_state_006,Matin2012_state_006::MEACOO-,Matin2012,species,true-species-liquid-mole-fraction,MEACOO-,293.15,0.21790435808716177,0.0228,0.022454045105721344,-0.10547405313373691,-0.015289755120207162,0.005562387942229179,4c36c69ee49cc2c4c6fe4c31057aa4be621826316f72d83c2f2fc194e3dc8db4,mol/mol true liquid species,MEACOO-,True
F5,packet,Matin2012_state_006,Matin2012_state_006::HCO3-,Matin2012,species,true-species-liquid-mole-fraction-linear-aggregate,HCO3-,293.15,0.21790435808716177,0.0021,0.0020096547251125894,-0.07466551643587643,-0.04397441596496854,0.002787469672318067,4c36c69ee49cc2c4c6fe4c31057aa4be621826316f72d83c2f2fc194e3dc8db4,mol/mol true liquid species,HCO3- + CO3^2-,True
F5,packet,Matin2012_state_007,Matin2012_state_007::MEA,Matin2012,species,true-species-liquid-mole-fraction,MEA,293.15,0.24090481809636194,0.0618,0.059005691623465834,-0.38917943962871404,-0.046269457016346494,0.07573031811485993,4c36c69ee49cc2c4c6fe4c31057aa4be621826316f72d83c2f2fc194e3dc8db4,mol/mol true liquid species,MEA,True
F5,packet,Matin2012_state_007,Matin2012_state_007::MEAH+,Matin2012,species,true-species-liquid-mole-fraction,MEAH+,293.15,0.24090481809636194,0.0257,0.028416436760112285,0.7609066554936371,0.10047674500838022,0.28948946918725627,4c36c69ee49cc2c4c6fe4c31057aa4be621826316f72d83c2f2fc194e3dc8db4,mol/mol true liquid species,MEAH+,True
F5,packet,Matin2012_state_007,Matin2012_state_007::MEACOO-,Matin2012,species,true-species-liquid-mole-fraction,MEACOO-,293.15,0.24090481809636194,0.0252,0.024796738545621286,-0.11456291317577094,-0.01613186025187942,0.0065623305376596155,4c36c69ee49cc2c4c6fe4c31057aa4be621826316f72d83c2f2fc194e3dc8db4,mol/mol true liquid species,MEACOO-,True
F5,packet,Matin2012_state_007,Matin2012_state_007::HCO3-,Matin2012,species,true-species-liquid-mole-fraction-linear-aggregate,HCO3-,293.15,0.24090481809636194,0.0023,0.0022479909356743722,-0.04228379213465668,-0.022872223085110503,0.0008939595386434271,4c36c69ee49cc2c4c6fe4c31057aa4be621826316f72d83c2f2fc194e3dc8db4,mol/mol true liquid species,HCO3- + CO3^2-,True
F5,packet,Matin2012_state_008,Matin2012_state_008::MEA,Matin2012,species,true-species-liquid-mole-fraction,MEA,293.15,0.26390527810556214,0.0568,0.05393687739011456,-0.4286111691445274,-0.05172190012292905,0.09185376715771934,4c36c69ee49cc2c4c6fe4c31057aa4be621826316f72d83c2f2fc194e3dc8db4,mol/mol true liquid species,MEA,True
F5,packet,Matin2012_state_008,Matin2012_state_008::MEAH+,Matin2012,species,true-species-liquid-mole-fraction,MEAH+,293.15,0.26390527810556214,0.0281,0.031152666228242705,0.8012247318222323,0.10313025843288605,0.32098053544180405,4c36c69ee49cc2c4c6fe4c31057aa4be621826316f72d83c2f2fc194e3dc8db4,mol/mol true liquid species,MEAH+,True
F5,packet,Matin2012_state_008,Matin2012_state_008::MEACOO-,Matin2012,species,true-species-liquid-mole-fraction,MEACOO-,293.15,0.26390527810556214,0.0276,0.0271293226946921,-0.12518013439039885,-0.01720061154295925,0.007835033022999158,4c36c69ee49cc2c4c6fe4c31057aa4be621826316f72d83c2f2fc194e3dc8db4,mol/mol true liquid species,MEACOO-,True
F5,packet,Matin2012_state_008,Matin2012_state_008::HCO3-,Matin2012,species,true-species-liquid-mole-fraction-linear-aggregate,HCO3-,293.15,0.26390527810556214,0.0026,0.002496435072701522,-0.08219438674482382,-0.04064770173675858,0.003377958606178835,4c36c69ee49cc2c4c6fe4c31057aa4be621826316f72d83c2f2fc194e3dc8db4,mol/mol true liquid species,HCO3- + CO3^2-,True
F5,packet,Matin2012_state_009,Matin2012_state_009::MEA,Matin2012,species,true-species-liquid-mole-fraction,MEA,293.15,0.2869057381147623,0.0518,0.048876943428512655,-0.47298650024067046,-0.058084368507218584,0.11185811470495888,4c36c69ee49cc2c4c6fe4c31057aa4be621826316f72d83c2f2fc194e3dc8db4,mol/mol true liquid species,MEA,True
F5,packet,Matin2012_state_009,Matin2012_state_009::MEAH+,Matin2012,species,true-species-liquid-mole-fraction,MEAH+,293.15,0.2869057381147623,0.0304,0.03389252458643793,0.8644862837717656,0.10875186798311612,0.37366826741475884,4c36c69ee49cc2c4c6fe4c31057aa4be621826316f72d83c2f2fc194e3dc8db4,mol/mol true liquid species,MEAH+,True
F5,packet,Matin2012_state_009,Matin2012_state_009::MEACOO-,Matin2012,species,true-species-liquid-mole-fraction,MEACOO-,293.15,0.2869057381147623,0.0299,0.02944939747255568,-0.11293296427175907,-0.015185029844310213,0.006376927209603206,4c36c69ee49cc2c4c6fe4c31057aa4be621826316f72d83c2f2fc194e3dc8db4,mol/mol true liquid species,MEACOO-,True
F5,packet,Matin2012_state_009,Matin2012_state_009::HCO3-,Matin2012,species,true-species-liquid-mole-fraction-linear-aggregate,HCO3-,293.15,0.2869057381147623,0.003,0.002757386626562766,-0.18662567187479528,-0.08432893194160936,0.017414570701359378,4c36c69ee49cc2c4c6fe4c31057aa4be621826316f72d83c2f2fc194e3dc8db4,mol/mol true liquid species,HCO3- + CO3^2-,True
F5,packet,Matin2012_state_010,Matin2012_state_010::MEA,Matin2012,species,true-species-liquid-mole-fraction,MEA,293.15,0.3099061981239625,0.0469,0.04383021885499335,-0.5395045949045073,-0.06769416776468369,0.14553260396153828,4c36c69ee49cc2c4c6fe4c31057aa4be621826316f72d83c2f2fc194e3dc8db4,mol/mol true liquid species,MEA,True
F5,packet,Matin2012_state_010,Matin2012_state_010::MEAH+,Matin2012,species,true-species-liquid-mole-fraction,MEAH+,293.15,0.3099061981239625,0.0327,0.036635184499354836,0.9215888757271279,0.11363402584602675,0.4246630279319958,4c36c69ee49cc2c4c6fe4c31057aa4be621826316f72d83c2f2fc194e3dc8db4,mol/mol true liquid species,MEAH+,True
F5,packet,Matin2012_state_010,Matin2012_state_010::MEACOO-,Matin2012,species,true-species-liquid-mole-fraction,MEACOO-,293.15,0.3099061981239625,0.0321,0.031753460996815586,-0.08231330241909998,-0.010854302964465778,0.0033877398775691053,4c36c69ee49cc2c4c6fe4c31057aa4be621826316f72d83c2f2fc194e3dc8db4,mol/mol true liquid species,MEACOO-,True
F5,packet,Matin2012_state_010,Matin2012_state_010::HCO3-,Matin2012,species,true-species-liquid-mole-fraction-linear-aggregate,HCO3-,293.15,0.3099061981239625,0.0034,0.003034346530122685,-0.2728757237890408,-0.11377934162042266,0.03723058031669644,4c36c69ee49cc2c4c6fe4c31057aa4be621826316f72d83c2f2fc194e3dc8db4,mol/mol true liquid species,HCO3- + CO3^2-,True
F5,packet,Matin2012_state_011,Matin2012_state_011::MEA,Matin2012,species,true-species-liquid-mole-fraction,MEA,293.15,0.33390667813356273,0.0419,0.038585136575005195,-0.6387020086695191,-0.08241868743673256,0.20397012793923922,4c36c69ee49cc2c4c6fe4c31057aa4be621826316f72d83c2f2fc194e3dc8db4,mol/mol true liquid species,MEA,True
F5,packet,Matin2012_state_011,Matin2012_state_011::MEAH+,Matin2012,species,true-species-liquid-mole-fraction,MEAH+,293.15,0.33390667813356273,0.0349,0.03949884074169923,1.0242406997102962,0.12378449395661269,0.5245345054715186,4c36c69ee49cc2c4c6fe4c31057aa4be621826316f72d83c2f2fc194e3dc8db4,mol/mol true liquid species,MEAH+,True
F5,packet,Matin2012_state_011,Matin2012_state_011::MEACOO-,Matin2012,species,true-species-liquid-mole-fraction,MEACOO-,293.15,0.33390667813356273,0.0342,0.03413488533122256,-0.01473182551525819,-0.001905752476770308,0.00010851334150600613,4c36c69ee49cc2c4c6fe4c31057aa4be621826316f72d83c2f2fc194e3dc8db4,mol/mol true liquid species,MEACOO-,True
F5,packet,Matin2012_state_011,Matin2012_state_011::HCO3-,Matin2012,species,true-species-liquid-mole-fraction-linear-aggregate,HCO3-,293.15,0.33390667813356273,0.004,0.0033461591934511982,-0.46702914753485847,-0.17848118244517897,0.1090581123235683,4c36c69ee49cc2c4c6fe4c31057aa4be621826316f72d83c2f2fc194e3dc8db4,mol/mol true liquid species,HCO3- + CO3^2-,True
F5,packet,Matin2012_state_012,Matin2012_state_012::MEA,Matin2012,species,true-species-liquid-mole-fraction,MEA,293.15,0.3579071581431629,0.0371,0.033372900770784045,-0.7913161845469121,-0.1058727531248156,0.31309065196294134,4c36c69ee49cc2c4c6fe4c31057aa4be621826316f72d83c2f2fc194e3dc8db4,mol/mol true liquid species,MEA,True
F5,packet,Matin2012_state_012,Matin2012_state_012::MEAH+,Matin2012,species,true-species-liquid-mole-fraction,MEAH+,293.15,0.3579071581431629,0.0372,0.042362407049491,1.0937303070955513,0.1299525814820778,0.5981229923296645,4c36c69ee49cc2c4c6fe4c31057aa4be621826316f72d83c2f2fc194e3dc8db4,mol/mol true liquid species,MEAH+,True
F5,packet,Matin2012_state_012,Matin2012_state_012::MEACOO-,Matin2012,species,true-species-liquid-mole-fraction,MEACOO-,293.15,0.3579071581431629,0.0362,0.036483552246758234,0.06137494518576434,0.00780241681900816,0.0018834419482777888,4c36c69ee49cc2c4c6fe4c31057aa4be621826316f72d83c2f2fc194e3dc8db4,mol/mol true liquid species,MEACOO-,True
F5,packet,Matin2012_state_012,Matin2012_state_012::HCO3-,Matin2012,species,true-species-liquid-mole-fraction-linear-aggregate,HCO3-,293.15,0.3579071581431629,0.0046,0.0036907210587560826,-0.6227937953725462,-0.2202344556554541,0.19393605577727047,4c36c69ee49cc2c4c6fe4c31057aa4be621826316f72d83c2f2fc194e3dc8db4,mol/mol true liquid species,HCO3- + CO3^2-,True
F5,packet,Matin2012_state_013,Matin2012_state_013::MEA,Matin2012,species,true-species-liquid-mole-fraction,MEA,293.15,0.3819076381527631,0.0322,0.02821260583745464,-0.944880133304588,-0.1321975589753884,0.446399233156848,4c36c69ee49cc2c4c6fe4c31057aa4be621826316f72d83c2f2fc194e3dc8db4,mol/mol true liquid species,MEA,True
F5,packet,Matin2012_state_013,Matin2012_state_013::MEAH+,Matin2012,species,true-species-liquid-mole-fraction,MEAH+,293.15,0.3819076381527631,0.0394,0.045222894048851756,1.1787234916703964,0.1378376478092515,0.6946945349078255,4c36c69ee49cc2c4c6fe4c31057aa4be621826316f72d83c2f2fc194e3dc8db4,mol/mol true liquid species,MEAH+,True
F5,packet,Matin2012_state_013,Matin2012_state_013::MEACOO-,Matin2012,species,true-species-liquid-mole-fraction,MEACOO-,293.15,0.3819076381527631,0.0381,0.038783356027754054,0.14206986023992765,0.01777690410647203,0.010091922594296289,4c36c69ee49cc2c4c6fe4c31057aa4be621826316f72d83c2f2fc194e3dc8db4,mol/mol true liquid species,MEACOO-,True
F5,packet,Matin2012_state_013,Matin2012_state_013::HCO3-,Matin2012,species,true-species-liquid-mole-fraction-linear-aggregate,HCO3-,293.15,0.3819076381527631,0.0053,0.004084131325138837,-0.7946854084059887,-0.2605977647641202,0.3157624491666965,4c36c69ee49cc2c4c6fe4c31057aa4be621826316f72d83c2f2fc194e3dc8db4,mol/mol true liquid species,HCO3- + CO3^2-,True
F5,packet,Matin2012_state_014,Matin2012_state_014::MEA,Matin2012,species,true-species-liquid-mole-fraction,MEA,293.15,0.4059081181623633,0.0274,0.023138203271945882,-1.1395178417257001,-0.16905794062642343,0.6492504558055989,4c36c69ee49cc2c4c6fe4c31057aa4be621826316f72d83c2f2fc194e3dc8db4,mol/mol true liquid species,MEA,True
F5,packet,Matin2012_state_014,Matin2012_state_014::MEAH+,Matin2012,species,true-species-liquid-mole-fraction,MEAH+,293.15,0.4059081181623633,0.0415,0.048075224850916004,1.2767426894982528,0.14707354131338954,0.815035947593616,4c36c69ee49cc2c4c6fe4c31057aa4be621826316f72d83c2f2fc194e3dc8db4,mol/mol true liquid species,MEAH+,True
F5,packet,Matin2012_state_014,Matin2012_state_014::MEACOO-,Matin2012,species,true-species-liquid-mole-fraction,MEACOO-,293.15,0.4059081181623633,0.04,0.04100542056366041,0.201084112732082,0.02482481272131511,0.02021741019662433,4c36c69ee49cc2c4c6fe4c31057aa4be621826316f72d83c2f2fc194e3dc8db4,mol/mol true liquid species,MEACOO-,True
F5,packet,Matin2012_state_014,Matin2012_state_014::HCO3-,Matin2012,species,true-species-liquid-mole-fraction-linear-aggregate,HCO3-,293.15,0.4059081181623633,0.0061,0.0045552519910597,-0.9594708130063976,-0.2920079201403077,0.4602921205055788,4c36c69ee49cc2c4c6fe4c31057aa4be621826316f72d83c2f2fc194e3dc8db4,mol/mol true liquid species,HCO3- + CO3^2-,True
F5,packet,Matin2012_state_015,Matin2012_state_015::MEA,Matin2012,species,true-species-liquid-mole-fraction,MEA,293.15,0.4309086181723635,0.0227,0.018014076683036458,-1.4330040724659154,-0.23121143427706375,1.0267503358519494,4c36c69ee49cc2c4c6fe4c31057aa4be621826316f72d83c2f2fc194e3dc8db4,mol/mol true liquid species,MEA,True
F5,packet,Matin2012_state_015,Matin2012_state_015::MEAH+,Matin2012,species,true-species-liquid-mole-fraction,MEAH+,293.15,0.4309086181723635,0.0436,0.051027593746023114,1.385745101869984,0.1573093898960712,0.9601447436783261,4c36c69ee49cc2c4c6fe4c31057aa4be621826316f72d83c2f2fc194e3dc8db4,mol/mol true liquid species,MEAH+,True
F5,packet,Matin2012_state_015,Matin2012_state_015::MEACOO-,Matin2012,species,true-species-liquid-mole-fraction,MEACOO-,293.15,0.4309086181723635,0.0417,0.04317716347931264,0.2857182745285574,0.03481060351076551,0.04081746619978805,4c36c69ee49cc2c4c6fe4c31057aa4be621826316f72d83c2f2fc194e3dc8db4,mol/mol true liquid species,MEACOO-,True
F5,packet,Matin2012_state_015,Matin2012_state_015::HCO3-,Matin2012,species,true-species-liquid-mole-fraction-linear-aggregate,HCO3-,293.15,0.4309086181723635,0.007,0.005188842232766806,-1.065386921901879,-0.29939955330097573,0.5675246466797802,4c36c69ee49cc2c4c6fe4c31057aa4be621826316f72d83c2f2fc194e3dc8db4,mol/mol true liquid species,HCO3- + CO3^2-,True
F5,packet,Matin2012_state_017,Matin2012_state_017::MEA,Matin2012,species,true-species-liquid-mole-fraction,MEA,293.15,0.4799095981919638,0.0135,0.00916482615980245,-1.8447548256159787,-0.38731677216649135,1.70156018331672,4c36c69ee49cc2c4c6fe4c31057aa4be621826316f72d83c2f2fc194e3dc8db4,mol/mol true liquid species,MEA,True
F5,packet,Matin2012_state_017,Matin2012_state_017::MEAH+,Matin2012,species,true-species-liquid-mole-fraction,MEAH+,293.15,0.4799095981919638,0.0477,0.056660620012579356,1.5529670732373235,0.17214803913403823,1.2058533652796493,4c36c69ee49cc2c4c6fe4c31057aa4be621826316f72d83c2f2fc194e3dc8db4,mol/mol true liquid species,MEAH+,True
F5,packet,Matin2012_state_017,Matin2012_state_017::MEACOO-,Matin2012,species,true-species-liquid-mole-fraction,MEACOO-,293.15,0.4799095981919638,0.0448,0.046393268660675516,0.2907424563276489,0.034946237319114254,0.04226558795571741,4c36c69ee49cc2c4c6fe4c31057aa4be621826316f72d83c2f2fc194e3dc8db4,mol/mol true liquid species,MEACOO-,True
F5,packet,Matin2012_state_017,Matin2012_state_017::HCO3-,Matin2012,species,true-species-liquid-mole-fraction-linear-aggregate,HCO3-,293.15,0.4799095981919638,0.0091,0.007470341657893685,-0.8532242628828876,-0.19733367808883318,0.3639958213860234,4c36c69ee49cc2c4c6fe4c31057aa4be621826316f72d83c2f2fc194e3dc8db4,mol/mol true liquid species,HCO3- + CO3^2-,True
F5,packet,Matin2012_state_018,Matin2012_state_018::MEA,Matin2012,species,true-species-liquid-mole-fraction,MEA,293.15,0.5049100982019641,0.009,0.005986278373244113,-1.5861692772399403,-0.4077546649368561,1.2579664880299373,4c36c69ee49cc2c4c6fe4c31057aa4be621826316f72d83c2f2fc194e3dc8db4,mol/mol true liquid species,MEA,True
F5,packet,Matin2012_state_018,Matin2012_state_018::MEAH+,Matin2012,species,true-species-liquid-mole-fraction,MEAH+,293.15,0.5049100982019641,0.0496,0.05936434732660503,1.6383133098330593,0.1797029990807537,1.342035250588077,4c36c69ee49cc2c4c6fe4c31057aa4be621826316f72d83c2f2fc194e3dc8db4,mol/mol true liquid species,MEAH+,True
F5,packet,Matin2012_state_018,Matin2012_state_018::MEACOO-,Matin2012,species,true-species-liquid-mole-fraction,MEACOO-,293.15,0.5049100982019641,0.0462,0.046867835987539276,0.11883202625254058,0.01435184225701213,0.007060525231642247,4c36c69ee49cc2c4c6fe4c31057aa4be621826316f72d83c2f2fc194e3dc8db4,mol/mol true liquid species,MEACOO-,True
F5,packet,Matin2012_state_018,Matin2012_state_018::HCO3-,Matin2012,species,true-species-liquid-mole-fraction-linear-aggregate,HCO3-,293.15,0.5049100982019641,0.0102,0.00979885854240148,-0.19858487999926758,-0.04012181666262474,0.019717977282161753,4c36c69ee49cc2c4c6fe4c31057aa4be621826316f72d83c2f2fc194e3dc8db4,mol/mol true liquid species,HCO3- + CO3^2-,True
F5,packet,Matin2012_state_019,Matin2012_state_019::MEA,Matin2012,species,true-species-liquid-mole-fraction,MEA,293.15,0.5309106182123643,0.0046,0.0039672919462646825,-0.4333616806406284,-0.14797257095642707,0.093901173123835,4c36c69ee49cc2c4c6fe4c31057aa4be621826316f72d83c2f2fc194e3dc8db4,mol/mol true liquid species,MEA,True
F5,packet,Matin2012_state_019,Matin2012_state_019::MEAH+,Matin2012,species,true-species-liquid-mole-fraction,MEAH+,293.15,0.5309106182123643,0.0515,0.062028888431212806,1.7120143790589932,0.18601841129684651,1.465496617052375,4c36c69ee49cc2c4c6fe4c31057aa4be621826316f72d83c2f2fc194e3dc8db4,mol/mol true liquid species,MEAH+,True
F5,packet,Matin2012_state_019,Matin2012_state_019::MEACOO-,Matin2012,species,true-species-liquid-mole-fraction,MEACOO-,293.15,0.5309106182123643,0.0475,0.04622157965448962,-0.2223339731322399,-0.027282929917934677,0.024716197804383788,4c36c69ee49cc2c4c6fe4c31057aa4be621826316f72d83c2f2fc194e3dc8db4,mol/mol true liquid species,MEACOO-,True
F5,packet,Matin2012_state_019,Matin2012_state_019::HCO3-,Matin2012,species,true-species-liquid-mole-fraction-linear-aggregate,HCO3-,293.15,0.5309106182123643,0.0114,0.013356169738419658,0.9140980086073165,0.15836507537675676,0.4177875846699308,4c36c69ee49cc2c4c6fe4c31057aa4be621826316f72d83c2f2fc194e3dc8db4,mol/mol true liquid species,HCO3- + CO3^2-,True
F5,packet,vle_obs_0119,vle_obs_0119-pco2,Hilliard2008,pressure,true-species-vapor-partial-pressure,pCO2,313.137,0.15290305806116122,5.7,5.068998578735501,-0.3910763191131252,-0.11732289573393755,0.07647034368553546,4c36c69ee49cc2c4c6fe4c31057aa4be621826316f72d83c2f2fc194e3dc8db4,Pa,pCO2,True
F5,packet,vle_obs_0120,vle_obs_0120-pco2,Hilliard2008,pressure,true-species-vapor-partial-pressure,pCO2,313.20799999999997,0.16290325806516132,6.64,5.857293737294097,-0.4180809538177008,-0.12542428614531023,0.08739584197255923,4c36c69ee49cc2c4c6fe4c31057aa4be621826316f72d83c2f2fc194e3dc8db4,Pa,pCO2,True
F5,packet,vle_obs_0121,vle_obs_0121-pco2,Hilliard2008,pressure,true-species-vapor-partial-pressure,pCO2,313.135,0.1699033980679614,7.21,6.392319824517192,-0.40123902986627397,-0.12037170895988218,0.08049637954401434,4c36c69ee49cc2c4c6fe4c31057aa4be621826316f72d83c2f2fc194e3dc8db4,Pa,pCO2,True
F5,packet,vle_obs_0122,vle_obs_0122-pco2,Hilliard2008,pressure,true-species-vapor-partial-pressure,pCO2,313.294,0.19090381807636156,9.950000000000001,8.631831812134303,-0.47371935877866783,-0.14211580763360035,0.11220501544083611,4c36c69ee49cc2c4c6fe4c31057aa4be621826316f72d83c2f2fc194e3dc8db4,Pa,pCO2,True
F5,packet,vle_obs_0123,vle_obs_0123-pco2,Hilliard2008,pressure,true-species-vapor-partial-pressure,pCO2,313.18399999999997,0.19390387807756157,9.85,8.992011989190749,-0.30378276238691543,-0.09113482871607463,0.04614198336171256,4c36c69ee49cc2c4c6fe4c31057aa4be621826316f72d83c2f2fc194e3dc8db4,Pa,pCO2,True
F5,packet,vle_obs_0124,vle_obs_0124-pco2,Hilliard2008,pressure,true-species-vapor-partial-pressure,pCO2,313.18399999999997,0.23190463809276188,14.6,14.252254793172515,-0.08035467805675225,-0.024106403417025676,0.003228437142802151,4c36c69ee49cc2c4c6fe4c31057aa4be621826316f72d83c2f2fc194e3dc8db4,Pa,pCO2,True
F5,packet,vle_obs_0125,vle_obs_0125-pco2,Hilliard2008,pressure,true-species-vapor-partial-pressure,pCO2,313.27,0.24590491809836199,19.099999999999998,17.078860338875725,-0.3728229126951496,-0.11184687380854488,0.06949846211524757,4c36c69ee49cc2c4c6fe4c31057aa4be621826316f72d83c2f2fc194e3dc8db4,Pa,pCO2,True
F5,packet,vle_obs_0126,vle_obs_0126-pco2,Hilliard2008,pressure,true-species-vapor-partial-pressure,pCO2,313.118,0.2689053781075622,23.099999999999998,22.345161917984782,-0.11074262964977924,-0.03322278889493377,0.006131965010874082,4c36c69ee49cc2c4c6fe4c31057aa4be621826316f72d83c2f2fc194e3dc8db4,Pa,pCO2,True
F5,packet,vle_obs_0127,vle_obs_0127-pco2,Hilliard2008,pressure,true-species-vapor-partial-pressure,pCO2,313.503,0.2719054381087622,22.4,24.670022576094095,0.32175962267748376,0.09652788680324512,0.05176462739277836,4c36c69ee49cc2c4c6fe4c31057aa4be621826316f72d83c2f2fc194e3dc8db4,Pa,pCO2,True
F5,packet,vle_obs_0128,vle_obs_0128-pco2,Hilliard2008,pressure,true-species-vapor-partial-pressure,pCO2,313.01599999999996,0.32590651813036264,48.5,46.80451996018284,-0.11861339779210214,-0.03558401933763064,0.007034569067893731,4c36c69ee49cc2c4c6fe4c31057aa4be621826316f72d83c2f2fc194e3dc8db4,Pa,pCO2,True
F5,packet,vle_obs_0129,vle_obs_0129-pco2,Hilliard2008,pressure,true-species-vapor-partial-pressure,pCO2,313.029,0.3479069581391628,66.19999999999999,64.38772055323305,-0.09252507550870959,-0.027757522652612877,0.004280444798946206,4c36c69ee49cc2c4c6fe4c31057aa4be621826316f72d83c2f2fc194e3dc8db4,Pa,pCO2,True
F5,packet,vle_obs_0130,vle_obs_0130-pco2,Hilliard2008,pressure,true-species-vapor-partial-pressure,pCO2,313.14,0.3499069981399628,72.1,66.98944804323014,-0.2450630973172501,-0.07351892919517503,0.030027960833361997,4c36c69ee49cc2c4c6fe4c31057aa4be621826316f72d83c2f2fc194e3dc8db4,Pa,pCO2,True
F5,packet,vle_obs_0131,vle_obs_0131-pco2,Hilliard2008,pressure,true-species-vapor-partial-pressure,pCO2,313.02,0.3599071981439629,96.60000000000001,76.24115240798281,-0.7889245548569472,-0.23667736645708415,0.3112009766281162,4c36c69ee49cc2c4c6fe4c31057aa4be621826316f72d83c2f2fc194e3dc8db4,Pa,pCO2,True
F5,packet,vle_obs_0132,vle_obs_0132-pco2,Hilliard2008,pressure,true-species-vapor-partial-pressure,pCO2,313.2,0.3819076381527631,131.0,103.55803837003613,-0.7835503682095906,-0.23506511046287715,0.3069755897606925,4c36c69ee49cc2c4c6fe4c31057aa4be621826316f72d83c2f2fc194e3dc8db4,Pa,pCO2,True
F5,packet,vle_obs_0133,vle_obs_0133-pco2,Hilliard2008,pressure,true-species-vapor-partial-pressure,pCO2,313.03,0.3859077181543631,120.0,117.9864242918883,-0.05640724436260338,-0.016922173308781013,0.0015908886082912255,4c36c69ee49cc2c4c6fe4c31057aa4be621826316f72d83c2f2fc194e3dc8db4,Pa,pCO2,True
F5,packet,vle_obs_0134,vle_obs_0134-pco2,Hilliard2008,pressure,true-species-vapor-partial-pressure,pCO2,313.0,0.38890777815556316,113.0,124.1871639178661,0.31467331782784014,0.09440199534835203,0.049509648476390444,4c36c69ee49cc2c4c6fe4c31057aa4be621826316f72d83c2f2fc194e3dc8db4,Pa,pCO2,True
F5,packet,vle_obs_0135,vle_obs_0135-pco2,Hilliard2008,pressure,true-species-vapor-partial-pressure,pCO2,313.15,0.39990799815996325,128.0,154.0849249901287,0.6182454915671625,0.18547364747014872,0.19111374392156116,4c36c69ee49cc2c4c6fe4c31057aa4be621826316f72d83c2f2fc194e3dc8db4,Pa,pCO2,True
F5,packet,vle_obs_0136,vle_obs_0136-pco2,Hilliard2008,pressure,true-species-vapor-partial-pressure,pCO2,313.169,0.46390927818556377,750.0,669.0469993188899,-0.38072965259083175,-0.11421889577724952,0.07247753418096772,4c36c69ee49cc2c4c6fe4c31057aa4be621826316f72d83c2f2fc194e3dc8db4,Pa,pCO2,True
F5,packet,vle_obs_0137,vle_obs_0137-pco2,Hilliard2008,pressure,true-species-vapor-partial-pressure,pCO2,313.08,0.4659093181863638,574.0,718.1584409539116,0.7468693941229726,0.22406081823689178,0.2789069459388081,4c36c69ee49cc2c4c6fe4c31057aa4be621826316f72d83c2f2fc194e3dc8db4,Pa,pCO2,True
F5,packet,vle_obs_0138,vle_obs_0138-pco2,Hilliard2008,pressure,true-species-vapor-partial-pressure,pCO2,313.14,0.48090961819236383,883.0,1121.953946230438,0.7983394616527871,0.23950183849583614,0.31867294801603097,4c36c69ee49cc2c4c6fe4c31057aa4be621826316f72d83c2f2fc194e3dc8db4,Pa,pCO2,True
F5,packet,vle_obs_0139,vle_obs_0139-pco2,Hilliard2008,pressure,true-species-vapor-partial-pressure,pCO2,313.02799999999996,0.4909098181963639,1100.0,1514.8163646784242,1.0666134679230828,0.3199840403769248,0.5688321449774525,4c36c69ee49cc2c4c6fe4c31057aa4be621826316f72d83c2f2fc194e3dc8db4,Pa,pCO2,True
F5,packet,vle_obs_0140,vle_obs_0140-pco2,Hilliard2008,pressure,true-species-vapor-partial-pressure,pCO2,313.168,0.5009100182003641,1870.0,2124.489916046038,0.4253110106268147,0.1275933031880444,0.09044472788020125,4c36c69ee49cc2c4c6fe4c31057aa4be621826316f72d83c2f2fc194e3dc8db4,Pa,pCO2,True
F5,packet,vle_obs_0141,vle_obs_0141-pco2,Hilliard2008,pressure,true-species-vapor-partial-pressure,pCO2,313.147,0.5179103582071641,3030.0,3646.468363911414,0.617321693808349,0.18519650814250468,0.1905430368232045,4c36c69ee49cc2c4c6fe4c31057aa4be621826316f72d83c2f2fc194e3dc8db4,Pa,pCO2,True
F5,packet,vle_obs_0142,vle_obs_0142-pco2,Hilliard2008,pressure,true-species-vapor-partial-pressure,pCO2,313.15,0.5909118182363647,28300.0,23196.382462119618,-0.6628848883064359,-0.19886546649193076,0.21970818757251798,4c36c69ee49cc2c4c6fe4c31057aa4be621826316f72d83c2f2fc194e3dc8db4,Pa,pCO2,True
F5,packet,vle_obs_0143,vle_obs_0143-pco2,Hilliard2008,pressure,true-species-vapor-partial-pressure,pCO2,333.018,0.11390227804556091,19.400000000000002,19.23228091712745,-0.028943003557893532,-0.008682901067368059,0.0004188487274761188,4c36c69ee49cc2c4c6fe4c31057aa4be621826316f72d83c2f2fc194e3dc8db4,Pa,pCO2,True
F5,packet,vle_obs_0144,vle_obs_0144-pco2,Hilliard2008,pressure,true-species-vapor-partial-pressure,pCO2,333.114,0.19090381807636156,58.9,60.651002117591645,0.09765022519043598,0.029295067557130794,0.0047677832398714285,4c36c69ee49cc2c4c6fe4c31057aa4be621826316f72d83c2f2fc194e3dc8db4,Pa,pCO2,True
F5,packet,vle_obs_0145,vle_obs_0145-pco2,Hilliard2008,pressure,true-species-vapor-partial-pressure,pCO2,333.10999999999996,0.29090581811636235,209.0,212.7399187492824,0.059120429778891224,0.017736128933667366,0.0017476126086204042,4c36c69ee49cc2c4c6fe4c31057aa4be621826316f72d83c2f2fc194e3dc8db4,Pa,pCO2,True
F5,packet,vle_obs_0146,vle_obs_0146-pco2,Hilliard2008,pressure,true-species-vapor-partial-pressure,pCO2,333.034,0.3859077181543631,763.0,824.825131418901,0.259711235555462,0.07791337066663859,0.033724962936872334,4c36c69ee49cc2c4c6fe4c31057aa4be621826316f72d83c2f2fc194e3dc8db4,Pa,pCO2,True
F5,packet,vle_obs_0147,vle_obs_0147-pco2,Hilliard2008,pressure,true-species-vapor-partial-pressure,pCO2,332.921,0.4849096981939639,4860.0,7040.262280309528,1.2353566242978553,0.3706069872893566,0.7630529945982962,4c36c69ee49cc2c4c6fe4c31057aa4be621826316f72d83c2f2fc194e3dc8db4,Pa,pCO2,True
F5,packet,vle_obs_0149,vle_obs_0149-pco2,Hilliard2008,pressure,true-species-vapor-partial-pressure,pCO2,333.09499999999997,0.5649112982259645,50200.0,55559.02649302806,0.33810323103731793,0.10143096931119537,0.057156897418936994,4c36c69ee49cc2c4c6fe4c31057aa4be621826316f72d83c2f2fc194e3dc8db4,Pa,pCO2,True
F5,packet,vle_obs_0186,vle_obs_0186-pco2,Jou1995,pressure,true-species-vapor-partial-pressure,pCO2,313.15,0.08870177403548071,1.47,1.6392253945966415,0.3632046969972015,0.10896140909916044,0.06595882596041447,4c36c69ee49cc2c4c6fe4c31057aa4be621826316f72d83c2f2fc194e3dc8db4,Pa,pCO2,True
F5,packet,vle_obs_0187,vle_obs_0187-pco2,Jou1995,pressure,true-species-vapor-partial-pressure,pCO2,313.15,0.20290405808116166,8.959999999999999,9.890842236446577,0.3294635847699948,0.09883907543099844,0.054273126844747784,4c36c69ee49cc2c4c6fe4c31057aa4be621826316f72d83c2f2fc194e3dc8db4,Pa,pCO2,True
F5,packet,vle_obs_0188,vle_obs_0188-pco2,Jou1995,pressure,true-species-vapor-partial-pressure,pCO2,313.15,0.36490729814596295,67.7,84.85665926662332,0.7529243049822913,0.22587729149468738,0.2834475045165332,4c36c69ee49cc2c4c6fe4c31057aa4be621826316f72d83c2f2fc194e3dc8db4,Pa,pCO2,True
F5,packet,vle_obs_0189,vle_obs_0189-pco2,Jou1995,pressure,true-species-vapor-partial-pressure,pCO2,313.15,0.4734094681893638,604.0,898.3919425545126,1.323440789292348,0.39703223678770444,0.8757477613813767,4c36c69ee49cc2c4c6fe4c31057aa4be621826316f72d83c2f2fc194e3dc8db4,Pa,pCO2,True
F5,packet,vle_obs_0190,vle_obs_0190-pco2,Jou1995,pressure,true-species-vapor-partial-pressure,pCO2,313.15,0.5129102582051641,2570.0,3123.070648349391,0.6497026702926456,0.19491080108779368,0.21105677989269708,4c36c69ee49cc2c4c6fe4c31057aa4be621826316f72d83c2f2fc194e3dc8db4,Pa,pCO2,True
F5,packet,vle_obs_0191,vle_obs_0191-pco2,Jou1995,pressure,true-species-vapor-partial-pressure,pCO2,313.15,0.5569111382227645,8090.0,10955.545129546277,1.0107233384579475,0.30321700153738423,0.5107808334517894,4c36c69ee49cc2c4c6fe4c31057aa4be621826316f72d83c2f2fc194e3dc8db4,Pa,pCO2,True
F5,packet,vle_obs_0192,vle_obs_0192-pco2,Jou1995,pressure,true-species-vapor-partial-pressure,pCO2,313.15,0.6089121782435649,36100.0,32205.643083471383,-0.38050392367886043,-0.11415117710365813,0.07239161796750403,4c36c69ee49cc2c4c6fe4c31057aa4be621826316f72d83c2f2fc194e3dc8db4,Pa,pCO2,True
F5,packet,vle_obs_0193,vle_obs_0193-pco2,Jou1995,pressure,true-species-vapor-partial-pressure,pCO2,313.15,0.6419128382567652,103000.0,53919.88352301339,-2.157432272698066,-0.6472296818094198,2.327257005639571,4c36c69ee49cc2c4c6fe4c31057aa4be621826316f72d83c2f2fc194e3dc8db4,Pa,pCO2,True
F5,packet,vle_obs_0194,vle_obs_0194-pco2,Jou1995,pressure,true-species-vapor-partial-pressure,pCO2,333.15,0.05630112602252045,4.28,5.113202631003378,0.5929097875637577,0.17787293626912729,0.17577100809445012,4c36c69ee49cc2c4c6fe4c31057aa4be621826316f72d83c2f2fc194e3dc8db4,Pa,pCO2,True
F5,packet,vle_obs_0195,vle_obs_0195-pco2,Jou1995,pressure,true-species-vapor-partial-pressure,pCO2,333.15,0.11890237804756094,19.3,21.227422396811058,0.31729586396084497,0.09518875918825348,0.05033833264332952,4c36c69ee49cc2c4c6fe4c31057aa4be621826316f72d83c2f2fc194e3dc8db4,Pa,pCO2,True
F5,packet,vle_obs_0196,vle_obs_0196-pco2,Jou1995,pressure,true-species-vapor-partial-pressure,pCO2,333.15,0.20590411808236164,57.9,74.32321288317074,0.8323531313003696,0.24970593939011088,0.34640586759276515,4c36c69ee49cc2c4c6fe4c31057aa4be621826316f72d83c2f2fc194e3dc8db4,Pa,pCO2,True
F5,packet,vle_obs_0197,vle_obs_0197-pco2,Jou1995,pressure,true-species-vapor-partial-pressure,pCO2,333.15,0.38890777815556316,528.0,878.7350987164431,1.6979573397030054,0.5093872019109016,1.4415295637256538,4c36c69ee49cc2c4c6fe4c31057aa4be621826316f72d83c2f2fc194e3dc8db4,Pa,pCO2,True
F5,packet,vle_obs_0198,vle_obs_0198-pco2,Jou1995,pressure,true-species-vapor-partial-pressure,pCO2,333.15,0.4379087581751635,2009.9999999999998,2263.0298990684046,0.3952328554372848,0.11856985663118544,0.07810450500855484,4c36c69ee49cc2c4c6fe4c31057aa4be621826316f72d83c2f2fc194e3dc8db4,Pa,pCO2,True
F5,packet,vle_obs_0199,vle_obs_0199-pco2,Jou1995,pressure,true-species-vapor-partial-pressure,pCO2,333.15,0.5039100782015641,11000.0,12220.933056250515,0.35085010959615504,0.10525503287884651,0.061547899701817,4c36c69ee49cc2c4c6fe4c31057aa4be621826316f72d83c2f2fc194e3dc8db4,Pa,pCO2,True
F5,packet,vle_obs_0200,vle_obs_0200-pco2,Jou1995,pressure,true-species-vapor-partial-pressure,pCO2,333.15,0.5609112182243645,34000.0,50964.91007065054,1.3492561115704242,0.40477683347112725,0.9102460273050705,4c36c69ee49cc2c4c6fe4c31057aa4be621826316f72d83c2f2fc194e3dc8db4,Pa,pCO2,True
F5,packet,vle_obs_0201,vle_obs_0201-pco2,Jou1995,pressure,true-species-vapor-partial-pressure,pCO2,333.15,0.5789115782315646,82000.0,73243.95422035393,-0.3764117967142714,-0.11292353901428141,0.07084292035283299,4c36c69ee49cc2c4c6fe4c31057aa4be621826316f72d83c2f2fc194e3dc8db4,Pa,pCO2,True
F5,packet,vle_obs_0202,vle_obs_0202-pco2,Jou1995,pressure,true-species-vapor-partial-pressure,pCO2,333.15,0.6679133582671654,282000.0,256522.5907292572,-0.31563445728981115,-0.09469033718694334,0.04981255531431681,4c36c69ee49cc2c4c6fe4c31057aa4be621826316f72d83c2f2fc194e3dc8db4,Pa,pCO2,True
