variant,identity,target,source,temperature_c,loading,observed,predicted,status,engine_wheel_sha256,parameter_sha256,script_sha256
pre-refit-b66-v3,vle_obs_0119,vle_obs_0119-pco2,Hilliard2008,40.0,0.15290305806116122,5.7,4.394811538107617,evaluated,b66c7b962541a586f5ec50043a5e8b4e62cf52e24eaec02ef33f43e558762a58,868a501831b87e95dedf18ce40e9e7ac949f7c6a4aaf137f717cc493ecfcb7be,0ecaf30ec3147260f584fff24f30e32a975cba82529f3d3c36d4c49ea0de712f
pre-refit-b66-v3,vle_obs_0120,vle_obs_0120-pco2,Hilliard2008,40.0,0.16290325806516132,6.64,5.303054738007641,evaluated,b66c7b962541a586f5ec50043a5e8b4e62cf52e24eaec02ef33f43e558762a58,868a501831b87e95dedf18ce40e9e7ac949f7c6a4aaf137f717cc493ecfcb7be,0ecaf30ec3147260f584fff24f30e32a975cba82529f3d3c36d4c49ea0de712f
pre-refit-b66-v3,vle_obs_0121,vle_obs_0121-pco2,Hilliard2008,40.0,0.1699033980679614,7.21,6.032363956845068,evaluated,b66c7b962541a586f5ec50043a5e8b4e62cf52e24eaec02ef33f43e558762a58,868a501831b87e95dedf18ce40e9e7ac949f7c6a4aaf137f717cc493ecfcb7be,0ecaf30ec3147260f584fff24f30e32a975cba82529f3d3c36d4c49ea0de712f
pre-refit-b66-v3,vle_obs_0122,vle_obs_0122-pco2,Hilliard2008,40.0,0.19090381807636156,9.950000000000001,8.78865962599714,evaluated,b66c7b962541a586f5ec50043a5e8b4e62cf52e24eaec02ef33f43e558762a58,868a501831b87e95dedf18ce40e9e7ac949f7c6a4aaf137f717cc493ecfcb7be,0ecaf30ec3147260f584fff24f30e32a975cba82529f3d3c36d4c49ea0de712f
pre-refit-b66-v3,vle_obs_0123,vle_obs_0123-pco2,Hilliard2008,40.0,0.19390387807756157,9.85,9.264686779946658,evaluated,b66c7b962541a586f5ec50043a5e8b4e62cf52e24eaec02ef33f43e558762a58,868a501831b87e95dedf18ce40e9e7ac949f7c6a4aaf137f717cc493ecfcb7be,0ecaf30ec3147260f584fff24f30e32a975cba82529f3d3c36d4c49ea0de712f
pre-refit-b66-v3,vle_obs_0124,vle_obs_0124-pco2,Hilliard2008,40.0,0.23190463809276188,14.6,17.829667373786283,evaluated,b66c7b962541a586f5ec50043a5e8b4e62cf52e24eaec02ef33f43e558762a58,868a501831b87e95dedf18ce40e9e7ac949f7c6a4aaf137f717cc493ecfcb7be,0ecaf30ec3147260f584fff24f30e32a975cba82529f3d3c36d4c49ea0de712f
pre-refit-b66-v3,vle_obs_0125,vle_obs_0125-pco2,Hilliard2008,40.0,0.24590491809836199,19.099999999999998,22.614765266727538,evaluated,b66c7b962541a586f5ec50043a5e8b4e62cf52e24eaec02ef33f43e558762a58,868a501831b87e95dedf18ce40e9e7ac949f7c6a4aaf137f717cc493ecfcb7be,0ecaf30ec3147260f584fff24f30e32a975cba82529f3d3c36d4c49ea0de712f
pre-refit-b66-v3,vle_obs_0126,vle_obs_0126-pco2,Hilliard2008,40.0,0.2689053781075622,23.099999999999998,33.41536340213468,evaluated,b66c7b962541a586f5ec50043a5e8b4e62cf52e24eaec02ef33f43e558762a58,868a501831b87e95dedf18ce40e9e7ac949f7c6a4aaf137f717cc493ecfcb7be,0ecaf30ec3147260f584fff24f30e32a975cba82529f3d3c36d4c49ea0de712f
pre-refit-b66-v3,vle_obs_0127,vle_obs_0127-pco2,Hilliard2008,40.0,0.2719054381087622,22.4,35.16639842584427,evaluated,b66c7b962541a586f5ec50043a5e8b4e62cf52e24eaec02ef33f43e558762a58,868a501831b87e95dedf18ce40e9e7ac949f7c6a4aaf137f717cc493ecfcb7be,0ecaf30ec3147260f584fff24f30e32a975cba82529f3d3c36d4c49ea0de712f
pre-refit-b66-v3,vle_obs_0128,vle_obs_0128-pco2,Hilliard2008,40.0,0.32590651813036264,48.5,89.7746137710717,evaluated,b66c7b962541a586f5ec50043a5e8b4e62cf52e24eaec02ef33f43e558762a58,868a501831b87e95dedf18ce40e9e7ac949f7c6a4aaf137f717cc493ecfcb7be,0ecaf30ec3147260f584fff24f30e32a975cba82529f3d3c36d4c49ea0de712f
pre-refit-b66-v3,vle_obs_0129,vle_obs_0129-pco2,Hilliard2008,40.0,0.3479069581391628,66.19999999999999,133.56624086787454,evaluated,b66c7b962541a586f5ec50043a5e8b4e62cf52e24eaec02ef33f43e558762a58,868a501831b87e95dedf18ce40e9e7ac949f7c6a4aaf137f717cc493ecfcb7be,0ecaf30ec3147260f584fff24f30e32a975cba82529f3d3c36d4c49ea0de712f
pre-refit-b66-v3,vle_obs_0130,vle_obs_0130-pco2,Hilliard2008,40.0,0.3499069981399628,72.1,138.56045226129294,evaluated,b66c7b962541a586f5ec50043a5e8b4e62cf52e24eaec02ef33f43e558762a58,868a501831b87e95dedf18ce40e9e7ac949f7c6a4aaf137f717cc493ecfcb7be,0ecaf30ec3147260f584fff24f30e32a975cba82529f3d3c36d4c49ea0de712f
pre-refit-b66-v3,vle_obs_0131,vle_obs_0131-pco2,Hilliard2008,40.0,0.3599071981439629,96.60000000000001,166.7443761123034,evaluated,b66c7b962541a586f5ec50043a5e8b4e62cf52e24eaec02ef33f43e558762a58,868a501831b87e95dedf18ce40e9e7ac949f7c6a4aaf137f717cc493ecfcb7be,0ecaf30ec3147260f584fff24f30e32a975cba82529f3d3c36d4c49ea0de712f
pre-refit-b66-v3,vle_obs_0132,vle_obs_0132-pco2,Hilliard2008,40.0,0.3819076381527631,131.0,253.10512220674195,evaluated,b66c7b962541a586f5ec50043a5e8b4e62cf52e24eaec02ef33f43e558762a58,868a501831b87e95dedf18ce40e9e7ac949f7c6a4aaf137f717cc493ecfcb7be,0ecaf30ec3147260f584fff24f30e32a975cba82529f3d3c36d4c49ea0de712f
pre-refit-b66-v3,vle_obs_0133,vle_obs_0133-pco2,Hilliard2008,40.0,0.3859077181543631,120.0,273.4773498417718,evaluated,b66c7b962541a586f5ec50043a5e8b4e62cf52e24eaec02ef33f43e558762a58,868a501831b87e95dedf18ce40e9e7ac949f7c6a4aaf137f717cc493ecfcb7be,0ecaf30ec3147260f584fff24f30e32a975cba82529f3d3c36d4c49ea0de712f
pre-refit-b66-v3,vle_obs_0134,vle_obs_0134-pco2,Hilliard2008,40.0,0.38890777815556316,113.0,289.9160123691881,evaluated,b66c7b962541a586f5ec50043a5e8b4e62cf52e24eaec02ef33f43e558762a58,868a501831b87e95dedf18ce40e9e7ac949f7c6a4aaf137f717cc493ecfcb7be,0ecaf30ec3147260f584fff24f30e32a975cba82529f3d3c36d4c49ea0de712f
pre-refit-b66-v3,vle_obs_0135,vle_obs_0135-pco2,Hilliard2008,40.0,0.39990799815996325,128.0,359.9202746610347,evaluated,b66c7b962541a586f5ec50043a5e8b4e62cf52e24eaec02ef33f43e558762a58,868a501831b87e95dedf18ce40e9e7ac949f7c6a4aaf137f717cc493ecfcb7be,0ecaf30ec3147260f584fff24f30e32a975cba82529f3d3c36d4c49ea0de712f
pre-refit-b66-v3,vle_obs_0136,vle_obs_0136-pco2,Hilliard2008,40.0,0.46390927818556377,750.0,1330.7624773857299,evaluated,b66c7b962541a586f5ec50043a5e8b4e62cf52e24eaec02ef33f43e558762a58,868a501831b87e95dedf18ce40e9e7ac949f7c6a4aaf137f717cc493ecfcb7be,0ecaf30ec3147260f584fff24f30e32a975cba82529f3d3c36d4c49ea0de712f
pre-refit-b66-v3,vle_obs_0137,vle_obs_0137-pco2,Hilliard2008,40.0,0.4659093181863638,574.0,1386.5875691159267,evaluated,b66c7b962541a586f5ec50043a5e8b4e62cf52e24eaec02ef33f43e558762a58,868a501831b87e95dedf18ce40e9e7ac949f7c6a4aaf137f717cc493ecfcb7be,0ecaf30ec3147260f584fff24f30e32a975cba82529f3d3c36d4c49ea0de712f
pre-refit-b66-v3,vle_obs_0138,vle_obs_0138-pco2,Hilliard2008,40.0,0.48090961819236383,883.0,1881.3532731510734,evaluated,b66c7b962541a586f5ec50043a5e8b4e62cf52e24eaec02ef33f43e558762a58,868a501831b87e95dedf18ce40e9e7ac949f7c6a4aaf137f717cc493ecfcb7be,0ecaf30ec3147260f584fff24f30e32a975cba82529f3d3c36d4c49ea0de712f
pre-refit-b66-v3,vle_obs_0139,vle_obs_0139-pco2,Hilliard2008,40.0,0.4909098181963639,1100.0,2295.774542559984,evaluated,b66c7b962541a586f5ec50043a5e8b4e62cf52e24eaec02ef33f43e558762a58,868a501831b87e95dedf18ce40e9e7ac949f7c6a4aaf137f717cc493ecfcb7be,0ecaf30ec3147260f584fff24f30e32a975cba82529f3d3c36d4c49ea0de712f
pre-refit-b66-v3,vle_obs_0140,vle_obs_0140-pco2,Hilliard2008,40.0,0.5009100182003641,1870.0,2787.9900794714035,evaluated,b66c7b962541a586f5ec50043a5e8b4e62cf52e24eaec02ef33f43e558762a58,868a501831b87e95dedf18ce40e9e7ac949f7c6a4aaf137f717cc493ecfcb7be,0ecaf30ec3147260f584fff24f30e32a975cba82529f3d3c36d4c49ea0de712f
pre-refit-b66-v3,vle_obs_0141,vle_obs_0141-pco2,Hilliard2008,40.0,0.5179103582071641,3030.0,3825.4733638899284,evaluated,b66c7b962541a586f5ec50043a5e8b4e62cf52e24eaec02ef33f43e558762a58,868a501831b87e95dedf18ce40e9e7ac949f7c6a4aaf137f717cc493ecfcb7be,0ecaf30ec3147260f584fff24f30e32a975cba82529f3d3c36d4c49ea0de712f
pre-refit-b66-v3,vle_obs_0142,vle_obs_0142-pco2,Hilliard2008,40.0,0.5909118182363647,28300.0,11653.076238207299,evaluated,b66c7b962541a586f5ec50043a5e8b4e62cf52e24eaec02ef33f43e558762a58,868a501831b87e95dedf18ce40e9e7ac949f7c6a4aaf137f717cc493ecfcb7be,0ecaf30ec3147260f584fff24f30e32a975cba82529f3d3c36d4c49ea0de712f
pre-refit-b66-v3,vle_obs_0143,vle_obs_0143-pco2,Hilliard2008,60.0,0.11390227804556091,19.400000000000002,13.394054304353011,evaluated,b66c7b962541a586f5ec50043a5e8b4e62cf52e24eaec02ef33f43e558762a58,868a501831b87e95dedf18ce40e9e7ac949f7c6a4aaf137f717cc493ecfcb7be,0ecaf30ec3147260f584fff24f30e32a975cba82529f3d3c36d4c49ea0de712f
pre-refit-b66-v3,vle_obs_0144,vle_obs_0144-pco2,Hilliard2008,60.0,0.19090381807636156,58.9,59.315168769881595,evaluated,b66c7b962541a586f5ec50043a5e8b4e62cf52e24eaec02ef33f43e558762a58,868a501831b87e95dedf18ce40e9e7ac949f7c6a4aaf137f717cc493ecfcb7be,0ecaf30ec3147260f584fff24f30e32a975cba82529f3d3c36d4c49ea0de712f
pre-refit-b66-v3,vle_obs_0145,vle_obs_0145-pco2,Hilliard2008,60.0,0.29090581811636235,209.0,327.38218582116065,evaluated,b66c7b962541a586f5ec50043a5e8b4e62cf52e24eaec02ef33f43e558762a58,868a501831b87e95dedf18ce40e9e7ac949f7c6a4aaf137f717cc493ecfcb7be,0ecaf30ec3147260f584fff24f30e32a975cba82529f3d3c36d4c49ea0de712f
pre-refit-b66-v3,vle_obs_0146,vle_obs_0146-pco2,Hilliard2008,60.0,0.3859077181543631,763.0,1766.21477831727,evaluated,b66c7b962541a586f5ec50043a5e8b4e62cf52e24eaec02ef33f43e558762a58,868a501831b87e95dedf18ce40e9e7ac949f7c6a4aaf137f717cc493ecfcb7be,0ecaf30ec3147260f584fff24f30e32a975cba82529f3d3c36d4c49ea0de712f
pre-refit-b66-v3,vle_obs_0147,vle_obs_0147-pco2,Hilliard2008,60.0,0.4849096981939639,4860.0,11090.484541288051,evaluated,b66c7b962541a586f5ec50043a5e8b4e62cf52e24eaec02ef33f43e558762a58,868a501831b87e95dedf18ce40e9e7ac949f7c6a4aaf137f717cc493ecfcb7be,0ecaf30ec3147260f584fff24f30e32a975cba82529f3d3c36d4c49ea0de712f
pre-refit-b66-v3,vle_obs_0148,vle_obs_0148-pco2,Hilliard2008,60.0,0.5439108782175645,25800.0,28357.76058915246,evaluated,b66c7b962541a586f5ec50043a5e8b4e62cf52e24eaec02ef33f43e558762a58,868a501831b87e95dedf18ce40e9e7ac949f7c6a4aaf137f717cc493ecfcb7be,0ecaf30ec3147260f584fff24f30e32a975cba82529f3d3c36d4c49ea0de712f
pre-refit-b66-v3,vle_obs_0149,vle_obs_0149-pco2,Hilliard2008,60.0,0.5649112982259645,50200.0,37557.65882488964,evaluated,b66c7b962541a586f5ec50043a5e8b4e62cf52e24eaec02ef33f43e558762a58,868a501831b87e95dedf18ce40e9e7ac949f7c6a4aaf137f717cc493ecfcb7be,0ecaf30ec3147260f584fff24f30e32a975cba82529f3d3c36d4c49ea0de712f
pre-refit-b66-v3,vle_obs_0186,vle_obs_0186-pco2,Jou1995,40.0,0.08870177403548071,1.47,1.090580215459283,evaluated,b66c7b962541a586f5ec50043a5e8b4e62cf52e24eaec02ef33f43e558762a58,868a501831b87e95dedf18ce40e9e7ac949f7c6a4aaf137f717cc493ecfcb7be,0ecaf30ec3147260f584fff24f30e32a975cba82529f3d3c36d4c49ea0de712f
pre-refit-b66-v3,vle_obs_0187,vle_obs_0187-pco2,Jou1995,40.0,0.20290405808116166,8.959999999999999,10.84030974849128,evaluated,b66c7b962541a586f5ec50043a5e8b4e62cf52e24eaec02ef33f43e558762a58,868a501831b87e95dedf18ce40e9e7ac949f7c6a4aaf137f717cc493ecfcb7be,0ecaf30ec3147260f584fff24f30e32a975cba82529f3d3c36d4c49ea0de712f
pre-refit-b66-v3,vle_obs_0188,vle_obs_0188-pco2,Jou1995,40.0,0.36490729814596295,67.7,183.10861384020842,evaluated,b66c7b962541a586f5ec50043a5e8b4e62cf52e24eaec02ef33f43e558762a58,868a501831b87e95dedf18ce40e9e7ac949f7c6a4aaf137f717cc493ecfcb7be,0ecaf30ec3147260f584fff24f30e32a975cba82529f3d3c36d4c49ea0de712f
pre-refit-b66-v3,vle_obs_0189,vle_obs_0189-pco2,Jou1995,40.0,0.4734094681893638,604.0,1616.3984075646163,evaluated,b66c7b962541a586f5ec50043a5e8b4e62cf52e24eaec02ef33f43e558762a58,868a501831b87e95dedf18ce40e9e7ac949f7c6a4aaf137f717cc493ecfcb7be,0ecaf30ec3147260f584fff24f30e32a975cba82529f3d3c36d4c49ea0de712f
pre-refit-b66-v3,vle_obs_0190,vle_obs_0190-pco2,Jou1995,40.0,0.5129102582051641,2570.0,3492.544623456004,evaluated,b66c7b962541a586f5ec50043a5e8b4e62cf52e24eaec02ef33f43e558762a58,868a501831b87e95dedf18ce40e9e7ac949f7c6a4aaf137f717cc493ecfcb7be,0ecaf30ec3147260f584fff24f30e32a975cba82529f3d3c36d4c49ea0de712f
pre-refit-b66-v3,vle_obs_0191,vle_obs_0191-pco2,Jou1995,40.0,0.5569111382227645,8090.0,7295.83073613104,evaluated,b66c7b962541a586f5ec50043a5e8b4e62cf52e24eaec02ef33f43e558762a58,868a501831b87e95dedf18ce40e9e7ac949f7c6a4aaf137f717cc493ecfcb7be,0ecaf30ec3147260f584fff24f30e32a975cba82529f3d3c36d4c49ea0de712f
pre-refit-b66-v3,vle_obs_0192,vle_obs_0192-pco2,Jou1995,40.0,0.6089121782435649,36100.0,14461.435366874477,evaluated,b66c7b962541a586f5ec50043a5e8b4e62cf52e24eaec02ef33f43e558762a58,868a501831b87e95dedf18ce40e9e7ac949f7c6a4aaf137f717cc493ecfcb7be,0ecaf30ec3147260f584fff24f30e32a975cba82529f3d3c36d4c49ea0de712f
pre-refit-b66-v3,vle_obs_0193,vle_obs_0193-pco2,Jou1995,40.0,0.6419128382567652,103000.0,20481.97282784902,evaluated,b66c7b962541a586f5ec50043a5e8b4e62cf52e24eaec02ef33f43e558762a58,868a501831b87e95dedf18ce40e9e7ac949f7c6a4aaf137f717cc493ecfcb7be,0ecaf30ec3147260f584fff24f30e32a975cba82529f3d3c36d4c49ea0de712f
pre-refit-b66-v3,vle_obs_0194,vle_obs_0194-pco2,Jou1995,60.0,0.05630112602252045,4.28,2.7640728197252895,evaluated,b66c7b962541a586f5ec50043a5e8b4e62cf52e24eaec02ef33f43e558762a58,868a501831b87e95dedf18ce40e9e7ac949f7c6a4aaf137f717cc493ecfcb7be,0ecaf30ec3147260f584fff24f30e32a975cba82529f3d3c36d4c49ea0de712f
pre-refit-b66-v3,vle_obs_0195,vle_obs_0195-pco2,Jou1995,60.0,0.11890237804756094,19.3,14.93728998561022,evaluated,b66c7b962541a586f5ec50043a5e8b4e62cf52e24eaec02ef33f43e558762a58,868a501831b87e95dedf18ce40e9e7ac949f7c6a4aaf137f717cc493ecfcb7be,0ecaf30ec3147260f584fff24f30e32a975cba82529f3d3c36d4c49ea0de712f
pre-refit-b66-v3,vle_obs_0196,vle_obs_0196-pco2,Jou1995,60.0,0.20590411808236164,57.9,77.07616513180079,evaluated,b66c7b962541a586f5ec50043a5e8b4e62cf52e24eaec02ef33f43e558762a58,868a501831b87e95dedf18ce40e9e7ac949f7c6a4aaf137f717cc493ecfcb7be,0ecaf30ec3147260f584fff24f30e32a975cba82529f3d3c36d4c49ea0de712f
pre-refit-b66-v3,vle_obs_0197,vle_obs_0197-pco2,Jou1995,60.0,0.38890777815556316,528.0,1867.2129871916322,evaluated,b66c7b962541a586f5ec50043a5e8b4e62cf52e24eaec02ef33f43e558762a58,868a501831b87e95dedf18ce40e9e7ac949f7c6a4aaf137f717cc493ecfcb7be,0ecaf30ec3147260f584fff24f30e32a975cba82529f3d3c36d4c49ea0de712f
pre-refit-b66-v3,vle_obs_0198,vle_obs_0198-pco2,Jou1995,60.0,0.4379087581751635,2009.9999999999998,4685.8237427806025,evaluated,b66c7b962541a586f5ec50043a5e8b4e62cf52e24eaec02ef33f43e558762a58,868a501831b87e95dedf18ce40e9e7ac949f7c6a4aaf137f717cc493ecfcb7be,0ecaf30ec3147260f584fff24f30e32a975cba82529f3d3c36d4c49ea0de712f
pre-refit-b66-v3,vle_obs_0199,vle_obs_0199-pco2,Jou1995,60.0,0.5039100782015641,11000.0,15344.764554196816,evaluated,b66c7b962541a586f5ec50043a5e8b4e62cf52e24eaec02ef33f43e558762a58,868a501831b87e95dedf18ce40e9e7ac949f7c6a4aaf137f717cc493ecfcb7be,0ecaf30ec3147260f584fff24f30e32a975cba82529f3d3c36d4c49ea0de712f
pre-refit-b66-v3,vle_obs_0200,vle_obs_0200-pco2,Jou1995,60.0,0.5609112182243645,34000.0,35678.65337478367,evaluated,b66c7b962541a586f5ec50043a5e8b4e62cf52e24eaec02ef33f43e558762a58,868a501831b87e95dedf18ce40e9e7ac949f7c6a4aaf137f717cc493ecfcb7be,0ecaf30ec3147260f584fff24f30e32a975cba82529f3d3c36d4c49ea0de712f
pre-refit-b66-v3,vle_obs_0201,vle_obs_0201-pco2,Jou1995,60.0,0.5789115782315646,82000.0,44595.68223374702,evaluated,b66c7b962541a586f5ec50043a5e8b4e62cf52e24eaec02ef33f43e558762a58,868a501831b87e95dedf18ce40e9e7ac949f7c6a4aaf137f717cc493ecfcb7be,0ecaf30ec3147260f584fff24f30e32a975cba82529f3d3c36d4c49ea0de712f
pre-refit-b66-v3,vle_obs_0202,vle_obs_0202-pco2,Jou1995,60.0,0.6679133582671654,282000.0,104401.9332362837,evaluated,b66c7b962541a586f5ec50043a5e8b4e62cf52e24eaec02ef33f43e558762a58,868a501831b87e95dedf18ce40e9e7ac949f7c6a4aaf137f717cc493ecfcb7be,0ecaf30ec3147260f584fff24f30e32a975cba82529f3d3c36d4c49ea0de712f
pre-refit-b66-v3,vle_obs_0203,vle_obs_0203-pco2,Jou1995,80.0,0.01730034600692014,2.96,1.7317560655565625,evaluated,b66c7b962541a586f5ec50043a5e8b4e62cf52e24eaec02ef33f43e558762a58,868a501831b87e95dedf18ce40e9e7ac949f7c6a4aaf137f717cc493ecfcb7be,0ecaf30ec3147260f584fff24f30e32a975cba82529f3d3c36d4c49ea0de712f
pre-refit-b66-v3,vle_obs_0204,vle_obs_0204-pco2,Jou1995,80.0,0.023500470009400188,4.84,3.0275112049087123,evaluated,b66c7b962541a586f5ec50043a5e8b4e62cf52e24eaec02ef33f43e558762a58,868a501831b87e95dedf18ce40e9e7ac949f7c6a4aaf137f717cc493ecfcb7be,0ecaf30ec3147260f584fff24f30e32a975cba82529f3d3c36d4c49ea0de712f
pre-refit-b66-v3,vle_obs_0205,vle_obs_0205-pco2,Jou1995,80.0,0.07800156003120062,46.5,32.136699255033975,evaluated,b66c7b962541a586f5ec50043a5e8b4e62cf52e24eaec02ef33f43e558762a58,868a501831b87e95dedf18ce40e9e7ac949f7c6a4aaf137f717cc493ecfcb7be,0ecaf30ec3147260f584fff24f30e32a975cba82529f3d3c36d4c49ea0de712f
pre-refit-b66-v3,vle_obs_0206,vle_obs_0206-pco2,Jou1995,80.0,0.11790235804716094,99.2,84.87232887737555,evaluated,b66c7b962541a586f5ec50043a5e8b4e62cf52e24eaec02ef33f43e558762a58,868a501831b87e95dedf18ce40e9e7ac949f7c6a4aaf137f717cc493ecfcb7be,0ecaf30ec3147260f584fff24f30e32a975cba82529f3d3c36d4c49ea0de712f
pre-refit-b66-v3,vle_obs_0207,vle_obs_0207-pco2,Jou1995,80.0,0.18690373807476152,278.0,318.36282074938816,evaluated,b66c7b962541a586f5ec50043a5e8b4e62cf52e24eaec02ef33f43e558762a58,868a501831b87e95dedf18ce40e9e7ac949f7c6a4aaf137f717cc493ecfcb7be,0ecaf30ec3147260f584fff24f30e32a975cba82529f3d3c36d4c49ea0de712f
pre-refit-b66-v3,vle_obs_0208,vle_obs_0208-pco2,Jou1995,80.0,0.3479069581391628,2670.0,4863.974623933635,evaluated,b66c7b962541a586f5ec50043a5e8b4e62cf52e24eaec02ef33f43e558762a58,868a501831b87e95dedf18ce40e9e7ac949f7c6a4aaf137f717cc493ecfcb7be,0ecaf30ec3147260f584fff24f30e32a975cba82529f3d3c36d4c49ea0de712f
pre-refit-b66-v3,vle_obs_0209,vle_obs_0209-pco2,Jou1995,80.0,0.4599091981839637,16000.0,33984.79903860831,evaluated,b66c7b962541a586f5ec50043a5e8b4e62cf52e24eaec02ef33f43e558762a58,868a501831b87e95dedf18ce40e9e7ac949f7c6a4aaf137f717cc493ecfcb7be,0ecaf30ec3147260f584fff24f30e32a975cba82529f3d3c36d4c49ea0de712f
pre-refit-b66-v3,vle_obs_0210,vle_obs_0210-pco2,Jou1995,80.0,0.5169103382067641,56000.0,81476.7831893429,evaluated,b66c7b962541a586f5ec50043a5e8b4e62cf52e24eaec02ef33f43e558762a58,868a501831b87e95dedf18ce40e9e7ac949f7c6a4aaf137f717cc493ecfcb7be,0ecaf30ec3147260f584fff24f30e32a975cba82529f3d3c36d4c49ea0de712f
pre-refit-b66-v3,vle_obs_0211,vle_obs_0211-pco2,Jou1995,80.0,0.5784115682313646,235000.0,170448.8048807696,evaluated,b66c7b962541a586f5ec50043a5e8b4e62cf52e24eaec02ef33f43e558762a58,868a501831b87e95dedf18ce40e9e7ac949f7c6a4aaf137f717cc493ecfcb7be,0ecaf30ec3147260f584fff24f30e32a975cba82529f3d3c36d4c49ea0de712f
pre-refit-b66-v3,vle_obs_0212,vle_obs_0212-pco2,Jou1995,80.0,0.6399127982559651,558000.0,291648.9826875201,evaluated,b66c7b962541a586f5ec50043a5e8b4e62cf52e24eaec02ef33f43e558762a58,868a501831b87e95dedf18ce40e9e7ac949f7c6a4aaf137f717cc493ecfcb7be,0ecaf30ec3147260f584fff24f30e32a975cba82529f3d3c36d4c49ea0de712f
pre-refit-b66-v3,vle_obs_0213,vle_obs_0213-pco2,Jou1995,80.0,0.6889137782755654,958000.0,402013.0838300838,evaluated,b66c7b962541a586f5ec50043a5e8b4e62cf52e24eaec02ef33f43e558762a58,868a501831b87e95dedf18ce40e9e7ac949f7c6a4aaf137f717cc493ecfcb7be,0ecaf30ec3147260f584fff24f30e32a975cba82529f3d3c36d4c49ea0de712f
pre-refit-b66-v3,vle_obs_0214,vle_obs_0214-pco2,Jou1995,100.0,0.011600232004640094,7.24,4.427373074897583,evaluated,b66c7b962541a586f5ec50043a5e8b4e62cf52e24eaec02ef33f43e558762a58,868a501831b87e95dedf18ce40e9e7ac949f7c6a4aaf137f717cc493ecfcb7be,0ecaf30ec3147260f584fff24f30e32a975cba82529f3d3c36d4c49ea0de712f
pre-refit-b66-v3,vle_obs_0215,vle_obs_0215-pco2,Jou1995,100.0,0.056501130022600446,136.0,84.57882446404564,evaluated,b66c7b962541a586f5ec50043a5e8b4e62cf52e24eaec02ef33f43e558762a58,868a501831b87e95dedf18ce40e9e7ac949f7c6a4aaf137f717cc493ecfcb7be,0ecaf30ec3147260f584fff24f30e32a975cba82529f3d3c36d4c49ea0de712f
pre-refit-b66-v3,vle_obs_0216,vle_obs_0216-pco2,Jou1995,100.0,0.18790375807516152,1430.0,1650.5256970293858,evaluated,b66c7b962541a586f5ec50043a5e8b4e62cf52e24eaec02ef33f43e558762a58,868a501831b87e95dedf18ce40e9e7ac949f7c6a4aaf137f717cc493ecfcb7be,0ecaf30ec3147260f584fff24f30e32a975cba82529f3d3c36d4c49ea0de712f
pre-refit-b66-v3,vle_obs_0217,vle_obs_0217-pco2,Jou1995,100.0,0.38090761815236307,19000.0,40050.71707490709,evaluated,b66c7b962541a586f5ec50043a5e8b4e62cf52e24eaec02ef33f43e558762a58,868a501831b87e95dedf18ce40e9e7ac949f7c6a4aaf137f717cc493ecfcb7be,0ecaf30ec3147260f584fff24f30e32a975cba82529f3d3c36d4c49ea0de712f
pre-refit-b66-v3,vle_obs_0218,vle_obs_0218-pco2,Jou1995,100.0,0.4219084381687634,39000.0,77562.3676712627,evaluated,b66c7b962541a586f5ec50043a5e8b4e62cf52e24eaec02ef33f43e558762a58,868a501831b87e95dedf18ce40e9e7ac949f7c6a4aaf137f717cc493ecfcb7be,0ecaf30ec3147260f584fff24f30e32a975cba82529f3d3c36d4c49ea0de712f
pre-refit-b66-v3,vle_obs_0219,vle_obs_0219-pco2,Jou1995,100.0,0.4769095381907638,69000.0,174839.92170818735,evaluated,b66c7b962541a586f5ec50043a5e8b4e62cf52e24eaec02ef33f43e558762a58,868a501831b87e95dedf18ce40e9e7ac949f7c6a4aaf137f717cc493ecfcb7be,0ecaf30ec3147260f584fff24f30e32a975cba82529f3d3c36d4c49ea0de712f
pre-refit-b66-v3,vle_obs_0220,vle_obs_0220-pco2,Jou1995,100.0,0.48090961819236383,109000.0,184525.3598650264,evaluated,b66c7b962541a586f5ec50043a5e8b4e62cf52e24eaec02ef33f43e558762a58,868a501831b87e95dedf18ce40e9e7ac949f7c6a4aaf137f717cc493ecfcb7be,0ecaf30ec3147260f584fff24f30e32a975cba82529f3d3c36d4c49ea0de712f
pre-refit-b66-v3,vle_obs_0221,vle_obs_0221-pco2,Jou1995,100.0,0.5709114182283646,509000.0,493507.1510281129,evaluated,b66c7b962541a586f5ec50043a5e8b4e62cf52e24eaec02ef33f43e558762a58,868a501831b87e95dedf18ce40e9e7ac949f7c6a4aaf137f717cc493ecfcb7be,0ecaf30ec3147260f584fff24f30e32a975cba82529f3d3c36d4c49ea0de712f
pre-refit-b66-v3,vle_obs_0222,vle_obs_0222-pco2,Jou1995,100.0,0.5889117782355647,376000.0,571661.5862528218,evaluated,b66c7b962541a586f5ec50043a5e8b4e62cf52e24eaec02ef33f43e558762a58,868a501831b87e95dedf18ce40e9e7ac949f7c6a4aaf137f717cc493ecfcb7be,0ecaf30ec3147260f584fff24f30e32a975cba82529f3d3c36d4c49ea0de712f
pre-refit-b66-v3,vle_obs_0223,vle_obs_0223-pco2,Jou1995,100.0,0.613412268245365,909000.0,683129.1338102017,evaluated,b66c7b962541a586f5ec50043a5e8b4e62cf52e24eaec02ef33f43e558762a58,868a501831b87e95dedf18ce40e9e7ac949f7c6a4aaf137f717cc493ecfcb7be,0ecaf30ec3147260f584fff24f30e32a975cba82529f3d3c36d4c49ea0de712f
pre-refit-b66-v3,vle_obs_0224,vle_obs_0224-pco2,Jou1995,120.0,0.003230064601292026,2.02,2.3068327682622414,evaluated,b66c7b962541a586f5ec50043a5e8b4e62cf52e24eaec02ef33f43e558762a58,868a501831b87e95dedf18ce40e9e7ac949f7c6a4aaf137f717cc493ecfcb7be,0ecaf30ec3147260f584fff24f30e32a975cba82529f3d3c36d4c49ea0de712f
pre-refit-b66-v3,vle_obs_0225,vle_obs_0225-pco2,Jou1995,120.0,0.011100222004440089,22.1,19.394504234681914,evaluated,b66c7b962541a586f5ec50043a5e8b4e62cf52e24eaec02ef33f43e558762a58,868a501831b87e95dedf18ce40e9e7ac949f7c6a4aaf137f717cc493ecfcb7be,0ecaf30ec3147260f584fff24f30e32a975cba82529f3d3c36d4c49ea0de712f
pre-refit-b66-v3,vle_obs_0226,vle_obs_0226-pco2,Jou1995,120.0,0.024600492009840196,98.4,81.36575708382392,evaluated,b66c7b962541a586f5ec50043a5e8b4e62cf52e24eaec02ef33f43e558762a58,868a501831b87e95dedf18ce40e9e7ac949f7c6a4aaf137f717cc493ecfcb7be,0ecaf30ec3147260f584fff24f30e32a975cba82529f3d3c36d4c49ea0de712f
pre-refit-b66-v3,vle_obs_0227,vle_obs_0227-pco2,Jou1995,120.0,0.11890237804756094,2290.0,2079.468172352409,evaluated,b66c7b962541a586f5ec50043a5e8b4e62cf52e24eaec02ef33f43e558762a58,868a501831b87e95dedf18ce40e9e7ac949f7c6a4aaf137f717cc493ecfcb7be,0ecaf30ec3147260f584fff24f30e32a975cba82529f3d3c36d4c49ea0de712f
pre-refit-b66-v3,vle_obs_0228,vle_obs_0228-pco2,Jou1995,120.0,0.3489069781395628,46800.0,98795.59758778587,evaluated,b66c7b962541a586f5ec50043a5e8b4e62cf52e24eaec02ef33f43e558762a58,868a501831b87e95dedf18ce40e9e7ac949f7c6a4aaf137f717cc493ecfcb7be,0ecaf30ec3147260f584fff24f30e32a975cba82529f3d3c36d4c49ea0de712f
pre-refit-b66-v3,vle_obs_0229,vle_obs_0229-pco2,Jou1995,120.0,0.4114082281645633,122000.0,244104.7346203764,evaluated,b66c7b962541a586f5ec50043a5e8b4e62cf52e24eaec02ef33f43e558762a58,868a501831b87e95dedf18ce40e9e7ac949f7c6a4aaf137f717cc493ecfcb7be,0ecaf30ec3147260f584fff24f30e32a975cba82529f3d3c36d4c49ea0de712f
pre-refit-b66-v3,vle_obs_0230,vle_obs_0230-pco2,Jou1995,120.0,0.4439088781775636,222000.0,371203.407572395,evaluated,b66c7b962541a586f5ec50043a5e8b4e62cf52e24eaec02ef33f43e558762a58,868a501831b87e95dedf18ce40e9e7ac949f7c6a4aaf137f717cc493ecfcb7be,0ecaf30ec3147260f584fff24f30e32a975cba82529f3d3c36d4c49ea0de712f
pre-refit-b66-v3,vle_obs_0231,vle_obs_0231-pco2,Jou1995,120.0,0.4729094581891638,422000.0,518014.24229095643,evaluated,b66c7b962541a586f5ec50043a5e8b4e62cf52e24eaec02ef33f43e558762a58,868a501831b87e95dedf18ce40e9e7ac949f7c6a4aaf137f717cc493ecfcb7be,0ecaf30ec3147260f584fff24f30e32a975cba82529f3d3c36d4c49ea0de712f
pre-refit-b66-v3,vle_obs_0232,vle_obs_0232-pco2,Jou1995,120.0,0.5359107182143643,822000.0,929687.8393153611,evaluated,b66c7b962541a586f5ec50043a5e8b4e62cf52e24eaec02ef33f43e558762a58,868a501831b87e95dedf18ce40e9e7ac949f7c6a4aaf137f717cc493ecfcb7be,0ecaf30ec3147260f584fff24f30e32a975cba82529f3d3c36d4c49ea0de712f
pre-refit-b66-v3,vle_obs_0233,vle_obs_0233-pco2,Jou1995,120.0,0.6389127782555651,2804000.0,1742954.322181152,evaluated,b66c7b962541a586f5ec50043a5e8b4e62cf52e24eaec02ef33f43e558762a58,868a501831b87e95dedf18ce40e9e7ac949f7c6a4aaf137f717cc493ecfcb7be,0ecaf30ec3147260f584fff24f30e32a975cba82529f3d3c36d4c49ea0de712f
pre-refit-b66-v3,Bottinger2008_state_030,Bottinger2008_state_030::MEA + MEAH+,Bottinger2008,20.0,0.0749014980299606,0.1054,0.10483675838647068,evaluated,b66c7b962541a586f5ec50043a5e8b4e62cf52e24eaec02ef33f43e558762a58,868a501831b87e95dedf18ce40e9e7ac949f7c6a4aaf137f717cc493ecfcb7be,0ecaf30ec3147260f584fff24f30e32a975cba82529f3d3c36d4c49ea0de712f
pre-refit-b66-v3,Bottinger2008_state_030,Bottinger2008_state_030::MEACOO-,Bottinger2008,20.0,0.0749014980299606,0.0086,0.007382110384643394,evaluated,b66c7b962541a586f5ec50043a5e8b4e62cf52e24eaec02ef33f43e558762a58,868a501831b87e95dedf18ce40e9e7ac949f7c6a4aaf137f717cc493ecfcb7be,0ecaf30ec3147260f584fff24f30e32a975cba82529f3d3c36d4c49ea0de712f
pre-refit-b66-v3,Bottinger2008_state_031,Bottinger2008_state_031::MEA + MEAH+,Bottinger2008,20.0,0.1499029980599612,0.0966,0.09785431870613964,evaluated,b66c7b962541a586f5ec50043a5e8b4e62cf52e24eaec02ef33f43e558762a58,868a501831b87e95dedf18ce40e9e7ac949f7c6a4aaf137f717cc493ecfcb7be,0ecaf30ec3147260f584fff24f30e32a975cba82529f3d3c36d4c49ea0de712f
pre-refit-b66-v3,Bottinger2008_state_031,Bottinger2008_state_031::MEACOO-,Bottinger2008,20.0,0.1499029980599612,0.0171,0.014364549538087457,evaluated,b66c7b962541a586f5ec50043a5e8b4e62cf52e24eaec02ef33f43e558762a58,868a501831b87e95dedf18ce40e9e7ac949f7c6a4aaf137f717cc493ecfcb7be,0ecaf30ec3147260f584fff24f30e32a975cba82529f3d3c36d4c49ea0de712f
pre-refit-b66-v3,Bottinger2008_state_032,Bottinger2008_state_032::MEA + MEAH+,Bottinger2008,20.0,0.2349046980939619,0.0871,0.09078612103881625,evaluated,b66c7b962541a586f5ec50043a5e8b4e62cf52e24eaec02ef33f43e558762a58,868a501831b87e95dedf18ce40e9e7ac949f7c6a4aaf137f717cc493ecfcb7be,0ecaf30ec3147260f584fff24f30e32a975cba82529f3d3c36d4c49ea0de712f
pre-refit-b66-v3,Bottinger2008_state_032,Bottinger2008_state_032::MEACOO-,Bottinger2008,20.0,0.2349046980939619,0.0267,0.021432744949852468,evaluated,b66c7b962541a586f5ec50043a5e8b4e62cf52e24eaec02ef33f43e558762a58,868a501831b87e95dedf18ce40e9e7ac949f7c6a4aaf137f717cc493ecfcb7be,0ecaf30ec3147260f584fff24f30e32a975cba82529f3d3c36d4c49ea0de712f
pre-refit-b66-v3,Bottinger2008_state_033,Bottinger2008_state_033::MEA + MEAH+,Bottinger2008,20.0,0.30890617812356247,0.078,0.08562167237578651,evaluated,b66c7b962541a586f5ec50043a5e8b4e62cf52e24eaec02ef33f43e558762a58,868a501831b87e95dedf18ce40e9e7ac949f7c6a4aaf137f717cc493ecfcb7be,0ecaf30ec3147260f584fff24f30e32a975cba82529f3d3c36d4c49ea0de712f
pre-refit-b66-v3,Bottinger2008_state_033,Bottinger2008_state_033::MEACOO-,Bottinger2008,20.0,0.30890617812356247,0.0349,0.026597186128091407,evaluated,b66c7b962541a586f5ec50043a5e8b4e62cf52e24eaec02ef33f43e558762a58,868a501831b87e95dedf18ce40e9e7ac949f7c6a4aaf137f717cc493ecfcb7be,0ecaf30ec3147260f584fff24f30e32a975cba82529f3d3c36d4c49ea0de712f
pre-refit-b66-v3,Bottinger2008_state_034,Bottinger2008_state_034::MEA + MEAH+,Bottinger2008,20.0,0.38790775815516315,0.0678,0.08153978881392865,evaluated,b66c7b962541a586f5ec50043a5e8b4e62cf52e24eaec02ef33f43e558762a58,868a501831b87e95dedf18ce40e9e7ac949f7c6a4aaf137f717cc493ecfcb7be,0ecaf30ec3147260f584fff24f30e32a975cba82529f3d3c36d4c49ea0de712f
pre-refit-b66-v3,Bottinger2008_state_034,Bottinger2008_state_034::MEACOO-,Bottinger2008,20.0,0.38790775815516315,0.043,0.03067903253742428,evaluated,b66c7b962541a586f5ec50043a5e8b4e62cf52e24eaec02ef33f43e558762a58,868a501831b87e95dedf18ce40e9e7ac949f7c6a4aaf137f717cc493ecfcb7be,0ecaf30ec3147260f584fff24f30e32a975cba82529f3d3c36d4c49ea0de712f
pre-refit-b66-v3,Bottinger2008_state_035,Bottinger2008_state_035::MEA + MEAH+,Bottinger2008,20.0,0.4739094781895638,0.062,0.0799811574252423,evaluated,b66c7b962541a586f5ec50043a5e8b4e62cf52e24eaec02ef33f43e558762a58,868a501831b87e95dedf18ce40e9e7ac949f7c6a4aaf137f717cc493ecfcb7be,0ecaf30ec3147260f584fff24f30e32a975cba82529f3d3c36d4c49ea0de712f
pre-refit-b66-v3,Bottinger2008_state_035,Bottinger2008_state_035::MEACOO-,Bottinger2008,20.0,0.4739094781895638,0.0493,0.03223734245031673,evaluated,b66c7b962541a586f5ec50043a5e8b4e62cf52e24eaec02ef33f43e558762a58,868a501831b87e95dedf18ce40e9e7ac949f7c6a4aaf137f717cc493ecfcb7be,0ecaf30ec3147260f584fff24f30e32a975cba82529f3d3c36d4c49ea0de712f
pre-refit-b66-v3,Bottinger2008_state_042,Bottinger2008_state_042::MEA + MEAH+,Bottinger2008,40.0,0.124902498049961,0.1009,,non_evaluable,b66c7b962541a586f5ec50043a5e8b4e62cf52e24eaec02ef33f43e558762a58,868a501831b87e95dedf18ce40e9e7ac949f7c6a4aaf137f717cc493ecfcb7be,0ecaf30ec3147260f584fff24f30e32a975cba82529f3d3c36d4c49ea0de712f
pre-refit-b66-v3,Bottinger2008_state_042,Bottinger2008_state_042::MEACOO-,Bottinger2008,40.0,0.124902498049961,0.0144,,non_evaluable,b66c7b962541a586f5ec50043a5e8b4e62cf52e24eaec02ef33f43e558762a58,868a501831b87e95dedf18ce40e9e7ac949f7c6a4aaf137f717cc493ecfcb7be,0ecaf30ec3147260f584fff24f30e32a975cba82529f3d3c36d4c49ea0de712f
pre-refit-b66-v3,Bottinger2008_state_043,Bottinger2008_state_043::MEA + MEAH+,Bottinger2008,40.0,0.20490409808196164,0.0934,0.09142197699736805,evaluated,b66c7b962541a586f5ec50043a5e8b4e62cf52e24eaec02ef33f43e558762a58,868a501831b87e95dedf18ce40e9e7ac949f7c6a4aaf137f717cc493ecfcb7be,0ecaf30ec3147260f584fff24f30e32a975cba82529f3d3c36d4c49ea0de712f
pre-refit-b66-v3,Bottinger2008_state_043,Bottinger2008_state_043::MEACOO-,Bottinger2008,40.0,0.20490409808196164,0.0241,0.02079688082700818,evaluated,b66c7b962541a586f5ec50043a5e8b4e62cf52e24eaec02ef33f43e558762a58,868a501831b87e95dedf18ce40e9e7ac949f7c6a4aaf137f717cc493ecfcb7be,0ecaf30ec3147260f584fff24f30e32a975cba82529f3d3c36d4c49ea0de712f
pre-refit-b66-v3,Bottinger2008_state_044,Bottinger2008_state_044::MEA + MEAH+,Bottinger2008,40.0,0.2359047180943619,0.0876,0.08855129320217367,evaluated,b66c7b962541a586f5ec50043a5e8b4e62cf52e24eaec02ef33f43e558762a58,868a501831b87e95dedf18ce40e9e7ac949f7c6a4aaf137f717cc493ecfcb7be,0ecaf30ec3147260f584fff24f30e32a975cba82529f3d3c36d4c49ea0de712f
pre-refit-b66-v3,Bottinger2008_state_044,Bottinger2008_state_044::MEACOO-,Bottinger2008,40.0,0.2359047180943619,0.0271,0.02366755675205047,evaluated,b66c7b962541a586f5ec50043a5e8b4e62cf52e24eaec02ef33f43e558762a58,868a501831b87e95dedf18ce40e9e7ac949f7c6a4aaf137f717cc493ecfcb7be,0ecaf30ec3147260f584fff24f30e32a975cba82529f3d3c36d4c49ea0de712f
pre-refit-b66-v3,Bottinger2008_state_045,Bottinger2008_state_045::MEA + MEAH+,Bottinger2008,40.0,0.2799055981119623,0.084,0.08469079448299317,evaluated,b66c7b962541a586f5ec50043a5e8b4e62cf52e24eaec02ef33f43e558762a58,868a501831b87e95dedf18ce40e9e7ac949f7c6a4aaf137f717cc493ecfcb7be,0ecaf30ec3147260f584fff24f30e32a975cba82529f3d3c36d4c49ea0de712f
pre-refit-b66-v3,Bottinger2008_state_045,Bottinger2008_state_045::MEACOO-,Bottinger2008,40.0,0.2799055981119623,0.0327,0.02752803394803344,evaluated,b66c7b962541a586f5ec50043a5e8b4e62cf52e24eaec02ef33f43e558762a58,868a501831b87e95dedf18ce40e9e7ac949f7c6a4aaf137f717cc493ecfcb7be,0ecaf30ec3147260f584fff24f30e32a975cba82529f3d3c36d4c49ea0de712f
pre-refit-b66-v3,Bottinger2008_state_046,Bottinger2008_state_046::MEA + MEAH+,Bottinger2008,40.0,0.34290685813716276,0.0758,,non_evaluable,b66c7b962541a586f5ec50043a5e8b4e62cf52e24eaec02ef33f43e558762a58,868a501831b87e95dedf18ce40e9e7ac949f7c6a4aaf137f717cc493ecfcb7be,0ecaf30ec3147260f584fff24f30e32a975cba82529f3d3c36d4c49ea0de712f
pre-refit-b66-v3,Bottinger2008_state_046,Bottinger2008_state_046::MEACOO-,Bottinger2008,40.0,0.34290685813716276,0.0396,,non_evaluable,b66c7b962541a586f5ec50043a5e8b4e62cf52e24eaec02ef33f43e558762a58,868a501831b87e95dedf18ce40e9e7ac949f7c6a4aaf137f717cc493ecfcb7be,0ecaf30ec3147260f584fff24f30e32a975cba82529f3d3c36d4c49ea0de712f
pre-refit-b66-v3,Bottinger2008_state_047,Bottinger2008_state_047::MEA + MEAH+,Bottinger2008,40.0,0.3539070781415628,0.0749,0.07902473724913746,evaluated,b66c7b962541a586f5ec50043a5e8b4e62cf52e24eaec02ef33f43e558762a58,868a501831b87e95dedf18ce40e9e7ac949f7c6a4aaf137f717cc493ecfcb7be,0ecaf30ec3147260f584fff24f30e32a975cba82529f3d3c36d4c49ea0de712f
pre-refit-b66-v3,Bottinger2008_state_047,Bottinger2008_state_047::MEACOO-,Bottinger2008,40.0,0.3539070781415628,0.041,0.03319397746734044,evaluated,b66c7b962541a586f5ec50043a5e8b4e62cf52e24eaec02ef33f43e558762a58,868a501831b87e95dedf18ce40e9e7ac949f7c6a4aaf137f717cc493ecfcb7be,0ecaf30ec3147260f584fff24f30e32a975cba82529f3d3c36d4c49ea0de712f
pre-refit-b66-v3,Bottinger2008_state_048,Bottinger2008_state_048::MEA + MEAH+,Bottinger2008,40.0,0.4599091981839637,0.065,0.07452885828719445,evaluated,b66c7b962541a586f5ec50043a5e8b4e62cf52e24eaec02ef33f43e558762a58,868a501831b87e95dedf18ce40e9e7ac949f7c6a4aaf137f717cc493ecfcb7be,0ecaf30ec3147260f584fff24f30e32a975cba82529f3d3c36d4c49ea0de712f
pre-refit-b66-v3,Bottinger2008_state_048,Bottinger2008_state_048::MEACOO-,Bottinger2008,40.0,0.4599091981839637,0.0492,0.03768862859149285,evaluated,b66c7b962541a586f5ec50043a5e8b4e62cf52e24eaec02ef33f43e558762a58,868a501831b87e95dedf18ce40e9e7ac949f7c6a4aaf137f717cc493ecfcb7be,0ecaf30ec3147260f584fff24f30e32a975cba82529f3d3c36d4c49ea0de712f
pre-refit-b66-v3,Bottinger2008_state_049,Bottinger2008_state_049::MEA + MEAH+,Bottinger2008,40.0,0.4659093181863638,0.0663,0.07448725667287369,evaluated,b66c7b962541a586f5ec50043a5e8b4e62cf52e24eaec02ef33f43e558762a58,868a501831b87e95dedf18ce40e9e7ac949f7c6a4aaf137f717cc493ecfcb7be,0ecaf30ec3147260f584fff24f30e32a975cba82529f3d3c36d4c49ea0de712f
pre-refit-b66-v3,Bottinger2008_state_049,Bottinger2008_state_049::MEACOO-,Bottinger2008,40.0,0.4659093181863638,0.0502,0.03773003666601335,evaluated,b66c7b962541a586f5ec50043a5e8b4e62cf52e24eaec02ef33f43e558762a58,868a501831b87e95dedf18ce40e9e7ac949f7c6a4aaf137f717cc493ecfcb7be,0ecaf30ec3147260f584fff24f30e32a975cba82529f3d3c36d4c49ea0de712f
pre-refit-b66-v3,Bottinger2008_state_049,Bottinger2008_state_049::HCO3-,Bottinger2008,40.0,0.4659093181863638,0.004,0.014549182070364423,evaluated,b66c7b962541a586f5ec50043a5e8b4e62cf52e24eaec02ef33f43e558762a58,868a501831b87e95dedf18ce40e9e7ac949f7c6a4aaf137f717cc493ecfcb7be,0ecaf30ec3147260f584fff24f30e32a975cba82529f3d3c36d4c49ea0de712f
pre-refit-b66-v3,Bottinger2008_state_050,Bottinger2008_state_050::MEA + MEAH+,Bottinger2008,40.0,0.4869097381947639,0.0646,0.07456750655659738,evaluated,b66c7b962541a586f5ec50043a5e8b4e62cf52e24eaec02ef33f43e558762a58,868a501831b87e95dedf18ce40e9e7ac949f7c6a4aaf137f717cc493ecfcb7be,0ecaf30ec3147260f584fff24f30e32a975cba82529f3d3c36d4c49ea0de712f
pre-refit-b66-v3,Bottinger2008_state_050,Bottinger2008_state_050::MEACOO-,Bottinger2008,40.0,0.4869097381947639,0.0511,0.03764888018169252,evaluated,b66c7b962541a586f5ec50043a5e8b4e62cf52e24eaec02ef33f43e558762a58,868a501831b87e95dedf18ce40e9e7ac949f7c6a4aaf137f717cc493ecfcb7be,0ecaf30ec3147260f584fff24f30e32a975cba82529f3d3c36d4c49ea0de712f
pre-refit-b66-v3,Bottinger2008_state_050,Bottinger2008_state_050::HCO3-,Bottinger2008,40.0,0.4869097381947639,0.0052,0.016978381339721932,evaluated,b66c7b962541a586f5ec50043a5e8b4e62cf52e24eaec02ef33f43e558762a58,868a501831b87e95dedf18ce40e9e7ac949f7c6a4aaf137f717cc493ecfcb7be,0ecaf30ec3147260f584fff24f30e32a975cba82529f3d3c36d4c49ea0de712f
pre-refit-b66-v3,Bottinger2008_state_055,Bottinger2008_state_055::MEA + MEAH+,Bottinger2008,60.0,0.13090261805236106,0.0974,0.09827130242020861,evaluated,b66c7b962541a586f5ec50043a5e8b4e62cf52e24eaec02ef33f43e558762a58,868a501831b87e95dedf18ce40e9e7ac949f7c6a4aaf137f717cc493ecfcb7be,0ecaf30ec3147260f584fff24f30e32a975cba82529f3d3c36d4c49ea0de712f
pre-refit-b66-v3,Bottinger2008_state_055,Bottinger2008_state_055::MEACOO-,Bottinger2008,60.0,0.13090261805236106,0.0147,0.013947551292183552,evaluated,b66c7b962541a586f5ec50043a5e8b4e62cf52e24eaec02ef33f43e558762a58,868a501831b87e95dedf18ce40e9e7ac949f7c6a4aaf137f717cc493ecfcb7be,0ecaf30ec3147260f584fff24f30e32a975cba82529f3d3c36d4c49ea0de712f
pre-refit-b66-v3,Bottinger2008_state_056,Bottinger2008_state_056::MEA + MEAH+,Bottinger2008,60.0,0.20290405808116166,0.0905,0.09093661685811429,evaluated,b66c7b962541a586f5ec50043a5e8b4e62cf52e24eaec02ef33f43e558762a58,868a501831b87e95dedf18ce40e9e7ac949f7c6a4aaf137f717cc493ecfcb7be,0ecaf30ec3147260f584fff24f30e32a975cba82529f3d3c36d4c49ea0de712f
pre-refit-b66-v3,Bottinger2008_state_056,Bottinger2008_state_056::MEACOO-,Bottinger2008,60.0,0.20290405808116166,0.0231,0.021282193812986943,evaluated,b66c7b962541a586f5ec50043a5e8b4e62cf52e24eaec02ef33f43e558762a58,868a501831b87e95dedf18ce40e9e7ac949f7c6a4aaf137f717cc493ecfcb7be,0ecaf30ec3147260f584fff24f30e32a975cba82529f3d3c36d4c49ea0de712f
pre-refit-b66-v3,Bottinger2008_state_057,Bottinger2008_state_057::MEA + MEAH+,Bottinger2008,60.0,0.27690553811076224,0.0791,0.08388192868428154,evaluated,b66c7b962541a586f5ec50043a5e8b4e62cf52e24eaec02ef33f43e558762a58,868a501831b87e95dedf18ce40e9e7ac949f7c6a4aaf137f717cc493ecfcb7be,0ecaf30ec3147260f584fff24f30e32a975cba82529f3d3c36d4c49ea0de712f
pre-refit-b66-v3,Bottinger2008_state_057,Bottinger2008_state_057::MEACOO-,Bottinger2008,60.0,0.27690553811076224,0.0302,0.028336732243736562,evaluated,b66c7b962541a586f5ec50043a5e8b4e62cf52e24eaec02ef33f43e558762a58,868a501831b87e95dedf18ce40e9e7ac949f7c6a4aaf137f717cc493ecfcb7be,0ecaf30ec3147260f584fff24f30e32a975cba82529f3d3c36d4c49ea0de712f
pre-refit-b66-v3,Bottinger2008_state_058,Bottinger2008_state_058::MEA + MEAH+,Bottinger2008,60.0,0.4149082981659633,0.0687,0.07393178597028313,evaluated,b66c7b962541a586f5ec50043a5e8b4e62cf52e24eaec02ef33f43e558762a58,868a501831b87e95dedf18ce40e9e7ac949f7c6a4aaf137f717cc493ecfcb7be,0ecaf30ec3147260f584fff24f30e32a975cba82529f3d3c36d4c49ea0de712f
pre-refit-b66-v3,Bottinger2008_state_058,Bottinger2008_state_058::MEACOO-,Bottinger2008,60.0,0.4149082981659633,0.0417,0.03828447613326936,evaluated,b66c7b962541a586f5ec50043a5e8b4e62cf52e24eaec02ef33f43e558762a58,868a501831b87e95dedf18ce40e9e7ac949f7c6a4aaf137f717cc493ecfcb7be,0ecaf30ec3147260f584fff24f30e32a975cba82529f3d3c36d4c49ea0de712f
pre-refit-b66-v3,Bottinger2008_state_058,Bottinger2008_state_058::HCO3-,Bottinger2008,60.0,0.4149082981659633,0.0042,0.00826204317981441,evaluated,b66c7b962541a586f5ec50043a5e8b4e62cf52e24eaec02ef33f43e558762a58,868a501831b87e95dedf18ce40e9e7ac949f7c6a4aaf137f717cc493ecfcb7be,0ecaf30ec3147260f584fff24f30e32a975cba82529f3d3c36d4c49ea0de712f
pre-refit-b66-v3,Bottinger2008_state_059,Bottinger2008_state_059::MEA + MEAH+,Bottinger2008,60.0,0.4889097781955639,0.068,0.07261620563593171,evaluated,b66c7b962541a586f5ec50043a5e8b4e62cf52e24eaec02ef33f43e558762a58,868a501831b87e95dedf18ce40e9e7ac949f7c6a4aaf137f717cc493ecfcb7be,0ecaf30ec3147260f584fff24f30e32a975cba82529f3d3c36d4c49ea0de712f
pre-refit-b66-v3,Bottinger2008_state_059,Bottinger2008_state_059::MEACOO-,Bottinger2008,60.0,0.4889097781955639,0.0424,0.03959160263818601,evaluated,b66c7b962541a586f5ec50043a5e8b4e62cf52e24eaec02ef33f43e558762a58,868a501831b87e95dedf18ce40e9e7ac949f7c6a4aaf137f717cc493ecfcb7be,0ecaf30ec3147260f584fff24f30e32a975cba82529f3d3c36d4c49ea0de712f
pre-refit-b66-v3,Bottinger2008_state_059,Bottinger2008_state_059::HCO3-,Bottinger2008,60.0,0.4889097781955639,0.0072,0.015179452743507925,evaluated,b66c7b962541a586f5ec50043a5e8b4e62cf52e24eaec02ef33f43e558762a58,868a501831b87e95dedf18ce40e9e7ac949f7c6a4aaf137f717cc493ecfcb7be,0ecaf30ec3147260f584fff24f30e32a975cba82529f3d3c36d4c49ea0de712f
pre-refit-b66-v3,Bottinger2008_state_063,Bottinger2008_state_063::MEA + MEAH+,Bottinger2008,80.0,0.06390127802556052,0.1084,0.105287461406019,evaluated,b66c7b962541a586f5ec50043a5e8b4e62cf52e24eaec02ef33f43e558762a58,868a501831b87e95dedf18ce40e9e7ac949f7c6a4aaf137f717cc493ecfcb7be,0ecaf30ec3147260f584fff24f30e32a975cba82529f3d3c36d4c49ea0de712f
pre-refit-b66-v3,Bottinger2008_state_063,Bottinger2008_state_063::MEACOO-,Bottinger2008,80.0,0.06390127802556052,0.0068,0.006931393459981887,evaluated,b66c7b962541a586f5ec50043a5e8b4e62cf52e24eaec02ef33f43e558762a58,868a501831b87e95dedf18ce40e9e7ac949f7c6a4aaf137f717cc493ecfcb7be,0ecaf30ec3147260f584fff24f30e32a975cba82529f3d3c36d4c49ea0de712f
pre-refit-b66-v3,Bottinger2008_state_064,Bottinger2008_state_064::MEA + MEAH+,Bottinger2008,80.0,0.14090281805636112,0.1005,0.09710931187040513,evaluated,b66c7b962541a586f5ec50043a5e8b4e62cf52e24eaec02ef33f43e558762a58,868a501831b87e95dedf18ce40e9e7ac949f7c6a4aaf137f717cc493ecfcb7be,0ecaf30ec3147260f584fff24f30e32a975cba82529f3d3c36d4c49ea0de712f
pre-refit-b66-v3,Bottinger2008_state_064,Bottinger2008_state_064::MEACOO-,Bottinger2008,80.0,0.14090281805636112,0.014,0.015109465633819786,evaluated,b66c7b962541a586f5ec50043a5e8b4e62cf52e24eaec02ef33f43e558762a58,868a501831b87e95dedf18ce40e9e7ac949f7c6a4aaf137f717cc493ecfcb7be,0ecaf30ec3147260f584fff24f30e32a975cba82529f3d3c36d4c49ea0de712f
pre-refit-b66-v3,Bottinger2008_state_065,Bottinger2008_state_065::MEA + MEAH+,Bottinger2008,80.0,0.24490489809796198,0.0906,0.08662236233342542,evaluated,b66c7b962541a586f5ec50043a5e8b4e62cf52e24eaec02ef33f43e558762a58,868a501831b87e95dedf18ce40e9e7ac949f7c6a4aaf137f717cc493ecfcb7be,0ecaf30ec3147260f584fff24f30e32a975cba82529f3d3c36d4c49ea0de712f
pre-refit-b66-v3,Bottinger2008_state_065,Bottinger2008_state_065::MEACOO-,Bottinger2008,80.0,0.24490489809796198,0.0224,0.025595924304156158,evaluated,b66c7b962541a586f5ec50043a5e8b4e62cf52e24eaec02ef33f43e558762a58,868a501831b87e95dedf18ce40e9e7ac949f7c6a4aaf137f717cc493ecfcb7be,0ecaf30ec3147260f584fff24f30e32a975cba82529f3d3c36d4c49ea0de712f
pre-refit-b66-v3,Bottinger2008_state_066,Bottinger2008_state_066::MEA + MEAH+,Bottinger2008,80.0,0.33590671813436274,0.0858,0.07861012518322708,evaluated,b66c7b962541a586f5ec50043a5e8b4e62cf52e24eaec02ef33f43e558762a58,868a501831b87e95dedf18ce40e9e7ac949f7c6a4aaf137f717cc493ecfcb7be,0ecaf30ec3147260f584fff24f30e32a975cba82529f3d3c36d4c49ea0de712f
pre-refit-b66-v3,Bottinger2008_state_066,Bottinger2008_state_066::MEACOO-,Bottinger2008,80.0,0.33590671813436274,0.0337,0.03360598716833086,evaluated,b66c7b962541a586f5ec50043a5e8b4e62cf52e24eaec02ef33f43e558762a58,868a501831b87e95dedf18ce40e9e7ac949f7c6a4aaf137f717cc493ecfcb7be,0ecaf30ec3147260f584fff24f30e32a975cba82529f3d3c36d4c49ea0de712f
pre-refit-b66-v3,Bottinger2008_state_067,Bottinger2008_state_067::MEA + MEAH+,Bottinger2008,80.0,0.39790795815916324,0.0872,0.07452764203335033,evaluated,b66c7b962541a586f5ec50043a5e8b4e62cf52e24eaec02ef33f43e558762a58,868a501831b87e95dedf18ce40e9e7ac949f7c6a4aaf137f717cc493ecfcb7be,0ecaf30ec3147260f584fff24f30e32a975cba82529f3d3c36d4c49ea0de712f
pre-refit-b66-v3,Bottinger2008_state_067,Bottinger2008_state_067::MEACOO-,Bottinger2008,80.0,0.39790795815916324,0.0336,0.03768285736803052,evaluated,b66c7b962541a586f5ec50043a5e8b4e62cf52e24eaec02ef33f43e558762a58,868a501831b87e95dedf18ce40e9e7ac949f7c6a4aaf137f717cc493ecfcb7be,0ecaf30ec3147260f584fff24f30e32a975cba82529f3d3c36d4c49ea0de712f
pre-refit-b66-v3,Bottinger2008_state_067,Bottinger2008_state_067::HCO3-,Bottinger2008,80.0,0.39790795815916324,0.0046,0.006902339587914083,evaluated,b66c7b962541a586f5ec50043a5e8b4e62cf52e24eaec02ef33f43e558762a58,868a501831b87e95dedf18ce40e9e7ac949f7c6a4aaf137f717cc493ecfcb7be,0ecaf30ec3147260f584fff24f30e32a975cba82529f3d3c36d4c49ea0de712f
pre-refit-b66-v3,Matin2012_state_001,Matin2012_state_001::MEA,Matin2012,20.0,0.10590211804236084,0.0915,0.0885834108571244,evaluated,b66c7b962541a586f5ec50043a5e8b4e62cf52e24eaec02ef33f43e558762a58,868a501831b87e95dedf18ce40e9e7ac949f7c6a4aaf137f717cc493ecfcb7be,0ecaf30ec3147260f584fff24f30e32a975cba82529f3d3c36d4c49ea0de712f
pre-refit-b66-v3,Matin2012_state_001,Matin2012_state_001::MEAH+,Matin2012,20.0,0.10590211804236084,0.0115,0.013296456417191972,evaluated,b66c7b962541a586f5ec50043a5e8b4e62cf52e24eaec02ef33f43e558762a58,868a501831b87e95dedf18ce40e9e7ac949f7c6a4aaf137f717cc493ecfcb7be,0ecaf30ec3147260f584fff24f30e32a975cba82529f3d3c36d4c49ea0de712f
pre-refit-b66-v3,Matin2012_state_001,Matin2012_state_001::MEACOO-,Matin2012,20.0,0.10590211804236084,0.0097,0.010339001355452815,evaluated,b66c7b962541a586f5ec50043a5e8b4e62cf52e24eaec02ef33f43e558762a58,868a501831b87e95dedf18ce40e9e7ac949f7c6a4aaf137f717cc493ecfcb7be,0ecaf30ec3147260f584fff24f30e32a975cba82529f3d3c36d4c49ea0de712f
pre-refit-b66-v3,Matin2012_state_001,Matin2012_state_001::HCO3-,Matin2012,20.0,0.10590211804236084,0.0024,0.0015561964247065652,evaluated,b66c7b962541a586f5ec50043a5e8b4e62cf52e24eaec02ef33f43e558762a58,868a501831b87e95dedf18ce40e9e7ac949f7c6a4aaf137f717cc493ecfcb7be,0ecaf30ec3147260f584fff24f30e32a975cba82529f3d3c36d4c49ea0de712f
pre-refit-b66-v3,Matin2012_state_002,Matin2012_state_002::MEA,Matin2012,20.0,0.12790255805116105,0.0867,0.08369845658382609,evaluated,b66c7b962541a586f5ec50043a5e8b4e62cf52e24eaec02ef33f43e558762a58,868a501831b87e95dedf18ce40e9e7ac949f7c6a4aaf137f717cc493ecfcb7be,0ecaf30ec3147260f584fff24f30e32a975cba82529f3d3c36d4c49ea0de712f
pre-refit-b66-v3,Matin2012_state_002,Matin2012_state_002::MEAH+,Matin2012,20.0,0.12790255805116105,0.0139,0.016141598377841147,evaluated,b66c7b962541a586f5ec50043a5e8b4e62cf52e24eaec02ef33f43e558762a58,868a501831b87e95dedf18ce40e9e7ac949f7c6a4aaf137f717cc493ecfcb7be,0ecaf30ec3147260f584fff24f30e32a975cba82529f3d3c36d4c49ea0de712f
pre-refit-b66-v3,Matin2012_state_002,Matin2012_state_002::MEACOO-,Matin2012,20.0,0.12790255805116105,0.0124,0.012378813510075857,evaluated,b66c7b962541a586f5ec50043a5e8b4e62cf52e24eaec02ef33f43e558762a58,868a501831b87e95dedf18ce40e9e7ac949f7c6a4aaf137f717cc493ecfcb7be,0ecaf30ec3147260f584fff24f30e32a975cba82529f3d3c36d4c49ea0de712f
pre-refit-b66-v3,Matin2012_state_002,Matin2012_state_002::HCO3-,Matin2012,20.0,0.12790255805116105,0.0022,0.0019851979515146776,evaluated,b66c7b962541a586f5ec50043a5e8b4e62cf52e24eaec02ef33f43e558762a58,868a501831b87e95dedf18ce40e9e7ac949f7c6a4aaf137f717cc493ecfcb7be,0ecaf30ec3147260f584fff24f30e32a975cba82529f3d3c36d4c49ea0de712f
pre-refit-b66-v3,Matin2012_state_003,Matin2012_state_003::MEA,Matin2012,20.0,0.1499029980599612,0.0817,0.07882214347458126,evaluated,b66c7b962541a586f5ec50043a5e8b4e62cf52e24eaec02ef33f43e558762a58,868a501831b87e95dedf18ce40e9e7ac949f7c6a4aaf137f717cc493ecfcb7be,0ecaf30ec3147260f584fff24f30e32a975cba82529f3d3c36d4c49ea0de712f
pre-refit-b66-v3,Matin2012_state_003,Matin2012_state_003::MEAH+,Matin2012,20.0,0.1499029980599612,0.0162,0.019032175231558663,evaluated,b66c7b962541a586f5ec50043a5e8b4e62cf52e24eaec02ef33f43e558762a58,868a501831b87e95dedf18ce40e9e7ac949f7c6a4aaf137f717cc493ecfcb7be,0ecaf30ec3147260f584fff24f30e32a975cba82529f3d3c36d4c49ea0de712f
pre-refit-b66-v3,Matin2012_state_003,Matin2012_state_003::MEACOO-,Matin2012,20.0,0.1499029980599612,0.0151,0.01436454953808703,evaluated,b66c7b962541a586f5ec50043a5e8b4e62cf52e24eaec02ef33f43e558762a58,868a501831b87e95dedf18ce40e9e7ac949f7c6a4aaf137f717cc493ecfcb7be,0ecaf30ec3147260f584fff24f30e32a975cba82529f3d3c36d4c49ea0de712f
pre-refit-b66-v3,Matin2012_state_003,Matin2012_state_003::HCO3-,Matin2012,20.0,0.1499029980599612,0.002,0.0024682749683223966,evaluated,b66c7b962541a586f5ec50043a5e8b4e62cf52e24eaec02ef33f43e558762a58,868a501831b87e95dedf18ce40e9e7ac949f7c6a4aaf137f717cc493ecfcb7be,0ecaf30ec3147260f584fff24f30e32a975cba82529f3d3c36d4c49ea0de712f
pre-refit-b66-v3,Matin2012_state_004,Matin2012_state_004::MEA,Matin2012,20.0,0.17290345806916138,0.0768,0.07373539108247346,evaluated,b66c7b962541a586f5ec50043a5e8b4e62cf52e24eaec02ef33f43e558762a58,868a501831b87e95dedf18ce40e9e7ac949f7c6a4aaf137f717cc493ecfcb7be,0ecaf30ec3147260f584fff24f30e32a975cba82529f3d3c36d4c49ea0de712f
pre-refit-b66-v3,Matin2012_state_004,Matin2012_state_004::MEAH+,Matin2012,20.0,0.17290345806916138,0.0186,0.02210616494846699,evaluated,b66c7b962541a586f5ec50043a5e8b4e62cf52e24eaec02ef33f43e558762a58,868a501831b87e95dedf18ce40e9e7ac949f7c6a4aaf137f717cc493ecfcb7be,0ecaf30ec3147260f584fff24f30e32a975cba82529f3d3c36d4c49ea0de712f
pre-refit-b66-v3,Matin2012_state_004,Matin2012_state_004::MEACOO-,Matin2012,20.0,0.17290345806916138,0.0177,0.016377311870331476,evaluated,b66c7b962541a586f5ec50043a5e8b4e62cf52e24eaec02ef33f43e558762a58,868a501831b87e95dedf18ce40e9e7ac949f7c6a4aaf137f717cc493ecfcb7be,0ecaf30ec3147260f584fff24f30e32a975cba82529f3d3c36d4c49ea0de712f
pre-refit-b66-v3,Matin2012_state_004,Matin2012_state_004::HCO3-,Matin2012,20.0,0.17290345806916138,0.002,0.0030365434902386627,evaluated,b66c7b962541a586f5ec50043a5e8b4e62cf52e24eaec02ef33f43e558762a58,868a501831b87e95dedf18ce40e9e7ac949f7c6a4aaf137f717cc493ecfcb7be,0ecaf30ec3147260f584fff24f30e32a975cba82529f3d3c36d4c49ea0de712f
pre-refit-b66-v3,Matin2012_state_005,Matin2012_state_005::MEA,Matin2012,20.0,0.19490389807796157,0.0718,0.0688828630834055,evaluated,b66c7b962541a586f5ec50043a5e8b4e62cf52e24eaec02ef33f43e558762a58,868a501831b87e95dedf18ce40e9e7ac949f7c6a4aaf137f717cc493ecfcb7be,0ecaf30ec3147260f584fff24f30e32a975cba82529f3d3c36d4c49ea0de712f
pre-refit-b66-v3,Matin2012_state_005,Matin2012_state_005::MEAH+,Matin2012,20.0,0.19490389807796157,0.021,0.025099428672380762,evaluated,b66c7b962541a586f5ec50043a5e8b4e62cf52e24eaec02ef33f43e558762a58,868a501831b87e95dedf18ce40e9e7ac949f7c6a4aaf137f717cc493ecfcb7be,0ecaf30ec3147260f584fff24f30e32a975cba82529f3d3c36d4c49ea0de712f
pre-refit-b66-v3,Matin2012_state_005,Matin2012_state_005::MEACOO-,Matin2012,20.0,0.19490389807796157,0.0203,0.018236575673828505,evaluated,b66c7b962541a586f5ec50043a5e8b4e62cf52e24eaec02ef33f43e558762a58,868a501831b87e95dedf18ce40e9e7ac949f7c6a4aaf137f717cc493ecfcb7be,0ecaf30ec3147260f584fff24f30e32a975cba82529f3d3c36d4c49ea0de712f
pre-refit-b66-v3,Matin2012_state_005,Matin2012_state_005::HCO3-,Matin2012,20.0,0.19490389807796157,0.002,0.003646090485584866,evaluated,b66c7b962541a586f5ec50043a5e8b4e62cf52e24eaec02ef33f43e558762a58,868a501831b87e95dedf18ce40e9e7ac949f7c6a4aaf137f717cc493ecfcb7be,0ecaf30ec3147260f584fff24f30e32a975cba82529f3d3c36d4c49ea0de712f
pre-refit-b66-v3,Matin2012_state_006,Matin2012_state_006::MEA,Matin2012,20.0,0.21790435808716177,0.0668,0.06382658238670563,evaluated,b66c7b962541a586f5ec50043a5e8b4e62cf52e24eaec02ef33f43e558762a58,868a501831b87e95dedf18ce40e9e7ac949f7c6a4aaf137f717cc493ecfcb7be,0ecaf30ec3147260f584fff24f30e32a975cba82529f3d3c36d4c49ea0de712f
pre-refit-b66-v3,Matin2012_state_006,Matin2012_state_006::MEAH+,Matin2012,20.0,0.21790435808716177,0.0234,0.028287172626847854,evaluated,b66c7b962541a586f5ec50043a5e8b4e62cf52e24eaec02ef33f43e558762a58,868a501831b87e95dedf18ce40e9e7ac949f7c6a4aaf137f717cc493ecfcb7be,0ecaf30ec3147260f584fff24f30e32a975cba82529f3d3c36d4c49ea0de712f
pre-refit-b66-v3,Matin2012_state_006,Matin2012_state_006::MEACOO-,Matin2012,20.0,0.21790435808716177,0.0228,0.020105111704654045,evaluated,b66c7b962541a586f5ec50043a5e8b4e62cf52e24eaec02ef33f43e558762a58,868a501831b87e95dedf18ce40e9e7ac949f7c6a4aaf137f717cc493ecfcb7be,0ecaf30ec3147260f584fff24f30e32a975cba82529f3d3c36d4c49ea0de712f
pre-refit-b66-v3,Matin2012_state_006,Matin2012_state_006::HCO3-,Matin2012,20.0,0.21790435808716177,0.0021,0.0043585819110920476,evaluated,b66c7b962541a586f5ec50043a5e8b4e62cf52e24eaec02ef33f43e558762a58,868a501831b87e95dedf18ce40e9e7ac949f7c6a4aaf137f717cc493ecfcb7be,0ecaf30ec3147260f584fff24f30e32a975cba82529f3d3c36d4c49ea0de712f
pre-refit-b66-v3,Matin2012_state_007,Matin2012_state_007::MEA,Matin2012,20.0,0.24090481809636194,0.0618,0.05879171091236135,evaluated,b66c7b962541a586f5ec50043a5e8b4e62cf52e24eaec02ef33f43e558762a58,868a501831b87e95dedf18ce40e9e7ac949f7c6a4aaf137f717cc493ecfcb7be,0ecaf30ec3147260f584fff24f30e32a975cba82529f3d3c36d4c49ea0de712f
pre-refit-b66-v3,Matin2012_state_007,Matin2012_state_007::MEAH+,Matin2012,20.0,0.24090481809636194,0.0257,0.031537328707144305,evaluated,b66c7b962541a586f5ec50043a5e8b4e62cf52e24eaec02ef33f43e558762a58,868a501831b87e95dedf18ce40e9e7ac949f7c6a4aaf137f717cc493ecfcb7be,0ecaf30ec3147260f584fff24f30e32a975cba82529f3d3c36d4c49ea0de712f
pre-refit-b66-v3,Matin2012_state_007,Matin2012_state_007::MEACOO-,Matin2012,20.0,0.24090481809636194,0.0252,0.02188982605786891,evaluated,b66c7b962541a586f5ec50043a5e8b4e62cf52e24eaec02ef33f43e558762a58,868a501831b87e95dedf18ce40e9e7ac949f7c6a4aaf137f717cc493ecfcb7be,0ecaf30ec3147260f584fff24f30e32a975cba82529f3d3c36d4c49ea0de712f
pre-refit-b66-v3,Matin2012_state_007,Matin2012_state_007::HCO3-,Matin2012,20.0,0.24090481809636194,0.0023,0.00515489196652763,evaluated,b66c7b962541a586f5ec50043a5e8b4e62cf52e24eaec02ef33f43e558762a58,868a501831b87e95dedf18ce40e9e7ac949f7c6a4aaf137f717cc493ecfcb7be,0ecaf30ec3147260f584fff24f30e32a975cba82529f3d3c36d4c49ea0de712f
pre-refit-b66-v3,Matin2012_state_008,Matin2012_state_008::MEA,Matin2012,20.0,0.26390527810556214,0.0568,0.0537839499987772,evaluated,b66c7b962541a586f5ec50043a5e8b4e62cf52e24eaec02ef33f43e558762a58,868a501831b87e95dedf18ce40e9e7ac949f7c6a4aaf137f717cc493ecfcb7be,0ecaf30ec3147260f584fff24f30e32a975cba82529f3d3c36d4c49ea0de712f
pre-refit-b66-v3,Matin2012_state_008,Matin2012_state_008::MEAH+,Matin2012,20.0,0.26390527810556214,0.0281,0.034851875022435336,evaluated,b66c7b962541a586f5ec50043a5e8b4e62cf52e24eaec02ef33f43e558762a58,868a501831b87e95dedf18ce40e9e7ac949f7c6a4aaf137f717cc493ecfcb7be,0ecaf30ec3147260f584fff24f30e32a975cba82529f3d3c36d4c49ea0de712f
pre-refit-b66-v3,Matin2012_state_008,Matin2012_state_008::MEACOO-,Matin2012,20.0,0.26390527810556214,0.0276,0.02358303911788369,evaluated,b66c7b962541a586f5ec50043a5e8b4e62cf52e24eaec02ef33f43e558762a58,868a501831b87e95dedf18ce40e9e7ac949f7c6a4aaf137f717cc493ecfcb7be,0ecaf30ec3147260f584fff24f30e32a975cba82529f3d3c36d4c49ea0de712f
pre-refit-b66-v3,Matin2012_state_008,Matin2012_state_008::HCO3-,Matin2012,20.0,0.26390527810556214,0.0026,0.006042698703147279,evaluated,b66c7b962541a586f5ec50043a5e8b4e62cf52e24eaec02ef33f43e558762a58,868a501831b87e95dedf18ce40e9e7ac949f7c6a4aaf137f717cc493ecfcb7be,0ecaf30ec3147260f584fff24f30e32a975cba82529f3d3c36d4c49ea0de712f
pre-refit-b66-v3,Matin2012_state_009,Matin2012_state_009::MEA,Matin2012,20.0,0.2869057381147623,0.0518,0.04881107382332862,evaluated,b66c7b962541a586f5ec50043a5e8b4e62cf52e24eaec02ef33f43e558762a58,868a501831b87e95dedf18ce40e9e7ac949f7c6a4aaf137f717cc493ecfcb7be,0ecaf30ec3147260f584fff24f30e32a975cba82529f3d3c36d4c49ea0de712f
pre-refit-b66-v3,Matin2012_state_009,Matin2012_state_009::MEAH+,Matin2012,20.0,0.2869057381147623,0.0304,0.038231636290782585,evaluated,b66c7b962541a586f5ec50043a5e8b4e62cf52e24eaec02ef33f43e558762a58,868a501831b87e95dedf18ce40e9e7ac949f7c6a4aaf137f717cc493ecfcb7be,0ecaf30ec3147260f584fff24f30e32a975cba82529f3d3c36d4c49ea0de712f
pre-refit-b66-v3,Matin2012_state_009,Matin2012_state_009::MEACOO-,Matin2012,20.0,0.2869057381147623,0.0299,0.025176151719762077,evaluated,b66c7b962541a586f5ec50043a5e8b4e62cf52e24eaec02ef33f43e558762a58,868a501831b87e95dedf18ce40e9e7ac949f7c6a4aaf137f717cc493ecfcb7be,0ecaf30ec3147260f584fff24f30e32a975cba82529f3d3c36d4c49ea0de712f
pre-refit-b66-v3,Matin2012_state_009,Matin2012_state_009::HCO3-,Matin2012,20.0,0.2869057381147623,0.003,0.007030598772664898,evaluated,b66c7b962541a586f5ec50043a5e8b4e62cf52e24eaec02ef33f43e558762a58,868a501831b87e95dedf18ce40e9e7ac949f7c6a4aaf137f717cc493ecfcb7be,0ecaf30ec3147260f584fff24f30e32a975cba82529f3d3c36d4c49ea0de712f
pre-refit-b66-v3,Matin2012_state_010,Matin2012_state_010::MEA,Matin2012,20.0,0.3099061981239625,0.0469,0.04388391580737906,evaluated,b66c7b962541a586f5ec50043a5e8b4e62cf52e24eaec02ef33f43e558762a58,868a501831b87e95dedf18ce40e9e7ac949f7c6a4aaf137f717cc493ecfcb7be,0ecaf30ec3147260f584fff24f30e32a975cba82529f3d3c36d4c49ea0de712f
pre-refit-b66-v3,Matin2012_state_010,Matin2012_state_010::MEAH+,Matin2012,20.0,0.3099061981239625,0.0327,0.04167571624281727,evaluated,b66c7b962541a586f5ec50043a5e8b4e62cf52e24eaec02ef33f43e558762a58,868a501831b87e95dedf18ce40e9e7ac949f7c6a4aaf137f717cc493ecfcb7be,0ecaf30ec3147260f584fff24f30e32a975cba82529f3d3c36d4c49ea0de712f
pre-refit-b66-v3,Matin2012_state_010,Matin2012_state_010::MEACOO-,Matin2012,20.0,0.3099061981239625,0.0321,0.026659226266842345,evaluated,b66c7b962541a586f5ec50043a5e8b4e62cf52e24eaec02ef33f43e558762a58,868a501831b87e95dedf18ce40e9e7ac949f7c6a4aaf137f717cc493ecfcb7be,0ecaf30ec3147260f584fff24f30e32a975cba82529f3d3c36d4c49ea0de712f
pre-refit-b66-v3,Matin2012_state_010,Matin2012_state_010::HCO3-,Matin2012,20.0,0.3099061981239625,0.0034,0.008128525618478447,evaluated,b66c7b962541a586f5ec50043a5e8b4e62cf52e24eaec02ef33f43e558762a58,868a501831b87e95dedf18ce40e9e7ac949f7c6a4aaf137f717cc493ecfcb7be,0ecaf30ec3147260f584fff24f30e32a975cba82529f3d3c36d4c49ea0de712f
pre-refit-b66-v3,Matin2012_state_011,Matin2012_state_011::MEA,Matin2012,20.0,0.33390667813356273,0.0419,0.038808049751672735,evaluated,b66c7b962541a586f5ec50043a5e8b4e62cf52e24eaec02ef33f43e558762a58,868a501831b87e95dedf18ce40e9e7ac949f7c6a4aaf137f717cc493ecfcb7be,0ecaf30ec3147260f584fff24f30e32a975cba82529f3d3c36d4c49ea0de712f
pre-refit-b66-v3,Matin2012_state_011,Matin2012_state_011::MEAH+,Matin2012,20.0,0.33390667813356273,0.0349,0.045334333937040755,evaluated,b66c7b962541a586f5ec50043a5e8b4e62cf52e24eaec02ef33f43e558762a58,868a501831b87e95dedf18ce40e9e7ac949f7c6a4aaf137f717cc493ecfcb7be,0ecaf30ec3147260f584fff24f30e32a975cba82529f3d3c36d4c49ea0de712f
pre-refit-b66-v3,Matin2012_state_011,Matin2012_state_011::MEACOO-,Matin2012,20.0,0.33390667813356273,0.0342,0.0280764688417253,evaluated,b66c7b962541a586f5ec50043a5e8b4e62cf52e24eaec02ef33f43e558762a58,868a501831b87e95dedf18ce40e9e7ac949f7c6a4aaf137f717cc493ecfcb7be,0ecaf30ec3147260f584fff24f30e32a975cba82529f3d3c36d4c49ea0de712f
pre-refit-b66-v3,Matin2012_state_011,Matin2012_state_011::HCO3-,Matin2012,20.0,0.33390667813356273,0.004,0.009404482145178068,evaluated,b66c7b962541a586f5ec50043a5e8b4e62cf52e24eaec02ef33f43e558762a58,868a501831b87e95dedf18ce40e9e7ac949f7c6a4aaf137f717cc493ecfcb7be,0ecaf30ec3147260f584fff24f30e32a975cba82529f3d3c36d4c49ea0de712f
pre-refit-b66-v3,Matin2012_state_012,Matin2012_state_012::MEA,Matin2012,20.0,0.3579071581431629,0.0371,0.03382463972896312,evaluated,b66c7b962541a586f5ec50043a5e8b4e62cf52e24eaec02ef33f43e558762a58,868a501831b87e95dedf18ce40e9e7ac949f7c6a4aaf137f717cc493ecfcb7be,0ecaf30ec3147260f584fff24f30e32a975cba82529f3d3c36d4c49ea0de712f
pre-refit-b66-v3,Matin2012_state_012,Matin2012_state_012::MEAH+,Matin2012,20.0,0.3579071581431629,0.0372,0.049050771606959934,evaluated,b66c7b962541a586f5ec50043a5e8b4e62cf52e24eaec02ef33f43e558762a58,868a501831b87e95dedf18ce40e9e7ac949f7c6a4aaf137f717cc493ecfcb7be,0ecaf30ec3147260f584fff24f30e32a975cba82529f3d3c36d4c49ea0de712f
pre-refit-b66-v3,Matin2012_state_012,Matin2012_state_012::MEACOO-,Matin2012,20.0,0.3579071581431629,0.0362,0.029343431715744942,evaluated,b66c7b962541a586f5ec50043a5e8b4e62cf52e24eaec02ef33f43e558762a58,868a501831b87e95dedf18ce40e9e7ac949f7c6a4aaf137f717cc493ecfcb7be,0ecaf30ec3147260f584fff24f30e32a975cba82529f3d3c36d4c49ea0de712f
pre-refit-b66-v3,Matin2012_state_012,Matin2012_state_012::HCO3-,Matin2012,20.0,0.3579071581431629,0.0046,0.01083068387167008,evaluated,b66c7b962541a586f5ec50043a5e8b4e62cf52e24eaec02ef33f43e558762a58,868a501831b87e95dedf18ce40e9e7ac949f7c6a4aaf137f717cc493ecfcb7be,0ecaf30ec3147260f584fff24f30e32a975cba82529f3d3c36d4c49ea0de712f
pre-refit-b66-v3,Matin2012_state_013,Matin2012_state_013::MEA,Matin2012,20.0,0.3819076381527631,0.0322,0.02897267797832138,evaluated,b66c7b962541a586f5ec50043a5e8b4e62cf52e24eaec02ef33f43e558762a58,868a501831b87e95dedf18ce40e9e7ac949f7c6a4aaf137f717cc493ecfcb7be,0ecaf30ec3147260f584fff24f30e32a975cba82529f3d3c36d4c49ea0de712f
pre-refit-b66-v3,Matin2012_state_013,Matin2012_state_013::MEAH+,Matin2012,20.0,0.3819076381527631,0.0394,0.05280960456188365,evaluated,b66c7b962541a586f5ec50043a5e8b4e62cf52e24eaec02ef33f43e558762a58,868a501831b87e95dedf18ce40e9e7ac949f7c6a4aaf137f717cc493ecfcb7be,0ecaf30ec3147260f584fff24f30e32a975cba82529f3d3c36d4c49ea0de712f
pre-refit-b66-v3,Matin2012_state_013,Matin2012_state_013::MEACOO-,Matin2012,20.0,0.3819076381527631,0.0381,0.03043654443387163,evaluated,b66c7b962541a586f5ec50043a5e8b4e62cf52e24eaec02ef33f43e558762a58,868a501831b87e95dedf18ce40e9e7ac949f7c6a4aaf137f717cc493ecfcb7be,0ecaf30ec3147260f584fff24f30e32a975cba82529f3d3c36d4c49ea0de712f
pre-refit-b66-v3,Matin2012_state_013,Matin2012_state_013::HCO3-,Matin2012,20.0,0.3819076381527631,0.0053,0.012430673975196913,evaluated,b66c7b962541a586f5ec50043a5e8b4e62cf52e24eaec02ef33f43e558762a58,868a501831b87e95dedf18ce40e9e7ac949f7c6a4aaf137f717cc493ecfcb7be,0ecaf30ec3147260f584fff24f30e32a975cba82529f3d3c36d4c49ea0de712f
pre-refit-b66-v3,Matin2012_state_014,Matin2012_state_014::MEA,Matin2012,20.0,0.4059081181623633,0.0274,0.024311624610725852,evaluated,b66c7b962541a586f5ec50043a5e8b4e62cf52e24eaec02ef33f43e558762a58,868a501831b87e95dedf18ce40e9e7ac949f7c6a4aaf137f717cc493ecfcb7be,0ecaf30ec3147260f584fff24f30e32a975cba82529f3d3c36d4c49ea0de712f
pre-refit-b66-v3,Matin2012_state_014,Matin2012_state_014::MEAH+,Matin2012,20.0,0.4059081181623633,0.0415,0.056584665003415247,evaluated,b66c7b962541a586f5ec50043a5e8b4e62cf52e24eaec02ef33f43e558762a58,868a501831b87e95dedf18ce40e9e7ac949f7c6a4aaf137f717cc493ecfcb7be,0ecaf30ec3147260f584fff24f30e32a975cba82529f3d3c36d4c49ea0de712f
pre-refit-b66-v3,Matin2012_state_014,Matin2012_state_014::MEACOO-,Matin2012,20.0,0.4059081181623633,0.04,0.03132250899862452,evaluated,b66c7b962541a586f5ec50043a5e8b4e62cf52e24eaec02ef33f43e558762a58,868a501831b87e95dedf18ce40e9e7ac949f7c6a4aaf137f717cc493ecfcb7be,0ecaf30ec3147260f584fff24f30e32a975cba82529f3d3c36d4c49ea0de712f
pre-refit-b66-v3,Matin2012_state_014,Matin2012_state_014::HCO3-,Matin2012,20.0,0.4059081181623633,0.0061,0.014237697011025537,evaluated,b66c7b962541a586f5ec50043a5e8b4e62cf52e24eaec02ef33f43e558762a58,868a501831b87e95dedf18ce40e9e7ac949f7c6a4aaf137f717cc493ecfcb7be,0ecaf30ec3147260f584fff24f30e32a975cba82529f3d3c36d4c49ea0de712f
pre-refit-b66-v3,Matin2012_state_015,Matin2012_state_015::MEA,Matin2012,20.0,0.4309086181723635,0.0227,0.019755991432133926,evaluated,b66c7b962541a586f5ec50043a5e8b4e62cf52e24eaec02ef33f43e558762a58,868a501831b87e95dedf18ce40e9e7ac949f7c6a4aaf137f717cc493ecfcb7be,0ecaf30ec3147260f584fff24f30e32a975cba82529f3d3c36d4c49ea0de712f
pre-refit-b66-v3,Matin2012_state_015,Matin2012_state_015::MEAH+,Matin2012,20.0,0.4309086181723635,0.0436,0.06048883725952977,evaluated,b66c7b962541a586f5ec50043a5e8b4e62cf52e24eaec02ef33f43e558762a58,868a501831b87e95dedf18ce40e9e7ac949f7c6a4aaf137f717cc493ecfcb7be,0ecaf30ec3147260f584fff24f30e32a975cba82529f3d3c36d4c49ea0de712f
pre-refit-b66-v3,Matin2012_state_015,Matin2012_state_015::MEACOO-,Matin2012,20.0,0.4309086181723635,0.0417,0.03197391489414764,evaluated,b66c7b962541a586f5ec50043a5e8b4e62cf52e24eaec02ef33f43e558762a58,868a501831b87e95dedf18ce40e9e7ac949f7c6a4aaf137f717cc493ecfcb7be,0ecaf30ec3147260f584fff24f30e32a975cba82529f3d3c36d4c49ea0de712f
pre-refit-b66-v3,Matin2012_state_015,Matin2012_state_015::HCO3-,Matin2012,20.0,0.4309086181723635,0.007,0.016391247010354385,evaluated,b66c7b962541a586f5ec50043a5e8b4e62cf52e24eaec02ef33f43e558762a58,868a501831b87e95dedf18ce40e9e7ac949f7c6a4aaf137f717cc493ecfcb7be,0ecaf30ec3147260f584fff24f30e32a975cba82529f3d3c36d4c49ea0de712f
pre-refit-b66-v3,Matin2012_state_016,Matin2012_state_016::MEA,Matin2012,20.0,0.4549090981819637,0.0181,,non_evaluable,b66c7b962541a586f5ec50043a5e8b4e62cf52e24eaec02ef33f43e558762a58,868a501831b87e95dedf18ce40e9e7ac949f7c6a4aaf137f717cc493ecfcb7be,0ecaf30ec3147260f584fff24f30e32a975cba82529f3d3c36d4c49ea0de712f
pre-refit-b66-v3,Matin2012_state_016,Matin2012_state_016::MEAH+,Matin2012,20.0,0.4549090981819637,0.0457,,non_evaluable,b66c7b962541a586f5ec50043a5e8b4e62cf52e24eaec02ef33f43e558762a58,868a501831b87e95dedf18ce40e9e7ac949f7c6a4aaf137f717cc493ecfcb7be,0ecaf30ec3147260f584fff24f30e32a975cba82529f3d3c36d4c49ea0de712f
pre-refit-b66-v3,Matin2012_state_016,Matin2012_state_016::MEACOO-,Matin2012,20.0,0.4549090981819637,0.0433,,non_evaluable,b66c7b962541a586f5ec50043a5e8b4e62cf52e24eaec02ef33f43e558762a58,868a501831b87e95dedf18ce40e9e7ac949f7c6a4aaf137f717cc493ecfcb7be,0ecaf30ec3147260f584fff24f30e32a975cba82529f3d3c36d4c49ea0de712f
pre-refit-b66-v3,Matin2012_state_016,Matin2012_state_016::HCO3-,Matin2012,20.0,0.4549090981819637,0.008,,non_evaluable,b66c7b962541a586f5ec50043a5e8b4e62cf52e24eaec02ef33f43e558762a58,868a501831b87e95dedf18ce40e9e7ac949f7c6a4aaf137f717cc493ecfcb7be,0ecaf30ec3147260f584fff24f30e32a975cba82529f3d3c36d4c49ea0de712f
pre-refit-b66-v3,Matin2012_state_017,Matin2012_state_017::MEA,Matin2012,20.0,0.4799095981919638,0.0135,0.012273456453015067,evaluated,b66c7b962541a586f5ec50043a5e8b4e62cf52e24eaec02ef33f43e558762a58,868a501831b87e95dedf18ce40e9e7ac949f7c6a4aaf137f717cc493ecfcb7be,0ecaf30ec3147260f584fff24f30e32a975cba82529f3d3c36d4c49ea0de712f
pre-refit-b66-v3,Matin2012_state_017,Matin2012_state_017::MEAH+,Matin2012,20.0,0.4799095981919638,0.0477,0.06777392496276938,evaluated,b66c7b962541a586f5ec50043a5e8b4e62cf52e24eaec02ef33f43e558762a58,868a501831b87e95dedf18ce40e9e7ac949f7c6a4aaf137f717cc493ecfcb7be,0ecaf30ec3147260f584fff24f30e32a975cba82529f3d3c36d4c49ea0de712f
pre-refit-b66-v3,Matin2012_state_017,Matin2012_state_017::MEACOO-,Matin2012,20.0,0.4799095981919638,0.0448,0.03217105646316051,evaluated,b66c7b962541a586f5ec50043a5e8b4e62cf52e24eaec02ef33f43e558762a58,868a501831b87e95dedf18ce40e9e7ac949f7c6a4aaf137f717cc493ecfcb7be,0ecaf30ec3147260f584fff24f30e32a975cba82529f3d3c36d4c49ea0de712f
pre-refit-b66-v3,Matin2012_state_017,Matin2012_state_017::HCO3-,Matin2012,20.0,0.4799095981919638,0.0091,0.02168995293575627,evaluated,b66c7b962541a586f5ec50043a5e8b4e62cf52e24eaec02ef33f43e558762a58,868a501831b87e95dedf18ce40e9e7ac949f7c6a4aaf137f717cc493ecfcb7be,0ecaf30ec3147260f584fff24f30e32a975cba82529f3d3c36d4c49ea0de712f
pre-refit-b66-v3,Matin2012_state_018,Matin2012_state_018::MEA,Matin2012,20.0,0.5049100982019641,0.009,0.009470678105882712,evaluated,b66c7b962541a586f5ec50043a5e8b4e62cf52e24eaec02ef33f43e558762a58,868a501831b87e95dedf18ce40e9e7ac949f7c6a4aaf137f717cc493ecfcb7be,0ecaf30ec3147260f584fff24f30e32a975cba82529f3d3c36d4c49ea0de712f
pre-refit-b66-v3,Matin2012_state_018,Matin2012_state_018::MEAH+,Matin2012,20.0,0.5049100982019641,0.0496,0.07114303362780645,evaluated,b66c7b962541a586f5ec50043a5e8b4e62cf52e24eaec02ef33f43e558762a58,868a501831b87e95dedf18ce40e9e7ac949f7c6a4aaf137f717cc493ecfcb7be,0ecaf30ec3147260f584fff24f30e32a975cba82529f3d3c36d4c49ea0de712f
pre-refit-b66-v3,Matin2012_state_018,Matin2012_state_018::MEACOO-,Matin2012,20.0,0.5049100982019641,0.0462,0.0316043402781016,evaluated,b66c7b962541a586f5ec50043a5e8b4e62cf52e24eaec02ef33f43e558762a58,868a501831b87e95dedf18ce40e9e7ac949f7c6a4aaf137f717cc493ecfcb7be,0ecaf30ec3147260f584fff24f30e32a975cba82529f3d3c36d4c49ea0de712f
pre-refit-b66-v3,Matin2012_state_018,Matin2012_state_018::HCO3-,Matin2012,20.0,0.5049100982019641,0.0102,0.025058496681942675,evaluated,b66c7b962541a586f5ec50043a5e8b4e62cf52e24eaec02ef33f43e558762a58,868a501831b87e95dedf18ce40e9e7ac949f7c6a4aaf137f717cc493ecfcb7be,0ecaf30ec3147260f584fff24f30e32a975cba82529f3d3c36d4c49ea0de712f
pre-refit-b66-v3,Matin2012_state_019,Matin2012_state_019::MEA,Matin2012,20.0,0.5309106182123643,0.0046,0.007315990582146318,evaluated,b66c7b962541a586f5ec50043a5e8b4e62cf52e24eaec02ef33f43e558762a58,868a501831b87e95dedf18ce40e9e7ac949f7c6a4aaf137f717cc493ecfcb7be,0ecaf30ec3147260f584fff24f30e32a975cba82529f3d3c36d4c49ea0de712f
pre-refit-b66-v3,Matin2012_state_019,Matin2012_state_019::MEAH+,Matin2012,20.0,0.5309106182123643,0.0515,0.07434425759001588,evaluated,b66c7b962541a586f5ec50043a5e8b4e62cf52e24eaec02ef33f43e558762a58,868a501831b87e95dedf18ce40e9e7ac949f7c6a4aaf137f717cc493ecfcb7be,0ecaf30ec3147260f584fff24f30e32a975cba82529f3d3c36d4c49ea0de712f
pre-refit-b66-v3,Matin2012_state_019,Matin2012_state_019::MEACOO-,Matin2012,20.0,0.5309106182123643,0.0475,0.03055709618796249,evaluated,b66c7b962541a586f5ec50043a5e8b4e62cf52e24eaec02ef33f43e558762a58,868a501831b87e95dedf18ce40e9e7ac949f7c6a4aaf137f717cc493ecfcb7be,0ecaf30ec3147260f584fff24f30e32a975cba82529f3d3c36d4c49ea0de712f
pre-refit-b66-v3,Matin2012_state_019,Matin2012_state_019::HCO3-,Matin2012,20.0,0.5309106182123643,0.0114,0.029016728365998203,evaluated,b66c7b962541a586f5ec50043a5e8b4e62cf52e24eaec02ef33f43e558762a58,868a501831b87e95dedf18ce40e9e7ac949f7c6a4aaf137f717cc493ecfcb7be,0ecaf30ec3147260f584fff24f30e32a975cba82529f3d3c36d4c49ea0de712f
pre-refit-b66-v3,canonical:vle_obs_0034,vle_obs_0034-pco2,Aronu2011,40.0,0.10200204004080081,1.6,1.513970223801397,evaluated,b66c7b962541a586f5ec50043a5e8b4e62cf52e24eaec02ef33f43e558762a58,868a501831b87e95dedf18ce40e9e7ac949f7c6a4aaf137f717cc493ecfcb7be,0ecaf30ec3147260f584fff24f30e32a975cba82529f3d3c36d4c49ea0de712f
pre-refit-b66-v3,canonical:vle_obs_0035,vle_obs_0035-pco2,Aronu2011,40.0,0.20600412008240165,12.3,11.438762595889227,evaluated,b66c7b962541a586f5ec50043a5e8b4e62cf52e24eaec02ef33f43e558762a58,868a501831b87e95dedf18ce40e9e7ac949f7c6a4aaf137f717cc493ecfcb7be,0ecaf30ec3147260f584fff24f30e32a975cba82529f3d3c36d4c49ea0de712f
pre-refit-b66-v3,canonical:vle_obs_0036,vle_obs_0036-pco2,Aronu2011,40.0,0.250005000100002,24.6,24.243191026915746,evaluated,b66c7b962541a586f5ec50043a5e8b4e62cf52e24eaec02ef33f43e558762a58,868a501831b87e95dedf18ce40e9e7ac949f7c6a4aaf137f717cc493ecfcb7be,0ecaf30ec3147260f584fff24f30e32a975cba82529f3d3c36d4c49ea0de712f
pre-refit-b66-v3,canonical:vle_obs_0037,vle_obs_0037-pco2,Aronu2011,40.0,0.33700674013480275,60.3,109.54322652187834,evaluated,b66c7b962541a586f5ec50043a5e8b4e62cf52e24eaec02ef33f43e558762a58,868a501831b87e95dedf18ce40e9e7ac949f7c6a4aaf137f717cc493ecfcb7be,0ecaf30ec3147260f584fff24f30e32a975cba82529f3d3c36d4c49ea0de712f
pre-refit-b66-v3,canonical:vle_obs_0038,vle_obs_0038-pco2,Aronu2011,40.0,0.3530070601412028,85.1,146.70368974670347,evaluated,b66c7b962541a586f5ec50043a5e8b4e62cf52e24eaec02ef33f43e558762a58,868a501831b87e95dedf18ce40e9e7ac949f7c6a4aaf137f717cc493ecfcb7be,0ecaf30ec3147260f584fff24f30e32a975cba82529f3d3c36d4c49ea0de712f
pre-refit-b66-v3,canonical:vle_obs_0039,vle_obs_0039-pco2,Aronu2011,40.0,0.40100802016040327,183.5,367.8602374700672,evaluated,b66c7b962541a586f5ec50043a5e8b4e62cf52e24eaec02ef33f43e558762a58,868a501831b87e95dedf18ce40e9e7ac949f7c6a4aaf137f717cc493ecfcb7be,0ecaf30ec3147260f584fff24f30e32a975cba82529f3d3c36d4c49ea0de712f
pre-refit-b66-v3,canonical:vle_obs_0040,vle_obs_0040-pco2,Aronu2011,40.0,0.4170083401668033,292.8,507.1248427697765,evaluated,b66c7b962541a586f5ec50043a5e8b4e62cf52e24eaec02ef33f43e558762a58,868a501831b87e95dedf18ce40e9e7ac949f7c6a4aaf137f717cc493ecfcb7be,0ecaf30ec3147260f584fff24f30e32a975cba82529f3d3c36d4c49ea0de712f
pre-refit-b66-v3,canonical:vle_obs_0041,vle_obs_0041-pco2,Aronu2011,40.0,0.42100842016840334,318.79999999999995,550.0456144468825,evaluated,b66c7b962541a586f5ec50043a5e8b4e62cf52e24eaec02ef33f43e558762a58,868a501831b87e95dedf18ce40e9e7ac949f7c6a4aaf137f717cc493ecfcb7be,0ecaf30ec3147260f584fff24f30e32a975cba82529f3d3c36d4c49ea0de712f
pre-refit-b66-v3,canonical:vle_obs_0042,vle_obs_0042-pco2,Aronu2011,40.0,0.43300866017320344,380.90000000000003,703.1840598174191,evaluated,b66c7b962541a586f5ec50043a5e8b4e62cf52e24eaec02ef33f43e558762a58,868a501831b87e95dedf18ce40e9e7ac949f7c6a4aaf137f717cc493ecfcb7be,0ecaf30ec3147260f584fff24f30e32a975cba82529f3d3c36d4c49ea0de712f
pre-refit-b66-v3,canonical:vle_obs_0043,vle_obs_0043-pco2,Aronu2011,40.0,0.4470089401788036,570.2,938.7497168587026,evaluated,b66c7b962541a586f5ec50043a5e8b4e62cf52e24eaec02ef33f43e558762a58,868a501831b87e95dedf18ce40e9e7ac949f7c6a4aaf137f717cc493ecfcb7be,0ecaf30ec3147260f584fff24f30e32a975cba82529f3d3c36d4c49ea0de712f
pre-refit-b66-v3,canonical:vle_obs_0044,vle_obs_0044-pco2,Aronu2011,40.0,0.4640092801856037,1066.2,1333.50176499587,evaluated,b66c7b962541a586f5ec50043a5e8b4e62cf52e24eaec02ef33f43e558762a58,868a501831b87e95dedf18ce40e9e7ac949f7c6a4aaf137f717cc493ecfcb7be,0ecaf30ec3147260f584fff24f30e32a975cba82529f3d3c36d4c49ea0de712f
pre-refit-b66-v3,canonical:vle_obs_0045,vle_obs_0045-pco2,Aronu2011,40.0,0.4760095201904038,1832.6,1704.0783470939257,evaluated,b66c7b962541a586f5ec50043a5e8b4e62cf52e24eaec02ef33f43e558762a58,868a501831b87e95dedf18ce40e9e7ac949f7c6a4aaf137f717cc493ecfcb7be,0ecaf30ec3147260f584fff24f30e32a975cba82529f3d3c36d4c49ea0de712f
pre-refit-b66-v3,canonical:vle_obs_0046,vle_obs_0046-pco2,Aronu2011,40.0,0.4770095401908038,1827.8000000000002,1738.9591534054503,evaluated,b66c7b962541a586f5ec50043a5e8b4e62cf52e24eaec02ef33f43e558762a58,868a501831b87e95dedf18ce40e9e7ac949f7c6a4aaf137f717cc493ecfcb7be,0ecaf30ec3147260f584fff24f30e32a975cba82529f3d3c36d4c49ea0de712f
pre-refit-b66-v3,canonical:vle_obs_0047,vle_obs_0047-pco2,Aronu2011,40.0,0.48500970019400386,2319.3,2042.4014985247125,evaluated,b66c7b962541a586f5ec50043a5e8b4e62cf52e24eaec02ef33f43e558762a58,868a501831b87e95dedf18ce40e9e7ac949f7c6a4aaf137f717cc493ecfcb7be,0ecaf30ec3147260f584fff24f30e32a975cba82529f3d3c36d4c49ea0de712f
pre-refit-b66-v3,canonical:vle_obs_0048,vle_obs_0048-pco2,Aronu2011,40.0,0.4890097801956039,2857.7,2211.3058126324636,evaluated,b66c7b962541a586f5ec50043a5e8b4e62cf52e24eaec02ef33f43e558762a58,868a501831b87e95dedf18ce40e9e7ac949f7c6a4aaf137f717cc493ecfcb7be,0ecaf30ec3147260f584fff24f30e32a975cba82529f3d3c36d4c49ea0de712f
pre-refit-b66-v3,canonical:vle_obs_0049,vle_obs_0049-pco2,Aronu2011,40.0,0.5160103202064041,8558.3,3696.139415703321,evaluated,b66c7b962541a586f5ec50043a5e8b4e62cf52e24eaec02ef33f43e558762a58,868a501831b87e95dedf18ce40e9e7ac949f7c6a4aaf137f717cc493ecfcb7be,0ecaf30ec3147260f584fff24f30e32a975cba82529f3d3c36d4c49ea0de712f
pre-refit-b66-v3,canonical:vle_obs_0050,vle_obs_0050-pco2,Aronu2011,40.0,0.5240104802096043,11812.0,4264.576020683589,evaluated,b66c7b962541a586f5ec50043a5e8b4e62cf52e24eaec02ef33f43e558762a58,868a501831b87e95dedf18ce40e9e7ac949f7c6a4aaf137f717cc493ecfcb7be,0ecaf30ec3147260f584fff24f30e32a975cba82529f3d3c36d4c49ea0de712f
pre-refit-b66-v3,canonical:vle_obs_0051,vle_obs_0051-pco2,Aronu2011,60.0,0.053001060021200426,4.5,2.4450557859942244,evaluated,b66c7b962541a586f5ec50043a5e8b4e62cf52e24eaec02ef33f43e558762a58,868a501831b87e95dedf18ce40e9e7ac949f7c6a4aaf137f717cc493ecfcb7be,0ecaf30ec3147260f584fff24f30e32a975cba82529f3d3c36d4c49ea0de712f
pre-refit-b66-v3,canonical:vle_obs_0052,vle_obs_0052-pco2,Aronu2011,60.0,0.10500210004200083,15.4,10.95281309685878,evaluated,b66c7b962541a586f5ec50043a5e8b4e62cf52e24eaec02ef33f43e558762a58,868a501831b87e95dedf18ce40e9e7ac949f7c6a4aaf137f717cc493ecfcb7be,0ecaf30ec3147260f584fff24f30e32a975cba82529f3d3c36d4c49ea0de712f
pre-refit-b66-v3,canonical:vle_obs_0053,vle_obs_0053-pco2,Aronu2011,60.0,0.1620032400648013,42.7,35.18508280891815,evaluated,b66c7b962541a586f5ec50043a5e8b4e62cf52e24eaec02ef33f43e558762a58,868a501831b87e95dedf18ce40e9e7ac949f7c6a4aaf137f717cc493ecfcb7be,0ecaf30ec3147260f584fff24f30e32a975cba82529f3d3c36d4c49ea0de712f
pre-refit-b66-v3,canonical:vle_obs_0054,vle_obs_0054-pco2,Aronu2011,60.0,0.24400488009760196,134.8,147.75450196373814,evaluated,b66c7b962541a586f5ec50043a5e8b4e62cf52e24eaec02ef33f43e558762a58,868a501831b87e95dedf18ce40e9e7ac949f7c6a4aaf137f717cc493ecfcb7be,0ecaf30ec3147260f584fff24f30e32a975cba82529f3d3c36d4c49ea0de712f
pre-refit-b66-v3,canonical:vle_obs_0055,vle_obs_0055-pco2,Aronu2011,60.0,0.3030060601212024,301.5,402.85112366532377,evaluated,b66c7b962541a586f5ec50043a5e8b4e62cf52e24eaec02ef33f43e558762a58,868a501831b87e95dedf18ce40e9e7ac949f7c6a4aaf137f717cc493ecfcb7be,0ecaf30ec3147260f584fff24f30e32a975cba82529f3d3c36d4c49ea0de712f
pre-refit-b66-v3,canonical:vle_obs_0056,vle_obs_0056-pco2,Aronu2011,60.0,0.3600072001440029,643.5999999999999,1099.4436220893026,evaluated,b66c7b962541a586f5ec50043a5e8b4e62cf52e24eaec02ef33f43e558762a58,868a501831b87e95dedf18ce40e9e7ac949f7c6a4aaf137f717cc493ecfcb7be,0ecaf30ec3147260f584fff24f30e32a975cba82529f3d3c36d4c49ea0de712f
pre-refit-b66-v3,canonical:vle_obs_0057,vle_obs_0057-pco2,Aronu2011,60.0,0.3930078601572032,1097.0,2015.0709953163298,evaluated,b66c7b962541a586f5ec50043a5e8b4e62cf52e24eaec02ef33f43e558762a58,868a501831b87e95dedf18ce40e9e7ac949f7c6a4aaf137f717cc493ecfcb7be,0ecaf30ec3147260f584fff24f30e32a975cba82529f3d3c36d4c49ea0de712f
pre-refit-b66-v3,canonical:vle_obs_0058,vle_obs_0058-pco2,Aronu2011,60.0,0.4280085601712034,2501.3999999999996,3888.4928947763706,evaluated,b66c7b962541a586f5ec50043a5e8b4e62cf52e24eaec02ef33f43e558762a58,868a501831b87e95dedf18ce40e9e7ac949f7c6a4aaf137f717cc493ecfcb7be,0ecaf30ec3147260f584fff24f30e32a975cba82529f3d3c36d4c49ea0de712f
pre-refit-b66-v3,canonical:vle_obs_0059,vle_obs_0059-pco2,Aronu2011,60.0,0.49100982019640393,13558.0,12333.536937039515,evaluated,b66c7b962541a586f5ec50043a5e8b4e62cf52e24eaec02ef33f43e558762a58,868a501831b87e95dedf18ce40e9e7ac949f7c6a4aaf137f717cc493ecfcb7be,0ecaf30ec3147260f584fff24f30e32a975cba82529f3d3c36d4c49ea0de712f
pre-refit-b66-v3,canonical:vle_obs_0060,vle_obs_0060-pco2,Aronu2011,80.0,0.017000340006800136,5.6,1.6777932880391568,evaluated,b66c7b962541a586f5ec50043a5e8b4e62cf52e24eaec02ef33f43e558762a58,868a501831b87e95dedf18ce40e9e7ac949f7c6a4aaf137f717cc493ecfcb7be,0ecaf30ec3147260f584fff24f30e32a975cba82529f3d3c36d4c49ea0de712f
pre-refit-b66-v3,canonical:vle_obs_0061,vle_obs_0061-pco2,Aronu2011,80.0,0.04000080001600032,21.9,8.220968203032221,evaluated,b66c7b962541a586f5ec50043a5e8b4e62cf52e24eaec02ef33f43e558762a58,868a501831b87e95dedf18ce40e9e7ac949f7c6a4aaf137f717cc493ecfcb7be,0ecaf30ec3147260f584fff24f30e32a975cba82529f3d3c36d4c49ea0de712f
pre-refit-b66-v3,canonical:vle_obs_0062,vle_obs_0062-pco2,Aronu2011,80.0,0.0750015000300006,55.7,29.499357760070993,evaluated,b66c7b962541a586f5ec50043a5e8b4e62cf52e24eaec02ef33f43e558762a58,868a501831b87e95dedf18ce40e9e7ac949f7c6a4aaf137f717cc493ecfcb7be,0ecaf30ec3147260f584fff24f30e32a975cba82529f3d3c36d4c49ea0de712f
pre-refit-b66-v3,canonical:vle_obs_0063,vle_obs_0063-pco2,Aronu2011,80.0,0.12200244004880098,140.6,92.633117299426,evaluated,b66c7b962541a586f5ec50043a5e8b4e62cf52e24eaec02ef33f43e558762a58,868a501831b87e95dedf18ce40e9e7ac949f7c6a4aaf137f717cc493ecfcb7be,0ecaf30ec3147260f584fff24f30e32a975cba82529f3d3c36d4c49ea0de712f
pre-refit-b66-v3,canonical:vle_obs_0064,vle_obs_0064-pco2,Aronu2011,80.0,0.15500310006200124,248.5,178.42001258106757,evaluated,b66c7b962541a586f5ec50043a5e8b4e62cf52e24eaec02ef33f43e558762a58,868a501831b87e95dedf18ce40e9e7ac949f7c6a4aaf137f717cc493ecfcb7be,0ecaf30ec3147260f584fff24f30e32a975cba82529f3d3c36d4c49ea0de712f
pre-refit-b66-v3,canonical:vle_obs_0065,vle_obs_0065-pco2,Aronu2011,80.0,0.21600432008640172,613.7,526.2273885665165,evaluated,b66c7b962541a586f5ec50043a5e8b4e62cf52e24eaec02ef33f43e558762a58,868a501831b87e95dedf18ce40e9e7ac949f7c6a4aaf137f717cc493ecfcb7be,0ecaf30ec3147260f584fff24f30e32a975cba82529f3d3c36d4c49ea0de712f
pre-refit-b66-v3,canonical:vle_obs_0066,vle_obs_0066-pco2,Aronu2011,80.0,0.2710054201084022,1253.8,1324.0193404759134,evaluated,b66c7b962541a586f5ec50043a5e8b4e62cf52e24eaec02ef33f43e558762a58,868a501831b87e95dedf18ce40e9e7ac949f7c6a4aaf137f717cc493ecfcb7be,0ecaf30ec3147260f584fff24f30e32a975cba82529f3d3c36d4c49ea0de712f
pre-refit-b66-v3,canonical:vle_obs_0067,vle_obs_0067-pco2,Aronu2011,80.0,0.34700694013880273,3752.2000000000003,4789.047823048152,evaluated,b66c7b962541a586f5ec50043a5e8b4e62cf52e24eaec02ef33f43e558762a58,868a501831b87e95dedf18ce40e9e7ac949f7c6a4aaf137f717cc493ecfcb7be,0ecaf30ec3147260f584fff24f30e32a975cba82529f3d3c36d4c49ea0de712f
pre-refit-b66-v3,canonical:vle_obs_0068,vle_obs_0068-pco2,Aronu2011,80.0,0.4000080001600032,7938.7,12079.431159771146,evaluated,b66c7b962541a586f5ec50043a5e8b4e62cf52e24eaec02ef33f43e558762a58,868a501831b87e95dedf18ce40e9e7ac949f7c6a4aaf137f717cc493ecfcb7be,0ecaf30ec3147260f584fff24f30e32a975cba82529f3d3c36d4c49ea0de712f
pre-refit-b66-v3,canonical:vle_obs_0069,vle_obs_0069-pco2,Aronu2011,80.0,0.3980079601592032,8303.1,11662.150021308005,evaluated,b66c7b962541a586f5ec50043a5e8b4e62cf52e24eaec02ef33f43e558762a58,868a501831b87e95dedf18ce40e9e7ac949f7c6a4aaf137f717cc493ecfcb7be,0ecaf30ec3147260f584fff24f30e32a975cba82529f3d3c36d4c49ea0de712f
pre-refit-b66-v3,canonical:vle_obs_0119,vle_obs_0119-pco2,Hilliard2008,40.0,0.15300306006120123,5.7,4.40318302310251,evaluated,b66c7b962541a586f5ec50043a5e8b4e62cf52e24eaec02ef33f43e558762a58,868a501831b87e95dedf18ce40e9e7ac949f7c6a4aaf137f717cc493ecfcb7be,0ecaf30ec3147260f584fff24f30e32a975cba82529f3d3c36d4c49ea0de712f
pre-refit-b66-v3,canonical:vle_obs_0120,vle_obs_0120-pco2,Hilliard2008,40.0,0.1630032600652013,6.64,5.312901857315666,evaluated,b66c7b962541a586f5ec50043a5e8b4e62cf52e24eaec02ef33f43e558762a58,868a501831b87e95dedf18ce40e9e7ac949f7c6a4aaf137f717cc493ecfcb7be,0ecaf30ec3147260f584fff24f30e32a975cba82529f3d3c36d4c49ea0de712f
pre-refit-b66-v3,canonical:vle_obs_0121,vle_obs_0121-pco2,Hilliard2008,40.0,0.17000340006800138,7.21,6.0433932171498785,evaluated,b66c7b962541a586f5ec50043a5e8b4e62cf52e24eaec02ef33f43e558762a58,868a501831b87e95dedf18ce40e9e7ac949f7c6a4aaf137f717cc493ecfcb7be,0ecaf30ec3147260f584fff24f30e32a975cba82529f3d3c36d4c49ea0de712f
pre-refit-b66-v3,canonical:vle_obs_0122,vle_obs_0122-pco2,Hilliard2008,40.0,0.19100382007640154,9.950000000000001,8.804156602798328,evaluated,b66c7b962541a586f5ec50043a5e8b4e62cf52e24eaec02ef33f43e558762a58,868a501831b87e95dedf18ce40e9e7ac949f7c6a4aaf137f717cc493ecfcb7be,0ecaf30ec3147260f584fff24f30e32a975cba82529f3d3c36d4c49ea0de712f
pre-refit-b66-v3,canonical:vle_obs_0123,vle_obs_0123-pco2,Hilliard2008,40.0,0.19400388007760155,9.85,9.280957123625708,evaluated,b66c7b962541a586f5ec50043a5e8b4e62cf52e24eaec02ef33f43e558762a58,868a501831b87e95dedf18ce40e9e7ac949f7c6a4aaf137f717cc493ecfcb7be,0ecaf30ec3147260f584fff24f30e32a975cba82529f3d3c36d4c49ea0de712f
pre-refit-b66-v3,canonical:vle_obs_0124,vle_obs_0124-pco2,Hilliard2008,40.0,0.23200464009280186,14.6,17.860026658507454,evaluated,b66c7b962541a586f5ec50043a5e8b4e62cf52e24eaec02ef33f43e558762a58,868a501831b87e95dedf18ce40e9e7ac949f7c6a4aaf137f717cc493ecfcb7be,0ecaf30ec3147260f584fff24f30e32a975cba82529f3d3c36d4c49ea0de712f
pre-refit-b66-v3,canonical:vle_obs_0125,vle_obs_0125-pco2,Hilliard2008,40.0,0.24600492009840197,19.099999999999998,22.653154514350632,evaluated,b66c7b962541a586f5ec50043a5e8b4e62cf52e24eaec02ef33f43e558762a58,868a501831b87e95dedf18ce40e9e7ac949f7c6a4aaf137f717cc493ecfcb7be,0ecaf30ec3147260f584fff24f30e32a975cba82529f3d3c36d4c49ea0de712f
pre-refit-b66-v3,canonical:vle_obs_0126,vle_obs_0126-pco2,Hilliard2008,40.0,0.26900538010760217,23.099999999999998,33.472271494197194,evaluated,b66c7b962541a586f5ec50043a5e8b4e62cf52e24eaec02ef33f43e558762a58,868a501831b87e95dedf18ce40e9e7ac949f7c6a4aaf137f717cc493ecfcb7be,0ecaf30ec3147260f584fff24f30e32a975cba82529f3d3c36d4c49ea0de712f
pre-refit-b66-v3,canonical:vle_obs_0127,vle_obs_0127-pco2,Hilliard2008,40.0,0.2720054401088022,22.4,35.22635623562322,evaluated,b66c7b962541a586f5ec50043a5e8b4e62cf52e24eaec02ef33f43e558762a58,868a501831b87e95dedf18ce40e9e7ac949f7c6a4aaf137f717cc493ecfcb7be,0ecaf30ec3147260f584fff24f30e32a975cba82529f3d3c36d4c49ea0de712f
pre-refit-b66-v3,canonical:vle_obs_0128,vle_obs_0128-pco2,Hilliard2008,40.0,0.3260065201304026,48.5,89.9346245959301,evaluated,b66c7b962541a586f5ec50043a5e8b4e62cf52e24eaec02ef33f43e558762a58,868a501831b87e95dedf18ce40e9e7ac949f7c6a4aaf137f717cc493ecfcb7be,0ecaf30ec3147260f584fff24f30e32a975cba82529f3d3c36d4c49ea0de712f
pre-refit-b66-v3,canonical:vle_obs_0129,vle_obs_0129-pco2,Hilliard2008,40.0,0.3480069601392028,66.19999999999999,133.81128916639355,evaluated,b66c7b962541a586f5ec50043a5e8b4e62cf52e24eaec02ef33f43e558762a58,868a501831b87e95dedf18ce40e9e7ac949f7c6a4aaf137f717cc493ecfcb7be,0ecaf30ec3147260f584fff24f30e32a975cba82529f3d3c36d4c49ea0de712f
pre-refit-b66-v3,canonical:vle_obs_0130,vle_obs_0130-pco2,Hilliard2008,40.0,0.3500070001400028,72.1,138.81539032839913,evaluated,b66c7b962541a586f5ec50043a5e8b4e62cf52e24eaec02ef33f43e558762a58,868a501831b87e95dedf18ce40e9e7ac949f7c6a4aaf137f717cc493ecfcb7be,0ecaf30ec3147260f584fff24f30e32a975cba82529f3d3c36d4c49ea0de712f
pre-refit-b66-v3,canonical:vle_obs_0131,vle_obs_0131-pco2,Hilliard2008,40.0,0.3600072001440029,96.60000000000001,167.0557171592824,evaluated,b66c7b962541a586f5ec50043a5e8b4e62cf52e24eaec02ef33f43e558762a58,868a501831b87e95dedf18ce40e9e7ac949f7c6a4aaf137f717cc493ecfcb7be,0ecaf30ec3147260f584fff24f30e32a975cba82529f3d3c36d4c49ea0de712f
pre-refit-b66-v3,canonical:vle_obs_0132,vle_obs_0132-pco2,Hilliard2008,40.0,0.3820076401528031,131.0,253.59397097737812,evaluated,b66c7b962541a586f5ec50043a5e8b4e62cf52e24eaec02ef33f43e558762a58,868a501831b87e95dedf18ce40e9e7ac949f7c6a4aaf137f717cc493ecfcb7be,0ecaf30ec3147260f584fff24f30e32a975cba82529f3d3c36d4c49ea0de712f
pre-refit-b66-v3,canonical:vle_obs_0133,vle_obs_0133-pco2,Hilliard2008,40.0,0.3860077201544031,120.0,274.00880694061675,evaluated,b66c7b962541a586f5ec50043a5e8b4e62cf52e24eaec02ef33f43e558762a58,868a501831b87e95dedf18ce40e9e7ac949f7c6a4aaf137f717cc493ecfcb7be,0ecaf30ec3147260f584fff24f30e32a975cba82529f3d3c36d4c49ea0de712f
pre-refit-b66-v3,canonical:vle_obs_0134,vle_obs_0134-pco2,Hilliard2008,40.0,0.3890077801556031,113.0,290.4819994735461,evaluated,b66c7b962541a586f5ec50043a5e8b4e62cf52e24eaec02ef33f43e558762a58,868a501831b87e95dedf18ce40e9e7ac949f7c6a4aaf137f717cc493ecfcb7be,0ecaf30ec3147260f584fff24f30e32a975cba82529f3d3c36d4c49ea0de712f
pre-refit-b66-v3,canonical:vle_obs_0135,vle_obs_0135-pco2,Hilliard2008,40.0,0.4000080001600032,128.0,360.6344432649926,evaluated,b66c7b962541a586f5ec50043a5e8b4e62cf52e24eaec02ef33f43e558762a58,868a501831b87e95dedf18ce40e9e7ac949f7c6a4aaf137f717cc493ecfcb7be,0ecaf30ec3147260f584fff24f30e32a975cba82529f3d3c36d4c49ea0de712f
pre-refit-b66-v3,canonical:vle_obs_0136,vle_obs_0136-pco2,Hilliard2008,40.0,0.4640092801856037,750.0,1333.50176499587,evaluated,b66c7b962541a586f5ec50043a5e8b4e62cf52e24eaec02ef33f43e558762a58,868a501831b87e95dedf18ce40e9e7ac949f7c6a4aaf137f717cc493ecfcb7be,0ecaf30ec3147260f584fff24f30e32a975cba82529f3d3c36d4c49ea0de712f
pre-refit-b66-v3,canonical:vle_obs_0137,vle_obs_0137-pco2,Hilliard2008,40.0,0.4660093201864038,574.0,1389.4368703332086,evaluated,b66c7b962541a586f5ec50043a5e8b4e62cf52e24eaec02ef33f43e558762a58,868a501831b87e95dedf18ce40e9e7ac949f7c6a4aaf137f717cc493ecfcb7be,0ecaf30ec3147260f584fff24f30e32a975cba82529f3d3c36d4c49ea0de712f
pre-refit-b66-v3,canonical:vle_obs_0138,vle_obs_0138-pco2,Hilliard2008,40.0,0.48100962019240384,883.0,1885.1404769339983,evaluated,b66c7b962541a586f5ec50043a5e8b4e62cf52e24eaec02ef33f43e558762a58,868a501831b87e95dedf18ce40e9e7ac949f7c6a4aaf137f717cc493ecfcb7be,0ecaf30ec3147260f584fff24f30e32a975cba82529f3d3c36d4c49ea0de712f
pre-refit-b66-v3,canonical:vle_obs_0139,vle_obs_0139-pco2,Hilliard2008,40.0,0.49100982019640393,1100.0,2300.2976062128178,evaluated,b66c7b962541a586f5ec50043a5e8b4e62cf52e24eaec02ef33f43e558762a58,868a501831b87e95dedf18ce40e9e7ac949f7c6a4aaf137f717cc493ecfcb7be,0ecaf30ec3147260f584fff24f30e32a975cba82529f3d3c36d4c49ea0de712f
pre-refit-b66-v3,canonical:vle_obs_0140,vle_obs_0140-pco2,Hilliard2008,40.0,0.501010020200404,1870.0,2793.3329220138385,evaluated,b66c7b962541a586f5ec50043a5e8b4e62cf52e24eaec02ef33f43e558762a58,868a501831b87e95dedf18ce40e9e7ac949f7c6a4aaf137f717cc493ecfcb7be,0ecaf30ec3147260f584fff24f30e32a975cba82529f3d3c36d4c49ea0de712f
pre-refit-b66-v3,canonical:vle_obs_0141,vle_obs_0141-pco2,Hilliard2008,40.0,0.5180103602072041,3030.0,3832.377179868235,evaluated,b66c7b962541a586f5ec50043a5e8b4e62cf52e24eaec02ef33f43e558762a58,868a501831b87e95dedf18ce40e9e7ac949f7c6a4aaf137f717cc493ecfcb7be,0ecaf30ec3147260f584fff24f30e32a975cba82529f3d3c36d4c49ea0de712f
pre-refit-b66-v3,canonical:vle_obs_0142,vle_obs_0142-pco2,Hilliard2008,40.0,0.5910118202364048,28300.0,11667.730342894469,evaluated,b66c7b962541a586f5ec50043a5e8b4e62cf52e24eaec02ef33f43e558762a58,868a501831b87e95dedf18ce40e9e7ac949f7c6a4aaf137f717cc493ecfcb7be,0ecaf30ec3147260f584fff24f30e32a975cba82529f3d3c36d4c49ea0de712f
pre-refit-b66-v3,canonical:vle_obs_0143,vle_obs_0143-pco2,Hilliard2008,60.0,0.11400228004560092,19.400000000000002,13.42365295579159,evaluated,b66c7b962541a586f5ec50043a5e8b4e62cf52e24eaec02ef33f43e558762a58,868a501831b87e95dedf18ce40e9e7ac949f7c6a4aaf137f717cc493ecfcb7be,0ecaf30ec3147260f584fff24f30e32a975cba82529f3d3c36d4c49ea0de712f
pre-refit-b66-v3,canonical:vle_obs_0144,vle_obs_0144-pco2,Hilliard2008,60.0,0.19100382007640154,58.9,59.419818272654645,evaluated,b66c7b962541a586f5ec50043a5e8b4e62cf52e24eaec02ef33f43e558762a58,868a501831b87e95dedf18ce40e9e7ac949f7c6a4aaf137f717cc493ecfcb7be,0ecaf30ec3147260f584fff24f30e32a975cba82529f3d3c36d4c49ea0de712f
pre-refit-b66-v3,canonical:vle_obs_0145,vle_obs_0145-pco2,Hilliard2008,60.0,0.2910058201164023,209.0,327.94200891994507,evaluated,b66c7b962541a586f5ec50043a5e8b4e62cf52e24eaec02ef33f43e558762a58,868a501831b87e95dedf18ce40e9e7ac949f7c6a4aaf137f717cc493ecfcb7be,0ecaf30ec3147260f584fff24f30e32a975cba82529f3d3c36d4c49ea0de712f
pre-refit-b66-v3,canonical:vle_obs_0146,vle_obs_0146-pco2,Hilliard2008,60.0,0.3860077201544031,763.0,1769.4878604362216,evaluated,b66c7b962541a586f5ec50043a5e8b4e62cf52e24eaec02ef33f43e558762a58,868a501831b87e95dedf18ce40e9e7ac949f7c6a4aaf137f717cc493ecfcb7be,0ecaf30ec3147260f584fff24f30e32a975cba82529f3d3c36d4c49ea0de712f
pre-refit-b66-v3,canonical:vle_obs_0147,vle_obs_0147-pco2,Hilliard2008,60.0,0.48500970019400386,4860.0,11109.971188740963,evaluated,b66c7b962541a586f5ec50043a5e8b4e62cf52e24eaec02ef33f43e558762a58,868a501831b87e95dedf18ce40e9e7ac949f7c6a4aaf137f717cc493ecfcb7be,0ecaf30ec3147260f584fff24f30e32a975cba82529f3d3c36d4c49ea0de712f
pre-refit-b66-v3,canonical:vle_obs_0148,vle_obs_0148-pco2,Hilliard2008,60.0,0.5440108802176044,25800.0,28397.662119206263,evaluated,b66c7b962541a586f5ec50043a5e8b4e62cf52e24eaec02ef33f43e558762a58,868a501831b87e95dedf18ce40e9e7ac949f7c6a4aaf137f717cc493ecfcb7be,0ecaf30ec3147260f584fff24f30e32a975cba82529f3d3c36d4c49ea0de712f
pre-refit-b66-v3,canonical:vle_obs_0162,vle_obs_0162-pco2,Idris2014,40.0,0.24200484009680193,21.0,21.166968633625398,evaluated,b66c7b962541a586f5ec50043a5e8b4e62cf52e24eaec02ef33f43e558762a58,868a501831b87e95dedf18ce40e9e7ac949f7c6a4aaf137f717cc493ecfcb7be,0ecaf30ec3147260f584fff24f30e32a975cba82529f3d3c36d4c49ea0de712f
pre-refit-b66-v3,canonical:vle_obs_0163,vle_obs_0163-pco2,Idris2014,40.0,0.3210064201284026,38.0,82.2941515384844,evaluated,b66c7b962541a586f5ec50043a5e8b4e62cf52e24eaec02ef33f43e558762a58,868a501831b87e95dedf18ce40e9e7ac949f7c6a4aaf137f717cc493ecfcb7be,0ecaf30ec3147260f584fff24f30e32a975cba82529f3d3c36d4c49ea0de712f
pre-refit-b66-v3,canonical:vle_obs_0164,vle_obs_0164-pco2,Idris2014,40.0,0.33000660013200267,43.0,96.59153082387937,evaluated,b66c7b962541a586f5ec50043a5e8b4e62cf52e24eaec02ef33f43e558762a58,868a501831b87e95dedf18ce40e9e7ac949f7c6a4aaf137f717cc493ecfcb7be,0ecaf30ec3147260f584fff24f30e32a975cba82529f3d3c36d4c49ea0de712f
pre-refit-b66-v3,canonical:vle_obs_0165,vle_obs_0165-pco2,Idris2014,40.0,0.3450069001380027,50.0,126.66597798473192,evaluated,b66c7b962541a586f5ec50043a5e8b4e62cf52e24eaec02ef33f43e558762a58,868a501831b87e95dedf18ce40e9e7ac949f7c6a4aaf137f717cc493ecfcb7be,0ecaf30ec3147260f584fff24f30e32a975cba82529f3d3c36d4c49ea0de712f
pre-refit-b66-v3,canonical:vle_obs_0166,vle_obs_0166-pco2,Idris2014,40.0,0.3520070401408028,64.0,,non_evaluable,b66c7b962541a586f5ec50043a5e8b4e62cf52e24eaec02ef33f43e558762a58,868a501831b87e95dedf18ce40e9e7ac949f7c6a4aaf137f717cc493ecfcb7be,0ecaf30ec3147260f584fff24f30e32a975cba82529f3d3c36d4c49ea0de712f
pre-refit-b66-v3,canonical:vle_obs_0167,vle_obs_0167-pco2,Idris2014,40.0,0.3550071001420028,97.0,152.23048210664555,evaluated,b66c7b962541a586f5ec50043a5e8b4e62cf52e24eaec02ef33f43e558762a58,868a501831b87e95dedf18ce40e9e7ac949f7c6a4aaf137f717cc493ecfcb7be,0ecaf30ec3147260f584fff24f30e32a975cba82529f3d3c36d4c49ea0de712f
pre-refit-b66-v3,canonical:vle_obs_0168,vle_obs_0168-pco2,Idris2014,40.0,0.375007500150003,107.0,221.713140061699,evaluated,b66c7b962541a586f5ec50043a5e8b4e62cf52e24eaec02ef33f43e558762a58,868a501831b87e95dedf18ce40e9e7ac949f7c6a4aaf137f717cc493ecfcb7be,0ecaf30ec3147260f584fff24f30e32a975cba82529f3d3c36d4c49ea0de712f
pre-refit-b66-v3,canonical:vle_obs_0169,vle_obs_0169-pco2,Idris2014,40.0,0.377007540150803,123.0,230.3550226171926,evaluated,b66c7b962541a586f5ec50043a5e8b4e62cf52e24eaec02ef33f43e558762a58,868a501831b87e95dedf18ce40e9e7ac949f7c6a4aaf137f717cc493ecfcb7be,0ecaf30ec3147260f584fff24f30e32a975cba82529f3d3c36d4c49ea0de712f
pre-refit-b66-v3,canonical:vle_obs_0170,vle_obs_0170-pco2,Idris2014,40.0,0.4360087201744035,445.0,747.9815115939109,evaluated,b66c7b962541a586f5ec50043a5e8b4e62cf52e24eaec02ef33f43e558762a58,868a501831b87e95dedf18ce40e9e7ac949f7c6a4aaf137f717cc493ecfcb7be,0ecaf30ec3147260f584fff24f30e32a975cba82529f3d3c36d4c49ea0de712f
pre-refit-b66-v3,canonical:vle_obs_0171,vle_obs_0171-pco2,Idris2014,40.0,0.4600092001840037,813.0,1228.0644953749538,evaluated,b66c7b962541a586f5ec50043a5e8b4e62cf52e24eaec02ef33f43e558762a58,868a501831b87e95dedf18ce40e9e7ac949f7c6a4aaf137f717cc493ecfcb7be,0ecaf30ec3147260f584fff24f30e32a975cba82529f3d3c36d4c49ea0de712f
pre-refit-b66-v3,canonical:vle_obs_0186,vle_obs_0186-pco2,Jou1995,40.0,0.08880177603552071,1.47,1.0934016923370693,evaluated,b66c7b962541a586f5ec50043a5e8b4e62cf52e24eaec02ef33f43e558762a58,868a501831b87e95dedf18ce40e9e7ac949f7c6a4aaf137f717cc493ecfcb7be,0ecaf30ec3147260f584fff24f30e32a975cba82529f3d3c36d4c49ea0de712f
pre-refit-b66-v3,canonical:vle_obs_0187,vle_obs_0187-pco2,Jou1995,40.0,0.20300406008120164,8.959999999999999,10.859146018817992,evaluated,b66c7b962541a586f5ec50043a5e8b4e62cf52e24eaec02ef33f43e558762a58,868a501831b87e95dedf18ce40e9e7ac949f7c6a4aaf137f717cc493ecfcb7be,0ecaf30ec3147260f584fff24f30e32a975cba82529f3d3c36d4c49ea0de712f
pre-refit-b66-v3,canonical:vle_obs_0188,vle_obs_0188-pco2,Jou1995,40.0,0.3650073001460029,67.7,183.45310930512275,evaluated,b66c7b962541a586f5ec50043a5e8b4e62cf52e24eaec02ef33f43e558762a58,868a501831b87e95dedf18ce40e9e7ac949f7c6a4aaf137f717cc493ecfcb7be,0ecaf30ec3147260f584fff24f30e32a975cba82529f3d3c36d4c49ea0de712f
pre-refit-b66-v3,canonical:vle_obs_0189,vle_obs_0189-pco2,Jou1995,40.0,0.47350947018940376,604.0,1619.691615943861,evaluated,b66c7b962541a586f5ec50043a5e8b4e62cf52e24eaec02ef33f43e558762a58,868a501831b87e95dedf18ce40e9e7ac949f7c6a4aaf137f717cc493ecfcb7be,0ecaf30ec3147260f584fff24f30e32a975cba82529f3d3c36d4c49ea0de712f
pre-refit-b66-v3,canonical:vle_obs_0190,vle_obs_0190-pco2,Jou1995,40.0,0.5130102602052041,2570.0,3498.9699588840754,evaluated,b66c7b962541a586f5ec50043a5e8b4e62cf52e24eaec02ef33f43e558762a58,868a501831b87e95dedf18ce40e9e7ac949f7c6a4aaf137f717cc493ecfcb7be,0ecaf30ec3147260f584fff24f30e32a975cba82529f3d3c36d4c49ea0de712f
pre-refit-b66-v3,canonical:vle_obs_0191,vle_obs_0191-pco2,Jou1995,40.0,0.5570111402228045,8090.0,7306.807324417174,evaluated,b66c7b962541a586f5ec50043a5e8b4e62cf52e24eaec02ef33f43e558762a58,868a501831b87e95dedf18ce40e9e7ac949f7c6a4aaf137f717cc493ecfcb7be,0ecaf30ec3147260f584fff24f30e32a975cba82529f3d3c36d4c49ea0de712f
pre-refit-b66-v3,canonical:vle_obs_0192,vle_obs_0192-pco2,Jou1995,40.0,0.6090121802436048,36100.0,14477.988241350555,evaluated,b66c7b962541a586f5ec50043a5e8b4e62cf52e24eaec02ef33f43e558762a58,868a501831b87e95dedf18ce40e9e7ac949f7c6a4aaf137f717cc493ecfcb7be,0ecaf30ec3147260f584fff24f30e32a975cba82529f3d3c36d4c49ea0de712f
pre-refit-b66-v3,canonical:vle_obs_0193,vle_obs_0193-pco2,Jou1995,40.0,0.6420128402568052,103000.0,20501.898507741615,evaluated,b66c7b962541a586f5ec50043a5e8b4e62cf52e24eaec02ef33f43e558762a58,868a501831b87e95dedf18ce40e9e7ac949f7c6a4aaf137f717cc493ecfcb7be,0ecaf30ec3147260f584fff24f30e32a975cba82529f3d3c36d4c49ea0de712f
pre-refit-b66-v3,canonical:vle_obs_0194,vle_obs_0194-pco2,Jou1995,60.0,0.05640112802256045,4.28,2.7741084551884154,evaluated,b66c7b962541a586f5ec50043a5e8b4e62cf52e24eaec02ef33f43e558762a58,868a501831b87e95dedf18ce40e9e7ac949f7c6a4aaf137f717cc493ecfcb7be,0ecaf30ec3147260f584fff24f30e32a975cba82529f3d3c36d4c49ea0de712f
pre-refit-b66-v3,canonical:vle_obs_0195,vle_obs_0195-pco2,Jou1995,60.0,0.11900238004760096,19.3,14.96950617962816,evaluated,b66c7b962541a586f5ec50043a5e8b4e62cf52e24eaec02ef33f43e558762a58,868a501831b87e95dedf18ce40e9e7ac949f7c6a4aaf137f717cc493ecfcb7be,0ecaf30ec3147260f584fff24f30e32a975cba82529f3d3c36d4c49ea0de712f
pre-refit-b66-v3,canonical:vle_obs_0196,vle_obs_0196-pco2,Jou1995,60.0,0.20600412008240165,57.9,77.20972117940869,evaluated,b66c7b962541a586f5ec50043a5e8b4e62cf52e24eaec02ef33f43e558762a58,868a501831b87e95dedf18ce40e9e7ac949f7c6a4aaf137f717cc493ecfcb7be,0ecaf30ec3147260f584fff24f30e32a975cba82529f3d3c36d4c49ea0de712f
pre-refit-b66-v3,canonical:vle_obs_0197,vle_obs_0197-pco2,Jou1995,60.0,0.3890077801556031,528.0,1870.681537584855,evaluated,b66c7b962541a586f5ec50043a5e8b4e62cf52e24eaec02ef33f43e558762a58,868a501831b87e95dedf18ce40e9e7ac949f7c6a4aaf137f717cc493ecfcb7be,0ecaf30ec3147260f584fff24f30e32a975cba82529f3d3c36d4c49ea0de712f
pre-refit-b66-v3,canonical:vle_obs_0198,vle_obs_0198-pco2,Jou1995,60.0,0.4380087601752035,2009.9999999999998,4694.646121215772,evaluated,b66c7b962541a586f5ec50043a5e8b4e62cf52e24eaec02ef33f43e558762a58,868a501831b87e95dedf18ce40e9e7ac949f7c6a4aaf137f717cc493ecfcb7be,0ecaf30ec3147260f584fff24f30e32a975cba82529f3d3c36d4c49ea0de712f
pre-refit-b66-v3,canonical:vle_obs_0199,vle_obs_0199-pco2,Jou1995,60.0,0.5040100802016041,11000.0,15370.227815666345,evaluated,b66c7b962541a586f5ec50043a5e8b4e62cf52e24eaec02ef33f43e558762a58,868a501831b87e95dedf18ce40e9e7ac949f7c6a4aaf137f717cc493ecfcb7be,0ecaf30ec3147260f584fff24f30e32a975cba82529f3d3c36d4c49ea0de712f
pre-refit-b66-v3,canonical:vle_obs_0200,vle_obs_0200-pco2,Jou1995,60.0,0.5610112202244045,34000.0,35724.90662010646,evaluated,b66c7b962541a586f5ec50043a5e8b4e62cf52e24eaec02ef33f43e558762a58,868a501831b87e95dedf18ce40e9e7ac949f7c6a4aaf137f717cc493ecfcb7be,0ecaf30ec3147260f584fff24f30e32a975cba82529f3d3c36d4c49ea0de712f
pre-refit-b66-v3,canonical:vle_obs_0201,vle_obs_0201-pco2,Jou1995,60.0,0.5790115802316046,82000.0,44648.50328961898,evaluated,b66c7b962541a586f5ec50043a5e8b4e62cf52e24eaec02ef33f43e558762a58,868a501831b87e95dedf18ce40e9e7ac949f7c6a4aaf137f717cc493ecfcb7be,0ecaf30ec3147260f584fff24f30e32a975cba82529f3d3c36d4c49ea0de712f
pre-refit-b66-v3,canonical:vle_obs_0202,vle_obs_0202-pco2,Jou1995,60.0,0.6680133602672054,282000.0,104481.96982729249,evaluated,b66c7b962541a586f5ec50043a5e8b4e62cf52e24eaec02ef33f43e558762a58,868a501831b87e95dedf18ce40e9e7ac949f7c6a4aaf137f717cc493ecfcb7be,0ecaf30ec3147260f584fff24f30e32a975cba82529f3d3c36d4c49ea0de712f
pre-refit-b66-v3,canonical:vle_obs_0203,vle_obs_0203-pco2,Jou1995,80.0,0.017400348006960137,2.96,1.7499224574857537,evaluated,b66c7b962541a586f5ec50043a5e8b4e62cf52e24eaec02ef33f43e558762a58,868a501831b87e95dedf18ce40e9e7ac949f7c6a4aaf137f717cc493ecfcb7be,0ecaf30ec3147260f584fff24f30e32a975cba82529f3d3c36d4c49ea0de712f
pre-refit-b66-v3,canonical:vle_obs_0204,vle_obs_0204-pco2,Jou1995,80.0,0.02360047200944019,4.84,3.051247903922525,evaluated,b66c7b962541a586f5ec50043a5e8b4e62cf52e24eaec02ef33f43e558762a58,868a501831b87e95dedf18ce40e9e7ac949f7c6a4aaf137f717cc493ecfcb7be,0ecaf30ec3147260f584fff24f30e32a975cba82529f3d3c36d4c49ea0de712f
pre-refit-b66-v3,canonical:vle_obs_0205,vle_obs_0205-pco2,Jou1995,80.0,0.07810156203124063,46.5,32.227225202697866,evaluated,b66c7b962541a586f5ec50043a5e8b4e62cf52e24eaec02ef33f43e558762a58,868a501831b87e95dedf18ce40e9e7ac949f7c6a4aaf137f717cc493ecfcb7be,0ecaf30ec3147260f584fff24f30e32a975cba82529f3d3c36d4c49ea0de712f
pre-refit-b66-v3,canonical:vle_obs_0206,vle_obs_0206-pco2,Jou1995,80.0,0.11800236004720094,99.2,85.05534989843453,evaluated,b66c7b962541a586f5ec50043a5e8b4e62cf52e24eaec02ef33f43e558762a58,868a501831b87e95dedf18ce40e9e7ac949f7c6a4aaf137f717cc493ecfcb7be,0ecaf30ec3147260f584fff24f30e32a975cba82529f3d3c36d4c49ea0de712f
pre-refit-b66-v3,canonical:vle_obs_0207,vle_obs_0207-pco2,Jou1995,80.0,0.1870037400748015,278.0,318.92365161464727,evaluated,b66c7b962541a586f5ec50043a5e8b4e62cf52e24eaec02ef33f43e558762a58,868a501831b87e95dedf18ce40e9e7ac949f7c6a4aaf137f717cc493ecfcb7be,0ecaf30ec3147260f584fff24f30e32a975cba82529f3d3c36d4c49ea0de712f
pre-refit-b66-v3,canonical:vle_obs_0208,vle_obs_0208-pco2,Jou1995,80.0,0.3480069601392028,2670.0,4872.37424620345,evaluated,b66c7b962541a586f5ec50043a5e8b4e62cf52e24eaec02ef33f43e558762a58,868a501831b87e95dedf18ce40e9e7ac949f7c6a4aaf137f717cc493ecfcb7be,0ecaf30ec3147260f584fff24f30e32a975cba82529f3d3c36d4c49ea0de712f
pre-refit-b66-v3,canonical:vle_obs_0209,vle_obs_0209-pco2,Jou1995,80.0,0.4600092001840037,16000.0,34041.31032908313,evaluated,b66c7b962541a586f5ec50043a5e8b4e62cf52e24eaec02ef33f43e558762a58,868a501831b87e95dedf18ce40e9e7ac949f7c6a4aaf137f717cc493ecfcb7be,0ecaf30ec3147260f584fff24f30e32a975cba82529f3d3c36d4c49ea0de712f
pre-refit-b66-v3,canonical:vle_obs_0210,vle_obs_0210-pco2,Jou1995,80.0,0.5170103402068041,56000.0,81589.4921221069,evaluated,b66c7b962541a586f5ec50043a5e8b4e62cf52e24eaec02ef33f43e558762a58,868a501831b87e95dedf18ce40e9e7ac949f7c6a4aaf137f717cc493ecfcb7be,0ecaf30ec3147260f584fff24f30e32a975cba82529f3d3c36d4c49ea0de712f
pre-refit-b66-v3,canonical:vle_obs_0211,vle_obs_0211-pco2,Jou1995,80.0,0.5785115702314046,235000.0,170623.2761629255,evaluated,b66c7b962541a586f5ec50043a5e8b4e62cf52e24eaec02ef33f43e558762a58,868a501831b87e95dedf18ce40e9e7ac949f7c6a4aaf137f717cc493ecfcb7be,0ecaf30ec3147260f584fff24f30e32a975cba82529f3d3c36d4c49ea0de712f
pre-refit-b66-v3,canonical:vle_obs_0212,vle_obs_0212-pco2,Jou1995,80.0,0.6400128002560052,558000.0,291864.71762523195,evaluated,b66c7b962541a586f5ec50043a5e8b4e62cf52e24eaec02ef33f43e558762a58,868a501831b87e95dedf18ce40e9e7ac949f7c6a4aaf137f717cc493ecfcb7be,0ecaf30ec3147260f584fff24f30e32a975cba82529f3d3c36d4c49ea0de712f
pre-refit-b66-v3,canonical:vle_obs_0213,vle_obs_0213-pco2,Jou1995,80.0,0.6890137802756054,958000.0,402245.8063949467,evaluated,b66c7b962541a586f5ec50043a5e8b4e62cf52e24eaec02ef33f43e558762a58,868a501831b87e95dedf18ce40e9e7ac949f7c6a4aaf137f717cc493ecfcb7be,0ecaf30ec3147260f584fff24f30e32a975cba82529f3d3c36d4c49ea0de712f
pre-refit-b66-v3,canonical:vle_obs_0214,vle_obs_0214-pco2,Jou1995,100.0,0.011700234004680093,7.24,4.495584185007139,evaluated,b66c7b962541a586f5ec50043a5e8b4e62cf52e24eaec02ef33f43e558762a58,868a501831b87e95dedf18ce40e9e7ac949f7c6a4aaf137f717cc493ecfcb7be,0ecaf30ec3147260f584fff24f30e32a975cba82529f3d3c36d4c49ea0de712f
pre-refit-b66-v3,canonical:vle_obs_0215,vle_obs_0215-pco2,Jou1995,100.0,0.05660113202264045,136.0,84.88257751022303,evaluated,b66c7b962541a586f5ec50043a5e8b4e62cf52e24eaec02ef33f43e558762a58,868a501831b87e95dedf18ce40e9e7ac949f7c6a4aaf137f717cc493ecfcb7be,0ecaf30ec3147260f584fff24f30e32a975cba82529f3d3c36d4c49ea0de712f
pre-refit-b66-v3,canonical:vle_obs_0216,vle_obs_0216-pco2,Jou1995,100.0,0.1880037600752015,1430.0,1653.398002822682,evaluated,b66c7b962541a586f5ec50043a5e8b4e62cf52e24eaec02ef33f43e558762a58,868a501831b87e95dedf18ce40e9e7ac949f7c6a4aaf137f717cc493ecfcb7be,0ecaf30ec3147260f584fff24f30e32a975cba82529f3d3c36d4c49ea0de712f
pre-refit-b66-v3,canonical:vle_obs_0217,vle_obs_0217-pco2,Jou1995,100.0,0.3810076201524031,19000.0,40116.358942022256,evaluated,b66c7b962541a586f5ec50043a5e8b4e62cf52e24eaec02ef33f43e558762a58,868a501831b87e95dedf18ce40e9e7ac949f7c6a4aaf137f717cc493ecfcb7be,0ecaf30ec3147260f584fff24f30e32a975cba82529f3d3c36d4c49ea0de712f
pre-refit-b66-v3,canonical:vle_obs_0218,vle_obs_0218-pco2,Jou1995,100.0,0.42200844016880334,39000.0,77684.5163416814,evaluated,b66c7b962541a586f5ec50043a5e8b4e62cf52e24eaec02ef33f43e558762a58,868a501831b87e95dedf18ce40e9e7ac949f7c6a4aaf137f717cc493ecfcb7be,0ecaf30ec3147260f584fff24f30e32a975cba82529f3d3c36d4c49ea0de712f
pre-refit-b66-v3,canonical:vle_obs_0219,vle_obs_0219-pco2,Jou1995,100.0,0.4770095401908038,69000.0,175077.49517018086,evaluated,b66c7b962541a586f5ec50043a5e8b4e62cf52e24eaec02ef33f43e558762a58,868a501831b87e95dedf18ce40e9e7ac949f7c6a4aaf137f717cc493ecfcb7be,0ecaf30ec3147260f584fff24f30e32a975cba82529f3d3c36d4c49ea0de712f
pre-refit-b66-v3,canonical:vle_obs_0220,vle_obs_0220-pco2,Jou1995,100.0,0.48100962019240384,109000.0,184772.29668193392,evaluated,b66c7b962541a586f5ec50043a5e8b4e62cf52e24eaec02ef33f43e558762a58,868a501831b87e95dedf18ce40e9e7ac949f7c6a4aaf137f717cc493ecfcb7be,0ecaf30ec3147260f584fff24f30e32a975cba82529f3d3c36d4c49ea0de712f
pre-refit-b66-v3,canonical:vle_obs_0221,vle_obs_0221-pco2,Jou1995,100.0,0.5710114202284046,509000.0,493930.5320939474,evaluated,b66c7b962541a586f5ec50043a5e8b4e62cf52e24eaec02ef33f43e558762a58,868a501831b87e95dedf18ce40e9e7ac949f7c6a4aaf137f717cc493ecfcb7be,0ecaf30ec3147260f584fff24f30e32a975cba82529f3d3c36d4c49ea0de712f
pre-refit-b66-v3,canonical:vle_obs_0222,vle_obs_0222-pco2,Jou1995,100.0,0.5890117802356047,376000.0,572105.8055480603,evaluated,b66c7b962541a586f5ec50043a5e8b4e62cf52e24eaec02ef33f43e558762a58,868a501831b87e95dedf18ce40e9e7ac949f7c6a4aaf137f717cc493ecfcb7be,0ecaf30ec3147260f584fff24f30e32a975cba82529f3d3c36d4c49ea0de712f
pre-refit-b66-v3,canonical:vle_obs_0223,vle_obs_0223-pco2,Jou1995,100.0,0.613512270245405,909000.0,683593.4107035634,evaluated,b66c7b962541a586f5ec50043a5e8b4e62cf52e24eaec02ef33f43e558762a58,868a501831b87e95dedf18ce40e9e7ac949f7c6a4aaf137f717cc493ecfcb7be,0ecaf30ec3147260f584fff24f30e32a975cba82529f3d3c36d4c49ea0de712f
pre-refit-b66-v3,canonical:vle_obs_0224,vle_obs_0224-pco2,Jou1995,120.0,0.0033300666013320267,2.02,2.424879441493482,evaluated,b66c7b962541a586f5ec50043a5e8b4e62cf52e24eaec02ef33f43e558762a58,868a501831b87e95dedf18ce40e9e7ac949f7c6a4aaf137f717cc493ecfcb7be,0ecaf30ec3147260f584fff24f30e32a975cba82529f3d3c36d4c49ea0de712f
pre-refit-b66-v3,canonical:vle_obs_0225,vle_obs_0225-pco2,Jou1995,120.0,0.01120022400448009,22.1,19.7062711730953,evaluated,b66c7b962541a586f5ec50043a5e8b4e62cf52e24eaec02ef33f43e558762a58,868a501831b87e95dedf18ce40e9e7ac949f7c6a4aaf137f717cc493ecfcb7be,0ecaf30ec3147260f584fff24f30e32a975cba82529f3d3c36d4c49ea0de712f
pre-refit-b66-v3,canonical:vle_obs_0226,vle_obs_0226-pco2,Jou1995,120.0,0.024700494009880197,98.4,81.97343144382484,evaluated,b66c7b962541a586f5ec50043a5e8b4e62cf52e24eaec02ef33f43e558762a58,868a501831b87e95dedf18ce40e9e7ac949f7c6a4aaf137f717cc493ecfcb7be,0ecaf30ec3147260f584fff24f30e32a975cba82529f3d3c36d4c49ea0de712f
pre-refit-b66-v3,canonical:vle_obs_0227,vle_obs_0227-pco2,Jou1995,120.0,0.11900238004760096,2290.0,2083.8687129727423,evaluated,b66c7b962541a586f5ec50043a5e8b4e62cf52e24eaec02ef33f43e558762a58,868a501831b87e95dedf18ce40e9e7ac949f7c6a4aaf137f717cc493ecfcb7be,0ecaf30ec3147260f584fff24f30e32a975cba82529f3d3c36d4c49ea0de712f
pre-refit-b66-v3,canonical:vle_obs_0228,vle_obs_0228-pco2,Jou1995,120.0,0.3490069801396028,46800.0,98945.33608430781,evaluated,b66c7b962541a586f5ec50043a5e8b4e62cf52e24eaec02ef33f43e558762a58,868a501831b87e95dedf18ce40e9e7ac949f7c6a4aaf137f717cc493ecfcb7be,0ecaf30ec3147260f584fff24f30e32a975cba82529f3d3c36d4c49ea0de712f
pre-refit-b66-v3,canonical:vle_obs_0229,vle_obs_0229-pco2,Jou1995,120.0,0.41150823016460325,122000.0,244435.8862144611,evaluated,b66c7b962541a586f5ec50043a5e8b4e62cf52e24eaec02ef33f43e558762a58,868a501831b87e95dedf18ce40e9e7ac949f7c6a4aaf137f717cc493ecfcb7be,0ecaf30ec3147260f584fff24f30e32a975cba82529f3d3c36d4c49ea0de712f
pre-refit-b66-v3,canonical:vle_obs_0230,vle_obs_0230-pco2,Jou1995,120.0,0.4440088801776036,222000.0,371655.9038877292,evaluated,b66c7b962541a586f5ec50043a5e8b4e62cf52e24eaec02ef33f43e558762a58,868a501831b87e95dedf18ce40e9e7ac949f7c6a4aaf137f717cc493ecfcb7be,0ecaf30ec3147260f584fff24f30e32a975cba82529f3d3c36d4c49ea0de712f
pre-refit-b66-v3,canonical:vle_obs_0231,vle_obs_0231-pco2,Jou1995,120.0,0.47300946018920376,422000.0,518573.0783540237,evaluated,b66c7b962541a586f5ec50043a5e8b4e62cf52e24eaec02ef33f43e558762a58,868a501831b87e95dedf18ce40e9e7ac949f7c6a4aaf137f717cc493ecfcb7be,0ecaf30ec3147260f584fff24f30e32a975cba82529f3d3c36d4c49ea0de712f
pre-refit-b66-v3,canonical:vle_obs_0232,vle_obs_0232-pco2,Jou1995,120.0,0.5360107202144043,822000.0,930419.589749893,evaluated,b66c7b962541a586f5ec50043a5e8b4e62cf52e24eaec02ef33f43e558762a58,868a501831b87e95dedf18ce40e9e7ac949f7c6a4aaf137f717cc493ecfcb7be,0ecaf30ec3147260f584fff24f30e32a975cba82529f3d3c36d4c49ea0de712f
pre-refit-b66-v3,canonical:vle_obs_0233,vle_obs_0233-pco2,Jou1995,120.0,0.6390127802556052,2804000.0,1743766.6723243103,evaluated,b66c7b962541a586f5ec50043a5e8b4e62cf52e24eaec02ef33f43e558762a58,868a501831b87e95dedf18ce40e9e7ac949f7c6a4aaf137f717cc493ecfcb7be,0ecaf30ec3147260f584fff24f30e32a975cba82529f3d3c36d4c49ea0de712f
pre-refit-b66-v3,canonical:vle_obs_0246,vle_obs_0246-pco2,Mamun2005,120.0,0.15500310006200124,7354.0,4229.358674655217,evaluated,b66c7b962541a586f5ec50043a5e8b4e62cf52e24eaec02ef33f43e558762a58,868a501831b87e95dedf18ce40e9e7ac949f7c6a4aaf137f717cc493ecfcb7be,0ecaf30ec3147260f584fff24f30e32a975cba82529f3d3c36d4c49ea0de712f
pre-refit-b66-v3,canonical:vle_obs_0247,vle_obs_0247-pco2,Mamun2005,120.0,0.17660353207064142,9314.0,6235.631672462001,evaluated,b66c7b962541a586f5ec50043a5e8b4e62cf52e24eaec02ef33f43e558762a58,868a501831b87e95dedf18ce40e9e7ac949f7c6a4aaf137f717cc493ecfcb7be,0ecaf30ec3147260f584fff24f30e32a975cba82529f3d3c36d4c49ea0de712f
pre-refit-b66-v3,canonical:vle_obs_0248,vle_obs_0248-pco2,Mamun2005,120.0,0.18430368607372147,9045.0,7129.250350808791,evaluated,b66c7b962541a586f5ec50043a5e8b4e62cf52e24eaec02ef33f43e558762a58,868a501831b87e95dedf18ce40e9e7ac949f7c6a4aaf137f717cc493ecfcb7be,0ecaf30ec3147260f584fff24f30e32a975cba82529f3d3c36d4c49ea0de712f
pre-refit-b66-v3,canonical:vle_obs_0249,vle_obs_0249-pco2,Mamun2005,120.0,0.20850417008340166,15510.0,10738.026612363466,evaluated,b66c7b962541a586f5ec50043a5e8b4e62cf52e24eaec02ef33f43e558762a58,868a501831b87e95dedf18ce40e9e7ac949f7c6a4aaf137f717cc493ecfcb7be,0ecaf30ec3147260f584fff24f30e32a975cba82529f3d3c36d4c49ea0de712f
pre-refit-b66-v3,canonical:vle_obs_0250,vle_obs_0250-pco2,Mamun2005,120.0,0.23260465209304187,19620.0,15945.610454917862,evaluated,b66c7b962541a586f5ec50043a5e8b4e62cf52e24eaec02ef33f43e558762a58,868a501831b87e95dedf18ce40e9e7ac949f7c6a4aaf137f717cc493ecfcb7be,0ecaf30ec3147260f584fff24f30e32a975cba82529f3d3c36d4c49ea0de712f
pre-refit-b66-v3,canonical:vle_obs_0251,vle_obs_0251-pco2,Mamun2005,120.0,0.23810476209524192,25200.0,17429.249733973338,evaluated,b66c7b962541a586f5ec50043a5e8b4e62cf52e24eaec02ef33f43e558762a58,868a501831b87e95dedf18ce40e9e7ac949f7c6a4aaf137f717cc493ecfcb7be,0ecaf30ec3147260f584fff24f30e32a975cba82529f3d3c36d4c49ea0de712f
pre-refit-b66-v3,canonical:vle_obs_0252,vle_obs_0252-pco2,Mamun2005,120.0,0.25600512010240206,27710.0,23224.97856812432,evaluated,b66c7b962541a586f5ec50043a5e8b4e62cf52e24eaec02ef33f43e558762a58,868a501831b87e95dedf18ce40e9e7ac949f7c6a4aaf137f717cc493ecfcb7be,0ecaf30ec3147260f584fff24f30e32a975cba82529f3d3c36d4c49ea0de712f
pre-refit-b66-v3,canonical:vle_obs_0253,vle_obs_0253-pco2,Mamun2005,120.0,0.29010580211604237,39180.0,39817.56677284998,evaluated,b66c7b962541a586f5ec50043a5e8b4e62cf52e24eaec02ef33f43e558762a58,868a501831b87e95dedf18ce40e9e7ac949f7c6a4aaf137f717cc493ecfcb7be,0ecaf30ec3147260f584fff24f30e32a975cba82529f3d3c36d4c49ea0de712f
pre-refit-b66-v3,canonical:vle_obs_0254,vle_obs_0254-pco2,Mamun2005,120.0,0.2967059341186824,40400.0,44154.57981432201,evaluated,b66c7b962541a586f5ec50043a5e8b4e62cf52e24eaec02ef33f43e558762a58,868a501831b87e95dedf18ce40e9e7ac949f7c6a4aaf137f717cc493ecfcb7be,0ecaf30ec3147260f584fff24f30e32a975cba82529f3d3c36d4c49ea0de712f
pre-refit-b66-v3,canonical:vle_obs_0255,vle_obs_0255-pco2,Mamun2005,120.0,0.3004060081201624,43490.0,46783.42113600942,evaluated,b66c7b962541a586f5ec50043a5e8b4e62cf52e24eaec02ef33f43e558762a58,868a501831b87e95dedf18ce40e9e7ac949f7c6a4aaf137f717cc493ecfcb7be,0ecaf30ec3147260f584fff24f30e32a975cba82529f3d3c36d4c49ea0de712f
pre-refit-b66-v3,canonical:vle_obs_0256,vle_obs_0256-pco2,Mamun2005,120.0,0.3125062501250025,51820.0,56485.63492819189,evaluated,b66c7b962541a586f5ec50043a5e8b4e62cf52e24eaec02ef33f43e558762a58,868a501831b87e95dedf18ce40e9e7ac949f7c6a4aaf137f717cc493ecfcb7be,0ecaf30ec3147260f584fff24f30e32a975cba82529f3d3c36d4c49ea0de712f
pre-refit-b66-v3,canonical:vle_obs_0257,vle_obs_0257-pco2,Mamun2005,120.0,0.31910638212764253,58570.0,62571.85098196254,evaluated,b66c7b962541a586f5ec50043a5e8b4e62cf52e24eaec02ef33f43e558762a58,868a501831b87e95dedf18ce40e9e7ac949f7c6a4aaf137f717cc493ecfcb7be,0ecaf30ec3147260f584fff24f30e32a975cba82529f3d3c36d4c49ea0de712f
pre-refit-b66-v3,canonical:vle_obs_0258,vle_obs_0258-pco2,Mamun2005,120.0,0.32980659613192265,62880.0,73803.89868337796,evaluated,b66c7b962541a586f5ec50043a5e8b4e62cf52e24eaec02ef33f43e558762a58,868a501831b87e95dedf18ce40e9e7ac949f7c6a4aaf137f717cc493ecfcb7be,0ecaf30ec3147260f584fff24f30e32a975cba82529f3d3c36d4c49ea0de712f
pre-refit-b66-v3,canonical:vle_obs_0259,vle_obs_0259-pco2,Mamun2005,120.0,0.3424068481369627,77590.0,89506.48584292557,evaluated,b66c7b962541a586f5ec50043a5e8b4e62cf52e24eaec02ef33f43e558762a58,868a501831b87e95dedf18ce40e9e7ac949f7c6a4aaf137f717cc493ecfcb7be,0ecaf30ec3147260f584fff24f30e32a975cba82529f3d3c36d4c49ea0de712f
pre-refit-b66-v3,canonical:vle_obs_0260,vle_obs_0260-pco2,Mamun2005,120.0,0.3424068481369627,74950.0,89506.48584292557,evaluated,b66c7b962541a586f5ec50043a5e8b4e62cf52e24eaec02ef33f43e558762a58,868a501831b87e95dedf18ce40e9e7ac949f7c6a4aaf137f717cc493ecfcb7be,0ecaf30ec3147260f584fff24f30e32a975cba82529f3d3c36d4c49ea0de712f
pre-refit-b66-v3,canonical:vle_obs_0261,vle_obs_0261-pco2,Mamun2005,120.0,0.3500070001400028,83610.0,100454.44948038143,evaluated,b66c7b962541a586f5ec50043a5e8b4e62cf52e24eaec02ef33f43e558762a58,868a501831b87e95dedf18ce40e9e7ac949f7c6a4aaf137f717cc493ecfcb7be,0ecaf30ec3147260f584fff24f30e32a975cba82529f3d3c36d4c49ea0de712f
pre-refit-b66-v3,canonical:vle_obs_0262,vle_obs_0262-pco2,Mamun2005,120.0,0.3594071881437629,92790.0,115725.8129040836,evaluated,b66c7b962541a586f5ec50043a5e8b4e62cf52e24eaec02ef33f43e558762a58,868a501831b87e95dedf18ce40e9e7ac949f7c6a4aaf137f717cc493ecfcb7be,0ecaf30ec3147260f584fff24f30e32a975cba82529f3d3c36d4c49ea0de712f
pre-refit-b66-v3,canonical:vle_obs_0263,vle_obs_0263-pco2,Mamun2005,120.0,0.38820776415528313,137900.0,176587.0859820859,evaluated,b66c7b962541a586f5ec50043a5e8b4e62cf52e24eaec02ef33f43e558762a58,868a501831b87e95dedf18ce40e9e7ac949f7c6a4aaf137f717cc493ecfcb7be,0ecaf30ec3147260f584fff24f30e32a975cba82529f3d3c36d4c49ea0de712f
pre-refit-b66-v3,canonical:vle_obs_0264,vle_obs_0264-pco2,Mamun2005,120.0,0.41820836416728335,191900.0,267446.0969129112,evaluated,b66c7b962541a586f5ec50043a5e8b4e62cf52e24eaec02ef33f43e558762a58,868a501831b87e95dedf18ce40e9e7ac949f7c6a4aaf137f717cc493ecfcb7be,0ecaf30ec3147260f584fff24f30e32a975cba82529f3d3c36d4c49ea0de712f
pre-refit-b66-v3,canonical:vle_obs_0265,vle_obs_0265-pco2,Xu2011,100.0,0.3880077601552031,34000.0,44980.20228794132,evaluated,b66c7b962541a586f5ec50043a5e8b4e62cf52e24eaec02ef33f43e558762a58,868a501831b87e95dedf18ce40e9e7ac949f7c6a4aaf137f717cc493ecfcb7be,0ecaf30ec3147260f584fff24f30e32a975cba82529f3d3c36d4c49ea0de712f
pre-refit-b66-v3,canonical:vle_obs_0266,vle_obs_0266-pco2,Xu2011,100.0,0.4240084801696034,101000.0,80163.94183926917,evaluated,b66c7b962541a586f5ec50043a5e8b4e62cf52e24eaec02ef33f43e558762a58,868a501831b87e95dedf18ce40e9e7ac949f7c6a4aaf137f717cc493ecfcb7be,0ecaf30ec3147260f584fff24f30e32a975cba82529f3d3c36d4c49ea0de712f
pre-refit-b66-v3,canonical:vle_obs_0267,vle_obs_0267-pco2,Xu2011,100.0,0.4250085001700034,86000.0,81429.9510849209,evaluated,b66c7b962541a586f5ec50043a5e8b4e62cf52e24eaec02ef33f43e558762a58,868a501831b87e95dedf18ce40e9e7ac949f7c6a4aaf137f717cc493ecfcb7be,0ecaf30ec3147260f584fff24f30e32a975cba82529f3d3c36d4c49ea0de712f
pre-refit-b66-v3,canonical:vle_obs_0268,vle_obs_0268-pco2,Xu2011,100.0,0.501010020200404,167000.0,238855.52773154373,evaluated,b66c7b962541a586f5ec50043a5e8b4e62cf52e24eaec02ef33f43e558762a58,868a501831b87e95dedf18ce40e9e7ac949f7c6a4aaf137f717cc493ecfcb7be,0ecaf30ec3147260f584fff24f30e32a975cba82529f3d3c36d4c49ea0de712f
pre-refit-b66-v3,canonical:vle_obs_0269,vle_obs_0269-pco2,Xu2011,100.0,0.5200104002080042,233000.0,298666.0285196093,evaluated,b66c7b962541a586f5ec50043a5e8b4e62cf52e24eaec02ef33f43e558762a58,868a501831b87e95dedf18ce40e9e7ac949f7c6a4aaf137f717cc493ecfcb7be,0ecaf30ec3147260f584fff24f30e32a975cba82529f3d3c36d4c49ea0de712f
pre-refit-b66-v3,canonical:vle_obs_0270,vle_obs_0270-pco2,Xu2011,100.0,0.3150063001260025,16000.0,13559.503014257782,evaluated,b66c7b962541a586f5ec50043a5e8b4e62cf52e24eaec02ef33f43e558762a58,868a501831b87e95dedf18ce40e9e7ac949f7c6a4aaf137f717cc493ecfcb7be,0ecaf30ec3147260f584fff24f30e32a975cba82529f3d3c36d4c49ea0de712f
pre-refit-b66-v3,canonical:vle_obs_0271,vle_obs_0271-pco2,Xu2011,100.0,0.47500950019000376,95000.0,170370.39912998758,evaluated,b66c7b962541a586f5ec50043a5e8b4e62cf52e24eaec02ef33f43e558762a58,868a501831b87e95dedf18ce40e9e7ac949f7c6a4aaf137f717cc493ecfcb7be,0ecaf30ec3147260f584fff24f30e32a975cba82529f3d3c36d4c49ea0de712f
pre-refit-b66-v3,canonical:vle_obs_0272,vle_obs_0272-pco2,Xu2011,100.0,0.3150063001260025,12000.0,13559.503014257782,evaluated,b66c7b962541a586f5ec50043a5e8b4e62cf52e24eaec02ef33f43e558762a58,868a501831b87e95dedf18ce40e9e7ac949f7c6a4aaf137f717cc493ecfcb7be,0ecaf30ec3147260f584fff24f30e32a975cba82529f3d3c36d4c49ea0de712f
pre-refit-b66-v3,canonical:vle_obs_0279,vle_obs_0279-pco2,Xu2011,120.0,0.370007400148003,63000.0,135492.11333108673,evaluated,b66c7b962541a586f5ec50043a5e8b4e62cf52e24eaec02ef33f43e558762a58,868a501831b87e95dedf18ce40e9e7ac949f7c6a4aaf137f717cc493ecfcb7be,0ecaf30ec3147260f584fff24f30e32a975cba82529f3d3c36d4c49ea0de712f
pre-refit-b66-v3,canonical:vle_obs_0280,vle_obs_0280-pco2,Xu2011,120.0,0.3850077001540031,108000.0,168654.16779901527,evaluated,b66c7b962541a586f5ec50043a5e8b4e62cf52e24eaec02ef33f43e558762a58,868a501831b87e95dedf18ce40e9e7ac949f7c6a4aaf137f717cc493ecfcb7be,0ecaf30ec3147260f584fff24f30e32a975cba82529f3d3c36d4c49ea0de712f
pre-refit-b66-v3,canonical:vle_obs_0281,vle_obs_0281-pco2,Xu2011,120.0,0.3870077401548031,62000.0,173575.19982023025,evaluated,b66c7b962541a586f5ec50043a5e8b4e62cf52e24eaec02ef33f43e558762a58,868a501831b87e95dedf18ce40e9e7ac949f7c6a4aaf137f717cc493ecfcb7be,0ecaf30ec3147260f584fff24f30e32a975cba82529f3d3c36d4c49ea0de712f
pre-refit-b66-v3,canonical:vle_obs_0282,vle_obs_0282-pco2,Xu2011,120.0,0.42200844016880334,237000.0,281226.61074907007,evaluated,b66c7b962541a586f5ec50043a5e8b4e62cf52e24eaec02ef33f43e558762a58,868a501831b87e95dedf18ce40e9e7ac949f7c6a4aaf137f717cc493ecfcb7be,0ecaf30ec3147260f584fff24f30e32a975cba82529f3d3c36d4c49ea0de712f
pre-refit-b66-v3,canonical:vle_obs_0283,vle_obs_0283-pco2,Xu2011,120.0,0.4230084601692034,192000.0,284941.9300770197,evaluated,b66c7b962541a586f5ec50043a5e8b4e62cf52e24eaec02ef33f43e558762a58,868a501831b87e95dedf18ce40e9e7ac949f7c6a4aaf137f717cc493ecfcb7be,0ecaf30ec3147260f584fff24f30e32a975cba82529f3d3c36d4c49ea0de712f
pre-refit-b66-v3,canonical:vle_obs_0284,vle_obs_0284-pco2,Xu2011,120.0,0.49200984019680394,387000.0,630833.1621469035,evaluated,b66c7b962541a586f5ec50043a5e8b4e62cf52e24eaec02ef33f43e558762a58,868a501831b87e95dedf18ce40e9e7ac949f7c6a4aaf137f717cc493ecfcb7be,0ecaf30ec3147260f584fff24f30e32a975cba82529f3d3c36d4c49ea0de712f
pre-refit-b66-v3,canonical:vle_obs_0285,vle_obs_0285-pco2,Xu2011,120.0,0.5080101602032041,512000.0,734028.137257532,evaluated,b66c7b962541a586f5ec50043a5e8b4e62cf52e24eaec02ef33f43e558762a58,868a501831b87e95dedf18ce40e9e7ac949f7c6a4aaf137f717cc493ecfcb7be,0ecaf30ec3147260f584fff24f30e32a975cba82529f3d3c36d4c49ea0de712f
pre-refit-b66-v3,canonical:vle_obs_0286,vle_obs_0286-pco2,Xu2011,120.0,0.3140062801256025,50000.0,57816.458258612576,evaluated,b66c7b962541a586f5ec50043a5e8b4e62cf52e24eaec02ef33f43e558762a58,868a501831b87e95dedf18ce40e9e7ac949f7c6a4aaf137f717cc493ecfcb7be,0ecaf30ec3147260f584fff24f30e32a975cba82529f3d3c36d4c49ea0de712f
pre-refit-b66-v3,canonical:vle_obs_0287,vle_obs_0287-pco2,Xu2011,120.0,0.4670093401868038,283000.0,485663.9639201473,evaluated,b66c7b962541a586f5ec50043a5e8b4e62cf52e24eaec02ef33f43e558762a58,868a501831b87e95dedf18ce40e9e7ac949f7c6a4aaf137f717cc493ecfcb7be,0ecaf30ec3147260f584fff24f30e32a975cba82529f3d3c36d4c49ea0de712f
pre-refit-b66-v3,canonical:vle_obs_0288,vle_obs_0288-pco2,Xu2011,120.0,0.3140062801256025,45000.0,57816.458258612576,evaluated,b66c7b962541a586f5ec50043a5e8b4e62cf52e24eaec02ef33f43e558762a58,868a501831b87e95dedf18ce40e9e7ac949f7c6a4aaf137f717cc493ecfcb7be,0ecaf30ec3147260f584fff24f30e32a975cba82529f3d3c36d4c49ea0de712f
incumbent-R4-C-b66-v3,vle_obs_0119,vle_obs_0119-pco2,Hilliard2008,40.0,0.15290305806116122,5.7,5.269583274596632,evaluated,b66c7b962541a586f5ec50043a5e8b4e62cf52e24eaec02ef33f43e558762a58,868a501831b87e95dedf18ce40e9e7ac949f7c6a4aaf137f717cc493ecfcb7be,0ecaf30ec3147260f584fff24f30e32a975cba82529f3d3c36d4c49ea0de712f
incumbent-R4-C-b66-v3,vle_obs_0120,vle_obs_0120-pco2,Hilliard2008,40.0,0.16290325806516132,6.64,6.233741874369133,evaluated,b66c7b962541a586f5ec50043a5e8b4e62cf52e24eaec02ef33f43e558762a58,868a501831b87e95dedf18ce40e9e7ac949f7c6a4aaf137f717cc493ecfcb7be,0ecaf30ec3147260f584fff24f30e32a975cba82529f3d3c36d4c49ea0de712f
incumbent-R4-C-b66-v3,vle_obs_0121,vle_obs_0121-pco2,Hilliard2008,40.0,0.1699033980679614,7.21,6.99274074514969,evaluated,b66c7b962541a586f5ec50043a5e8b4e62cf52e24eaec02ef33f43e558762a58,868a501831b87e95dedf18ce40e9e7ac949f7c6a4aaf137f717cc493ecfcb7be,0ecaf30ec3147260f584fff24f30e32a975cba82529f3d3c36d4c49ea0de712f
incumbent-R4-C-b66-v3,vle_obs_0122,vle_obs_0122-pco2,Hilliard2008,40.0,0.19090381807636156,9.950000000000001,9.766615400782527,evaluated,b66c7b962541a586f5ec50043a5e8b4e62cf52e24eaec02ef33f43e558762a58,868a501831b87e95dedf18ce40e9e7ac949f7c6a4aaf137f717cc493ecfcb7be,0ecaf30ec3147260f584fff24f30e32a975cba82529f3d3c36d4c49ea0de712f
incumbent-R4-C-b66-v3,vle_obs_0123,vle_obs_0123-pco2,Hilliard2008,40.0,0.19390387807756157,9.85,10.233304956707777,evaluated,b66c7b962541a586f5ec50043a5e8b4e62cf52e24eaec02ef33f43e558762a58,868a501831b87e95dedf18ce40e9e7ac949f7c6a4aaf137f717cc493ecfcb7be,0ecaf30ec3147260f584fff24f30e32a975cba82529f3d3c36d4c49ea0de712f
incumbent-R4-C-b66-v3,vle_obs_0124,vle_obs_0124-pco2,Hilliard2008,40.0,0.23190463809276188,14.6,18.226084831315294,evaluated,b66c7b962541a586f5ec50043a5e8b4e62cf52e24eaec02ef33f43e558762a58,868a501831b87e95dedf18ce40e9e7ac949f7c6a4aaf137f717cc493ecfcb7be,0ecaf30ec3147260f584fff24f30e32a975cba82529f3d3c36d4c49ea0de712f
incumbent-R4-C-b66-v3,vle_obs_0125,vle_obs_0125-pco2,Hilliard2008,40.0,0.24590491809836199,19.099999999999998,22.464951051353598,evaluated,b66c7b962541a586f5ec50043a5e8b4e62cf52e24eaec02ef33f43e558762a58,868a501831b87e95dedf18ce40e9e7ac949f7c6a4aaf137f717cc493ecfcb7be,0ecaf30ec3147260f584fff24f30e32a975cba82529f3d3c36d4c49ea0de712f
incumbent-R4-C-b66-v3,vle_obs_0126,vle_obs_0126-pco2,Hilliard2008,40.0,0.2689053781075622,23.099999999999998,31.676323885601754,evaluated,b66c7b962541a586f5ec50043a5e8b4e62cf52e24eaec02ef33f43e558762a58,868a501831b87e95dedf18ce40e9e7ac949f7c6a4aaf137f717cc493ecfcb7be,0ecaf30ec3147260f584fff24f30e32a975cba82529f3d3c36d4c49ea0de712f
incumbent-R4-C-b66-v3,vle_obs_0127,vle_obs_0127-pco2,Hilliard2008,40.0,0.2719054381087622,22.4,33.13495750829762,evaluated,b66c7b962541a586f5ec50043a5e8b4e62cf52e24eaec02ef33f43e558762a58,868a501831b87e95dedf18ce40e9e7ac949f7c6a4aaf137f717cc493ecfcb7be,0ecaf30ec3147260f584fff24f30e32a975cba82529f3d3c36d4c49ea0de712f
incumbent-R4-C-b66-v3,vle_obs_0128,vle_obs_0128-pco2,Hilliard2008,40.0,0.32590651813036264,48.5,76.24995846911705,evaluated,b66c7b962541a586f5ec50043a5e8b4e62cf52e24eaec02ef33f43e558762a58,868a501831b87e95dedf18ce40e9e7ac949f7c6a4aaf137f717cc493ecfcb7be,0ecaf30ec3147260f584fff24f30e32a975cba82529f3d3c36d4c49ea0de712f
incumbent-R4-C-b66-v3,vle_obs_0129,vle_obs_0129-pco2,Hilliard2008,40.0,0.3479069581391628,66.19999999999999,109.38331269330456,evaluated,b66c7b962541a586f5ec50043a5e8b4e62cf52e24eaec02ef33f43e558762a58,868a501831b87e95dedf18ce40e9e7ac949f7c6a4aaf137f717cc493ecfcb7be,0ecaf30ec3147260f584fff24f30e32a975cba82529f3d3c36d4c49ea0de712f
incumbent-R4-C-b66-v3,vle_obs_0130,vle_obs_0130-pco2,Hilliard2008,40.0,0.3499069981399628,72.1,113.13102358376409,evaluated,b66c7b962541a586f5ec50043a5e8b4e62cf52e24eaec02ef33f43e558762a58,868a501831b87e95dedf18ce40e9e7ac949f7c6a4aaf137f717cc493ecfcb7be,0ecaf30ec3147260f584fff24f30e32a975cba82529f3d3c36d4c49ea0de712f
incumbent-R4-C-b66-v3,vle_obs_0131,vle_obs_0131-pco2,Hilliard2008,40.0,0.3599071981439629,96.60000000000001,134.22744740280413,evaluated,b66c7b962541a586f5ec50043a5e8b4e62cf52e24eaec02ef33f43e558762a58,868a501831b87e95dedf18ce40e9e7ac949f7c6a4aaf137f717cc493ecfcb7be,0ecaf30ec3147260f584fff24f30e32a975cba82529f3d3c36d4c49ea0de712f
incumbent-R4-C-b66-v3,vle_obs_0132,vle_obs_0132-pco2,Hilliard2008,40.0,0.3819076381527631,131.0,198.89733687190906,evaluated,b66c7b962541a586f5ec50043a5e8b4e62cf52e24eaec02ef33f43e558762a58,868a501831b87e95dedf18ce40e9e7ac949f7c6a4aaf137f717cc493ecfcb7be,0ecaf30ec3147260f584fff24f30e32a975cba82529f3d3c36d4c49ea0de712f
incumbent-R4-C-b66-v3,vle_obs_0133,vle_obs_0133-pco2,Hilliard2008,40.0,0.3859077181543631,120.0,214.25348347484504,evaluated,b66c7b962541a586f5ec50043a5e8b4e62cf52e24eaec02ef33f43e558762a58,868a501831b87e95dedf18ce40e9e7ac949f7c6a4aaf137f717cc493ecfcb7be,0ecaf30ec3147260f584fff24f30e32a975cba82529f3d3c36d4c49ea0de712f
incumbent-R4-C-b66-v3,vle_obs_0134,vle_obs_0134-pco2,Hilliard2008,40.0,0.38890777815556316,113.0,226.68829510344725,evaluated,b66c7b962541a586f5ec50043a5e8b4e62cf52e24eaec02ef33f43e558762a58,868a501831b87e95dedf18ce40e9e7ac949f7c6a4aaf137f717cc493ecfcb7be,0ecaf30ec3147260f584fff24f30e32a975cba82529f3d3c36d4c49ea0de712f
incumbent-R4-C-b66-v3,vle_obs_0135,vle_obs_0135-pco2,Hilliard2008,40.0,0.39990799815996325,128.0,280.16483580368515,evaluated,b66c7b962541a586f5ec50043a5e8b4e62cf52e24eaec02ef33f43e558762a58,868a501831b87e95dedf18ce40e9e7ac949f7c6a4aaf137f717cc493ecfcb7be,0ecaf30ec3147260f584fff24f30e32a975cba82529f3d3c36d4c49ea0de712f
incumbent-R4-C-b66-v3,vle_obs_0136,vle_obs_0136-pco2,Hilliard2008,40.0,0.46390927818556377,750.0,1148.5445677922044,evaluated,b66c7b962541a586f5ec50043a5e8b4e62cf52e24eaec02ef33f43e558762a58,868a501831b87e95dedf18ce40e9e7ac949f7c6a4aaf137f717cc493ecfcb7be,0ecaf30ec3147260f584fff24f30e32a975cba82529f3d3c36d4c49ea0de712f
incumbent-R4-C-b66-v3,vle_obs_0137,vle_obs_0137-pco2,Hilliard2008,40.0,0.4659093181863638,574.0,1206.1196967282413,evaluated,b66c7b962541a586f5ec50043a5e8b4e62cf52e24eaec02ef33f43e558762a58,868a501831b87e95dedf18ce40e9e7ac949f7c6a4aaf137f717cc493ecfcb7be,0ecaf30ec3147260f584fff24f30e32a975cba82529f3d3c36d4c49ea0de712f
incumbent-R4-C-b66-v3,vle_obs_0138,vle_obs_0138-pco2,Hilliard2008,40.0,0.48090961819236383,883.0,1750.8193750629437,evaluated,b66c7b962541a586f5ec50043a5e8b4e62cf52e24eaec02ef33f43e558762a58,868a501831b87e95dedf18ce40e9e7ac949f7c6a4aaf137f717cc493ecfcb7be,0ecaf30ec3147260f584fff24f30e32a975cba82529f3d3c36d4c49ea0de712f
incumbent-R4-C-b66-v3,vle_obs_0139,vle_obs_0139-pco2,Hilliard2008,40.0,0.4909098181963639,1100.0,2251.632254970602,evaluated,b66c7b962541a586f5ec50043a5e8b4e62cf52e24eaec02ef33f43e558762a58,868a501831b87e95dedf18ce40e9e7ac949f7c6a4aaf137f717cc493ecfcb7be,0ecaf30ec3147260f584fff24f30e32a975cba82529f3d3c36d4c49ea0de712f
incumbent-R4-C-b66-v3,vle_obs_0140,vle_obs_0140-pco2,Hilliard2008,40.0,0.5009100182003641,1870.0,2893.7820332616557,evaluated,b66c7b962541a586f5ec50043a5e8b4e62cf52e24eaec02ef33f43e558762a58,868a501831b87e95dedf18ce40e9e7ac949f7c6a4aaf137f717cc493ecfcb7be,0ecaf30ec3147260f584fff24f30e32a975cba82529f3d3c36d4c49ea0de712f
incumbent-R4-C-b66-v3,vle_obs_0141,vle_obs_0141-pco2,Hilliard2008,40.0,0.5179103582071641,3030.0,4390.612130320401,evaluated,b66c7b962541a586f5ec50043a5e8b4e62cf52e24eaec02ef33f43e558762a58,868a501831b87e95dedf18ce40e9e7ac949f7c6a4aaf137f717cc493ecfcb7be,0ecaf30ec3147260f584fff24f30e32a975cba82529f3d3c36d4c49ea0de712f
incumbent-R4-C-b66-v3,vle_obs_0142,vle_obs_0142-pco2,Hilliard2008,40.0,0.5909118182363647,28300.0,19153.39116650531,evaluated,b66c7b962541a586f5ec50043a5e8b4e62cf52e24eaec02ef33f43e558762a58,868a501831b87e95dedf18ce40e9e7ac949f7c6a4aaf137f717cc493ecfcb7be,0ecaf30ec3147260f584fff24f30e32a975cba82529f3d3c36d4c49ea0de712f
incumbent-R4-C-b66-v3,vle_obs_0143,vle_obs_0143-pco2,Hilliard2008,60.0,0.11390227804556091,19.400000000000002,15.089507351529496,evaluated,b66c7b962541a586f5ec50043a5e8b4e62cf52e24eaec02ef33f43e558762a58,868a501831b87e95dedf18ce40e9e7ac949f7c6a4aaf137f717cc493ecfcb7be,0ecaf30ec3147260f584fff24f30e32a975cba82529f3d3c36d4c49ea0de712f
incumbent-R4-C-b66-v3,vle_obs_0144,vle_obs_0144-pco2,Hilliard2008,60.0,0.19090381807636156,58.9,58.73400643552073,evaluated,b66c7b962541a586f5ec50043a5e8b4e62cf52e24eaec02ef33f43e558762a58,868a501831b87e95dedf18ce40e9e7ac949f7c6a4aaf137f717cc493ecfcb7be,0ecaf30ec3147260f584fff24f30e32a975cba82529f3d3c36d4c49ea0de712f
incumbent-R4-C-b66-v3,vle_obs_0145,vle_obs_0145-pco2,Hilliard2008,60.0,0.29090581811636235,209.0,274.3606469327821,evaluated,b66c7b962541a586f5ec50043a5e8b4e62cf52e24eaec02ef33f43e558762a58,868a501831b87e95dedf18ce40e9e7ac949f7c6a4aaf137f717cc493ecfcb7be,0ecaf30ec3147260f584fff24f30e32a975cba82529f3d3c36d4c49ea0de712f
incumbent-R4-C-b66-v3,vle_obs_0146,vle_obs_0146-pco2,Hilliard2008,60.0,0.3859077181543631,763.0,1341.3192018602676,evaluated,b66c7b962541a586f5ec50043a5e8b4e62cf52e24eaec02ef33f43e558762a58,868a501831b87e95dedf18ce40e9e7ac949f7c6a4aaf137f717cc493ecfcb7be,0ecaf30ec3147260f584fff24f30e32a975cba82529f3d3c36d4c49ea0de712f
incumbent-R4-C-b66-v3,vle_obs_0147,vle_obs_0147-pco2,Hilliard2008,60.0,0.4849096981939639,4860.0,10157.202764377005,evaluated,b66c7b962541a586f5ec50043a5e8b4e62cf52e24eaec02ef33f43e558762a58,868a501831b87e95dedf18ce40e9e7ac949f7c6a4aaf137f717cc493ecfcb7be,0ecaf30ec3147260f584fff24f30e32a975cba82529f3d3c36d4c49ea0de712f
incumbent-R4-C-b66-v3,vle_obs_0148,vle_obs_0148-pco2,Hilliard2008,60.0,0.5439108782175645,25800.0,33504.65031248332,evaluated,b66c7b962541a586f5ec50043a5e8b4e62cf52e24eaec02ef33f43e558762a58,868a501831b87e95dedf18ce40e9e7ac949f7c6a4aaf137f717cc493ecfcb7be,0ecaf30ec3147260f584fff24f30e32a975cba82529f3d3c36d4c49ea0de712f
incumbent-R4-C-b66-v3,vle_obs_0149,vle_obs_0149-pco2,Hilliard2008,60.0,0.5649112982259645,50200.0,48142.490450560705,evaluated,b66c7b962541a586f5ec50043a5e8b4e62cf52e24eaec02ef33f43e558762a58,868a501831b87e95dedf18ce40e9e7ac949f7c6a4aaf137f717cc493ecfcb7be,0ecaf30ec3147260f584fff24f30e32a975cba82529f3d3c36d4c49ea0de712f
incumbent-R4-C-b66-v3,vle_obs_0186,vle_obs_0186-pco2,Jou1995,40.0,0.08870177403548071,1.47,1.4800599021380276,evaluated,b66c7b962541a586f5ec50043a5e8b4e62cf52e24eaec02ef33f43e558762a58,868a501831b87e95dedf18ce40e9e7ac949f7c6a4aaf137f717cc493ecfcb7be,0ecaf30ec3147260f584fff24f30e32a975cba82529f3d3c36d4c49ea0de712f
incumbent-R4-C-b66-v3,vle_obs_0187,vle_obs_0187-pco2,Jou1995,40.0,0.20290405808116166,8.959999999999999,11.757012166189373,evaluated,b66c7b962541a586f5ec50043a5e8b4e62cf52e24eaec02ef33f43e558762a58,868a501831b87e95dedf18ce40e9e7ac949f7c6a4aaf137f717cc493ecfcb7be,0ecaf30ec3147260f584fff24f30e32a975cba82529f3d3c36d4c49ea0de712f
incumbent-R4-C-b66-v3,vle_obs_0188,vle_obs_0188-pco2,Jou1995,40.0,0.36490729814596295,67.7,146.45725432214968,evaluated,b66c7b962541a586f5ec50043a5e8b4e62cf52e24eaec02ef33f43e558762a58,868a501831b87e95dedf18ce40e9e7ac949f7c6a4aaf137f717cc493ecfcb7be,0ecaf30ec3147260f584fff24f30e32a975cba82529f3d3c36d4c49ea0de712f
incumbent-R4-C-b66-v3,vle_obs_0189,vle_obs_0189-pco2,Jou1995,40.0,0.4734094681893638,604.0,1451.567560016525,evaluated,b66c7b962541a586f5ec50043a5e8b4e62cf52e24eaec02ef33f43e558762a58,868a501831b87e95dedf18ce40e9e7ac949f7c6a4aaf137f717cc493ecfcb7be,0ecaf30ec3147260f584fff24f30e32a975cba82529f3d3c36d4c49ea0de712f
incumbent-R4-C-b66-v3,vle_obs_0190,vle_obs_0190-pco2,Jou1995,40.0,0.5129102582051641,2570.0,3891.162353884815,evaluated,b66c7b962541a586f5ec50043a5e8b4e62cf52e24eaec02ef33f43e558762a58,868a501831b87e95dedf18ce40e9e7ac949f7c6a4aaf137f717cc493ecfcb7be,0ecaf30ec3147260f584fff24f30e32a975cba82529f3d3c36d4c49ea0de712f
incumbent-R4-C-b66-v3,vle_obs_0191,vle_obs_0191-pco2,Jou1995,40.0,0.5569111382227645,8090.0,10371.282776416434,evaluated,b66c7b962541a586f5ec50043a5e8b4e62cf52e24eaec02ef33f43e558762a58,868a501831b87e95dedf18ce40e9e7ac949f7c6a4aaf137f717cc493ecfcb7be,0ecaf30ec3147260f584fff24f30e32a975cba82529f3d3c36d4c49ea0de712f
incumbent-R4-C-b66-v3,vle_obs_0192,vle_obs_0192-pco2,Jou1995,40.0,0.6089121782435649,36100.0,25301.218334638208,evaluated,b66c7b962541a586f5ec50043a5e8b4e62cf52e24eaec02ef33f43e558762a58,868a501831b87e95dedf18ce40e9e7ac949f7c6a4aaf137f717cc493ecfcb7be,0ecaf30ec3147260f584fff24f30e32a975cba82529f3d3c36d4c49ea0de712f
incumbent-R4-C-b66-v3,vle_obs_0193,vle_obs_0193-pco2,Jou1995,40.0,0.6419128382567652,103000.0,39417.60044363713,evaluated,b66c7b962541a586f5ec50043a5e8b4e62cf52e24eaec02ef33f43e558762a58,868a501831b87e95dedf18ce40e9e7ac949f7c6a4aaf137f717cc493ecfcb7be,0ecaf30ec3147260f584fff24f30e32a975cba82529f3d3c36d4c49ea0de712f
incumbent-R4-C-b66-v3,vle_obs_0194,vle_obs_0194-pco2,Jou1995,60.0,0.05630112602252045,4.28,3.412874424303311,evaluated,b66c7b962541a586f5ec50043a5e8b4e62cf52e24eaec02ef33f43e558762a58,868a501831b87e95dedf18ce40e9e7ac949f7c6a4aaf137f717cc493ecfcb7be,0ecaf30ec3147260f584fff24f30e32a975cba82529f3d3c36d4c49ea0de712f
incumbent-R4-C-b66-v3,vle_obs_0195,vle_obs_0195-pco2,Jou1995,60.0,0.11890237804756094,19.3,16.690910326503637,evaluated,b66c7b962541a586f5ec50043a5e8b4e62cf52e24eaec02ef33f43e558762a58,868a501831b87e95dedf18ce40e9e7ac949f7c6a4aaf137f717cc493ecfcb7be,0ecaf30ec3147260f584fff24f30e32a975cba82529f3d3c36d4c49ea0de712f
incumbent-R4-C-b66-v3,vle_obs_0196,vle_obs_0196-pco2,Jou1995,60.0,0.20590411808236164,57.9,74.39040366728179,evaluated,b66c7b962541a586f5ec50043a5e8b4e62cf52e24eaec02ef33f43e558762a58,868a501831b87e95dedf18ce40e9e7ac949f7c6a4aaf137f717cc493ecfcb7be,0ecaf30ec3147260f584fff24f30e32a975cba82529f3d3c36d4c49ea0de712f
incumbent-R4-C-b66-v3,vle_obs_0197,vle_obs_0197-pco2,Jou1995,60.0,0.38890777815556316,528.0,1417.5818847940282,evaluated,b66c7b962541a586f5ec50043a5e8b4e62cf52e24eaec02ef33f43e558762a58,868a501831b87e95dedf18ce40e9e7ac949f7c6a4aaf137f717cc493ecfcb7be,0ecaf30ec3147260f584fff24f30e32a975cba82529f3d3c36d4c49ea0de712f
incumbent-R4-C-b66-v3,vle_obs_0198,vle_obs_0198-pco2,Jou1995,60.0,0.4379087581751635,2009.9999999999998,3713.5242989778117,evaluated,b66c7b962541a586f5ec50043a5e8b4e62cf52e24eaec02ef33f43e558762a58,868a501831b87e95dedf18ce40e9e7ac949f7c6a4aaf137f717cc493ecfcb7be,0ecaf30ec3147260f584fff24f30e32a975cba82529f3d3c36d4c49ea0de712f
incumbent-R4-C-b66-v3,vle_obs_0199,vle_obs_0199-pco2,Jou1995,60.0,0.5039100782015641,11000.0,15234.138301341181,evaluated,b66c7b962541a586f5ec50043a5e8b4e62cf52e24eaec02ef33f43e558762a58,868a501831b87e95dedf18ce40e9e7ac949f7c6a4aaf137f717cc493ecfcb7be,0ecaf30ec3147260f584fff24f30e32a975cba82529f3d3c36d4c49ea0de712f
incumbent-R4-C-b66-v3,vle_obs_0200,vle_obs_0200-pco2,Jou1995,60.0,0.5609112182243645,34000.0,45063.7321987735,evaluated,b66c7b962541a586f5ec50043a5e8b4e62cf52e24eaec02ef33f43e558762a58,868a501831b87e95dedf18ce40e9e7ac949f7c6a4aaf137f717cc493ecfcb7be,0ecaf30ec3147260f584fff24f30e32a975cba82529f3d3c36d4c49ea0de712f
incumbent-R4-C-b66-v3,vle_obs_0201,vle_obs_0201-pco2,Jou1995,60.0,0.5789115782315646,82000.0,60018.551896370125,evaluated,b66c7b962541a586f5ec50043a5e8b4e62cf52e24eaec02ef33f43e558762a58,868a501831b87e95dedf18ce40e9e7ac949f7c6a4aaf137f717cc493ecfcb7be,0ecaf30ec3147260f584fff24f30e32a975cba82529f3d3c36d4c49ea0de712f
incumbent-R4-C-b66-v3,vle_obs_0202,vle_obs_0202-pco2,Jou1995,60.0,0.6679133582671654,282000.0,174706.91347892987,evaluated,b66c7b962541a586f5ec50043a5e8b4e62cf52e24eaec02ef33f43e558762a58,868a501831b87e95dedf18ce40e9e7ac949f7c6a4aaf137f717cc493ecfcb7be,0ecaf30ec3147260f584fff24f30e32a975cba82529f3d3c36d4c49ea0de712f
incumbent-R4-C-b66-v3,vle_obs_0203,vle_obs_0203-pco2,Jou1995,80.0,0.01730034600692014,2.96,1.9987999377483499,evaluated,b66c7b962541a586f5ec50043a5e8b4e62cf52e24eaec02ef33f43e558762a58,868a501831b87e95dedf18ce40e9e7ac949f7c6a4aaf137f717cc493ecfcb7be,0ecaf30ec3147260f584fff24f30e32a975cba82529f3d3c36d4c49ea0de712f
incumbent-R4-C-b66-v3,vle_obs_0204,vle_obs_0204-pco2,Jou1995,80.0,0.023500470009400188,4.84,3.4732988289669424,evaluated,b66c7b962541a586f5ec50043a5e8b4e62cf52e24eaec02ef33f43e558762a58,868a501831b87e95dedf18ce40e9e7ac949f7c6a4aaf137f717cc493ecfcb7be,0ecaf30ec3147260f584fff24f30e32a975cba82529f3d3c36d4c49ea0de712f
incumbent-R4-C-b66-v3,vle_obs_0205,vle_obs_0205-pco2,Jou1995,80.0,0.07800156003120062,46.5,34.461176163794185,evaluated,b66c7b962541a586f5ec50043a5e8b4e62cf52e24eaec02ef33f43e558762a58,868a501831b87e95dedf18ce40e9e7ac949f7c6a4aaf137f717cc493ecfcb7be,0ecaf30ec3147260f584fff24f30e32a975cba82529f3d3c36d4c49ea0de712f
incumbent-R4-C-b66-v3,vle_obs_0206,vle_obs_0206-pco2,Jou1995,80.0,0.11790235804716094,99.2,86.3360206919123,evaluated,b66c7b962541a586f5ec50043a5e8b4e62cf52e24eaec02ef33f43e558762a58,868a501831b87e95dedf18ce40e9e7ac949f7c6a4aaf137f717cc493ecfcb7be,0ecaf30ec3147260f584fff24f30e32a975cba82529f3d3c36d4c49ea0de712f
incumbent-R4-C-b66-v3,vle_obs_0207,vle_obs_0207-pco2,Jou1995,80.0,0.18690373807476152,278.0,294.7610700991672,evaluated,b66c7b962541a586f5ec50043a5e8b4e62cf52e24eaec02ef33f43e558762a58,868a501831b87e95dedf18ce40e9e7ac949f7c6a4aaf137f717cc493ecfcb7be,0ecaf30ec3147260f584fff24f30e32a975cba82529f3d3c36d4c49ea0de712f
incumbent-R4-C-b66-v3,vle_obs_0208,vle_obs_0208-pco2,Jou1995,80.0,0.3479069581391628,2670.0,3733.188720259616,evaluated,b66c7b962541a586f5ec50043a5e8b4e62cf52e24eaec02ef33f43e558762a58,868a501831b87e95dedf18ce40e9e7ac949f7c6a4aaf137f717cc493ecfcb7be,0ecaf30ec3147260f584fff24f30e32a975cba82529f3d3c36d4c49ea0de712f
incumbent-R4-C-b66-v3,vle_obs_0209,vle_obs_0209-pco2,Jou1995,80.0,0.4599091981839637,16000.0,28519.524480311433,evaluated,b66c7b962541a586f5ec50043a5e8b4e62cf52e24eaec02ef33f43e558762a58,868a501831b87e95dedf18ce40e9e7ac949f7c6a4aaf137f717cc493ecfcb7be,0ecaf30ec3147260f584fff24f30e32a975cba82529f3d3c36d4c49ea0de712f
incumbent-R4-C-b66-v3,vle_obs_0210,vle_obs_0210-pco2,Jou1995,80.0,0.5169103382067641,56000.0,81210.23425419991,evaluated,b66c7b962541a586f5ec50043a5e8b4e62cf52e24eaec02ef33f43e558762a58,868a501831b87e95dedf18ce40e9e7ac949f7c6a4aaf137f717cc493ecfcb7be,0ecaf30ec3147260f584fff24f30e32a975cba82529f3d3c36d4c49ea0de712f
incumbent-R4-C-b66-v3,vle_obs_0211,vle_obs_0211-pco2,Jou1995,80.0,0.5784115682313646,235000.0,202081.72463374696,evaluated,b66c7b962541a586f5ec50043a5e8b4e62cf52e24eaec02ef33f43e558762a58,868a501831b87e95dedf18ce40e9e7ac949f7c6a4aaf137f717cc493ecfcb7be,0ecaf30ec3147260f584fff24f30e32a975cba82529f3d3c36d4c49ea0de712f
incumbent-R4-C-b66-v3,vle_obs_0212,vle_obs_0212-pco2,Jou1995,80.0,0.6399127982559651,558000.0,387329.03679317486,evaluated,b66c7b962541a586f5ec50043a5e8b4e62cf52e24eaec02ef33f43e558762a58,868a501831b87e95dedf18ce40e9e7ac949f7c6a4aaf137f717cc493ecfcb7be,0ecaf30ec3147260f584fff24f30e32a975cba82529f3d3c36d4c49ea0de712f
incumbent-R4-C-b66-v3,vle_obs_0213,vle_obs_0213-pco2,Jou1995,80.0,0.6889137782755654,958000.0,565488.7384127862,evaluated,b66c7b962541a586f5ec50043a5e8b4e62cf52e24eaec02ef33f43e558762a58,868a501831b87e95dedf18ce40e9e7ac949f7c6a4aaf137f717cc493ecfcb7be,0ecaf30ec3147260f584fff24f30e32a975cba82529f3d3c36d4c49ea0de712f
incumbent-R4-C-b66-v3,vle_obs_0214,vle_obs_0214-pco2,Jou1995,100.0,0.011600232004640094,7.24,4.6615596071535315,evaluated,b66c7b962541a586f5ec50043a5e8b4e62cf52e24eaec02ef33f43e558762a58,868a501831b87e95dedf18ce40e9e7ac949f7c6a4aaf137f717cc493ecfcb7be,0ecaf30ec3147260f584fff24f30e32a975cba82529f3d3c36d4c49ea0de712f
incumbent-R4-C-b66-v3,vle_obs_0215,vle_obs_0215-pco2,Jou1995,100.0,0.056501130022600446,136.0,85.59095023331808,evaluated,b66c7b962541a586f5ec50043a5e8b4e62cf52e24eaec02ef33f43e558762a58,868a501831b87e95dedf18ce40e9e7ac949f7c6a4aaf137f717cc493ecfcb7be,0ecaf30ec3147260f584fff24f30e32a975cba82529f3d3c36d4c49ea0de712f
incumbent-R4-C-b66-v3,vle_obs_0216,vle_obs_0216-pco2,Jou1995,100.0,0.18790375807516152,1430.0,1451.243444399066,evaluated,b66c7b962541a586f5ec50043a5e8b4e62cf52e24eaec02ef33f43e558762a58,868a501831b87e95dedf18ce40e9e7ac949f7c6a4aaf137f717cc493ecfcb7be,0ecaf30ec3147260f584fff24f30e32a975cba82529f3d3c36d4c49ea0de712f
incumbent-R4-C-b66-v3,vle_obs_0217,vle_obs_0217-pco2,Jou1995,100.0,0.38090761815236307,19000.0,30871.326377473684,evaluated,b66c7b962541a586f5ec50043a5e8b4e62cf52e24eaec02ef33f43e558762a58,868a501831b87e95dedf18ce40e9e7ac949f7c6a4aaf137f717cc493ecfcb7be,0ecaf30ec3147260f584fff24f30e32a975cba82529f3d3c36d4c49ea0de712f
incumbent-R4-C-b66-v3,vle_obs_0218,vle_obs_0218-pco2,Jou1995,100.0,0.4219084381687634,39000.0,61764.68550297686,evaluated,b66c7b962541a586f5ec50043a5e8b4e62cf52e24eaec02ef33f43e558762a58,868a501831b87e95dedf18ce40e9e7ac949f7c6a4aaf137f717cc493ecfcb7be,0ecaf30ec3147260f584fff24f30e32a975cba82529f3d3c36d4c49ea0de712f
incumbent-R4-C-b66-v3,vle_obs_0219,vle_obs_0219-pco2,Jou1995,100.0,0.4769095381907638,69000.0,153608.12658701395,evaluated,b66c7b962541a586f5ec50043a5e8b4e62cf52e24eaec02ef33f43e558762a58,868a501831b87e95dedf18ce40e9e7ac949f7c6a4aaf137f717cc493ecfcb7be,0ecaf30ec3147260f584fff24f30e32a975cba82529f3d3c36d4c49ea0de712f
incumbent-R4-C-b66-v3,vle_obs_0220,vle_obs_0220-pco2,Jou1995,100.0,0.48090961819236383,109000.0,163529.8757629906,evaluated,b66c7b962541a586f5ec50043a5e8b4e62cf52e24eaec02ef33f43e558762a58,868a501831b87e95dedf18ce40e9e7ac949f7c6a4aaf137f717cc493ecfcb7be,0ecaf30ec3147260f584fff24f30e32a975cba82529f3d3c36d4c49ea0de712f
incumbent-R4-C-b66-v3,vle_obs_0221,vle_obs_0221-pco2,Jou1995,100.0,0.5709114182283646,509000.0,522014.50303355145,evaluated,b66c7b962541a586f5ec50043a5e8b4e62cf52e24eaec02ef33f43e558762a58,868a501831b87e95dedf18ce40e9e7ac949f7c6a4aaf137f717cc493ecfcb7be,0ecaf30ec3147260f584fff24f30e32a975cba82529f3d3c36d4c49ea0de712f
incumbent-R4-C-b66-v3,vle_obs_0222,vle_obs_0222-pco2,Jou1995,100.0,0.5889117782355647,376000.0,620287.8301085638,evaluated,b66c7b962541a586f5ec50043a5e8b4e62cf52e24eaec02ef33f43e558762a58,868a501831b87e95dedf18ce40e9e7ac949f7c6a4aaf137f717cc493ecfcb7be,0ecaf30ec3147260f584fff24f30e32a975cba82529f3d3c36d4c49ea0de712f
incumbent-R4-C-b66-v3,vle_obs_0223,vle_obs_0223-pco2,Jou1995,100.0,0.613412268245365,909000.0,763306.1965000811,evaluated,b66c7b962541a586f5ec50043a5e8b4e62cf52e24eaec02ef33f43e558762a58,868a501831b87e95dedf18ce40e9e7ac949f7c6a4aaf137f717cc493ecfcb7be,0ecaf30ec3147260f584fff24f30e32a975cba82529f3d3c36d4c49ea0de712f
incumbent-R4-C-b66-v3,vle_obs_0224,vle_obs_0224-pco2,Jou1995,120.0,0.003230064601292026,2.02,2.1930637396833723,evaluated,b66c7b962541a586f5ec50043a5e8b4e62cf52e24eaec02ef33f43e558762a58,868a501831b87e95dedf18ce40e9e7ac949f7c6a4aaf137f717cc493ecfcb7be,0ecaf30ec3147260f584fff24f30e32a975cba82529f3d3c36d4c49ea0de712f
incumbent-R4-C-b66-v3,vle_obs_0225,vle_obs_0225-pco2,Jou1995,120.0,0.011100222004440089,22.1,18.972509019934506,evaluated,b66c7b962541a586f5ec50043a5e8b4e62cf52e24eaec02ef33f43e558762a58,868a501831b87e95dedf18ce40e9e7ac949f7c6a4aaf137f717cc493ecfcb7be,0ecaf30ec3147260f584fff24f30e32a975cba82529f3d3c36d4c49ea0de712f
incumbent-R4-C-b66-v3,vle_obs_0226,vle_obs_0226-pco2,Jou1995,120.0,0.024600492009840196,98.4,79.04582212666438,evaluated,b66c7b962541a586f5ec50043a5e8b4e62cf52e24eaec02ef33f43e558762a58,868a501831b87e95dedf18ce40e9e7ac949f7c6a4aaf137f717cc493ecfcb7be,0ecaf30ec3147260f584fff24f30e32a975cba82529f3d3c36d4c49ea0de712f
incumbent-R4-C-b66-v3,vle_obs_0227,vle_obs_0227-pco2,Jou1995,120.0,0.11890237804756094,2290.0,1870.0794615698735,evaluated,b66c7b962541a586f5ec50043a5e8b4e62cf52e24eaec02ef33f43e558762a58,868a501831b87e95dedf18ce40e9e7ac949f7c6a4aaf137f717cc493ecfcb7be,0ecaf30ec3147260f584fff24f30e32a975cba82529f3d3c36d4c49ea0de712f
incumbent-R4-C-b66-v3,vle_obs_0228,vle_obs_0228-pco2,Jou1995,120.0,0.3489069781395628,46800.0,77189.06941652086,evaluated,b66c7b962541a586f5ec50043a5e8b4e62cf52e24eaec02ef33f43e558762a58,868a501831b87e95dedf18ce40e9e7ac949f7c6a4aaf137f717cc493ecfcb7be,0ecaf30ec3147260f584fff24f30e32a975cba82529f3d3c36d4c49ea0de712f
incumbent-R4-C-b66-v3,vle_obs_0229,vle_obs_0229-pco2,Jou1995,120.0,0.4114082281645633,122000.0,197979.06727575848,evaluated,b66c7b962541a586f5ec50043a5e8b4e62cf52e24eaec02ef33f43e558762a58,868a501831b87e95dedf18ce40e9e7ac949f7c6a4aaf137f717cc493ecfcb7be,0ecaf30ec3147260f584fff24f30e32a975cba82529f3d3c36d4c49ea0de712f
incumbent-R4-C-b66-v3,vle_obs_0230,vle_obs_0230-pco2,Jou1995,120.0,0.4439088781775636,222000.0,313311.3503036697,evaluated,b66c7b962541a586f5ec50043a5e8b4e62cf52e24eaec02ef33f43e558762a58,868a501831b87e95dedf18ce40e9e7ac949f7c6a4aaf137f717cc493ecfcb7be,0ecaf30ec3147260f584fff24f30e32a975cba82529f3d3c36d4c49ea0de712f
incumbent-R4-C-b66-v3,vle_obs_0231,vle_obs_0231-pco2,Jou1995,120.0,0.4729094581891638,422000.0,455509.5895366392,evaluated,b66c7b962541a586f5ec50043a5e8b4e62cf52e24eaec02ef33f43e558762a58,868a501831b87e95dedf18ce40e9e7ac949f7c6a4aaf137f717cc493ecfcb7be,0ecaf30ec3147260f584fff24f30e32a975cba82529f3d3c36d4c49ea0de712f
incumbent-R4-C-b66-v3,vle_obs_0232,vle_obs_0232-pco2,Jou1995,120.0,0.5359107182143643,822000.0,887140.8974596182,evaluated,b66c7b962541a586f5ec50043a5e8b4e62cf52e24eaec02ef33f43e558762a58,868a501831b87e95dedf18ce40e9e7ac949f7c6a4aaf137f717cc493ecfcb7be,0ecaf30ec3147260f584fff24f30e32a975cba82529f3d3c36d4c49ea0de712f
incumbent-R4-C-b66-v3,vle_obs_0233,vle_obs_0233-pco2,Jou1995,120.0,0.6389127782555651,2804000.0,1805759.2591385662,evaluated,b66c7b962541a586f5ec50043a5e8b4e62cf52e24eaec02ef33f43e558762a58,868a501831b87e95dedf18ce40e9e7ac949f7c6a4aaf137f717cc493ecfcb7be,0ecaf30ec3147260f584fff24f30e32a975cba82529f3d3c36d4c49ea0de712f
incumbent-R4-C-b66-v3,Bottinger2008_state_030,Bottinger2008_state_030::MEA + MEAH+,Bottinger2008,20.0,0.0749014980299606,0.1054,0.10401072120449217,evaluated,b66c7b962541a586f5ec50043a5e8b4e62cf52e24eaec02ef33f43e558762a58,868a501831b87e95dedf18ce40e9e7ac949f7c6a4aaf137f717cc493ecfcb7be,0ecaf30ec3147260f584fff24f30e32a975cba82529f3d3c36d4c49ea0de712f
incumbent-R4-C-b66-v3,Bottinger2008_state_030,Bottinger2008_state_030::MEACOO-,Bottinger2008,20.0,0.0749014980299606,0.0086,0.008208147487972276,evaluated,b66c7b962541a586f5ec50043a5e8b4e62cf52e24eaec02ef33f43e558762a58,868a501831b87e95dedf18ce40e9e7ac949f7c6a4aaf137f717cc493ecfcb7be,0ecaf30ec3147260f584fff24f30e32a975cba82529f3d3c36d4c49ea0de712f
incumbent-R4-C-b66-v3,Bottinger2008_state_031,Bottinger2008_state_031::MEA + MEAH+,Bottinger2008,20.0,0.1499029980599612,0.0966,0.09593737165130808,evaluated,b66c7b962541a586f5ec50043a5e8b4e62cf52e24eaec02ef33f43e558762a58,868a501831b87e95dedf18ce40e9e7ac949f7c6a4aaf137f717cc493ecfcb7be,0ecaf30ec3147260f584fff24f30e32a975cba82529f3d3c36d4c49ea0de712f
incumbent-R4-C-b66-v3,Bottinger2008_state_031,Bottinger2008_state_031::MEACOO-,Bottinger2008,20.0,0.1499029980599612,0.0171,0.016281496347952815,evaluated,b66c7b962541a586f5ec50043a5e8b4e62cf52e24eaec02ef33f43e558762a58,868a501831b87e95dedf18ce40e9e7ac949f7c6a4aaf137f717cc493ecfcb7be,0ecaf30ec3147260f584fff24f30e32a975cba82529f3d3c36d4c49ea0de712f
incumbent-R4-C-b66-v3,Bottinger2008_state_032,Bottinger2008_state_032::MEA + MEAH+,Bottinger2008,20.0,0.2349046980939619,0.0871,0.08710793077480358,evaluated,b66c7b962541a586f5ec50043a5e8b4e62cf52e24eaec02ef33f43e558762a58,868a501831b87e95dedf18ce40e9e7ac949f7c6a4aaf137f717cc493ecfcb7be,0ecaf30ec3147260f584fff24f30e32a975cba82529f3d3c36d4c49ea0de712f
incumbent-R4-C-b66-v3,Bottinger2008_state_032,Bottinger2008_state_032::MEACOO-,Bottinger2008,20.0,0.2349046980939619,0.0267,0.02511093497371771,evaluated,b66c7b962541a586f5ec50043a5e8b4e62cf52e24eaec02ef33f43e558762a58,868a501831b87e95dedf18ce40e9e7ac949f7c6a4aaf137f717cc493ecfcb7be,0ecaf30ec3147260f584fff24f30e32a975cba82529f3d3c36d4c49ea0de712f
incumbent-R4-C-b66-v3,Bottinger2008_state_033,Bottinger2008_state_033::MEA + MEAH+,Bottinger2008,20.0,0.30890617812356247,0.078,0.07991878568933272,evaluated,b66c7b962541a586f5ec50043a5e8b4e62cf52e24eaec02ef33f43e558762a58,868a501831b87e95dedf18ce40e9e7ac949f7c6a4aaf137f717cc493ecfcb7be,0ecaf30ec3147260f584fff24f30e32a975cba82529f3d3c36d4c49ea0de712f
incumbent-R4-C-b66-v3,Bottinger2008_state_033,Bottinger2008_state_033::MEACOO-,Bottinger2008,20.0,0.30890617812356247,0.0349,0.032300074304773434,evaluated,b66c7b962541a586f5ec50043a5e8b4e62cf52e24eaec02ef33f43e558762a58,868a501831b87e95dedf18ce40e9e7ac949f7c6a4aaf137f717cc493ecfcb7be,0ecaf30ec3147260f584fff24f30e32a975cba82529f3d3c36d4c49ea0de712f
incumbent-R4-C-b66-v3,Bottinger2008_state_034,Bottinger2008_state_034::MEA + MEAH+,Bottinger2008,20.0,0.38790775815516315,0.0678,0.07321076705440274,evaluated,b66c7b962541a586f5ec50043a5e8b4e62cf52e24eaec02ef33f43e558762a58,868a501831b87e95dedf18ce40e9e7ac949f7c6a4aaf137f717cc493ecfcb7be,0ecaf30ec3147260f584fff24f30e32a975cba82529f3d3c36d4c49ea0de712f
incumbent-R4-C-b66-v3,Bottinger2008_state_034,Bottinger2008_state_034::MEACOO-,Bottinger2008,20.0,0.38790775815516315,0.043,0.03900807028298492,evaluated,b66c7b962541a586f5ec50043a5e8b4e62cf52e24eaec02ef33f43e558762a58,868a501831b87e95dedf18ce40e9e7ac949f7c6a4aaf137f717cc493ecfcb7be,0ecaf30ec3147260f584fff24f30e32a975cba82529f3d3c36d4c49ea0de712f
incumbent-R4-C-b66-v3,Bottinger2008_state_035,Bottinger2008_state_035::MEA + MEAH+,Bottinger2008,20.0,0.4739094781895638,0.062,0.06858779300794292,evaluated,b66c7b962541a586f5ec50043a5e8b4e62cf52e24eaec02ef33f43e558762a58,868a501831b87e95dedf18ce40e9e7ac949f7c6a4aaf137f717cc493ecfcb7be,0ecaf30ec3147260f584fff24f30e32a975cba82529f3d3c36d4c49ea0de712f
incumbent-R4-C-b66-v3,Bottinger2008_state_035,Bottinger2008_state_035::MEACOO-,Bottinger2008,20.0,0.4739094781895638,0.0493,0.043630839395193056,evaluated,b66c7b962541a586f5ec50043a5e8b4e62cf52e24eaec02ef33f43e558762a58,868a501831b87e95dedf18ce40e9e7ac949f7c6a4aaf137f717cc493ecfcb7be,0ecaf30ec3147260f584fff24f30e32a975cba82529f3d3c36d4c49ea0de712f
incumbent-R4-C-b66-v3,Bottinger2008_state_042,Bottinger2008_state_042::MEA + MEAH+,Bottinger2008,40.0,0.124902498049961,0.1009,0.09856495623630952,evaluated,b66c7b962541a586f5ec50043a5e8b4e62cf52e24eaec02ef33f43e558762a58,868a501831b87e95dedf18ce40e9e7ac949f7c6a4aaf137f717cc493ecfcb7be,0ecaf30ec3147260f584fff24f30e32a975cba82529f3d3c36d4c49ea0de712f
incumbent-R4-C-b66-v3,Bottinger2008_state_042,Bottinger2008_state_042::MEACOO-,Bottinger2008,40.0,0.124902498049961,0.0144,0.013653909652196343,evaluated,b66c7b962541a586f5ec50043a5e8b4e62cf52e24eaec02ef33f43e558762a58,868a501831b87e95dedf18ce40e9e7ac949f7c6a4aaf137f717cc493ecfcb7be,0ecaf30ec3147260f584fff24f30e32a975cba82529f3d3c36d4c49ea0de712f
incumbent-R4-C-b66-v3,Bottinger2008_state_043,Bottinger2008_state_043::MEA + MEAH+,Bottinger2008,40.0,0.20490409808196164,0.0934,0.09005239089442077,evaluated,b66c7b962541a586f5ec50043a5e8b4e62cf52e24eaec02ef33f43e558762a58,868a501831b87e95dedf18ce40e9e7ac949f7c6a4aaf137f717cc493ecfcb7be,0ecaf30ec3147260f584fff24f30e32a975cba82529f3d3c36d4c49ea0de712f
incumbent-R4-C-b66-v3,Bottinger2008_state_043,Bottinger2008_state_043::MEACOO-,Bottinger2008,40.0,0.20490409808196164,0.0241,0.022166466795459656,evaluated,b66c7b962541a586f5ec50043a5e8b4e62cf52e24eaec02ef33f43e558762a58,868a501831b87e95dedf18ce40e9e7ac949f7c6a4aaf137f717cc493ecfcb7be,0ecaf30ec3147260f584fff24f30e32a975cba82529f3d3c36d4c49ea0de712f
incumbent-R4-C-b66-v3,Bottinger2008_state_044,Bottinger2008_state_044::MEA + MEAH+,Bottinger2008,40.0,0.2359047180943619,0.0876,0.0868378656904526,evaluated,b66c7b962541a586f5ec50043a5e8b4e62cf52e24eaec02ef33f43e558762a58,868a501831b87e95dedf18ce40e9e7ac949f7c6a4aaf137f717cc493ecfcb7be,0ecaf30ec3147260f584fff24f30e32a975cba82529f3d3c36d4c49ea0de712f
incumbent-R4-C-b66-v3,Bottinger2008_state_044,Bottinger2008_state_044::MEACOO-,Bottinger2008,40.0,0.2359047180943619,0.0271,0.02538098546303806,evaluated,b66c7b962541a586f5ec50043a5e8b4e62cf52e24eaec02ef33f43e558762a58,868a501831b87e95dedf18ce40e9e7ac949f7c6a4aaf137f717cc493ecfcb7be,0ecaf30ec3147260f584fff24f30e32a975cba82529f3d3c36d4c49ea0de712f
incumbent-R4-C-b66-v3,Bottinger2008_state_045,Bottinger2008_state_045::MEA + MEAH+,Bottinger2008,40.0,0.2799055981119623,0.084,0.08239685003120134,evaluated,b66c7b962541a586f5ec50043a5e8b4e62cf52e24eaec02ef33f43e558762a58,868a501831b87e95dedf18ce40e9e7ac949f7c6a4aaf137f717cc493ecfcb7be,0ecaf30ec3147260f584fff24f30e32a975cba82529f3d3c36d4c49ea0de712f
incumbent-R4-C-b66-v3,Bottinger2008_state_045,Bottinger2008_state_045::MEACOO-,Bottinger2008,40.0,0.2799055981119623,0.0327,0.02982198498912664,evaluated,b66c7b962541a586f5ec50043a5e8b4e62cf52e24eaec02ef33f43e558762a58,868a501831b87e95dedf18ce40e9e7ac949f7c6a4aaf137f717cc493ecfcb7be,0ecaf30ec3147260f584fff24f30e32a975cba82529f3d3c36d4c49ea0de712f
incumbent-R4-C-b66-v3,Bottinger2008_state_046,Bottinger2008_state_046::MEA + MEAH+,Bottinger2008,40.0,0.34290685813716276,0.0758,0.07641986942120262,evaluated,b66c7b962541a586f5ec50043a5e8b4e62cf52e24eaec02ef33f43e558762a58,868a501831b87e95dedf18ce40e9e7ac949f7c6a4aaf137f717cc493ecfcb7be,0ecaf30ec3147260f584fff24f30e32a975cba82529f3d3c36d4c49ea0de712f
incumbent-R4-C-b66-v3,Bottinger2008_state_046,Bottinger2008_state_046::MEACOO-,Bottinger2008,40.0,0.34290685813716276,0.0396,0.03579890972338409,evaluated,b66c7b962541a586f5ec50043a5e8b4e62cf52e24eaec02ef33f43e558762a58,868a501831b87e95dedf18ce40e9e7ac949f7c6a4aaf137f717cc493ecfcb7be,0ecaf30ec3147260f584fff24f30e32a975cba82529f3d3c36d4c49ea0de712f
incumbent-R4-C-b66-v3,Bottinger2008_state_047,Bottinger2008_state_047::MEA + MEAH+,Bottinger2008,40.0,0.3539070781415628,0.0749,0.07544416760147203,evaluated,b66c7b962541a586f5ec50043a5e8b4e62cf52e24eaec02ef33f43e558762a58,868a501831b87e95dedf18ce40e9e7ac949f7c6a4aaf137f717cc493ecfcb7be,0ecaf30ec3147260f584fff24f30e32a975cba82529f3d3c36d4c49ea0de712f
incumbent-R4-C-b66-v3,Bottinger2008_state_047,Bottinger2008_state_047::MEACOO-,Bottinger2008,40.0,0.3539070781415628,0.041,0.03677459356126768,evaluated,b66c7b962541a586f5ec50043a5e8b4e62cf52e24eaec02ef33f43e558762a58,868a501831b87e95dedf18ce40e9e7ac949f7c6a4aaf137f717cc493ecfcb7be,0ecaf30ec3147260f584fff24f30e32a975cba82529f3d3c36d4c49ea0de712f
incumbent-R4-C-b66-v3,Bottinger2008_state_048,Bottinger2008_state_048::MEA + MEAH+,Bottinger2008,40.0,0.4599091981839637,0.065,0.06830880497897182,evaluated,b66c7b962541a586f5ec50043a5e8b4e62cf52e24eaec02ef33f43e558762a58,868a501831b87e95dedf18ce40e9e7ac949f7c6a4aaf137f717cc493ecfcb7be,0ecaf30ec3147260f584fff24f30e32a975cba82529f3d3c36d4c49ea0de712f
incumbent-R4-C-b66-v3,Bottinger2008_state_048,Bottinger2008_state_048::MEACOO-,Bottinger2008,40.0,0.4599091981839637,0.0492,0.04390913915175446,evaluated,b66c7b962541a586f5ec50043a5e8b4e62cf52e24eaec02ef33f43e558762a58,868a501831b87e95dedf18ce40e9e7ac949f7c6a4aaf137f717cc493ecfcb7be,0ecaf30ec3147260f584fff24f30e32a975cba82529f3d3c36d4c49ea0de712f
incumbent-R4-C-b66-v3,Bottinger2008_state_049,Bottinger2008_state_049::MEA + MEAH+,Bottinger2008,40.0,0.4659093181863638,0.0663,0.06811718237174028,evaluated,b66c7b962541a586f5ec50043a5e8b4e62cf52e24eaec02ef33f43e558762a58,868a501831b87e95dedf18ce40e9e7ac949f7c6a4aaf137f717cc493ecfcb7be,0ecaf30ec3147260f584fff24f30e32a975cba82529f3d3c36d4c49ea0de712f
incumbent-R4-C-b66-v3,Bottinger2008_state_049,Bottinger2008_state_049::MEACOO-,Bottinger2008,40.0,0.4659093181863638,0.0502,0.04410061387215516,evaluated,b66c7b962541a586f5ec50043a5e8b4e62cf52e24eaec02ef33f43e558762a58,868a501831b87e95dedf18ce40e9e7ac949f7c6a4aaf137f717cc493ecfcb7be,0ecaf30ec3147260f584fff24f30e32a975cba82529f3d3c36d4c49ea0de712f
incumbent-R4-C-b66-v3,Bottinger2008_state_049,Bottinger2008_state_049::HCO3-,Bottinger2008,40.0,0.4659093181863638,0.004,0.008183320683624866,evaluated,b66c7b962541a586f5ec50043a5e8b4e62cf52e24eaec02ef33f43e558762a58,868a501831b87e95dedf18ce40e9e7ac949f7c6a4aaf137f717cc493ecfcb7be,0ecaf30ec3147260f584fff24f30e32a975cba82529f3d3c36d4c49ea0de712f
incumbent-R4-C-b66-v3,Bottinger2008_state_050,Bottinger2008_state_050::MEA + MEAH+,Bottinger2008,40.0,0.4869097381947639,0.0646,0.0677360317028203,evaluated,b66c7b962541a586f5ec50043a5e8b4e62cf52e24eaec02ef33f43e558762a58,868a501831b87e95dedf18ce40e9e7ac949f7c6a4aaf137f717cc493ecfcb7be,0ecaf30ec3147260f584fff24f30e32a975cba82529f3d3c36d4c49ea0de712f
incumbent-R4-C-b66-v3,Bottinger2008_state_050,Bottinger2008_state_050::MEACOO-,Bottinger2008,40.0,0.4869097381947639,0.0511,0.0444810047581547,evaluated,b66c7b962541a586f5ec50043a5e8b4e62cf52e24eaec02ef33f43e558762a58,868a501831b87e95dedf18ce40e9e7ac949f7c6a4aaf137f717cc493ecfcb7be,0ecaf30ec3147260f584fff24f30e32a975cba82529f3d3c36d4c49ea0de712f
incumbent-R4-C-b66-v3,Bottinger2008_state_050,Bottinger2008_state_050::HCO3-,Bottinger2008,40.0,0.4869097381947639,0.0052,0.010152362959298727,evaluated,b66c7b962541a586f5ec50043a5e8b4e62cf52e24eaec02ef33f43e558762a58,868a501831b87e95dedf18ce40e9e7ac949f7c6a4aaf137f717cc493ecfcb7be,0ecaf30ec3147260f584fff24f30e32a975cba82529f3d3c36d4c49ea0de712f
incumbent-R4-C-b66-v3,Bottinger2008_state_055,Bottinger2008_state_055::MEA + MEAH+,Bottinger2008,60.0,0.13090261805236106,0.0974,0.0979222569080674,evaluated,b66c7b962541a586f5ec50043a5e8b4e62cf52e24eaec02ef33f43e558762a58,868a501831b87e95dedf18ce40e9e7ac949f7c6a4aaf137f717cc493ecfcb7be,0ecaf30ec3147260f584fff24f30e32a975cba82529f3d3c36d4c49ea0de712f
incumbent-R4-C-b66-v3,Bottinger2008_state_055,Bottinger2008_state_055::MEACOO-,Bottinger2008,60.0,0.13090261805236106,0.0147,0.014296595729245984,evaluated,b66c7b962541a586f5ec50043a5e8b4e62cf52e24eaec02ef33f43e558762a58,868a501831b87e95dedf18ce40e9e7ac949f7c6a4aaf137f717cc493ecfcb7be,0ecaf30ec3147260f584fff24f30e32a975cba82529f3d3c36d4c49ea0de712f
incumbent-R4-C-b66-v3,Bottinger2008_state_056,Bottinger2008_state_056::MEA + MEAH+,Bottinger2008,60.0,0.20290405808116166,0.0905,0.09026350003881486,evaluated,b66c7b962541a586f5ec50043a5e8b4e62cf52e24eaec02ef33f43e558762a58,868a501831b87e95dedf18ce40e9e7ac949f7c6a4aaf137f717cc493ecfcb7be,0ecaf30ec3147260f584fff24f30e32a975cba82529f3d3c36d4c49ea0de712f
incumbent-R4-C-b66-v3,Bottinger2008_state_056,Bottinger2008_state_056::MEACOO-,Bottinger2008,60.0,0.20290405808116166,0.0231,0.021955314607291214,evaluated,b66c7b962541a586f5ec50043a5e8b4e62cf52e24eaec02ef33f43e558762a58,868a501831b87e95dedf18ce40e9e7ac949f7c6a4aaf137f717cc493ecfcb7be,0ecaf30ec3147260f584fff24f30e32a975cba82529f3d3c36d4c49ea0de712f
incumbent-R4-C-b66-v3,Bottinger2008_state_057,Bottinger2008_state_057::MEA + MEAH+,Bottinger2008,60.0,0.27690553811076224,0.0791,0.08269271731970579,evaluated,b66c7b962541a586f5ec50043a5e8b4e62cf52e24eaec02ef33f43e558762a58,868a501831b87e95dedf18ce40e9e7ac949f7c6a4aaf137f717cc493ecfcb7be,0ecaf30ec3147260f584fff24f30e32a975cba82529f3d3c36d4c49ea0de712f
incumbent-R4-C-b66-v3,Bottinger2008_state_057,Bottinger2008_state_057::MEACOO-,Bottinger2008,60.0,0.27690553811076224,0.0302,0.02952598444181429,evaluated,b66c7b962541a586f5ec50043a5e8b4e62cf52e24eaec02ef33f43e558762a58,868a501831b87e95dedf18ce40e9e7ac949f7c6a4aaf137f717cc493ecfcb7be,0ecaf30ec3147260f584fff24f30e32a975cba82529f3d3c36d4c49ea0de712f
incumbent-R4-C-b66-v3,Bottinger2008_state_058,Bottinger2008_state_058::MEA + MEAH+,Bottinger2008,60.0,0.4149082981659633,0.0687,0.07081328519578892,evaluated,b66c7b962541a586f5ec50043a5e8b4e62cf52e24eaec02ef33f43e558762a58,868a501831b87e95dedf18ce40e9e7ac949f7c6a4aaf137f717cc493ecfcb7be,0ecaf30ec3147260f584fff24f30e32a975cba82529f3d3c36d4c49ea0de712f
incumbent-R4-C-b66-v3,Bottinger2008_state_058,Bottinger2008_state_058::MEACOO-,Bottinger2008,60.0,0.4149082981659633,0.0417,0.04140382819091464,evaluated,b66c7b962541a586f5ec50043a5e8b4e62cf52e24eaec02ef33f43e558762a58,868a501831b87e95dedf18ce40e9e7ac949f7c6a4aaf137f717cc493ecfcb7be,0ecaf30ec3147260f584fff24f30e32a975cba82529f3d3c36d4c49ea0de712f
incumbent-R4-C-b66-v3,Bottinger2008_state_058,Bottinger2008_state_058::HCO3-,Bottinger2008,60.0,0.4149082981659633,0.0042,0.005150630322798064,evaluated,b66c7b962541a586f5ec50043a5e8b4e62cf52e24eaec02ef33f43e558762a58,868a501831b87e95dedf18ce40e9e7ac949f7c6a4aaf137f717cc493ecfcb7be,0ecaf30ec3147260f584fff24f30e32a975cba82529f3d3c36d4c49ea0de712f
incumbent-R4-C-b66-v3,Bottinger2008_state_059,Bottinger2008_state_059::MEA + MEAH+,Bottinger2008,60.0,0.4889097781955639,0.068,0.06811173009670086,evaluated,b66c7b962541a586f5ec50043a5e8b4e62cf52e24eaec02ef33f43e558762a58,868a501831b87e95dedf18ce40e9e7ac949f7c6a4aaf137f717cc493ecfcb7be,0ecaf30ec3147260f584fff24f30e32a975cba82529f3d3c36d4c49ea0de712f
incumbent-R4-C-b66-v3,Bottinger2008_state_059,Bottinger2008_state_059::MEACOO-,Bottinger2008,60.0,0.4889097781955639,0.0424,0.044098485859110366,evaluated,b66c7b962541a586f5ec50043a5e8b4e62cf52e24eaec02ef33f43e558762a58,868a501831b87e95dedf18ce40e9e7ac949f7c6a4aaf137f717cc493ecfcb7be,0ecaf30ec3147260f584fff24f30e32a975cba82529f3d3c36d4c49ea0de712f
incumbent-R4-C-b66-v3,Bottinger2008_state_059,Bottinger2008_state_059::HCO3-,Bottinger2008,60.0,0.4889097781955639,0.0072,0.010695202109386516,evaluated,b66c7b962541a586f5ec50043a5e8b4e62cf52e24eaec02ef33f43e558762a58,868a501831b87e95dedf18ce40e9e7ac949f7c6a4aaf137f717cc493ecfcb7be,0ecaf30ec3147260f584fff24f30e32a975cba82529f3d3c36d4c49ea0de712f
incumbent-R4-C-b66-v3,Bottinger2008_state_063,Bottinger2008_state_063::MEA + MEAH+,Bottinger2008,80.0,0.06390127802556052,0.1084,0.10520943421154139,evaluated,b66c7b962541a586f5ec50043a5e8b4e62cf52e24eaec02ef33f43e558762a58,868a501831b87e95dedf18ce40e9e7ac949f7c6a4aaf137f717cc493ecfcb7be,0ecaf30ec3147260f584fff24f30e32a975cba82529f3d3c36d4c49ea0de712f
incumbent-R4-C-b66-v3,Bottinger2008_state_063,Bottinger2008_state_063::MEACOO-,Bottinger2008,80.0,0.06390127802556052,0.0068,0.007009419453219689,evaluated,b66c7b962541a586f5ec50043a5e8b4e62cf52e24eaec02ef33f43e558762a58,868a501831b87e95dedf18ce40e9e7ac949f7c6a4aaf137f717cc493ecfcb7be,0ecaf30ec3147260f584fff24f30e32a975cba82529f3d3c36d4c49ea0de712f
incumbent-R4-C-b66-v3,Bottinger2008_state_064,Bottinger2008_state_064::MEA + MEAH+,Bottinger2008,80.0,0.14090281805636112,0.1005,0.09689070122027578,evaluated,b66c7b962541a586f5ec50043a5e8b4e62cf52e24eaec02ef33f43e558762a58,868a501831b87e95dedf18ce40e9e7ac949f7c6a4aaf137f717cc493ecfcb7be,0ecaf30ec3147260f584fff24f30e32a975cba82529f3d3c36d4c49ea0de712f
incumbent-R4-C-b66-v3,Bottinger2008_state_064,Bottinger2008_state_064::MEACOO-,Bottinger2008,80.0,0.14090281805636112,0.014,0.015328078899313464,evaluated,b66c7b962541a586f5ec50043a5e8b4e62cf52e24eaec02ef33f43e558762a58,868a501831b87e95dedf18ce40e9e7ac949f7c6a4aaf137f717cc493ecfcb7be,0ecaf30ec3147260f584fff24f30e32a975cba82529f3d3c36d4c49ea0de712f
incumbent-R4-C-b66-v3,Bottinger2008_state_065,Bottinger2008_state_065::MEA + MEAH+,Bottinger2008,80.0,0.24490489809796198,0.0906,0.08603483517766504,evaluated,b66c7b962541a586f5ec50043a5e8b4e62cf52e24eaec02ef33f43e558762a58,868a501831b87e95dedf18ce40e9e7ac949f7c6a4aaf137f717cc493ecfcb7be,0ecaf30ec3147260f584fff24f30e32a975cba82529f3d3c36d4c49ea0de712f
incumbent-R4-C-b66-v3,Bottinger2008_state_065,Bottinger2008_state_065::MEACOO-,Bottinger2008,80.0,0.24490489809796198,0.0224,0.02618355173222128,evaluated,b66c7b962541a586f5ec50043a5e8b4e62cf52e24eaec02ef33f43e558762a58,868a501831b87e95dedf18ce40e9e7ac949f7c6a4aaf137f717cc493ecfcb7be,0ecaf30ec3147260f584fff24f30e32a975cba82529f3d3c36d4c49ea0de712f
incumbent-R4-C-b66-v3,Bottinger2008_state_066,Bottinger2008_state_066::MEA + MEAH+,Bottinger2008,80.0,0.33590671813436274,0.0858,0.0773477190433158,evaluated,b66c7b962541a586f5ec50043a5e8b4e62cf52e24eaec02ef33f43e558762a58,868a501831b87e95dedf18ce40e9e7ac949f7c6a4aaf137f717cc493ecfcb7be,0ecaf30ec3147260f584fff24f30e32a975cba82529f3d3c36d4c49ea0de712f
incumbent-R4-C-b66-v3,Bottinger2008_state_066,Bottinger2008_state_066::MEACOO-,Bottinger2008,80.0,0.33590671813436274,0.0337,0.034869136007406765,evaluated,b66c7b962541a586f5ec50043a5e8b4e62cf52e24eaec02ef33f43e558762a58,868a501831b87e95dedf18ce40e9e7ac949f7c6a4aaf137f717cc493ecfcb7be,0ecaf30ec3147260f584fff24f30e32a975cba82529f3d3c36d4c49ea0de712f
incumbent-R4-C-b66-v3,Bottinger2008_state_067,Bottinger2008_state_067::MEA + MEAH+,Bottinger2008,80.0,0.39790795815916324,0.0872,0.07247283439443702,evaluated,b66c7b962541a586f5ec50043a5e8b4e62cf52e24eaec02ef33f43e558762a58,868a501831b87e95dedf18ce40e9e7ac949f7c6a4aaf137f717cc493ecfcb7be,0ecaf30ec3147260f584fff24f30e32a975cba82529f3d3c36d4c49ea0de712f
incumbent-R4-C-b66-v3,Bottinger2008_state_067,Bottinger2008_state_067::MEACOO-,Bottinger2008,80.0,0.39790795815916324,0.0336,0.039740127794281946,evaluated,b66c7b962541a586f5ec50043a5e8b4e62cf52e24eaec02ef33f43e558762a58,868a501831b87e95dedf18ce40e9e7ac949f7c6a4aaf137f717cc493ecfcb7be,0ecaf30ec3147260f584fff24f30e32a975cba82529f3d3c36d4c49ea0de712f
incumbent-R4-C-b66-v3,Bottinger2008_state_067,Bottinger2008_state_067::HCO3-,Bottinger2008,80.0,0.39790795815916324,0.0046,0.004867995636541283,evaluated,b66c7b962541a586f5ec50043a5e8b4e62cf52e24eaec02ef33f43e558762a58,868a501831b87e95dedf18ce40e9e7ac949f7c6a4aaf137f717cc493ecfcb7be,0ecaf30ec3147260f584fff24f30e32a975cba82529f3d3c36d4c49ea0de712f
incumbent-R4-C-b66-v3,Matin2012_state_001,Matin2012_state_001::MEA,Matin2012,20.0,0.10590211804236084,0.0915,0.08856578135561355,evaluated,b66c7b962541a586f5ec50043a5e8b4e62cf52e24eaec02ef33f43e558762a58,868a501831b87e95dedf18ce40e9e7ac949f7c6a4aaf137f717cc493ecfcb7be,0ecaf30ec3147260f584fff24f30e32a975cba82529f3d3c36d4c49ea0de712f
incumbent-R4-C-b66-v3,Matin2012_state_001,Matin2012_state_001::MEAH+,Matin2012,20.0,0.10590211804236084,0.0115,0.01208509381023244,evaluated,b66c7b962541a586f5ec50043a5e8b4e62cf52e24eaec02ef33f43e558762a58,868a501831b87e95dedf18ce40e9e7ac949f7c6a4aaf137f717cc493ecfcb7be,0ecaf30ec3147260f584fff24f30e32a975cba82529f3d3c36d4c49ea0de712f
incumbent-R4-C-b66-v3,Matin2012_state_001,Matin2012_state_001::MEACOO-,Matin2012,20.0,0.10590211804236084,0.0097,0.011567993322089154,evaluated,b66c7b962541a586f5ec50043a5e8b4e62cf52e24eaec02ef33f43e558762a58,868a501831b87e95dedf18ce40e9e7ac949f7c6a4aaf137f717cc493ecfcb7be,0ecaf30ec3147260f584fff24f30e32a975cba82529f3d3c36d4c49ea0de712f
incumbent-R4-C-b66-v3,Matin2012_state_001,Matin2012_state_001::HCO3-,Matin2012,20.0,0.10590211804236084,0.0024,0.00032720317912959774,evaluated,b66c7b962541a586f5ec50043a5e8b4e62cf52e24eaec02ef33f43e558762a58,868a501831b87e95dedf18ce40e9e7ac949f7c6a4aaf137f717cc493ecfcb7be,0ecaf30ec3147260f584fff24f30e32a975cba82529f3d3c36d4c49ea0de712f
incumbent-R4-C-b66-v3,Matin2012_state_002,Matin2012_state_002::MEA,Matin2012,20.0,0.12790255805116105,0.0867,0.08366966227708797,evaluated,b66c7b962541a586f5ec50043a5e8b4e62cf52e24eaec02ef33f43e558762a58,868a501831b87e95dedf18ce40e9e7ac949f7c6a4aaf137f717cc493ecfcb7be,0ecaf30ec3147260f584fff24f30e32a975cba82529f3d3c36d4c49ea0de712f
incumbent-R4-C-b66-v3,Matin2012_state_002,Matin2012_state_002::MEAH+,Matin2012,20.0,0.12790255805116105,0.0139,0.014615261255256053,evaluated,b66c7b962541a586f5ec50043a5e8b4e62cf52e24eaec02ef33f43e558762a58,868a501831b87e95dedf18ce40e9e7ac949f7c6a4aaf137f717cc493ecfcb7be,0ecaf30ec3147260f584fff24f30e32a975cba82529f3d3c36d4c49ea0de712f
incumbent-R4-C-b66-v3,Matin2012_state_002,Matin2012_state_002::MEACOO-,Matin2012,20.0,0.12790255805116105,0.0124,0.013933944746373817,evaluated,b66c7b962541a586f5ec50043a5e8b4e62cf52e24eaec02ef33f43e558762a58,868a501831b87e95dedf18ce40e9e7ac949f7c6a4aaf137f717cc493ecfcb7be,0ecaf30ec3147260f584fff24f30e32a975cba82529f3d3c36d4c49ea0de712f
incumbent-R4-C-b66-v3,Matin2012_state_002,Matin2012_state_002::HCO3-,Matin2012,20.0,0.12790255805116105,0.0022,0.00043006497043065355,evaluated,b66c7b962541a586f5ec50043a5e8b4e62cf52e24eaec02ef33f43e558762a58,868a501831b87e95dedf18ce40e9e7ac949f7c6a4aaf137f717cc493ecfcb7be,0ecaf30ec3147260f584fff24f30e32a975cba82529f3d3c36d4c49ea0de712f
incumbent-R4-C-b66-v3,Matin2012_state_003,Matin2012_state_003::MEA,Matin2012,20.0,0.1499029980599612,0.0817,0.07877934588497598,evaluated,b66c7b962541a586f5ec50043a5e8b4e62cf52e24eaec02ef33f43e558762a58,868a501831b87e95dedf18ce40e9e7ac949f7c6a4aaf137f717cc493ecfcb7be,0ecaf30ec3147260f584fff24f30e32a975cba82529f3d3c36d4c49ea0de712f
incumbent-R4-C-b66-v3,Matin2012_state_003,Matin2012_state_003::MEAH+,Matin2012,20.0,0.1499029980599612,0.0162,0.017158025766332095,evaluated,b66c7b962541a586f5ec50043a5e8b4e62cf52e24eaec02ef33f43e558762a58,868a501831b87e95dedf18ce40e9e7ac949f7c6a4aaf137f717cc493ecfcb7be,0ecaf30ec3147260f584fff24f30e32a975cba82529f3d3c36d4c49ea0de712f
incumbent-R4-C-b66-v3,Matin2012_state_003,Matin2012_state_003::MEACOO-,Matin2012,20.0,0.1499029980599612,0.0151,0.016281496347952774,evaluated,b66c7b962541a586f5ec50043a5e8b4e62cf52e24eaec02ef33f43e558762a58,868a501831b87e95dedf18ce40e9e7ac949f7c6a4aaf137f717cc493ecfcb7be,0ecaf30ec3147260f584fff24f30e32a975cba82529f3d3c36d4c49ea0de712f
incumbent-R4-C-b66-v3,Matin2012_state_003,Matin2012_state_003::HCO3-,Matin2012,20.0,0.1499029980599612,0.002,0.0005513259387804109,evaluated,b66c7b962541a586f5ec50043a5e8b4e62cf52e24eaec02ef33f43e558762a58,868a501831b87e95dedf18ce40e9e7ac949f7c6a4aaf137f717cc493ecfcb7be,0ecaf30ec3147260f584fff24f30e32a975cba82529f3d3c36d4c49ea0de712f
incumbent-R4-C-b66-v3,Matin2012_state_004,Matin2012_state_004::MEA,Matin2012,20.0,0.17290345806916138,0.0768,0.07367407495037065,evaluated,b66c7b962541a586f5ec50043a5e8b4e62cf52e24eaec02ef33f43e558762a58,868a501831b87e95dedf18ce40e9e7ac949f7c6a4aaf137f717cc493ecfcb7be,0ecaf30ec3147260f584fff24f30e32a975cba82529f3d3c36d4c49ea0de712f
incumbent-R4-C-b66-v3,Matin2012_state_004,Matin2012_state_004::MEAH+,Matin2012,20.0,0.17290345806916138,0.0186,0.019832231838349056,evaluated,b66c7b962541a586f5ec50043a5e8b4e62cf52e24eaec02ef33f43e558762a58,868a501831b87e95dedf18ce40e9e7ac949f7c6a4aaf137f717cc493ecfcb7be,0ecaf30ec3147260f584fff24f30e32a975cba82529f3d3c36d4c49ea0de712f
incumbent-R4-C-b66-v3,Matin2012_state_004,Matin2012_state_004::MEACOO-,Matin2012,20.0,0.17290345806916138,0.0177,0.018712560820294502,evaluated,b66c7b962541a586f5ec50043a5e8b4e62cf52e24eaec02ef33f43e558762a58,868a501831b87e95dedf18ce40e9e7ac949f7c6a4aaf137f717cc493ecfcb7be,0ecaf30ec3147260f584fff24f30e32a975cba82529f3d3c36d4c49ea0de712f
incumbent-R4-C-b66-v3,Matin2012_state_004,Matin2012_state_004::HCO3-,Matin2012,20.0,0.17290345806916138,0.002,0.000701291885359314,evaluated,b66c7b962541a586f5ec50043a5e8b4e62cf52e24eaec02ef33f43e558762a58,868a501831b87e95dedf18ce40e9e7ac949f7c6a4aaf137f717cc493ecfcb7be,0ecaf30ec3147260f584fff24f30e32a975cba82529f3d3c36d4c49ea0de712f
incumbent-R4-C-b66-v3,Matin2012_state_005,Matin2012_state_005::MEA,Matin2012,20.0,0.19490389807796157,0.0718,0.06879912062411195,evaluated,b66c7b962541a586f5ec50043a5e8b4e62cf52e24eaec02ef33f43e558762a58,868a501831b87e95dedf18ce40e9e7ac949f7c6a4aaf137f717cc493ecfcb7be,0ecaf30ec3147260f584fff24f30e32a975cba82529f3d3c36d4c49ea0de712f
incumbent-R4-C-b66-v3,Matin2012_state_005,Matin2012_state_005::MEAH+,Matin2012,20.0,0.19490389807796157,0.021,0.022407991690090466,evaluated,b66c7b962541a586f5ec50043a5e8b4e62cf52e24eaec02ef33f43e558762a58,868a501831b87e95dedf18ce40e9e7ac949f7c6a4aaf137f717cc493ecfcb7be,0ecaf30ec3147260f584fff24f30e32a975cba82529f3d3c36d4c49ea0de712f
incumbent-R4-C-b66-v3,Matin2012_state_005,Matin2012_state_005::MEACOO-,Matin2012,20.0,0.19490389807796157,0.0203,0.02101175479729541,evaluated,b66c7b962541a586f5ec50043a5e8b4e62cf52e24eaec02ef33f43e558762a58,868a501831b87e95dedf18ce40e9e7ac949f7c6a4aaf137f717cc493ecfcb7be,0ecaf30ec3147260f584fff24f30e32a975cba82529f3d3c36d4c49ea0de712f
incumbent-R4-C-b66-v3,Matin2012_state_005,Matin2012_state_005::HCO3-,Matin2012,20.0,0.19490389807796157,0.002,0.000870908465294757,evaluated,b66c7b962541a586f5ec50043a5e8b4e62cf52e24eaec02ef33f43e558762a58,868a501831b87e95dedf18ce40e9e7ac949f7c6a4aaf137f717cc493ecfcb7be,0ecaf30ec3147260f584fff24f30e32a975cba82529f3d3c36d4c49ea0de712f
incumbent-R4-C-b66-v3,Matin2012_state_006,Matin2012_state_006::MEA,Matin2012,20.0,0.21790435808716177,0.0668,0.06371309562250614,evaluated,b66c7b962541a586f5ec50043a5e8b4e62cf52e24eaec02ef33f43e558762a58,868a501831b87e95dedf18ce40e9e7ac949f7c6a4aaf137f717cc493ecfcb7be,0ecaf30ec3147260f584fff24f30e32a975cba82529f3d3c36d4c49ea0de712f
incumbent-R4-C-b66-v3,Matin2012_state_006,Matin2012_state_006::MEAH+,Matin2012,20.0,0.21790435808716177,0.0234,0.02512270535492896,evaluated,b66c7b962541a586f5ec50043a5e8b4e62cf52e24eaec02ef33f43e558762a58,868a501831b87e95dedf18ce40e9e7ac949f7c6a4aaf137f717cc493ecfcb7be,0ecaf30ec3147260f584fff24f30e32a975cba82529f3d3c36d4c49ea0de712f
incumbent-R4-C-b66-v3,Matin2012_state_006,Matin2012_state_006::MEACOO-,Matin2012,20.0,0.21790435808716177,0.0228,0.023383065438569408,evaluated,b66c7b962541a586f5ec50043a5e8b4e62cf52e24eaec02ef33f43e558762a58,868a501831b87e95dedf18ce40e9e7ac949f7c6a4aaf137f717cc493ecfcb7be,0ecaf30ec3147260f584fff24f30e32a975cba82529f3d3c36d4c49ea0de712f
incumbent-R4-C-b66-v3,Matin2012_state_006,Matin2012_state_006::HCO3-,Matin2012,20.0,0.21790435808716177,0.0021,0.001080625418317689,evaluated,b66c7b962541a586f5ec50043a5e8b4e62cf52e24eaec02ef33f43e558762a58,868a501831b87e95dedf18ce40e9e7ac949f7c6a4aaf137f717cc493ecfcb7be,0ecaf30ec3147260f584fff24f30e32a975cba82529f3d3c36d4c49ea0de712f
incumbent-R4-C-b66-v3,Matin2012_state_007,Matin2012_state_007::MEA,Matin2012,20.0,0.24090481809636194,0.0618,0.05864018900038611,evaluated,b66c7b962541a586f5ec50043a5e8b4e62cf52e24eaec02ef33f43e558762a58,868a501831b87e95dedf18ce40e9e7ac949f7c6a4aaf137f717cc493ecfcb7be,0ecaf30ec3147260f584fff24f30e32a975cba82529f3d3c36d4c49ea0de712f
incumbent-R4-C-b66-v3,Matin2012_state_007,Matin2012_state_007::MEAH+,Matin2012,20.0,0.24090481809636194,0.0257,0.027863558096209662,evaluated,b66c7b962541a586f5ec50043a5e8b4e62cf52e24eaec02ef33f43e558762a58,868a501831b87e95dedf18ce40e9e7ac949f7c6a4aaf137f717cc493ecfcb7be,0ecaf30ec3147260f584fff24f30e32a975cba82529f3d3c36d4c49ea0de712f
incumbent-R4-C-b66-v3,Matin2012_state_007,Matin2012_state_007::MEACOO-,Matin2012,20.0,0.24090481809636194,0.0252,0.025715118377601626,evaluated,b66c7b962541a586f5ec50043a5e8b4e62cf52e24eaec02ef33f43e558762a58,868a501831b87e95dedf18ce40e9e7ac949f7c6a4aaf137f717cc493ecfcb7be,0ecaf30ec3147260f584fff24f30e32a975cba82529f3d3c36d4c49ea0de712f
incumbent-R4-C-b66-v3,Matin2012_state_007,Matin2012_state_007::HCO3-,Matin2012,20.0,0.24090481809636194,0.0023,0.001329597787286063,evaluated,b66c7b962541a586f5ec50043a5e8b4e62cf52e24eaec02ef33f43e558762a58,868a501831b87e95dedf18ce40e9e7ac949f7c6a4aaf137f717cc493ecfcb7be,0ecaf30ec3147260f584fff24f30e32a975cba82529f3d3c36d4c49ea0de712f
incumbent-R4-C-b66-v3,Matin2012_state_008,Matin2012_state_008::MEA,Matin2012,20.0,0.26390527810556214,0.0568,0.053583575631257936,evaluated,b66c7b962541a586f5ec50043a5e8b4e62cf52e24eaec02ef33f43e558762a58,868a501831b87e95dedf18ce40e9e7ac949f7c6a4aaf137f717cc493ecfcb7be,0ecaf30ec3147260f584fff24f30e32a975cba82529f3d3c36d4c49ea0de712f
incumbent-R4-C-b66-v3,Matin2012_state_008,Matin2012_state_008::MEAH+,Matin2012,20.0,0.26390527810556214,0.0281,0.030634860559033097,evaluated,b66c7b962541a586f5ec50043a5e8b4e62cf52e24eaec02ef33f43e558762a58,868a501831b87e95dedf18ce40e9e7ac949f7c6a4aaf137f717cc493ecfcb7be,0ecaf30ec3147260f584fff24f30e32a975cba82529f3d3c36d4c49ea0de712f
incumbent-R4-C-b66-v3,Matin2012_state_008,Matin2012_state_008::MEACOO-,Matin2012,20.0,0.26390527810556214,0.0276,0.0280004279952301,evaluated,b66c7b962541a586f5ec50043a5e8b4e62cf52e24eaec02ef33f43e558762a58,868a501831b87e95dedf18ce40e9e7ac949f7c6a4aaf137f717cc493ecfcb7be,0ecaf30ec3147260f584fff24f30e32a975cba82529f3d3c36d4c49ea0de712f
incumbent-R4-C-b66-v3,Matin2012_state_008,Matin2012_state_008::HCO3-,Matin2012,20.0,0.26390527810556214,0.0026,0.0016253102517562652,evaluated,b66c7b962541a586f5ec50043a5e8b4e62cf52e24eaec02ef33f43e558762a58,868a501831b87e95dedf18ce40e9e7ac949f7c6a4aaf137f717cc493ecfcb7be,0ecaf30ec3147260f584fff24f30e32a975cba82529f3d3c36d4c49ea0de712f
incumbent-R4-C-b66-v3,Matin2012_state_009,Matin2012_state_009::MEA,Matin2012,20.0,0.2869057381147623,0.0518,0.048547574219480624,evaluated,b66c7b962541a586f5ec50043a5e8b4e62cf52e24eaec02ef33f43e558762a58,868a501831b87e95dedf18ce40e9e7ac949f7c6a4aaf137f717cc493ecfcb7be,0ecaf30ec3147260f584fff24f30e32a975cba82529f3d3c36d4c49ea0de712f
incumbent-R4-C-b66-v3,Matin2012_state_009,Matin2012_state_009::MEAH+,Matin2012,20.0,0.2869057381147623,0.0304,0.03344135733439402,evaluated,b66c7b962541a586f5ec50043a5e8b4e62cf52e24eaec02ef33f43e558762a58,868a501831b87e95dedf18ce40e9e7ac949f7c6a4aaf137f717cc493ecfcb7be,0ecaf30ec3147260f584fff24f30e32a975cba82529f3d3c36d4c49ea0de712f
incumbent-R4-C-b66-v3,Matin2012_state_009,Matin2012_state_009::MEACOO-,Matin2012,20.0,0.2869057381147623,0.0299,0.03022993084251744,evaluated,b66c7b962541a586f5ec50043a5e8b4e62cf52e24eaec02ef33f43e558762a58,868a501831b87e95dedf18ce40e9e7ac949f7c6a4aaf137f717cc493ecfcb7be,0ecaf30ec3147260f584fff24f30e32a975cba82529f3d3c36d4c49ea0de712f
incumbent-R4-C-b66-v3,Matin2012_state_009,Matin2012_state_009::HCO3-,Matin2012,20.0,0.2869057381147623,0.003,0.001976824824045598,evaluated,b66c7b962541a586f5ec50043a5e8b4e62cf52e24eaec02ef33f43e558762a58,868a501831b87e95dedf18ce40e9e7ac949f7c6a4aaf137f717cc493ecfcb7be,0ecaf30ec3147260f584fff24f30e32a975cba82529f3d3c36d4c49ea0de712f
incumbent-R4-C-b66-v3,Matin2012_state_010,Matin2012_state_010::MEA,Matin2012,20.0,0.3099061981239625,0.0469,0.04353823717886796,evaluated,b66c7b962541a586f5ec50043a5e8b4e62cf52e24eaec02ef33f43e558762a58,868a501831b87e95dedf18ce40e9e7ac949f7c6a4aaf137f717cc493ecfcb7be,0ecaf30ec3147260f584fff24f30e32a975cba82529f3d3c36d4c49ea0de712f
incumbent-R4-C-b66-v3,Matin2012_state_010,Matin2012_state_010::MEAH+,Matin2012,20.0,0.3099061981239625,0.0327,0.036288089062422986,evaluated,b66c7b962541a586f5ec50043a5e8b4e62cf52e24eaec02ef33f43e558762a58,868a501831b87e95dedf18ce40e9e7ac949f7c6a4aaf137f717cc493ecfcb7be,0ecaf30ec3147260f584fff24f30e32a975cba82529f3d3c36d4c49ea0de712f
incumbent-R4-C-b66-v3,Matin2012_state_010,Matin2012_state_010::MEACOO-,Matin2012,20.0,0.3099061981239625,0.0321,0.032392533622586324,evaluated,b66c7b962541a586f5ec50043a5e8b4e62cf52e24eaec02ef33f43e558762a58,868a501831b87e95dedf18ce40e9e7ac949f7c6a4aaf137f717cc493ecfcb7be,0ecaf30ec3147260f584fff24f30e32a975cba82529f3d3c36d4c49ea0de712f
incumbent-R4-C-b66-v3,Matin2012_state_010,Matin2012_state_010::HCO3-,Matin2012,20.0,0.3099061981239625,0.0034,0.002395232526376907,evaluated,b66c7b962541a586f5ec50043a5e8b4e62cf52e24eaec02ef33f43e558762a58,868a501831b87e95dedf18ce40e9e7ac949f7c6a4aaf137f717cc493ecfcb7be,0ecaf30ec3147260f584fff24f30e32a975cba82529f3d3c36d4c49ea0de712f
incumbent-R4-C-b66-v3,Matin2012_state_011,Matin2012_state_011::MEA,Matin2012,20.0,0.33390667813356273,0.0419,0.0383490732002213,evaluated,b66c7b962541a586f5ec50043a5e8b4e62cf52e24eaec02ef33f43e558762a58,868a501831b87e95dedf18ce40e9e7ac949f7c6a4aaf137f717cc493ecfcb7be,0ecaf30ec3147260f584fff24f30e32a975cba82529f3d3c36d4c49ea0de712f
incumbent-R4-C-b66-v3,Matin2012_state_011,Matin2012_state_011::MEAH+,Matin2012,20.0,0.33390667813356273,0.0349,0.03930692953900711,evaluated,b66c7b962541a586f5ec50043a5e8b4e62cf52e24eaec02ef33f43e558762a58,868a501831b87e95dedf18ce40e9e7ac949f7c6a4aaf137f717cc493ecfcb7be,0ecaf30ec3147260f584fff24f30e32a975cba82529f3d3c36d4c49ea0de712f
incumbent-R4-C-b66-v3,Matin2012_state_011,Matin2012_state_011::MEACOO-,Matin2012,20.0,0.33390667813356273,0.0342,0.03456285325312868,evaluated,b66c7b962541a586f5ec50043a5e8b4e62cf52e24eaec02ef33f43e558762a58,868a501831b87e95dedf18ce40e9e7ac949f7c6a4aaf137f717cc493ecfcb7be,0ecaf30ec3147260f584fff24f30e32a975cba82529f3d3c36d4c49ea0de712f
incumbent-R4-C-b66-v3,Matin2012_state_011,Matin2012_state_011::HCO3-,Matin2012,20.0,0.33390667813356273,0.004,0.0029181297397531535,evaluated,b66c7b962541a586f5ec50043a5e8b4e62cf52e24eaec02ef33f43e558762a58,868a501831b87e95dedf18ce40e9e7ac949f7c6a4aaf137f717cc493ecfcb7be,0ecaf30ec3147260f584fff24f30e32a975cba82529f3d3c36d4c49ea0de712f
incumbent-R4-C-b66-v3,Matin2012_state_012,Matin2012_state_012::MEA,Matin2012,20.0,0.3579071581431629,0.0371,0.03321375985336967,evaluated,b66c7b962541a586f5ec50043a5e8b4e62cf52e24eaec02ef33f43e558762a58,868a501831b87e95dedf18ce40e9e7ac949f7c6a4aaf137f717cc493ecfcb7be,0ecaf30ec3147260f584fff24f30e32a975cba82529f3d3c36d4c49ea0de712f
incumbent-R4-C-b66-v3,Matin2012_state_012,Matin2012_state_012::MEAH+,Matin2012,20.0,0.3579071581431629,0.0372,0.04238004870533982,evaluated,b66c7b962541a586f5ec50043a5e8b4e62cf52e24eaec02ef33f43e558762a58,868a501831b87e95dedf18ce40e9e7ac949f7c6a4aaf137f717cc493ecfcb7be,0ecaf30ec3147260f584fff24f30e32a975cba82529f3d3c36d4c49ea0de712f
incumbent-R4-C-b66-v3,Matin2012_state_012,Matin2012_state_012::MEACOO-,Matin2012,20.0,0.3579071581431629,0.0362,0.03662504151164395,evaluated,b66c7b962541a586f5ec50043a5e8b4e62cf52e24eaec02ef33f43e558762a58,868a501831b87e95dedf18ce40e9e7ac949f7c6a4aaf137f717cc493ecfcb7be,0ecaf30ec3147260f584fff24f30e32a975cba82529f3d3c36d4c49ea0de712f
incumbent-R4-C-b66-v3,Matin2012_state_012,Matin2012_state_012::HCO3-,Matin2012,20.0,0.3579071581431629,0.0046,0.003549139133071354,evaluated,b66c7b962541a586f5ec50043a5e8b4e62cf52e24eaec02ef33f43e558762a58,868a501831b87e95dedf18ce40e9e7ac949f7c6a4aaf137f717cc493ecfcb7be,0ecaf30ec3147260f584fff24f30e32a975cba82529f3d3c36d4c49ea0de712f
incumbent-R4-C-b66-v3,Matin2012_state_013,Matin2012_state_013::MEA,Matin2012,20.0,0.3819076381527631,0.0322,0.028156817793338985,evaluated,b66c7b962541a586f5ec50043a5e8b4e62cf52e24eaec02ef33f43e558762a58,868a501831b87e95dedf18ce40e9e7ac949f7c6a4aaf137f717cc493ecfcb7be,0ecaf30ec3147260f584fff24f30e32a975cba82529f3d3c36d4c49ea0de712f
incumbent-R4-C-b66-v3,Matin2012_state_013,Matin2012_state_013::MEAH+,Matin2012,20.0,0.3819076381527631,0.0394,0.04551024411480091,evaluated,b66c7b962541a586f5ec50043a5e8b4e62cf52e24eaec02ef33f43e558762a58,868a501831b87e95dedf18ce40e9e7ac949f7c6a4aaf137f717cc493ecfcb7be,0ecaf30ec3147260f584fff24f30e32a975cba82529f3d3c36d4c49ea0de712f
incumbent-R4-C-b66-v3,Matin2012_state_013,Matin2012_state_013::MEACOO-,Matin2012,20.0,0.3819076381527631,0.0381,0.03855177866831203,evaluated,b66c7b962541a586f5ec50043a5e8b4e62cf52e24eaec02ef33f43e558762a58,868a501831b87e95dedf18ce40e9e7ac949f7c6a4aaf137f717cc493ecfcb7be,0ecaf30ec3147260f584fff24f30e32a975cba82529f3d3c36d4c49ea0de712f
incumbent-R4-C-b66-v3,Matin2012_state_013,Matin2012_state_013::HCO3-,Matin2012,20.0,0.3819076381527631,0.0053,0.004315566149771341,evaluated,b66c7b962541a586f5ec50043a5e8b4e62cf52e24eaec02ef33f43e558762a58,868a501831b87e95dedf18ce40e9e7ac949f7c6a4aaf137f717cc493ecfcb7be,0ecaf30ec3147260f584fff24f30e32a975cba82529f3d3c36d4c49ea0de712f
incumbent-R4-C-b66-v3,Matin2012_state_014,Matin2012_state_014::MEA,Matin2012,20.0,0.4059081181623633,0.0274,0.023219760397179857,evaluated,b66c7b962541a586f5ec50043a5e8b4e62cf52e24eaec02ef33f43e558762a58,868a501831b87e95dedf18ce40e9e7ac949f7c6a4aaf137f717cc493ecfcb7be,0ecaf30ec3147260f584fff24f30e32a975cba82529f3d3c36d4c49ea0de712f
incumbent-R4-C-b66-v3,Matin2012_state_014,Matin2012_state_014::MEAH+,Matin2012,20.0,0.4059081181623633,0.0415,0.04869521731279221,evaluated,b66c7b962541a586f5ec50043a5e8b4e62cf52e24eaec02ef33f43e558762a58,868a501831b87e95dedf18ce40e9e7ac949f7c6a4aaf137f717cc493ecfcb7be,0ecaf30ec3147260f584fff24f30e32a975cba82529f3d3c36d4c49ea0de712f
incumbent-R4-C-b66-v3,Matin2012_state_014,Matin2012_state_014::MEACOO-,Matin2012,20.0,0.4059081181623633,0.04,0.04030384668843225,evaluated,b66c7b962541a586f5ec50043a5e8b4e62cf52e24eaec02ef33f43e558762a58,868a501831b87e95dedf18ce40e9e7ac949f7c6a4aaf137f717cc493ecfcb7be,0ecaf30ec3147260f584fff24f30e32a975cba82529f3d3c36d4c49ea0de712f
incumbent-R4-C-b66-v3,Matin2012_state_014,Matin2012_state_014::HCO3-,Matin2012,20.0,0.4059081181623633,0.0061,0.005256599570069753,evaluated,b66c7b962541a586f5ec50043a5e8b4e62cf52e24eaec02ef33f43e558762a58,868a501831b87e95dedf18ce40e9e7ac949f7c6a4aaf137f717cc493ecfcb7be,0ecaf30ec3147260f584fff24f30e32a975cba82529f3d3c36d4c49ea0de712f
incumbent-R4-C-b66-v3,Matin2012_state_015,Matin2012_state_015::MEA,Matin2012,20.0,0.4309086181723635,0.0227,0.018284270566684867,evaluated,b66c7b962541a586f5ec50043a5e8b4e62cf52e24eaec02ef33f43e558762a58,868a501831b87e95dedf18ce40e9e7ac949f7c6a4aaf137f717cc493ecfcb7be,0ecaf30ec3147260f584fff24f30e32a975cba82529f3d3c36d4c49ea0de712f
incumbent-R4-C-b66-v3,Matin2012_state_015,Matin2012_state_015::MEAH+,Matin2012,20.0,0.4309086181723635,0.0436,0.0520567861019315,evaluated,b66c7b962541a586f5ec50043a5e8b4e62cf52e24eaec02ef33f43e558762a58,868a501831b87e95dedf18ce40e9e7ac949f7c6a4aaf137f717cc493ecfcb7be,0ecaf30ec3147260f584fff24f30e32a975cba82529f3d3c36d4c49ea0de712f
incumbent-R4-C-b66-v3,Matin2012_state_015,Matin2012_state_015::MEACOO-,Matin2012,20.0,0.4309086181723635,0.0417,0.0418777362114004,evaluated,b66c7b962541a586f5ec50043a5e8b4e62cf52e24eaec02ef33f43e558762a58,868a501831b87e95dedf18ce40e9e7ac949f7c6a4aaf137f717cc493ecfcb7be,0ecaf30ec3147260f584fff24f30e32a975cba82529f3d3c36d4c49ea0de712f
incumbent-R4-C-b66-v3,Matin2012_state_015,Matin2012_state_015::HCO3-,Matin2012,20.0,0.4309086181723635,0.007,0.006487886207325931,evaluated,b66c7b962541a586f5ec50043a5e8b4e62cf52e24eaec02ef33f43e558762a58,868a501831b87e95dedf18ce40e9e7ac949f7c6a4aaf137f717cc493ecfcb7be,0ecaf30ec3147260f584fff24f30e32a975cba82529f3d3c36d4c49ea0de712f
incumbent-R4-C-b66-v3,Matin2012_state_016,Matin2012_state_016::MEA,Matin2012,20.0,0.4549090981819637,0.0181,0.013883723084960694,evaluated,b66c7b962541a586f5ec50043a5e8b4e62cf52e24eaec02ef33f43e558762a58,868a501831b87e95dedf18ce40e9e7ac949f7c6a4aaf137f717cc493ecfcb7be,0ecaf30ec3147260f584fff24f30e32a975cba82529f3d3c36d4c49ea0de712f
incumbent-R4-C-b66-v3,Matin2012_state_016,Matin2012_state_016::MEAH+,Matin2012,20.0,0.4549090981819637,0.0457,0.05528958909630479,evaluated,b66c7b962541a586f5ec50043a5e8b4e62cf52e24eaec02ef33f43e558762a58,868a501831b87e95dedf18ce40e9e7ac949f7c6a4aaf137f717cc493ecfcb7be,0ecaf30ec3147260f584fff24f30e32a975cba82529f3d3c36d4c49ea0de712f
incumbent-R4-C-b66-v3,Matin2012_state_016,Matin2012_state_016::MEACOO-,Matin2012,20.0,0.4549090981819637,0.0433,0.043045418655415155,evaluated,b66c7b962541a586f5ec50043a5e8b4e62cf52e24eaec02ef33f43e558762a58,868a501831b87e95dedf18ce40e9e7ac949f7c6a4aaf137f717cc493ecfcb7be,0ecaf30ec3147260f584fff24f30e32a975cba82529f3d3c36d4c49ea0de712f
incumbent-R4-C-b66-v3,Matin2012_state_016,Matin2012_state_016::HCO3-,Matin2012,20.0,0.4549090981819637,0.008,0.008012873684781423,evaluated,b66c7b962541a586f5ec50043a5e8b4e62cf52e24eaec02ef33f43e558762a58,868a501831b87e95dedf18ce40e9e7ac949f7c6a4aaf137f717cc493ecfcb7be,0ecaf30ec3147260f584fff24f30e32a975cba82529f3d3c36d4c49ea0de712f
incumbent-R4-C-b66-v3,Matin2012_state_017,Matin2012_state_017::MEA,Matin2012,20.0,0.4799095981919638,0.0135,0.009896361715627782,evaluated,b66c7b962541a586f5ec50043a5e8b4e62cf52e24eaec02ef33f43e558762a58,868a501831b87e95dedf18ce40e9e7ac949f7c6a4aaf137f717cc493ecfcb7be,0ecaf30ec3147260f584fff24f30e32a975cba82529f3d3c36d4c49ea0de712f
incumbent-R4-C-b66-v3,Matin2012_state_017,Matin2012_state_017::MEAH+,Matin2012,20.0,0.4799095981919638,0.0477,0.05858499136480548,evaluated,b66c7b962541a586f5ec50043a5e8b4e62cf52e24eaec02ef33f43e558762a58,868a501831b87e95dedf18ce40e9e7ac949f7c6a4aaf137f717cc493ecfcb7be,0ecaf30ec3147260f584fff24f30e32a975cba82529f3d3c36d4c49ea0de712f
incumbent-R4-C-b66-v3,Matin2012_state_017,Matin2012_state_017::MEACOO-,Matin2012,20.0,0.4799095981919638,0.0448,0.043737232343237085,evaluated,b66c7b962541a586f5ec50043a5e8b4e62cf52e24eaec02ef33f43e558762a58,868a501831b87e95dedf18ce40e9e7ac949f7c6a4aaf137f717cc493ecfcb7be,0ecaf30ec3147260f584fff24f30e32a975cba82529f3d3c36d4c49ea0de712f
incumbent-R4-C-b66-v3,Matin2012_state_017,Matin2012_state_017::HCO3-,Matin2012,20.0,0.4799095981919638,0.0091,0.010125162671413772,evaluated,b66c7b962541a586f5ec50043a5e8b4e62cf52e24eaec02ef33f43e558762a58,868a501831b87e95dedf18ce40e9e7ac949f7c6a4aaf137f717cc493ecfcb7be,0ecaf30ec3147260f584fff24f30e32a975cba82529f3d3c36d4c49ea0de712f
incumbent-R4-C-b66-v3,Matin2012_state_018,Matin2012_state_018::MEA,Matin2012,20.0,0.5049100982019641,0.009,0.006814362424237643,evaluated,b66c7b962541a586f5ec50043a5e8b4e62cf52e24eaec02ef33f43e558762a58,868a501831b87e95dedf18ce40e9e7ac949f7c6a4aaf137f717cc493ecfcb7be,0ecaf30ec3147260f584fff24f30e32a975cba82529f3d3c36d4c49ea0de712f
incumbent-R4-C-b66-v3,Matin2012_state_018,Matin2012_state_018::MEAH+,Matin2012,20.0,0.5049100982019641,0.0496,0.061696633185072014,evaluated,b66c7b962541a586f5ec50043a5e8b4e62cf52e24eaec02ef33f43e558762a58,868a501831b87e95dedf18ce40e9e7ac949f7c6a4aaf137f717cc493ecfcb7be,0ecaf30ec3147260f584fff24f30e32a975cba82529f3d3c36d4c49ea0de712f
incumbent-R4-C-b66-v3,Matin2012_state_018,Matin2012_state_018::MEACOO-,Matin2012,20.0,0.5049100982019641,0.0462,0.04370724951645156,evaluated,b66c7b962541a586f5ec50043a5e8b4e62cf52e24eaec02ef33f43e558762a58,868a501831b87e95dedf18ce40e9e7ac949f7c6a4aaf137f717cc493ecfcb7be,0ecaf30ec3147260f584fff24f30e32a975cba82529f3d3c36d4c49ea0de712f
incumbent-R4-C-b66-v3,Matin2012_state_018,Matin2012_state_018::HCO3-,Matin2012,20.0,0.5049100982019641,0.0102,0.012957405835128048,evaluated,b66c7b962541a586f5ec50043a5e8b4e62cf52e24eaec02ef33f43e558762a58,868a501831b87e95dedf18ce40e9e7ac949f7c6a4aaf137f717cc493ecfcb7be,0ecaf30ec3147260f584fff24f30e32a975cba82529f3d3c36d4c49ea0de712f
incumbent-R4-C-b66-v3,Matin2012_state_019,Matin2012_state_019::MEA,Matin2012,20.0,0.5309106182123643,0.0046,0.004672582070387224,evaluated,b66c7b962541a586f5ec50043a5e8b4e62cf52e24eaec02ef33f43e558762a58,868a501831b87e95dedf18ce40e9e7ac949f7c6a4aaf137f717cc493ecfcb7be,0ecaf30ec3147260f584fff24f30e32a975cba82529f3d3c36d4c49ea0de712f
incumbent-R4-C-b66-v3,Matin2012_state_019,Matin2012_state_019::MEAH+,Matin2012,20.0,0.5309106182123643,0.0515,0.06467203192653226,evaluated,b66c7b962541a586f5ec50043a5e8b4e62cf52e24eaec02ef33f43e558762a58,868a501831b87e95dedf18ce40e9e7ac949f7c6a4aaf137f717cc493ecfcb7be,0ecaf30ec3147260f584fff24f30e32a975cba82529f3d3c36d4c49ea0de712f
incumbent-R4-C-b66-v3,Matin2012_state_019,Matin2012_state_019::MEACOO-,Matin2012,20.0,0.5309106182123643,0.0475,0.04287286205012762,evaluated,b66c7b962541a586f5ec50043a5e8b4e62cf52e24eaec02ef33f43e558762a58,868a501831b87e95dedf18ce40e9e7ac949f7c6a4aaf137f717cc493ecfcb7be,0ecaf30ec3147260f584fff24f30e32a975cba82529f3d3c36d4c49ea0de712f
incumbent-R4-C-b66-v3,Matin2012_state_019,Matin2012_state_019::HCO3-,Matin2012,20.0,0.5309106182123643,0.0114,0.016702205912477376,evaluated,b66c7b962541a586f5ec50043a5e8b4e62cf52e24eaec02ef33f43e558762a58,868a501831b87e95dedf18ce40e9e7ac949f7c6a4aaf137f717cc493ecfcb7be,0ecaf30ec3147260f584fff24f30e32a975cba82529f3d3c36d4c49ea0de712f
incumbent-R4-C-b66-v3,canonical:vle_obs_0034,vle_obs_0034-pco2,Aronu2011,40.0,0.10200204004080081,1.6,2.0036639238532294,evaluated,b66c7b962541a586f5ec50043a5e8b4e62cf52e24eaec02ef33f43e558762a58,868a501831b87e95dedf18ce40e9e7ac949f7c6a4aaf137f717cc493ecfcb7be,0ecaf30ec3147260f584fff24f30e32a975cba82529f3d3c36d4c49ea0de712f
incumbent-R4-C-b66-v3,canonical:vle_obs_0035,vle_obs_0035-pco2,Aronu2011,40.0,0.20600412008240165,12.3,12.32810332267218,evaluated,b66c7b962541a586f5ec50043a5e8b4e62cf52e24eaec02ef33f43e558762a58,868a501831b87e95dedf18ce40e9e7ac949f7c6a4aaf137f717cc493ecfcb7be,0ecaf30ec3147260f584fff24f30e32a975cba82529f3d3c36d4c49ea0de712f
incumbent-R4-C-b66-v3,canonical:vle_obs_0036,vle_obs_0036-pco2,Aronu2011,40.0,0.250005000100002,24.6,23.881731414220233,evaluated,b66c7b962541a586f5ec50043a5e8b4e62cf52e24eaec02ef33f43e558762a58,868a501831b87e95dedf18ce40e9e7ac949f7c6a4aaf137f717cc493ecfcb7be,0ecaf30ec3147260f584fff24f30e32a975cba82529f3d3c36d4c49ea0de712f
incumbent-R4-C-b66-v3,canonical:vle_obs_0037,vle_obs_0037-pco2,Aronu2011,40.0,0.33700674013480275,60.3,91.28372504636305,evaluated,b66c7b962541a586f5ec50043a5e8b4e62cf52e24eaec02ef33f43e558762a58,868a501831b87e95dedf18ce40e9e7ac949f7c6a4aaf137f717cc493ecfcb7be,0ecaf30ec3147260f584fff24f30e32a975cba82529f3d3c36d4c49ea0de712f
incumbent-R4-C-b66-v3,canonical:vle_obs_0038,vle_obs_0038-pco2,Aronu2011,40.0,0.3530070601412028,85.1,119.23422194160834,evaluated,b66c7b962541a586f5ec50043a5e8b4e62cf52e24eaec02ef33f43e558762a58,868a501831b87e95dedf18ce40e9e7ac949f7c6a4aaf137f717cc493ecfcb7be,0ecaf30ec3147260f584fff24f30e32a975cba82529f3d3c36d4c49ea0de712f
incumbent-R4-C-b66-v3,canonical:vle_obs_0039,vle_obs_0039-pco2,Aronu2011,40.0,0.40100802016040327,183.5,286.28978519553954,evaluated,b66c7b962541a586f5ec50043a5e8b4e62cf52e24eaec02ef33f43e558762a58,868a501831b87e95dedf18ce40e9e7ac949f7c6a4aaf137f717cc493ecfcb7be,0ecaf30ec3147260f584fff24f30e32a975cba82529f3d3c36d4c49ea0de712f
incumbent-R4-C-b66-v3,canonical:vle_obs_0040,vle_obs_0040-pco2,Aronu2011,40.0,0.4170083401668033,292.8,396.00274056879766,evaluated,b66c7b962541a586f5ec50043a5e8b4e62cf52e24eaec02ef33f43e558762a58,868a501831b87e95dedf18ce40e9e7ac949f7c6a4aaf137f717cc493ecfcb7be,0ecaf30ec3147260f584fff24f30e32a975cba82529f3d3c36d4c49ea0de712f
incumbent-R4-C-b66-v3,canonical:vle_obs_0041,vle_obs_0041-pco2,Aronu2011,40.0,0.42100842016840334,318.79999999999995,430.75354806902834,evaluated,b66c7b962541a586f5ec50043a5e8b4e62cf52e24eaec02ef33f43e558762a58,868a501831b87e95dedf18ce40e9e7ac949f7c6a4aaf137f717cc493ecfcb7be,0ecaf30ec3147260f584fff24f30e32a975cba82529f3d3c36d4c49ea0de712f
incumbent-R4-C-b66-v3,canonical:vle_obs_0042,vle_obs_0042-pco2,Aronu2011,40.0,0.43300866017320344,380.90000000000003,558.6149739592109,evaluated,b66c7b962541a586f5ec50043a5e8b4e62cf52e24eaec02ef33f43e558762a58,868a501831b87e95dedf18ce40e9e7ac949f7c6a4aaf137f717cc493ecfcb7be,0ecaf30ec3147260f584fff24f30e32a975cba82529f3d3c36d4c49ea0de712f
incumbent-R4-C-b66-v3,canonical:vle_obs_0043,vle_obs_0043-pco2,Aronu2011,40.0,0.4470089401788036,570.2,767.5605945181165,evaluated,b66c7b962541a586f5ec50043a5e8b4e62cf52e24eaec02ef33f43e558762a58,868a501831b87e95dedf18ce40e9e7ac949f7c6a4aaf137f717cc493ecfcb7be,0ecaf30ec3147260f584fff24f30e32a975cba82529f3d3c36d4c49ea0de712f
incumbent-R4-C-b66-v3,canonical:vle_obs_0044,vle_obs_0044-pco2,Aronu2011,40.0,0.4640092801856037,1066.2,1151.3507483877374,evaluated,b66c7b962541a586f5ec50043a5e8b4e62cf52e24eaec02ef33f43e558762a58,868a501831b87e95dedf18ce40e9e7ac949f7c6a4aaf137f717cc493ecfcb7be,0ecaf30ec3147260f584fff24f30e32a975cba82529f3d3c36d4c49ea0de712f
incumbent-R4-C-b66-v3,canonical:vle_obs_0045,vle_obs_0045-pco2,Aronu2011,40.0,0.4760095201904038,1832.6,1548.7090938709982,evaluated,b66c7b962541a586f5ec50043a5e8b4e62cf52e24eaec02ef33f43e558762a58,868a501831b87e95dedf18ce40e9e7ac949f7c6a4aaf137f717cc493ecfcb7be,0ecaf30ec3147260f584fff24f30e32a975cba82529f3d3c36d4c49ea0de712f
incumbent-R4-C-b66-v3,canonical:vle_obs_0046,vle_obs_0046-pco2,Aronu2011,40.0,0.4770095401908038,1827.8000000000002,1587.8784007490942,evaluated,b66c7b962541a586f5ec50043a5e8b4e62cf52e24eaec02ef33f43e558762a58,868a501831b87e95dedf18ce40e9e7ac949f7c6a4aaf137f717cc493ecfcb7be,0ecaf30ec3147260f584fff24f30e32a975cba82529f3d3c36d4c49ea0de712f
incumbent-R4-C-b66-v3,canonical:vle_obs_0047,vle_obs_0047-pco2,Aronu2011,40.0,0.48500970019400386,2319.3,1940.8470877444972,evaluated,b66c7b962541a586f5ec50043a5e8b4e62cf52e24eaec02ef33f43e558762a58,868a501831b87e95dedf18ce40e9e7ac949f7c6a4aaf137f717cc493ecfcb7be,0ecaf30ec3147260f584fff24f30e32a975cba82529f3d3c36d4c49ea0de712f
incumbent-R4-C-b66-v3,canonical:vle_obs_0048,vle_obs_0048-pco2,Aronu2011,40.0,0.4890097801956039,2857.7,2146.459320664097,evaluated,b66c7b962541a586f5ec50043a5e8b4e62cf52e24eaec02ef33f43e558762a58,868a501831b87e95dedf18ce40e9e7ac949f7c6a4aaf137f717cc493ecfcb7be,0ecaf30ec3147260f584fff24f30e32a975cba82529f3d3c36d4c49ea0de712f
incumbent-R4-C-b66-v3,canonical:vle_obs_0049,vle_obs_0049-pco2,Aronu2011,40.0,0.5160103202064041,8558.3,4194.602049584566,evaluated,b66c7b962541a586f5ec50043a5e8b4e62cf52e24eaec02ef33f43e558762a58,868a501831b87e95dedf18ce40e9e7ac949f7c6a4aaf137f717cc493ecfcb7be,0ecaf30ec3147260f584fff24f30e32a975cba82529f3d3c36d4c49ea0de712f
incumbent-R4-C-b66-v3,canonical:vle_obs_0050,vle_obs_0050-pco2,Aronu2011,40.0,0.5240104802096043,11812.0,5073.788494419975,evaluated,b66c7b962541a586f5ec50043a5e8b4e62cf52e24eaec02ef33f43e558762a58,868a501831b87e95dedf18ce40e9e7ac949f7c6a4aaf137f717cc493ecfcb7be,0ecaf30ec3147260f584fff24f30e32a975cba82529f3d3c36d4c49ea0de712f
incumbent-R4-C-b66-v3,canonical:vle_obs_0051,vle_obs_0051-pco2,Aronu2011,60.0,0.053001060021200426,4.5,3.034341563674881,evaluated,b66c7b962541a586f5ec50043a5e8b4e62cf52e24eaec02ef33f43e558762a58,868a501831b87e95dedf18ce40e9e7ac949f7c6a4aaf137f717cc493ecfcb7be,0ecaf30ec3147260f584fff24f30e32a975cba82529f3d3c36d4c49ea0de712f
incumbent-R4-C-b66-v3,canonical:vle_obs_0052,vle_obs_0052-pco2,Aronu2011,60.0,0.10500210004200083,15.4,12.519313546764694,evaluated,b66c7b962541a586f5ec50043a5e8b4e62cf52e24eaec02ef33f43e558762a58,868a501831b87e95dedf18ce40e9e7ac949f7c6a4aaf137f717cc493ecfcb7be,0ecaf30ec3147260f584fff24f30e32a975cba82529f3d3c36d4c49ea0de712f
incumbent-R4-C-b66-v3,canonical:vle_obs_0053,vle_obs_0053-pco2,Aronu2011,60.0,0.1620032400648013,42.7,36.59264360556322,evaluated,b66c7b962541a586f5ec50043a5e8b4e62cf52e24eaec02ef33f43e558762a58,868a501831b87e95dedf18ce40e9e7ac949f7c6a4aaf137f717cc493ecfcb7be,0ecaf30ec3147260f584fff24f30e32a975cba82529f3d3c36d4c49ea0de712f
incumbent-R4-C-b66-v3,canonical:vle_obs_0054,vle_obs_0054-pco2,Aronu2011,60.0,0.24400488009760196,134.8,133.6530997607801,evaluated,b66c7b962541a586f5ec50043a5e8b4e62cf52e24eaec02ef33f43e558762a58,868a501831b87e95dedf18ce40e9e7ac949f7c6a4aaf137f717cc493ecfcb7be,0ecaf30ec3147260f584fff24f30e32a975cba82529f3d3c36d4c49ea0de712f
incumbent-R4-C-b66-v3,canonical:vle_obs_0055,vle_obs_0055-pco2,Aronu2011,60.0,0.3030060601212024,301.5,331.4959143908178,evaluated,b66c7b962541a586f5ec50043a5e8b4e62cf52e24eaec02ef33f43e558762a58,868a501831b87e95dedf18ce40e9e7ac949f7c6a4aaf137f717cc493ecfcb7be,0ecaf30ec3147260f584fff24f30e32a975cba82529f3d3c36d4c49ea0de712f
incumbent-R4-C-b66-v3,canonical:vle_obs_0056,vle_obs_0056-pco2,Aronu2011,60.0,0.3600072001440029,643.5999999999999,845.5174853845393,evaluated,b66c7b962541a586f5ec50043a5e8b4e62cf52e24eaec02ef33f43e558762a58,868a501831b87e95dedf18ce40e9e7ac949f7c6a4aaf137f717cc493ecfcb7be,0ecaf30ec3147260f584fff24f30e32a975cba82529f3d3c36d4c49ea0de712f
incumbent-R4-C-b66-v3,canonical:vle_obs_0057,vle_obs_0057-pco2,Aronu2011,60.0,0.3930078601572032,1097.0,1529.880790939964,evaluated,b66c7b962541a586f5ec50043a5e8b4e62cf52e24eaec02ef33f43e558762a58,868a501831b87e95dedf18ce40e9e7ac949f7c6a4aaf137f717cc493ecfcb7be,0ecaf30ec3147260f584fff24f30e32a975cba82529f3d3c36d4c49ea0de712f
incumbent-R4-C-b66-v3,canonical:vle_obs_0058,vle_obs_0058-pco2,Aronu2011,60.0,0.4280085601712034,2501.3999999999996,3029.4248764720646,evaluated,b66c7b962541a586f5ec50043a5e8b4e62cf52e24eaec02ef33f43e558762a58,868a501831b87e95dedf18ce40e9e7ac949f7c6a4aaf137f717cc493ecfcb7be,0ecaf30ec3147260f584fff24f30e32a975cba82529f3d3c36d4c49ea0de712f
incumbent-R4-C-b66-v3,canonical:vle_obs_0059,vle_obs_0059-pco2,Aronu2011,60.0,0.49100982019640393,13558.0,11582.569247013995,evaluated,b66c7b962541a586f5ec50043a5e8b4e62cf52e24eaec02ef33f43e558762a58,868a501831b87e95dedf18ce40e9e7ac949f7c6a4aaf137f717cc493ecfcb7be,0ecaf30ec3147260f584fff24f30e32a975cba82529f3d3c36d4c49ea0de712f
incumbent-R4-C-b66-v3,canonical:vle_obs_0060,vle_obs_0060-pco2,Aronu2011,80.0,0.017000340006800136,5.6,1.9369932579287985,evaluated,b66c7b962541a586f5ec50043a5e8b4e62cf52e24eaec02ef33f43e558762a58,868a501831b87e95dedf18ce40e9e7ac949f7c6a4aaf137f717cc493ecfcb7be,0ecaf30ec3147260f584fff24f30e32a975cba82529f3d3c36d4c49ea0de712f
incumbent-R4-C-b66-v3,canonical:vle_obs_0061,vle_obs_0061-pco2,Aronu2011,80.0,0.04000080001600032,21.9,9.250987678466235,evaluated,b66c7b962541a586f5ec50043a5e8b4e62cf52e24eaec02ef33f43e558762a58,868a501831b87e95dedf18ce40e9e7ac949f7c6a4aaf137f717cc493ecfcb7be,0ecaf30ec3147260f584fff24f30e32a975cba82529f3d3c36d4c49ea0de712f
incumbent-R4-C-b66-v3,canonical:vle_obs_0062,vle_obs_0062-pco2,Aronu2011,80.0,0.0750015000300006,55.7,31.756413460851817,evaluated,b66c7b962541a586f5ec50043a5e8b4e62cf52e24eaec02ef33f43e558762a58,868a501831b87e95dedf18ce40e9e7ac949f7c6a4aaf137f717cc493ecfcb7be,0ecaf30ec3147260f584fff24f30e32a975cba82529f3d3c36d4c49ea0de712f
incumbent-R4-C-b66-v3,canonical:vle_obs_0063,vle_obs_0063-pco2,Aronu2011,80.0,0.12200244004880098,140.6,93.71294474672129,evaluated,b66c7b962541a586f5ec50043a5e8b4e62cf52e24eaec02ef33f43e558762a58,868a501831b87e95dedf18ce40e9e7ac949f7c6a4aaf137f717cc493ecfcb7be,0ecaf30ec3147260f584fff24f30e32a975cba82529f3d3c36d4c49ea0de712f
incumbent-R4-C-b66-v3,canonical:vle_obs_0064,vle_obs_0064-pco2,Aronu2011,80.0,0.15500310006200124,248.5,172.59041610181185,evaluated,b66c7b962541a586f5ec50043a5e8b4e62cf52e24eaec02ef33f43e558762a58,868a501831b87e95dedf18ce40e9e7ac949f7c6a4aaf137f717cc493ecfcb7be,0ecaf30ec3147260f584fff24f30e32a975cba82529f3d3c36d4c49ea0de712f
incumbent-R4-C-b66-v3,canonical:vle_obs_0065,vle_obs_0065-pco2,Aronu2011,80.0,0.21600432008640172,613.7,468.16519382275385,evaluated,b66c7b962541a586f5ec50043a5e8b4e62cf52e24eaec02ef33f43e558762a58,868a501831b87e95dedf18ce40e9e7ac949f7c6a4aaf137f717cc493ecfcb7be,0ecaf30ec3147260f584fff24f30e32a975cba82529f3d3c36d4c49ea0de712f
incumbent-R4-C-b66-v3,canonical:vle_obs_0066,vle_obs_0066-pco2,Aronu2011,80.0,0.2710054201084022,1253.8,1095.748627568715,evaluated,b66c7b962541a586f5ec50043a5e8b4e62cf52e24eaec02ef33f43e558762a58,868a501831b87e95dedf18ce40e9e7ac949f7c6a4aaf137f717cc493ecfcb7be,0ecaf30ec3147260f584fff24f30e32a975cba82529f3d3c36d4c49ea0de712f
incumbent-R4-C-b66-v3,canonical:vle_obs_0067,vle_obs_0067-pco2,Aronu2011,80.0,0.34700694013880273,3752.2000000000003,3677.6070390737154,evaluated,b66c7b962541a586f5ec50043a5e8b4e62cf52e24eaec02ef33f43e558762a58,868a501831b87e95dedf18ce40e9e7ac949f7c6a4aaf137f717cc493ecfcb7be,0ecaf30ec3147260f584fff24f30e32a975cba82529f3d3c36d4c49ea0de712f
incumbent-R4-C-b66-v3,canonical:vle_obs_0068,vle_obs_0068-pco2,Aronu2011,80.0,0.4000080001600032,7938.7,9242.148140163163,evaluated,b66c7b962541a586f5ec50043a5e8b4e62cf52e24eaec02ef33f43e558762a58,868a501831b87e95dedf18ce40e9e7ac949f7c6a4aaf137f717cc493ecfcb7be,0ecaf30ec3147260f584fff24f30e32a975cba82529f3d3c36d4c49ea0de712f
incumbent-R4-C-b66-v3,canonical:vle_obs_0069,vle_obs_0069-pco2,Aronu2011,80.0,0.3980079601592032,8303.1,8913.095069940402,evaluated,b66c7b962541a586f5ec50043a5e8b4e62cf52e24eaec02ef33f43e558762a58,868a501831b87e95dedf18ce40e9e7ac949f7c6a4aaf137f717cc493ecfcb7be,0ecaf30ec3147260f584fff24f30e32a975cba82529f3d3c36d4c49ea0de712f
incumbent-R4-C-b66-v3,canonical:vle_obs_0119,vle_obs_0119-pco2,Hilliard2008,40.0,0.15300306006120123,5.7,5.278577581361243,evaluated,b66c7b962541a586f5ec50043a5e8b4e62cf52e24eaec02ef33f43e558762a58,868a501831b87e95dedf18ce40e9e7ac949f7c6a4aaf137f717cc493ecfcb7be,0ecaf30ec3147260f584fff24f30e32a975cba82529f3d3c36d4c49ea0de712f
incumbent-R4-C-b66-v3,canonical:vle_obs_0120,vle_obs_0120-pco2,Hilliard2008,40.0,0.1630032600652013,6.64,6.244074513426705,evaluated,b66c7b962541a586f5ec50043a5e8b4e62cf52e24eaec02ef33f43e558762a58,868a501831b87e95dedf18ce40e9e7ac949f7c6a4aaf137f717cc493ecfcb7be,0ecaf30ec3147260f584fff24f30e32a975cba82529f3d3c36d4c49ea0de712f
incumbent-R4-C-b66-v3,canonical:vle_obs_0121,vle_obs_0121-pco2,Hilliard2008,40.0,0.17000340006800138,7.21,7.0041258302261395,evaluated,b66c7b962541a586f5ec50043a5e8b4e62cf52e24eaec02ef33f43e558762a58,868a501831b87e95dedf18ce40e9e7ac949f7c6a4aaf137f717cc493ecfcb7be,0ecaf30ec3147260f584fff24f30e32a975cba82529f3d3c36d4c49ea0de712f
incumbent-R4-C-b66-v3,canonical:vle_obs_0122,vle_obs_0122-pco2,Hilliard2008,40.0,0.19100382007640154,9.950000000000001,9.781858693168095,evaluated,b66c7b962541a586f5ec50043a5e8b4e62cf52e24eaec02ef33f43e558762a58,868a501831b87e95dedf18ce40e9e7ac949f7c6a4aaf137f717cc493ecfcb7be,0ecaf30ec3147260f584fff24f30e32a975cba82529f3d3c36d4c49ea0de712f
incumbent-R4-C-b66-v3,canonical:vle_obs_0123,vle_obs_0123-pco2,Hilliard2008,40.0,0.19400388007760155,9.85,10.249200810531136,evaluated,b66c7b962541a586f5ec50043a5e8b4e62cf52e24eaec02ef33f43e558762a58,868a501831b87e95dedf18ce40e9e7ac949f7c6a4aaf137f717cc493ecfcb7be,0ecaf30ec3147260f584fff24f30e32a975cba82529f3d3c36d4c49ea0de712f
incumbent-R4-C-b66-v3,canonical:vle_obs_0124,vle_obs_0124-pco2,Hilliard2008,40.0,0.23200464009280186,14.6,18.253384053514743,evaluated,b66c7b962541a586f5ec50043a5e8b4e62cf52e24eaec02ef33f43e558762a58,868a501831b87e95dedf18ce40e9e7ac949f7c6a4aaf137f717cc493ecfcb7be,0ecaf30ec3147260f584fff24f30e32a975cba82529f3d3c36d4c49ea0de712f
incumbent-R4-C-b66-v3,canonical:vle_obs_0125,vle_obs_0125-pco2,Hilliard2008,40.0,0.24600492009840197,19.099999999999998,22.498487414941355,evaluated,b66c7b962541a586f5ec50043a5e8b4e62cf52e24eaec02ef33f43e558762a58,868a501831b87e95dedf18ce40e9e7ac949f7c6a4aaf137f717cc493ecfcb7be,0ecaf30ec3147260f584fff24f30e32a975cba82529f3d3c36d4c49ea0de712f
incumbent-R4-C-b66-v3,canonical:vle_obs_0126,vle_obs_0126-pco2,Hilliard2008,40.0,0.26900538010760217,23.099999999999998,31.723857935608116,evaluated,b66c7b962541a586f5ec50043a5e8b4e62cf52e24eaec02ef33f43e558762a58,868a501831b87e95dedf18ce40e9e7ac949f7c6a4aaf137f717cc493ecfcb7be,0ecaf30ec3147260f584fff24f30e32a975cba82529f3d3c36d4c49ea0de712f
incumbent-R4-C-b66-v3,canonical:vle_obs_0127,vle_obs_0127-pco2,Hilliard2008,40.0,0.2720054401088022,22.4,33.18476132118529,evaluated,b66c7b962541a586f5ec50043a5e8b4e62cf52e24eaec02ef33f43e558762a58,868a501831b87e95dedf18ce40e9e7ac949f7c6a4aaf137f717cc493ecfcb7be,0ecaf30ec3147260f584fff24f30e32a975cba82529f3d3c36d4c49ea0de712f
incumbent-R4-C-b66-v3,canonical:vle_obs_0128,vle_obs_0128-pco2,Hilliard2008,40.0,0.3260065201304026,48.5,76.37235641136422,evaluated,b66c7b962541a586f5ec50043a5e8b4e62cf52e24eaec02ef33f43e558762a58,868a501831b87e95dedf18ce40e9e7ac949f7c6a4aaf137f717cc493ecfcb7be,0ecaf30ec3147260f584fff24f30e32a975cba82529f3d3c36d4c49ea0de712f
incumbent-R4-C-b66-v3,canonical:vle_obs_0129,vle_obs_0129-pco2,Hilliard2008,40.0,0.3480069601392028,66.19999999999999,109.56729399665188,evaluated,b66c7b962541a586f5ec50043a5e8b4e62cf52e24eaec02ef33f43e558762a58,868a501831b87e95dedf18ce40e9e7ac949f7c6a4aaf137f717cc493ecfcb7be,0ecaf30ec3147260f584fff24f30e32a975cba82529f3d3c36d4c49ea0de712f
incumbent-R4-C-b66-v3,canonical:vle_obs_0130,vle_obs_0130-pco2,Hilliard2008,40.0,0.3500070001400028,72.1,113.32222889423059,evaluated,b66c7b962541a586f5ec50043a5e8b4e62cf52e24eaec02ef33f43e558762a58,868a501831b87e95dedf18ce40e9e7ac949f7c6a4aaf137f717cc493ecfcb7be,0ecaf30ec3147260f584fff24f30e32a975cba82529f3d3c36d4c49ea0de712f
incumbent-R4-C-b66-v3,canonical:vle_obs_0131,vle_obs_0131-pco2,Hilliard2008,40.0,0.3600072001440029,96.60000000000001,134.46018331443977,evaluated,b66c7b962541a586f5ec50043a5e8b4e62cf52e24eaec02ef33f43e558762a58,868a501831b87e95dedf18ce40e9e7ac949f7c6a4aaf137f717cc493ecfcb7be,0ecaf30ec3147260f584fff24f30e32a975cba82529f3d3c36d4c49ea0de712f
incumbent-R4-C-b66-v3,canonical:vle_obs_0132,vle_obs_0132-pco2,Hilliard2008,40.0,0.3820076401528031,131.0,199.26517707199147,evaluated,b66c7b962541a586f5ec50043a5e8b4e62cf52e24eaec02ef33f43e558762a58,868a501831b87e95dedf18ce40e9e7ac949f7c6a4aaf137f717cc493ecfcb7be,0ecaf30ec3147260f584fff24f30e32a975cba82529f3d3c36d4c49ea0de712f
incumbent-R4-C-b66-v3,canonical:vle_obs_0133,vle_obs_0133-pco2,Hilliard2008,40.0,0.3860077201544031,120.0,214.6548587881976,evaluated,b66c7b962541a586f5ec50043a5e8b4e62cf52e24eaec02ef33f43e558762a58,868a501831b87e95dedf18ce40e9e7ac949f7c6a4aaf137f717cc493ecfcb7be,0ecaf30ec3147260f584fff24f30e32a975cba82529f3d3c36d4c49ea0de712f
incumbent-R4-C-b66-v3,canonical:vle_obs_0134,vle_obs_0134-pco2,Hilliard2008,40.0,0.3890077801556031,113.0,227.11717854044056,evaluated,b66c7b962541a586f5ec50043a5e8b4e62cf52e24eaec02ef33f43e558762a58,868a501831b87e95dedf18ce40e9e7ac949f7c6a4aaf137f717cc493ecfcb7be,0ecaf30ec3147260f584fff24f30e32a975cba82529f3d3c36d4c49ea0de712f
incumbent-R4-C-b66-v3,canonical:vle_obs_0135,vle_obs_0135-pco2,Hilliard2008,40.0,0.4000080001600032,128.0,280.7152221238345,evaluated,b66c7b962541a586f5ec50043a5e8b4e62cf52e24eaec02ef33f43e558762a58,868a501831b87e95dedf18ce40e9e7ac949f7c6a4aaf137f717cc493ecfcb7be,0ecaf30ec3147260f584fff24f30e32a975cba82529f3d3c36d4c49ea0de712f
incumbent-R4-C-b66-v3,canonical:vle_obs_0136,vle_obs_0136-pco2,Hilliard2008,40.0,0.4640092801856037,750.0,1151.3507483877374,evaluated,b66c7b962541a586f5ec50043a5e8b4e62cf52e24eaec02ef33f43e558762a58,868a501831b87e95dedf18ce40e9e7ac949f7c6a4aaf137f717cc493ecfcb7be,0ecaf30ec3147260f584fff24f30e32a975cba82529f3d3c36d4c49ea0de712f
incumbent-R4-C-b66-v3,canonical:vle_obs_0137,vle_obs_0137-pco2,Hilliard2008,40.0,0.4660093201864038,574.0,1209.0800753584167,evaluated,b66c7b962541a586f5ec50043a5e8b4e62cf52e24eaec02ef33f43e558762a58,868a501831b87e95dedf18ce40e9e7ac949f7c6a4aaf137f717cc493ecfcb7be,0ecaf30ec3147260f584fff24f30e32a975cba82529f3d3c36d4c49ea0de712f
incumbent-R4-C-b66-v3,canonical:vle_obs_0138,vle_obs_0138-pco2,Hilliard2008,40.0,0.48100962019240384,883.0,1755.218856750106,evaluated,b66c7b962541a586f5ec50043a5e8b4e62cf52e24eaec02ef33f43e558762a58,868a501831b87e95dedf18ce40e9e7ac949f7c6a4aaf137f717cc493ecfcb7be,0ecaf30ec3147260f584fff24f30e32a975cba82529f3d3c36d4c49ea0de712f
incumbent-R4-C-b66-v3,canonical:vle_obs_0139,vle_obs_0139-pco2,Hilliard2008,40.0,0.49100982019640393,1100.0,2257.3071911832194,evaluated,b66c7b962541a586f5ec50043a5e8b4e62cf52e24eaec02ef33f43e558762a58,868a501831b87e95dedf18ce40e9e7ac949f7c6a4aaf137f717cc493ecfcb7be,0ecaf30ec3147260f584fff24f30e32a975cba82529f3d3c36d4c49ea0de712f
incumbent-R4-C-b66-v3,canonical:vle_obs_0140,vle_obs_0140-pco2,Hilliard2008,40.0,0.501010020200404,1870.0,2901.013586935121,evaluated,b66c7b962541a586f5ec50043a5e8b4e62cf52e24eaec02ef33f43e558762a58,868a501831b87e95dedf18ce40e9e7ac949f7c6a4aaf137f717cc493ecfcb7be,0ecaf30ec3147260f584fff24f30e32a975cba82529f3d3c36d4c49ea0de712f
incumbent-R4-C-b66-v3,canonical:vle_obs_0141,vle_obs_0141-pco2,Hilliard2008,40.0,0.5180103602072041,3030.0,4401.144131798669,evaluated,b66c7b962541a586f5ec50043a5e8b4e62cf52e24eaec02ef33f43e558762a58,868a501831b87e95dedf18ce40e9e7ac949f7c6a4aaf137f717cc493ecfcb7be,0ecaf30ec3147260f584fff24f30e32a975cba82529f3d3c36d4c49ea0de712f
incumbent-R4-C-b66-v3,canonical:vle_obs_0142,vle_obs_0142-pco2,Hilliard2008,40.0,0.5910118202364048,28300.0,19184.6052501151,evaluated,b66c7b962541a586f5ec50043a5e8b4e62cf52e24eaec02ef33f43e558762a58,868a501831b87e95dedf18ce40e9e7ac949f7c6a4aaf137f717cc493ecfcb7be,0ecaf30ec3147260f584fff24f30e32a975cba82529f3d3c36d4c49ea0de712f
incumbent-R4-C-b66-v3,canonical:vle_obs_0143,vle_obs_0143-pco2,Hilliard2008,60.0,0.11400228004560092,19.400000000000002,15.120382046226142,evaluated,b66c7b962541a586f5ec50043a5e8b4e62cf52e24eaec02ef33f43e558762a58,868a501831b87e95dedf18ce40e9e7ac949f7c6a4aaf137f717cc493ecfcb7be,0ecaf30ec3147260f584fff24f30e32a975cba82529f3d3c36d4c49ea0de712f
incumbent-R4-C-b66-v3,canonical:vle_obs_0144,vle_obs_0144-pco2,Hilliard2008,60.0,0.19100382007640154,58.9,58.82759325119023,evaluated,b66c7b962541a586f5ec50043a5e8b4e62cf52e24eaec02ef33f43e558762a58,868a501831b87e95dedf18ce40e9e7ac949f7c6a4aaf137f717cc493ecfcb7be,0ecaf30ec3147260f584fff24f30e32a975cba82529f3d3c36d4c49ea0de712f
incumbent-R4-C-b66-v3,canonical:vle_obs_0145,vle_obs_0145-pco2,Hilliard2008,60.0,0.2910058201164023,209.0,274.7873949628868,evaluated,b66c7b962541a586f5ec50043a5e8b4e62cf52e24eaec02ef33f43e558762a58,868a501831b87e95dedf18ce40e9e7ac949f7c6a4aaf137f717cc493ecfcb7be,0ecaf30ec3147260f584fff24f30e32a975cba82529f3d3c36d4c49ea0de712f
incumbent-R4-C-b66-v3,canonical:vle_obs_0146,vle_obs_0146-pco2,Hilliard2008,60.0,0.3860077201544031,763.0,1343.7851709598092,evaluated,b66c7b962541a586f5ec50043a5e8b4e62cf52e24eaec02ef33f43e558762a58,868a501831b87e95dedf18ce40e9e7ac949f7c6a4aaf137f717cc493ecfcb7be,0ecaf30ec3147260f584fff24f30e32a975cba82529f3d3c36d4c49ea0de712f
incumbent-R4-C-b66-v3,canonical:vle_obs_0147,vle_obs_0147-pco2,Hilliard2008,60.0,0.48500970019400386,4860.0,10179.151487524226,evaluated,b66c7b962541a586f5ec50043a5e8b4e62cf52e24eaec02ef33f43e558762a58,868a501831b87e95dedf18ce40e9e7ac949f7c6a4aaf137f717cc493ecfcb7be,0ecaf30ec3147260f584fff24f30e32a975cba82529f3d3c36d4c49ea0de712f
incumbent-R4-C-b66-v3,canonical:vle_obs_0148,vle_obs_0148-pco2,Hilliard2008,60.0,0.5440108802176044,25800.0,33565.566576981975,evaluated,b66c7b962541a586f5ec50043a5e8b4e62cf52e24eaec02ef33f43e558762a58,868a501831b87e95dedf18ce40e9e7ac949f7c6a4aaf137f717cc493ecfcb7be,0ecaf30ec3147260f584fff24f30e32a975cba82529f3d3c36d4c49ea0de712f
incumbent-R4-C-b66-v3,canonical:vle_obs_0162,vle_obs_0162-pco2,Idris2014,40.0,0.24200484009680193,21.0,21.195072423389817,evaluated,b66c7b962541a586f5ec50043a5e8b4e62cf52e24eaec02ef33f43e558762a58,868a501831b87e95dedf18ce40e9e7ac949f7c6a4aaf137f717cc493ecfcb7be,0ecaf30ec3147260f584fff24f30e32a975cba82529f3d3c36d4c49ea0de712f
incumbent-R4-C-b66-v3,canonical:vle_obs_0163,vle_obs_0163-pco2,Idris2014,40.0,0.3210064201284026,38.0,70.51181496500391,evaluated,b66c7b962541a586f5ec50043a5e8b4e62cf52e24eaec02ef33f43e558762a58,868a501831b87e95dedf18ce40e9e7ac949f7c6a4aaf137f717cc493ecfcb7be,0ecaf30ec3147260f584fff24f30e32a975cba82529f3d3c36d4c49ea0de712f
incumbent-R4-C-b66-v3,canonical:vle_obs_0164,vle_obs_0164-pco2,Idris2014,40.0,0.33000660013200267,43.0,81.45309162124288,evaluated,b66c7b962541a586f5ec50043a5e8b4e62cf52e24eaec02ef33f43e558762a58,868a501831b87e95dedf18ce40e9e7ac949f7c6a4aaf137f717cc493ecfcb7be,0ecaf30ec3147260f584fff24f30e32a975cba82529f3d3c36d4c49ea0de712f
incumbent-R4-C-b66-v3,canonical:vle_obs_0165,vle_obs_0165-pco2,Idris2014,40.0,0.3450069001380027,50.0,104.19811469205887,evaluated,b66c7b962541a586f5ec50043a5e8b4e62cf52e24eaec02ef33f43e558762a58,868a501831b87e95dedf18ce40e9e7ac949f7c6a4aaf137f717cc493ecfcb7be,0ecaf30ec3147260f584fff24f30e32a975cba82529f3d3c36d4c49ea0de712f
incumbent-R4-C-b66-v3,canonical:vle_obs_0166,vle_obs_0166-pco2,Idris2014,40.0,0.3520070401408028,64.0,117.22513691968254,evaluated,b66c7b962541a586f5ec50043a5e8b4e62cf52e24eaec02ef33f43e558762a58,868a501831b87e95dedf18ce40e9e7ac949f7c6a4aaf137f717cc493ecfcb7be,0ecaf30ec3147260f584fff24f30e32a975cba82529f3d3c36d4c49ea0de712f
incumbent-R4-C-b66-v3,canonical:vle_obs_0167,vle_obs_0167-pco2,Idris2014,40.0,0.3550071001420028,97.0,123.37213788671474,evaluated,b66c7b962541a586f5ec50043a5e8b4e62cf52e24eaec02ef33f43e558762a58,868a501831b87e95dedf18ce40e9e7ac949f7c6a4aaf137f717cc493ecfcb7be,0ecaf30ec3147260f584fff24f30e32a975cba82529f3d3c36d4c49ea0de712f
incumbent-R4-C-b66-v3,canonical:vle_obs_0168,vle_obs_0168-pco2,Idris2014,40.0,0.375007500150003,107.0,175.3322068174005,evaluated,b66c7b962541a586f5ec50043a5e8b4e62cf52e24eaec02ef33f43e558762a58,868a501831b87e95dedf18ce40e9e7ac949f7c6a4aaf137f717cc493ecfcb7be,0ecaf30ec3147260f584fff24f30e32a975cba82529f3d3c36d4c49ea0de712f
incumbent-R4-C-b66-v3,canonical:vle_obs_0169,vle_obs_0169-pco2,Idris2014,40.0,0.377007540150803,123.0,181.80939948208453,evaluated,b66c7b962541a586f5ec50043a5e8b4e62cf52e24eaec02ef33f43e558762a58,868a501831b87e95dedf18ce40e9e7ac949f7c6a4aaf137f717cc493ecfcb7be,0ecaf30ec3147260f584fff24f30e32a975cba82529f3d3c36d4c49ea0de712f
incumbent-R4-C-b66-v3,canonical:vle_obs_0170,vle_obs_0170-pco2,Idris2014,40.0,0.4360087201744035,445.0,597.1935206272129,evaluated,b66c7b962541a586f5ec50043a5e8b4e62cf52e24eaec02ef33f43e558762a58,868a501831b87e95dedf18ce40e9e7ac949f7c6a4aaf137f717cc493ecfcb7be,0ecaf30ec3147260f584fff24f30e32a975cba82529f3d3c36d4c49ea0de712f
incumbent-R4-C-b66-v3,canonical:vle_obs_0171,vle_obs_0171-pco2,Idris2014,40.0,0.4600092001840037,813.0,1044.7632991330875,evaluated,b66c7b962541a586f5ec50043a5e8b4e62cf52e24eaec02ef33f43e558762a58,868a501831b87e95dedf18ce40e9e7ac949f7c6a4aaf137f717cc493ecfcb7be,0ecaf30ec3147260f584fff24f30e32a975cba82529f3d3c36d4c49ea0de712f
incumbent-R4-C-b66-v3,canonical:vle_obs_0186,vle_obs_0186-pco2,Jou1995,40.0,0.08880177603552071,1.47,1.483610252210854,evaluated,b66c7b962541a586f5ec50043a5e8b4e62cf52e24eaec02ef33f43e558762a58,868a501831b87e95dedf18ce40e9e7ac949f7c6a4aaf137f717cc493ecfcb7be,0ecaf30ec3147260f584fff24f30e32a975cba82529f3d3c36d4c49ea0de712f
incumbent-R4-C-b66-v3,canonical:vle_obs_0187,vle_obs_0187-pco2,Jou1995,40.0,0.20300406008120164,8.959999999999999,11.775047670761777,evaluated,b66c7b962541a586f5ec50043a5e8b4e62cf52e24eaec02ef33f43e558762a58,868a501831b87e95dedf18ce40e9e7ac949f7c6a4aaf137f717cc493ecfcb7be,0ecaf30ec3147260f584fff24f30e32a975cba82529f3d3c36d4c49ea0de712f
incumbent-R4-C-b66-v3,canonical:vle_obs_0188,vle_obs_0188-pco2,Jou1995,40.0,0.3650073001460029,67.7,146.71469248188112,evaluated,b66c7b962541a586f5ec50043a5e8b4e62cf52e24eaec02ef33f43e558762a58,868a501831b87e95dedf18ce40e9e7ac949f7c6a4aaf137f717cc493ecfcb7be,0ecaf30ec3147260f584fff24f30e32a975cba82529f3d3c36d4c49ea0de712f
incumbent-R4-C-b66-v3,canonical:vle_obs_0189,vle_obs_0189-pco2,Jou1995,40.0,0.47350947018940376,604.0,1455.1817673405974,evaluated,b66c7b962541a586f5ec50043a5e8b4e62cf52e24eaec02ef33f43e558762a58,868a501831b87e95dedf18ce40e9e7ac949f7c6a4aaf137f717cc493ecfcb7be,0ecaf30ec3147260f584fff24f30e32a975cba82529f3d3c36d4c49ea0de712f
incumbent-R4-C-b66-v3,canonical:vle_obs_0190,vle_obs_0190-pco2,Jou1995,40.0,0.5130102602052041,2570.0,3900.6405365692312,evaluated,b66c7b962541a586f5ec50043a5e8b4e62cf52e24eaec02ef33f43e558762a58,868a501831b87e95dedf18ce40e9e7ac949f7c6a4aaf137f717cc493ecfcb7be,0ecaf30ec3147260f584fff24f30e32a975cba82529f3d3c36d4c49ea0de712f
incumbent-R4-C-b66-v3,canonical:vle_obs_0191,vle_obs_0191-pco2,Jou1995,40.0,0.5570111402228045,8090.0,10391.937359291034,evaluated,b66c7b962541a586f5ec50043a5e8b4e62cf52e24eaec02ef33f43e558762a58,868a501831b87e95dedf18ce40e9e7ac949f7c6a4aaf137f717cc493ecfcb7be,0ecaf30ec3147260f584fff24f30e32a975cba82529f3d3c36d4c49ea0de712f
incumbent-R4-C-b66-v3,canonical:vle_obs_0192,vle_obs_0192-pco2,Jou1995,40.0,0.6090121802436048,36100.0,25338.379090567407,evaluated,b66c7b962541a586f5ec50043a5e8b4e62cf52e24eaec02ef33f43e558762a58,868a501831b87e95dedf18ce40e9e7ac949f7c6a4aaf137f717cc493ecfcb7be,0ecaf30ec3147260f584fff24f30e32a975cba82529f3d3c36d4c49ea0de712f
incumbent-R4-C-b66-v3,canonical:vle_obs_0193,vle_obs_0193-pco2,Jou1995,40.0,0.6420128402568052,103000.0,39466.12070931115,evaluated,b66c7b962541a586f5ec50043a5e8b4e62cf52e24eaec02ef33f43e558762a58,868a501831b87e95dedf18ce40e9e7ac949f7c6a4aaf137f717cc493ecfcb7be,0ecaf30ec3147260f584fff24f30e32a975cba82529f3d3c36d4c49ea0de712f
incumbent-R4-C-b66-v3,canonical:vle_obs_0194,vle_obs_0194-pco2,Jou1995,60.0,0.05640112802256045,4.28,3.4247374765010914,evaluated,b66c7b962541a586f5ec50043a5e8b4e62cf52e24eaec02ef33f43e558762a58,868a501831b87e95dedf18ce40e9e7ac949f7c6a4aaf137f717cc493ecfcb7be,0ecaf30ec3147260f584fff24f30e32a975cba82529f3d3c36d4c49ea0de712f
incumbent-R4-C-b66-v3,canonical:vle_obs_0195,vle_obs_0195-pco2,Jou1995,60.0,0.11900238004760096,19.3,16.724165093894484,evaluated,b66c7b962541a586f5ec50043a5e8b4e62cf52e24eaec02ef33f43e558762a58,868a501831b87e95dedf18ce40e9e7ac949f7c6a4aaf137f717cc493ecfcb7be,0ecaf30ec3147260f584fff24f30e32a975cba82529f3d3c36d4c49ea0de712f
incumbent-R4-C-b66-v3,canonical:vle_obs_0196,vle_obs_0196-pco2,Jou1995,60.0,0.20600412008240165,57.9,74.50657040890916,evaluated,b66c7b962541a586f5ec50043a5e8b4e62cf52e24eaec02ef33f43e558762a58,868a501831b87e95dedf18ce40e9e7ac949f7c6a4aaf137f717cc493ecfcb7be,0ecaf30ec3147260f584fff24f30e32a975cba82529f3d3c36d4c49ea0de712f
incumbent-R4-C-b66-v3,canonical:vle_obs_0197,vle_obs_0197-pco2,Jou1995,60.0,0.3890077801556031,528.0,1420.2072680281387,evaluated,b66c7b962541a586f5ec50043a5e8b4e62cf52e24eaec02ef33f43e558762a58,868a501831b87e95dedf18ce40e9e7ac949f7c6a4aaf137f717cc493ecfcb7be,0ecaf30ec3147260f584fff24f30e32a975cba82529f3d3c36d4c49ea0de712f
incumbent-R4-C-b66-v3,canonical:vle_obs_0198,vle_obs_0198-pco2,Jou1995,60.0,0.4380087601752035,2009.9999999999998,3721.2491038019148,evaluated,b66c7b962541a586f5ec50043a5e8b4e62cf52e24eaec02ef33f43e558762a58,868a501831b87e95dedf18ce40e9e7ac949f7c6a4aaf137f717cc493ecfcb7be,0ecaf30ec3147260f584fff24f30e32a975cba82529f3d3c36d4c49ea0de712f
incumbent-R4-C-b66-v3,canonical:vle_obs_0199,vle_obs_0199-pco2,Jou1995,60.0,0.5040100802016041,11000.0,15266.134184377448,evaluated,b66c7b962541a586f5ec50043a5e8b4e62cf52e24eaec02ef33f43e558762a58,868a501831b87e95dedf18ce40e9e7ac949f7c6a4aaf137f717cc493ecfcb7be,0ecaf30ec3147260f584fff24f30e32a975cba82529f3d3c36d4c49ea0de712f
incumbent-R4-C-b66-v3,canonical:vle_obs_0200,vle_obs_0200-pco2,Jou1995,60.0,0.5610112202244045,34000.0,45139.01209793807,evaluated,b66c7b962541a586f5ec50043a5e8b4e62cf52e24eaec02ef33f43e558762a58,868a501831b87e95dedf18ce40e9e7ac949f7c6a4aaf137f717cc493ecfcb7be,0ecaf30ec3147260f584fff24f30e32a975cba82529f3d3c36d4c49ea0de712f
incumbent-R4-C-b66-v3,canonical:vle_obs_0201,vle_obs_0201-pco2,Jou1995,60.0,0.5790115802316046,82000.0,60109.572800762005,evaluated,b66c7b962541a586f5ec50043a5e8b4e62cf52e24eaec02ef33f43e558762a58,868a501831b87e95dedf18ce40e9e7ac949f7c6a4aaf137f717cc493ecfcb7be,0ecaf30ec3147260f584fff24f30e32a975cba82529f3d3c36d4c49ea0de712f
incumbent-R4-C-b66-v3,canonical:vle_obs_0202,vle_obs_0202-pco2,Jou1995,60.0,0.6680133602672054,282000.0,174871.29863601402,evaluated,b66c7b962541a586f5ec50043a5e8b4e62cf52e24eaec02ef33f43e558762a58,868a501831b87e95dedf18ce40e9e7ac949f7c6a4aaf137f717cc493ecfcb7be,0ecaf30ec3147260f584fff24f30e32a975cba82529f3d3c36d4c49ea0de712f
incumbent-R4-C-b66-v3,canonical:vle_obs_0203,vle_obs_0203-pco2,Jou1995,80.0,0.017400348006960137,2.96,2.019598970511516,evaluated,b66c7b962541a586f5ec50043a5e8b4e62cf52e24eaec02ef33f43e558762a58,868a501831b87e95dedf18ce40e9e7ac949f7c6a4aaf137f717cc493ecfcb7be,0ecaf30ec3147260f584fff24f30e32a975cba82529f3d3c36d4c49ea0de712f
incumbent-R4-C-b66-v3,canonical:vle_obs_0204,vle_obs_0204-pco2,Jou1995,80.0,0.02360047200944019,4.84,3.5001544270276286,evaluated,b66c7b962541a586f5ec50043a5e8b4e62cf52e24eaec02ef33f43e558762a58,868a501831b87e95dedf18ce40e9e7ac949f7c6a4aaf137f717cc493ecfcb7be,0ecaf30ec3147260f584fff24f30e32a975cba82529f3d3c36d4c49ea0de712f
incumbent-R4-C-b66-v3,canonical:vle_obs_0205,vle_obs_0205-pco2,Jou1995,80.0,0.07810156203124063,46.5,34.55376054614381,evaluated,b66c7b962541a586f5ec50043a5e8b4e62cf52e24eaec02ef33f43e558762a58,868a501831b87e95dedf18ce40e9e7ac949f7c6a4aaf137f717cc493ecfcb7be,0ecaf30ec3147260f584fff24f30e32a975cba82529f3d3c36d4c49ea0de712f
incumbent-R4-C-b66-v3,canonical:vle_obs_0206,vle_obs_0206-pco2,Jou1995,80.0,0.11800236004720094,99.2,86.51058814680364,evaluated,b66c7b962541a586f5ec50043a5e8b4e62cf52e24eaec02ef33f43e558762a58,868a501831b87e95dedf18ce40e9e7ac949f7c6a4aaf137f717cc493ecfcb7be,0ecaf30ec3147260f584fff24f30e32a975cba82529f3d3c36d4c49ea0de712f
incumbent-R4-C-b66-v3,canonical:vle_obs_0207,vle_obs_0207-pco2,Jou1995,80.0,0.1870037400748015,278.0,295.2397147521523,evaluated,b66c7b962541a586f5ec50043a5e8b4e62cf52e24eaec02ef33f43e558762a58,868a501831b87e95dedf18ce40e9e7ac949f7c6a4aaf137f717cc493ecfcb7be,0ecaf30ec3147260f584fff24f30e32a975cba82529f3d3c36d4c49ea0de712f
incumbent-R4-C-b66-v3,canonical:vle_obs_0208,vle_obs_0208-pco2,Jou1995,80.0,0.3480069601392028,2670.0,3739.4207756134037,evaluated,b66c7b962541a586f5ec50043a5e8b4e62cf52e24eaec02ef33f43e558762a58,868a501831b87e95dedf18ce40e9e7ac949f7c6a4aaf137f717cc493ecfcb7be,0ecaf30ec3147260f584fff24f30e32a975cba82529f3d3c36d4c49ea0de712f
incumbent-R4-C-b66-v3,canonical:vle_obs_0209,vle_obs_0209-pco2,Jou1995,80.0,0.4600092001840037,16000.0,28574.115084716534,evaluated,b66c7b962541a586f5ec50043a5e8b4e62cf52e24eaec02ef33f43e558762a58,868a501831b87e95dedf18ce40e9e7ac949f7c6a4aaf137f717cc493ecfcb7be,0ecaf30ec3147260f584fff24f30e32a975cba82529f3d3c36d4c49ea0de712f
incumbent-R4-C-b66-v3,canonical:vle_obs_0210,vle_obs_0210-pco2,Jou1995,80.0,0.5170103402068041,56000.0,81348.57084394229,evaluated,b66c7b962541a586f5ec50043a5e8b4e62cf52e24eaec02ef33f43e558762a58,868a501831b87e95dedf18ce40e9e7ac949f7c6a4aaf137f717cc493ecfcb7be,0ecaf30ec3147260f584fff24f30e32a975cba82529f3d3c36d4c49ea0de712f
incumbent-R4-C-b66-v3,canonical:vle_obs_0211,vle_obs_0211-pco2,Jou1995,80.0,0.5785115702314046,235000.0,202335.6546784252,evaluated,b66c7b962541a586f5ec50043a5e8b4e62cf52e24eaec02ef33f43e558762a58,868a501831b87e95dedf18ce40e9e7ac949f7c6a4aaf137f717cc493ecfcb7be,0ecaf30ec3147260f584fff24f30e32a975cba82529f3d3c36d4c49ea0de712f
incumbent-R4-C-b66-v3,canonical:vle_obs_0212,vle_obs_0212-pco2,Jou1995,80.0,0.6400128002560052,558000.0,387670.67531759304,evaluated,b66c7b962541a586f5ec50043a5e8b4e62cf52e24eaec02ef33f43e558762a58,868a501831b87e95dedf18ce40e9e7ac949f7c6a4aaf137f717cc493ecfcb7be,0ecaf30ec3147260f584fff24f30e32a975cba82529f3d3c36d4c49ea0de712f
incumbent-R4-C-b66-v3,canonical:vle_obs_0213,vle_obs_0213-pco2,Jou1995,80.0,0.6890137802756054,958000.0,565870.1787802386,evaluated,b66c7b962541a586f5ec50043a5e8b4e62cf52e24eaec02ef33f43e558762a58,868a501831b87e95dedf18ce40e9e7ac949f7c6a4aaf137f717cc493ecfcb7be,0ecaf30ec3147260f584fff24f30e32a975cba82529f3d3c36d4c49ea0de712f
incumbent-R4-C-b66-v3,canonical:vle_obs_0214,vle_obs_0214-pco2,Jou1995,100.0,0.011700234004680093,7.24,4.73336539031089,evaluated,b66c7b962541a586f5ec50043a5e8b4e62cf52e24eaec02ef33f43e558762a58,868a501831b87e95dedf18ce40e9e7ac949f7c6a4aaf137f717cc493ecfcb7be,0ecaf30ec3147260f584fff24f30e32a975cba82529f3d3c36d4c49ea0de712f
incumbent-R4-C-b66-v3,canonical:vle_obs_0215,vle_obs_0215-pco2,Jou1995,100.0,0.05660113202264045,136.0,85.88954473348606,evaluated,b66c7b962541a586f5ec50043a5e8b4e62cf52e24eaec02ef33f43e558762a58,868a501831b87e95dedf18ce40e9e7ac949f7c6a4aaf137f717cc493ecfcb7be,0ecaf30ec3147260f584fff24f30e32a975cba82529f3d3c36d4c49ea0de712f
incumbent-R4-C-b66-v3,canonical:vle_obs_0216,vle_obs_0216-pco2,Jou1995,100.0,0.1880037600752015,1430.0,1453.611955064825,evaluated,b66c7b962541a586f5ec50043a5e8b4e62cf52e24eaec02ef33f43e558762a58,868a501831b87e95dedf18ce40e9e7ac949f7c6a4aaf137f717cc493ecfcb7be,0ecaf30ec3147260f584fff24f30e32a975cba82529f3d3c36d4c49ea0de712f
incumbent-R4-C-b66-v3,canonical:vle_obs_0217,vle_obs_0217-pco2,Jou1995,100.0,0.3810076201524031,19000.0,30922.994524767095,evaluated,b66c7b962541a586f5ec50043a5e8b4e62cf52e24eaec02ef33f43e558762a58,868a501831b87e95dedf18ce40e9e7ac949f7c6a4aaf137f717cc493ecfcb7be,0ecaf30ec3147260f584fff24f30e32a975cba82529f3d3c36d4c49ea0de712f
incumbent-R4-C-b66-v3,canonical:vle_obs_0218,vle_obs_0218-pco2,Jou1995,100.0,0.42200844016880334,39000.0,61869.768341041156,evaluated,b66c7b962541a586f5ec50043a5e8b4e62cf52e24eaec02ef33f43e558762a58,868a501831b87e95dedf18ce40e9e7ac949f7c6a4aaf137f717cc493ecfcb7be,0ecaf30ec3147260f584fff24f30e32a975cba82529f3d3c36d4c49ea0de712f
incumbent-R4-C-b66-v3,canonical:vle_obs_0219,vle_obs_0219-pco2,Jou1995,100.0,0.4770095401908038,69000.0,153850.03888918424,evaluated,b66c7b962541a586f5ec50043a5e8b4e62cf52e24eaec02ef33f43e558762a58,868a501831b87e95dedf18ce40e9e7ac949f7c6a4aaf137f717cc493ecfcb7be,0ecaf30ec3147260f584fff24f30e32a975cba82529f3d3c36d4c49ea0de712f
incumbent-R4-C-b66-v3,canonical:vle_obs_0220,vle_obs_0220-pco2,Jou1995,100.0,0.48100962019240384,109000.0,163784.40735046557,evaluated,b66c7b962541a586f5ec50043a5e8b4e62cf52e24eaec02ef33f43e558762a58,868a501831b87e95dedf18ce40e9e7ac949f7c6a4aaf137f717cc493ecfcb7be,0ecaf30ec3147260f584fff24f30e32a975cba82529f3d3c36d4c49ea0de712f
incumbent-R4-C-b66-v3,canonical:vle_obs_0221,vle_obs_0221-pco2,Jou1995,100.0,0.5710114202284046,509000.0,522541.5229849844,evaluated,b66c7b962541a586f5ec50043a5e8b4e62cf52e24eaec02ef33f43e558762a58,868a501831b87e95dedf18ce40e9e7ac949f7c6a4aaf137f717cc493ecfcb7be,0ecaf30ec3147260f584fff24f30e32a975cba82529f3d3c36d4c49ea0de712f
incumbent-R4-C-b66-v3,canonical:vle_obs_0222,vle_obs_0222-pco2,Jou1995,100.0,0.5890117802356047,376000.0,620851.6298650283,evaluated,b66c7b962541a586f5ec50043a5e8b4e62cf52e24eaec02ef33f43e558762a58,868a501831b87e95dedf18ce40e9e7ac949f7c6a4aaf137f717cc493ecfcb7be,0ecaf30ec3147260f584fff24f30e32a975cba82529f3d3c36d4c49ea0de712f
incumbent-R4-C-b66-v3,canonical:vle_obs_0223,vle_obs_0223-pco2,Jou1995,100.0,0.613512270245405,909000.0,763907.7687309729,evaluated,b66c7b962541a586f5ec50043a5e8b4e62cf52e24eaec02ef33f43e558762a58,868a501831b87e95dedf18ce40e9e7ac949f7c6a4aaf137f717cc493ecfcb7be,0ecaf30ec3147260f584fff24f30e32a975cba82529f3d3c36d4c49ea0de712f
incumbent-R4-C-b66-v3,canonical:vle_obs_0224,vle_obs_0224-pco2,Jou1995,120.0,0.0033300666013320267,2.02,2.309080764571446,evaluated,b66c7b962541a586f5ec50043a5e8b4e62cf52e24eaec02ef33f43e558762a58,868a501831b87e95dedf18ce40e9e7ac949f7c6a4aaf137f717cc493ecfcb7be,0ecaf30ec3147260f584fff24f30e32a975cba82529f3d3c36d4c49ea0de712f
incumbent-R4-C-b66-v3,canonical:vle_obs_0225,vle_obs_0225-pco2,Jou1995,120.0,0.01120022400448009,22.1,19.2775244607879,evaluated,b66c7b962541a586f5ec50043a5e8b4e62cf52e24eaec02ef33f43e558762a58,868a501831b87e95dedf18ce40e9e7ac949f7c6a4aaf137f717cc493ecfcb7be,0ecaf30ec3147260f584fff24f30e32a975cba82529f3d3c36d4c49ea0de712f
incumbent-R4-C-b66-v3,canonical:vle_obs_0226,vle_obs_0226-pco2,Jou1995,120.0,0.024700494009880197,98.4,79.63045860125465,evaluated,b66c7b962541a586f5ec50043a5e8b4e62cf52e24eaec02ef33f43e558762a58,868a501831b87e95dedf18ce40e9e7ac949f7c6a4aaf137f717cc493ecfcb7be,0ecaf30ec3147260f584fff24f30e32a975cba82529f3d3c36d4c49ea0de712f
incumbent-R4-C-b66-v3,canonical:vle_obs_0227,vle_obs_0227-pco2,Jou1995,120.0,0.11900238004760096,2290.0,1873.8782306334222,evaluated,b66c7b962541a586f5ec50043a5e8b4e62cf52e24eaec02ef33f43e558762a58,868a501831b87e95dedf18ce40e9e7ac949f7c6a4aaf137f717cc493ecfcb7be,0ecaf30ec3147260f584fff24f30e32a975cba82529f3d3c36d4c49ea0de712f
incumbent-R4-C-b66-v3,canonical:vle_obs_0228,vle_obs_0228-pco2,Jou1995,120.0,0.3490069801396028,46800.0,77307.13435593108,evaluated,b66c7b962541a586f5ec50043a5e8b4e62cf52e24eaec02ef33f43e558762a58,868a501831b87e95dedf18ce40e9e7ac949f7c6a4aaf137f717cc493ecfcb7be,0ecaf30ec3147260f584fff24f30e32a975cba82529f3d3c36d4c49ea0de712f
incumbent-R4-C-b66-v3,canonical:vle_obs_0229,vle_obs_0229-pco2,Jou1995,120.0,0.41150823016460325,122000.0,198268.51631629618,evaluated,b66c7b962541a586f5ec50043a5e8b4e62cf52e24eaec02ef33f43e558762a58,868a501831b87e95dedf18ce40e9e7ac949f7c6a4aaf137f717cc493ecfcb7be,0ecaf30ec3147260f584fff24f30e32a975cba82529f3d3c36d4c49ea0de712f
incumbent-R4-C-b66-v3,canonical:vle_obs_0230,vle_obs_0230-pco2,Jou1995,120.0,0.4440088801776036,222000.0,313736.06139786076,evaluated,b66c7b962541a586f5ec50043a5e8b4e62cf52e24eaec02ef33f43e558762a58,868a501831b87e95dedf18ce40e9e7ac949f7c6a4aaf137f717cc493ecfcb7be,0ecaf30ec3147260f584fff24f30e32a975cba82529f3d3c36d4c49ea0de712f
incumbent-R4-C-b66-v3,canonical:vle_obs_0231,vle_obs_0231-pco2,Jou1995,120.0,0.47300946018920376,422000.0,456066.1274171993,evaluated,b66c7b962541a586f5ec50043a5e8b4e62cf52e24eaec02ef33f43e558762a58,868a501831b87e95dedf18ce40e9e7ac949f7c6a4aaf137f717cc493ecfcb7be,0ecaf30ec3147260f584fff24f30e32a975cba82529f3d3c36d4c49ea0de712f
incumbent-R4-C-b66-v3,canonical:vle_obs_0232,vle_obs_0232-pco2,Jou1995,120.0,0.5360107202144043,822000.0,887937.4326171249,evaluated,b66c7b962541a586f5ec50043a5e8b4e62cf52e24eaec02ef33f43e558762a58,868a501831b87e95dedf18ce40e9e7ac949f7c6a4aaf137f717cc493ecfcb7be,0ecaf30ec3147260f584fff24f30e32a975cba82529f3d3c36d4c49ea0de712f
incumbent-R4-C-b66-v3,canonical:vle_obs_0233,vle_obs_0233-pco2,Jou1995,120.0,0.6390127802556052,2804000.0,1806700.937868782,evaluated,b66c7b962541a586f5ec50043a5e8b4e62cf52e24eaec02ef33f43e558762a58,868a501831b87e95dedf18ce40e9e7ac949f7c6a4aaf137f717cc493ecfcb7be,0ecaf30ec3147260f584fff24f30e32a975cba82529f3d3c36d4c49ea0de712f
incumbent-R4-C-b66-v3,canonical:vle_obs_0246,vle_obs_0246-pco2,Mamun2005,120.0,0.15500310006200124,7354.0,3688.993996229413,evaluated,b66c7b962541a586f5ec50043a5e8b4e62cf52e24eaec02ef33f43e558762a58,868a501831b87e95dedf18ce40e9e7ac949f7c6a4aaf137f717cc493ecfcb7be,0ecaf30ec3147260f584fff24f30e32a975cba82529f3d3c36d4c49ea0de712f
incumbent-R4-C-b66-v3,canonical:vle_obs_0247,vle_obs_0247-pco2,Mamun2005,120.0,0.17660353207064142,9314.0,5341.323828840402,evaluated,b66c7b962541a586f5ec50043a5e8b4e62cf52e24eaec02ef33f43e558762a58,868a501831b87e95dedf18ce40e9e7ac949f7c6a4aaf137f717cc493ecfcb7be,0ecaf30ec3147260f584fff24f30e32a975cba82529f3d3c36d4c49ea0de712f
incumbent-R4-C-b66-v3,canonical:vle_obs_0248,vle_obs_0248-pco2,Mamun2005,120.0,0.18430368607372147,9045.0,6067.957173092934,evaluated,b66c7b962541a586f5ec50043a5e8b4e62cf52e24eaec02ef33f43e558762a58,868a501831b87e95dedf18ce40e9e7ac949f7c6a4aaf137f717cc493ecfcb7be,0ecaf30ec3147260f584fff24f30e32a975cba82529f3d3c36d4c49ea0de712f
incumbent-R4-C-b66-v3,canonical:vle_obs_0249,vle_obs_0249-pco2,Mamun2005,120.0,0.20850417008340166,15510.0,8962.095250847198,evaluated,b66c7b962541a586f5ec50043a5e8b4e62cf52e24eaec02ef33f43e558762a58,868a501831b87e95dedf18ce40e9e7ac949f7c6a4aaf137f717cc493ecfcb7be,0ecaf30ec3147260f584fff24f30e32a975cba82529f3d3c36d4c49ea0de712f
incumbent-R4-C-b66-v3,canonical:vle_obs_0250,vle_obs_0250-pco2,Mamun2005,120.0,0.23260465209304187,19620.0,13064.52117868793,evaluated,b66c7b962541a586f5ec50043a5e8b4e62cf52e24eaec02ef33f43e558762a58,868a501831b87e95dedf18ce40e9e7ac949f7c6a4aaf137f717cc493ecfcb7be,0ecaf30ec3147260f584fff24f30e32a975cba82529f3d3c36d4c49ea0de712f
incumbent-R4-C-b66-v3,canonical:vle_obs_0251,vle_obs_0251-pco2,Mamun2005,120.0,0.23810476209524192,25200.0,14222.83653456931,evaluated,b66c7b962541a586f5ec50043a5e8b4e62cf52e24eaec02ef33f43e558762a58,868a501831b87e95dedf18ce40e9e7ac949f7c6a4aaf137f717cc493ecfcb7be,0ecaf30ec3147260f584fff24f30e32a975cba82529f3d3c36d4c49ea0de712f
incumbent-R4-C-b66-v3,canonical:vle_obs_0252,vle_obs_0252-pco2,Mamun2005,120.0,0.25600512010240206,27710.0,18719.17931842218,evaluated,b66c7b962541a586f5ec50043a5e8b4e62cf52e24eaec02ef33f43e558762a58,868a501831b87e95dedf18ce40e9e7ac949f7c6a4aaf137f717cc493ecfcb7be,0ecaf30ec3147260f584fff24f30e32a975cba82529f3d3c36d4c49ea0de712f
incumbent-R4-C-b66-v3,canonical:vle_obs_0253,vle_obs_0253-pco2,Mamun2005,120.0,0.29010580211604237,39180.0,31473.61776202313,evaluated,b66c7b962541a586f5ec50043a5e8b4e62cf52e24eaec02ef33f43e558762a58,868a501831b87e95dedf18ce40e9e7ac949f7c6a4aaf137f717cc493ecfcb7be,0ecaf30ec3147260f584fff24f30e32a975cba82529f3d3c36d4c49ea0de712f
incumbent-R4-C-b66-v3,canonical:vle_obs_0254,vle_obs_0254-pco2,Mamun2005,120.0,0.2967059341186824,40400.0,34799.54248594596,evaluated,b66c7b962541a586f5ec50043a5e8b4e62cf52e24eaec02ef33f43e558762a58,868a501831b87e95dedf18ce40e9e7ac949f7c6a4aaf137f717cc493ecfcb7be,0ecaf30ec3147260f584fff24f30e32a975cba82529f3d3c36d4c49ea0de712f
incumbent-R4-C-b66-v3,canonical:vle_obs_0255,vle_obs_0255-pco2,Mamun2005,120.0,0.3004060081201624,43490.0,36816.177398205924,evaluated,b66c7b962541a586f5ec50043a5e8b4e62cf52e24eaec02ef33f43e558762a58,868a501831b87e95dedf18ce40e9e7ac949f7c6a4aaf137f717cc493ecfcb7be,0ecaf30ec3147260f584fff24f30e32a975cba82529f3d3c36d4c49ea0de712f
incumbent-R4-C-b66-v3,canonical:vle_obs_0256,vle_obs_0256-pco2,Mamun2005,120.0,0.3125062501250025,51820.0,44269.65895419459,evaluated,b66c7b962541a586f5ec50043a5e8b4e62cf52e24eaec02ef33f43e558762a58,868a501831b87e95dedf18ce40e9e7ac949f7c6a4aaf137f717cc493ecfcb7be,0ecaf30ec3147260f584fff24f30e32a975cba82529f3d3c36d4c49ea0de712f
incumbent-R4-C-b66-v3,canonical:vle_obs_0257,vle_obs_0257-pco2,Mamun2005,120.0,0.31910638212764253,58570.0,48958.24382587425,evaluated,b66c7b962541a586f5ec50043a5e8b4e62cf52e24eaec02ef33f43e558762a58,868a501831b87e95dedf18ce40e9e7ac949f7c6a4aaf137f717cc493ecfcb7be,0ecaf30ec3147260f584fff24f30e32a975cba82529f3d3c36d4c49ea0de712f
incumbent-R4-C-b66-v3,canonical:vle_obs_0258,vle_obs_0258-pco2,Mamun2005,120.0,0.32980659613192265,62880.0,57646.838432756645,evaluated,b66c7b962541a586f5ec50043a5e8b4e62cf52e24eaec02ef33f43e558762a58,868a501831b87e95dedf18ce40e9e7ac949f7c6a4aaf137f717cc493ecfcb7be,0ecaf30ec3147260f584fff24f30e32a975cba82529f3d3c36d4c49ea0de712f
incumbent-R4-C-b66-v3,canonical:vle_obs_0259,vle_obs_0259-pco2,Mamun2005,120.0,0.3424068481369627,77590.0,69888.41777751122,evaluated,b66c7b962541a586f5ec50043a5e8b4e62cf52e24eaec02ef33f43e558762a58,868a501831b87e95dedf18ce40e9e7ac949f7c6a4aaf137f717cc493ecfcb7be,0ecaf30ec3147260f584fff24f30e32a975cba82529f3d3c36d4c49ea0de712f
incumbent-R4-C-b66-v3,canonical:vle_obs_0260,vle_obs_0260-pco2,Mamun2005,120.0,0.3424068481369627,74950.0,69888.41777751122,evaluated,b66c7b962541a586f5ec50043a5e8b4e62cf52e24eaec02ef33f43e558762a58,868a501831b87e95dedf18ce40e9e7ac949f7c6a4aaf137f717cc493ecfcb7be,0ecaf30ec3147260f584fff24f30e32a975cba82529f3d3c36d4c49ea0de712f
incumbent-R4-C-b66-v3,canonical:vle_obs_0261,vle_obs_0261-pco2,Mamun2005,120.0,0.3500070001400028,83610.0,78497.71716992647,evaluated,b66c7b962541a586f5ec50043a5e8b4e62cf52e24eaec02ef33f43e558762a58,868a501831b87e95dedf18ce40e9e7ac949f7c6a4aaf137f717cc493ecfcb7be,0ecaf30ec3147260f584fff24f30e32a975cba82529f3d3c36d4c49ea0de712f
incumbent-R4-C-b66-v3,canonical:vle_obs_0262,vle_obs_0262-pco2,Mamun2005,120.0,0.3594071881437629,92790.0,90617.559431407,evaluated,b66c7b962541a586f5ec50043a5e8b4e62cf52e24eaec02ef33f43e558762a58,868a501831b87e95dedf18ce40e9e7ac949f7c6a4aaf137f717cc493ecfcb7be,0ecaf30ec3147260f584fff24f30e32a975cba82529f3d3c36d4c49ea0de712f
incumbent-R4-C-b66-v3,canonical:vle_obs_0263,vle_obs_0263-pco2,Mamun2005,120.0,0.38820776415528313,137900.0,140288.39588738506,evaluated,b66c7b962541a586f5ec50043a5e8b4e62cf52e24eaec02ef33f43e558762a58,868a501831b87e95dedf18ce40e9e7ac949f7c6a4aaf137f717cc493ecfcb7be,0ecaf30ec3147260f584fff24f30e32a975cba82529f3d3c36d4c49ea0de712f
incumbent-R4-C-b66-v3,canonical:vle_obs_0264,vle_obs_0264-pco2,Mamun2005,120.0,0.41820836416728335,191900.0,218530.32779667937,evaluated,b66c7b962541a586f5ec50043a5e8b4e62cf52e24eaec02ef33f43e558762a58,868a501831b87e95dedf18ce40e9e7ac949f7c6a4aaf137f717cc493ecfcb7be,0ecaf30ec3147260f584fff24f30e32a975cba82529f3d3c36d4c49ea0de712f
incumbent-R4-C-b66-v3,canonical:vle_obs_0265,vle_obs_0265-pco2,Xu2011,100.0,0.3880077601552031,34000.0,34774.20338915209,evaluated,b66c7b962541a586f5ec50043a5e8b4e62cf52e24eaec02ef33f43e558762a58,868a501831b87e95dedf18ce40e9e7ac949f7c6a4aaf137f717cc493ecfcb7be,0ecaf30ec3147260f584fff24f30e32a975cba82529f3d3c36d4c49ea0de712f
incumbent-R4-C-b66-v3,canonical:vle_obs_0266,vle_obs_0266-pco2,Xu2011,100.0,0.4240084801696034,101000.0,64008.95772378522,evaluated,b66c7b962541a586f5ec50043a5e8b4e62cf52e24eaec02ef33f43e558762a58,868a501831b87e95dedf18ce40e9e7ac949f7c6a4aaf137f717cc493ecfcb7be,0ecaf30ec3147260f584fff24f30e32a975cba82529f3d3c36d4c49ea0de712f
incumbent-R4-C-b66-v3,canonical:vle_obs_0267,vle_obs_0267-pco2,Xu2011,100.0,0.4250085001700034,86000.0,65105.76396131044,evaluated,b66c7b962541a586f5ec50043a5e8b4e62cf52e24eaec02ef33f43e558762a58,868a501831b87e95dedf18ce40e9e7ac949f7c6a4aaf137f717cc493ecfcb7be,0ecaf30ec3147260f584fff24f30e32a975cba82529f3d3c36d4c49ea0de712f
incumbent-R4-C-b66-v3,canonical:vle_obs_0268,vle_obs_0268-pco2,Xu2011,100.0,0.501010020200404,167000.0,221241.66767914582,evaluated,b66c7b962541a586f5ec50043a5e8b4e62cf52e24eaec02ef33f43e558762a58,868a501831b87e95dedf18ce40e9e7ac949f7c6a4aaf137f717cc493ecfcb7be,0ecaf30ec3147260f584fff24f30e32a975cba82529f3d3c36d4c49ea0de712f
incumbent-R4-C-b66-v3,canonical:vle_obs_0269,vle_obs_0269-pco2,Xu2011,100.0,0.5200104002080042,233000.0,288135.2948247759,evaluated,b66c7b962541a586f5ec50043a5e8b4e62cf52e24eaec02ef33f43e558762a58,868a501831b87e95dedf18ce40e9e7ac949f7c6a4aaf137f717cc493ecfcb7be,0ecaf30ec3147260f584fff24f30e32a975cba82529f3d3c36d4c49ea0de712f
incumbent-R4-C-b66-v3,canonical:vle_obs_0270,vle_obs_0270-pco2,Xu2011,100.0,0.3150063001260025,16000.0,10587.926298308512,evaluated,b66c7b962541a586f5ec50043a5e8b4e62cf52e24eaec02ef33f43e558762a58,868a501831b87e95dedf18ce40e9e7ac949f7c6a4aaf137f717cc493ecfcb7be,0ecaf30ec3147260f584fff24f30e32a975cba82529f3d3c36d4c49ea0de712f
incumbent-R4-C-b66-v3,canonical:vle_obs_0271,vle_obs_0271-pco2,Xu2011,100.0,0.47500950019000376,95000.0,149070.929419929,evaluated,b66c7b962541a586f5ec50043a5e8b4e62cf52e24eaec02ef33f43e558762a58,868a501831b87e95dedf18ce40e9e7ac949f7c6a4aaf137f717cc493ecfcb7be,0ecaf30ec3147260f584fff24f30e32a975cba82529f3d3c36d4c49ea0de712f
incumbent-R4-C-b66-v3,canonical:vle_obs_0272,vle_obs_0272-pco2,Xu2011,100.0,0.3150063001260025,12000.0,10587.926298308512,evaluated,b66c7b962541a586f5ec50043a5e8b4e62cf52e24eaec02ef33f43e558762a58,868a501831b87e95dedf18ce40e9e7ac949f7c6a4aaf137f717cc493ecfcb7be,0ecaf30ec3147260f584fff24f30e32a975cba82529f3d3c36d4c49ea0de712f
incumbent-R4-C-b66-v3,canonical:vle_obs_0279,vle_obs_0279-pco2,Xu2011,120.0,0.370007400148003,63000.0,106505.74296288888,evaluated,b66c7b962541a586f5ec50043a5e8b4e62cf52e24eaec02ef33f43e558762a58,868a501831b87e95dedf18ce40e9e7ac949f7c6a4aaf137f717cc493ecfcb7be,0ecaf30ec3147260f584fff24f30e32a975cba82529f3d3c36d4c49ea0de712f
incumbent-R4-C-b66-v3,canonical:vle_obs_0280,vle_obs_0280-pco2,Xu2011,120.0,0.3850077001540031,108000.0,133687.5536193986,evaluated,b66c7b962541a586f5ec50043a5e8b4e62cf52e24eaec02ef33f43e558762a58,868a501831b87e95dedf18ce40e9e7ac949f7c6a4aaf137f717cc493ecfcb7be,0ecaf30ec3147260f584fff24f30e32a975cba82529f3d3c36d4c49ea0de712f
incumbent-R4-C-b66-v3,canonical:vle_obs_0281,vle_obs_0281-pco2,Xu2011,120.0,0.3870077401548031,62000.0,137777.78764539867,evaluated,b66c7b962541a586f5ec50043a5e8b4e62cf52e24eaec02ef33f43e558762a58,868a501831b87e95dedf18ce40e9e7ac949f7c6a4aaf137f717cc493ecfcb7be,0ecaf30ec3147260f584fff24f30e32a975cba82529f3d3c36d4c49ea0de712f
incumbent-R4-C-b66-v3,canonical:vle_obs_0282,vle_obs_0282-pco2,Xu2011,120.0,0.42200844016880334,237000.0,230803.21633375846,evaluated,b66c7b962541a586f5ec50043a5e8b4e62cf52e24eaec02ef33f43e558762a58,868a501831b87e95dedf18ce40e9e7ac949f7c6a4aaf137f717cc493ecfcb7be,0ecaf30ec3147260f584fff24f30e32a975cba82529f3d3c36d4c49ea0de712f
incumbent-R4-C-b66-v3,canonical:vle_obs_0283,vle_obs_0283-pco2,Xu2011,120.0,0.4230084601692034,192000.0,234129.43501920943,evaluated,b66c7b962541a586f5ec50043a5e8b4e62cf52e24eaec02ef33f43e558762a58,868a501831b87e95dedf18ce40e9e7ac949f7c6a4aaf137f717cc493ecfcb7be,0ecaf30ec3147260f584fff24f30e32a975cba82529f3d3c36d4c49ea0de712f
incumbent-R4-C-b66-v3,canonical:vle_obs_0284,vle_obs_0284-pco2,Xu2011,120.0,0.49200984019680394,387000.0,569820.2853687699,evaluated,b66c7b962541a586f5ec50043a5e8b4e62cf52e24eaec02ef33f43e558762a58,868a501831b87e95dedf18ce40e9e7ac949f7c6a4aaf137f717cc493ecfcb7be,0ecaf30ec3147260f584fff24f30e32a975cba82529f3d3c36d4c49ea0de712f
incumbent-R4-C-b66-v3,canonical:vle_obs_0285,vle_obs_0285-pco2,Xu2011,120.0,0.5080101602032041,512000.0,677349.5575639287,evaluated,b66c7b962541a586f5ec50043a5e8b4e62cf52e24eaec02ef33f43e558762a58,868a501831b87e95dedf18ce40e9e7ac949f7c6a4aaf137f717cc493ecfcb7be,0ecaf30ec3147260f584fff24f30e32a975cba82529f3d3c36d4c49ea0de712f
incumbent-R4-C-b66-v3,canonical:vle_obs_0286,vle_obs_0286-pco2,Xu2011,120.0,0.3140062801256025,50000.0,45293.86929909224,evaluated,b66c7b962541a586f5ec50043a5e8b4e62cf52e24eaec02ef33f43e558762a58,868a501831b87e95dedf18ce40e9e7ac949f7c6a4aaf137f717cc493ecfcb7be,0ecaf30ec3147260f584fff24f30e32a975cba82529f3d3c36d4c49ea0de712f
incumbent-R4-C-b66-v3,canonical:vle_obs_0287,vle_obs_0287-pco2,Xu2011,120.0,0.4670093401868038,283000.0,423474.1102038882,evaluated,b66c7b962541a586f5ec50043a5e8b4e62cf52e24eaec02ef33f43e558762a58,868a501831b87e95dedf18ce40e9e7ac949f7c6a4aaf137f717cc493ecfcb7be,0ecaf30ec3147260f584fff24f30e32a975cba82529f3d3c36d4c49ea0de712f
incumbent-R4-C-b66-v3,canonical:vle_obs_0288,vle_obs_0288-pco2,Xu2011,120.0,0.3140062801256025,45000.0,45293.86929909224,evaluated,b66c7b962541a586f5ec50043a5e8b4e62cf52e24eaec02ef33f43e558762a58,868a501831b87e95dedf18ce40e9e7ac949f7c6a4aaf137f717cc493ecfcb7be,0ecaf30ec3147260f584fff24f30e32a975cba82529f3d3c36d4c49ea0de712f
pre-refit-f66-v3,vle_obs_0119,vle_obs_0119-pco2,Hilliard2008,40.0,0.15290305806116122,5.7,4.394811538107387,evaluated,f66d972c032ce709ada69e8d8177e195c7e416800757663b7420c22bda5f6328,868a501831b87e95dedf18ce40e9e7ac949f7c6a4aaf137f717cc493ecfcb7be,0ecaf30ec3147260f584fff24f30e32a975cba82529f3d3c36d4c49ea0de712f
pre-refit-f66-v3,vle_obs_0120,vle_obs_0120-pco2,Hilliard2008,40.0,0.16290325806516132,6.64,5.303054738004984,evaluated,f66d972c032ce709ada69e8d8177e195c7e416800757663b7420c22bda5f6328,868a501831b87e95dedf18ce40e9e7ac949f7c6a4aaf137f717cc493ecfcb7be,0ecaf30ec3147260f584fff24f30e32a975cba82529f3d3c36d4c49ea0de712f
pre-refit-f66-v3,vle_obs_0121,vle_obs_0121-pco2,Hilliard2008,40.0,0.1699033980679614,7.21,6.032363956844448,evaluated,f66d972c032ce709ada69e8d8177e195c7e416800757663b7420c22bda5f6328,868a501831b87e95dedf18ce40e9e7ac949f7c6a4aaf137f717cc493ecfcb7be,0ecaf30ec3147260f584fff24f30e32a975cba82529f3d3c36d4c49ea0de712f
pre-refit-f66-v3,vle_obs_0122,vle_obs_0122-pco2,Hilliard2008,40.0,0.19090381807636156,9.950000000000001,8.788659625994711,evaluated,f66d972c032ce709ada69e8d8177e195c7e416800757663b7420c22bda5f6328,868a501831b87e95dedf18ce40e9e7ac949f7c6a4aaf137f717cc493ecfcb7be,0ecaf30ec3147260f584fff24f30e32a975cba82529f3d3c36d4c49ea0de712f
pre-refit-f66-v3,vle_obs_0123,vle_obs_0123-pco2,Hilliard2008,40.0,0.19390387807756157,9.85,9.264686779944945,evaluated,f66d972c032ce709ada69e8d8177e195c7e416800757663b7420c22bda5f6328,868a501831b87e95dedf18ce40e9e7ac949f7c6a4aaf137f717cc493ecfcb7be,0ecaf30ec3147260f584fff24f30e32a975cba82529f3d3c36d4c49ea0de712f
pre-refit-f66-v3,vle_obs_0124,vle_obs_0124-pco2,Hilliard2008,40.0,0.23190463809276188,14.6,17.829667373787053,evaluated,f66d972c032ce709ada69e8d8177e195c7e416800757663b7420c22bda5f6328,868a501831b87e95dedf18ce40e9e7ac949f7c6a4aaf137f717cc493ecfcb7be,0ecaf30ec3147260f584fff24f30e32a975cba82529f3d3c36d4c49ea0de712f
pre-refit-f66-v3,vle_obs_0125,vle_obs_0125-pco2,Hilliard2008,40.0,0.24590491809836199,19.099999999999998,22.6147652667233,evaluated,f66d972c032ce709ada69e8d8177e195c7e416800757663b7420c22bda5f6328,868a501831b87e95dedf18ce40e9e7ac949f7c6a4aaf137f717cc493ecfcb7be,0ecaf30ec3147260f584fff24f30e32a975cba82529f3d3c36d4c49ea0de712f
pre-refit-f66-v3,vle_obs_0126,vle_obs_0126-pco2,Hilliard2008,40.0,0.2689053781075622,23.099999999999998,33.415363402130914,evaluated,f66d972c032ce709ada69e8d8177e195c7e416800757663b7420c22bda5f6328,868a501831b87e95dedf18ce40e9e7ac949f7c6a4aaf137f717cc493ecfcb7be,0ecaf30ec3147260f584fff24f30e32a975cba82529f3d3c36d4c49ea0de712f
pre-refit-f66-v3,vle_obs_0127,vle_obs_0127-pco2,Hilliard2008,40.0,0.2719054381087622,22.4,35.166398425843205,evaluated,f66d972c032ce709ada69e8d8177e195c7e416800757663b7420c22bda5f6328,868a501831b87e95dedf18ce40e9e7ac949f7c6a4aaf137f717cc493ecfcb7be,0ecaf30ec3147260f584fff24f30e32a975cba82529f3d3c36d4c49ea0de712f
pre-refit-f66-v3,vle_obs_0128,vle_obs_0128-pco2,Hilliard2008,40.0,0.32590651813036264,48.5,89.77461377105946,evaluated,f66d972c032ce709ada69e8d8177e195c7e416800757663b7420c22bda5f6328,868a501831b87e95dedf18ce40e9e7ac949f7c6a4aaf137f717cc493ecfcb7be,0ecaf30ec3147260f584fff24f30e32a975cba82529f3d3c36d4c49ea0de712f
pre-refit-f66-v3,vle_obs_0129,vle_obs_0129-pco2,Hilliard2008,40.0,0.3479069581391628,66.19999999999999,133.56624086894894,evaluated,f66d972c032ce709ada69e8d8177e195c7e416800757663b7420c22bda5f6328,868a501831b87e95dedf18ce40e9e7ac949f7c6a4aaf137f717cc493ecfcb7be,0ecaf30ec3147260f584fff24f30e32a975cba82529f3d3c36d4c49ea0de712f
pre-refit-f66-v3,vle_obs_0130,vle_obs_0130-pco2,Hilliard2008,40.0,0.3499069981399628,72.1,138.56045226127296,evaluated,f66d972c032ce709ada69e8d8177e195c7e416800757663b7420c22bda5f6328,868a501831b87e95dedf18ce40e9e7ac949f7c6a4aaf137f717cc493ecfcb7be,0ecaf30ec3147260f584fff24f30e32a975cba82529f3d3c36d4c49ea0de712f
pre-refit-f66-v3,vle_obs_0131,vle_obs_0131-pco2,Hilliard2008,40.0,0.3599071981439629,96.60000000000001,166.74437611227924,evaluated,f66d972c032ce709ada69e8d8177e195c7e416800757663b7420c22bda5f6328,868a501831b87e95dedf18ce40e9e7ac949f7c6a4aaf137f717cc493ecfcb7be,0ecaf30ec3147260f584fff24f30e32a975cba82529f3d3c36d4c49ea0de712f
pre-refit-f66-v3,vle_obs_0132,vle_obs_0132-pco2,Hilliard2008,40.0,0.3819076381527631,131.0,253.1051222067058,evaluated,f66d972c032ce709ada69e8d8177e195c7e416800757663b7420c22bda5f6328,868a501831b87e95dedf18ce40e9e7ac949f7c6a4aaf137f717cc493ecfcb7be,0ecaf30ec3147260f584fff24f30e32a975cba82529f3d3c36d4c49ea0de712f
pre-refit-f66-v3,vle_obs_0133,vle_obs_0133-pco2,Hilliard2008,40.0,0.3859077181543631,120.0,273.4773498417484,evaluated,f66d972c032ce709ada69e8d8177e195c7e416800757663b7420c22bda5f6328,868a501831b87e95dedf18ce40e9e7ac949f7c6a4aaf137f717cc493ecfcb7be,0ecaf30ec3147260f584fff24f30e32a975cba82529f3d3c36d4c49ea0de712f
pre-refit-f66-v3,vle_obs_0134,vle_obs_0134-pco2,Hilliard2008,40.0,0.38890777815556316,113.0,289.9160123691423,evaluated,f66d972c032ce709ada69e8d8177e195c7e416800757663b7420c22bda5f6328,868a501831b87e95dedf18ce40e9e7ac949f7c6a4aaf137f717cc493ecfcb7be,0ecaf30ec3147260f584fff24f30e32a975cba82529f3d3c36d4c49ea0de712f
pre-refit-f66-v3,vle_obs_0135,vle_obs_0135-pco2,Hilliard2008,40.0,0.39990799815996325,128.0,359.920274660957,evaluated,f66d972c032ce709ada69e8d8177e195c7e416800757663b7420c22bda5f6328,868a501831b87e95dedf18ce40e9e7ac949f7c6a4aaf137f717cc493ecfcb7be,0ecaf30ec3147260f584fff24f30e32a975cba82529f3d3c36d4c49ea0de712f
pre-refit-f66-v3,vle_obs_0136,vle_obs_0136-pco2,Hilliard2008,40.0,0.46390927818556377,750.0,1330.7624773856369,evaluated,f66d972c032ce709ada69e8d8177e195c7e416800757663b7420c22bda5f6328,868a501831b87e95dedf18ce40e9e7ac949f7c6a4aaf137f717cc493ecfcb7be,0ecaf30ec3147260f584fff24f30e32a975cba82529f3d3c36d4c49ea0de712f
pre-refit-f66-v3,vle_obs_0137,vle_obs_0137-pco2,Hilliard2008,40.0,0.4659093181863638,574.0,1386.5875691159831,evaluated,f66d972c032ce709ada69e8d8177e195c7e416800757663b7420c22bda5f6328,868a501831b87e95dedf18ce40e9e7ac949f7c6a4aaf137f717cc493ecfcb7be,0ecaf30ec3147260f584fff24f30e32a975cba82529f3d3c36d4c49ea0de712f
pre-refit-f66-v3,vle_obs_0138,vle_obs_0138-pco2,Hilliard2008,40.0,0.48090961819236383,883.0,1881.3532731506139,evaluated,f66d972c032ce709ada69e8d8177e195c7e416800757663b7420c22bda5f6328,868a501831b87e95dedf18ce40e9e7ac949f7c6a4aaf137f717cc493ecfcb7be,0ecaf30ec3147260f584fff24f30e32a975cba82529f3d3c36d4c49ea0de712f
pre-refit-f66-v3,vle_obs_0139,vle_obs_0139-pco2,Hilliard2008,40.0,0.4909098181963639,1100.0,2295.7745425597727,evaluated,f66d972c032ce709ada69e8d8177e195c7e416800757663b7420c22bda5f6328,868a501831b87e95dedf18ce40e9e7ac949f7c6a4aaf137f717cc493ecfcb7be,0ecaf30ec3147260f584fff24f30e32a975cba82529f3d3c36d4c49ea0de712f
pre-refit-f66-v3,vle_obs_0140,vle_obs_0140-pco2,Hilliard2008,40.0,0.5009100182003641,1870.0,2787.990079471359,evaluated,f66d972c032ce709ada69e8d8177e195c7e416800757663b7420c22bda5f6328,868a501831b87e95dedf18ce40e9e7ac949f7c6a4aaf137f717cc493ecfcb7be,0ecaf30ec3147260f584fff24f30e32a975cba82529f3d3c36d4c49ea0de712f
pre-refit-f66-v3,vle_obs_0141,vle_obs_0141-pco2,Hilliard2008,40.0,0.5179103582071641,3030.0,3825.4733638898183,evaluated,f66d972c032ce709ada69e8d8177e195c7e416800757663b7420c22bda5f6328,868a501831b87e95dedf18ce40e9e7ac949f7c6a4aaf137f717cc493ecfcb7be,0ecaf30ec3147260f584fff24f30e32a975cba82529f3d3c36d4c49ea0de712f
pre-refit-f66-v3,vle_obs_0142,vle_obs_0142-pco2,Hilliard2008,40.0,0.5909118182363647,28300.0,11653.076238206784,evaluated,f66d972c032ce709ada69e8d8177e195c7e416800757663b7420c22bda5f6328,868a501831b87e95dedf18ce40e9e7ac949f7c6a4aaf137f717cc493ecfcb7be,0ecaf30ec3147260f584fff24f30e32a975cba82529f3d3c36d4c49ea0de712f
pre-refit-f66-v3,vle_obs_0143,vle_obs_0143-pco2,Hilliard2008,60.0,0.11390227804556091,19.400000000000002,13.394054304352581,evaluated,f66d972c032ce709ada69e8d8177e195c7e416800757663b7420c22bda5f6328,868a501831b87e95dedf18ce40e9e7ac949f7c6a4aaf137f717cc493ecfcb7be,0ecaf30ec3147260f584fff24f30e32a975cba82529f3d3c36d4c49ea0de712f
pre-refit-f66-v3,vle_obs_0144,vle_obs_0144-pco2,Hilliard2008,60.0,0.19090381807636156,58.9,59.31516876987336,evaluated,f66d972c032ce709ada69e8d8177e195c7e416800757663b7420c22bda5f6328,868a501831b87e95dedf18ce40e9e7ac949f7c6a4aaf137f717cc493ecfcb7be,0ecaf30ec3147260f584fff24f30e32a975cba82529f3d3c36d4c49ea0de712f
pre-refit-f66-v3,vle_obs_0145,vle_obs_0145-pco2,Hilliard2008,60.0,0.29090581811636235,209.0,327.38218582113893,evaluated,f66d972c032ce709ada69e8d8177e195c7e416800757663b7420c22bda5f6328,868a501831b87e95dedf18ce40e9e7ac949f7c6a4aaf137f717cc493ecfcb7be,0ecaf30ec3147260f584fff24f30e32a975cba82529f3d3c36d4c49ea0de712f
pre-refit-f66-v3,vle_obs_0146,vle_obs_0146-pco2,Hilliard2008,60.0,0.3859077181543631,763.0,1766.2147783170099,evaluated,f66d972c032ce709ada69e8d8177e195c7e416800757663b7420c22bda5f6328,868a501831b87e95dedf18ce40e9e7ac949f7c6a4aaf137f717cc493ecfcb7be,0ecaf30ec3147260f584fff24f30e32a975cba82529f3d3c36d4c49ea0de712f
pre-refit-f66-v3,vle_obs_0147,vle_obs_0147-pco2,Hilliard2008,60.0,0.4849096981939639,4860.0,11090.484541288388,evaluated,f66d972c032ce709ada69e8d8177e195c7e416800757663b7420c22bda5f6328,868a501831b87e95dedf18ce40e9e7ac949f7c6a4aaf137f717cc493ecfcb7be,0ecaf30ec3147260f584fff24f30e32a975cba82529f3d3c36d4c49ea0de712f
pre-refit-f66-v3,vle_obs_0148,vle_obs_0148-pco2,Hilliard2008,60.0,0.5439108782175645,25800.0,28357.760589145288,evaluated,f66d972c032ce709ada69e8d8177e195c7e416800757663b7420c22bda5f6328,868a501831b87e95dedf18ce40e9e7ac949f7c6a4aaf137f717cc493ecfcb7be,0ecaf30ec3147260f584fff24f30e32a975cba82529f3d3c36d4c49ea0de712f
pre-refit-f66-v3,vle_obs_0149,vle_obs_0149-pco2,Hilliard2008,60.0,0.5649112982259645,50200.0,37557.65882488574,evaluated,f66d972c032ce709ada69e8d8177e195c7e416800757663b7420c22bda5f6328,868a501831b87e95dedf18ce40e9e7ac949f7c6a4aaf137f717cc493ecfcb7be,0ecaf30ec3147260f584fff24f30e32a975cba82529f3d3c36d4c49ea0de712f
pre-refit-f66-v3,vle_obs_0186,vle_obs_0186-pco2,Jou1995,40.0,0.08870177403548071,1.47,1.090580215457832,evaluated,f66d972c032ce709ada69e8d8177e195c7e416800757663b7420c22bda5f6328,868a501831b87e95dedf18ce40e9e7ac949f7c6a4aaf137f717cc493ecfcb7be,0ecaf30ec3147260f584fff24f30e32a975cba82529f3d3c36d4c49ea0de712f
pre-refit-f66-v3,vle_obs_0187,vle_obs_0187-pco2,Jou1995,40.0,0.20290405808116166,8.959999999999999,10.840309748486982,evaluated,f66d972c032ce709ada69e8d8177e195c7e416800757663b7420c22bda5f6328,868a501831b87e95dedf18ce40e9e7ac949f7c6a4aaf137f717cc493ecfcb7be,0ecaf30ec3147260f584fff24f30e32a975cba82529f3d3c36d4c49ea0de712f
pre-refit-f66-v3,vle_obs_0188,vle_obs_0188-pco2,Jou1995,40.0,0.36490729814596295,67.7,183.10861384017167,evaluated,f66d972c032ce709ada69e8d8177e195c7e416800757663b7420c22bda5f6328,868a501831b87e95dedf18ce40e9e7ac949f7c6a4aaf137f717cc493ecfcb7be,0ecaf30ec3147260f584fff24f30e32a975cba82529f3d3c36d4c49ea0de712f
pre-refit-f66-v3,vle_obs_0189,vle_obs_0189-pco2,Jou1995,40.0,0.4734094681893638,604.0,1616.3984075645226,evaluated,f66d972c032ce709ada69e8d8177e195c7e416800757663b7420c22bda5f6328,868a501831b87e95dedf18ce40e9e7ac949f7c6a4aaf137f717cc493ecfcb7be,0ecaf30ec3147260f584fff24f30e32a975cba82529f3d3c36d4c49ea0de712f
pre-refit-f66-v3,vle_obs_0190,vle_obs_0190-pco2,Jou1995,40.0,0.5129102582051641,2570.0,3492.5446234556744,evaluated,f66d972c032ce709ada69e8d8177e195c7e416800757663b7420c22bda5f6328,868a501831b87e95dedf18ce40e9e7ac949f7c6a4aaf137f717cc493ecfcb7be,0ecaf30ec3147260f584fff24f30e32a975cba82529f3d3c36d4c49ea0de712f
pre-refit-f66-v3,vle_obs_0191,vle_obs_0191-pco2,Jou1995,40.0,0.5569111382227645,8090.0,7295.830736132803,evaluated,f66d972c032ce709ada69e8d8177e195c7e416800757663b7420c22bda5f6328,868a501831b87e95dedf18ce40e9e7ac949f7c6a4aaf137f717cc493ecfcb7be,0ecaf30ec3147260f584fff24f30e32a975cba82529f3d3c36d4c49ea0de712f
pre-refit-f66-v3,vle_obs_0192,vle_obs_0192-pco2,Jou1995,40.0,0.6089121782435649,36100.0,14461.43536687228,evaluated,f66d972c032ce709ada69e8d8177e195c7e416800757663b7420c22bda5f6328,868a501831b87e95dedf18ce40e9e7ac949f7c6a4aaf137f717cc493ecfcb7be,0ecaf30ec3147260f584fff24f30e32a975cba82529f3d3c36d4c49ea0de712f
pre-refit-f66-v3,vle_obs_0193,vle_obs_0193-pco2,Jou1995,40.0,0.6419128382567652,103000.0,20481.972827848134,evaluated,f66d972c032ce709ada69e8d8177e195c7e416800757663b7420c22bda5f6328,868a501831b87e95dedf18ce40e9e7ac949f7c6a4aaf137f717cc493ecfcb7be,0ecaf30ec3147260f584fff24f30e32a975cba82529f3d3c36d4c49ea0de712f
pre-refit-f66-v3,vle_obs_0194,vle_obs_0194-pco2,Jou1995,60.0,0.05630112602252045,4.28,2.7640728197251754,evaluated,f66d972c032ce709ada69e8d8177e195c7e416800757663b7420c22bda5f6328,868a501831b87e95dedf18ce40e9e7ac949f7c6a4aaf137f717cc493ecfcb7be,0ecaf30ec3147260f584fff24f30e32a975cba82529f3d3c36d4c49ea0de712f
pre-refit-f66-v3,vle_obs_0195,vle_obs_0195-pco2,Jou1995,60.0,0.11890237804756094,19.3,14.937289985608707,evaluated,f66d972c032ce709ada69e8d8177e195c7e416800757663b7420c22bda5f6328,868a501831b87e95dedf18ce40e9e7ac949f7c6a4aaf137f717cc493ecfcb7be,0ecaf30ec3147260f584fff24f30e32a975cba82529f3d3c36d4c49ea0de712f
pre-refit-f66-v3,vle_obs_0196,vle_obs_0196-pco2,Jou1995,60.0,0.20590411808236164,57.9,77.07616513180058,evaluated,f66d972c032ce709ada69e8d8177e195c7e416800757663b7420c22bda5f6328,868a501831b87e95dedf18ce40e9e7ac949f7c6a4aaf137f717cc493ecfcb7be,0ecaf30ec3147260f584fff24f30e32a975cba82529f3d3c36d4c49ea0de712f
pre-refit-f66-v3,vle_obs_0197,vle_obs_0197-pco2,Jou1995,60.0,0.38890777815556316,528.0,1867.2129871914603,evaluated,f66d972c032ce709ada69e8d8177e195c7e416800757663b7420c22bda5f6328,868a501831b87e95dedf18ce40e9e7ac949f7c6a4aaf137f717cc493ecfcb7be,0ecaf30ec3147260f584fff24f30e32a975cba82529f3d3c36d4c49ea0de712f
pre-refit-f66-v3,vle_obs_0198,vle_obs_0198-pco2,Jou1995,60.0,0.4379087581751635,2009.9999999999998,4685.823742779952,evaluated,f66d972c032ce709ada69e8d8177e195c7e416800757663b7420c22bda5f6328,868a501831b87e95dedf18ce40e9e7ac949f7c6a4aaf137f717cc493ecfcb7be,0ecaf30ec3147260f584fff24f30e32a975cba82529f3d3c36d4c49ea0de712f
pre-refit-f66-v3,vle_obs_0199,vle_obs_0199-pco2,Jou1995,60.0,0.5039100782015641,11000.0,15344.76455419554,evaluated,f66d972c032ce709ada69e8d8177e195c7e416800757663b7420c22bda5f6328,868a501831b87e95dedf18ce40e9e7ac949f7c6a4aaf137f717cc493ecfcb7be,0ecaf30ec3147260f584fff24f30e32a975cba82529f3d3c36d4c49ea0de712f
pre-refit-f66-v3,vle_obs_0200,vle_obs_0200-pco2,Jou1995,60.0,0.5609112182243645,34000.0,35678.65337478283,evaluated,f66d972c032ce709ada69e8d8177e195c7e416800757663b7420c22bda5f6328,868a501831b87e95dedf18ce40e9e7ac949f7c6a4aaf137f717cc493ecfcb7be,0ecaf30ec3147260f584fff24f30e32a975cba82529f3d3c36d4c49ea0de712f
pre-refit-f66-v3,vle_obs_0201,vle_obs_0201-pco2,Jou1995,60.0,0.5789115782315646,82000.0,44595.68223374113,evaluated,f66d972c032ce709ada69e8d8177e195c7e416800757663b7420c22bda5f6328,868a501831b87e95dedf18ce40e9e7ac949f7c6a4aaf137f717cc493ecfcb7be,0ecaf30ec3147260f584fff24f30e32a975cba82529f3d3c36d4c49ea0de712f
pre-refit-f66-v3,vle_obs_0202,vle_obs_0202-pco2,Jou1995,60.0,0.6679133582671654,282000.0,104401.93323626611,evaluated,f66d972c032ce709ada69e8d8177e195c7e416800757663b7420c22bda5f6328,868a501831b87e95dedf18ce40e9e7ac949f7c6a4aaf137f717cc493ecfcb7be,0ecaf30ec3147260f584fff24f30e32a975cba82529f3d3c36d4c49ea0de712f
pre-refit-f66-v3,vle_obs_0203,vle_obs_0203-pco2,Jou1995,80.0,0.01730034600692014,2.96,1.7317560655561923,evaluated,f66d972c032ce709ada69e8d8177e195c7e416800757663b7420c22bda5f6328,868a501831b87e95dedf18ce40e9e7ac949f7c6a4aaf137f717cc493ecfcb7be,0ecaf30ec3147260f584fff24f30e32a975cba82529f3d3c36d4c49ea0de712f
pre-refit-f66-v3,vle_obs_0204,vle_obs_0204-pco2,Jou1995,80.0,0.023500470009400188,4.84,3.0275112049086856,evaluated,f66d972c032ce709ada69e8d8177e195c7e416800757663b7420c22bda5f6328,868a501831b87e95dedf18ce40e9e7ac949f7c6a4aaf137f717cc493ecfcb7be,0ecaf30ec3147260f584fff24f30e32a975cba82529f3d3c36d4c49ea0de712f
pre-refit-f66-v3,vle_obs_0205,vle_obs_0205-pco2,Jou1995,80.0,0.07800156003120062,46.5,32.136699255028276,evaluated,f66d972c032ce709ada69e8d8177e195c7e416800757663b7420c22bda5f6328,868a501831b87e95dedf18ce40e9e7ac949f7c6a4aaf137f717cc493ecfcb7be,0ecaf30ec3147260f584fff24f30e32a975cba82529f3d3c36d4c49ea0de712f
pre-refit-f66-v3,vle_obs_0206,vle_obs_0206-pco2,Jou1995,80.0,0.11790235804716094,99.2,84.87232887737828,evaluated,f66d972c032ce709ada69e8d8177e195c7e416800757663b7420c22bda5f6328,868a501831b87e95dedf18ce40e9e7ac949f7c6a4aaf137f717cc493ecfcb7be,0ecaf30ec3147260f584fff24f30e32a975cba82529f3d3c36d4c49ea0de712f
pre-refit-f66-v3,vle_obs_0207,vle_obs_0207-pco2,Jou1995,80.0,0.18690373807476152,278.0,318.36282074936446,evaluated,f66d972c032ce709ada69e8d8177e195c7e416800757663b7420c22bda5f6328,868a501831b87e95dedf18ce40e9e7ac949f7c6a4aaf137f717cc493ecfcb7be,0ecaf30ec3147260f584fff24f30e32a975cba82529f3d3c36d4c49ea0de712f
pre-refit-f66-v3,vle_obs_0208,vle_obs_0208-pco2,Jou1995,80.0,0.3479069581391628,2670.0,4863.974623933287,evaluated,f66d972c032ce709ada69e8d8177e195c7e416800757663b7420c22bda5f6328,868a501831b87e95dedf18ce40e9e7ac949f7c6a4aaf137f717cc493ecfcb7be,0ecaf30ec3147260f584fff24f30e32a975cba82529f3d3c36d4c49ea0de712f
pre-refit-f66-v3,vle_obs_0209,vle_obs_0209-pco2,Jou1995,80.0,0.4599091981839637,16000.0,33984.79903860734,evaluated,f66d972c032ce709ada69e8d8177e195c7e416800757663b7420c22bda5f6328,868a501831b87e95dedf18ce40e9e7ac949f7c6a4aaf137f717cc493ecfcb7be,0ecaf30ec3147260f584fff24f30e32a975cba82529f3d3c36d4c49ea0de712f
pre-refit-f66-v3,vle_obs_0210,vle_obs_0210-pco2,Jou1995,80.0,0.5169103382067641,56000.0,81476.78318933923,evaluated,f66d972c032ce709ada69e8d8177e195c7e416800757663b7420c22bda5f6328,868a501831b87e95dedf18ce40e9e7ac949f7c6a4aaf137f717cc493ecfcb7be,0ecaf30ec3147260f584fff24f30e32a975cba82529f3d3c36d4c49ea0de712f
pre-refit-f66-v3,vle_obs_0211,vle_obs_0211-pco2,Jou1995,80.0,0.5784115682313646,235000.0,170448.8048807697,evaluated,f66d972c032ce709ada69e8d8177e195c7e416800757663b7420c22bda5f6328,868a501831b87e95dedf18ce40e9e7ac949f7c6a4aaf137f717cc493ecfcb7be,0ecaf30ec3147260f584fff24f30e32a975cba82529f3d3c36d4c49ea0de712f
pre-refit-f66-v3,vle_obs_0212,vle_obs_0212-pco2,Jou1995,80.0,0.6399127982559651,558000.0,291648.98268754955,evaluated,f66d972c032ce709ada69e8d8177e195c7e416800757663b7420c22bda5f6328,868a501831b87e95dedf18ce40e9e7ac949f7c6a4aaf137f717cc493ecfcb7be,0ecaf30ec3147260f584fff24f30e32a975cba82529f3d3c36d4c49ea0de712f
pre-refit-f66-v3,vle_obs_0213,vle_obs_0213-pco2,Jou1995,80.0,0.6889137782755654,958000.0,402013.08382999705,evaluated,f66d972c032ce709ada69e8d8177e195c7e416800757663b7420c22bda5f6328,868a501831b87e95dedf18ce40e9e7ac949f7c6a4aaf137f717cc493ecfcb7be,0ecaf30ec3147260f584fff24f30e32a975cba82529f3d3c36d4c49ea0de712f
pre-refit-f66-v3,vle_obs_0214,vle_obs_0214-pco2,Jou1995,100.0,0.011600232004640094,7.24,4.427373074897062,evaluated,f66d972c032ce709ada69e8d8177e195c7e416800757663b7420c22bda5f6328,868a501831b87e95dedf18ce40e9e7ac949f7c6a4aaf137f717cc493ecfcb7be,0ecaf30ec3147260f584fff24f30e32a975cba82529f3d3c36d4c49ea0de712f
pre-refit-f66-v3,vle_obs_0215,vle_obs_0215-pco2,Jou1995,100.0,0.056501130022600446,136.0,84.57882446403579,evaluated,f66d972c032ce709ada69e8d8177e195c7e416800757663b7420c22bda5f6328,868a501831b87e95dedf18ce40e9e7ac949f7c6a4aaf137f717cc493ecfcb7be,0ecaf30ec3147260f584fff24f30e32a975cba82529f3d3c36d4c49ea0de712f
pre-refit-f66-v3,vle_obs_0216,vle_obs_0216-pco2,Jou1995,100.0,0.18790375807516152,1430.0,1650.5256970292614,evaluated,f66d972c032ce709ada69e8d8177e195c7e416800757663b7420c22bda5f6328,868a501831b87e95dedf18ce40e9e7ac949f7c6a4aaf137f717cc493ecfcb7be,0ecaf30ec3147260f584fff24f30e32a975cba82529f3d3c36d4c49ea0de712f
pre-refit-f66-v3,vle_obs_0217,vle_obs_0217-pco2,Jou1995,100.0,0.38090761815236307,19000.0,40050.71707490447,evaluated,f66d972c032ce709ada69e8d8177e195c7e416800757663b7420c22bda5f6328,868a501831b87e95dedf18ce40e9e7ac949f7c6a4aaf137f717cc493ecfcb7be,0ecaf30ec3147260f584fff24f30e32a975cba82529f3d3c36d4c49ea0de712f
pre-refit-f66-v3,vle_obs_0218,vle_obs_0218-pco2,Jou1995,100.0,0.4219084381687634,39000.0,77562.367671264,evaluated,f66d972c032ce709ada69e8d8177e195c7e416800757663b7420c22bda5f6328,868a501831b87e95dedf18ce40e9e7ac949f7c6a4aaf137f717cc493ecfcb7be,0ecaf30ec3147260f584fff24f30e32a975cba82529f3d3c36d4c49ea0de712f
pre-refit-f66-v3,vle_obs_0219,vle_obs_0219-pco2,Jou1995,100.0,0.4769095381907638,69000.0,174839.92170817018,evaluated,f66d972c032ce709ada69e8d8177e195c7e416800757663b7420c22bda5f6328,868a501831b87e95dedf18ce40e9e7ac949f7c6a4aaf137f717cc493ecfcb7be,0ecaf30ec3147260f584fff24f30e32a975cba82529f3d3c36d4c49ea0de712f
pre-refit-f66-v3,vle_obs_0220,vle_obs_0220-pco2,Jou1995,100.0,0.48090961819236383,109000.0,184525.359865017,evaluated,f66d972c032ce709ada69e8d8177e195c7e416800757663b7420c22bda5f6328,868a501831b87e95dedf18ce40e9e7ac949f7c6a4aaf137f717cc493ecfcb7be,0ecaf30ec3147260f584fff24f30e32a975cba82529f3d3c36d4c49ea0de712f
pre-refit-f66-v3,vle_obs_0221,vle_obs_0221-pco2,Jou1995,100.0,0.5709114182283646,509000.0,493507.1510280546,evaluated,f66d972c032ce709ada69e8d8177e195c7e416800757663b7420c22bda5f6328,868a501831b87e95dedf18ce40e9e7ac949f7c6a4aaf137f717cc493ecfcb7be,0ecaf30ec3147260f584fff24f30e32a975cba82529f3d3c36d4c49ea0de712f
pre-refit-f66-v3,vle_obs_0222,vle_obs_0222-pco2,Jou1995,100.0,0.5889117782355647,376000.0,571661.586252801,evaluated,f66d972c032ce709ada69e8d8177e195c7e416800757663b7420c22bda5f6328,868a501831b87e95dedf18ce40e9e7ac949f7c6a4aaf137f717cc493ecfcb7be,0ecaf30ec3147260f584fff24f30e32a975cba82529f3d3c36d4c49ea0de712f
pre-refit-f66-v3,vle_obs_0223,vle_obs_0223-pco2,Jou1995,100.0,0.613412268245365,909000.0,683129.1338102041,evaluated,f66d972c032ce709ada69e8d8177e195c7e416800757663b7420c22bda5f6328,868a501831b87e95dedf18ce40e9e7ac949f7c6a4aaf137f717cc493ecfcb7be,0ecaf30ec3147260f584fff24f30e32a975cba82529f3d3c36d4c49ea0de712f
pre-refit-f66-v3,vle_obs_0224,vle_obs_0224-pco2,Jou1995,120.0,0.003230064601292026,2.02,2.3068327682623786,evaluated,f66d972c032ce709ada69e8d8177e195c7e416800757663b7420c22bda5f6328,868a501831b87e95dedf18ce40e9e7ac949f7c6a4aaf137f717cc493ecfcb7be,0ecaf30ec3147260f584fff24f30e32a975cba82529f3d3c36d4c49ea0de712f
pre-refit-f66-v3,vle_obs_0225,vle_obs_0225-pco2,Jou1995,120.0,0.011100222004440089,22.1,19.394504234679477,evaluated,f66d972c032ce709ada69e8d8177e195c7e416800757663b7420c22bda5f6328,868a501831b87e95dedf18ce40e9e7ac949f7c6a4aaf137f717cc493ecfcb7be,0ecaf30ec3147260f584fff24f30e32a975cba82529f3d3c36d4c49ea0de712f
pre-refit-f66-v3,vle_obs_0226,vle_obs_0226-pco2,Jou1995,120.0,0.024600492009840196,98.4,81.36575708381888,evaluated,f66d972c032ce709ada69e8d8177e195c7e416800757663b7420c22bda5f6328,868a501831b87e95dedf18ce40e9e7ac949f7c6a4aaf137f717cc493ecfcb7be,0ecaf30ec3147260f584fff24f30e32a975cba82529f3d3c36d4c49ea0de712f
pre-refit-f66-v3,vle_obs_0227,vle_obs_0227-pco2,Jou1995,120.0,0.11890237804756094,2290.0,2079.4681723521876,evaluated,f66d972c032ce709ada69e8d8177e195c7e416800757663b7420c22bda5f6328,868a501831b87e95dedf18ce40e9e7ac949f7c6a4aaf137f717cc493ecfcb7be,0ecaf30ec3147260f584fff24f30e32a975cba82529f3d3c36d4c49ea0de712f
pre-refit-f66-v3,vle_obs_0228,vle_obs_0228-pco2,Jou1995,120.0,0.3489069781395628,46800.0,98795.59758778253,evaluated,f66d972c032ce709ada69e8d8177e195c7e416800757663b7420c22bda5f6328,868a501831b87e95dedf18ce40e9e7ac949f7c6a4aaf137f717cc493ecfcb7be,0ecaf30ec3147260f584fff24f30e32a975cba82529f3d3c36d4c49ea0de712f
pre-refit-f66-v3,vle_obs_0229,vle_obs_0229-pco2,Jou1995,120.0,0.4114082281645633,122000.0,244104.73462039325,evaluated,f66d972c032ce709ada69e8d8177e195c7e416800757663b7420c22bda5f6328,868a501831b87e95dedf18ce40e9e7ac949f7c6a4aaf137f717cc493ecfcb7be,0ecaf30ec3147260f584fff24f30e32a975cba82529f3d3c36d4c49ea0de712f
pre-refit-f66-v3,vle_obs_0230,vle_obs_0230-pco2,Jou1995,120.0,0.4439088781775636,222000.0,371203.4075724182,evaluated,f66d972c032ce709ada69e8d8177e195c7e416800757663b7420c22bda5f6328,868a501831b87e95dedf18ce40e9e7ac949f7c6a4aaf137f717cc493ecfcb7be,0ecaf30ec3147260f584fff24f30e32a975cba82529f3d3c36d4c49ea0de712f
pre-refit-f66-v3,vle_obs_0231,vle_obs_0231-pco2,Jou1995,120.0,0.4729094581891638,422000.0,518014.2422909401,evaluated,f66d972c032ce709ada69e8d8177e195c7e416800757663b7420c22bda5f6328,868a501831b87e95dedf18ce40e9e7ac949f7c6a4aaf137f717cc493ecfcb7be,0ecaf30ec3147260f584fff24f30e32a975cba82529f3d3c36d4c49ea0de712f
pre-refit-f66-v3,vle_obs_0232,vle_obs_0232-pco2,Jou1995,120.0,0.5359107182143643,822000.0,929687.8393153278,evaluated,f66d972c032ce709ada69e8d8177e195c7e416800757663b7420c22bda5f6328,868a501831b87e95dedf18ce40e9e7ac949f7c6a4aaf137f717cc493ecfcb7be,0ecaf30ec3147260f584fff24f30e32a975cba82529f3d3c36d4c49ea0de712f
pre-refit-f66-v3,vle_obs_0233,vle_obs_0233-pco2,Jou1995,120.0,0.6389127782555651,2804000.0,1742954.3221811994,evaluated,f66d972c032ce709ada69e8d8177e195c7e416800757663b7420c22bda5f6328,868a501831b87e95dedf18ce40e9e7ac949f7c6a4aaf137f717cc493ecfcb7be,0ecaf30ec3147260f584fff24f30e32a975cba82529f3d3c36d4c49ea0de712f
pre-refit-f66-v3,Bottinger2008_state_030,Bottinger2008_state_030::MEA + MEAH+,Bottinger2008,20.0,0.0749014980299606,0.1054,0.10483675838647076,evaluated,f66d972c032ce709ada69e8d8177e195c7e416800757663b7420c22bda5f6328,868a501831b87e95dedf18ce40e9e7ac949f7c6a4aaf137f717cc493ecfcb7be,0ecaf30ec3147260f584fff24f30e32a975cba82529f3d3c36d4c49ea0de712f
pre-refit-f66-v3,Bottinger2008_state_030,Bottinger2008_state_030::MEACOO-,Bottinger2008,20.0,0.0749014980299606,0.0086,0.007382110384643217,evaluated,f66d972c032ce709ada69e8d8177e195c7e416800757663b7420c22bda5f6328,868a501831b87e95dedf18ce40e9e7ac949f7c6a4aaf137f717cc493ecfcb7be,0ecaf30ec3147260f584fff24f30e32a975cba82529f3d3c36d4c49ea0de712f
pre-refit-f66-v3,Bottinger2008_state_031,Bottinger2008_state_031::MEA + MEAH+,Bottinger2008,20.0,0.1499029980599612,0.0966,0.09785431870613909,evaluated,f66d972c032ce709ada69e8d8177e195c7e416800757663b7420c22bda5f6328,868a501831b87e95dedf18ce40e9e7ac949f7c6a4aaf137f717cc493ecfcb7be,0ecaf30ec3147260f584fff24f30e32a975cba82529f3d3c36d4c49ea0de712f
pre-refit-f66-v3,Bottinger2008_state_031,Bottinger2008_state_031::MEACOO-,Bottinger2008,20.0,0.1499029980599612,0.0171,0.014364549538087827,evaluated,f66d972c032ce709ada69e8d8177e195c7e416800757663b7420c22bda5f6328,868a501831b87e95dedf18ce40e9e7ac949f7c6a4aaf137f717cc493ecfcb7be,0ecaf30ec3147260f584fff24f30e32a975cba82529f3d3c36d4c49ea0de712f
pre-refit-f66-v3,Bottinger2008_state_032,Bottinger2008_state_032::MEA + MEAH+,Bottinger2008,20.0,0.2349046980939619,0.0871,0.09078612103881702,evaluated,f66d972c032ce709ada69e8d8177e195c7e416800757663b7420c22bda5f6328,868a501831b87e95dedf18ce40e9e7ac949f7c6a4aaf137f717cc493ecfcb7be,0ecaf30ec3147260f584fff24f30e32a975cba82529f3d3c36d4c49ea0de712f
pre-refit-f66-v3,Bottinger2008_state_032,Bottinger2008_state_032::MEACOO-,Bottinger2008,20.0,0.2349046980939619,0.0267,0.0214327449498516,evaluated,f66d972c032ce709ada69e8d8177e195c7e416800757663b7420c22bda5f6328,868a501831b87e95dedf18ce40e9e7ac949f7c6a4aaf137f717cc493ecfcb7be,0ecaf30ec3147260f584fff24f30e32a975cba82529f3d3c36d4c49ea0de712f
pre-refit-f66-v3,Bottinger2008_state_033,Bottinger2008_state_033::MEA + MEAH+,Bottinger2008,20.0,0.30890617812356247,0.078,0.08562167237578618,evaluated,f66d972c032ce709ada69e8d8177e195c7e416800757663b7420c22bda5f6328,868a501831b87e95dedf18ce40e9e7ac949f7c6a4aaf137f717cc493ecfcb7be,0ecaf30ec3147260f584fff24f30e32a975cba82529f3d3c36d4c49ea0de712f
pre-refit-f66-v3,Bottinger2008_state_033,Bottinger2008_state_033::MEACOO-,Bottinger2008,20.0,0.30890617812356247,0.0349,0.026597186128091633,evaluated,f66d972c032ce709ada69e8d8177e195c7e416800757663b7420c22bda5f6328,868a501831b87e95dedf18ce40e9e7ac949f7c6a4aaf137f717cc493ecfcb7be,0ecaf30ec3147260f584fff24f30e32a975cba82529f3d3c36d4c49ea0de712f
pre-refit-f66-v3,Bottinger2008_state_034,Bottinger2008_state_034::MEA + MEAH+,Bottinger2008,20.0,0.38790775815516315,0.0678,0.0815397888139274,evaluated,f66d972c032ce709ada69e8d8177e195c7e416800757663b7420c22bda5f6328,868a501831b87e95dedf18ce40e9e7ac949f7c6a4aaf137f717cc493ecfcb7be,0ecaf30ec3147260f584fff24f30e32a975cba82529f3d3c36d4c49ea0de712f
pre-refit-f66-v3,Bottinger2008_state_034,Bottinger2008_state_034::MEACOO-,Bottinger2008,20.0,0.38790775815516315,0.043,0.030679032537425474,evaluated,f66d972c032ce709ada69e8d8177e195c7e416800757663b7420c22bda5f6328,868a501831b87e95dedf18ce40e9e7ac949f7c6a4aaf137f717cc493ecfcb7be,0ecaf30ec3147260f584fff24f30e32a975cba82529f3d3c36d4c49ea0de712f
pre-refit-f66-v3,Bottinger2008_state_035,Bottinger2008_state_035::MEA + MEAH+,Bottinger2008,20.0,0.4739094781895638,0.062,0.07998115742523923,evaluated,f66d972c032ce709ada69e8d8177e195c7e416800757663b7420c22bda5f6328,868a501831b87e95dedf18ce40e9e7ac949f7c6a4aaf137f717cc493ecfcb7be,0ecaf30ec3147260f584fff24f30e32a975cba82529f3d3c36d4c49ea0de712f
pre-refit-f66-v3,Bottinger2008_state_035,Bottinger2008_state_035::MEACOO-,Bottinger2008,20.0,0.4739094781895638,0.0493,0.032237342450318784,evaluated,f66d972c032ce709ada69e8d8177e195c7e416800757663b7420c22bda5f6328,868a501831b87e95dedf18ce40e9e7ac949f7c6a4aaf137f717cc493ecfcb7be,0ecaf30ec3147260f584fff24f30e32a975cba82529f3d3c36d4c49ea0de712f
pre-refit-f66-v3,Bottinger2008_state_042,Bottinger2008_state_042::MEA + MEAH+,Bottinger2008,40.0,0.124902498049961,0.1009,0.09924869837922433,evaluated,f66d972c032ce709ada69e8d8177e195c7e416800757663b7420c22bda5f6328,868a501831b87e95dedf18ce40e9e7ac949f7c6a4aaf137f717cc493ecfcb7be,0ecaf30ec3147260f584fff24f30e32a975cba82529f3d3c36d4c49ea0de712f
pre-refit-f66-v3,Bottinger2008_state_042,Bottinger2008_state_042::MEACOO-,Bottinger2008,40.0,0.124902498049961,0.0144,0.01297016805717652,evaluated,f66d972c032ce709ada69e8d8177e195c7e416800757663b7420c22bda5f6328,868a501831b87e95dedf18ce40e9e7ac949f7c6a4aaf137f717cc493ecfcb7be,0ecaf30ec3147260f584fff24f30e32a975cba82529f3d3c36d4c49ea0de712f
pre-refit-f66-v3,Bottinger2008_state_043,Bottinger2008_state_043::MEA + MEAH+,Bottinger2008,40.0,0.20490409808196164,0.0934,0.09142197699736844,evaluated,f66d972c032ce709ada69e8d8177e195c7e416800757663b7420c22bda5f6328,868a501831b87e95dedf18ce40e9e7ac949f7c6a4aaf137f717cc493ecfcb7be,0ecaf30ec3147260f584fff24f30e32a975cba82529f3d3c36d4c49ea0de712f
pre-refit-f66-v3,Bottinger2008_state_043,Bottinger2008_state_043::MEACOO-,Bottinger2008,40.0,0.20490409808196164,0.0241,0.020796880827007782,evaluated,f66d972c032ce709ada69e8d8177e195c7e416800757663b7420c22bda5f6328,868a501831b87e95dedf18ce40e9e7ac949f7c6a4aaf137f717cc493ecfcb7be,0ecaf30ec3147260f584fff24f30e32a975cba82529f3d3c36d4c49ea0de712f
pre-refit-f66-v3,Bottinger2008_state_044,Bottinger2008_state_044::MEA + MEAH+,Bottinger2008,40.0,0.2359047180943619,0.0876,0.08855129320217356,evaluated,f66d972c032ce709ada69e8d8177e195c7e416800757663b7420c22bda5f6328,868a501831b87e95dedf18ce40e9e7ac949f7c6a4aaf137f717cc493ecfcb7be,0ecaf30ec3147260f584fff24f30e32a975cba82529f3d3c36d4c49ea0de712f
pre-refit-f66-v3,Bottinger2008_state_044,Bottinger2008_state_044::MEACOO-,Bottinger2008,40.0,0.2359047180943619,0.0271,0.0236675567520506,evaluated,f66d972c032ce709ada69e8d8177e195c7e416800757663b7420c22bda5f6328,868a501831b87e95dedf18ce40e9e7ac949f7c6a4aaf137f717cc493ecfcb7be,0ecaf30ec3147260f584fff24f30e32a975cba82529f3d3c36d4c49ea0de712f
pre-refit-f66-v3,Bottinger2008_state_045,Bottinger2008_state_045::MEA + MEAH+,Bottinger2008,40.0,0.2799055981119623,0.084,0.08469079448299298,evaluated,f66d972c032ce709ada69e8d8177e195c7e416800757663b7420c22bda5f6328,868a501831b87e95dedf18ce40e9e7ac949f7c6a4aaf137f717cc493ecfcb7be,0ecaf30ec3147260f584fff24f30e32a975cba82529f3d3c36d4c49ea0de712f
pre-refit-f66-v3,Bottinger2008_state_045,Bottinger2008_state_045::MEACOO-,Bottinger2008,40.0,0.2799055981119623,0.0327,0.02752803394803361,evaluated,f66d972c032ce709ada69e8d8177e195c7e416800757663b7420c22bda5f6328,868a501831b87e95dedf18ce40e9e7ac949f7c6a4aaf137f717cc493ecfcb7be,0ecaf30ec3147260f584fff24f30e32a975cba82529f3d3c36d4c49ea0de712f
pre-refit-f66-v3,Bottinger2008_state_046,Bottinger2008_state_046::MEA + MEAH+,Bottinger2008,40.0,0.34290685813716276,0.0758,0.07977993127108993,evaluated,f66d972c032ce709ada69e8d8177e195c7e416800757663b7420c22bda5f6328,868a501831b87e95dedf18ce40e9e7ac949f7c6a4aaf137f717cc493ecfcb7be,0ecaf30ec3147260f584fff24f30e32a975cba82529f3d3c36d4c49ea0de712f
pre-refit-f66-v3,Bottinger2008_state_046,Bottinger2008_state_046::MEACOO-,Bottinger2008,40.0,0.34290685813716276,0.0396,0.03243881229810615,evaluated,f66d972c032ce709ada69e8d8177e195c7e416800757663b7420c22bda5f6328,868a501831b87e95dedf18ce40e9e7ac949f7c6a4aaf137f717cc493ecfcb7be,0ecaf30ec3147260f584fff24f30e32a975cba82529f3d3c36d4c49ea0de712f
pre-refit-f66-v3,Bottinger2008_state_047,Bottinger2008_state_047::MEA + MEAH+,Bottinger2008,40.0,0.3539070781415628,0.0749,0.07902473724916176,evaluated,f66d972c032ce709ada69e8d8177e195c7e416800757663b7420c22bda5f6328,868a501831b87e95dedf18ce40e9e7ac949f7c6a4aaf137f717cc493ecfcb7be,0ecaf30ec3147260f584fff24f30e32a975cba82529f3d3c36d4c49ea0de712f
pre-refit-f66-v3,Bottinger2008_state_047,Bottinger2008_state_047::MEACOO-,Bottinger2008,40.0,0.3539070781415628,0.041,0.03319397746734305,evaluated,f66d972c032ce709ada69e8d8177e195c7e416800757663b7420c22bda5f6328,868a501831b87e95dedf18ce40e9e7ac949f7c6a4aaf137f717cc493ecfcb7be,0ecaf30ec3147260f584fff24f30e32a975cba82529f3d3c36d4c49ea0de712f
pre-refit-f66-v3,Bottinger2008_state_048,Bottinger2008_state_048::MEA + MEAH+,Bottinger2008,40.0,0.4599091981839637,0.065,0.07452885828720102,evaluated,f66d972c032ce709ada69e8d8177e195c7e416800757663b7420c22bda5f6328,868a501831b87e95dedf18ce40e9e7ac949f7c6a4aaf137f717cc493ecfcb7be,0ecaf30ec3147260f584fff24f30e32a975cba82529f3d3c36d4c49ea0de712f
pre-refit-f66-v3,Bottinger2008_state_048,Bottinger2008_state_048::MEACOO-,Bottinger2008,40.0,0.4599091981839637,0.0492,0.03768862859149888,evaluated,f66d972c032ce709ada69e8d8177e195c7e416800757663b7420c22bda5f6328,868a501831b87e95dedf18ce40e9e7ac949f7c6a4aaf137f717cc493ecfcb7be,0ecaf30ec3147260f584fff24f30e32a975cba82529f3d3c36d4c49ea0de712f
pre-refit-f66-v3,Bottinger2008_state_049,Bottinger2008_state_049::MEA + MEAH+,Bottinger2008,40.0,0.4659093181863638,0.0663,0.07448725667287352,evaluated,f66d972c032ce709ada69e8d8177e195c7e416800757663b7420c22bda5f6328,868a501831b87e95dedf18ce40e9e7ac949f7c6a4aaf137f717cc493ecfcb7be,0ecaf30ec3147260f584fff24f30e32a975cba82529f3d3c36d4c49ea0de712f
pre-refit-f66-v3,Bottinger2008_state_049,Bottinger2008_state_049::MEACOO-,Bottinger2008,40.0,0.4659093181863638,0.0502,0.03773003666601345,evaluated,f66d972c032ce709ada69e8d8177e195c7e416800757663b7420c22bda5f6328,868a501831b87e95dedf18ce40e9e7ac949f7c6a4aaf137f717cc493ecfcb7be,0ecaf30ec3147260f584fff24f30e32a975cba82529f3d3c36d4c49ea0de712f
pre-refit-f66-v3,Bottinger2008_state_049,Bottinger2008_state_049::HCO3-,Bottinger2008,40.0,0.4659093181863638,0.004,0.014549182070364229,evaluated,f66d972c032ce709ada69e8d8177e195c7e416800757663b7420c22bda5f6328,868a501831b87e95dedf18ce40e9e7ac949f7c6a4aaf137f717cc493ecfcb7be,0ecaf30ec3147260f584fff24f30e32a975cba82529f3d3c36d4c49ea0de712f
pre-refit-f66-v3,Bottinger2008_state_050,Bottinger2008_state_050::MEA + MEAH+,Bottinger2008,40.0,0.4869097381947639,0.0646,0.07456750655660123,evaluated,f66d972c032ce709ada69e8d8177e195c7e416800757663b7420c22bda5f6328,868a501831b87e95dedf18ce40e9e7ac949f7c6a4aaf137f717cc493ecfcb7be,0ecaf30ec3147260f584fff24f30e32a975cba82529f3d3c36d4c49ea0de712f
pre-refit-f66-v3,Bottinger2008_state_050,Bottinger2008_state_050::MEACOO-,Bottinger2008,40.0,0.4869097381947639,0.0511,0.03764888018169737,evaluated,f66d972c032ce709ada69e8d8177e195c7e416800757663b7420c22bda5f6328,868a501831b87e95dedf18ce40e9e7ac949f7c6a4aaf137f717cc493ecfcb7be,0ecaf30ec3147260f584fff24f30e32a975cba82529f3d3c36d4c49ea0de712f
pre-refit-f66-v3,Bottinger2008_state_050,Bottinger2008_state_050::HCO3-,Bottinger2008,40.0,0.4869097381947639,0.0052,0.016978381339721058,evaluated,f66d972c032ce709ada69e8d8177e195c7e416800757663b7420c22bda5f6328,868a501831b87e95dedf18ce40e9e7ac949f7c6a4aaf137f717cc493ecfcb7be,0ecaf30ec3147260f584fff24f30e32a975cba82529f3d3c36d4c49ea0de712f
pre-refit-f66-v3,Bottinger2008_state_055,Bottinger2008_state_055::MEA + MEAH+,Bottinger2008,60.0,0.13090261805236106,0.0974,0.09827130242020854,evaluated,f66d972c032ce709ada69e8d8177e195c7e416800757663b7420c22bda5f6328,868a501831b87e95dedf18ce40e9e7ac949f7c6a4aaf137f717cc493ecfcb7be,0ecaf30ec3147260f584fff24f30e32a975cba82529f3d3c36d4c49ea0de712f
pre-refit-f66-v3,Bottinger2008_state_055,Bottinger2008_state_055::MEACOO-,Bottinger2008,60.0,0.13090261805236106,0.0147,0.01394755129218352,evaluated,f66d972c032ce709ada69e8d8177e195c7e416800757663b7420c22bda5f6328,868a501831b87e95dedf18ce40e9e7ac949f7c6a4aaf137f717cc493ecfcb7be,0ecaf30ec3147260f584fff24f30e32a975cba82529f3d3c36d4c49ea0de712f
pre-refit-f66-v3,Bottinger2008_state_056,Bottinger2008_state_056::MEA + MEAH+,Bottinger2008,60.0,0.20290405808116166,0.0905,0.09093661685811427,evaluated,f66d972c032ce709ada69e8d8177e195c7e416800757663b7420c22bda5f6328,868a501831b87e95dedf18ce40e9e7ac949f7c6a4aaf137f717cc493ecfcb7be,0ecaf30ec3147260f584fff24f30e32a975cba82529f3d3c36d4c49ea0de712f
pre-refit-f66-v3,Bottinger2008_state_056,Bottinger2008_state_056::MEACOO-,Bottinger2008,60.0,0.20290405808116166,0.0231,0.02128219381298687,evaluated,f66d972c032ce709ada69e8d8177e195c7e416800757663b7420c22bda5f6328,868a501831b87e95dedf18ce40e9e7ac949f7c6a4aaf137f717cc493ecfcb7be,0ecaf30ec3147260f584fff24f30e32a975cba82529f3d3c36d4c49ea0de712f
pre-refit-f66-v3,Bottinger2008_state_057,Bottinger2008_state_057::MEA + MEAH+,Bottinger2008,60.0,0.27690553811076224,0.0791,0.08388192868425945,evaluated,f66d972c032ce709ada69e8d8177e195c7e416800757663b7420c22bda5f6328,868a501831b87e95dedf18ce40e9e7ac949f7c6a4aaf137f717cc493ecfcb7be,0ecaf30ec3147260f584fff24f30e32a975cba82529f3d3c36d4c49ea0de712f
pre-refit-f66-v3,Bottinger2008_state_057,Bottinger2008_state_057::MEACOO-,Bottinger2008,60.0,0.27690553811076224,0.0302,0.02833673224373602,evaluated,f66d972c032ce709ada69e8d8177e195c7e416800757663b7420c22bda5f6328,868a501831b87e95dedf18ce40e9e7ac949f7c6a4aaf137f717cc493ecfcb7be,0ecaf30ec3147260f584fff24f30e32a975cba82529f3d3c36d4c49ea0de712f
pre-refit-f66-v3,Bottinger2008_state_058,Bottinger2008_state_058::MEA + MEAH+,Bottinger2008,60.0,0.4149082981659633,0.0687,0.07393178597028638,evaluated,f66d972c032ce709ada69e8d8177e195c7e416800757663b7420c22bda5f6328,868a501831b87e95dedf18ce40e9e7ac949f7c6a4aaf137f717cc493ecfcb7be,0ecaf30ec3147260f584fff24f30e32a975cba82529f3d3c36d4c49ea0de712f
pre-refit-f66-v3,Bottinger2008_state_058,Bottinger2008_state_058::MEACOO-,Bottinger2008,60.0,0.4149082981659633,0.0417,0.03828447613327021,evaluated,f66d972c032ce709ada69e8d8177e195c7e416800757663b7420c22bda5f6328,868a501831b87e95dedf18ce40e9e7ac949f7c6a4aaf137f717cc493ecfcb7be,0ecaf30ec3147260f584fff24f30e32a975cba82529f3d3c36d4c49ea0de712f
pre-refit-f66-v3,Bottinger2008_state_058,Bottinger2008_state_058::HCO3-,Bottinger2008,60.0,0.4149082981659633,0.0042,0.008262043179813746,evaluated,f66d972c032ce709ada69e8d8177e195c7e416800757663b7420c22bda5f6328,868a501831b87e95dedf18ce40e9e7ac949f7c6a4aaf137f717cc493ecfcb7be,0ecaf30ec3147260f584fff24f30e32a975cba82529f3d3c36d4c49ea0de712f
pre-refit-f66-v3,Bottinger2008_state_059,Bottinger2008_state_059::MEA + MEAH+,Bottinger2008,60.0,0.4889097781955639,0.068,0.07261620563592912,evaluated,f66d972c032ce709ada69e8d8177e195c7e416800757663b7420c22bda5f6328,868a501831b87e95dedf18ce40e9e7ac949f7c6a4aaf137f717cc493ecfcb7be,0ecaf30ec3147260f584fff24f30e32a975cba82529f3d3c36d4c49ea0de712f
pre-refit-f66-v3,Bottinger2008_state_059,Bottinger2008_state_059::MEACOO-,Bottinger2008,60.0,0.4889097781955639,0.0424,0.039591602638185557,evaluated,f66d972c032ce709ada69e8d8177e195c7e416800757663b7420c22bda5f6328,868a501831b87e95dedf18ce40e9e7ac949f7c6a4aaf137f717cc493ecfcb7be,0ecaf30ec3147260f584fff24f30e32a975cba82529f3d3c36d4c49ea0de712f
pre-refit-f66-v3,Bottinger2008_state_059,Bottinger2008_state_059::HCO3-,Bottinger2008,60.0,0.4889097781955639,0.0072,0.015179452743507427,evaluated,f66d972c032ce709ada69e8d8177e195c7e416800757663b7420c22bda5f6328,868a501831b87e95dedf18ce40e9e7ac949f7c6a4aaf137f717cc493ecfcb7be,0ecaf30ec3147260f584fff24f30e32a975cba82529f3d3c36d4c49ea0de712f
pre-refit-f66-v3,Bottinger2008_state_063,Bottinger2008_state_063::MEA + MEAH+,Bottinger2008,80.0,0.06390127802556052,0.1084,0.10528746140601888,evaluated,f66d972c032ce709ada69e8d8177e195c7e416800757663b7420c22bda5f6328,868a501831b87e95dedf18ce40e9e7ac949f7c6a4aaf137f717cc493ecfcb7be,0ecaf30ec3147260f584fff24f30e32a975cba82529f3d3c36d4c49ea0de712f
pre-refit-f66-v3,Bottinger2008_state_063,Bottinger2008_state_063::MEACOO-,Bottinger2008,80.0,0.06390127802556052,0.0068,0.006931393459981928,evaluated,f66d972c032ce709ada69e8d8177e195c7e416800757663b7420c22bda5f6328,868a501831b87e95dedf18ce40e9e7ac949f7c6a4aaf137f717cc493ecfcb7be,0ecaf30ec3147260f584fff24f30e32a975cba82529f3d3c36d4c49ea0de712f
pre-refit-f66-v3,Bottinger2008_state_064,Bottinger2008_state_064::MEA + MEAH+,Bottinger2008,80.0,0.14090281805636112,0.1005,0.09710931187040509,evaluated,f66d972c032ce709ada69e8d8177e195c7e416800757663b7420c22bda5f6328,868a501831b87e95dedf18ce40e9e7ac949f7c6a4aaf137f717cc493ecfcb7be,0ecaf30ec3147260f584fff24f30e32a975cba82529f3d3c36d4c49ea0de712f
pre-refit-f66-v3,Bottinger2008_state_064,Bottinger2008_state_064::MEACOO-,Bottinger2008,80.0,0.14090281805636112,0.014,0.015109465633819756,evaluated,f66d972c032ce709ada69e8d8177e195c7e416800757663b7420c22bda5f6328,868a501831b87e95dedf18ce40e9e7ac949f7c6a4aaf137f717cc493ecfcb7be,0ecaf30ec3147260f584fff24f30e32a975cba82529f3d3c36d4c49ea0de712f
pre-refit-f66-v3,Bottinger2008_state_065,Bottinger2008_state_065::MEA + MEAH+,Bottinger2008,80.0,0.24490489809796198,0.0906,0.08662236233342528,evaluated,f66d972c032ce709ada69e8d8177e195c7e416800757663b7420c22bda5f6328,868a501831b87e95dedf18ce40e9e7ac949f7c6a4aaf137f717cc493ecfcb7be,0ecaf30ec3147260f584fff24f30e32a975cba82529f3d3c36d4c49ea0de712f
pre-refit-f66-v3,Bottinger2008_state_065,Bottinger2008_state_065::MEACOO-,Bottinger2008,80.0,0.24490489809796198,0.0224,0.025595924304156196,evaluated,f66d972c032ce709ada69e8d8177e195c7e416800757663b7420c22bda5f6328,868a501831b87e95dedf18ce40e9e7ac949f7c6a4aaf137f717cc493ecfcb7be,0ecaf30ec3147260f584fff24f30e32a975cba82529f3d3c36d4c49ea0de712f
pre-refit-f66-v3,Bottinger2008_state_066,Bottinger2008_state_066::MEA + MEAH+,Bottinger2008,80.0,0.33590671813436274,0.0858,0.07861012518323005,evaluated,f66d972c032ce709ada69e8d8177e195c7e416800757663b7420c22bda5f6328,868a501831b87e95dedf18ce40e9e7ac949f7c6a4aaf137f717cc493ecfcb7be,0ecaf30ec3147260f584fff24f30e32a975cba82529f3d3c36d4c49ea0de712f
pre-refit-f66-v3,Bottinger2008_state_066,Bottinger2008_state_066::MEACOO-,Bottinger2008,80.0,0.33590671813436274,0.0337,0.033605987168331,evaluated,f66d972c032ce709ada69e8d8177e195c7e416800757663b7420c22bda5f6328,868a501831b87e95dedf18ce40e9e7ac949f7c6a4aaf137f717cc493ecfcb7be,0ecaf30ec3147260f584fff24f30e32a975cba82529f3d3c36d4c49ea0de712f
pre-refit-f66-v3,Bottinger2008_state_067,Bottinger2008_state_067::MEA + MEAH+,Bottinger2008,80.0,0.39790795815916324,0.0872,0.07452764203334884,evaluated,f66d972c032ce709ada69e8d8177e195c7e416800757663b7420c22bda5f6328,868a501831b87e95dedf18ce40e9e7ac949f7c6a4aaf137f717cc493ecfcb7be,0ecaf30ec3147260f584fff24f30e32a975cba82529f3d3c36d4c49ea0de712f
pre-refit-f66-v3,Bottinger2008_state_067,Bottinger2008_state_067::MEACOO-,Bottinger2008,80.0,0.39790795815916324,0.0336,0.0376828573680304,evaluated,f66d972c032ce709ada69e8d8177e195c7e416800757663b7420c22bda5f6328,868a501831b87e95dedf18ce40e9e7ac949f7c6a4aaf137f717cc493ecfcb7be,0ecaf30ec3147260f584fff24f30e32a975cba82529f3d3c36d4c49ea0de712f
pre-refit-f66-v3,Bottinger2008_state_067,Bottinger2008_state_067::HCO3-,Bottinger2008,80.0,0.39790795815916324,0.0046,0.006902339587914126,evaluated,f66d972c032ce709ada69e8d8177e195c7e416800757663b7420c22bda5f6328,868a501831b87e95dedf18ce40e9e7ac949f7c6a4aaf137f717cc493ecfcb7be,0ecaf30ec3147260f584fff24f30e32a975cba82529f3d3c36d4c49ea0de712f
pre-refit-f66-v3,Matin2012_state_001,Matin2012_state_001::MEA,Matin2012,20.0,0.10590211804236084,0.0915,0.08858341085712441,evaluated,f66d972c032ce709ada69e8d8177e195c7e416800757663b7420c22bda5f6328,868a501831b87e95dedf18ce40e9e7ac949f7c6a4aaf137f717cc493ecfcb7be,0ecaf30ec3147260f584fff24f30e32a975cba82529f3d3c36d4c49ea0de712f
pre-refit-f66-v3,Matin2012_state_001,Matin2012_state_001::MEAH+,Matin2012,20.0,0.10590211804236084,0.0115,0.013296456417191975,evaluated,f66d972c032ce709ada69e8d8177e195c7e416800757663b7420c22bda5f6328,868a501831b87e95dedf18ce40e9e7ac949f7c6a4aaf137f717cc493ecfcb7be,0ecaf30ec3147260f584fff24f30e32a975cba82529f3d3c36d4c49ea0de712f
pre-refit-f66-v3,Matin2012_state_001,Matin2012_state_001::MEACOO-,Matin2012,20.0,0.10590211804236084,0.0097,0.010339001355452845,evaluated,f66d972c032ce709ada69e8d8177e195c7e416800757663b7420c22bda5f6328,868a501831b87e95dedf18ce40e9e7ac949f7c6a4aaf137f717cc493ecfcb7be,0ecaf30ec3147260f584fff24f30e32a975cba82529f3d3c36d4c49ea0de712f
pre-refit-f66-v3,Matin2012_state_001,Matin2012_state_001::HCO3-,Matin2012,20.0,0.10590211804236084,0.0024,0.001556196424706595,evaluated,f66d972c032ce709ada69e8d8177e195c7e416800757663b7420c22bda5f6328,868a501831b87e95dedf18ce40e9e7ac949f7c6a4aaf137f717cc493ecfcb7be,0ecaf30ec3147260f584fff24f30e32a975cba82529f3d3c36d4c49ea0de712f
pre-refit-f66-v3,Matin2012_state_002,Matin2012_state_002::MEA,Matin2012,20.0,0.12790255805116105,0.0867,0.08369845658382605,evaluated,f66d972c032ce709ada69e8d8177e195c7e416800757663b7420c22bda5f6328,868a501831b87e95dedf18ce40e9e7ac949f7c6a4aaf137f717cc493ecfcb7be,0ecaf30ec3147260f584fff24f30e32a975cba82529f3d3c36d4c49ea0de712f
pre-refit-f66-v3,Matin2012_state_002,Matin2012_state_002::MEAH+,Matin2012,20.0,0.12790255805116105,0.0139,0.016141598377841234,evaluated,f66d972c032ce709ada69e8d8177e195c7e416800757663b7420c22bda5f6328,868a501831b87e95dedf18ce40e9e7ac949f7c6a4aaf137f717cc493ecfcb7be,0ecaf30ec3147260f584fff24f30e32a975cba82529f3d3c36d4c49ea0de712f
pre-refit-f66-v3,Matin2012_state_002,Matin2012_state_002::MEACOO-,Matin2012,20.0,0.12790255805116105,0.0124,0.012378813510075725,evaluated,f66d972c032ce709ada69e8d8177e195c7e416800757663b7420c22bda5f6328,868a501831b87e95dedf18ce40e9e7ac949f7c6a4aaf137f717cc493ecfcb7be,0ecaf30ec3147260f584fff24f30e32a975cba82529f3d3c36d4c49ea0de712f
pre-refit-f66-v3,Matin2012_state_002,Matin2012_state_002::HCO3-,Matin2012,20.0,0.12790255805116105,0.0022,0.0019851979515147712,evaluated,f66d972c032ce709ada69e8d8177e195c7e416800757663b7420c22bda5f6328,868a501831b87e95dedf18ce40e9e7ac949f7c6a4aaf137f717cc493ecfcb7be,0ecaf30ec3147260f584fff24f30e32a975cba82529f3d3c36d4c49ea0de712f
pre-refit-f66-v3,Matin2012_state_003,Matin2012_state_003::MEA,Matin2012,20.0,0.1499029980599612,0.0817,0.07882214347458127,evaluated,f66d972c032ce709ada69e8d8177e195c7e416800757663b7420c22bda5f6328,868a501831b87e95dedf18ce40e9e7ac949f7c6a4aaf137f717cc493ecfcb7be,0ecaf30ec3147260f584fff24f30e32a975cba82529f3d3c36d4c49ea0de712f
pre-refit-f66-v3,Matin2012_state_003,Matin2012_state_003::MEAH+,Matin2012,20.0,0.1499029980599612,0.0162,0.019032175231558396,evaluated,f66d972c032ce709ada69e8d8177e195c7e416800757663b7420c22bda5f6328,868a501831b87e95dedf18ce40e9e7ac949f7c6a4aaf137f717cc493ecfcb7be,0ecaf30ec3147260f584fff24f30e32a975cba82529f3d3c36d4c49ea0de712f
pre-refit-f66-v3,Matin2012_state_003,Matin2012_state_003::MEACOO-,Matin2012,20.0,0.1499029980599612,0.0151,0.014364549538087213,evaluated,f66d972c032ce709ada69e8d8177e195c7e416800757663b7420c22bda5f6328,868a501831b87e95dedf18ce40e9e7ac949f7c6a4aaf137f717cc493ecfcb7be,0ecaf30ec3147260f584fff24f30e32a975cba82529f3d3c36d4c49ea0de712f
pre-refit-f66-v3,Matin2012_state_003,Matin2012_state_003::HCO3-,Matin2012,20.0,0.1499029980599612,0.002,0.0024682749683221645,evaluated,f66d972c032ce709ada69e8d8177e195c7e416800757663b7420c22bda5f6328,868a501831b87e95dedf18ce40e9e7ac949f7c6a4aaf137f717cc493ecfcb7be,0ecaf30ec3147260f584fff24f30e32a975cba82529f3d3c36d4c49ea0de712f
pre-refit-f66-v3,Matin2012_state_004,Matin2012_state_004::MEA,Matin2012,20.0,0.17290345806916138,0.0768,0.07373539108247343,evaluated,f66d972c032ce709ada69e8d8177e195c7e416800757663b7420c22bda5f6328,868a501831b87e95dedf18ce40e9e7ac949f7c6a4aaf137f717cc493ecfcb7be,0ecaf30ec3147260f584fff24f30e32a975cba82529f3d3c36d4c49ea0de712f
pre-refit-f66-v3,Matin2012_state_004,Matin2012_state_004::MEAH+,Matin2012,20.0,0.17290345806916138,0.0186,0.022106164948466317,evaluated,f66d972c032ce709ada69e8d8177e195c7e416800757663b7420c22bda5f6328,868a501831b87e95dedf18ce40e9e7ac949f7c6a4aaf137f717cc493ecfcb7be,0ecaf30ec3147260f584fff24f30e32a975cba82529f3d3c36d4c49ea0de712f
pre-refit-f66-v3,Matin2012_state_004,Matin2012_state_004::MEACOO-,Matin2012,20.0,0.17290345806916138,0.0177,0.016377311870332225,evaluated,f66d972c032ce709ada69e8d8177e195c7e416800757663b7420c22bda5f6328,868a501831b87e95dedf18ce40e9e7ac949f7c6a4aaf137f717cc493ecfcb7be,0ecaf30ec3147260f584fff24f30e32a975cba82529f3d3c36d4c49ea0de712f
pre-refit-f66-v3,Matin2012_state_004,Matin2012_state_004::HCO3-,Matin2012,20.0,0.17290345806916138,0.002,0.003036543490237933,evaluated,f66d972c032ce709ada69e8d8177e195c7e416800757663b7420c22bda5f6328,868a501831b87e95dedf18ce40e9e7ac949f7c6a4aaf137f717cc493ecfcb7be,0ecaf30ec3147260f584fff24f30e32a975cba82529f3d3c36d4c49ea0de712f
pre-refit-f66-v3,Matin2012_state_005,Matin2012_state_005::MEA,Matin2012,20.0,0.19490389807796157,0.0718,0.06888286308340551,evaluated,f66d972c032ce709ada69e8d8177e195c7e416800757663b7420c22bda5f6328,868a501831b87e95dedf18ce40e9e7ac949f7c6a4aaf137f717cc493ecfcb7be,0ecaf30ec3147260f584fff24f30e32a975cba82529f3d3c36d4c49ea0de712f
pre-refit-f66-v3,Matin2012_state_005,Matin2012_state_005::MEAH+,Matin2012,20.0,0.19490389807796157,0.021,0.02509942867238017,evaluated,f66d972c032ce709ada69e8d8177e195c7e416800757663b7420c22bda5f6328,868a501831b87e95dedf18ce40e9e7ac949f7c6a4aaf137f717cc493ecfcb7be,0ecaf30ec3147260f584fff24f30e32a975cba82529f3d3c36d4c49ea0de712f
pre-refit-f66-v3,Matin2012_state_005,Matin2012_state_005::MEACOO-,Matin2012,20.0,0.19490389807796157,0.0203,0.018236575673829074,evaluated,f66d972c032ce709ada69e8d8177e195c7e416800757663b7420c22bda5f6328,868a501831b87e95dedf18ce40e9e7ac949f7c6a4aaf137f717cc493ecfcb7be,0ecaf30ec3147260f584fff24f30e32a975cba82529f3d3c36d4c49ea0de712f
pre-refit-f66-v3,Matin2012_state_005,Matin2012_state_005::HCO3-,Matin2012,20.0,0.19490389807796157,0.002,0.0036460904855842476,evaluated,f66d972c032ce709ada69e8d8177e195c7e416800757663b7420c22bda5f6328,868a501831b87e95dedf18ce40e9e7ac949f7c6a4aaf137f717cc493ecfcb7be,0ecaf30ec3147260f584fff24f30e32a975cba82529f3d3c36d4c49ea0de712f
pre-refit-f66-v3,Matin2012_state_006,Matin2012_state_006::MEA,Matin2012,20.0,0.21790435808716177,0.0668,0.06382658238670562,evaluated,f66d972c032ce709ada69e8d8177e195c7e416800757663b7420c22bda5f6328,868a501831b87e95dedf18ce40e9e7ac949f7c6a4aaf137f717cc493ecfcb7be,0ecaf30ec3147260f584fff24f30e32a975cba82529f3d3c36d4c49ea0de712f
pre-refit-f66-v3,Matin2012_state_006,Matin2012_state_006::MEAH+,Matin2012,20.0,0.21790435808716177,0.0234,0.028287172626849266,evaluated,f66d972c032ce709ada69e8d8177e195c7e416800757663b7420c22bda5f6328,868a501831b87e95dedf18ce40e9e7ac949f7c6a4aaf137f717cc493ecfcb7be,0ecaf30ec3147260f584fff24f30e32a975cba82529f3d3c36d4c49ea0de712f
pre-refit-f66-v3,Matin2012_state_006,Matin2012_state_006::MEACOO-,Matin2012,20.0,0.21790435808716177,0.0228,0.02010511170465265,evaluated,f66d972c032ce709ada69e8d8177e195c7e416800757663b7420c22bda5f6328,868a501831b87e95dedf18ce40e9e7ac949f7c6a4aaf137f717cc493ecfcb7be,0ecaf30ec3147260f584fff24f30e32a975cba82529f3d3c36d4c49ea0de712f
pre-refit-f66-v3,Matin2012_state_006,Matin2012_state_006::HCO3-,Matin2012,20.0,0.21790435808716177,0.0021,0.004358581911093475,evaluated,f66d972c032ce709ada69e8d8177e195c7e416800757663b7420c22bda5f6328,868a501831b87e95dedf18ce40e9e7ac949f7c6a4aaf137f717cc493ecfcb7be,0ecaf30ec3147260f584fff24f30e32a975cba82529f3d3c36d4c49ea0de712f
pre-refit-f66-v3,Matin2012_state_007,Matin2012_state_007::MEA,Matin2012,20.0,0.24090481809636194,0.0618,0.05879171091236138,evaluated,f66d972c032ce709ada69e8d8177e195c7e416800757663b7420c22bda5f6328,868a501831b87e95dedf18ce40e9e7ac949f7c6a4aaf137f717cc493ecfcb7be,0ecaf30ec3147260f584fff24f30e32a975cba82529f3d3c36d4c49ea0de712f
pre-refit-f66-v3,Matin2012_state_007,Matin2012_state_007::MEAH+,Matin2012,20.0,0.24090481809636194,0.0257,0.03153732870714361,evaluated,f66d972c032ce709ada69e8d8177e195c7e416800757663b7420c22bda5f6328,868a501831b87e95dedf18ce40e9e7ac949f7c6a4aaf137f717cc493ecfcb7be,0ecaf30ec3147260f584fff24f30e32a975cba82529f3d3c36d4c49ea0de712f
pre-refit-f66-v3,Matin2012_state_007,Matin2012_state_007::MEACOO-,Matin2012,20.0,0.24090481809636194,0.0252,0.021889826057869394,evaluated,f66d972c032ce709ada69e8d8177e195c7e416800757663b7420c22bda5f6328,868a501831b87e95dedf18ce40e9e7ac949f7c6a4aaf137f717cc493ecfcb7be,0ecaf30ec3147260f584fff24f30e32a975cba82529f3d3c36d4c49ea0de712f
pre-refit-f66-v3,Matin2012_state_007,Matin2012_state_007::HCO3-,Matin2012,20.0,0.24090481809636194,0.0023,0.005154891966526974,evaluated,f66d972c032ce709ada69e8d8177e195c7e416800757663b7420c22bda5f6328,868a501831b87e95dedf18ce40e9e7ac949f7c6a4aaf137f717cc493ecfcb7be,0ecaf30ec3147260f584fff24f30e32a975cba82529f3d3c36d4c49ea0de712f
pre-refit-f66-v3,Matin2012_state_008,Matin2012_state_008::MEA,Matin2012,20.0,0.26390527810556214,0.0568,0.05378394999877709,evaluated,f66d972c032ce709ada69e8d8177e195c7e416800757663b7420c22bda5f6328,868a501831b87e95dedf18ce40e9e7ac949f7c6a4aaf137f717cc493ecfcb7be,0ecaf30ec3147260f584fff24f30e32a975cba82529f3d3c36d4c49ea0de712f
pre-refit-f66-v3,Matin2012_state_008,Matin2012_state_008::MEAH+,Matin2012,20.0,0.26390527810556214,0.0281,0.03485187502243559,evaluated,f66d972c032ce709ada69e8d8177e195c7e416800757663b7420c22bda5f6328,868a501831b87e95dedf18ce40e9e7ac949f7c6a4aaf137f717cc493ecfcb7be,0ecaf30ec3147260f584fff24f30e32a975cba82529f3d3c36d4c49ea0de712f
pre-refit-f66-v3,Matin2012_state_008,Matin2012_state_008::MEACOO-,Matin2012,20.0,0.26390527810556214,0.0276,0.023583039117883467,evaluated,f66d972c032ce709ada69e8d8177e195c7e416800757663b7420c22bda5f6328,868a501831b87e95dedf18ce40e9e7ac949f7c6a4aaf137f717cc493ecfcb7be,0ecaf30ec3147260f584fff24f30e32a975cba82529f3d3c36d4c49ea0de712f
pre-refit-f66-v3,Matin2012_state_008,Matin2012_state_008::HCO3-,Matin2012,20.0,0.26390527810556214,0.0026,0.0060426987031474725,evaluated,f66d972c032ce709ada69e8d8177e195c7e416800757663b7420c22bda5f6328,868a501831b87e95dedf18ce40e9e7ac949f7c6a4aaf137f717cc493ecfcb7be,0ecaf30ec3147260f584fff24f30e32a975cba82529f3d3c36d4c49ea0de712f
pre-refit-f66-v3,Matin2012_state_009,Matin2012_state_009::MEA,Matin2012,20.0,0.2869057381147623,0.0518,0.04881107382332839,evaluated,f66d972c032ce709ada69e8d8177e195c7e416800757663b7420c22bda5f6328,868a501831b87e95dedf18ce40e9e7ac949f7c6a4aaf137f717cc493ecfcb7be,0ecaf30ec3147260f584fff24f30e32a975cba82529f3d3c36d4c49ea0de712f
pre-refit-f66-v3,Matin2012_state_009,Matin2012_state_009::MEAH+,Matin2012,20.0,0.2869057381147623,0.0304,0.03823163629078253,evaluated,f66d972c032ce709ada69e8d8177e195c7e416800757663b7420c22bda5f6328,868a501831b87e95dedf18ce40e9e7ac949f7c6a4aaf137f717cc493ecfcb7be,0ecaf30ec3147260f584fff24f30e32a975cba82529f3d3c36d4c49ea0de712f
pre-refit-f66-v3,Matin2012_state_009,Matin2012_state_009::MEACOO-,Matin2012,20.0,0.2869057381147623,0.0299,0.02517615171976233,evaluated,f66d972c032ce709ada69e8d8177e195c7e416800757663b7420c22bda5f6328,868a501831b87e95dedf18ce40e9e7ac949f7c6a4aaf137f717cc493ecfcb7be,0ecaf30ec3147260f584fff24f30e32a975cba82529f3d3c36d4c49ea0de712f
pre-refit-f66-v3,Matin2012_state_009,Matin2012_state_009::HCO3-,Matin2012,20.0,0.2869057381147623,0.003,0.007030598772664721,evaluated,f66d972c032ce709ada69e8d8177e195c7e416800757663b7420c22bda5f6328,868a501831b87e95dedf18ce40e9e7ac949f7c6a4aaf137f717cc493ecfcb7be,0ecaf30ec3147260f584fff24f30e32a975cba82529f3d3c36d4c49ea0de712f
pre-refit-f66-v3,Matin2012_state_010,Matin2012_state_010::MEA,Matin2012,20.0,0.3099061981239625,0.0469,0.04388391580737921,evaluated,f66d972c032ce709ada69e8d8177e195c7e416800757663b7420c22bda5f6328,868a501831b87e95dedf18ce40e9e7ac949f7c6a4aaf137f717cc493ecfcb7be,0ecaf30ec3147260f584fff24f30e32a975cba82529f3d3c36d4c49ea0de712f
pre-refit-f66-v3,Matin2012_state_010,Matin2012_state_010::MEAH+,Matin2012,20.0,0.3099061981239625,0.0327,0.04167571624281531,evaluated,f66d972c032ce709ada69e8d8177e195c7e416800757663b7420c22bda5f6328,868a501831b87e95dedf18ce40e9e7ac949f7c6a4aaf137f717cc493ecfcb7be,0ecaf30ec3147260f584fff24f30e32a975cba82529f3d3c36d4c49ea0de712f
pre-refit-f66-v3,Matin2012_state_010,Matin2012_state_010::MEACOO-,Matin2012,20.0,0.3099061981239625,0.0321,0.026659226266844104,evaluated,f66d972c032ce709ada69e8d8177e195c7e416800757663b7420c22bda5f6328,868a501831b87e95dedf18ce40e9e7ac949f7c6a4aaf137f717cc493ecfcb7be,0ecaf30ec3147260f584fff24f30e32a975cba82529f3d3c36d4c49ea0de712f
pre-refit-f66-v3,Matin2012_state_010,Matin2012_state_010::HCO3-,Matin2012,20.0,0.3099061981239625,0.0034,0.008128525618476604,evaluated,f66d972c032ce709ada69e8d8177e195c7e416800757663b7420c22bda5f6328,868a501831b87e95dedf18ce40e9e7ac949f7c6a4aaf137f717cc493ecfcb7be,0ecaf30ec3147260f584fff24f30e32a975cba82529f3d3c36d4c49ea0de712f
pre-refit-f66-v3,Matin2012_state_011,Matin2012_state_011::MEA,Matin2012,20.0,0.33390667813356273,0.0419,0.038808049751672756,evaluated,f66d972c032ce709ada69e8d8177e195c7e416800757663b7420c22bda5f6328,868a501831b87e95dedf18ce40e9e7ac949f7c6a4aaf137f717cc493ecfcb7be,0ecaf30ec3147260f584fff24f30e32a975cba82529f3d3c36d4c49ea0de712f
pre-refit-f66-v3,Matin2012_state_011,Matin2012_state_011::MEAH+,Matin2012,20.0,0.33390667813356273,0.0349,0.045334333937040276,evaluated,f66d972c032ce709ada69e8d8177e195c7e416800757663b7420c22bda5f6328,868a501831b87e95dedf18ce40e9e7ac949f7c6a4aaf137f717cc493ecfcb7be,0ecaf30ec3147260f584fff24f30e32a975cba82529f3d3c36d4c49ea0de712f
pre-refit-f66-v3,Matin2012_state_011,Matin2012_state_011::MEACOO-,Matin2012,20.0,0.33390667813356273,0.0342,0.02807646884172575,evaluated,f66d972c032ce709ada69e8d8177e195c7e416800757663b7420c22bda5f6328,868a501831b87e95dedf18ce40e9e7ac949f7c6a4aaf137f717cc493ecfcb7be,0ecaf30ec3147260f584fff24f30e32a975cba82529f3d3c36d4c49ea0de712f
pre-refit-f66-v3,Matin2012_state_011,Matin2012_state_011::HCO3-,Matin2012,20.0,0.33390667813356273,0.004,0.009404482145177598,evaluated,f66d972c032ce709ada69e8d8177e195c7e416800757663b7420c22bda5f6328,868a501831b87e95dedf18ce40e9e7ac949f7c6a4aaf137f717cc493ecfcb7be,0ecaf30ec3147260f584fff24f30e32a975cba82529f3d3c36d4c49ea0de712f
pre-refit-f66-v3,Matin2012_state_012,Matin2012_state_012::MEA,Matin2012,20.0,0.3579071581431629,0.0371,0.03382463972896298,evaluated,f66d972c032ce709ada69e8d8177e195c7e416800757663b7420c22bda5f6328,868a501831b87e95dedf18ce40e9e7ac949f7c6a4aaf137f717cc493ecfcb7be,0ecaf30ec3147260f584fff24f30e32a975cba82529f3d3c36d4c49ea0de712f
pre-refit-f66-v3,Matin2012_state_012,Matin2012_state_012::MEAH+,Matin2012,20.0,0.3579071581431629,0.0372,0.04905077160695955,evaluated,f66d972c032ce709ada69e8d8177e195c7e416800757663b7420c22bda5f6328,868a501831b87e95dedf18ce40e9e7ac949f7c6a4aaf137f717cc493ecfcb7be,0ecaf30ec3147260f584fff24f30e32a975cba82529f3d3c36d4c49ea0de712f
pre-refit-f66-v3,Matin2012_state_012,Matin2012_state_012::MEACOO-,Matin2012,20.0,0.3579071581431629,0.0362,0.02934343171574533,evaluated,f66d972c032ce709ada69e8d8177e195c7e416800757663b7420c22bda5f6328,868a501831b87e95dedf18ce40e9e7ac949f7c6a4aaf137f717cc493ecfcb7be,0ecaf30ec3147260f584fff24f30e32a975cba82529f3d3c36d4c49ea0de712f
pre-refit-f66-v3,Matin2012_state_012,Matin2012_state_012::HCO3-,Matin2012,20.0,0.3579071581431629,0.0046,0.010830683871669586,evaluated,f66d972c032ce709ada69e8d8177e195c7e416800757663b7420c22bda5f6328,868a501831b87e95dedf18ce40e9e7ac949f7c6a4aaf137f717cc493ecfcb7be,0ecaf30ec3147260f584fff24f30e32a975cba82529f3d3c36d4c49ea0de712f
pre-refit-f66-v3,Matin2012_state_013,Matin2012_state_013::MEA,Matin2012,20.0,0.3819076381527631,0.0322,0.028972677978321412,evaluated,f66d972c032ce709ada69e8d8177e195c7e416800757663b7420c22bda5f6328,868a501831b87e95dedf18ce40e9e7ac949f7c6a4aaf137f717cc493ecfcb7be,0ecaf30ec3147260f584fff24f30e32a975cba82529f3d3c36d4c49ea0de712f
pre-refit-f66-v3,Matin2012_state_013,Matin2012_state_013::MEAH+,Matin2012,20.0,0.3819076381527631,0.0394,0.05280960456188099,evaluated,f66d972c032ce709ada69e8d8177e195c7e416800757663b7420c22bda5f6328,868a501831b87e95dedf18ce40e9e7ac949f7c6a4aaf137f717cc493ecfcb7be,0ecaf30ec3147260f584fff24f30e32a975cba82529f3d3c36d4c49ea0de712f
pre-refit-f66-v3,Matin2012_state_013,Matin2012_state_013::MEACOO-,Matin2012,20.0,0.3819076381527631,0.0381,0.030436544433874165,evaluated,f66d972c032ce709ada69e8d8177e195c7e416800757663b7420c22bda5f6328,868a501831b87e95dedf18ce40e9e7ac949f7c6a4aaf137f717cc493ecfcb7be,0ecaf30ec3147260f584fff24f30e32a975cba82529f3d3c36d4c49ea0de712f
pre-refit-f66-v3,Matin2012_state_013,Matin2012_state_013::HCO3-,Matin2012,20.0,0.3819076381527631,0.0053,0.0124306739751943,evaluated,f66d972c032ce709ada69e8d8177e195c7e416800757663b7420c22bda5f6328,868a501831b87e95dedf18ce40e9e7ac949f7c6a4aaf137f717cc493ecfcb7be,0ecaf30ec3147260f584fff24f30e32a975cba82529f3d3c36d4c49ea0de712f
pre-refit-f66-v3,Matin2012_state_014,Matin2012_state_014::MEA,Matin2012,20.0,0.4059081181623633,0.0274,0.02431162461072581,evaluated,f66d972c032ce709ada69e8d8177e195c7e416800757663b7420c22bda5f6328,868a501831b87e95dedf18ce40e9e7ac949f7c6a4aaf137f717cc493ecfcb7be,0ecaf30ec3147260f584fff24f30e32a975cba82529f3d3c36d4c49ea0de712f
pre-refit-f66-v3,Matin2012_state_014,Matin2012_state_014::MEAH+,Matin2012,20.0,0.4059081181623633,0.0415,0.056584665003413054,evaluated,f66d972c032ce709ada69e8d8177e195c7e416800757663b7420c22bda5f6328,868a501831b87e95dedf18ce40e9e7ac949f7c6a4aaf137f717cc493ecfcb7be,0ecaf30ec3147260f584fff24f30e32a975cba82529f3d3c36d4c49ea0de712f
pre-refit-f66-v3,Matin2012_state_014,Matin2012_state_014::MEACOO-,Matin2012,20.0,0.4059081181623633,0.04,0.03132250899862683,evaluated,f66d972c032ce709ada69e8d8177e195c7e416800757663b7420c22bda5f6328,868a501831b87e95dedf18ce40e9e7ac949f7c6a4aaf137f717cc493ecfcb7be,0ecaf30ec3147260f584fff24f30e32a975cba82529f3d3c36d4c49ea0de712f
pre-refit-f66-v3,Matin2012_state_014,Matin2012_state_014::HCO3-,Matin2012,20.0,0.4059081181623633,0.0061,0.014237697011023379,evaluated,f66d972c032ce709ada69e8d8177e195c7e416800757663b7420c22bda5f6328,868a501831b87e95dedf18ce40e9e7ac949f7c6a4aaf137f717cc493ecfcb7be,0ecaf30ec3147260f584fff24f30e32a975cba82529f3d3c36d4c49ea0de712f
pre-refit-f66-v3,Matin2012_state_015,Matin2012_state_015::MEA,Matin2012,20.0,0.4309086181723635,0.0227,0.019755991432154486,evaluated,f66d972c032ce709ada69e8d8177e195c7e416800757663b7420c22bda5f6328,868a501831b87e95dedf18ce40e9e7ac949f7c6a4aaf137f717cc493ecfcb7be,0ecaf30ec3147260f584fff24f30e32a975cba82529f3d3c36d4c49ea0de712f
pre-refit-f66-v3,Matin2012_state_015,Matin2012_state_015::MEAH+,Matin2012,20.0,0.4309086181723635,0.0436,0.06048883725953247,evaluated,f66d972c032ce709ada69e8d8177e195c7e416800757663b7420c22bda5f6328,868a501831b87e95dedf18ce40e9e7ac949f7c6a4aaf137f717cc493ecfcb7be,0ecaf30ec3147260f584fff24f30e32a975cba82529f3d3c36d4c49ea0de712f
pre-refit-f66-v3,Matin2012_state_015,Matin2012_state_015::MEACOO-,Matin2012,20.0,0.4309086181723635,0.0417,0.031973914894157074,evaluated,f66d972c032ce709ada69e8d8177e195c7e416800757663b7420c22bda5f6328,868a501831b87e95dedf18ce40e9e7ac949f7c6a4aaf137f717cc493ecfcb7be,0ecaf30ec3147260f584fff24f30e32a975cba82529f3d3c36d4c49ea0de712f
pre-refit-f66-v3,Matin2012_state_015,Matin2012_state_015::HCO3-,Matin2012,20.0,0.4309086181723635,0.007,0.01639124701035271,evaluated,f66d972c032ce709ada69e8d8177e195c7e416800757663b7420c22bda5f6328,868a501831b87e95dedf18ce40e9e7ac949f7c6a4aaf137f717cc493ecfcb7be,0ecaf30ec3147260f584fff24f30e32a975cba82529f3d3c36d4c49ea0de712f
pre-refit-f66-v3,Matin2012_state_016,Matin2012_state_016::MEA,Matin2012,20.0,0.4549090981819637,0.0181,0.01580014721320835,evaluated,f66d972c032ce709ada69e8d8177e195c7e416800757663b7420c22bda5f6328,868a501831b87e95dedf18ce40e9e7ac949f7c6a4aaf137f717cc493ecfcb7be,0ecaf30ec3147260f584fff24f30e32a975cba82529f3d3c36d4c49ea0de712f
pre-refit-f66-v3,Matin2012_state_016,Matin2012_state_016::MEAH+,Matin2012,20.0,0.4549090981819637,0.0457,0.06414532316923532,evaluated,f66d972c032ce709ada69e8d8177e195c7e416800757663b7420c22bda5f6328,868a501831b87e95dedf18ce40e9e7ac949f7c6a4aaf137f717cc493ecfcb7be,0ecaf30ec3147260f584fff24f30e32a975cba82529f3d3c36d4c49ea0de712f
pre-refit-f66-v3,Matin2012_state_016,Matin2012_state_016::MEACOO-,Matin2012,20.0,0.4549090981819637,0.0433,0.03227317187141092,evaluated,f66d972c032ce709ada69e8d8177e195c7e416800757663b7420c22bda5f6328,868a501831b87e95dedf18ce40e9e7ac949f7c6a4aaf137f717cc493ecfcb7be,0ecaf30ec3147260f584fff24f30e32a975cba82529f3d3c36d4c49ea0de712f
pre-refit-f66-v3,Matin2012_state_016,Matin2012_state_016::HCO3-,Matin2012,20.0,0.4549090981819637,0.008,0.018784290788097784,evaluated,f66d972c032ce709ada69e8d8177e195c7e416800757663b7420c22bda5f6328,868a501831b87e95dedf18ce40e9e7ac949f7c6a4aaf137f717cc493ecfcb7be,0ecaf30ec3147260f584fff24f30e32a975cba82529f3d3c36d4c49ea0de712f
pre-refit-f66-v3,Matin2012_state_017,Matin2012_state_017::MEA,Matin2012,20.0,0.4799095981919638,0.0135,0.012273456453014852,evaluated,f66d972c032ce709ada69e8d8177e195c7e416800757663b7420c22bda5f6328,868a501831b87e95dedf18ce40e9e7ac949f7c6a4aaf137f717cc493ecfcb7be,0ecaf30ec3147260f584fff24f30e32a975cba82529f3d3c36d4c49ea0de712f
pre-refit-f66-v3,Matin2012_state_017,Matin2012_state_017::MEAH+,Matin2012,20.0,0.4799095981919638,0.0477,0.06777392496277379,evaluated,f66d972c032ce709ada69e8d8177e195c7e416800757663b7420c22bda5f6328,868a501831b87e95dedf18ce40e9e7ac949f7c6a4aaf137f717cc493ecfcb7be,0ecaf30ec3147260f584fff24f30e32a975cba82529f3d3c36d4c49ea0de712f
pre-refit-f66-v3,Matin2012_state_017,Matin2012_state_017::MEACOO-,Matin2012,20.0,0.4799095981919638,0.0448,0.03217105646315626,evaluated,f66d972c032ce709ada69e8d8177e195c7e416800757663b7420c22bda5f6328,868a501831b87e95dedf18ce40e9e7ac949f7c6a4aaf137f717cc493ecfcb7be,0ecaf30ec3147260f584fff24f30e32a975cba82529f3d3c36d4c49ea0de712f
pre-refit-f66-v3,Matin2012_state_017,Matin2012_state_017::HCO3-,Matin2012,20.0,0.4799095981919638,0.0091,0.021689952935760454,evaluated,f66d972c032ce709ada69e8d8177e195c7e416800757663b7420c22bda5f6328,868a501831b87e95dedf18ce40e9e7ac949f7c6a4aaf137f717cc493ecfcb7be,0ecaf30ec3147260f584fff24f30e32a975cba82529f3d3c36d4c49ea0de712f
pre-refit-f66-v3,Matin2012_state_018,Matin2012_state_018::MEA,Matin2012,20.0,0.5049100982019641,0.009,0.009470678105882837,evaluated,f66d972c032ce709ada69e8d8177e195c7e416800757663b7420c22bda5f6328,868a501831b87e95dedf18ce40e9e7ac949f7c6a4aaf137f717cc493ecfcb7be,0ecaf30ec3147260f584fff24f30e32a975cba82529f3d3c36d4c49ea0de712f
pre-refit-f66-v3,Matin2012_state_018,Matin2012_state_018::MEAH+,Matin2012,20.0,0.5049100982019641,0.0496,0.07114303362780343,evaluated,f66d972c032ce709ada69e8d8177e195c7e416800757663b7420c22bda5f6328,868a501831b87e95dedf18ce40e9e7ac949f7c6a4aaf137f717cc493ecfcb7be,0ecaf30ec3147260f584fff24f30e32a975cba82529f3d3c36d4c49ea0de712f
pre-refit-f66-v3,Matin2012_state_018,Matin2012_state_018::MEACOO-,Matin2012,20.0,0.5049100982019641,0.0462,0.0316043402781044,evaluated,f66d972c032ce709ada69e8d8177e195c7e416800757663b7420c22bda5f6328,868a501831b87e95dedf18ce40e9e7ac949f7c6a4aaf137f717cc493ecfcb7be,0ecaf30ec3147260f584fff24f30e32a975cba82529f3d3c36d4c49ea0de712f
pre-refit-f66-v3,Matin2012_state_018,Matin2012_state_018::HCO3-,Matin2012,20.0,0.5049100982019641,0.0102,0.025058496681939855,evaluated,f66d972c032ce709ada69e8d8177e195c7e416800757663b7420c22bda5f6328,868a501831b87e95dedf18ce40e9e7ac949f7c6a4aaf137f717cc493ecfcb7be,0ecaf30ec3147260f584fff24f30e32a975cba82529f3d3c36d4c49ea0de712f
pre-refit-f66-v3,Matin2012_state_019,Matin2012_state_019::MEA,Matin2012,20.0,0.5309106182123643,0.0046,0.007315990582146827,evaluated,f66d972c032ce709ada69e8d8177e195c7e416800757663b7420c22bda5f6328,868a501831b87e95dedf18ce40e9e7ac949f7c6a4aaf137f717cc493ecfcb7be,0ecaf30ec3147260f584fff24f30e32a975cba82529f3d3c36d4c49ea0de712f
pre-refit-f66-v3,Matin2012_state_019,Matin2012_state_019::MEAH+,Matin2012,20.0,0.5309106182123643,0.0515,0.07434425759001091,evaluated,f66d972c032ce709ada69e8d8177e195c7e416800757663b7420c22bda5f6328,868a501831b87e95dedf18ce40e9e7ac949f7c6a4aaf137f717cc493ecfcb7be,0ecaf30ec3147260f584fff24f30e32a975cba82529f3d3c36d4c49ea0de712f
pre-refit-f66-v3,Matin2012_state_019,Matin2012_state_019::MEACOO-,Matin2012,20.0,0.5309106182123643,0.0475,0.030557096187966936,evaluated,f66d972c032ce709ada69e8d8177e195c7e416800757663b7420c22bda5f6328,868a501831b87e95dedf18ce40e9e7ac949f7c6a4aaf137f717cc493ecfcb7be,0ecaf30ec3147260f584fff24f30e32a975cba82529f3d3c36d4c49ea0de712f
pre-refit-f66-v3,Matin2012_state_019,Matin2012_state_019::HCO3-,Matin2012,20.0,0.5309106182123643,0.0114,0.02901672836599374,evaluated,f66d972c032ce709ada69e8d8177e195c7e416800757663b7420c22bda5f6328,868a501831b87e95dedf18ce40e9e7ac949f7c6a4aaf137f717cc493ecfcb7be,0ecaf30ec3147260f584fff24f30e32a975cba82529f3d3c36d4c49ea0de712f
pre-refit-f66-v3,canonical:vle_obs_0034,vle_obs_0034-pco2,Aronu2011,40.0,0.10200204004080081,1.6,1.513970223801163,evaluated,f66d972c032ce709ada69e8d8177e195c7e416800757663b7420c22bda5f6328,868a501831b87e95dedf18ce40e9e7ac949f7c6a4aaf137f717cc493ecfcb7be,0ecaf30ec3147260f584fff24f30e32a975cba82529f3d3c36d4c49ea0de712f
pre-refit-f66-v3,canonical:vle_obs_0035,vle_obs_0035-pco2,Aronu2011,40.0,0.20600412008240165,12.3,11.438762595888054,evaluated,f66d972c032ce709ada69e8d8177e195c7e416800757663b7420c22bda5f6328,868a501831b87e95dedf18ce40e9e7ac949f7c6a4aaf137f717cc493ecfcb7be,0ecaf30ec3147260f584fff24f30e32a975cba82529f3d3c36d4c49ea0de712f
pre-refit-f66-v3,canonical:vle_obs_0036,vle_obs_0036-pco2,Aronu2011,40.0,0.250005000100002,24.6,24.243191026914293,evaluated,f66d972c032ce709ada69e8d8177e195c7e416800757663b7420c22bda5f6328,868a501831b87e95dedf18ce40e9e7ac949f7c6a4aaf137f717cc493ecfcb7be,0ecaf30ec3147260f584fff24f30e32a975cba82529f3d3c36d4c49ea0de712f
pre-refit-f66-v3,canonical:vle_obs_0037,vle_obs_0037-pco2,Aronu2011,40.0,0.33700674013480275,60.3,109.54322652187366,evaluated,f66d972c032ce709ada69e8d8177e195c7e416800757663b7420c22bda5f6328,868a501831b87e95dedf18ce40e9e7ac949f7c6a4aaf137f717cc493ecfcb7be,0ecaf30ec3147260f584fff24f30e32a975cba82529f3d3c36d4c49ea0de712f
pre-refit-f66-v3,canonical:vle_obs_0038,vle_obs_0038-pco2,Aronu2011,40.0,0.3530070601412028,85.1,146.7036897466893,evaluated,f66d972c032ce709ada69e8d8177e195c7e416800757663b7420c22bda5f6328,868a501831b87e95dedf18ce40e9e7ac949f7c6a4aaf137f717cc493ecfcb7be,0ecaf30ec3147260f584fff24f30e32a975cba82529f3d3c36d4c49ea0de712f
pre-refit-f66-v3,canonical:vle_obs_0039,vle_obs_0039-pco2,Aronu2011,40.0,0.40100802016040327,183.5,367.86023747004754,evaluated,f66d972c032ce709ada69e8d8177e195c7e416800757663b7420c22bda5f6328,868a501831b87e95dedf18ce40e9e7ac949f7c6a4aaf137f717cc493ecfcb7be,0ecaf30ec3147260f584fff24f30e32a975cba82529f3d3c36d4c49ea0de712f
pre-refit-f66-v3,canonical:vle_obs_0040,vle_obs_0040-pco2,Aronu2011,40.0,0.4170083401668033,292.8,507.1248427697012,evaluated,f66d972c032ce709ada69e8d8177e195c7e416800757663b7420c22bda5f6328,868a501831b87e95dedf18ce40e9e7ac949f7c6a4aaf137f717cc493ecfcb7be,0ecaf30ec3147260f584fff24f30e32a975cba82529f3d3c36d4c49ea0de712f
pre-refit-f66-v3,canonical:vle_obs_0041,vle_obs_0041-pco2,Aronu2011,40.0,0.42100842016840334,318.79999999999995,550.0456144467854,evaluated,f66d972c032ce709ada69e8d8177e195c7e416800757663b7420c22bda5f6328,868a501831b87e95dedf18ce40e9e7ac949f7c6a4aaf137f717cc493ecfcb7be,0ecaf30ec3147260f584fff24f30e32a975cba82529f3d3c36d4c49ea0de712f
pre-refit-f66-v3,canonical:vle_obs_0042,vle_obs_0042-pco2,Aronu2011,40.0,0.43300866017320344,380.90000000000003,703.1840598173551,evaluated,f66d972c032ce709ada69e8d8177e195c7e416800757663b7420c22bda5f6328,868a501831b87e95dedf18ce40e9e7ac949f7c6a4aaf137f717cc493ecfcb7be,0ecaf30ec3147260f584fff24f30e32a975cba82529f3d3c36d4c49ea0de712f
pre-refit-f66-v3,canonical:vle_obs_0043,vle_obs_0043-pco2,Aronu2011,40.0,0.4470089401788036,570.2,938.7497168586965,evaluated,f66d972c032ce709ada69e8d8177e195c7e416800757663b7420c22bda5f6328,868a501831b87e95dedf18ce40e9e7ac949f7c6a4aaf137f717cc493ecfcb7be,0ecaf30ec3147260f584fff24f30e32a975cba82529f3d3c36d4c49ea0de712f
pre-refit-f66-v3,canonical:vle_obs_0044,vle_obs_0044-pco2,Aronu2011,40.0,0.4640092801856037,1066.2,1333.5017649957695,evaluated,f66d972c032ce709ada69e8d8177e195c7e416800757663b7420c22bda5f6328,868a501831b87e95dedf18ce40e9e7ac949f7c6a4aaf137f717cc493ecfcb7be,0ecaf30ec3147260f584fff24f30e32a975cba82529f3d3c36d4c49ea0de712f
pre-refit-f66-v3,canonical:vle_obs_0045,vle_obs_0045-pco2,Aronu2011,40.0,0.4760095201904038,1832.6,1704.0783470940034,evaluated,f66d972c032ce709ada69e8d8177e195c7e416800757663b7420c22bda5f6328,868a501831b87e95dedf18ce40e9e7ac949f7c6a4aaf137f717cc493ecfcb7be,0ecaf30ec3147260f584fff24f30e32a975cba82529f3d3c36d4c49ea0de712f
pre-refit-f66-v3,canonical:vle_obs_0046,vle_obs_0046-pco2,Aronu2011,40.0,0.4770095401908038,1827.8000000000002,1738.959153405222,evaluated,f66d972c032ce709ada69e8d8177e195c7e416800757663b7420c22bda5f6328,868a501831b87e95dedf18ce40e9e7ac949f7c6a4aaf137f717cc493ecfcb7be,0ecaf30ec3147260f584fff24f30e32a975cba82529f3d3c36d4c49ea0de712f
pre-refit-f66-v3,canonical:vle_obs_0047,vle_obs_0047-pco2,Aronu2011,40.0,0.48500970019400386,2319.3,2042.401498524519,evaluated,f66d972c032ce709ada69e8d8177e195c7e416800757663b7420c22bda5f6328,868a501831b87e95dedf18ce40e9e7ac949f7c6a4aaf137f717cc493ecfcb7be,0ecaf30ec3147260f584fff24f30e32a975cba82529f3d3c36d4c49ea0de712f
pre-refit-f66-v3,canonical:vle_obs_0048,vle_obs_0048-pco2,Aronu2011,40.0,0.4890097801956039,2857.7,2211.305812632225,evaluated,f66d972c032ce709ada69e8d8177e195c7e416800757663b7420c22bda5f6328,868a501831b87e95dedf18ce40e9e7ac949f7c6a4aaf137f717cc493ecfcb7be,0ecaf30ec3147260f584fff24f30e32a975cba82529f3d3c36d4c49ea0de712f
pre-refit-f66-v3,canonical:vle_obs_0049,vle_obs_0049-pco2,Aronu2011,40.0,0.5160103202064041,8558.3,3696.1394157035156,evaluated,f66d972c032ce709ada69e8d8177e195c7e416800757663b7420c22bda5f6328,868a501831b87e95dedf18ce40e9e7ac949f7c6a4aaf137f717cc493ecfcb7be,0ecaf30ec3147260f584fff24f30e32a975cba82529f3d3c36d4c49ea0de712f
pre-refit-f66-v3,canonical:vle_obs_0050,vle_obs_0050-pco2,Aronu2011,40.0,0.5240104802096043,11812.0,4264.576020683377,evaluated,f66d972c032ce709ada69e8d8177e195c7e416800757663b7420c22bda5f6328,868a501831b87e95dedf18ce40e9e7ac949f7c6a4aaf137f717cc493ecfcb7be,0ecaf30ec3147260f584fff24f30e32a975cba82529f3d3c36d4c49ea0de712f
pre-refit-f66-v3,canonical:vle_obs_0051,vle_obs_0051-pco2,Aronu2011,60.0,0.053001060021200426,4.5,2.445055785993748,evaluated,f66d972c032ce709ada69e8d8177e195c7e416800757663b7420c22bda5f6328,868a501831b87e95dedf18ce40e9e7ac949f7c6a4aaf137f717cc493ecfcb7be,0ecaf30ec3147260f584fff24f30e32a975cba82529f3d3c36d4c49ea0de712f
pre-refit-f66-v3,canonical:vle_obs_0052,vle_obs_0052-pco2,Aronu2011,60.0,0.10500210004200083,15.4,10.952813096857051,evaluated,f66d972c032ce709ada69e8d8177e195c7e416800757663b7420c22bda5f6328,868a501831b87e95dedf18ce40e9e7ac949f7c6a4aaf137f717cc493ecfcb7be,0ecaf30ec3147260f584fff24f30e32a975cba82529f3d3c36d4c49ea0de712f
pre-refit-f66-v3,canonical:vle_obs_0053,vle_obs_0053-pco2,Aronu2011,60.0,0.1620032400648013,42.7,35.185082808958256,evaluated,f66d972c032ce709ada69e8d8177e195c7e416800757663b7420c22bda5f6328,868a501831b87e95dedf18ce40e9e7ac949f7c6a4aaf137f717cc493ecfcb7be,0ecaf30ec3147260f584fff24f30e32a975cba82529f3d3c36d4c49ea0de712f
pre-refit-f66-v3,canonical:vle_obs_0054,vle_obs_0054-pco2,Aronu2011,60.0,0.24400488009760196,134.8,147.7545019637356,evaluated,f66d972c032ce709ada69e8d8177e195c7e416800757663b7420c22bda5f6328,868a501831b87e95dedf18ce40e9e7ac949f7c6a4aaf137f717cc493ecfcb7be,0ecaf30ec3147260f584fff24f30e32a975cba82529f3d3c36d4c49ea0de712f
pre-refit-f66-v3,canonical:vle_obs_0055,vle_obs_0055-pco2,Aronu2011,60.0,0.3030060601212024,301.5,402.85112366524817,evaluated,f66d972c032ce709ada69e8d8177e195c7e416800757663b7420c22bda5f6328,868a501831b87e95dedf18ce40e9e7ac949f7c6a4aaf137f717cc493ecfcb7be,0ecaf30ec3147260f584fff24f30e32a975cba82529f3d3c36d4c49ea0de712f
pre-refit-f66-v3,canonical:vle_obs_0056,vle_obs_0056-pco2,Aronu2011,60.0,0.3600072001440029,643.5999999999999,1099.4436220892444,evaluated,f66d972c032ce709ada69e8d8177e195c7e416800757663b7420c22bda5f6328,868a501831b87e95dedf18ce40e9e7ac949f7c6a4aaf137f717cc493ecfcb7be,0ecaf30ec3147260f584fff24f30e32a975cba82529f3d3c36d4c49ea0de712f
pre-refit-f66-v3,canonical:vle_obs_0057,vle_obs_0057-pco2,Aronu2011,60.0,0.3930078601572032,1097.0,2015.0709953162861,evaluated,f66d972c032ce709ada69e8d8177e195c7e416800757663b7420c22bda5f6328,868a501831b87e95dedf18ce40e9e7ac949f7c6a4aaf137f717cc493ecfcb7be,0ecaf30ec3147260f584fff24f30e32a975cba82529f3d3c36d4c49ea0de712f
pre-refit-f66-v3,canonical:vle_obs_0058,vle_obs_0058-pco2,Aronu2011,60.0,0.4280085601712034,2501.3999999999996,3888.492894775781,evaluated,f66d972c032ce709ada69e8d8177e195c7e416800757663b7420c22bda5f6328,868a501831b87e95dedf18ce40e9e7ac949f7c6a4aaf137f717cc493ecfcb7be,0ecaf30ec3147260f584fff24f30e32a975cba82529f3d3c36d4c49ea0de712f
pre-refit-f66-v3,canonical:vle_obs_0059,vle_obs_0059-pco2,Aronu2011,60.0,0.49100982019640393,13558.0,12333.536937038045,evaluated,f66d972c032ce709ada69e8d8177e195c7e416800757663b7420c22bda5f6328,868a501831b87e95dedf18ce40e9e7ac949f7c6a4aaf137f717cc493ecfcb7be,0ecaf30ec3147260f584fff24f30e32a975cba82529f3d3c36d4c49ea0de712f
pre-refit-f66-v3,canonical:vle_obs_0060,vle_obs_0060-pco2,Aronu2011,80.0,0.017000340006800136,5.6,1.677793288038995,evaluated,f66d972c032ce709ada69e8d8177e195c7e416800757663b7420c22bda5f6328,868a501831b87e95dedf18ce40e9e7ac949f7c6a4aaf137f717cc493ecfcb7be,0ecaf30ec3147260f584fff24f30e32a975cba82529f3d3c36d4c49ea0de712f
pre-refit-f66-v3,canonical:vle_obs_0061,vle_obs_0061-pco2,Aronu2011,80.0,0.04000080001600032,21.9,8.22096820303164,evaluated,f66d972c032ce709ada69e8d8177e195c7e416800757663b7420c22bda5f6328,868a501831b87e95dedf18ce40e9e7ac949f7c6a4aaf137f717cc493ecfcb7be,0ecaf30ec3147260f584fff24f30e32a975cba82529f3d3c36d4c49ea0de712f
pre-refit-f66-v3,canonical:vle_obs_0062,vle_obs_0062-pco2,Aronu2011,80.0,0.0750015000300006,55.7,29.499357760071884,evaluated,f66d972c032ce709ada69e8d8177e195c7e416800757663b7420c22bda5f6328,868a501831b87e95dedf18ce40e9e7ac949f7c6a4aaf137f717cc493ecfcb7be,0ecaf30ec3147260f584fff24f30e32a975cba82529f3d3c36d4c49ea0de712f
pre-refit-f66-v3,canonical:vle_obs_0063,vle_obs_0063-pco2,Aronu2011,80.0,0.12200244004880098,140.6,92.63311729941476,evaluated,f66d972c032ce709ada69e8d8177e195c7e416800757663b7420c22bda5f6328,868a501831b87e95dedf18ce40e9e7ac949f7c6a4aaf137f717cc493ecfcb7be,0ecaf30ec3147260f584fff24f30e32a975cba82529f3d3c36d4c49ea0de712f
pre-refit-f66-v3,canonical:vle_obs_0064,vle_obs_0064-pco2,Aronu2011,80.0,0.15500310006200124,248.5,178.42001258104042,evaluated,f66d972c032ce709ada69e8d8177e195c7e416800757663b7420c22bda5f6328,868a501831b87e95dedf18ce40e9e7ac949f7c6a4aaf137f717cc493ecfcb7be,0ecaf30ec3147260f584fff24f30e32a975cba82529f3d3c36d4c49ea0de712f
pre-refit-f66-v3,canonical:vle_obs_0065,vle_obs_0065-pco2,Aronu2011,80.0,0.21600432008640172,613.7,526.2273885664961,evaluated,f66d972c032ce709ada69e8d8177e195c7e416800757663b7420c22bda5f6328,868a501831b87e95dedf18ce40e9e7ac949f7c6a4aaf137f717cc493ecfcb7be,0ecaf30ec3147260f584fff24f30e32a975cba82529f3d3c36d4c49ea0de712f
pre-refit-f66-v3,canonical:vle_obs_0066,vle_obs_0066-pco2,Aronu2011,80.0,0.2710054201084022,1253.8,1324.0193404759189,evaluated,f66d972c032ce709ada69e8d8177e195c7e416800757663b7420c22bda5f6328,868a501831b87e95dedf18ce40e9e7ac949f7c6a4aaf137f717cc493ecfcb7be,0ecaf30ec3147260f584fff24f30e32a975cba82529f3d3c36d4c49ea0de712f
pre-refit-f66-v3,canonical:vle_obs_0067,vle_obs_0067-pco2,Aronu2011,80.0,0.34700694013880273,3752.2000000000003,4789.047823047872,evaluated,f66d972c032ce709ada69e8d8177e195c7e416800757663b7420c22bda5f6328,868a501831b87e95dedf18ce40e9e7ac949f7c6a4aaf137f717cc493ecfcb7be,0ecaf30ec3147260f584fff24f30e32a975cba82529f3d3c36d4c49ea0de712f
pre-refit-f66-v3,canonical:vle_obs_0068,vle_obs_0068-pco2,Aronu2011,80.0,0.4000080001600032,7938.7,12079.431159771964,evaluated,f66d972c032ce709ada69e8d8177e195c7e416800757663b7420c22bda5f6328,868a501831b87e95dedf18ce40e9e7ac949f7c6a4aaf137f717cc493ecfcb7be,0ecaf30ec3147260f584fff24f30e32a975cba82529f3d3c36d4c49ea0de712f
pre-refit-f66-v3,canonical:vle_obs_0069,vle_obs_0069-pco2,Aronu2011,80.0,0.3980079601592032,8303.1,11662.150021306816,evaluated,f66d972c032ce709ada69e8d8177e195c7e416800757663b7420c22bda5f6328,868a501831b87e95dedf18ce40e9e7ac949f7c6a4aaf137f717cc493ecfcb7be,0ecaf30ec3147260f584fff24f30e32a975cba82529f3d3c36d4c49ea0de712f
pre-refit-f66-v3,canonical:vle_obs_0119,vle_obs_0119-pco2,Hilliard2008,40.0,0.15300306006120123,5.7,4.4031830231022955,evaluated,f66d972c032ce709ada69e8d8177e195c7e416800757663b7420c22bda5f6328,868a501831b87e95dedf18ce40e9e7ac949f7c6a4aaf137f717cc493ecfcb7be,0ecaf30ec3147260f584fff24f30e32a975cba82529f3d3c36d4c49ea0de712f
pre-refit-f66-v3,canonical:vle_obs_0120,vle_obs_0120-pco2,Hilliard2008,40.0,0.1630032600652013,6.64,5.312901857315056,evaluated,f66d972c032ce709ada69e8d8177e195c7e416800757663b7420c22bda5f6328,868a501831b87e95dedf18ce40e9e7ac949f7c6a4aaf137f717cc493ecfcb7be,0ecaf30ec3147260f584fff24f30e32a975cba82529f3d3c36d4c49ea0de712f
pre-refit-f66-v3,canonical:vle_obs_0121,vle_obs_0121-pco2,Hilliard2008,40.0,0.17000340006800138,7.21,6.043393217149234,evaluated,f66d972c032ce709ada69e8d8177e195c7e416800757663b7420c22bda5f6328,868a501831b87e95dedf18ce40e9e7ac949f7c6a4aaf137f717cc493ecfcb7be,0ecaf30ec3147260f584fff24f30e32a975cba82529f3d3c36d4c49ea0de712f
pre-refit-f66-v3,canonical:vle_obs_0122,vle_obs_0122-pco2,Hilliard2008,40.0,0.19100382007640154,9.950000000000001,8.804156602797363,evaluated,f66d972c032ce709ada69e8d8177e195c7e416800757663b7420c22bda5f6328,868a501831b87e95dedf18ce40e9e7ac949f7c6a4aaf137f717cc493ecfcb7be,0ecaf30ec3147260f584fff24f30e32a975cba82529f3d3c36d4c49ea0de712f
pre-refit-f66-v3,canonical:vle_obs_0123,vle_obs_0123-pco2,Hilliard2008,40.0,0.19400388007760155,9.85,9.280957123625143,evaluated,f66d972c032ce709ada69e8d8177e195c7e416800757663b7420c22bda5f6328,868a501831b87e95dedf18ce40e9e7ac949f7c6a4aaf137f717cc493ecfcb7be,0ecaf30ec3147260f584fff24f30e32a975cba82529f3d3c36d4c49ea0de712f
pre-refit-f66-v3,canonical:vle_obs_0124,vle_obs_0124-pco2,Hilliard2008,40.0,0.23200464009280186,14.6,17.860026658505493,evaluated,f66d972c032ce709ada69e8d8177e195c7e416800757663b7420c22bda5f6328,868a501831b87e95dedf18ce40e9e7ac949f7c6a4aaf137f717cc493ecfcb7be,0ecaf30ec3147260f584fff24f30e32a975cba82529f3d3c36d4c49ea0de712f
pre-refit-f66-v3,canonical:vle_obs_0125,vle_obs_0125-pco2,Hilliard2008,40.0,0.24600492009840197,19.099999999999998,22.653154514349335,evaluated,f66d972c032ce709ada69e8d8177e195c7e416800757663b7420c22bda5f6328,868a501831b87e95dedf18ce40e9e7ac949f7c6a4aaf137f717cc493ecfcb7be,0ecaf30ec3147260f584fff24f30e32a975cba82529f3d3c36d4c49ea0de712f
pre-refit-f66-v3,canonical:vle_obs_0126,vle_obs_0126-pco2,Hilliard2008,40.0,0.26900538010760217,23.099999999999998,33.4722714941915,evaluated,f66d972c032ce709ada69e8d8177e195c7e416800757663b7420c22bda5f6328,868a501831b87e95dedf18ce40e9e7ac949f7c6a4aaf137f717cc493ecfcb7be,0ecaf30ec3147260f584fff24f30e32a975cba82529f3d3c36d4c49ea0de712f
pre-refit-f66-v3,canonical:vle_obs_0127,vle_obs_0127-pco2,Hilliard2008,40.0,0.2720054401088022,22.4,35.22635623568133,evaluated,f66d972c032ce709ada69e8d8177e195c7e416800757663b7420c22bda5f6328,868a501831b87e95dedf18ce40e9e7ac949f7c6a4aaf137f717cc493ecfcb7be,0ecaf30ec3147260f584fff24f30e32a975cba82529f3d3c36d4c49ea0de712f
pre-refit-f66-v3,canonical:vle_obs_0128,vle_obs_0128-pco2,Hilliard2008,40.0,0.3260065201304026,48.5,89.93462459591933,evaluated,f66d972c032ce709ada69e8d8177e195c7e416800757663b7420c22bda5f6328,868a501831b87e95dedf18ce40e9e7ac949f7c6a4aaf137f717cc493ecfcb7be,0ecaf30ec3147260f584fff24f30e32a975cba82529f3d3c36d4c49ea0de712f
pre-refit-f66-v3,canonical:vle_obs_0129,vle_obs_0129-pco2,Hilliard2008,40.0,0.3480069601392028,66.19999999999999,133.8112891663518,evaluated,f66d972c032ce709ada69e8d8177e195c7e416800757663b7420c22bda5f6328,868a501831b87e95dedf18ce40e9e7ac949f7c6a4aaf137f717cc493ecfcb7be,0ecaf30ec3147260f584fff24f30e32a975cba82529f3d3c36d4c49ea0de712f
pre-refit-f66-v3,canonical:vle_obs_0130,vle_obs_0130-pco2,Hilliard2008,40.0,0.3500070001400028,72.1,138.81539032837895,evaluated,f66d972c032ce709ada69e8d8177e195c7e416800757663b7420c22bda5f6328,868a501831b87e95dedf18ce40e9e7ac949f7c6a4aaf137f717cc493ecfcb7be,0ecaf30ec3147260f584fff24f30e32a975cba82529f3d3c36d4c49ea0de712f
pre-refit-f66-v3,canonical:vle_obs_0131,vle_obs_0131-pco2,Hilliard2008,40.0,0.3600072001440029,96.60000000000001,167.0557171592409,evaluated,f66d972c032ce709ada69e8d8177e195c7e416800757663b7420c22bda5f6328,868a501831b87e95dedf18ce40e9e7ac949f7c6a4aaf137f717cc493ecfcb7be,0ecaf30ec3147260f584fff24f30e32a975cba82529f3d3c36d4c49ea0de712f
pre-refit-f66-v3,canonical:vle_obs_0132,vle_obs_0132-pco2,Hilliard2008,40.0,0.3820076401528031,131.0,253.59397097736118,evaluated,f66d972c032ce709ada69e8d8177e195c7e416800757663b7420c22bda5f6328,868a501831b87e95dedf18ce40e9e7ac949f7c6a4aaf137f717cc493ecfcb7be,0ecaf30ec3147260f584fff24f30e32a975cba82529f3d3c36d4c49ea0de712f
pre-refit-f66-v3,canonical:vle_obs_0133,vle_obs_0133-pco2,Hilliard2008,40.0,0.3860077201544031,120.0,274.008806940598,evaluated,f66d972c032ce709ada69e8d8177e195c7e416800757663b7420c22bda5f6328,868a501831b87e95dedf18ce40e9e7ac949f7c6a4aaf137f717cc493ecfcb7be,0ecaf30ec3147260f584fff24f30e32a975cba82529f3d3c36d4c49ea0de712f
pre-refit-f66-v3,canonical:vle_obs_0134,vle_obs_0134-pco2,Hilliard2008,40.0,0.3890077801556031,113.0,290.48199947354175,evaluated,f66d972c032ce709ada69e8d8177e195c7e416800757663b7420c22bda5f6328,868a501831b87e95dedf18ce40e9e7ac949f7c6a4aaf137f717cc493ecfcb7be,0ecaf30ec3147260f584fff24f30e32a975cba82529f3d3c36d4c49ea0de712f
pre-refit-f66-v3,canonical:vle_obs_0135,vle_obs_0135-pco2,Hilliard2008,40.0,0.4000080001600032,128.0,360.6344432649237,evaluated,f66d972c032ce709ada69e8d8177e195c7e416800757663b7420c22bda5f6328,868a501831b87e95dedf18ce40e9e7ac949f7c6a4aaf137f717cc493ecfcb7be,0ecaf30ec3147260f584fff24f30e32a975cba82529f3d3c36d4c49ea0de712f
pre-refit-f66-v3,canonical:vle_obs_0136,vle_obs_0136-pco2,Hilliard2008,40.0,0.4640092801856037,750.0,1333.5017649957695,evaluated,f66d972c032ce709ada69e8d8177e195c7e416800757663b7420c22bda5f6328,868a501831b87e95dedf18ce40e9e7ac949f7c6a4aaf137f717cc493ecfcb7be,0ecaf30ec3147260f584fff24f30e32a975cba82529f3d3c36d4c49ea0de712f
pre-refit-f66-v3,canonical:vle_obs_0137,vle_obs_0137-pco2,Hilliard2008,40.0,0.4660093201864038,574.0,1389.4368703331409,evaluated,f66d972c032ce709ada69e8d8177e195c7e416800757663b7420c22bda5f6328,868a501831b87e95dedf18ce40e9e7ac949f7c6a4aaf137f717cc493ecfcb7be,0ecaf30ec3147260f584fff24f30e32a975cba82529f3d3c36d4c49ea0de712f
pre-refit-f66-v3,canonical:vle_obs_0138,vle_obs_0138-pco2,Hilliard2008,40.0,0.48100962019240384,883.0,1885.1404769330943,evaluated,f66d972c032ce709ada69e8d8177e195c7e416800757663b7420c22bda5f6328,868a501831b87e95dedf18ce40e9e7ac949f7c6a4aaf137f717cc493ecfcb7be,0ecaf30ec3147260f584fff24f30e32a975cba82529f3d3c36d4c49ea0de712f
pre-refit-f66-v3,canonical:vle_obs_0139,vle_obs_0139-pco2,Hilliard2008,40.0,0.49100982019640393,1100.0,2300.2976062123935,evaluated,f66d972c032ce709ada69e8d8177e195c7e416800757663b7420c22bda5f6328,868a501831b87e95dedf18ce40e9e7ac949f7c6a4aaf137f717cc493ecfcb7be,0ecaf30ec3147260f584fff24f30e32a975cba82529f3d3c36d4c49ea0de712f
pre-refit-f66-v3,canonical:vle_obs_0140,vle_obs_0140-pco2,Hilliard2008,40.0,0.501010020200404,1870.0,2793.332922013659,evaluated,f66d972c032ce709ada69e8d8177e195c7e416800757663b7420c22bda5f6328,868a501831b87e95dedf18ce40e9e7ac949f7c6a4aaf137f717cc493ecfcb7be,0ecaf30ec3147260f584fff24f30e32a975cba82529f3d3c36d4c49ea0de712f
pre-refit-f66-v3,canonical:vle_obs_0141,vle_obs_0141-pco2,Hilliard2008,40.0,0.5180103602072041,3030.0,3832.377179867533,evaluated,f66d972c032ce709ada69e8d8177e195c7e416800757663b7420c22bda5f6328,868a501831b87e95dedf18ce40e9e7ac949f7c6a4aaf137f717cc493ecfcb7be,0ecaf30ec3147260f584fff24f30e32a975cba82529f3d3c36d4c49ea0de712f
pre-refit-f66-v3,canonical:vle_obs_0142,vle_obs_0142-pco2,Hilliard2008,40.0,0.5910118202364048,28300.0,11667.73034289343,evaluated,f66d972c032ce709ada69e8d8177e195c7e416800757663b7420c22bda5f6328,868a501831b87e95dedf18ce40e9e7ac949f7c6a4aaf137f717cc493ecfcb7be,0ecaf30ec3147260f584fff24f30e32a975cba82529f3d3c36d4c49ea0de712f
pre-refit-f66-v3,canonical:vle_obs_0143,vle_obs_0143-pco2,Hilliard2008,60.0,0.11400228004560092,19.400000000000002,13.423652955790224,evaluated,f66d972c032ce709ada69e8d8177e195c7e416800757663b7420c22bda5f6328,868a501831b87e95dedf18ce40e9e7ac949f7c6a4aaf137f717cc493ecfcb7be,0ecaf30ec3147260f584fff24f30e32a975cba82529f3d3c36d4c49ea0de712f
pre-refit-f66-v3,canonical:vle_obs_0144,vle_obs_0144-pco2,Hilliard2008,60.0,0.19100382007640154,58.9,59.41981827264369,evaluated,f66d972c032ce709ada69e8d8177e195c7e416800757663b7420c22bda5f6328,868a501831b87e95dedf18ce40e9e7ac949f7c6a4aaf137f717cc493ecfcb7be,0ecaf30ec3147260f584fff24f30e32a975cba82529f3d3c36d4c49ea0de712f
pre-refit-f66-v3,canonical:vle_obs_0145,vle_obs_0145-pco2,Hilliard2008,60.0,0.2910058201164023,209.0,327.94200891987276,evaluated,f66d972c032ce709ada69e8d8177e195c7e416800757663b7420c22bda5f6328,868a501831b87e95dedf18ce40e9e7ac949f7c6a4aaf137f717cc493ecfcb7be,0ecaf30ec3147260f584fff24f30e32a975cba82529f3d3c36d4c49ea0de712f
pre-refit-f66-v3,canonical:vle_obs_0146,vle_obs_0146-pco2,Hilliard2008,60.0,0.3860077201544031,763.0,1769.4878604359394,evaluated,f66d972c032ce709ada69e8d8177e195c7e416800757663b7420c22bda5f6328,868a501831b87e95dedf18ce40e9e7ac949f7c6a4aaf137f717cc493ecfcb7be,0ecaf30ec3147260f584fff24f30e32a975cba82529f3d3c36d4c49ea0de712f
pre-refit-f66-v3,canonical:vle_obs_0147,vle_obs_0147-pco2,Hilliard2008,60.0,0.48500970019400386,4860.0,11109.971188740905,evaluated,f66d972c032ce709ada69e8d8177e195c7e416800757663b7420c22bda5f6328,868a501831b87e95dedf18ce40e9e7ac949f7c6a4aaf137f717cc493ecfcb7be,0ecaf30ec3147260f584fff24f30e32a975cba82529f3d3c36d4c49ea0de712f
pre-refit-f66-v3,canonical:vle_obs_0148,vle_obs_0148-pco2,Hilliard2008,60.0,0.5440108802176044,25800.0,28397.662119203334,evaluated,f66d972c032ce709ada69e8d8177e195c7e416800757663b7420c22bda5f6328,868a501831b87e95dedf18ce40e9e7ac949f7c6a4aaf137f717cc493ecfcb7be,0ecaf30ec3147260f584fff24f30e32a975cba82529f3d3c36d4c49ea0de712f
pre-refit-f66-v3,canonical:vle_obs_0162,vle_obs_0162-pco2,Idris2014,40.0,0.24200484009680193,21.0,21.166968633623807,evaluated,f66d972c032ce709ada69e8d8177e195c7e416800757663b7420c22bda5f6328,868a501831b87e95dedf18ce40e9e7ac949f7c6a4aaf137f717cc493ecfcb7be,0ecaf30ec3147260f584fff24f30e32a975cba82529f3d3c36d4c49ea0de712f
pre-refit-f66-v3,canonical:vle_obs_0163,vle_obs_0163-pco2,Idris2014,40.0,0.3210064201284026,38.0,82.29415153847211,evaluated,f66d972c032ce709ada69e8d8177e195c7e416800757663b7420c22bda5f6328,868a501831b87e95dedf18ce40e9e7ac949f7c6a4aaf137f717cc493ecfcb7be,0ecaf30ec3147260f584fff24f30e32a975cba82529f3d3c36d4c49ea0de712f
pre-refit-f66-v3,canonical:vle_obs_0164,vle_obs_0164-pco2,Idris2014,40.0,0.33000660013200267,43.0,96.59153082485322,evaluated,f66d972c032ce709ada69e8d8177e195c7e416800757663b7420c22bda5f6328,868a501831b87e95dedf18ce40e9e7ac949f7c6a4aaf137f717cc493ecfcb7be,0ecaf30ec3147260f584fff24f30e32a975cba82529f3d3c36d4c49ea0de712f
pre-refit-f66-v3,canonical:vle_obs_0165,vle_obs_0165-pco2,Idris2014,40.0,0.3450069001380027,50.0,126.66597798472223,evaluated,f66d972c032ce709ada69e8d8177e195c7e416800757663b7420c22bda5f6328,868a501831b87e95dedf18ce40e9e7ac949f7c6a4aaf137f717cc493ecfcb7be,0ecaf30ec3147260f584fff24f30e32a975cba82529f3d3c36d4c49ea0de712f
pre-refit-f66-v3,canonical:vle_obs_0166,vle_obs_0166-pco2,Idris2014,40.0,0.3520070401408028,64.0,144.0218253862528,evaluated,f66d972c032ce709ada69e8d8177e195c7e416800757663b7420c22bda5f6328,868a501831b87e95dedf18ce40e9e7ac949f7c6a4aaf137f717cc493ecfcb7be,0ecaf30ec3147260f584fff24f30e32a975cba82529f3d3c36d4c49ea0de712f
pre-refit-f66-v3,canonical:vle_obs_0167,vle_obs_0167-pco2,Idris2014,40.0,0.3550071001420028,97.0,152.23048210660872,evaluated,f66d972c032ce709ada69e8d8177e195c7e416800757663b7420c22bda5f6328,868a501831b87e95dedf18ce40e9e7ac949f7c6a4aaf137f717cc493ecfcb7be,0ecaf30ec3147260f584fff24f30e32a975cba82529f3d3c36d4c49ea0de712f
pre-refit-f66-v3,canonical:vle_obs_0168,vle_obs_0168-pco2,Idris2014,40.0,0.375007500150003,107.0,221.71314006171667,evaluated,f66d972c032ce709ada69e8d8177e195c7e416800757663b7420c22bda5f6328,868a501831b87e95dedf18ce40e9e7ac949f7c6a4aaf137f717cc493ecfcb7be,0ecaf30ec3147260f584fff24f30e32a975cba82529f3d3c36d4c49ea0de712f
pre-refit-f66-v3,canonical:vle_obs_0169,vle_obs_0169-pco2,Idris2014,40.0,0.377007540150803,123.0,230.35502261724062,evaluated,f66d972c032ce709ada69e8d8177e195c7e416800757663b7420c22bda5f6328,868a501831b87e95dedf18ce40e9e7ac949f7c6a4aaf137f717cc493ecfcb7be,0ecaf30ec3147260f584fff24f30e32a975cba82529f3d3c36d4c49ea0de712f
pre-refit-f66-v3,canonical:vle_obs_0170,vle_obs_0170-pco2,Idris2014,40.0,0.4360087201744035,445.0,747.981511593923,evaluated,f66d972c032ce709ada69e8d8177e195c7e416800757663b7420c22bda5f6328,868a501831b87e95dedf18ce40e9e7ac949f7c6a4aaf137f717cc493ecfcb7be,0ecaf30ec3147260f584fff24f30e32a975cba82529f3d3c36d4c49ea0de712f
pre-refit-f66-v3,canonical:vle_obs_0171,vle_obs_0171-pco2,Idris2014,40.0,0.4600092001840037,813.0,1228.0644953407036,evaluated,f66d972c032ce709ada69e8d8177e195c7e416800757663b7420c22bda5f6328,868a501831b87e95dedf18ce40e9e7ac949f7c6a4aaf137f717cc493ecfcb7be,0ecaf30ec3147260f584fff24f30e32a975cba82529f3d3c36d4c49ea0de712f
pre-refit-f66-v3,canonical:vle_obs_0186,vle_obs_0186-pco2,Jou1995,40.0,0.08880177603552071,1.47,1.0934016923364362,evaluated,f66d972c032ce709ada69e8d8177e195c7e416800757663b7420c22bda5f6328,868a501831b87e95dedf18ce40e9e7ac949f7c6a4aaf137f717cc493ecfcb7be,0ecaf30ec3147260f584fff24f30e32a975cba82529f3d3c36d4c49ea0de712f
pre-refit-f66-v3,canonical:vle_obs_0187,vle_obs_0187-pco2,Jou1995,40.0,0.20300406008120164,8.959999999999999,10.859146018817235,evaluated,f66d972c032ce709ada69e8d8177e195c7e416800757663b7420c22bda5f6328,868a501831b87e95dedf18ce40e9e7ac949f7c6a4aaf137f717cc493ecfcb7be,0ecaf30ec3147260f584fff24f30e32a975cba82529f3d3c36d4c49ea0de712f
pre-refit-f66-v3,canonical:vle_obs_0188,vle_obs_0188-pco2,Jou1995,40.0,0.3650073001460029,67.7,183.45310930512287,evaluated,f66d972c032ce709ada69e8d8177e195c7e416800757663b7420c22bda5f6328,868a501831b87e95dedf18ce40e9e7ac949f7c6a4aaf137f717cc493ecfcb7be,0ecaf30ec3147260f584fff24f30e32a975cba82529f3d3c36d4c49ea0de712f
pre-refit-f66-v3,canonical:vle_obs_0189,vle_obs_0189-pco2,Jou1995,40.0,0.47350947018940376,604.0,1619.6916159436144,evaluated,f66d972c032ce709ada69e8d8177e195c7e416800757663b7420c22bda5f6328,868a501831b87e95dedf18ce40e9e7ac949f7c6a4aaf137f717cc493ecfcb7be,0ecaf30ec3147260f584fff24f30e32a975cba82529f3d3c36d4c49ea0de712f
pre-refit-f66-v3,canonical:vle_obs_0190,vle_obs_0190-pco2,Jou1995,40.0,0.5130102602052041,2570.0,3498.9699588836634,evaluated,f66d972c032ce709ada69e8d8177e195c7e416800757663b7420c22bda5f6328,868a501831b87e95dedf18ce40e9e7ac949f7c6a4aaf137f717cc493ecfcb7be,0ecaf30ec3147260f584fff24f30e32a975cba82529f3d3c36d4c49ea0de712f
pre-refit-f66-v3,canonical:vle_obs_0191,vle_obs_0191-pco2,Jou1995,40.0,0.5570111402228045,8090.0,7306.807324417673,evaluated,f66d972c032ce709ada69e8d8177e195c7e416800757663b7420c22bda5f6328,868a501831b87e95dedf18ce40e9e7ac949f7c6a4aaf137f717cc493ecfcb7be,0ecaf30ec3147260f584fff24f30e32a975cba82529f3d3c36d4c49ea0de712f
pre-refit-f66-v3,canonical:vle_obs_0192,vle_obs_0192-pco2,Jou1995,40.0,0.6090121802436048,36100.0,14477.988241349261,evaluated,f66d972c032ce709ada69e8d8177e195c7e416800757663b7420c22bda5f6328,868a501831b87e95dedf18ce40e9e7ac949f7c6a4aaf137f717cc493ecfcb7be,0ecaf30ec3147260f584fff24f30e32a975cba82529f3d3c36d4c49ea0de712f
pre-refit-f66-v3,canonical:vle_obs_0193,vle_obs_0193-pco2,Jou1995,40.0,0.6420128402568052,103000.0,20501.8985077382,evaluated,f66d972c032ce709ada69e8d8177e195c7e416800757663b7420c22bda5f6328,868a501831b87e95dedf18ce40e9e7ac949f7c6a4aaf137f717cc493ecfcb7be,0ecaf30ec3147260f584fff24f30e32a975cba82529f3d3c36d4c49ea0de712f
pre-refit-f66-v3,canonical:vle_obs_0194,vle_obs_0194-pco2,Jou1995,60.0,0.05640112802256045,4.28,2.7741084551880006,evaluated,f66d972c032ce709ada69e8d8177e195c7e416800757663b7420c22bda5f6328,868a501831b87e95dedf18ce40e9e7ac949f7c6a4aaf137f717cc493ecfcb7be,0ecaf30ec3147260f584fff24f30e32a975cba82529f3d3c36d4c49ea0de712f
pre-refit-f66-v3,canonical:vle_obs_0195,vle_obs_0195-pco2,Jou1995,60.0,0.11900238004760096,19.3,14.969506179627052,evaluated,f66d972c032ce709ada69e8d8177e195c7e416800757663b7420c22bda5f6328,868a501831b87e95dedf18ce40e9e7ac949f7c6a4aaf137f717cc493ecfcb7be,0ecaf30ec3147260f584fff24f30e32a975cba82529f3d3c36d4c49ea0de712f
pre-refit-f66-v3,canonical:vle_obs_0196,vle_obs_0196-pco2,Jou1995,60.0,0.20600412008240165,57.9,77.20972117938395,evaluated,f66d972c032ce709ada69e8d8177e195c7e416800757663b7420c22bda5f6328,868a501831b87e95dedf18ce40e9e7ac949f7c6a4aaf137f717cc493ecfcb7be,0ecaf30ec3147260f584fff24f30e32a975cba82529f3d3c36d4c49ea0de712f
pre-refit-f66-v3,canonical:vle_obs_0197,vle_obs_0197-pco2,Jou1995,60.0,0.3890077801556031,528.0,1870.6815375847377,evaluated,f66d972c032ce709ada69e8d8177e195c7e416800757663b7420c22bda5f6328,868a501831b87e95dedf18ce40e9e7ac949f7c6a4aaf137f717cc493ecfcb7be,0ecaf30ec3147260f584fff24f30e32a975cba82529f3d3c36d4c49ea0de712f
pre-refit-f66-v3,canonical:vle_obs_0198,vle_obs_0198-pco2,Jou1995,60.0,0.4380087601752035,2009.9999999999998,4694.646121215535,evaluated,f66d972c032ce709ada69e8d8177e195c7e416800757663b7420c22bda5f6328,868a501831b87e95dedf18ce40e9e7ac949f7c6a4aaf137f717cc493ecfcb7be,0ecaf30ec3147260f584fff24f30e32a975cba82529f3d3c36d4c49ea0de712f
pre-refit-f66-v3,canonical:vle_obs_0199,vle_obs_0199-pco2,Jou1995,60.0,0.5040100802016041,11000.0,15370.227815666076,evaluated,f66d972c032ce709ada69e8d8177e195c7e416800757663b7420c22bda5f6328,868a501831b87e95dedf18ce40e9e7ac949f7c6a4aaf137f717cc493ecfcb7be,0ecaf30ec3147260f584fff24f30e32a975cba82529f3d3c36d4c49ea0de712f
pre-refit-f66-v3,canonical:vle_obs_0200,vle_obs_0200-pco2,Jou1995,60.0,0.5610112202244045,34000.0,35724.90662010752,evaluated,f66d972c032ce709ada69e8d8177e195c7e416800757663b7420c22bda5f6328,868a501831b87e95dedf18ce40e9e7ac949f7c6a4aaf137f717cc493ecfcb7be,0ecaf30ec3147260f584fff24f30e32a975cba82529f3d3c36d4c49ea0de712f
pre-refit-f66-v3,canonical:vle_obs_0201,vle_obs_0201-pco2,Jou1995,60.0,0.5790115802316046,82000.0,44648.503289611144,evaluated,f66d972c032ce709ada69e8d8177e195c7e416800757663b7420c22bda5f6328,868a501831b87e95dedf18ce40e9e7ac949f7c6a4aaf137f717cc493ecfcb7be,0ecaf30ec3147260f584fff24f30e32a975cba82529f3d3c36d4c49ea0de712f
pre-refit-f66-v3,canonical:vle_obs_0202,vle_obs_0202-pco2,Jou1995,60.0,0.6680133602672054,282000.0,104481.96982728472,evaluated,f66d972c032ce709ada69e8d8177e195c7e416800757663b7420c22bda5f6328,868a501831b87e95dedf18ce40e9e7ac949f7c6a4aaf137f717cc493ecfcb7be,0ecaf30ec3147260f584fff24f30e32a975cba82529f3d3c36d4c49ea0de712f
pre-refit-f66-v3,canonical:vle_obs_0203,vle_obs_0203-pco2,Jou1995,80.0,0.017400348006960137,2.96,1.7499224574853853,evaluated,f66d972c032ce709ada69e8d8177e195c7e416800757663b7420c22bda5f6328,868a501831b87e95dedf18ce40e9e7ac949f7c6a4aaf137f717cc493ecfcb7be,0ecaf30ec3147260f584fff24f30e32a975cba82529f3d3c36d4c49ea0de712f
pre-refit-f66-v3,canonical:vle_obs_0204,vle_obs_0204-pco2,Jou1995,80.0,0.02360047200944019,4.84,3.051247903922151,evaluated,f66d972c032ce709ada69e8d8177e195c7e416800757663b7420c22bda5f6328,868a501831b87e95dedf18ce40e9e7ac949f7c6a4aaf137f717cc493ecfcb7be,0ecaf30ec3147260f584fff24f30e32a975cba82529f3d3c36d4c49ea0de712f
pre-refit-f66-v3,canonical:vle_obs_0205,vle_obs_0205-pco2,Jou1995,80.0,0.07810156203124063,46.5,32.22722520269677,evaluated,f66d972c032ce709ada69e8d8177e195c7e416800757663b7420c22bda5f6328,868a501831b87e95dedf18ce40e9e7ac949f7c6a4aaf137f717cc493ecfcb7be,0ecaf30ec3147260f584fff24f30e32a975cba82529f3d3c36d4c49ea0de712f
pre-refit-f66-v3,canonical:vle_obs_0206,vle_obs_0206-pco2,Jou1995,80.0,0.11800236004720094,99.2,85.0553498984377,evaluated,f66d972c032ce709ada69e8d8177e195c7e416800757663b7420c22bda5f6328,868a501831b87e95dedf18ce40e9e7ac949f7c6a4aaf137f717cc493ecfcb7be,0ecaf30ec3147260f584fff24f30e32a975cba82529f3d3c36d4c49ea0de712f
pre-refit-f66-v3,canonical:vle_obs_0207,vle_obs_0207-pco2,Jou1995,80.0,0.1870037400748015,278.0,318.92365161461845,evaluated,f66d972c032ce709ada69e8d8177e195c7e416800757663b7420c22bda5f6328,868a501831b87e95dedf18ce40e9e7ac949f7c6a4aaf137f717cc493ecfcb7be,0ecaf30ec3147260f584fff24f30e32a975cba82529f3d3c36d4c49ea0de712f
pre-refit-f66-v3,canonical:vle_obs_0208,vle_obs_0208-pco2,Jou1995,80.0,0.3480069601392028,2670.0,4872.374246203196,evaluated,f66d972c032ce709ada69e8d8177e195c7e416800757663b7420c22bda5f6328,868a501831b87e95dedf18ce40e9e7ac949f7c6a4aaf137f717cc493ecfcb7be,0ecaf30ec3147260f584fff24f30e32a975cba82529f3d3c36d4c49ea0de712f
pre-refit-f66-v3,canonical:vle_obs_0209,vle_obs_0209-pco2,Jou1995,80.0,0.4600092001840037,16000.0,34041.31032908476,evaluated,f66d972c032ce709ada69e8d8177e195c7e416800757663b7420c22bda5f6328,868a501831b87e95dedf18ce40e9e7ac949f7c6a4aaf137f717cc493ecfcb7be,0ecaf30ec3147260f584fff24f30e32a975cba82529f3d3c36d4c49ea0de712f
pre-refit-f66-v3,canonical:vle_obs_0210,vle_obs_0210-pco2,Jou1995,80.0,0.5170103402068041,56000.0,81589.49212210358,evaluated,f66d972c032ce709ada69e8d8177e195c7e416800757663b7420c22bda5f6328,868a501831b87e95dedf18ce40e9e7ac949f7c6a4aaf137f717cc493ecfcb7be,0ecaf30ec3147260f584fff24f30e32a975cba82529f3d3c36d4c49ea0de712f
pre-refit-f66-v3,canonical:vle_obs_0211,vle_obs_0211-pco2,Jou1995,80.0,0.5785115702314046,235000.0,170623.27616290518,evaluated,f66d972c032ce709ada69e8d8177e195c7e416800757663b7420c22bda5f6328,868a501831b87e95dedf18ce40e9e7ac949f7c6a4aaf137f717cc493ecfcb7be,0ecaf30ec3147260f584fff24f30e32a975cba82529f3d3c36d4c49ea0de712f
pre-refit-f66-v3,canonical:vle_obs_0212,vle_obs_0212-pco2,Jou1995,80.0,0.6400128002560052,558000.0,291864.7176252405,evaluated,f66d972c032ce709ada69e8d8177e195c7e416800757663b7420c22bda5f6328,868a501831b87e95dedf18ce40e9e7ac949f7c6a4aaf137f717cc493ecfcb7be,0ecaf30ec3147260f584fff24f30e32a975cba82529f3d3c36d4c49ea0de712f
pre-refit-f66-v3,canonical:vle_obs_0213,vle_obs_0213-pco2,Jou1995,80.0,0.6890137802756054,958000.0,402245.8063949163,evaluated,f66d972c032ce709ada69e8d8177e195c7e416800757663b7420c22bda5f6328,868a501831b87e95dedf18ce40e9e7ac949f7c6a4aaf137f717cc493ecfcb7be,0ecaf30ec3147260f584fff24f30e32a975cba82529f3d3c36d4c49ea0de712f
pre-refit-f66-v3,canonical:vle_obs_0214,vle_obs_0214-pco2,Jou1995,100.0,0.011700234004680093,7.24,4.495584185006827,evaluated,f66d972c032ce709ada69e8d8177e195c7e416800757663b7420c22bda5f6328,868a501831b87e95dedf18ce40e9e7ac949f7c6a4aaf137f717cc493ecfcb7be,0ecaf30ec3147260f584fff24f30e32a975cba82529f3d3c36d4c49ea0de712f
pre-refit-f66-v3,canonical:vle_obs_0215,vle_obs_0215-pco2,Jou1995,100.0,0.05660113202264045,136.0,84.8825775102149,evaluated,f66d972c032ce709ada69e8d8177e195c7e416800757663b7420c22bda5f6328,868a501831b87e95dedf18ce40e9e7ac949f7c6a4aaf137f717cc493ecfcb7be,0ecaf30ec3147260f584fff24f30e32a975cba82529f3d3c36d4c49ea0de712f
pre-refit-f66-v3,canonical:vle_obs_0216,vle_obs_0216-pco2,Jou1995,100.0,0.1880037600752015,1430.0,1653.3980028224603,evaluated,f66d972c032ce709ada69e8d8177e195c7e416800757663b7420c22bda5f6328,868a501831b87e95dedf18ce40e9e7ac949f7c6a4aaf137f717cc493ecfcb7be,0ecaf30ec3147260f584fff24f30e32a975cba82529f3d3c36d4c49ea0de712f
pre-refit-f66-v3,canonical:vle_obs_0217,vle_obs_0217-pco2,Jou1995,100.0,0.3810076201524031,19000.0,40116.35894202471,evaluated,f66d972c032ce709ada69e8d8177e195c7e416800757663b7420c22bda5f6328,868a501831b87e95dedf18ce40e9e7ac949f7c6a4aaf137f717cc493ecfcb7be,0ecaf30ec3147260f584fff24f30e32a975cba82529f3d3c36d4c49ea0de712f
pre-refit-f66-v3,canonical:vle_obs_0218,vle_obs_0218-pco2,Jou1995,100.0,0.42200844016880334,39000.0,77684.51634167353,evaluated,f66d972c032ce709ada69e8d8177e195c7e416800757663b7420c22bda5f6328,868a501831b87e95dedf18ce40e9e7ac949f7c6a4aaf137f717cc493ecfcb7be,0ecaf30ec3147260f584fff24f30e32a975cba82529f3d3c36d4c49ea0de712f
pre-refit-f66-v3,canonical:vle_obs_0219,vle_obs_0219-pco2,Jou1995,100.0,0.4770095401908038,69000.0,175077.4951701923,evaluated,f66d972c032ce709ada69e8d8177e195c7e416800757663b7420c22bda5f6328,868a501831b87e95dedf18ce40e9e7ac949f7c6a4aaf137f717cc493ecfcb7be,0ecaf30ec3147260f584fff24f30e32a975cba82529f3d3c36d4c49ea0de712f
pre-refit-f66-v3,canonical:vle_obs_0220,vle_obs_0220-pco2,Jou1995,100.0,0.48100962019240384,109000.0,184772.29668192132,evaluated,f66d972c032ce709ada69e8d8177e195c7e416800757663b7420c22bda5f6328,868a501831b87e95dedf18ce40e9e7ac949f7c6a4aaf137f717cc493ecfcb7be,0ecaf30ec3147260f584fff24f30e32a975cba82529f3d3c36d4c49ea0de712f
pre-refit-f66-v3,canonical:vle_obs_0221,vle_obs_0221-pco2,Jou1995,100.0,0.5710114202284046,509000.0,493930.5320939524,evaluated,f66d972c032ce709ada69e8d8177e195c7e416800757663b7420c22bda5f6328,868a501831b87e95dedf18ce40e9e7ac949f7c6a4aaf137f717cc493ecfcb7be,0ecaf30ec3147260f584fff24f30e32a975cba82529f3d3c36d4c49ea0de712f
pre-refit-f66-v3,canonical:vle_obs_0222,vle_obs_0222-pco2,Jou1995,100.0,0.5890117802356047,376000.0,572105.8055480884,evaluated,f66d972c032ce709ada69e8d8177e195c7e416800757663b7420c22bda5f6328,868a501831b87e95dedf18ce40e9e7ac949f7c6a4aaf137f717cc493ecfcb7be,0ecaf30ec3147260f584fff24f30e32a975cba82529f3d3c36d4c49ea0de712f
pre-refit-f66-v3,canonical:vle_obs_0223,vle_obs_0223-pco2,Jou1995,100.0,0.613512270245405,909000.0,683593.4107035522,evaluated,f66d972c032ce709ada69e8d8177e195c7e416800757663b7420c22bda5f6328,868a501831b87e95dedf18ce40e9e7ac949f7c6a4aaf137f717cc493ecfcb7be,0ecaf30ec3147260f584fff24f30e32a975cba82529f3d3c36d4c49ea0de712f
pre-refit-f66-v3,canonical:vle_obs_0224,vle_obs_0224-pco2,Jou1995,120.0,0.0033300666013320267,2.02,2.424879441492396,evaluated,f66d972c032ce709ada69e8d8177e195c7e416800757663b7420c22bda5f6328,868a501831b87e95dedf18ce40e9e7ac949f7c6a4aaf137f717cc493ecfcb7be,0ecaf30ec3147260f584fff24f30e32a975cba82529f3d3c36d4c49ea0de712f
pre-refit-f66-v3,canonical:vle_obs_0225,vle_obs_0225-pco2,Jou1995,120.0,0.01120022400448009,22.1,19.7062711730958,evaluated,f66d972c032ce709ada69e8d8177e195c7e416800757663b7420c22bda5f6328,868a501831b87e95dedf18ce40e9e7ac949f7c6a4aaf137f717cc493ecfcb7be,0ecaf30ec3147260f584fff24f30e32a975cba82529f3d3c36d4c49ea0de712f
pre-refit-f66-v3,canonical:vle_obs_0226,vle_obs_0226-pco2,Jou1995,120.0,0.024700494009880197,98.4,81.97343144380923,evaluated,f66d972c032ce709ada69e8d8177e195c7e416800757663b7420c22bda5f6328,868a501831b87e95dedf18ce40e9e7ac949f7c6a4aaf137f717cc493ecfcb7be,0ecaf30ec3147260f584fff24f30e32a975cba82529f3d3c36d4c49ea0de712f
pre-refit-f66-v3,canonical:vle_obs_0227,vle_obs_0227-pco2,Jou1995,120.0,0.11900238004760096,2290.0,2083.868712972817,evaluated,f66d972c032ce709ada69e8d8177e195c7e416800757663b7420c22bda5f6328,868a501831b87e95dedf18ce40e9e7ac949f7c6a4aaf137f717cc493ecfcb7be,0ecaf30ec3147260f584fff24f30e32a975cba82529f3d3c36d4c49ea0de712f
pre-refit-f66-v3,canonical:vle_obs_0228,vle_obs_0228-pco2,Jou1995,120.0,0.3490069801396028,46800.0,98945.33608430103,evaluated,f66d972c032ce709ada69e8d8177e195c7e416800757663b7420c22bda5f6328,868a501831b87e95dedf18ce40e9e7ac949f7c6a4aaf137f717cc493ecfcb7be,0ecaf30ec3147260f584fff24f30e32a975cba82529f3d3c36d4c49ea0de712f
pre-refit-f66-v3,canonical:vle_obs_0229,vle_obs_0229-pco2,Jou1995,120.0,0.41150823016460325,122000.0,244435.88621445856,evaluated,f66d972c032ce709ada69e8d8177e195c7e416800757663b7420c22bda5f6328,868a501831b87e95dedf18ce40e9e7ac949f7c6a4aaf137f717cc493ecfcb7be,0ecaf30ec3147260f584fff24f30e32a975cba82529f3d3c36d4c49ea0de712f
pre-refit-f66-v3,canonical:vle_obs_0230,vle_obs_0230-pco2,Jou1995,120.0,0.4440088801776036,222000.0,371655.9038876798,evaluated,f66d972c032ce709ada69e8d8177e195c7e416800757663b7420c22bda5f6328,868a501831b87e95dedf18ce40e9e7ac949f7c6a4aaf137f717cc493ecfcb7be,0ecaf30ec3147260f584fff24f30e32a975cba82529f3d3c36d4c49ea0de712f
pre-refit-f66-v3,canonical:vle_obs_0231,vle_obs_0231-pco2,Jou1995,120.0,0.47300946018920376,422000.0,518573.0783540053,evaluated,f66d972c032ce709ada69e8d8177e195c7e416800757663b7420c22bda5f6328,868a501831b87e95dedf18ce40e9e7ac949f7c6a4aaf137f717cc493ecfcb7be,0ecaf30ec3147260f584fff24f30e32a975cba82529f3d3c36d4c49ea0de712f
pre-refit-f66-v3,canonical:vle_obs_0232,vle_obs_0232-pco2,Jou1995,120.0,0.5360107202144043,822000.0,930419.5897498946,evaluated,f66d972c032ce709ada69e8d8177e195c7e416800757663b7420c22bda5f6328,868a501831b87e95dedf18ce40e9e7ac949f7c6a4aaf137f717cc493ecfcb7be,0ecaf30ec3147260f584fff24f30e32a975cba82529f3d3c36d4c49ea0de712f
pre-refit-f66-v3,canonical:vle_obs_0233,vle_obs_0233-pco2,Jou1995,120.0,0.6390127802556052,2804000.0,1743766.6723243007,evaluated,f66d972c032ce709ada69e8d8177e195c7e416800757663b7420c22bda5f6328,868a501831b87e95dedf18ce40e9e7ac949f7c6a4aaf137f717cc493ecfcb7be,0ecaf30ec3147260f584fff24f30e32a975cba82529f3d3c36d4c49ea0de712f
pre-refit-f66-v3,canonical:vle_obs_0246,vle_obs_0246-pco2,Mamun2005,120.0,0.15500310006200124,7354.0,4229.3586746854435,evaluated,f66d972c032ce709ada69e8d8177e195c7e416800757663b7420c22bda5f6328,868a501831b87e95dedf18ce40e9e7ac949f7c6a4aaf137f717cc493ecfcb7be,0ecaf30ec3147260f584fff24f30e32a975cba82529f3d3c36d4c49ea0de712f
pre-refit-f66-v3,canonical:vle_obs_0247,vle_obs_0247-pco2,Mamun2005,120.0,0.17660353207064142,9314.0,6235.6316724615135,evaluated,f66d972c032ce709ada69e8d8177e195c7e416800757663b7420c22bda5f6328,868a501831b87e95dedf18ce40e9e7ac949f7c6a4aaf137f717cc493ecfcb7be,0ecaf30ec3147260f584fff24f30e32a975cba82529f3d3c36d4c49ea0de712f
pre-refit-f66-v3,canonical:vle_obs_0248,vle_obs_0248-pco2,Mamun2005,120.0,0.18430368607372147,9045.0,7129.2503508079435,evaluated,f66d972c032ce709ada69e8d8177e195c7e416800757663b7420c22bda5f6328,868a501831b87e95dedf18ce40e9e7ac949f7c6a4aaf137f717cc493ecfcb7be,0ecaf30ec3147260f584fff24f30e32a975cba82529f3d3c36d4c49ea0de712f
pre-refit-f66-v3,canonical:vle_obs_0249,vle_obs_0249-pco2,Mamun2005,120.0,0.20850417008340166,15510.0,10738.026612363197,evaluated,f66d972c032ce709ada69e8d8177e195c7e416800757663b7420c22bda5f6328,868a501831b87e95dedf18ce40e9e7ac949f7c6a4aaf137f717cc493ecfcb7be,0ecaf30ec3147260f584fff24f30e32a975cba82529f3d3c36d4c49ea0de712f
pre-refit-f66-v3,canonical:vle_obs_0250,vle_obs_0250-pco2,Mamun2005,120.0,0.23260465209304187,19620.0,15945.610454915955,evaluated,f66d972c032ce709ada69e8d8177e195c7e416800757663b7420c22bda5f6328,868a501831b87e95dedf18ce40e9e7ac949f7c6a4aaf137f717cc493ecfcb7be,0ecaf30ec3147260f584fff24f30e32a975cba82529f3d3c36d4c49ea0de712f
pre-refit-f66-v3,canonical:vle_obs_0251,vle_obs_0251-pco2,Mamun2005,120.0,0.23810476209524192,25200.0,17429.249733971734,evaluated,f66d972c032ce709ada69e8d8177e195c7e416800757663b7420c22bda5f6328,868a501831b87e95dedf18ce40e9e7ac949f7c6a4aaf137f717cc493ecfcb7be,0ecaf30ec3147260f584fff24f30e32a975cba82529f3d3c36d4c49ea0de712f
pre-refit-f66-v3,canonical:vle_obs_0252,vle_obs_0252-pco2,Mamun2005,120.0,0.25600512010240206,27710.0,23224.97856812355,evaluated,f66d972c032ce709ada69e8d8177e195c7e416800757663b7420c22bda5f6328,868a501831b87e95dedf18ce40e9e7ac949f7c6a4aaf137f717cc493ecfcb7be,0ecaf30ec3147260f584fff24f30e32a975cba82529f3d3c36d4c49ea0de712f
pre-refit-f66-v3,canonical:vle_obs_0253,vle_obs_0253-pco2,Mamun2005,120.0,0.29010580211604237,39180.0,39817.56677284837,evaluated,f66d972c032ce709ada69e8d8177e195c7e416800757663b7420c22bda5f6328,868a501831b87e95dedf18ce40e9e7ac949f7c6a4aaf137f717cc493ecfcb7be,0ecaf30ec3147260f584fff24f30e32a975cba82529f3d3c36d4c49ea0de712f
pre-refit-f66-v3,canonical:vle_obs_0254,vle_obs_0254-pco2,Mamun2005,120.0,0.2967059341186824,40400.0,44154.57981431841,evaluated,f66d972c032ce709ada69e8d8177e195c7e416800757663b7420c22bda5f6328,868a501831b87e95dedf18ce40e9e7ac949f7c6a4aaf137f717cc493ecfcb7be,0ecaf30ec3147260f584fff24f30e32a975cba82529f3d3c36d4c49ea0de712f
pre-refit-f66-v3,canonical:vle_obs_0255,vle_obs_0255-pco2,Mamun2005,120.0,0.3004060081201624,43490.0,46783.42113601494,evaluated,f66d972c032ce709ada69e8d8177e195c7e416800757663b7420c22bda5f6328,868a501831b87e95dedf18ce40e9e7ac949f7c6a4aaf137f717cc493ecfcb7be,0ecaf30ec3147260f584fff24f30e32a975cba82529f3d3c36d4c49ea0de712f
pre-refit-f66-v3,canonical:vle_obs_0256,vle_obs_0256-pco2,Mamun2005,120.0,0.3125062501250025,51820.0,56485.634928187865,evaluated,f66d972c032ce709ada69e8d8177e195c7e416800757663b7420c22bda5f6328,868a501831b87e95dedf18ce40e9e7ac949f7c6a4aaf137f717cc493ecfcb7be,0ecaf30ec3147260f584fff24f30e32a975cba82529f3d3c36d4c49ea0de712f
pre-refit-f66-v3,canonical:vle_obs_0257,vle_obs_0257-pco2,Mamun2005,120.0,0.31910638212764253,58570.0,62571.85098196026,evaluated,f66d972c032ce709ada69e8d8177e195c7e416800757663b7420c22bda5f6328,868a501831b87e95dedf18ce40e9e7ac949f7c6a4aaf137f717cc493ecfcb7be,0ecaf30ec3147260f584fff24f30e32a975cba82529f3d3c36d4c49ea0de712f
pre-refit-f66-v3,canonical:vle_obs_0258,vle_obs_0258-pco2,Mamun2005,120.0,0.32980659613192265,62880.0,73803.89868336868,evaluated,f66d972c032ce709ada69e8d8177e195c7e416800757663b7420c22bda5f6328,868a501831b87e95dedf18ce40e9e7ac949f7c6a4aaf137f717cc493ecfcb7be,0ecaf30ec3147260f584fff24f30e32a975cba82529f3d3c36d4c49ea0de712f
pre-refit-f66-v3,canonical:vle_obs_0259,vle_obs_0259-pco2,Mamun2005,120.0,0.3424068481369627,77590.0,89506.48584291551,evaluated,f66d972c032ce709ada69e8d8177e195c7e416800757663b7420c22bda5f6328,868a501831b87e95dedf18ce40e9e7ac949f7c6a4aaf137f717cc493ecfcb7be,0ecaf30ec3147260f584fff24f30e32a975cba82529f3d3c36d4c49ea0de712f
pre-refit-f66-v3,canonical:vle_obs_0260,vle_obs_0260-pco2,Mamun2005,120.0,0.3424068481369627,74950.0,89506.48584291551,evaluated,f66d972c032ce709ada69e8d8177e195c7e416800757663b7420c22bda5f6328,868a501831b87e95dedf18ce40e9e7ac949f7c6a4aaf137f717cc493ecfcb7be,0ecaf30ec3147260f584fff24f30e32a975cba82529f3d3c36d4c49ea0de712f
pre-refit-f66-v3,canonical:vle_obs_0261,vle_obs_0261-pco2,Mamun2005,120.0,0.3500070001400028,83610.0,100454.44948037667,evaluated,f66d972c032ce709ada69e8d8177e195c7e416800757663b7420c22bda5f6328,868a501831b87e95dedf18ce40e9e7ac949f7c6a4aaf137f717cc493ecfcb7be,0ecaf30ec3147260f584fff24f30e32a975cba82529f3d3c36d4c49ea0de712f
pre-refit-f66-v3,canonical:vle_obs_0262,vle_obs_0262-pco2,Mamun2005,120.0,0.3594071881437629,92790.0,115725.812904077,evaluated,f66d972c032ce709ada69e8d8177e195c7e416800757663b7420c22bda5f6328,868a501831b87e95dedf18ce40e9e7ac949f7c6a4aaf137f717cc493ecfcb7be,0ecaf30ec3147260f584fff24f30e32a975cba82529f3d3c36d4c49ea0de712f
pre-refit-f66-v3,canonical:vle_obs_0263,vle_obs_0263-pco2,Mamun2005,120.0,0.38820776415528313,137900.0,176587.08598207353,evaluated,f66d972c032ce709ada69e8d8177e195c7e416800757663b7420c22bda5f6328,868a501831b87e95dedf18ce40e9e7ac949f7c6a4aaf137f717cc493ecfcb7be,0ecaf30ec3147260f584fff24f30e32a975cba82529f3d3c36d4c49ea0de712f
pre-refit-f66-v3,canonical:vle_obs_0264,vle_obs_0264-pco2,Mamun2005,120.0,0.41820836416728335,191900.0,267446.09691289265,evaluated,f66d972c032ce709ada69e8d8177e195c7e416800757663b7420c22bda5f6328,868a501831b87e95dedf18ce40e9e7ac949f7c6a4aaf137f717cc493ecfcb7be,0ecaf30ec3147260f584fff24f30e32a975cba82529f3d3c36d4c49ea0de712f
pre-refit-f66-v3,canonical:vle_obs_0265,vle_obs_0265-pco2,Xu2011,100.0,0.3880077601552031,34000.0,44980.202287938286,evaluated,f66d972c032ce709ada69e8d8177e195c7e416800757663b7420c22bda5f6328,868a501831b87e95dedf18ce40e9e7ac949f7c6a4aaf137f717cc493ecfcb7be,0ecaf30ec3147260f584fff24f30e32a975cba82529f3d3c36d4c49ea0de712f
pre-refit-f66-v3,canonical:vle_obs_0266,vle_obs_0266-pco2,Xu2011,100.0,0.4240084801696034,101000.0,80163.94183927204,evaluated,f66d972c032ce709ada69e8d8177e195c7e416800757663b7420c22bda5f6328,868a501831b87e95dedf18ce40e9e7ac949f7c6a4aaf137f717cc493ecfcb7be,0ecaf30ec3147260f584fff24f30e32a975cba82529f3d3c36d4c49ea0de712f
pre-refit-f66-v3,canonical:vle_obs_0267,vle_obs_0267-pco2,Xu2011,100.0,0.4250085001700034,86000.0,81429.95108492661,evaluated,f66d972c032ce709ada69e8d8177e195c7e416800757663b7420c22bda5f6328,868a501831b87e95dedf18ce40e9e7ac949f7c6a4aaf137f717cc493ecfcb7be,0ecaf30ec3147260f584fff24f30e32a975cba82529f3d3c36d4c49ea0de712f
pre-refit-f66-v3,canonical:vle_obs_0268,vle_obs_0268-pco2,Xu2011,100.0,0.501010020200404,167000.0,238855.527731534,evaluated,f66d972c032ce709ada69e8d8177e195c7e416800757663b7420c22bda5f6328,868a501831b87e95dedf18ce40e9e7ac949f7c6a4aaf137f717cc493ecfcb7be,0ecaf30ec3147260f584fff24f30e32a975cba82529f3d3c36d4c49ea0de712f
pre-refit-f66-v3,canonical:vle_obs_0269,vle_obs_0269-pco2,Xu2011,100.0,0.5200104002080042,233000.0,298666.02851960383,evaluated,f66d972c032ce709ada69e8d8177e195c7e416800757663b7420c22bda5f6328,868a501831b87e95dedf18ce40e9e7ac949f7c6a4aaf137f717cc493ecfcb7be,0ecaf30ec3147260f584fff24f30e32a975cba82529f3d3c36d4c49ea0de712f
pre-refit-f66-v3,canonical:vle_obs_0270,vle_obs_0270-pco2,Xu2011,100.0,0.3150063001260025,16000.0,13559.503014255946,evaluated,f66d972c032ce709ada69e8d8177e195c7e416800757663b7420c22bda5f6328,868a501831b87e95dedf18ce40e9e7ac949f7c6a4aaf137f717cc493ecfcb7be,0ecaf30ec3147260f584fff24f30e32a975cba82529f3d3c36d4c49ea0de712f
pre-refit-f66-v3,canonical:vle_obs_0271,vle_obs_0271-pco2,Xu2011,100.0,0.47500950019000376,95000.0,170370.3991299943,evaluated,f66d972c032ce709ada69e8d8177e195c7e416800757663b7420c22bda5f6328,868a501831b87e95dedf18ce40e9e7ac949f7c6a4aaf137f717cc493ecfcb7be,0ecaf30ec3147260f584fff24f30e32a975cba82529f3d3c36d4c49ea0de712f
pre-refit-f66-v3,canonical:vle_obs_0272,vle_obs_0272-pco2,Xu2011,100.0,0.3150063001260025,12000.0,13559.503014255946,evaluated,f66d972c032ce709ada69e8d8177e195c7e416800757663b7420c22bda5f6328,868a501831b87e95dedf18ce40e9e7ac949f7c6a4aaf137f717cc493ecfcb7be,0ecaf30ec3147260f584fff24f30e32a975cba82529f3d3c36d4c49ea0de712f
pre-refit-f66-v3,canonical:vle_obs_0279,vle_obs_0279-pco2,Xu2011,120.0,0.370007400148003,63000.0,135492.11333108402,evaluated,f66d972c032ce709ada69e8d8177e195c7e416800757663b7420c22bda5f6328,868a501831b87e95dedf18ce40e9e7ac949f7c6a4aaf137f717cc493ecfcb7be,0ecaf30ec3147260f584fff24f30e32a975cba82529f3d3c36d4c49ea0de712f
pre-refit-f66-v3,canonical:vle_obs_0280,vle_obs_0280-pco2,Xu2011,120.0,0.3850077001540031,108000.0,168654.16779900604,evaluated,f66d972c032ce709ada69e8d8177e195c7e416800757663b7420c22bda5f6328,868a501831b87e95dedf18ce40e9e7ac949f7c6a4aaf137f717cc493ecfcb7be,0ecaf30ec3147260f584fff24f30e32a975cba82529f3d3c36d4c49ea0de712f
pre-refit-f66-v3,canonical:vle_obs_0281,vle_obs_0281-pco2,Xu2011,120.0,0.3870077401548031,62000.0,173575.1998202343,evaluated,f66d972c032ce709ada69e8d8177e195c7e416800757663b7420c22bda5f6328,868a501831b87e95dedf18ce40e9e7ac949f7c6a4aaf137f717cc493ecfcb7be,0ecaf30ec3147260f584fff24f30e32a975cba82529f3d3c36d4c49ea0de712f
pre-refit-f66-v3,canonical:vle_obs_0282,vle_obs_0282-pco2,Xu2011,120.0,0.42200844016880334,237000.0,281226.6107490462,evaluated,f66d972c032ce709ada69e8d8177e195c7e416800757663b7420c22bda5f6328,868a501831b87e95dedf18ce40e9e7ac949f7c6a4aaf137f717cc493ecfcb7be,0ecaf30ec3147260f584fff24f30e32a975cba82529f3d3c36d4c49ea0de712f
pre-refit-f66-v3,canonical:vle_obs_0283,vle_obs_0283-pco2,Xu2011,120.0,0.4230084601692034,192000.0,284941.9300770251,evaluated,f66d972c032ce709ada69e8d8177e195c7e416800757663b7420c22bda5f6328,868a501831b87e95dedf18ce40e9e7ac949f7c6a4aaf137f717cc493ecfcb7be,0ecaf30ec3147260f584fff24f30e32a975cba82529f3d3c36d4c49ea0de712f
pre-refit-f66-v3,canonical:vle_obs_0284,vle_obs_0284-pco2,Xu2011,120.0,0.49200984019680394,387000.0,630833.1621469515,evaluated,f66d972c032ce709ada69e8d8177e195c7e416800757663b7420c22bda5f6328,868a501831b87e95dedf18ce40e9e7ac949f7c6a4aaf137f717cc493ecfcb7be,0ecaf30ec3147260f584fff24f30e32a975cba82529f3d3c36d4c49ea0de712f
pre-refit-f66-v3,canonical:vle_obs_0285,vle_obs_0285-pco2,Xu2011,120.0,0.5080101602032041,512000.0,734028.1372575185,evaluated,f66d972c032ce709ada69e8d8177e195c7e416800757663b7420c22bda5f6328,868a501831b87e95dedf18ce40e9e7ac949f7c6a4aaf137f717cc493ecfcb7be,0ecaf30ec3147260f584fff24f30e32a975cba82529f3d3c36d4c49ea0de712f
pre-refit-f66-v3,canonical:vle_obs_0286,vle_obs_0286-pco2,Xu2011,120.0,0.3140062801256025,50000.0,57816.45825861794,evaluated,f66d972c032ce709ada69e8d8177e195c7e416800757663b7420c22bda5f6328,868a501831b87e95dedf18ce40e9e7ac949f7c6a4aaf137f717cc493ecfcb7be,0ecaf30ec3147260f584fff24f30e32a975cba82529f3d3c36d4c49ea0de712f
pre-refit-f66-v3,canonical:vle_obs_0287,vle_obs_0287-pco2,Xu2011,120.0,0.4670093401868038,283000.0,485663.96392010554,evaluated,f66d972c032ce709ada69e8d8177e195c7e416800757663b7420c22bda5f6328,868a501831b87e95dedf18ce40e9e7ac949f7c6a4aaf137f717cc493ecfcb7be,0ecaf30ec3147260f584fff24f30e32a975cba82529f3d3c36d4c49ea0de712f
pre-refit-f66-v3,canonical:vle_obs_0288,vle_obs_0288-pco2,Xu2011,120.0,0.3140062801256025,45000.0,57816.45825861794,evaluated,f66d972c032ce709ada69e8d8177e195c7e416800757663b7420c22bda5f6328,868a501831b87e95dedf18ce40e9e7ac949f7c6a4aaf137f717cc493ecfcb7be,0ecaf30ec3147260f584fff24f30e32a975cba82529f3d3c36d4c49ea0de712f
pre-refit-f66-v5,vle_obs_0119,vle_obs_0119-pco2,Hilliard2008,40.0,0.15290305806116122,5.7,4.404046328206387,evaluated,f66d972c032ce709ada69e8d8177e195c7e416800757663b7420c22bda5f6328,562b5976c7f6d44b782498480fce54bad1e3142d9541438f6d7a42a876a3df87,0ecaf30ec3147260f584fff24f30e32a975cba82529f3d3c36d4c49ea0de712f
pre-refit-f66-v5,vle_obs_0120,vle_obs_0120-pco2,Hilliard2008,40.0,0.16290325806516132,6.64,5.313933595820742,evaluated,f66d972c032ce709ada69e8d8177e195c7e416800757663b7420c22bda5f6328,562b5976c7f6d44b782498480fce54bad1e3142d9541438f6d7a42a876a3df87,0ecaf30ec3147260f584fff24f30e32a975cba82529f3d3c36d4c49ea0de712f
pre-refit-f66-v5,vle_obs_0121,vle_obs_0121-pco2,Hilliard2008,40.0,0.1699033980679614,7.21,6.044527019044516,evaluated,f66d972c032ce709ada69e8d8177e195c7e416800757663b7420c22bda5f6328,562b5976c7f6d44b782498480fce54bad1e3142d9541438f6d7a42a876a3df87,0ecaf30ec3147260f584fff24f30e32a975cba82529f3d3c36d4c49ea0de712f
pre-refit-f66-v5,vle_obs_0122,vle_obs_0122-pco2,Hilliard2008,40.0,0.19090381807636156,9.950000000000001,8.80544390590048,evaluated,f66d972c032ce709ada69e8d8177e195c7e416800757663b7420c22bda5f6328,562b5976c7f6d44b782498480fce54bad1e3142d9541438f6d7a42a876a3df87,0ecaf30ec3147260f584fff24f30e32a975cba82529f3d3c36d4c49ea0de712f
pre-refit-f66-v5,vle_obs_0123,vle_obs_0123-pco2,Hilliard2008,40.0,0.19390387807756157,9.85,9.282237847311125,evaluated,f66d972c032ce709ada69e8d8177e195c7e416800757663b7420c22bda5f6328,562b5976c7f6d44b782498480fce54bad1e3142d9541438f6d7a42a876a3df87,0ecaf30ec3147260f584fff24f30e32a975cba82529f3d3c36d4c49ea0de712f
pre-refit-f66-v5,vle_obs_0124,vle_obs_0124-pco2,Hilliard2008,40.0,0.23190463809276188,14.6,17.85991895464039,evaluated,f66d972c032ce709ada69e8d8177e195c7e416800757663b7420c22bda5f6328,562b5976c7f6d44b782498480fce54bad1e3142d9541438f6d7a42a876a3df87,0ecaf30ec3147260f584fff24f30e32a975cba82529f3d3c36d4c49ea0de712f
pre-refit-f66-v5,vle_obs_0125,vle_obs_0125-pco2,Hilliard2008,40.0,0.24590491809836199,19.099999999999998,22.651454605561586,evaluated,f66d972c032ce709ada69e8d8177e195c7e416800757663b7420c22bda5f6328,562b5976c7f6d44b782498480fce54bad1e3142d9541438f6d7a42a876a3df87,0ecaf30ec3147260f584fff24f30e32a975cba82529f3d3c36d4c49ea0de712f
pre-refit-f66-v5,vle_obs_0126,vle_obs_0126-pco2,Hilliard2008,40.0,0.2689053781075622,23.099999999999998,33.465434173226036,evaluated,f66d972c032ce709ada69e8d8177e195c7e416800757663b7420c22bda5f6328,562b5976c7f6d44b782498480fce54bad1e3142d9541438f6d7a42a876a3df87,0ecaf30ec3147260f584fff24f30e32a975cba82529f3d3c36d4c49ea0de712f
pre-refit-f66-v5,vle_obs_0127,vle_obs_0127-pco2,Hilliard2008,40.0,0.2719054381087622,22.4,35.21851868877407,evaluated,f66d972c032ce709ada69e8d8177e195c7e416800757663b7420c22bda5f6328,562b5976c7f6d44b782498480fce54bad1e3142d9541438f6d7a42a876a3df87,0ecaf30ec3147260f584fff24f30e32a975cba82529f3d3c36d4c49ea0de712f
pre-refit-f66-v5,vle_obs_0128,vle_obs_0128-pco2,Hilliard2008,40.0,0.32590651813036264,48.5,89.88068219570424,evaluated,f66d972c032ce709ada69e8d8177e195c7e416800757663b7420c22bda5f6328,562b5976c7f6d44b782498480fce54bad1e3142d9541438f6d7a42a876a3df87,0ecaf30ec3147260f584fff24f30e32a975cba82529f3d3c36d4c49ea0de712f
pre-refit-f66-v5,vle_obs_0129,vle_obs_0129-pco2,Hilliard2008,40.0,0.3479069581391628,66.19999999999999,133.70723028736506,evaluated,f66d972c032ce709ada69e8d8177e195c7e416800757663b7420c22bda5f6328,562b5976c7f6d44b782498480fce54bad1e3142d9541438f6d7a42a876a3df87,0ecaf30ec3147260f584fff24f30e32a975cba82529f3d3c36d4c49ea0de712f
pre-refit-f66-v5,vle_obs_0130,vle_obs_0130-pco2,Hilliard2008,40.0,0.3499069981399628,72.1,138.70511529863958,evaluated,f66d972c032ce709ada69e8d8177e195c7e416800757663b7420c22bda5f6328,562b5976c7f6d44b782498480fce54bad1e3142d9541438f6d7a42a876a3df87,0ecaf30ec3147260f584fff24f30e32a975cba82529f3d3c36d4c49ea0de712f
pre-refit-f66-v5,vle_obs_0131,vle_obs_0131-pco2,Hilliard2008,40.0,0.3599071981439629,96.60000000000001,166.90881707177704,evaluated,f66d972c032ce709ada69e8d8177e195c7e416800757663b7420c22bda5f6328,562b5976c7f6d44b782498480fce54bad1e3142d9541438f6d7a42a876a3df87,0ecaf30ec3147260f584fff24f30e32a975cba82529f3d3c36d4c49ea0de712f
pre-refit-f66-v5,vle_obs_0132,vle_obs_0132-pco2,Hilliard2008,40.0,0.3819076381527631,131.0,253.32231022464345,evaluated,f66d972c032ce709ada69e8d8177e195c7e416800757663b7420c22bda5f6328,562b5976c7f6d44b782498480fce54bad1e3142d9541438f6d7a42a876a3df87,0ecaf30ec3147260f584fff24f30e32a975cba82529f3d3c36d4c49ea0de712f
pre-refit-f66-v5,vle_obs_0133,vle_obs_0133-pco2,Hilliard2008,40.0,0.3859077181543631,120.0,273.70563443098166,evaluated,f66d972c032ce709ada69e8d8177e195c7e416800757663b7420c22bda5f6328,562b5976c7f6d44b782498480fce54bad1e3142d9541438f6d7a42a876a3df87,0ecaf30ec3147260f584fff24f30e32a975cba82529f3d3c36d4c49ea0de712f
pre-refit-f66-v5,vle_obs_0134,vle_obs_0134-pco2,Hilliard2008,40.0,0.38890777815556316,113.0,290.15294332461895,evaluated,f66d972c032ce709ada69e8d8177e195c7e416800757663b7420c22bda5f6328,562b5976c7f6d44b782498480fce54bad1e3142d9541438f6d7a42a876a3df87,0ecaf30ec3147260f584fff24f30e32a975cba82529f3d3c36d4c49ea0de712f
pre-refit-f66-v5,vle_obs_0135,vle_obs_0135-pco2,Hilliard2008,40.0,0.39990799815996325,128.0,360.1913460290203,evaluated,f66d972c032ce709ada69e8d8177e195c7e416800757663b7420c22bda5f6328,562b5976c7f6d44b782498480fce54bad1e3142d9541438f6d7a42a876a3df87,0ecaf30ec3147260f584fff24f30e32a975cba82529f3d3c36d4c49ea0de712f
pre-refit-f66-v5,vle_obs_0136,vle_obs_0136-pco2,Hilliard2008,40.0,0.46390927818556377,750.0,1331.2976634762417,evaluated,f66d972c032ce709ada69e8d8177e195c7e416800757663b7420c22bda5f6328,562b5976c7f6d44b782498480fce54bad1e3142d9541438f6d7a42a876a3df87,0ecaf30ec3147260f584fff24f30e32a975cba82529f3d3c36d4c49ea0de712f
pre-refit-f66-v5,vle_obs_0137,vle_obs_0137-pco2,Hilliard2008,40.0,0.4659093181863638,574.0,1387.1318258437122,evaluated,f66d972c032ce709ada69e8d8177e195c7e416800757663b7420c22bda5f6328,562b5976c7f6d44b782498480fce54bad1e3142d9541438f6d7a42a876a3df87,0ecaf30ec3147260f584fff24f30e32a975cba82529f3d3c36d4c49ea0de712f
pre-refit-f66-v5,vle_obs_0138,vle_obs_0138-pco2,Hilliard2008,40.0,0.48090961819236383,883.0,1881.9635072460826,evaluated,f66d972c032ce709ada69e8d8177e195c7e416800757663b7420c22bda5f6328,562b5976c7f6d44b782498480fce54bad1e3142d9541438f6d7a42a876a3df87,0ecaf30ec3147260f584fff24f30e32a975cba82529f3d3c36d4c49ea0de712f
pre-refit-f66-v5,vle_obs_0139,vle_obs_0139-pco2,Hilliard2008,40.0,0.4909098181963639,1100.0,2296.425365434958,evaluated,f66d972c032ce709ada69e8d8177e195c7e416800757663b7420c22bda5f6328,562b5976c7f6d44b782498480fce54bad1e3142d9541438f6d7a42a876a3df87,0ecaf30ec3147260f584fff24f30e32a975cba82529f3d3c36d4c49ea0de712f
pre-refit-f66-v5,vle_obs_0140,vle_obs_0140-pco2,Hilliard2008,40.0,0.5009100182003641,1870.0,2788.677522410196,evaluated,f66d972c032ce709ada69e8d8177e195c7e416800757663b7420c22bda5f6328,562b5976c7f6d44b782498480fce54bad1e3142d9541438f6d7a42a876a3df87,0ecaf30ec3147260f584fff24f30e32a975cba82529f3d3c36d4c49ea0de712f
pre-refit-f66-v5,vle_obs_0141,vle_obs_0141-pco2,Hilliard2008,40.0,0.5179103582071641,3030.0,3826.2119751554683,evaluated,f66d972c032ce709ada69e8d8177e195c7e416800757663b7420c22bda5f6328,562b5976c7f6d44b782498480fce54bad1e3142d9541438f6d7a42a876a3df87,0ecaf30ec3147260f584fff24f30e32a975cba82529f3d3c36d4c49ea0de712f
pre-refit-f66-v5,vle_obs_0142,vle_obs_0142-pco2,Hilliard2008,40.0,0.5909118182363647,28300.0,11653.889613462146,evaluated,f66d972c032ce709ada69e8d8177e195c7e416800757663b7420c22bda5f6328,562b5976c7f6d44b782498480fce54bad1e3142d9541438f6d7a42a876a3df87,0ecaf30ec3147260f584fff24f30e32a975cba82529f3d3c36d4c49ea0de712f
pre-refit-f66-v5,vle_obs_0143,vle_obs_0143-pco2,Hilliard2008,60.0,0.11390227804556091,19.400000000000002,13.427143624788988,evaluated,f66d972c032ce709ada69e8d8177e195c7e416800757663b7420c22bda5f6328,562b5976c7f6d44b782498480fce54bad1e3142d9541438f6d7a42a876a3df87,0ecaf30ec3147260f584fff24f30e32a975cba82529f3d3c36d4c49ea0de712f
pre-refit-f66-v5,vle_obs_0144,vle_obs_0144-pco2,Hilliard2008,60.0,0.19090381807636156,58.9,59.4374747387058,evaluated,f66d972c032ce709ada69e8d8177e195c7e416800757663b7420c22bda5f6328,562b5976c7f6d44b782498480fce54bad1e3142d9541438f6d7a42a876a3df87,0ecaf30ec3147260f584fff24f30e32a975cba82529f3d3c36d4c49ea0de712f
pre-refit-f66-v5,vle_obs_0145,vle_obs_0145-pco2,Hilliard2008,60.0,0.29090581811636235,209.0,327.870081190725,evaluated,f66d972c032ce709ada69e8d8177e195c7e416800757663b7420c22bda5f6328,562b5976c7f6d44b782498480fce54bad1e3142d9541438f6d7a42a876a3df87,0ecaf30ec3147260f584fff24f30e32a975cba82529f3d3c36d4c49ea0de712f
pre-refit-f66-v5,vle_obs_0146,vle_obs_0146-pco2,Hilliard2008,60.0,0.3859077181543631,763.0,1767.8160330424607,evaluated,f66d972c032ce709ada69e8d8177e195c7e416800757663b7420c22bda5f6328,562b5976c7f6d44b782498480fce54bad1e3142d9541438f6d7a42a876a3df87,0ecaf30ec3147260f584fff24f30e32a975cba82529f3d3c36d4c49ea0de712f
pre-refit-f66-v5,vle_obs_0147,vle_obs_0147-pco2,Hilliard2008,60.0,0.4849096981939639,4860.0,11094.450634157742,evaluated,f66d972c032ce709ada69e8d8177e195c7e416800757663b7420c22bda5f6328,562b5976c7f6d44b782498480fce54bad1e3142d9541438f6d7a42a876a3df87,0ecaf30ec3147260f584fff24f30e32a975cba82529f3d3c36d4c49ea0de712f
pre-refit-f66-v5,vle_obs_0148,vle_obs_0148-pco2,Hilliard2008,60.0,0.5439108782175645,25800.0,28362.61739204716,evaluated,f66d972c032ce709ada69e8d8177e195c7e416800757663b7420c22bda5f6328,562b5976c7f6d44b782498480fce54bad1e3142d9541438f6d7a42a876a3df87,0ecaf30ec3147260f584fff24f30e32a975cba82529f3d3c36d4c49ea0de712f
pre-refit-f66-v5,vle_obs_0149,vle_obs_0149-pco2,Hilliard2008,60.0,0.5649112982259645,50200.0,37562.62112830812,evaluated,f66d972c032ce709ada69e8d8177e195c7e416800757663b7420c22bda5f6328,562b5976c7f6d44b782498480fce54bad1e3142d9541438f6d7a42a876a3df87,0ecaf30ec3147260f584fff24f30e32a975cba82529f3d3c36d4c49ea0de712f
pre-refit-f66-v5,vle_obs_0186,vle_obs_0186-pco2,Jou1995,40.0,0.08870177403548071,1.47,1.093211132528534,evaluated,f66d972c032ce709ada69e8d8177e195c7e416800757663b7420c22bda5f6328,562b5976c7f6d44b782498480fce54bad1e3142d9541438f6d7a42a876a3df87,0ecaf30ec3147260f584fff24f30e32a975cba82529f3d3c36d4c49ea0de712f
pre-refit-f66-v5,vle_obs_0187,vle_obs_0187-pco2,Jou1995,40.0,0.20290405808116166,8.959999999999999,10.860343807751038,evaluated,f66d972c032ce709ada69e8d8177e195c7e416800757663b7420c22bda5f6328,562b5976c7f6d44b782498480fce54bad1e3142d9541438f6d7a42a876a3df87,0ecaf30ec3147260f584fff24f30e32a975cba82529f3d3c36d4c49ea0de712f
pre-refit-f66-v5,vle_obs_0188,vle_obs_0188-pco2,Jou1995,40.0,0.36490729814596295,67.7,183.2838769583494,evaluated,f66d972c032ce709ada69e8d8177e195c7e416800757663b7420c22bda5f6328,562b5976c7f6d44b782498480fce54bad1e3142d9541438f6d7a42a876a3df87,0ecaf30ec3147260f584fff24f30e32a975cba82529f3d3c36d4c49ea0de712f
pre-refit-f66-v5,vle_obs_0189,vle_obs_0189-pco2,Jou1995,40.0,0.4734094681893638,604.0,1616.9762189545045,evaluated,f66d972c032ce709ada69e8d8177e195c7e416800757663b7420c22bda5f6328,562b5976c7f6d44b782498480fce54bad1e3142d9541438f6d7a42a876a3df87,0ecaf30ec3147260f584fff24f30e32a975cba82529f3d3c36d4c49ea0de712f
pre-refit-f66-v5,vle_obs_0190,vle_obs_0190-pco2,Jou1995,40.0,0.5129102582051641,2570.0,3493.269726196561,evaluated,f66d972c032ce709ada69e8d8177e195c7e416800757663b7420c22bda5f6328,562b5976c7f6d44b782498480fce54bad1e3142d9541438f6d7a42a876a3df87,0ecaf30ec3147260f584fff24f30e32a975cba82529f3d3c36d4c49ea0de712f
pre-refit-f66-v5,vle_obs_0191,vle_obs_0191-pco2,Jou1995,40.0,0.5569111382227645,8090.0,7296.632548866685,evaluated,f66d972c032ce709ada69e8d8177e195c7e416800757663b7420c22bda5f6328,562b5976c7f6d44b782498480fce54bad1e3142d9541438f6d7a42a876a3df87,0ecaf30ec3147260f584fff24f30e32a975cba82529f3d3c36d4c49ea0de712f
pre-refit-f66-v5,vle_obs_0192,vle_obs_0192-pco2,Jou1995,40.0,0.6089121782435649,36100.0,14462.247705239575,evaluated,f66d972c032ce709ada69e8d8177e195c7e416800757663b7420c22bda5f6328,562b5976c7f6d44b782498480fce54bad1e3142d9541438f6d7a42a876a3df87,0ecaf30ec3147260f584fff24f30e32a975cba82529f3d3c36d4c49ea0de712f
pre-refit-f66-v5,vle_obs_0193,vle_obs_0193-pco2,Jou1995,40.0,0.6419128382567652,103000.0,20482.783322592993,evaluated,f66d972c032ce709ada69e8d8177e195c7e416800757663b7420c22bda5f6328,562b5976c7f6d44b782498480fce54bad1e3142d9541438f6d7a42a876a3df87,0ecaf30ec3147260f584fff24f30e32a975cba82529f3d3c36d4c49ea0de712f
pre-refit-f66-v5,vle_obs_0194,vle_obs_0194-pco2,Jou1995,60.0,0.05630112602252045,4.28,2.7716987136923668,evaluated,f66d972c032ce709ada69e8d8177e195c7e416800757663b7420c22bda5f6328,562b5976c7f6d44b782498480fce54bad1e3142d9541438f6d7a42a876a3df87,0ecaf30ec3147260f584fff24f30e32a975cba82529f3d3c36d4c49ea0de712f
pre-refit-f66-v5,vle_obs_0195,vle_obs_0195-pco2,Jou1995,60.0,0.11890237804756094,19.3,14.973807298733517,evaluated,f66d972c032ce709ada69e8d8177e195c7e416800757663b7420c22bda5f6328,562b5976c7f6d44b782498480fce54bad1e3142d9541438f6d7a42a876a3df87,0ecaf30ec3147260f584fff24f30e32a975cba82529f3d3c36d4c49ea0de712f
pre-refit-f66-v5,vle_obs_0196,vle_obs_0196-pco2,Jou1995,60.0,0.20590411808236164,57.9,77.2287213226434,evaluated,f66d972c032ce709ada69e8d8177e195c7e416800757663b7420c22bda5f6328,562b5976c7f6d44b782498480fce54bad1e3142d9541438f6d7a42a876a3df87,0ecaf30ec3147260f584fff24f30e32a975cba82529f3d3c36d4c49ea0de712f
pre-refit-f66-v5,vle_obs_0197,vle_obs_0197-pco2,Jou1995,60.0,0.38890777815556316,528.0,1868.8710075134502,evaluated,f66d972c032ce709ada69e8d8177e195c7e416800757663b7420c22bda5f6328,562b5976c7f6d44b782498480fce54bad1e3142d9541438f6d7a42a876a3df87,0ecaf30ec3147260f584fff24f30e32a975cba82529f3d3c36d4c49ea0de712f
pre-refit-f66-v5,vle_obs_0198,vle_obs_0198-pco2,Jou1995,60.0,0.4379087581751635,2009.9999999999998,4688.605546884306,evaluated,f66d972c032ce709ada69e8d8177e195c7e416800757663b7420c22bda5f6328,562b5976c7f6d44b782498480fce54bad1e3142d9541438f6d7a42a876a3df87,0ecaf30ec3147260f584fff24f30e32a975cba82529f3d3c36d4c49ea0de712f
pre-refit-f66-v5,vle_obs_0199,vle_obs_0199-pco2,Jou1995,60.0,0.5039100782015641,11000.0,15349.117550601612,evaluated,f66d972c032ce709ada69e8d8177e195c7e416800757663b7420c22bda5f6328,562b5976c7f6d44b782498480fce54bad1e3142d9541438f6d7a42a876a3df87,0ecaf30ec3147260f584fff24f30e32a975cba82529f3d3c36d4c49ea0de712f
pre-refit-f66-v5,vle_obs_0200,vle_obs_0200-pco2,Jou1995,60.0,0.5609112182243645,34000.0,35683.60251797277,evaluated,f66d972c032ce709ada69e8d8177e195c7e416800757663b7420c22bda5f6328,562b5976c7f6d44b782498480fce54bad1e3142d9541438f6d7a42a876a3df87,0ecaf30ec3147260f584fff24f30e32a975cba82529f3d3c36d4c49ea0de712f
pre-refit-f66-v5,vle_obs_0201,vle_obs_0201-pco2,Jou1995,60.0,0.5789115782315646,82000.0,44600.66949914834,evaluated,f66d972c032ce709ada69e8d8177e195c7e416800757663b7420c22bda5f6328,562b5976c7f6d44b782498480fce54bad1e3142d9541438f6d7a42a876a3df87,0ecaf30ec3147260f584fff24f30e32a975cba82529f3d3c36d4c49ea0de712f
pre-refit-f66-v5,vle_obs_0202,vle_obs_0202-pco2,Jou1995,60.0,0.6679133582671654,282000.0,104406.77804319738,evaluated,f66d972c032ce709ada69e8d8177e195c7e416800757663b7420c22bda5f6328,562b5976c7f6d44b782498480fce54bad1e3142d9541438f6d7a42a876a3df87,0ecaf30ec3147260f584fff24f30e32a975cba82529f3d3c36d4c49ea0de712f
pre-refit-f66-v5,vle_obs_0203,vle_obs_0203-pco2,Jou1995,80.0,0.01730034600692014,2.96,1.7371617207014112,evaluated,f66d972c032ce709ada69e8d8177e195c7e416800757663b7420c22bda5f6328,562b5976c7f6d44b782498480fce54bad1e3142d9541438f6d7a42a876a3df87,0ecaf30ec3147260f584fff24f30e32a975cba82529f3d3c36d4c49ea0de712f
pre-refit-f66-v5,vle_obs_0204,vle_obs_0204-pco2,Jou1995,80.0,0.023500470009400188,4.84,3.0368833001477338,evaluated,f66d972c032ce709ada69e8d8177e195c7e416800757663b7420c22bda5f6328,562b5976c7f6d44b782498480fce54bad1e3142d9541438f6d7a42a876a3df87,0ecaf30ec3147260f584fff24f30e32a975cba82529f3d3c36d4c49ea0de712f
pre-refit-f66-v5,vle_obs_0205,vle_obs_0205-pco2,Jou1995,80.0,0.07800156003120062,46.5,32.2274050110507,evaluated,f66d972c032ce709ada69e8d8177e195c7e416800757663b7420c22bda5f6328,562b5976c7f6d44b782498480fce54bad1e3142d9541438f6d7a42a876a3df87,0ecaf30ec3147260f584fff24f30e32a975cba82529f3d3c36d4c49ea0de712f
pre-refit-f66-v5,vle_obs_0206,vle_obs_0206-pco2,Jou1995,80.0,0.11790235804716094,99.2,85.09384383651582,evaluated,f66d972c032ce709ada69e8d8177e195c7e416800757663b7420c22bda5f6328,562b5976c7f6d44b782498480fce54bad1e3142d9541438f6d7a42a876a3df87,0ecaf30ec3147260f584fff24f30e32a975cba82529f3d3c36d4c49ea0de712f
pre-refit-f66-v5,vle_obs_0207,vle_obs_0207-pco2,Jou1995,80.0,0.18690373807476152,278.0,319.0709644475384,evaluated,f66d972c032ce709ada69e8d8177e195c7e416800757663b7420c22bda5f6328,562b5976c7f6d44b782498480fce54bad1e3142d9541438f6d7a42a876a3df87,0ecaf30ec3147260f584fff24f30e32a975cba82529f3d3c36d4c49ea0de712f
pre-refit-f66-v5,vle_obs_0208,vle_obs_0208-pco2,Jou1995,80.0,0.3479069581391628,2670.0,4869.942261699939,evaluated,f66d972c032ce709ada69e8d8177e195c7e416800757663b7420c22bda5f6328,562b5976c7f6d44b782498480fce54bad1e3142d9541438f6d7a42a876a3df87,0ecaf30ec3147260f584fff24f30e32a975cba82529f3d3c36d4c49ea0de712f
pre-refit-f66-v5,vle_obs_0209,vle_obs_0209-pco2,Jou1995,80.0,0.4599091981839637,16000.0,34002.61204974265,evaluated,f66d972c032ce709ada69e8d8177e195c7e416800757663b7420c22bda5f6328,562b5976c7f6d44b782498480fce54bad1e3142d9541438f6d7a42a876a3df87,0ecaf30ec3147260f584fff24f30e32a975cba82529f3d3c36d4c49ea0de712f
pre-refit-f66-v5,vle_obs_0210,vle_obs_0210-pco2,Jou1995,80.0,0.5169103382067641,56000.0,81499.56615628964,evaluated,f66d972c032ce709ada69e8d8177e195c7e416800757663b7420c22bda5f6328,562b5976c7f6d44b782498480fce54bad1e3142d9541438f6d7a42a876a3df87,0ecaf30ec3147260f584fff24f30e32a975cba82529f3d3c36d4c49ea0de712f
pre-refit-f66-v5,vle_obs_0211,vle_obs_0211-pco2,Jou1995,80.0,0.5784115682313646,235000.0,170472.36697762,evaluated,f66d972c032ce709ada69e8d8177e195c7e416800757663b7420c22bda5f6328,562b5976c7f6d44b782498480fce54bad1e3142d9541438f6d7a42a876a3df87,0ecaf30ec3147260f584fff24f30e32a975cba82529f3d3c36d4c49ea0de712f
pre-refit-f66-v5,vle_obs_0212,vle_obs_0212-pco2,Jou1995,80.0,0.6399127982559651,558000.0,291670.5677097478,evaluated,f66d972c032ce709ada69e8d8177e195c7e416800757663b7420c22bda5f6328,562b5976c7f6d44b782498480fce54bad1e3142d9541438f6d7a42a876a3df87,0ecaf30ec3147260f584fff24f30e32a975cba82529f3d3c36d4c49ea0de712f
pre-refit-f66-v5,vle_obs_0213,vle_obs_0213-pco2,Jou1995,80.0,0.6889137782755654,958000.0,402032.80395272764,evaluated,f66d972c032ce709ada69e8d8177e195c7e416800757663b7420c22bda5f6328,562b5976c7f6d44b782498480fce54bad1e3142d9541438f6d7a42a876a3df87,0ecaf30ec3147260f584fff24f30e32a975cba82529f3d3c36d4c49ea0de712f
pre-refit-f66-v5,vle_obs_0214,vle_obs_0214-pco2,Jou1995,100.0,0.011600232004640094,7.24,4.442043691248597,evaluated,f66d972c032ce709ada69e8d8177e195c7e416800757663b7420c22bda5f6328,562b5976c7f6d44b782498480fce54bad1e3142d9541438f6d7a42a876a3df87,0ecaf30ec3147260f584fff24f30e32a975cba82529f3d3c36d4c49ea0de712f
pre-refit-f66-v5,vle_obs_0215,vle_obs_0215-pco2,Jou1995,100.0,0.056501130022600446,136.0,84.84092307208476,evaluated,f66d972c032ce709ada69e8d8177e195c7e416800757663b7420c22bda5f6328,562b5976c7f6d44b782498480fce54bad1e3142d9541438f6d7a42a876a3df87,0ecaf30ec3147260f584fff24f30e32a975cba82529f3d3c36d4c49ea0de712f
pre-refit-f66-v5,vle_obs_0216,vle_obs_0216-pco2,Jou1995,100.0,0.18790375807516152,1430.0,1654.4059367221637,evaluated,f66d972c032ce709ada69e8d8177e195c7e416800757663b7420c22bda5f6328,562b5976c7f6d44b782498480fce54bad1e3142d9541438f6d7a42a876a3df87,0ecaf30ec3147260f584fff24f30e32a975cba82529f3d3c36d4c49ea0de712f
pre-refit-f66-v5,vle_obs_0217,vle_obs_0217-pco2,Jou1995,100.0,0.38090761815236307,19000.0,40093.421320666974,evaluated,f66d972c032ce709ada69e8d8177e195c7e416800757663b7420c22bda5f6328,562b5976c7f6d44b782498480fce54bad1e3142d9541438f6d7a42a876a3df87,0ecaf30ec3147260f584fff24f30e32a975cba82529f3d3c36d4c49ea0de712f
pre-refit-f66-v5,vle_obs_0218,vle_obs_0218-pco2,Jou1995,100.0,0.4219084381687634,39000.0,77623.26643111008,evaluated,f66d972c032ce709ada69e8d8177e195c7e416800757663b7420c22bda5f6328,562b5976c7f6d44b782498480fce54bad1e3142d9541438f6d7a42a876a3df87,0ecaf30ec3147260f584fff24f30e32a975cba82529f3d3c36d4c49ea0de712f
pre-refit-f66-v5,vle_obs_0219,vle_obs_0219-pco2,Jou1995,100.0,0.4769095381907638,69000.0,174921.5037679594,evaluated,f66d972c032ce709ada69e8d8177e195c7e416800757663b7420c22bda5f6328,562b5976c7f6d44b782498480fce54bad1e3142d9541438f6d7a42a876a3df87,0ecaf30ec3147260f584fff24f30e32a975cba82529f3d3c36d4c49ea0de712f
pre-refit-f66-v5,vle_obs_0220,vle_obs_0220-pco2,Jou1995,100.0,0.48090961819236383,109000.0,184607.93480560754,evaluated,f66d972c032ce709ada69e8d8177e195c7e416800757663b7420c22bda5f6328,562b5976c7f6d44b782498480fce54bad1e3142d9541438f6d7a42a876a3df87,0ecaf30ec3147260f584fff24f30e32a975cba82529f3d3c36d4c49ea0de712f
pre-refit-f66-v5,vle_obs_0221,vle_obs_0221-pco2,Jou1995,100.0,0.5709114182283646,509000.0,493590.11397181987,evaluated,f66d972c032ce709ada69e8d8177e195c7e416800757663b7420c22bda5f6328,562b5976c7f6d44b782498480fce54bad1e3142d9541438f6d7a42a876a3df87,0ecaf30ec3147260f584fff24f30e32a975cba82529f3d3c36d4c49ea0de712f
pre-refit-f66-v5,vle_obs_0222,vle_obs_0222-pco2,Jou1995,100.0,0.5889117782355647,376000.0,571741.0895731399,evaluated,f66d972c032ce709ada69e8d8177e195c7e416800757663b7420c22bda5f6328,562b5976c7f6d44b782498480fce54bad1e3142d9541438f6d7a42a876a3df87,0ecaf30ec3147260f584fff24f30e32a975cba82529f3d3c36d4c49ea0de712f
pre-refit-f66-v5,vle_obs_0223,vle_obs_0223-pco2,Jou1995,100.0,0.613412268245365,909000.0,683203.174662022,evaluated,f66d972c032ce709ada69e8d8177e195c7e416800757663b7420c22bda5f6328,562b5976c7f6d44b782498480fce54bad1e3142d9541438f6d7a42a876a3df87,0ecaf30ec3147260f584fff24f30e32a975cba82529f3d3c36d4c49ea0de712f
pre-refit-f66-v5,vle_obs_0224,vle_obs_0224-pco2,Jou1995,120.0,0.003230064601292026,2.02,2.3146657337358536,evaluated,f66d972c032ce709ada69e8d8177e195c7e416800757663b7420c22bda5f6328,562b5976c7f6d44b782498480fce54bad1e3142d9541438f6d7a42a876a3df87,0ecaf30ec3147260f584fff24f30e32a975cba82529f3d3c36d4c49ea0de712f
pre-refit-f66-v5,vle_obs_0225,vle_obs_0225-pco2,Jou1995,120.0,0.011100222004440089,22.1,19.462098142285676,evaluated,f66d972c032ce709ada69e8d8177e195c7e416800757663b7420c22bda5f6328,562b5976c7f6d44b782498480fce54bad1e3142d9541438f6d7a42a876a3df87,0ecaf30ec3147260f584fff24f30e32a975cba82529f3d3c36d4c49ea0de712f
pre-refit-f66-v5,vle_obs_0226,vle_obs_0226-pco2,Jou1995,120.0,0.024600492009840196,98.4,81.64477368832362,evaluated,f66d972c032ce709ada69e8d8177e195c7e416800757663b7420c22bda5f6328,562b5976c7f6d44b782498480fce54bad1e3142d9541438f6d7a42a876a3df87,0ecaf30ec3147260f584fff24f30e32a975cba82529f3d3c36d4c49ea0de712f
pre-refit-f66-v5,vle_obs_0227,vle_obs_0227-pco2,Jou1995,120.0,0.11890237804756094,2290.0,2085.496733425285,evaluated,f66d972c032ce709ada69e8d8177e195c7e416800757663b7420c22bda5f6328,562b5976c7f6d44b782498480fce54bad1e3142d9541438f6d7a42a876a3df87,0ecaf30ec3147260f584fff24f30e32a975cba82529f3d3c36d4c49ea0de712f
pre-refit-f66-v5,vle_obs_0228,vle_obs_0228-pco2,Jou1995,120.0,0.3489069781395628,46800.0,98926.28794656302,evaluated,f66d972c032ce709ada69e8d8177e195c7e416800757663b7420c22bda5f6328,562b5976c7f6d44b782498480fce54bad1e3142d9541438f6d7a42a876a3df87,0ecaf30ec3147260f584fff24f30e32a975cba82529f3d3c36d4c49ea0de712f
pre-refit-f66-v5,vle_obs_0229,vle_obs_0229-pco2,Jou1995,120.0,0.4114082281645633,122000.0,244312.09319166487,evaluated,f66d972c032ce709ada69e8d8177e195c7e416800757663b7420c22bda5f6328,562b5976c7f6d44b782498480fce54bad1e3142d9541438f6d7a42a876a3df87,0ecaf30ec3147260f584fff24f30e32a975cba82529f3d3c36d4c49ea0de712f
pre-refit-f66-v5,vle_obs_0230,vle_obs_0230-pco2,Jou1995,120.0,0.4439088781775636,222000.0,371439.70441072213,evaluated,f66d972c032ce709ada69e8d8177e195c7e416800757663b7420c22bda5f6328,562b5976c7f6d44b782498480fce54bad1e3142d9541438f6d7a42a876a3df87,0ecaf30ec3147260f584fff24f30e32a975cba82529f3d3c36d4c49ea0de712f
pre-refit-f66-v5,vle_obs_0231,vle_obs_0231-pco2,Jou1995,120.0,0.4729094581891638,422000.0,518263.01189448114,evaluated,f66d972c032ce709ada69e8d8177e195c7e416800757663b7420c22bda5f6328,562b5976c7f6d44b782498480fce54bad1e3142d9541438f6d7a42a876a3df87,0ecaf30ec3147260f584fff24f30e32a975cba82529f3d3c36d4c49ea0de712f
pre-refit-f66-v5,vle_obs_0232,vle_obs_0232-pco2,Jou1995,120.0,0.5359107182143643,822000.0,929922.6215613086,evaluated,f66d972c032ce709ada69e8d8177e195c7e416800757663b7420c22bda5f6328,562b5976c7f6d44b782498480fce54bad1e3142d9541438f6d7a42a876a3df87,0ecaf30ec3147260f584fff24f30e32a975cba82529f3d3c36d4c49ea0de712f
pre-refit-f66-v5,vle_obs_0233,vle_obs_0233-pco2,Jou1995,120.0,0.6389127782555651,2804000.0,1743112.9927410888,evaluated,f66d972c032ce709ada69e8d8177e195c7e416800757663b7420c22bda5f6328,562b5976c7f6d44b782498480fce54bad1e3142d9541438f6d7a42a876a3df87,0ecaf30ec3147260f584fff24f30e32a975cba82529f3d3c36d4c49ea0de712f
pre-refit-f66-v5,Bottinger2008_state_030,Bottinger2008_state_030::MEA + MEAH+,Bottinger2008,20.0,0.0749014980299606,0.1054,0.1048369583847597,evaluated,f66d972c032ce709ada69e8d8177e195c7e416800757663b7420c22bda5f6328,562b5976c7f6d44b782498480fce54bad1e3142d9541438f6d7a42a876a3df87,0ecaf30ec3147260f584fff24f30e32a975cba82529f3d3c36d4c49ea0de712f
pre-refit-f66-v5,Bottinger2008_state_030,Bottinger2008_state_030::MEACOO-,Bottinger2008,20.0,0.0749014980299606,0.0086,0.007381910386075614,evaluated,f66d972c032ce709ada69e8d8177e195c7e416800757663b7420c22bda5f6328,562b5976c7f6d44b782498480fce54bad1e3142d9541438f6d7a42a876a3df87,0ecaf30ec3147260f584fff24f30e32a975cba82529f3d3c36d4c49ea0de712f
pre-refit-f66-v5,Bottinger2008_state_031,Bottinger2008_state_031::MEA + MEAH+,Bottinger2008,20.0,0.1499029980599612,0.0966,0.0978547254634737,evaluated,f66d972c032ce709ada69e8d8177e195c7e416800757663b7420c22bda5f6328,562b5976c7f6d44b782498480fce54bad1e3142d9541438f6d7a42a876a3df87,0ecaf30ec3147260f584fff24f30e32a975cba82529f3d3c36d4c49ea0de712f
pre-refit-f66-v5,Bottinger2008_state_031,Bottinger2008_state_031::MEACOO-,Bottinger2008,20.0,0.1499029980599612,0.0171,0.01436414277943676,evaluated,f66d972c032ce709ada69e8d8177e195c7e416800757663b7420c22bda5f6328,562b5976c7f6d44b782498480fce54bad1e3142d9541438f6d7a42a876a3df87,0ecaf30ec3147260f584fff24f30e32a975cba82529f3d3c36d4c49ea0de712f
pre-refit-f66-v5,Bottinger2008_state_032,Bottinger2008_state_032::MEA + MEAH+,Bottinger2008,20.0,0.2349046980939619,0.0871,0.0907867538419007,evaluated,f66d972c032ce709ada69e8d8177e195c7e416800757663b7420c22bda5f6328,562b5976c7f6d44b782498480fce54bad1e3142d9541438f6d7a42a876a3df87,0ecaf30ec3147260f584fff24f30e32a975cba82529f3d3c36d4c49ea0de712f
pre-refit-f66-v5,Bottinger2008_state_032,Bottinger2008_state_032::MEACOO-,Bottinger2008,20.0,0.2349046980939619,0.0267,0.021432112142052963,evaluated,f66d972c032ce709ada69e8d8177e195c7e416800757663b7420c22bda5f6328,562b5976c7f6d44b782498480fce54bad1e3142d9541438f6d7a42a876a3df87,0ecaf30ec3147260f584fff24f30e32a975cba82529f3d3c36d4c49ea0de712f
pre-refit-f66-v5,Bottinger2008_state_033,Bottinger2008_state_033::MEA + MEAH+,Bottinger2008,20.0,0.30890617812356247,0.078,0.08562246778063767,evaluated,f66d972c032ce709ada69e8d8177e195c7e416800757663b7420c22bda5f6328,562b5976c7f6d44b782498480fce54bad1e3142d9541438f6d7a42a876a3df87,0ecaf30ec3147260f584fff24f30e32a975cba82529f3d3c36d4c49ea0de712f
pre-refit-f66-v5,Bottinger2008_state_033,Bottinger2008_state_033::MEACOO-,Bottinger2008,20.0,0.30890617812356247,0.0349,0.026596390710359803,evaluated,f66d972c032ce709ada69e8d8177e195c7e416800757663b7420c22bda5f6328,562b5976c7f6d44b782498480fce54bad1e3142d9541438f6d7a42a876a3df87,0ecaf30ec3147260f584fff24f30e32a975cba82529f3d3c36d4c49ea0de712f
pre-refit-f66-v5,Bottinger2008_state_034,Bottinger2008_state_034::MEA + MEAH+,Bottinger2008,20.0,0.38790775815516315,0.0678,0.08154069222533114,evaluated,f66d972c032ce709ada69e8d8177e195c7e416800757663b7420c22bda5f6328,562b5976c7f6d44b782498480fce54bad1e3142d9541438f6d7a42a876a3df87,0ecaf30ec3147260f584fff24f30e32a975cba82529f3d3c36d4c49ea0de712f
pre-refit-f66-v5,Bottinger2008_state_034,Bottinger2008_state_034::MEACOO-,Bottinger2008,20.0,0.38790775815516315,0.043,0.030678129087736768,evaluated,f66d972c032ce709ada69e8d8177e195c7e416800757663b7420c22bda5f6328,562b5976c7f6d44b782498480fce54bad1e3142d9541438f6d7a42a876a3df87,0ecaf30ec3147260f584fff24f30e32a975cba82529f3d3c36d4c49ea0de712f
pre-refit-f66-v5,Bottinger2008_state_035,Bottinger2008_state_035::MEA + MEAH+,Bottinger2008,20.0,0.4739094781895638,0.062,0.07998199065573704,evaluated,f66d972c032ce709ada69e8d8177e195c7e416800757663b7420c22bda5f6328,562b5976c7f6d44b782498480fce54bad1e3142d9541438f6d7a42a876a3df87,0ecaf30ec3147260f584fff24f30e32a975cba82529f3d3c36d4c49ea0de712f
pre-refit-f66-v5,Bottinger2008_state_035,Bottinger2008_state_035::MEACOO-,Bottinger2008,20.0,0.4739094781895638,0.0493,0.032236509096584876,evaluated,f66d972c032ce709ada69e8d8177e195c7e416800757663b7420c22bda5f6328,562b5976c7f6d44b782498480fce54bad1e3142d9541438f6d7a42a876a3df87,0ecaf30ec3147260f584fff24f30e32a975cba82529f3d3c36d4c49ea0de712f
pre-refit-f66-v5,Bottinger2008_state_042,Bottinger2008_state_042::MEA + MEAH+,Bottinger2008,40.0,0.124902498049961,0.1009,0.09924911761282885,evaluated,f66d972c032ce709ada69e8d8177e195c7e416800757663b7420c22bda5f6328,562b5976c7f6d44b782498480fce54bad1e3142d9541438f6d7a42a876a3df87,0ecaf30ec3147260f584fff24f30e32a975cba82529f3d3c36d4c49ea0de712f
pre-refit-f66-v5,Bottinger2008_state_042,Bottinger2008_state_042::MEACOO-,Bottinger2008,40.0,0.124902498049961,0.0144,0.012969748817649842,evaluated,f66d972c032ce709ada69e8d8177e195c7e416800757663b7420c22bda5f6328,562b5976c7f6d44b782498480fce54bad1e3142d9541438f6d7a42a876a3df87,0ecaf30ec3147260f584fff24f30e32a975cba82529f3d3c36d4c49ea0de712f
pre-refit-f66-v5,Bottinger2008_state_043,Bottinger2008_state_043::MEA + MEAH+,Bottinger2008,40.0,0.20490409808196164,0.0934,0.09142272997285165,evaluated,f66d972c032ce709ada69e8d8177e195c7e416800757663b7420c22bda5f6328,562b5976c7f6d44b782498480fce54bad1e3142d9541438f6d7a42a876a3df87,0ecaf30ec3147260f584fff24f30e32a975cba82529f3d3c36d4c49ea0de712f
pre-refit-f66-v5,Bottinger2008_state_043,Bottinger2008_state_043::MEACOO-,Bottinger2008,40.0,0.20490409808196164,0.0241,0.020796127829564373,evaluated,f66d972c032ce709ada69e8d8177e195c7e416800757663b7420c22bda5f6328,562b5976c7f6d44b782498480fce54bad1e3142d9541438f6d7a42a876a3df87,0ecaf30ec3147260f584fff24f30e32a975cba82529f3d3c36d4c49ea0de712f
pre-refit-f66-v5,Bottinger2008_state_044,Bottinger2008_state_044::MEA + MEAH+,Bottinger2008,40.0,0.2359047180943619,0.0876,0.08855218861555052,evaluated,f66d972c032ce709ada69e8d8177e195c7e416800757663b7420c22bda5f6328,562b5976c7f6d44b782498480fce54bad1e3142d9541438f6d7a42a876a3df87,0ecaf30ec3147260f584fff24f30e32a975cba82529f3d3c36d4c49ea0de712f
pre-refit-f66-v5,Bottinger2008_state_044,Bottinger2008_state_044::MEACOO-,Bottinger2008,40.0,0.2359047180943619,0.0271,0.023666661304382684,evaluated,f66d972c032ce709ada69e8d8177e195c7e416800757663b7420c22bda5f6328,562b5976c7f6d44b782498480fce54bad1e3142d9541438f6d7a42a876a3df87,0ecaf30ec3147260f584fff24f30e32a975cba82529f3d3c36d4c49ea0de712f
pre-refit-f66-v5,Bottinger2008_state_045,Bottinger2008_state_045::MEA + MEAH+,Bottinger2008,40.0,0.2799055981119623,0.084,0.08469190164450302,evaluated,f66d972c032ce709ada69e8d8177e195c7e416800757663b7420c22bda5f6328,562b5976c7f6d44b782498480fce54bad1e3142d9541438f6d7a42a876a3df87,0ecaf30ec3147260f584fff24f30e32a975cba82529f3d3c36d4c49ea0de712f
pre-refit-f66-v5,Bottinger2008_state_045,Bottinger2008_state_045::MEACOO-,Bottinger2008,40.0,0.2799055981119623,0.0327,0.02752692672350719,evaluated,f66d972c032ce709ada69e8d8177e195c7e416800757663b7420c22bda5f6328,562b5976c7f6d44b782498480fce54bad1e3142d9541438f6d7a42a876a3df87,0ecaf30ec3147260f584fff24f30e32a975cba82529f3d3c36d4c49ea0de712f
pre-refit-f66-v5,Bottinger2008_state_046,Bottinger2008_state_046::MEA + MEAH+,Bottinger2008,40.0,0.34290685813716276,0.0758,0.07978134570067519,evaluated,f66d972c032ce709ada69e8d8177e195c7e416800757663b7420c22bda5f6328,562b5976c7f6d44b782498480fce54bad1e3142d9541438f6d7a42a876a3df87,0ecaf30ec3147260f584fff24f30e32a975cba82529f3d3c36d4c49ea0de712f
pre-refit-f66-v5,Bottinger2008_state_046,Bottinger2008_state_046::MEACOO-,Bottinger2008,40.0,0.34290685813716276,0.0396,0.03243739772055129,evaluated,f66d972c032ce709ada69e8d8177e195c7e416800757663b7420c22bda5f6328,562b5976c7f6d44b782498480fce54bad1e3142d9541438f6d7a42a876a3df87,0ecaf30ec3147260f584fff24f30e32a975cba82529f3d3c36d4c49ea0de712f
pre-refit-f66-v5,Bottinger2008_state_047,Bottinger2008_state_047::MEA + MEAH+,Bottinger2008,40.0,0.3539070781415628,0.0749,0.07902620251476514,evaluated,f66d972c032ce709ada69e8d8177e195c7e416800757663b7420c22bda5f6328,562b5976c7f6d44b782498480fce54bad1e3142d9541438f6d7a42a876a3df87,0ecaf30ec3147260f584fff24f30e32a975cba82529f3d3c36d4c49ea0de712f
pre-refit-f66-v5,Bottinger2008_state_047,Bottinger2008_state_047::MEACOO-,Bottinger2008,40.0,0.3539070781415628,0.041,0.033192512030054175,evaluated,f66d972c032ce709ada69e8d8177e195c7e416800757663b7420c22bda5f6328,562b5976c7f6d44b782498480fce54bad1e3142d9541438f6d7a42a876a3df87,0ecaf30ec3147260f584fff24f30e32a975cba82529f3d3c36d4c49ea0de712f
pre-refit-f66-v5,Bottinger2008_state_048,Bottinger2008_state_048::MEA + MEAH+,Bottinger2008,40.0,0.4599091981839637,0.065,0.07453054626852236,evaluated,f66d972c032ce709ada69e8d8177e195c7e416800757663b7420c22bda5f6328,562b5976c7f6d44b782498480fce54bad1e3142d9541438f6d7a42a876a3df87,0ecaf30ec3147260f584fff24f30e32a975cba82529f3d3c36d4c49ea0de712f
pre-refit-f66-v5,Bottinger2008_state_048,Bottinger2008_state_048::MEACOO-,Bottinger2008,40.0,0.4599091981839637,0.0492,0.037686939948786684,evaluated,f66d972c032ce709ada69e8d8177e195c7e416800757663b7420c22bda5f6328,562b5976c7f6d44b782498480fce54bad1e3142d9541438f6d7a42a876a3df87,0ecaf30ec3147260f584fff24f30e32a975cba82529f3d3c36d4c49ea0de712f
pre-refit-f66-v5,Bottinger2008_state_049,Bottinger2008_state_049::MEA + MEAH+,Bottinger2008,40.0,0.4659093181863638,0.0663,0.0744889302554442,evaluated,f66d972c032ce709ada69e8d8177e195c7e416800757663b7420c22bda5f6328,562b5976c7f6d44b782498480fce54bad1e3142d9541438f6d7a42a876a3df87,0ecaf30ec3147260f584fff24f30e32a975cba82529f3d3c36d4c49ea0de712f
pre-refit-f66-v5,Bottinger2008_state_049,Bottinger2008_state_049::MEACOO-,Bottinger2008,40.0,0.4659093181863638,0.0502,0.03772836237858335,evaluated,f66d972c032ce709ada69e8d8177e195c7e416800757663b7420c22bda5f6328,562b5976c7f6d44b782498480fce54bad1e3142d9541438f6d7a42a876a3df87,0ecaf30ec3147260f584fff24f30e32a975cba82529f3d3c36d4c49ea0de712f
pre-refit-f66-v5,Bottinger2008_state_049,Bottinger2008_state_049::HCO3-,Bottinger2008,40.0,0.4659093181863638,0.004,0.014550849748216872,evaluated,f66d972c032ce709ada69e8d8177e195c7e416800757663b7420c22bda5f6328,562b5976c7f6d44b782498480fce54bad1e3142d9541438f6d7a42a876a3df87,0ecaf30ec3147260f584fff24f30e32a975cba82529f3d3c36d4c49ea0de712f
pre-refit-f66-v5,Bottinger2008_state_050,Bottinger2008_state_050::MEA + MEAH+,Bottinger2008,40.0,0.4869097381947639,0.0646,0.07456910194822747,evaluated,f66d972c032ce709ada69e8d8177e195c7e416800757663b7420c22bda5f6328,562b5976c7f6d44b782498480fce54bad1e3142d9541438f6d7a42a876a3df87,0ecaf30ec3147260f584fff24f30e32a975cba82529f3d3c36d4c49ea0de712f
pre-refit-f66-v5,Bottinger2008_state_050,Bottinger2008_state_050::MEACOO-,Bottinger2008,40.0,0.4869097381947639,0.0511,0.037647283926699575,evaluated,f66d972c032ce709ada69e8d8177e195c7e416800757663b7420c22bda5f6328,562b5976c7f6d44b782498480fce54bad1e3142d9541438f6d7a42a876a3df87,0ecaf30ec3147260f584fff24f30e32a975cba82529f3d3c36d4c49ea0de712f
pre-refit-f66-v5,Bottinger2008_state_050,Bottinger2008_state_050::HCO3-,Bottinger2008,40.0,0.4869097381947639,0.0052,0.016979969480695696,evaluated,f66d972c032ce709ada69e8d8177e195c7e416800757663b7420c22bda5f6328,562b5976c7f6d44b782498480fce54bad1e3142d9541438f6d7a42a876a3df87,0ecaf30ec3147260f584fff24f30e32a975cba82529f3d3c36d4c49ea0de712f
pre-refit-f66-v5,Bottinger2008_state_055,Bottinger2008_state_055::MEA + MEAH+,Bottinger2008,60.0,0.13090261805236106,0.0974,0.09827187333912771,evaluated,f66d972c032ce709ada69e8d8177e195c7e416800757663b7420c22bda5f6328,562b5976c7f6d44b782498480fce54bad1e3142d9541438f6d7a42a876a3df87,0ecaf30ec3147260f584fff24f30e32a975cba82529f3d3c36d4c49ea0de712f
pre-refit-f66-v5,Bottinger2008_state_055,Bottinger2008_state_055::MEACOO-,Bottinger2008,60.0,0.13090261805236106,0.0147,0.01394698033363812,evaluated,f66d972c032ce709ada69e8d8177e195c7e416800757663b7420c22bda5f6328,562b5976c7f6d44b782498480fce54bad1e3142d9541438f6d7a42a876a3df87,0ecaf30ec3147260f584fff24f30e32a975cba82529f3d3c36d4c49ea0de712f
pre-refit-f66-v5,Bottinger2008_state_056,Bottinger2008_state_056::MEA + MEAH+,Bottinger2008,60.0,0.20290405808116166,0.0905,0.09093760940488477,evaluated,f66d972c032ce709ada69e8d8177e195c7e416800757663b7420c22bda5f6328,562b5976c7f6d44b782498480fce54bad1e3142d9541438f6d7a42a876a3df87,0ecaf30ec3147260f584fff24f30e32a975cba82529f3d3c36d4c49ea0de712f
pre-refit-f66-v5,Bottinger2008_state_056,Bottinger2008_state_056::MEACOO-,Bottinger2008,60.0,0.20290405808116166,0.0231,0.021281201138729205,evaluated,f66d972c032ce709ada69e8d8177e195c7e416800757663b7420c22bda5f6328,562b5976c7f6d44b782498480fce54bad1e3142d9541438f6d7a42a876a3df87,0ecaf30ec3147260f584fff24f30e32a975cba82529f3d3c36d4c49ea0de712f
pre-refit-f66-v5,Bottinger2008_state_057,Bottinger2008_state_057::MEA + MEAH+,Bottinger2008,60.0,0.27690553811076224,0.0791,0.08388344332579607,evaluated,f66d972c032ce709ada69e8d8177e195c7e416800757663b7420c22bda5f6328,562b5976c7f6d44b782498480fce54bad1e3142d9541438f6d7a42a876a3df87,0ecaf30ec3147260f584fff24f30e32a975cba82529f3d3c36d4c49ea0de712f
pre-refit-f66-v5,Bottinger2008_state_057,Bottinger2008_state_057::MEACOO-,Bottinger2008,60.0,0.27690553811076224,0.0302,0.02833521724195669,evaluated,f66d972c032ce709ada69e8d8177e195c7e416800757663b7420c22bda5f6328,562b5976c7f6d44b782498480fce54bad1e3142d9541438f6d7a42a876a3df87,0ecaf30ec3147260f584fff24f30e32a975cba82529f3d3c36d4c49ea0de712f
pre-refit-f66-v5,Bottinger2008_state_058,Bottinger2008_state_058::MEA + MEAH+,Bottinger2008,60.0,0.4149082981659633,0.0687,0.07393427559722805,evaluated,f66d972c032ce709ada69e8d8177e195c7e416800757663b7420c22bda5f6328,562b5976c7f6d44b782498480fce54bad1e3142d9541438f6d7a42a876a3df87,0ecaf30ec3147260f584fff24f30e32a975cba82529f3d3c36d4c49ea0de712f
pre-refit-f66-v5,Bottinger2008_state_058,Bottinger2008_state_058::MEACOO-,Bottinger2008,60.0,0.4149082981659633,0.0417,0.03828198434993896,evaluated,f66d972c032ce709ada69e8d8177e195c7e416800757663b7420c22bda5f6328,562b5976c7f6d44b782498480fce54bad1e3142d9541438f6d7a42a876a3df87,0ecaf30ec3147260f584fff24f30e32a975cba82529f3d3c36d4c49ea0de712f
pre-refit-f66-v5,Bottinger2008_state_058,Bottinger2008_state_058::HCO3-,Bottinger2008,60.0,0.4149082981659633,0.0042,0.008264514852316251,evaluated,f66d972c032ce709ada69e8d8177e195c7e416800757663b7420c22bda5f6328,562b5976c7f6d44b782498480fce54bad1e3142d9541438f6d7a42a876a3df87,0ecaf30ec3147260f584fff24f30e32a975cba82529f3d3c36d4c49ea0de712f
pre-refit-f66-v5,Bottinger2008_state_059,Bottinger2008_state_059::MEA + MEAH+,Bottinger2008,60.0,0.4889097781955639,0.068,0.07261865558184386,evaluated,f66d972c032ce709ada69e8d8177e195c7e416800757663b7420c22bda5f6328,562b5976c7f6d44b782498480fce54bad1e3142d9541438f6d7a42a876a3df87,0ecaf30ec3147260f584fff24f30e32a975cba82529f3d3c36d4c49ea0de712f
pre-refit-f66-v5,Bottinger2008_state_059,Bottinger2008_state_059::MEACOO-,Bottinger2008,60.0,0.4889097781955639,0.0424,0.03958914814334615,evaluated,f66d972c032ce709ada69e8d8177e195c7e416800757663b7420c22bda5f6328,562b5976c7f6d44b782498480fce54bad1e3142d9541438f6d7a42a876a3df87,0ecaf30ec3147260f584fff24f30e32a975cba82529f3d3c36d4c49ea0de712f
pre-refit-f66-v5,Bottinger2008_state_059,Bottinger2008_state_059::HCO3-,Bottinger2008,60.0,0.4889097781955639,0.0072,0.015181864477739507,evaluated,f66d972c032ce709ada69e8d8177e195c7e416800757663b7420c22bda5f6328,562b5976c7f6d44b782498480fce54bad1e3142d9541438f6d7a42a876a3df87,0ecaf30ec3147260f584fff24f30e32a975cba82529f3d3c36d4c49ea0de712f
pre-refit-f66-v5,Bottinger2008_state_063,Bottinger2008_state_063::MEA + MEAH+,Bottinger2008,80.0,0.06390127802556052,0.1084,0.10528778079058254,evaluated,f66d972c032ce709ada69e8d8177e195c7e416800757663b7420c22bda5f6328,562b5976c7f6d44b782498480fce54bad1e3142d9541438f6d7a42a876a3df87,0ecaf30ec3147260f584fff24f30e32a975cba82529f3d3c36d4c49ea0de712f
pre-refit-f66-v5,Bottinger2008_state_063,Bottinger2008_state_063::MEACOO-,Bottinger2008,80.0,0.06390127802556052,0.0068,0.006931074030162512,evaluated,f66d972c032ce709ada69e8d8177e195c7e416800757663b7420c22bda5f6328,562b5976c7f6d44b782498480fce54bad1e3142d9541438f6d7a42a876a3df87,0ecaf30ec3147260f584fff24f30e32a975cba82529f3d3c36d4c49ea0de712f
pre-refit-f66-v5,Bottinger2008_state_064,Bottinger2008_state_064::MEA + MEAH+,Bottinger2008,80.0,0.14090281805636112,0.1005,0.09711011758397933,evaluated,f66d972c032ce709ada69e8d8177e195c7e416800757663b7420c22bda5f6328,562b5976c7f6d44b782498480fce54bad1e3142d9541438f6d7a42a876a3df87,0ecaf30ec3147260f584fff24f30e32a975cba82529f3d3c36d4c49ea0de712f
pre-refit-f66-v5,Bottinger2008_state_064,Bottinger2008_state_064::MEACOO-,Bottinger2008,80.0,0.14090281805636112,0.014,0.01510865966721204,evaluated,f66d972c032ce709ada69e8d8177e195c7e416800757663b7420c22bda5f6328,562b5976c7f6d44b782498480fce54bad1e3142d9541438f6d7a42a876a3df87,0ecaf30ec3147260f584fff24f30e32a975cba82529f3d3c36d4c49ea0de712f
pre-refit-f66-v5,Bottinger2008_state_065,Bottinger2008_state_065::MEA + MEAH+,Bottinger2008,80.0,0.24490489809796198,0.0906,0.08662404046931485,evaluated,f66d972c032ce709ada69e8d8177e195c7e416800757663b7420c22bda5f6328,562b5976c7f6d44b782498480fce54bad1e3142d9541438f6d7a42a876a3df87,0ecaf30ec3147260f584fff24f30e32a975cba82529f3d3c36d4c49ea0de712f
pre-refit-f66-v5,Bottinger2008_state_065,Bottinger2008_state_065::MEACOO-,Bottinger2008,80.0,0.24490489809796198,0.0224,0.025594244943530124,evaluated,f66d972c032ce709ada69e8d8177e195c7e416800757663b7420c22bda5f6328,562b5976c7f6d44b782498480fce54bad1e3142d9541438f6d7a42a876a3df87,0ecaf30ec3147260f584fff24f30e32a975cba82529f3d3c36d4c49ea0de712f
pre-refit-f66-v5,Bottinger2008_state_066,Bottinger2008_state_066::MEA + MEAH+,Bottinger2008,80.0,0.33590671813436274,0.0858,0.07861275295922548,evaluated,f66d972c032ce709ada69e8d8177e195c7e416800757663b7420c22bda5f6328,562b5976c7f6d44b782498480fce54bad1e3142d9541438f6d7a42a876a3df87,0ecaf30ec3147260f584fff24f30e32a975cba82529f3d3c36d4c49ea0de712f
pre-refit-f66-v5,Bottinger2008_state_066,Bottinger2008_state_066::MEACOO-,Bottinger2008,80.0,0.33590671813436274,0.0337,0.03360335532379624,evaluated,f66d972c032ce709ada69e8d8177e195c7e416800757663b7420c22bda5f6328,562b5976c7f6d44b782498480fce54bad1e3142d9541438f6d7a42a876a3df87,0ecaf30ec3147260f584fff24f30e32a975cba82529f3d3c36d4c49ea0de712f
pre-refit-f66-v5,Bottinger2008_state_067,Bottinger2008_state_067::MEA + MEAH+,Bottinger2008,80.0,0.39790795815916324,0.0872,0.07453086060685926,evaluated,f66d972c032ce709ada69e8d8177e195c7e416800757663b7420c22bda5f6328,562b5976c7f6d44b782498480fce54bad1e3142d9541438f6d7a42a876a3df87,0ecaf30ec3147260f584fff24f30e32a975cba82529f3d3c36d4c49ea0de712f
pre-refit-f66-v5,Bottinger2008_state_067,Bottinger2008_state_067::MEACOO-,Bottinger2008,80.0,0.39790795815916324,0.0336,0.0376796301296337,evaluated,f66d972c032ce709ada69e8d8177e195c7e416800757663b7420c22bda5f6328,562b5976c7f6d44b782498480fce54bad1e3142d9541438f6d7a42a876a3df87,0ecaf30ec3147260f584fff24f30e32a975cba82529f3d3c36d4c49ea0de712f
pre-refit-f66-v5,Bottinger2008_state_067,Bottinger2008_state_067::HCO3-,Bottinger2008,80.0,0.39790795815916324,0.0046,0.006905486163492101,evaluated,f66d972c032ce709ada69e8d8177e195c7e416800757663b7420c22bda5f6328,562b5976c7f6d44b782498480fce54bad1e3142d9541438f6d7a42a876a3df87,0ecaf30ec3147260f584fff24f30e32a975cba82529f3d3c36d4c49ea0de712f
pre-refit-f66-v5,Matin2012_state_001,Matin2012_state_001::MEA,Matin2012,20.0,0.10590211804236084,0.0915,0.08858360779631769,evaluated,f66d972c032ce709ada69e8d8177e195c7e416800757663b7420c22bda5f6328,562b5976c7f6d44b782498480fce54bad1e3142d9541438f6d7a42a876a3df87,0ecaf30ec3147260f584fff24f30e32a975cba82529f3d3c36d4c49ea0de712f
pre-refit-f66-v5,Matin2012_state_001,Matin2012_state_001::MEAH+,Matin2012,20.0,0.10590211804236084,0.0115,0.013296544166599663,evaluated,f66d972c032ce709ada69e8d8177e195c7e416800757663b7420c22bda5f6328,562b5976c7f6d44b782498480fce54bad1e3142d9541438f6d7a42a876a3df87,0ecaf30ec3147260f584fff24f30e32a975cba82529f3d3c36d4c49ea0de712f
pre-refit-f66-v5,Matin2012_state_001,Matin2012_state_001::MEACOO-,Matin2012,20.0,0.10590211804236084,0.0097,0.010338716666271003,evaluated,f66d972c032ce709ada69e8d8177e195c7e416800757663b7420c22bda5f6328,562b5976c7f6d44b782498480fce54bad1e3142d9541438f6d7a42a876a3df87,0ecaf30ec3147260f584fff24f30e32a975cba82529f3d3c36d4c49ea0de712f
pre-refit-f66-v5,Matin2012_state_001,Matin2012_state_001::HCO3-,Matin2012,20.0,0.10590211804236084,0.0024,0.0015564811086504955,evaluated,f66d972c032ce709ada69e8d8177e195c7e416800757663b7420c22bda5f6328,562b5976c7f6d44b782498480fce54bad1e3142d9541438f6d7a42a876a3df87,0ecaf30ec3147260f584fff24f30e32a975cba82529f3d3c36d4c49ea0de712f
pre-refit-f66-v5,Matin2012_state_002,Matin2012_state_002::MEA,Matin2012,20.0,0.12790255805116105,0.0867,0.08369870109882614,evaluated,f66d972c032ce709ada69e8d8177e195c7e416800757663b7420c22bda5f6328,562b5976c7f6d44b782498480fce54bad1e3142d9541438f6d7a42a876a3df87,0ecaf30ec3147260f584fff24f30e32a975cba82529f3d3c36d4c49ea0de712f
pre-refit-f66-v5,Matin2012_state_002,Matin2012_state_002::MEAH+,Matin2012,20.0,0.12790255805116105,0.0139,0.016141699525634923,evaluated,f66d972c032ce709ada69e8d8177e195c7e416800757663b7420c22bda5f6328,562b5976c7f6d44b782498480fce54bad1e3142d9541438f6d7a42a876a3df87,0ecaf30ec3147260f584fff24f30e32a975cba82529f3d3c36d4c49ea0de712f
pre-refit-f66-v5,Matin2012_state_002,Matin2012_state_002::MEACOO-,Matin2012,20.0,0.12790255805116105,0.0124,0.012378467846387619,evaluated,f66d972c032ce709ada69e8d8177e195c7e416800757663b7420c22bda5f6328,562b5976c7f6d44b782498480fce54bad1e3142d9541438f6d7a42a876a3df87,0ecaf30ec3147260f584fff24f30e32a975cba82529f3d3c36d4c49ea0de712f
pre-refit-f66-v5,Matin2012_state_002,Matin2012_state_002::HCO3-,Matin2012,20.0,0.12790255805116105,0.0022,0.0019855436071189456,evaluated,f66d972c032ce709ada69e8d8177e195c7e416800757663b7420c22bda5f6328,562b5976c7f6d44b782498480fce54bad1e3142d9541438f6d7a42a876a3df87,0ecaf30ec3147260f584fff24f30e32a975cba82529f3d3c36d4c49ea0de712f
pre-refit-f66-v5,Matin2012_state_003,Matin2012_state_003::MEA,Matin2012,20.0,0.1499029980599612,0.0817,0.07882243920129652,evaluated,f66d972c032ce709ada69e8d8177e195c7e416800757663b7420c22bda5f6328,562b5976c7f6d44b782498480fce54bad1e3142d9541438f6d7a42a876a3df87,0ecaf30ec3147260f584fff24f30e32a975cba82529f3d3c36d4c49ea0de712f
pre-refit-f66-v5,Matin2012_state_003,Matin2012_state_003::MEAH+,Matin2012,20.0,0.1499029980599612,0.0162,0.019032286262177078,evaluated,f66d972c032ce709ada69e8d8177e195c7e416800757663b7420c22bda5f6328,562b5976c7f6d44b782498480fce54bad1e3142d9541438f6d7a42a876a3df87,0ecaf30ec3147260f584fff24f30e32a975cba82529f3d3c36d4c49ea0de712f
pre-refit-f66-v5,Matin2012_state_003,Matin2012_state_003::MEACOO-,Matin2012,20.0,0.1499029980599612,0.0151,0.014364142779436864,evaluated,f66d972c032ce709ada69e8d8177e195c7e416800757663b7420c22bda5f6328,562b5976c7f6d44b782498480fce54bad1e3142d9541438f6d7a42a876a3df87,0ecaf30ec3147260f584fff24f30e32a975cba82529f3d3c36d4c49ea0de712f
pre-refit-f66-v5,Matin2012_state_003,Matin2012_state_003::HCO3-,Matin2012,20.0,0.1499029980599612,0.002,0.0024686817150443244,evaluated,f66d972c032ce709ada69e8d8177e195c7e416800757663b7420c22bda5f6328,562b5976c7f6d44b782498480fce54bad1e3142d9541438f6d7a42a876a3df87,0ecaf30ec3147260f584fff24f30e32a975cba82529f3d3c36d4c49ea0de712f
pre-refit-f66-v5,Matin2012_state_004,Matin2012_state_004::MEA,Matin2012,20.0,0.17290345806916138,0.0768,0.07373574428900871,evaluated,f66d972c032ce709ada69e8d8177e195c7e416800757663b7420c22bda5f6328,562b5976c7f6d44b782498480fce54bad1e3142d9541438f6d7a42a876a3df87,0ecaf30ec3147260f584fff24f30e32a975cba82529f3d3c36d4c49ea0de712f
pre-refit-f66-v5,Matin2012_state_004,Matin2012_state_004::MEAH+,Matin2012,20.0,0.17290345806916138,0.0186,0.022106281864708588,evaluated,f66d972c032ce709ada69e8d8177e195c7e416800757663b7420c22bda5f6328,562b5976c7f6d44b782498480fce54bad1e3142d9541438f6d7a42a876a3df87,0ecaf30ec3147260f584fff24f30e32a975cba82529f3d3c36d4c49ea0de712f
pre-refit-f66-v5,Matin2012_state_004,Matin2012_state_004::MEACOO-,Matin2012,20.0,0.17290345806916138,0.0177,0.01637684174564607,evaluated,f66d972c032ce709ada69e8d8177e195c7e416800757663b7420c22bda5f6328,562b5976c7f6d44b782498480fce54bad1e3142d9541438f6d7a42a876a3df87,0ecaf30ec3147260f584fff24f30e32a975cba82529f3d3c36d4c49ea0de712f
pre-refit-f66-v5,Matin2012_state_004,Matin2012_state_004::HCO3-,Matin2012,20.0,0.17290345806916138,0.002,0.0030370135975865387,evaluated,f66d972c032ce709ada69e8d8177e195c7e416800757663b7420c22bda5f6328,562b5976c7f6d44b782498480fce54bad1e3142d9541438f6d7a42a876a3df87,0ecaf30ec3147260f584fff24f30e32a975cba82529f3d3c36d4c49ea0de712f
pre-refit-f66-v5,Matin2012_state_005,Matin2012_state_005::MEA,Matin2012,20.0,0.19490389807796157,0.0718,0.06888327512393191,evaluated,f66d972c032ce709ada69e8d8177e195c7e416800757663b7420c22bda5f6328,562b5976c7f6d44b782498480fce54bad1e3142d9541438f6d7a42a876a3df87,0ecaf30ec3147260f584fff24f30e32a975cba82529f3d3c36d4c49ea0de712f
pre-refit-f66-v5,Matin2012_state_005,Matin2012_state_005::MEAH+,Matin2012,20.0,0.19490389807796157,0.021,0.02509954623681837,evaluated,f66d972c032ce709ada69e8d8177e195c7e416800757663b7420c22bda5f6328,562b5976c7f6d44b782498480fce54bad1e3142d9541438f6d7a42a876a3df87,0ecaf30ec3147260f584fff24f30e32a975cba82529f3d3c36d4c49ea0de712f
pre-refit-f66-v5,Matin2012_state_005,Matin2012_state_005::MEACOO-,Matin2012,20.0,0.19490389807796157,0.0203,0.018236046066200693,evaluated,f66d972c032ce709ada69e8d8177e195c7e416800757663b7420c22bda5f6328,562b5976c7f6d44b782498480fce54bad1e3142d9541438f6d7a42a876a3df87,0ecaf30ec3147260f584fff24f30e32a975cba82529f3d3c36d4c49ea0de712f
pre-refit-f66-v5,Matin2012_state_005,Matin2012_state_005::HCO3-,Matin2012,20.0,0.19490389807796157,0.002,0.0036466200689560164,evaluated,f66d972c032ce709ada69e8d8177e195c7e416800757663b7420c22bda5f6328,562b5976c7f6d44b782498480fce54bad1e3142d9541438f6d7a42a876a3df87,0ecaf30ec3147260f584fff24f30e32a975cba82529f3d3c36d4c49ea0de712f
pre-refit-f66-v5,Matin2012_state_006,Matin2012_state_006::MEA,Matin2012,20.0,0.21790435808716177,0.0668,0.06382706006189112,evaluated,f66d972c032ce709ada69e8d8177e195c7e416800757663b7420c22bda5f6328,562b5976c7f6d44b782498480fce54bad1e3142d9541438f6d7a42a876a3df87,0ecaf30ec3147260f584fff24f30e32a975cba82529f3d3c36d4c49ea0de712f
pre-refit-f66-v5,Matin2012_state_006,Matin2012_state_006::MEAH+,Matin2012,20.0,0.21790435808716177,0.0234,0.02828728485512734,evaluated,f66d972c032ce709ada69e8d8177e195c7e416800757663b7420c22bda5f6328,562b5976c7f6d44b782498480fce54bad1e3142d9541438f6d7a42a876a3df87,0ecaf30ec3147260f584fff24f30e32a975cba82529f3d3c36d4c49ea0de712f
pre-refit-f66-v5,Matin2012_state_006,Matin2012_state_006::MEACOO-,Matin2012,20.0,0.21790435808716177,0.0228,0.020104521797474312,evaluated,f66d972c032ce709ada69e8d8177e195c7e416800757663b7420c22bda5f6328,562b5976c7f6d44b782498480fce54bad1e3142d9541438f6d7a42a876a3df87,0ecaf30ec3147260f584fff24f30e32a975cba82529f3d3c36d4c49ea0de712f
pre-refit-f66-v5,Matin2012_state_006,Matin2012_state_006::HCO3-,Matin2012,20.0,0.21790435808716177,0.0021,0.004359171784359155,evaluated,f66d972c032ce709ada69e8d8177e195c7e416800757663b7420c22bda5f6328,562b5976c7f6d44b782498480fce54bad1e3142d9541438f6d7a42a876a3df87,0ecaf30ec3147260f584fff24f30e32a975cba82529f3d3c36d4c49ea0de712f
pre-refit-f66-v5,Matin2012_state_007,Matin2012_state_007::MEA,Matin2012,20.0,0.24090481809636194,0.0618,0.05879225852642022,evaluated,f66d972c032ce709ada69e8d8177e195c7e416800757663b7420c22bda5f6328,562b5976c7f6d44b782498480fce54bad1e3142d9541438f6d7a42a876a3df87,0ecaf30ec3147260f584fff24f30e32a975cba82529f3d3c36d4c49ea0de712f
pre-refit-f66-v5,Matin2012_state_007,Matin2012_state_007::MEAH+,Matin2012,20.0,0.24090481809636194,0.0257,0.03153742863435425,evaluated,f66d972c032ce709ada69e8d8177e195c7e416800757663b7420c22bda5f6328,562b5976c7f6d44b782498480fce54bad1e3142d9541438f6d7a42a876a3df87,0ecaf30ec3147260f584fff24f30e32a975cba82529f3d3c36d4c49ea0de712f
pre-refit-f66-v5,Matin2012_state_007,Matin2012_state_007::MEACOO-,Matin2012,20.0,0.24090481809636194,0.0252,0.02188917851147682,evaluated,f66d972c032ce709ada69e8d8177e195c7e416800757663b7420c22bda5f6328,562b5976c7f6d44b782498480fce54bad1e3142d9541438f6d7a42a876a3df87,0ecaf30ec3147260f584fff24f30e32a975cba82529f3d3c36d4c49ea0de712f
pre-refit-f66-v5,Matin2012_state_007,Matin2012_state_007::HCO3-,Matin2012,20.0,0.24090481809636194,0.0023,0.005155539466031994,evaluated,f66d972c032ce709ada69e8d8177e195c7e416800757663b7420c22bda5f6328,562b5976c7f6d44b782498480fce54bad1e3142d9541438f6d7a42a876a3df87,0ecaf30ec3147260f584fff24f30e32a975cba82529f3d3c36d4c49ea0de712f
pre-refit-f66-v5,Matin2012_state_008,Matin2012_state_008::MEA,Matin2012,20.0,0.26390527810556214,0.0568,0.05378457189974998,evaluated,f66d972c032ce709ada69e8d8177e195c7e416800757663b7420c22bda5f6328,562b5976c7f6d44b782498480fce54bad1e3142d9541438f6d7a42a876a3df87,0ecaf30ec3147260f584fff24f30e32a975cba82529f3d3c36d4c49ea0de712f
pre-refit-f66-v5,Matin2012_state_008,Matin2012_state_008::MEAH+,Matin2012,20.0,0.26390527810556214,0.0281,0.03485195490752785,evaluated,f66d972c032ce709ada69e8d8177e195c7e416800757663b7420c22bda5f6328,562b5976c7f6d44b782498480fce54bad1e3142d9541438f6d7a42a876a3df87,0ecaf30ec3147260f584fff24f30e32a975cba82529f3d3c36d4c49ea0de712f
pre-refit-f66-v5,Matin2012_state_008,Matin2012_state_008::MEACOO-,Matin2012,20.0,0.26390527810556214,0.0276,0.02358233732480218,evaluated,f66d972c032ce709ada69e8d8177e195c7e416800757663b7420c22bda5f6328,562b5976c7f6d44b782498480fce54bad1e3142d9541438f6d7a42a876a3df87,0ecaf30ec3147260f584fff24f30e32a975cba82529f3d3c36d4c49ea0de712f
pre-refit-f66-v5,Matin2012_state_008,Matin2012_state_008::HCO3-,Matin2012,20.0,0.26390527810556214,0.0026,0.006043400431854766,evaluated,f66d972c032ce709ada69e8d8177e195c7e416800757663b7420c22bda5f6328,562b5976c7f6d44b782498480fce54bad1e3142d9541438f6d7a42a876a3df87,0ecaf30ec3147260f584fff24f30e32a975cba82529f3d3c36d4c49ea0de712f
pre-refit-f66-v5,Matin2012_state_009,Matin2012_state_009::MEA,Matin2012,20.0,0.2869057381147623,0.0518,0.04881177430967878,evaluated,f66d972c032ce709ada69e8d8177e195c7e416800757663b7420c22bda5f6328,562b5976c7f6d44b782498480fce54bad1e3142d9541438f6d7a42a876a3df87,0ecaf30ec3147260f584fff24f30e32a975cba82529f3d3c36d4c49ea0de712f
pre-refit-f66-v5,Matin2012_state_009,Matin2012_state_009::MEAH+,Matin2012,20.0,0.2869057381147623,0.0304,0.03823168773125695,evaluated,f66d972c032ce709ada69e8d8177e195c7e416800757663b7420c22bda5f6328,562b5976c7f6d44b782498480fce54bad1e3142d9541438f6d7a42a876a3df87,0ecaf30ec3147260f584fff24f30e32a975cba82529f3d3c36d4c49ea0de712f
pre-refit-f66-v5,Matin2012_state_009,Matin2012_state_009::MEACOO-,Matin2012,20.0,0.2869057381147623,0.0299,0.025175399783363493,evaluated,f66d972c032ce709ada69e8d8177e195c7e416800757663b7420c22bda5f6328,562b5976c7f6d44b782498480fce54bad1e3142d9541438f6d7a42a876a3df87,0ecaf30ec3147260f584fff24f30e32a975cba82529f3d3c36d4c49ea0de712f
pre-refit-f66-v5,Matin2012_state_009,Matin2012_state_009::HCO3-,Matin2012,20.0,0.2869057381147623,0.003,0.007031350621000075,evaluated,f66d972c032ce709ada69e8d8177e195c7e416800757663b7420c22bda5f6328,562b5976c7f6d44b782498480fce54bad1e3142d9541438f6d7a42a876a3df87,0ecaf30ec3147260f584fff24f30e32a975cba82529f3d3c36d4c49ea0de712f
pre-refit-f66-v5,Matin2012_state_010,Matin2012_state_010::MEA,Matin2012,20.0,0.3099061981239625,0.0469,0.04388469894225765,evaluated,f66d972c032ce709ada69e8d8177e195c7e416800757663b7420c22bda5f6328,562b5976c7f6d44b782498480fce54bad1e3142d9541438f6d7a42a876a3df87,0ecaf30ec3147260f584fff24f30e32a975cba82529f3d3c36d4c49ea0de712f
pre-refit-f66-v5,Matin2012_state_010,Matin2012_state_010::MEAH+,Matin2012,20.0,0.3099061981239625,0.0327,0.0416757303746588,evaluated,f66d972c032ce709ada69e8d8177e195c7e416800757663b7420c22bda5f6328,562b5976c7f6d44b782498480fce54bad1e3142d9541438f6d7a42a876a3df87,0ecaf30ec3147260f584fff24f30e32a975cba82529f3d3c36d4c49ea0de712f
pre-refit-f66-v5,Matin2012_state_010,Matin2012_state_010::MEACOO-,Matin2012,20.0,0.3099061981239625,0.0321,0.02665842898706671,evaluated,f66d972c032ce709ada69e8d8177e195c7e416800757663b7420c22bda5f6328,562b5976c7f6d44b782498480fce54bad1e3142d9541438f6d7a42a876a3df87,0ecaf30ec3147260f584fff24f30e32a975cba82529f3d3c36d4c49ea0de712f
pre-refit-f66-v5,Matin2012_state_010,Matin2012_state_010::HCO3-,Matin2012,20.0,0.3099061981239625,0.0034,0.008129322777867164,evaluated,f66d972c032ce709ada69e8d8177e195c7e416800757663b7420c22bda5f6328,562b5976c7f6d44b782498480fce54bad1e3142d9541438f6d7a42a876a3df87,0ecaf30ec3147260f584fff24f30e32a975cba82529f3d3c36d4c49ea0de712f
pre-refit-f66-v5,Matin2012_state_011,Matin2012_state_011::MEA,Matin2012,20.0,0.33390667813356273,0.0419,0.03880892280503505,evaluated,f66d972c032ce709ada69e8d8177e195c7e416800757663b7420c22bda5f6328,562b5976c7f6d44b782498480fce54bad1e3142d9541438f6d7a42a876a3df87,0ecaf30ec3147260f584fff24f30e32a975cba82529f3d3c36d4c49ea0de712f
pre-refit-f66-v5,Matin2012_state_011,Matin2012_state_011::MEAH+,Matin2012,20.0,0.33390667813356273,0.0349,0.04533429954989382,evaluated,f66d972c032ce709ada69e8d8177e195c7e416800757663b7420c22bda5f6328,562b5976c7f6d44b782498480fce54bad1e3142d9541438f6d7a42a876a3df87,0ecaf30ec3147260f584fff24f30e32a975cba82529f3d3c36d4c49ea0de712f
pre-refit-f66-v5,Matin2012_state_011,Matin2012_state_011::MEACOO-,Matin2012,20.0,0.33390667813356273,0.0342,0.028075630157429303,evaluated,f66d972c032ce709ada69e8d8177e195c7e416800757663b7420c22bda5f6328,562b5976c7f6d44b782498480fce54bad1e3142d9541438f6d7a42a876a3df87,0ecaf30ec3147260f584fff24f30e32a975cba82529f3d3c36d4c49ea0de712f
pre-refit-f66-v5,Matin2012_state_011,Matin2012_state_011::HCO3-,Matin2012,20.0,0.33390667813356273,0.004,0.009405320662316159,evaluated,f66d972c032ce709ada69e8d8177e195c7e416800757663b7420c22bda5f6328,562b5976c7f6d44b782498480fce54bad1e3142d9541438f6d7a42a876a3df87,0ecaf30ec3147260f584fff24f30e32a975cba82529f3d3c36d4c49ea0de712f
pre-refit-f66-v5,Matin2012_state_012,Matin2012_state_012::MEA,Matin2012,20.0,0.3579071581431629,0.0371,0.03382560494524313,evaluated,f66d972c032ce709ada69e8d8177e195c7e416800757663b7420c22bda5f6328,562b5976c7f6d44b782498480fce54bad1e3142d9541438f6d7a42a876a3df87,0ecaf30ec3147260f584fff24f30e32a975cba82529f3d3c36d4c49ea0de712f
pre-refit-f66-v5,Matin2012_state_012,Matin2012_state_012::MEAH+,Matin2012,20.0,0.3579071581431629,0.0372,0.049050679393934274,evaluated,f66d972c032ce709ada69e8d8177e195c7e416800757663b7420c22bda5f6328,562b5976c7f6d44b782498480fce54bad1e3142d9541438f6d7a42a876a3df87,0ecaf30ec3147260f584fff24f30e32a975cba82529f3d3c36d4c49ea0de712f
pre-refit-f66-v5,Matin2012_state_012,Matin2012_state_012::MEACOO-,Matin2012,20.0,0.3579071581431629,0.0362,0.02934255868734244,evaluated,f66d972c032ce709ada69e8d8177e195c7e416800757663b7420c22bda5f6328,562b5976c7f6d44b782498480fce54bad1e3142d9541438f6d7a42a876a3df87,0ecaf30ec3147260f584fff24f30e32a975cba82529f3d3c36d4c49ea0de712f
pre-refit-f66-v5,Matin2012_state_012,Matin2012_state_012::HCO3-,Matin2012,20.0,0.3579071581431629,0.0046,0.010831556666971666,evaluated,f66d972c032ce709ada69e8d8177e195c7e416800757663b7420c22bda5f6328,562b5976c7f6d44b782498480fce54bad1e3142d9541438f6d7a42a876a3df87,0ecaf30ec3147260f584fff24f30e32a975cba82529f3d3c36d4c49ea0de712f
pre-refit-f66-v5,Matin2012_state_013,Matin2012_state_013::MEA,Matin2012,20.0,0.3819076381527631,0.0322,0.028973734390045573,evaluated,f66d972c032ce709ada69e8d8177e195c7e416800757663b7420c22bda5f6328,562b5976c7f6d44b782498480fce54bad1e3142d9541438f6d7a42a876a3df87,0ecaf30ec3147260f584fff24f30e32a975cba82529f3d3c36d4c49ea0de712f
pre-refit-f66-v5,Matin2012_state_013,Matin2012_state_013::MEAH+,Matin2012,20.0,0.3819076381527631,0.0394,0.052809446806101404,evaluated,f66d972c032ce709ada69e8d8177e195c7e416800757663b7420c22bda5f6328,562b5976c7f6d44b782498480fce54bad1e3142d9541438f6d7a42a876a3df87,0ecaf30ec3147260f584fff24f30e32a975cba82529f3d3c36d4c49ea0de712f
pre-refit-f66-v5,Matin2012_state_013,Matin2012_state_013::MEACOO-,Matin2012,20.0,0.3819076381527631,0.0381,0.030435645742755004,evaluated,f66d972c032ce709ada69e8d8177e195c7e416800757663b7420c22bda5f6328,562b5976c7f6d44b782498480fce54bad1e3142d9541438f6d7a42a876a3df87,0ecaf30ec3147260f584fff24f30e32a975cba82529f3d3c36d4c49ea0de712f
pre-refit-f66-v5,Matin2012_state_013,Matin2012_state_013::HCO3-,Matin2012,20.0,0.3819076381527631,0.0053,0.012431572339430793,evaluated,f66d972c032ce709ada69e8d8177e195c7e416800757663b7420c22bda5f6328,562b5976c7f6d44b782498480fce54bad1e3142d9541438f6d7a42a876a3df87,0ecaf30ec3147260f584fff24f30e32a975cba82529f3d3c36d4c49ea0de712f
pre-refit-f66-v5,Matin2012_state_014,Matin2012_state_014::MEA,Matin2012,20.0,0.4059081181623633,0.0274,0.024312764797835947,evaluated,f66d972c032ce709ada69e8d8177e195c7e416800757663b7420c22bda5f6328,562b5976c7f6d44b782498480fce54bad1e3142d9541438f6d7a42a876a3df87,0ecaf30ec3147260f584fff24f30e32a975cba82529f3d3c36d4c49ea0de712f
pre-refit-f66-v5,Matin2012_state_014,Matin2012_state_014::MEAH+,Matin2012,20.0,0.4059081181623633,0.0415,0.05658443749984913,evaluated,f66d972c032ce709ada69e8d8177e195c7e416800757663b7420c22bda5f6328,562b5976c7f6d44b782498480fce54bad1e3142d9541438f6d7a42a876a3df87,0ecaf30ec3147260f584fff24f30e32a975cba82529f3d3c36d4c49ea0de712f
pre-refit-f66-v5,Matin2012_state_014,Matin2012_state_014::MEACOO-,Matin2012,20.0,0.4059081181623633,0.04,0.031321596265648344,evaluated,f66d972c032ce709ada69e8d8177e195c7e416800757663b7420c22bda5f6328,562b5976c7f6d44b782498480fce54bad1e3142d9541438f6d7a42a876a3df87,0ecaf30ec3147260f584fff24f30e32a975cba82529f3d3c36d4c49ea0de712f
pre-refit-f66-v5,Matin2012_state_014,Matin2012_state_014::HCO3-,Matin2012,20.0,0.4059081181623633,0.0061,0.014238609283433394,evaluated,f66d972c032ce709ada69e8d8177e195c7e416800757663b7420c22bda5f6328,562b5976c7f6d44b782498480fce54bad1e3142d9541438f6d7a42a876a3df87,0ecaf30ec3147260f584fff24f30e32a975cba82529f3d3c36d4c49ea0de712f
pre-refit-f66-v5,Matin2012_state_015,Matin2012_state_015::MEA,Matin2012,20.0,0.4309086181723635,0.0227,0.019757197955535384,evaluated,f66d972c032ce709ada69e8d8177e195c7e416800757663b7420c22bda5f6328,562b5976c7f6d44b782498480fce54bad1e3142d9541438f6d7a42a876a3df87,0ecaf30ec3147260f584fff24f30e32a975cba82529f3d3c36d4c49ea0de712f
pre-refit-f66-v5,Matin2012_state_015,Matin2012_state_015::MEAH+,Matin2012,20.0,0.4309086181723635,0.0436,0.060488539878653845,evaluated,f66d972c032ce709ada69e8d8177e195c7e416800757663b7420c22bda5f6328,562b5976c7f6d44b782498480fce54bad1e3142d9541438f6d7a42a876a3df87,0ecaf30ec3147260f584fff24f30e32a975cba82529f3d3c36d4c49ea0de712f
pre-refit-f66-v5,Matin2012_state_015,Matin2012_state_015::MEACOO-,Matin2012,20.0,0.4309086181723635,0.0417,0.031973005681210136,evaluated,f66d972c032ce709ada69e8d8177e195c7e416800757663b7420c22bda5f6328,562b5976c7f6d44b782498480fce54bad1e3142d9541438f6d7a42a876a3df87,0ecaf30ec3147260f584fff24f30e32a975cba82529f3d3c36d4c49ea0de712f
pre-refit-f66-v5,Matin2012_state_015,Matin2012_state_015::HCO3-,Matin2012,20.0,0.4309086181723635,0.007,0.016392155565492526,evaluated,f66d972c032ce709ada69e8d8177e195c7e416800757663b7420c22bda5f6328,562b5976c7f6d44b782498480fce54bad1e3142d9541438f6d7a42a876a3df87,0ecaf30ec3147260f584fff24f30e32a975cba82529f3d3c36d4c49ea0de712f
pre-refit-f66-v5,Matin2012_state_016,Matin2012_state_016::MEA,Matin2012,20.0,0.4549090981819637,0.0181,0.01580137752735907,evaluated,f66d972c032ce709ada69e8d8177e195c7e416800757663b7420c22bda5f6328,562b5976c7f6d44b782498480fce54bad1e3142d9541438f6d7a42a876a3df87,0ecaf30ec3147260f584fff24f30e32a975cba82529f3d3c36d4c49ea0de712f
pre-refit-f66-v5,Matin2012_state_016,Matin2012_state_016::MEAH+,Matin2012,20.0,0.4549090981819637,0.0457,0.0641449726508927,evaluated,f66d972c032ce709ada69e8d8177e195c7e416800757663b7420c22bda5f6328,562b5976c7f6d44b782498480fce54bad1e3142d9541438f6d7a42a876a3df87,0ecaf30ec3147260f584fff24f30e32a975cba82529f3d3c36d4c49ea0de712f
pre-refit-f66-v5,Matin2012_state_016,Matin2012_state_016::MEACOO-,Matin2012,20.0,0.4549090981819637,0.0433,0.032272291978090485,evaluated,f66d972c032ce709ada69e8d8177e195c7e416800757663b7420c22bda5f6328,562b5976c7f6d44b782498480fce54bad1e3142d9541438f6d7a42a876a3df87,0ecaf30ec3147260f584fff24f30e32a975cba82529f3d3c36d4c49ea0de712f
pre-refit-f66-v5,Matin2012_state_016,Matin2012_state_016::HCO3-,Matin2012,20.0,0.4549090981819637,0.008,0.01878516976810227,evaluated,f66d972c032ce709ada69e8d8177e195c7e416800757663b7420c22bda5f6328,562b5976c7f6d44b782498480fce54bad1e3142d9541438f6d7a42a876a3df87,0ecaf30ec3147260f584fff24f30e32a975cba82529f3d3c36d4c49ea0de712f
pre-refit-f66-v5,Matin2012_state_017,Matin2012_state_017::MEA,Matin2012,20.0,0.4799095981919638,0.0135,0.012274648018440802,evaluated,f66d972c032ce709ada69e8d8177e195c7e416800757663b7420c22bda5f6328,562b5976c7f6d44b782498480fce54bad1e3142d9541438f6d7a42a876a3df87,0ecaf30ec3147260f584fff24f30e32a975cba82529f3d3c36d4c49ea0de712f
pre-refit-f66-v5,Matin2012_state_017,Matin2012_state_017::MEAH+,Matin2012,20.0,0.4799095981919638,0.0477,0.06777354746853102,evaluated,f66d972c032ce709ada69e8d8177e195c7e416800757663b7420c22bda5f6328,562b5976c7f6d44b782498480fce54bad1e3142d9541438f6d7a42a876a3df87,0ecaf30ec3147260f584fff24f30e32a975cba82529f3d3c36d4c49ea0de712f
pre-refit-f66-v5,Matin2012_state_017,Matin2012_state_017::MEACOO-,Matin2012,20.0,0.4799095981919638,0.0448,0.03217024226012682,evaluated,f66d972c032ce709ada69e8d8177e195c7e416800757663b7420c22bda5f6328,562b5976c7f6d44b782498480fce54bad1e3142d9541438f6d7a42a876a3df87,0ecaf30ec3147260f584fff24f30e32a975cba82529f3d3c36d4c49ea0de712f
pre-refit-f66-v5,Matin2012_state_017,Matin2012_state_017::HCO3-,Matin2012,20.0,0.4799095981919638,0.0091,0.021690765900600928,evaluated,f66d972c032ce709ada69e8d8177e195c7e416800757663b7420c22bda5f6328,562b5976c7f6d44b782498480fce54bad1e3142d9541438f6d7a42a876a3df87,0ecaf30ec3147260f584fff24f30e32a975cba82529f3d3c36d4c49ea0de712f
pre-refit-f66-v5,Matin2012_state_018,Matin2012_state_018::MEA,Matin2012,20.0,0.5049100982019641,0.009,0.009471763759844314,evaluated,f66d972c032ce709ada69e8d8177e195c7e416800757663b7420c22bda5f6328,562b5976c7f6d44b782498480fce54bad1e3142d9541438f6d7a42a876a3df87,0ecaf30ec3147260f584fff24f30e32a975cba82529f3d3c36d4c49ea0de712f
pre-refit-f66-v5,Matin2012_state_018,Matin2012_state_018::MEAH+,Matin2012,20.0,0.5049100982019641,0.0496,0.07114266408414448,evaluated,f66d972c032ce709ada69e8d8177e195c7e416800757663b7420c22bda5f6328,562b5976c7f6d44b782498480fce54bad1e3142d9541438f6d7a42a876a3df87,0ecaf30ec3147260f584fff24f30e32a975cba82529f3d3c36d4c49ea0de712f
pre-refit-f66-v5,Matin2012_state_018,Matin2012_state_018::MEACOO-,Matin2012,20.0,0.5049100982019641,0.0462,0.03160362400000388,evaluated,f66d972c032ce709ada69e8d8177e195c7e416800757663b7420c22bda5f6328,562b5976c7f6d44b782498480fce54bad1e3142d9541438f6d7a42a876a3df87,0ecaf30ec3147260f584fff24f30e32a975cba82529f3d3c36d4c49ea0de712f
pre-refit-f66-v5,Matin2012_state_018,Matin2012_state_018::HCO3-,Matin2012,20.0,0.5049100982019641,0.0102,0.025059211380028,evaluated,f66d972c032ce709ada69e8d8177e195c7e416800757663b7420c22bda5f6328,562b5976c7f6d44b782498480fce54bad1e3142d9541438f6d7a42a876a3df87,0ecaf30ec3147260f584fff24f30e32a975cba82529f3d3c36d4c49ea0de712f
pre-refit-f66-v5,Matin2012_state_019,Matin2012_state_019::MEA,Matin2012,20.0,0.5309106182123643,0.0046,0.007316927539453929,evaluated,f66d972c032ce709ada69e8d8177e195c7e416800757663b7420c22bda5f6328,562b5976c7f6d44b782498480fce54bad1e3142d9541438f6d7a42a876a3df87,0ecaf30ec3147260f584fff24f30e32a975cba82529f3d3c36d4c49ea0de712f
pre-refit-f66-v5,Matin2012_state_019,Matin2012_state_019::MEAH+,Matin2012,20.0,0.5309106182123643,0.0515,0.07434392239080945,evaluated,f66d972c032ce709ada69e8d8177e195c7e416800757663b7420c22bda5f6328,562b5976c7f6d44b782498480fce54bad1e3142d9541438f6d7a42a876a3df87,0ecaf30ec3147260f584fff24f30e32a975cba82529f3d3c36d4c49ea0de712f
pre-refit-f66-v5,Matin2012_state_019,Matin2012_state_019::MEACOO-,Matin2012,20.0,0.5309106182123643,0.0475,0.030556494228395188,evaluated,f66d972c032ce709ada69e8d8177e195c7e416800757663b7420c22bda5f6328,562b5976c7f6d44b782498480fce54bad1e3142d9541438f6d7a42a876a3df87,0ecaf30ec3147260f584fff24f30e32a975cba82529f3d3c36d4c49ea0de712f
pre-refit-f66-v5,Matin2012_state_019,Matin2012_state_019::HCO3-,Matin2012,20.0,0.5309106182123643,0.0114,0.029017328423290564,evaluated,f66d972c032ce709ada69e8d8177e195c7e416800757663b7420c22bda5f6328,562b5976c7f6d44b782498480fce54bad1e3142d9541438f6d7a42a876a3df87,0ecaf30ec3147260f584fff24f30e32a975cba82529f3d3c36d4c49ea0de712f
pre-refit-f66-v5,canonical:vle_obs_0034,vle_obs_0034-pco2,Aronu2011,40.0,0.10200204004080081,1.6,1.5175268910684416,evaluated,f66d972c032ce709ada69e8d8177e195c7e416800757663b7420c22bda5f6328,562b5976c7f6d44b782498480fce54bad1e3142d9541438f6d7a42a876a3df87,0ecaf30ec3147260f584fff24f30e32a975cba82529f3d3c36d4c49ea0de712f
pre-refit-f66-v5,canonical:vle_obs_0035,vle_obs_0035-pco2,Aronu2011,40.0,0.20600412008240165,12.3,11.459719389981233,evaluated,f66d972c032ce709ada69e8d8177e195c7e416800757663b7420c22bda5f6328,562b5976c7f6d44b782498480fce54bad1e3142d9541438f6d7a42a876a3df87,0ecaf30ec3147260f584fff24f30e32a975cba82529f3d3c36d4c49ea0de712f
pre-refit-f66-v5,canonical:vle_obs_0036,vle_obs_0036-pco2,Aronu2011,40.0,0.250005000100002,24.6,24.28199070123303,evaluated,f66d972c032ce709ada69e8d8177e195c7e416800757663b7420c22bda5f6328,562b5976c7f6d44b782498480fce54bad1e3142d9541438f6d7a42a876a3df87,0ecaf30ec3147260f584fff24f30e32a975cba82529f3d3c36d4c49ea0de712f
pre-refit-f66-v5,canonical:vle_obs_0037,vle_obs_0037-pco2,Aronu2011,40.0,0.33700674013480275,60.3,109.66571689372735,evaluated,f66d972c032ce709ada69e8d8177e195c7e416800757663b7420c22bda5f6328,562b5976c7f6d44b782498480fce54bad1e3142d9541438f6d7a42a876a3df87,0ecaf30ec3147260f584fff24f30e32a975cba82529f3d3c36d4c49ea0de712f
pre-refit-f66-v5,canonical:vle_obs_0038,vle_obs_0038-pco2,Aronu2011,40.0,0.3530070601412028,85.1,146.85422819033514,evaluated,f66d972c032ce709ada69e8d8177e195c7e416800757663b7420c22bda5f6328,562b5976c7f6d44b782498480fce54bad1e3142d9541438f6d7a42a876a3df87,0ecaf30ec3147260f584fff24f30e32a975cba82529f3d3c36d4c49ea0de712f
pre-refit-f66-v5,canonical:vle_obs_0039,vle_obs_0039-pco2,Aronu2011,40.0,0.40100802016040327,183.5,368.13493650440756,evaluated,f66d972c032ce709ada69e8d8177e195c7e416800757663b7420c22bda5f6328,562b5976c7f6d44b782498480fce54bad1e3142d9541438f6d7a42a876a3df87,0ecaf30ec3147260f584fff24f30e32a975cba82529f3d3c36d4c49ea0de712f
pre-refit-f66-v5,canonical:vle_obs_0040,vle_obs_0040-pco2,Aronu2011,40.0,0.4170083401668033,292.8,507.4566913938677,evaluated,f66d972c032ce709ada69e8d8177e195c7e416800757663b7420c22bda5f6328,562b5976c7f6d44b782498480fce54bad1e3142d9541438f6d7a42a876a3df87,0ecaf30ec3147260f584fff24f30e32a975cba82529f3d3c36d4c49ea0de712f
pre-refit-f66-v5,canonical:vle_obs_0041,vle_obs_0041-pco2,Aronu2011,40.0,0.42100842016840334,318.79999999999995,550.392995313467,evaluated,f66d972c032ce709ada69e8d8177e195c7e416800757663b7420c22bda5f6328,562b5976c7f6d44b782498480fce54bad1e3142d9541438f6d7a42a876a3df87,0ecaf30ec3147260f584fff24f30e32a975cba82529f3d3c36d4c49ea0de712f
pre-refit-f66-v5,canonical:vle_obs_0042,vle_obs_0042-pco2,Aronu2011,40.0,0.43300866017320344,380.90000000000003,703.5807233255317,evaluated,f66d972c032ce709ada69e8d8177e195c7e416800757663b7420c22bda5f6328,562b5976c7f6d44b782498480fce54bad1e3142d9541438f6d7a42a876a3df87,0ecaf30ec3147260f584fff24f30e32a975cba82529f3d3c36d4c49ea0de712f
pre-refit-f66-v5,canonical:vle_obs_0043,vle_obs_0043-pco2,Aronu2011,40.0,0.4470089401788036,570.2,939.2079437155264,evaluated,f66d972c032ce709ada69e8d8177e195c7e416800757663b7420c22bda5f6328,562b5976c7f6d44b782498480fce54bad1e3142d9541438f6d7a42a876a3df87,0ecaf30ec3147260f584fff24f30e32a975cba82529f3d3c36d4c49ea0de712f
pre-refit-f66-v5,canonical:vle_obs_0044,vle_obs_0044-pco2,Aronu2011,40.0,0.4640092801856037,1066.2,1334.0374054652414,evaluated,f66d972c032ce709ada69e8d8177e195c7e416800757663b7420c22bda5f6328,562b5976c7f6d44b782498480fce54bad1e3142d9541438f6d7a42a876a3df87,0ecaf30ec3147260f584fff24f30e32a975cba82529f3d3c36d4c49ea0de712f
pre-refit-f66-v5,canonical:vle_obs_0045,vle_obs_0045-pco2,Aronu2011,40.0,0.4760095201904038,1832.6,1704.6675534799099,evaluated,f66d972c032ce709ada69e8d8177e195c7e416800757663b7420c22bda5f6328,562b5976c7f6d44b782498480fce54bad1e3142d9541438f6d7a42a876a3df87,0ecaf30ec3147260f584fff24f30e32a975cba82529f3d3c36d4c49ea0de712f
pre-refit-f66-v5,canonical:vle_obs_0046,vle_obs_0046-pco2,Aronu2011,40.0,0.4770095401908038,1827.8000000000002,1739.5527015288872,evaluated,f66d972c032ce709ada69e8d8177e195c7e416800757663b7420c22bda5f6328,562b5976c7f6d44b782498480fce54bad1e3142d9541438f6d7a42a876a3df87,0ecaf30ec3147260f584fff24f30e32a975cba82529f3d3c36d4c49ea0de712f
pre-refit-f66-v5,canonical:vle_obs_0047,vle_obs_0047-pco2,Aronu2011,40.0,0.48500970019400386,2319.3,2043.0287921706076,evaluated,f66d972c032ce709ada69e8d8177e195c7e416800757663b7420c22bda5f6328,562b5976c7f6d44b782498480fce54bad1e3142d9541438f6d7a42a876a3df87,0ecaf30ec3147260f584fff24f30e32a975cba82529f3d3c36d4c49ea0de712f
pre-refit-f66-v5,canonical:vle_obs_0048,vle_obs_0048-pco2,Aronu2011,40.0,0.4890097801956039,2857.7,2211.9492004322183,evaluated,f66d972c032ce709ada69e8d8177e195c7e416800757663b7420c22bda5f6328,562b5976c7f6d44b782498480fce54bad1e3142d9541438f6d7a42a876a3df87,0ecaf30ec3147260f584fff24f30e32a975cba82529f3d3c36d4c49ea0de712f
pre-refit-f66-v5,canonical:vle_obs_0049,vle_obs_0049-pco2,Aronu2011,40.0,0.5160103202064041,8558.3,3696.8730478141188,evaluated,f66d972c032ce709ada69e8d8177e195c7e416800757663b7420c22bda5f6328,562b5976c7f6d44b782498480fce54bad1e3142d9541438f6d7a42a876a3df87,0ecaf30ec3147260f584fff24f30e32a975cba82529f3d3c36d4c49ea0de712f
pre-refit-f66-v5,canonical:vle_obs_0050,vle_obs_0050-pco2,Aronu2011,40.0,0.5240104802096043,11812.0,4265.329341971544,evaluated,f66d972c032ce709ada69e8d8177e195c7e416800757663b7420c22bda5f6328,562b5976c7f6d44b782498480fce54bad1e3142d9541438f6d7a42a876a3df87,0ecaf30ec3147260f584fff24f30e32a975cba82529f3d3c36d4c49ea0de712f
pre-refit-f66-v5,canonical:vle_obs_0051,vle_obs_0051-pco2,Aronu2011,60.0,0.053001060021200426,4.5,2.451840684177998,evaluated,f66d972c032ce709ada69e8d8177e195c7e416800757663b7420c22bda5f6328,562b5976c7f6d44b782498480fce54bad1e3142d9541438f6d7a42a876a3df87,0ecaf30ec3147260f584fff24f30e32a975cba82529f3d3c36d4c49ea0de712f
pre-refit-f66-v5,canonical:vle_obs_0052,vle_obs_0052-pco2,Aronu2011,60.0,0.10500210004200083,15.4,10.980370384145347,evaluated,f66d972c032ce709ada69e8d8177e195c7e416800757663b7420c22bda5f6328,562b5976c7f6d44b782498480fce54bad1e3142d9541438f6d7a42a876a3df87,0ecaf30ec3147260f584fff24f30e32a975cba82529f3d3c36d4c49ea0de712f
pre-refit-f66-v5,canonical:vle_obs_0053,vle_obs_0053-pco2,Aronu2011,60.0,0.1620032400648013,42.7,35.263135641785,evaluated,f66d972c032ce709ada69e8d8177e195c7e416800757663b7420c22bda5f6328,562b5976c7f6d44b782498480fce54bad1e3142d9541438f6d7a42a876a3df87,0ecaf30ec3147260f584fff24f30e32a975cba82529f3d3c36d4c49ea0de712f
pre-refit-f66-v5,canonical:vle_obs_0054,vle_obs_0054-pco2,Aronu2011,60.0,0.24400488009760196,134.8,148.01521293046707,evaluated,f66d972c032ce709ada69e8d8177e195c7e416800757663b7420c22bda5f6328,562b5976c7f6d44b782498480fce54bad1e3142d9541438f6d7a42a876a3df87,0ecaf30ec3147260f584fff24f30e32a975cba82529f3d3c36d4c49ea0de712f
pre-refit-f66-v5,canonical:vle_obs_0055,vle_obs_0055-pco2,Aronu2011,60.0,0.3030060601212024,301.5,403.4222847929773,evaluated,f66d972c032ce709ada69e8d8177e195c7e416800757663b7420c22bda5f6328,562b5976c7f6d44b782498480fce54bad1e3142d9541438f6d7a42a876a3df87,0ecaf30ec3147260f584fff24f30e32a975cba82529f3d3c36d4c49ea0de712f
pre-refit-f66-v5,canonical:vle_obs_0056,vle_obs_0056-pco2,Aronu2011,60.0,0.3600072001440029,643.5999999999999,1100.6177938510166,evaluated,f66d972c032ce709ada69e8d8177e195c7e416800757663b7420c22bda5f6328,562b5976c7f6d44b782498480fce54bad1e3142d9541438f6d7a42a876a3df87,0ecaf30ec3147260f584fff24f30e32a975cba82529f3d3c36d4c49ea0de712f
pre-refit-f66-v5,canonical:vle_obs_0057,vle_obs_0057-pco2,Aronu2011,60.0,0.3930078601572032,1097.0,2016.8090846066418,evaluated,f66d972c032ce709ada69e8d8177e195c7e416800757663b7420c22bda5f6328,562b5976c7f6d44b782498480fce54bad1e3142d9541438f6d7a42a876a3df87,0ecaf30ec3147260f584fff24f30e32a975cba82529f3d3c36d4c49ea0de712f
pre-refit-f66-v5,canonical:vle_obs_0058,vle_obs_0058-pco2,Aronu2011,60.0,0.4280085601712034,2501.3999999999996,3891.0229869943796,evaluated,f66d972c032ce709ada69e8d8177e195c7e416800757663b7420c22bda5f6328,562b5976c7f6d44b782498480fce54bad1e3142d9541438f6d7a42a876a3df87,0ecaf30ec3147260f584fff24f30e32a975cba82529f3d3c36d4c49ea0de712f
pre-refit-f66-v5,canonical:vle_obs_0059,vle_obs_0059-pco2,Aronu2011,60.0,0.49100982019640393,13558.0,12337.636403792496,evaluated,f66d972c032ce709ada69e8d8177e195c7e416800757663b7420c22bda5f6328,562b5976c7f6d44b782498480fce54bad1e3142d9541438f6d7a42a876a3df87,0ecaf30ec3147260f584fff24f30e32a975cba82529f3d3c36d4c49ea0de712f
pre-refit-f66-v5,canonical:vle_obs_0060,vle_obs_0060-pco2,Aronu2011,80.0,0.017000340006800136,5.6,1.6830323657607484,evaluated,f66d972c032ce709ada69e8d8177e195c7e416800757663b7420c22bda5f6328,562b5976c7f6d44b782498480fce54bad1e3142d9541438f6d7a42a876a3df87,0ecaf30ec3147260f584fff24f30e32a975cba82529f3d3c36d4c49ea0de712f
pre-refit-f66-v5,canonical:vle_obs_0061,vle_obs_0061-pco2,Aronu2011,80.0,0.04000080001600032,21.9,8.245769296187685,evaluated,f66d972c032ce709ada69e8d8177e195c7e416800757663b7420c22bda5f6328,562b5976c7f6d44b782498480fce54bad1e3142d9541438f6d7a42a876a3df87,0ecaf30ec3147260f584fff24f30e32a975cba82529f3d3c36d4c49ea0de712f
pre-refit-f66-v5,canonical:vle_obs_0062,vle_obs_0062-pco2,Aronu2011,80.0,0.0750015000300006,55.7,29.58308169390405,evaluated,f66d972c032ce709ada69e8d8177e195c7e416800757663b7420c22bda5f6328,562b5976c7f6d44b782498480fce54bad1e3142d9541438f6d7a42a876a3df87,0ecaf30ec3147260f584fff24f30e32a975cba82529f3d3c36d4c49ea0de712f
pre-refit-f66-v5,canonical:vle_obs_0063,vle_obs_0063-pco2,Aronu2011,80.0,0.12200244004880098,140.6,92.87282495664705,evaluated,f66d972c032ce709ada69e8d8177e195c7e416800757663b7420c22bda5f6328,562b5976c7f6d44b782498480fce54bad1e3142d9541438f6d7a42a876a3df87,0ecaf30ec3147260f584fff24f30e32a975cba82529f3d3c36d4c49ea0de712f
pre-refit-f66-v5,canonical:vle_obs_0064,vle_obs_0064-pco2,Aronu2011,80.0,0.15500310006200124,248.5,178.84920869425505,evaluated,f66d972c032ce709ada69e8d8177e195c7e416800757663b7420c22bda5f6328,562b5976c7f6d44b782498480fce54bad1e3142d9541438f6d7a42a876a3df87,0ecaf30ec3147260f584fff24f30e32a975cba82529f3d3c36d4c49ea0de712f
pre-refit-f66-v5,canonical:vle_obs_0065,vle_obs_0065-pco2,Aronu2011,80.0,0.21600432008640172,613.7,527.3084901169715,evaluated,f66d972c032ce709ada69e8d8177e195c7e416800757663b7420c22bda5f6328,562b5976c7f6d44b782498480fce54bad1e3142d9541438f6d7a42a876a3df87,0ecaf30ec3147260f584fff24f30e32a975cba82529f3d3c36d4c49ea0de712f
pre-refit-f66-v5,canonical:vle_obs_0066,vle_obs_0066-pco2,Aronu2011,80.0,0.2710054201084022,1253.8,1326.297600529343,evaluated,f66d972c032ce709ada69e8d8177e195c7e416800757663b7420c22bda5f6328,562b5976c7f6d44b782498480fce54bad1e3142d9541438f6d7a42a876a3df87,0ecaf30ec3147260f584fff24f30e32a975cba82529f3d3c36d4c49ea0de712f
pre-refit-f66-v5,canonical:vle_obs_0067,vle_obs_0067-pco2,Aronu2011,80.0,0.34700694013880273,3752.2000000000003,4794.951907603274,evaluated,f66d972c032ce709ada69e8d8177e195c7e416800757663b7420c22bda5f6328,562b5976c7f6d44b782498480fce54bad1e3142d9541438f6d7a42a876a3df87,0ecaf30ec3147260f584fff24f30e32a975cba82529f3d3c36d4c49ea0de712f
pre-refit-f66-v5,canonical:vle_obs_0068,vle_obs_0068-pco2,Aronu2011,80.0,0.4000080001600032,7938.7,12090.110329514442,evaluated,f66d972c032ce709ada69e8d8177e195c7e416800757663b7420c22bda5f6328,562b5976c7f6d44b782498480fce54bad1e3142d9541438f6d7a42a876a3df87,0ecaf30ec3147260f584fff24f30e32a975cba82529f3d3c36d4c49ea0de712f
pre-refit-f66-v5,canonical:vle_obs_0069,vle_obs_0069-pco2,Aronu2011,80.0,0.3980079601592032,8303.1,11672.611672299125,evaluated,f66d972c032ce709ada69e8d8177e195c7e416800757663b7420c22bda5f6328,562b5976c7f6d44b782498480fce54bad1e3142d9541438f6d7a42a876a3df87,0ecaf30ec3147260f584fff24f30e32a975cba82529f3d3c36d4c49ea0de712f
pre-refit-f66-v5,canonical:vle_obs_0119,vle_obs_0119-pco2,Hilliard2008,40.0,0.15300306006120123,5.7,4.412433216974122,evaluated,f66d972c032ce709ada69e8d8177e195c7e416800757663b7420c22bda5f6328,562b5976c7f6d44b782498480fce54bad1e3142d9541438f6d7a42a876a3df87,0ecaf30ec3147260f584fff24f30e32a975cba82529f3d3c36d4c49ea0de712f
pre-refit-f66-v5,canonical:vle_obs_0120,vle_obs_0120-pco2,Hilliard2008,40.0,0.1630032600652013,6.64,5.32379825647248,evaluated,f66d972c032ce709ada69e8d8177e195c7e416800757663b7420c22bda5f6328,562b5976c7f6d44b782498480fce54bad1e3142d9541438f6d7a42a876a3df87,0ecaf30ec3147260f584fff24f30e32a975cba82529f3d3c36d4c49ea0de712f
pre-refit-f66-v5,canonical:vle_obs_0121,vle_obs_0121-pco2,Hilliard2008,40.0,0.17000340006800138,7.21,6.0555754763636385,evaluated,f66d972c032ce709ada69e8d8177e195c7e416800757663b7420c22bda5f6328,562b5976c7f6d44b782498480fce54bad1e3142d9541438f6d7a42a876a3df87,0ecaf30ec3147260f584fff24f30e32a975cba82529f3d3c36d4c49ea0de712f
pre-refit-f66-v5,canonical:vle_obs_0122,vle_obs_0122-pco2,Hilliard2008,40.0,0.19100382007640154,9.950000000000001,8.820965975392681,evaluated,f66d972c032ce709ada69e8d8177e195c7e416800757663b7420c22bda5f6328,562b5976c7f6d44b782498480fce54bad1e3142d9541438f6d7a42a876a3df87,0ecaf30ec3147260f584fff24f30e32a975cba82529f3d3c36d4c49ea0de712f
pre-refit-f66-v5,canonical:vle_obs_0123,vle_obs_0123-pco2,Hilliard2008,40.0,0.19400388007760155,9.85,9.298534255814024,evaluated,f66d972c032ce709ada69e8d8177e195c7e416800757663b7420c22bda5f6328,562b5976c7f6d44b782498480fce54bad1e3142d9541438f6d7a42a876a3df87,0ecaf30ec3147260f584fff24f30e32a975cba82529f3d3c36d4c49ea0de712f
pre-refit-f66-v5,canonical:vle_obs_0124,vle_obs_0124-pco2,Hilliard2008,40.0,0.23200464009280186,14.6,17.890320318499608,evaluated,f66d972c032ce709ada69e8d8177e195c7e416800757663b7420c22bda5f6328,562b5976c7f6d44b782498480fce54bad1e3142d9541438f6d7a42a876a3df87,0ecaf30ec3147260f584fff24f30e32a975cba82529f3d3c36d4c49ea0de712f
pre-refit-f66-v5,canonical:vle_obs_0125,vle_obs_0125-pco2,Hilliard2008,40.0,0.24600492009840197,19.099999999999998,22.689894039036545,evaluated,f66d972c032ce709ada69e8d8177e195c7e416800757663b7420c22bda5f6328,562b5976c7f6d44b782498480fce54bad1e3142d9541438f6d7a42a876a3df87,0ecaf30ec3147260f584fff24f30e32a975cba82529f3d3c36d4c49ea0de712f
pre-refit-f66-v5,canonical:vle_obs_0126,vle_obs_0126-pco2,Hilliard2008,40.0,0.26900538010760217,23.099999999999998,33.52240933755313,evaluated,f66d972c032ce709ada69e8d8177e195c7e416800757663b7420c22bda5f6328,562b5976c7f6d44b782498480fce54bad1e3142d9541438f6d7a42a876a3df87,0ecaf30ec3147260f584fff24f30e32a975cba82529f3d3c36d4c49ea0de712f
pre-refit-f66-v5,canonical:vle_obs_0127,vle_obs_0127-pco2,Hilliard2008,40.0,0.2720054401088022,22.4,35.2785461620754,evaluated,f66d972c032ce709ada69e8d8177e195c7e416800757663b7420c22bda5f6328,562b5976c7f6d44b782498480fce54bad1e3142d9541438f6d7a42a876a3df87,0ecaf30ec3147260f584fff24f30e32a975cba82529f3d3c36d4c49ea0de712f
pre-refit-f66-v5,canonical:vle_obs_0128,vle_obs_0128-pco2,Hilliard2008,40.0,0.3260065201304026,48.5,90.04083097805709,evaluated,f66d972c032ce709ada69e8d8177e195c7e416800757663b7420c22bda5f6328,562b5976c7f6d44b782498480fce54bad1e3142d9541438f6d7a42a876a3df87,0ecaf30ec3147260f584fff24f30e32a975cba82529f3d3c36d4c49ea0de712f
pre-refit-f66-v5,canonical:vle_obs_0129,vle_obs_0129-pco2,Hilliard2008,40.0,0.3480069601392028,66.19999999999999,133.95246012543902,evaluated,f66d972c032ce709ada69e8d8177e195c7e416800757663b7420c22bda5f6328,562b5976c7f6d44b782498480fce54bad1e3142d9541438f6d7a42a876a3df87,0ecaf30ec3147260f584fff24f30e32a975cba82529f3d3c36d4c49ea0de712f
pre-refit-f66-v5,canonical:vle_obs_0130,vle_obs_0130-pco2,Hilliard2008,40.0,0.3500070001400028,72.1,138.9602394292377,evaluated,f66d972c032ce709ada69e8d8177e195c7e416800757663b7420c22bda5f6328,562b5976c7f6d44b782498480fce54bad1e3142d9541438f6d7a42a876a3df87,0ecaf30ec3147260f584fff24f30e32a975cba82529f3d3c36d4c49ea0de712f
pre-refit-f66-v5,canonical:vle_obs_0131,vle_obs_0131-pco2,Hilliard2008,40.0,0.3600072001440029,96.60000000000001,167.22036826307107,evaluated,f66d972c032ce709ada69e8d8177e195c7e416800757663b7420c22bda5f6328,562b5976c7f6d44b782498480fce54bad1e3142d9541438f6d7a42a876a3df87,0ecaf30ec3147260f584fff24f30e32a975cba82529f3d3c36d4c49ea0de712f
pre-refit-f66-v5,canonical:vle_obs_0132,vle_obs_0132-pco2,Hilliard2008,40.0,0.3820076401528031,131.0,253.81143046873424,evaluated,f66d972c032ce709ada69e8d8177e195c7e416800757663b7420c22bda5f6328,562b5976c7f6d44b782498480fce54bad1e3142d9541438f6d7a42a876a3df87,0ecaf30ec3147260f584fff24f30e32a975cba82529f3d3c36d4c49ea0de712f
pre-refit-f66-v5,canonical:vle_obs_0133,vle_obs_0133-pco2,Hilliard2008,40.0,0.3860077201544031,120.0,274.23737523677585,evaluated,f66d972c032ce709ada69e8d8177e195c7e416800757663b7420c22bda5f6328,562b5976c7f6d44b782498480fce54bad1e3142d9541438f6d7a42a876a3df87,0ecaf30ec3147260f584fff24f30e32a975cba82529f3d3c36d4c49ea0de712f
pre-refit-f66-v5,canonical:vle_obs_0134,vle_obs_0134-pco2,Hilliard2008,40.0,0.3890077801556031,113.0,290.7192234801727,evaluated,f66d972c032ce709ada69e8d8177e195c7e416800757663b7420c22bda5f6328,562b5976c7f6d44b782498480fce54bad1e3142d9541438f6d7a42a876a3df87,0ecaf30ec3147260f584fff24f30e32a975cba82529f3d3c36d4c49ea0de712f
pre-refit-f66-v5,canonical:vle_obs_0135,vle_obs_0135-pco2,Hilliard2008,40.0,0.4000080001600032,128.0,360.9058428063422,evaluated,f66d972c032ce709ada69e8d8177e195c7e416800757663b7420c22bda5f6328,562b5976c7f6d44b782498480fce54bad1e3142d9541438f6d7a42a876a3df87,0ecaf30ec3147260f584fff24f30e32a975cba82529f3d3c36d4c49ea0de712f
pre-refit-f66-v5,canonical:vle_obs_0136,vle_obs_0136-pco2,Hilliard2008,40.0,0.4640092801856037,750.0,1334.0374054652414,evaluated,f66d972c032ce709ada69e8d8177e195c7e416800757663b7420c22bda5f6328,562b5976c7f6d44b782498480fce54bad1e3142d9541438f6d7a42a876a3df87,0ecaf30ec3147260f584fff24f30e32a975cba82529f3d3c36d4c49ea0de712f
pre-refit-f66-v5,canonical:vle_obs_0137,vle_obs_0137-pco2,Hilliard2008,40.0,0.4660093201864038,574.0,1389.9815795677068,evaluated,f66d972c032ce709ada69e8d8177e195c7e416800757663b7420c22bda5f6328,562b5976c7f6d44b782498480fce54bad1e3142d9541438f6d7a42a876a3df87,0ecaf30ec3147260f584fff24f30e32a975cba82529f3d3c36d4c49ea0de712f
pre-refit-f66-v5,canonical:vle_obs_0138,vle_obs_0138-pco2,Hilliard2008,40.0,0.48100962019240384,883.0,1885.75113330636,evaluated,f66d972c032ce709ada69e8d8177e195c7e416800757663b7420c22bda5f6328,562b5976c7f6d44b782498480fce54bad1e3142d9541438f6d7a42a876a3df87,0ecaf30ec3147260f584fff24f30e32a975cba82529f3d3c36d4c49ea0de712f
pre-refit-f66-v5,canonical:vle_obs_0139,vle_obs_0139-pco2,Hilliard2008,40.0,0.49100982019640393,1100.0,2300.9488164702316,evaluated,f66d972c032ce709ada69e8d8177e195c7e416800757663b7420c22bda5f6328,562b5976c7f6d44b782498480fce54bad1e3142d9541438f6d7a42a876a3df87,0ecaf30ec3147260f584fff24f30e32a975cba82529f3d3c36d4c49ea0de712f
pre-refit-f66-v5,canonical:vle_obs_0140,vle_obs_0140-pco2,Hilliard2008,40.0,0.501010020200404,1870.0,2794.0207082568572,evaluated,f66d972c032ce709ada69e8d8177e195c7e416800757663b7420c22bda5f6328,562b5976c7f6d44b782498480fce54bad1e3142d9541438f6d7a42a876a3df87,0ecaf30ec3147260f584fff24f30e32a975cba82529f3d3c36d4c49ea0de712f
pre-refit-f66-v5,canonical:vle_obs_0141,vle_obs_0141-pco2,Hilliard2008,40.0,0.5180103602072041,3030.0,3833.1160479549912,evaluated,f66d972c032ce709ada69e8d8177e195c7e416800757663b7420c22bda5f6328,562b5976c7f6d44b782498480fce54bad1e3142d9541438f6d7a42a876a3df87,0ecaf30ec3147260f584fff24f30e32a975cba82529f3d3c36d4c49ea0de712f
pre-refit-f66-v5,canonical:vle_obs_0142,vle_obs_0142-pco2,Hilliard2008,40.0,0.5910118202364048,28300.0,11668.543719848447,evaluated,f66d972c032ce709ada69e8d8177e195c7e416800757663b7420c22bda5f6328,562b5976c7f6d44b782498480fce54bad1e3142d9541438f6d7a42a876a3df87,0ecaf30ec3147260f584fff24f30e32a975cba82529f3d3c36d4c49ea0de712f
pre-refit-f66-v5,canonical:vle_obs_0143,vle_obs_0143-pco2,Hilliard2008,60.0,0.11400228004560092,19.400000000000002,13.45680850167168,evaluated,f66d972c032ce709ada69e8d8177e195c7e416800757663b7420c22bda5f6328,562b5976c7f6d44b782498480fce54bad1e3142d9541438f6d7a42a876a3df87,0ecaf30ec3147260f584fff24f30e32a975cba82529f3d3c36d4c49ea0de712f
pre-refit-f66-v5,canonical:vle_obs_0144,vle_obs_0144-pco2,Hilliard2008,60.0,0.19100382007640154,58.9,59.54230748013779,evaluated,f66d972c032ce709ada69e8d8177e195c7e416800757663b7420c22bda5f6328,562b5976c7f6d44b782498480fce54bad1e3142d9541438f6d7a42a876a3df87,0ecaf30ec3147260f584fff24f30e32a975cba82529f3d3c36d4c49ea0de712f
pre-refit-f66-v5,canonical:vle_obs_0145,vle_obs_0145-pco2,Hilliard2008,60.0,0.2910058201164023,209.0,328.4305430567502,evaluated,f66d972c032ce709ada69e8d8177e195c7e416800757663b7420c22bda5f6328,562b5976c7f6d44b782498480fce54bad1e3142d9541438f6d7a42a876a3df87,0ecaf30ec3147260f584fff24f30e32a975cba82529f3d3c36d4c49ea0de712f
pre-refit-f66-v5,canonical:vle_obs_0146,vle_obs_0146-pco2,Hilliard2008,60.0,0.3860077201544031,763.0,1771.0909825179667,evaluated,f66d972c032ce709ada69e8d8177e195c7e416800757663b7420c22bda5f6328,562b5976c7f6d44b782498480fce54bad1e3142d9541438f6d7a42a876a3df87,0ecaf30ec3147260f584fff24f30e32a975cba82529f3d3c36d4c49ea0de712f
pre-refit-f66-v5,canonical:vle_obs_0147,vle_obs_0147-pco2,Hilliard2008,60.0,0.48500970019400386,4860.0,11113.939530704183,evaluated,f66d972c032ce709ada69e8d8177e195c7e416800757663b7420c22bda5f6328,562b5976c7f6d44b782498480fce54bad1e3142d9541438f6d7a42a876a3df87,0ecaf30ec3147260f584fff24f30e32a975cba82529f3d3c36d4c49ea0de712f
pre-refit-f66-v5,canonical:vle_obs_0148,vle_obs_0148-pco2,Hilliard2008,60.0,0.5440108802176044,25800.0,28402.51965494345,evaluated,f66d972c032ce709ada69e8d8177e195c7e416800757663b7420c22bda5f6328,562b5976c7f6d44b782498480fce54bad1e3142d9541438f6d7a42a876a3df87,0ecaf30ec3147260f584fff24f30e32a975cba82529f3d3c36d4c49ea0de712f
pre-refit-f66-v5,canonical:vle_obs_0162,vle_obs_0162-pco2,Idris2014,40.0,0.24200484009680193,21.0,21.20174919932951,evaluated,f66d972c032ce709ada69e8d8177e195c7e416800757663b7420c22bda5f6328,562b5976c7f6d44b782498480fce54bad1e3142d9541438f6d7a42a876a3df87,0ecaf30ec3147260f584fff24f30e32a975cba82529f3d3c36d4c49ea0de712f
pre-refit-f66-v5,canonical:vle_obs_0163,vle_obs_0163-pco2,Idris2014,40.0,0.3210064201284026,38.0,82.39366865869655,evaluated,f66d972c032ce709ada69e8d8177e195c7e416800757663b7420c22bda5f6328,562b5976c7f6d44b782498480fce54bad1e3142d9541438f6d7a42a876a3df87,0ecaf30ec3147260f584fff24f30e32a975cba82529f3d3c36d4c49ea0de712f
pre-refit-f66-v5,canonical:vle_obs_0164,vle_obs_0164-pco2,Idris2014,40.0,0.33000660013200267,43.0,96.70340028518937,evaluated,f66d972c032ce709ada69e8d8177e195c7e416800757663b7420c22bda5f6328,562b5976c7f6d44b782498480fce54bad1e3142d9541438f6d7a42a876a3df87,0ecaf30ec3147260f584fff24f30e32a975cba82529f3d3c36d4c49ea0de712f
pre-refit-f66-v5,canonical:vle_obs_0165,vle_obs_0165-pco2,Idris2014,40.0,0.3450069001380027,50.0,126.8017990093339,evaluated,f66d972c032ce709ada69e8d8177e195c7e416800757663b7420c22bda5f6328,562b5976c7f6d44b782498480fce54bad1e3142d9541438f6d7a42a876a3df87,0ecaf30ec3147260f584fff24f30e32a975cba82529f3d3c36d4c49ea0de712f
pre-refit-f66-v5,canonical:vle_obs_0166,vle_obs_0166-pco2,Idris2014,40.0,0.3520070401408028,64.0,144.170444106517,evaluated,f66d972c032ce709ada69e8d8177e195c7e416800757663b7420c22bda5f6328,562b5976c7f6d44b782498480fce54bad1e3142d9541438f6d7a42a876a3df87,0ecaf30ec3147260f584fff24f30e32a975cba82529f3d3c36d4c49ea0de712f
pre-refit-f66-v5,canonical:vle_obs_0167,vle_obs_0167-pco2,Idris2014,40.0,0.3550071001420028,97.0,152.38493104835797,evaluated,f66d972c032ce709ada69e8d8177e195c7e416800757663b7420c22bda5f6328,562b5976c7f6d44b782498480fce54bad1e3142d9541438f6d7a42a876a3df87,0ecaf30ec3147260f584fff24f30e32a975cba82529f3d3c36d4c49ea0de712f
pre-refit-f66-v5,canonical:vle_obs_0168,vle_obs_0168-pco2,Idris2014,40.0,0.375007500150003,107.0,221.91231566986337,evaluated,f66d972c032ce709ada69e8d8177e195c7e416800757663b7420c22bda5f6328,562b5976c7f6d44b782498480fce54bad1e3142d9541438f6d7a42a876a3df87,0ecaf30ec3147260f584fff24f30e32a975cba82529f3d3c36d4c49ea0de712f
pre-refit-f66-v5,canonical:vle_obs_0169,vle_obs_0169-pco2,Idris2014,40.0,0.377007540150803,123.0,230.55927490590832,evaluated,f66d972c032ce709ada69e8d8177e195c7e416800757663b7420c22bda5f6328,562b5976c7f6d44b782498480fce54bad1e3142d9541438f6d7a42a876a3df87,0ecaf30ec3147260f584fff24f30e32a975cba82529f3d3c36d4c49ea0de712f
pre-refit-f66-v5,canonical:vle_obs_0170,vle_obs_0170-pco2,Idris2014,40.0,0.4360087201744035,445.0,748.3910549048812,evaluated,f66d972c032ce709ada69e8d8177e195c7e416800757663b7420c22bda5f6328,562b5976c7f6d44b782498480fce54bad1e3142d9541438f6d7a42a876a3df87,0ecaf30ec3147260f584fff24f30e32a975cba82529f3d3c36d4c49ea0de712f
pre-refit-f66-v5,canonical:vle_obs_0171,vle_obs_0171-pco2,Idris2014,40.0,0.4600092001840037,813.0,1228.5819105229846,evaluated,f66d972c032ce709ada69e8d8177e195c7e416800757663b7420c22bda5f6328,562b5976c7f6d44b782498480fce54bad1e3142d9541438f6d7a42a876a3df87,0ecaf30ec3147260f584fff24f30e32a975cba82529f3d3c36d4c49ea0de712f
pre-refit-f66-v5,canonical:vle_obs_0186,vle_obs_0186-pco2,Jou1995,40.0,0.08880177603552071,1.47,1.0960388994346881,evaluated,f66d972c032ce709ada69e8d8177e195c7e416800757663b7420c22bda5f6328,562b5976c7f6d44b782498480fce54bad1e3142d9541438f6d7a42a876a3df87,0ecaf30ec3147260f584fff24f30e32a975cba82529f3d3c36d4c49ea0de712f
pre-refit-f66-v5,canonical:vle_obs_0187,vle_obs_0187-pco2,Jou1995,40.0,0.20300406008120164,8.959999999999999,10.879209283694575,evaluated,f66d972c032ce709ada69e8d8177e195c7e416800757663b7420c22bda5f6328,562b5976c7f6d44b782498480fce54bad1e3142d9541438f6d7a42a876a3df87,0ecaf30ec3147260f584fff24f30e32a975cba82529f3d3c36d4c49ea0de712f
pre-refit-f66-v5,canonical:vle_obs_0188,vle_obs_0188-pco2,Jou1995,40.0,0.3650073001460029,67.7,183.62859552543352,evaluated,f66d972c032ce709ada69e8d8177e195c7e416800757663b7420c22bda5f6328,562b5976c7f6d44b782498480fce54bad1e3142d9541438f6d7a42a876a3df87,0ecaf30ec3147260f584fff24f30e32a975cba82529f3d3c36d4c49ea0de712f
pre-refit-f66-v5,canonical:vle_obs_0189,vle_obs_0189-pco2,Jou1995,40.0,0.47350947018940376,604.0,1620.269868264117,evaluated,f66d972c032ce709ada69e8d8177e195c7e416800757663b7420c22bda5f6328,562b5976c7f6d44b782498480fce54bad1e3142d9541438f6d7a42a876a3df87,0ecaf30ec3147260f584fff24f30e32a975cba82529f3d3c36d4c49ea0de712f
pre-refit-f66-v5,canonical:vle_obs_0190,vle_obs_0190-pco2,Jou1995,40.0,0.5130102602052041,2570.0,3499.695344593716,evaluated,f66d972c032ce709ada69e8d8177e195c7e416800757663b7420c22bda5f6328,562b5976c7f6d44b782498480fce54bad1e3142d9541438f6d7a42a876a3df87,0ecaf30ec3147260f584fff24f30e32a975cba82529f3d3c36d4c49ea0de712f
pre-refit-f66-v5,canonical:vle_obs_0191,vle_obs_0191-pco2,Jou1995,40.0,0.5570111402228045,8090.0,7307.609216195153,evaluated,f66d972c032ce709ada69e8d8177e195c7e416800757663b7420c22bda5f6328,562b5976c7f6d44b782498480fce54bad1e3142d9541438f6d7a42a876a3df87,0ecaf30ec3147260f584fff24f30e32a975cba82529f3d3c36d4c49ea0de712f
pre-refit-f66-v5,canonical:vle_obs_0192,vle_obs_0192-pco2,Jou1995,40.0,0.6090121802436048,36100.0,14478.800569351155,evaluated,f66d972c032ce709ada69e8d8177e195c7e416800757663b7420c22bda5f6328,562b5976c7f6d44b782498480fce54bad1e3142d9541438f6d7a42a876a3df87,0ecaf30ec3147260f584fff24f30e32a975cba82529f3d3c36d4c49ea0de712f
pre-refit-f66-v5,canonical:vle_obs_0193,vle_obs_0193-pco2,Jou1995,40.0,0.6420128402568052,103000.0,20502.709009165337,evaluated,f66d972c032ce709ada69e8d8177e195c7e416800757663b7420c22bda5f6328,562b5976c7f6d44b782498480fce54bad1e3142d9541438f6d7a42a876a3df87,0ecaf30ec3147260f584fff24f30e32a975cba82529f3d3c36d4c49ea0de712f
pre-refit-f66-v5,canonical:vle_obs_0194,vle_obs_0194-pco2,Jou1995,60.0,0.05640112802256045,4.28,2.781760687622759,evaluated,f66d972c032ce709ada69e8d8177e195c7e416800757663b7420c22bda5f6328,562b5976c7f6d44b782498480fce54bad1e3142d9541438f6d7a42a876a3df87,0ecaf30ec3147260f584fff24f30e32a975cba82529f3d3c36d4c49ea0de712f
pre-refit-f66-v5,canonical:vle_obs_0195,vle_obs_0195-pco2,Jou1995,60.0,0.11900238004760096,19.3,15.006094529160313,evaluated,f66d972c032ce709ada69e8d8177e195c7e416800757663b7420c22bda5f6328,562b5976c7f6d44b782498480fce54bad1e3142d9541438f6d7a42a876a3df87,0ecaf30ec3147260f584fff24f30e32a975cba82529f3d3c36d4c49ea0de712f
pre-refit-f66-v5,canonical:vle_obs_0196,vle_obs_0196-pco2,Jou1995,60.0,0.20600412008240165,57.9,77.36249888794487,evaluated,f66d972c032ce709ada69e8d8177e195c7e416800757663b7420c22bda5f6328,562b5976c7f6d44b782498480fce54bad1e3142d9541438f6d7a42a876a3df87,0ecaf30ec3147260f584fff24f30e32a975cba82529f3d3c36d4c49ea0de712f
pre-refit-f66-v5,canonical:vle_obs_0197,vle_obs_0197-pco2,Jou1995,60.0,0.3890077801556031,528.0,1872.3414766309184,evaluated,f66d972c032ce709ada69e8d8177e195c7e416800757663b7420c22bda5f6328,562b5976c7f6d44b782498480fce54bad1e3142d9541438f6d7a42a876a3df87,0ecaf30ec3147260f584fff24f30e32a975cba82529f3d3c36d4c49ea0de712f
pre-refit-f66-v5,canonical:vle_obs_0198,vle_obs_0198-pco2,Jou1995,60.0,0.4380087601752035,2009.9999999999998,4697.430505177072,evaluated,f66d972c032ce709ada69e8d8177e195c7e416800757663b7420c22bda5f6328,562b5976c7f6d44b782498480fce54bad1e3142d9541438f6d7a42a876a3df87,0ecaf30ec3147260f584fff24f30e32a975cba82529f3d3c36d4c49ea0de712f
pre-refit-f66-v5,canonical:vle_obs_0199,vle_obs_0199-pco2,Jou1995,60.0,0.5040100802016041,11000.0,15374.582613079878,evaluated,f66d972c032ce709ada69e8d8177e195c7e416800757663b7420c22bda5f6328,562b5976c7f6d44b782498480fce54bad1e3142d9541438f6d7a42a876a3df87,0ecaf30ec3147260f584fff24f30e32a975cba82529f3d3c36d4c49ea0de712f
pre-refit-f66-v5,canonical:vle_obs_0200,vle_obs_0200-pco2,Jou1995,60.0,0.5610112202244045,34000.0,35729.85612866922,evaluated,f66d972c032ce709ada69e8d8177e195c7e416800757663b7420c22bda5f6328,562b5976c7f6d44b782498480fce54bad1e3142d9541438f6d7a42a876a3df87,0ecaf30ec3147260f584fff24f30e32a975cba82529f3d3c36d4c49ea0de712f
pre-refit-f66-v5,canonical:vle_obs_0201,vle_obs_0201-pco2,Jou1995,60.0,0.5790115802316046,82000.0,44653.49062888416,evaluated,f66d972c032ce709ada69e8d8177e195c7e416800757663b7420c22bda5f6328,562b5976c7f6d44b782498480fce54bad1e3142d9541438f6d7a42a876a3df87,0ecaf30ec3147260f584fff24f30e32a975cba82529f3d3c36d4c49ea0de712f
pre-refit-f66-v5,canonical:vle_obs_0202,vle_obs_0202-pco2,Jou1995,60.0,0.6680133602672054,282000.0,104486.81453294691,evaluated,f66d972c032ce709ada69e8d8177e195c7e416800757663b7420c22bda5f6328,562b5976c7f6d44b782498480fce54bad1e3142d9541438f6d7a42a876a3df87,0ecaf30ec3147260f584fff24f30e32a975cba82529f3d3c36d4c49ea0de712f
pre-refit-f66-v5,canonical:vle_obs_0203,vle_obs_0203-pco2,Jou1995,80.0,0.017400348006960137,2.96,1.7553841627713072,evaluated,f66d972c032ce709ada69e8d8177e195c7e416800757663b7420c22bda5f6328,562b5976c7f6d44b782498480fce54bad1e3142d9541438f6d7a42a876a3df87,0ecaf30ec3147260f584fff24f30e32a975cba82529f3d3c36d4c49ea0de712f
pre-refit-f66-v5,canonical:vle_obs_0204,vle_obs_0204-pco2,Jou1995,80.0,0.02360047200944019,4.84,3.060692115294403,evaluated,f66d972c032ce709ada69e8d8177e195c7e416800757663b7420c22bda5f6328,562b5976c7f6d44b782498480fce54bad1e3142d9541438f6d7a42a876a3df87,0ecaf30ec3147260f584fff24f30e32a975cba82529f3d3c36d4c49ea0de712f
pre-refit-f66-v5,canonical:vle_obs_0205,vle_obs_0205-pco2,Jou1995,80.0,0.07810156203124063,46.5,32.318169615780086,evaluated,f66d972c032ce709ada69e8d8177e195c7e416800757663b7420c22bda5f6328,562b5976c7f6d44b782498480fce54bad1e3142d9541438f6d7a42a876a3df87,0ecaf30ec3147260f584fff24f30e32a975cba82529f3d3c36d4c49ea0de712f
pre-refit-f66-v5,canonical:vle_obs_0206,vle_obs_0206-pco2,Jou1995,80.0,0.11800236004720094,99.2,85.27729642306956,evaluated,f66d972c032ce709ada69e8d8177e195c7e416800757663b7420c22bda5f6328,562b5976c7f6d44b782498480fce54bad1e3142d9541438f6d7a42a876a3df87,0ecaf30ec3147260f584fff24f30e32a975cba82529f3d3c36d4c49ea0de712f
pre-refit-f66-v5,canonical:vle_obs_0207,vle_obs_0207-pco2,Jou1995,80.0,0.1870037400748015,278.0,319.6328590217146,evaluated,f66d972c032ce709ada69e8d8177e195c7e416800757663b7420c22bda5f6328,562b5976c7f6d44b782498480fce54bad1e3142d9541438f6d7a42a876a3df87,0ecaf30ec3147260f584fff24f30e32a975cba82529f3d3c36d4c49ea0de712f
pre-refit-f66-v5,canonical:vle_obs_0208,vle_obs_0208-pco2,Jou1995,80.0,0.3480069601392028,2670.0,4878.348981270183,evaluated,f66d972c032ce709ada69e8d8177e195c7e416800757663b7420c22bda5f6328,562b5976c7f6d44b782498480fce54bad1e3142d9541438f6d7a42a876a3df87,0ecaf30ec3147260f584fff24f30e32a975cba82529f3d3c36d4c49ea0de712f
pre-refit-f66-v5,canonical:vle_obs_0209,vle_obs_0209-pco2,Jou1995,80.0,0.4600092001840037,16000.0,34059.134934026406,evaluated,f66d972c032ce709ada69e8d8177e195c7e416800757663b7420c22bda5f6328,562b5976c7f6d44b782498480fce54bad1e3142d9541438f6d7a42a876a3df87,0ecaf30ec3147260f584fff24f30e32a975cba82529f3d3c36d4c49ea0de712f
pre-refit-f66-v5,canonical:vle_obs_0210,vle_obs_0210-pco2,Jou1995,80.0,0.5170103402068041,56000.0,81612.28015130457,evaluated,f66d972c032ce709ada69e8d8177e195c7e416800757663b7420c22bda5f6328,562b5976c7f6d44b782498480fce54bad1e3142d9541438f6d7a42a876a3df87,0ecaf30ec3147260f584fff24f30e32a975cba82529f3d3c36d4c49ea0de712f
pre-refit-f66-v5,canonical:vle_obs_0211,vle_obs_0211-pco2,Jou1995,80.0,0.5785115702314046,235000.0,170646.83645756313,evaluated,f66d972c032ce709ada69e8d8177e195c7e416800757663b7420c22bda5f6328,562b5976c7f6d44b782498480fce54bad1e3142d9541438f6d7a42a876a3df87,0ecaf30ec3147260f584fff24f30e32a975cba82529f3d3c36d4c49ea0de712f
pre-refit-f66-v5,canonical:vle_obs_0212,vle_obs_0212-pco2,Jou1995,80.0,0.6400128002560052,558000.0,291886.29870524217,evaluated,f66d972c032ce709ada69e8d8177e195c7e416800757663b7420c22bda5f6328,562b5976c7f6d44b782498480fce54bad1e3142d9541438f6d7a42a876a3df87,0ecaf30ec3147260f584fff24f30e32a975cba82529f3d3c36d4c49ea0de712f
pre-refit-f66-v5,canonical:vle_obs_0213,vle_obs_0213-pco2,Jou1995,80.0,0.6890137802756054,958000.0,402265.5230603778,evaluated,f66d972c032ce709ada69e8d8177e195c7e416800757663b7420c22bda5f6328,562b5976c7f6d44b782498480fce54bad1e3142d9541438f6d7a42a876a3df87,0ecaf30ec3147260f584fff24f30e32a975cba82529f3d3c36d4c49ea0de712f
pre-refit-f66-v5,canonical:vle_obs_0214,vle_obs_0214-pco2,Jou1995,100.0,0.011700234004680093,7.24,4.510480002759654,evaluated,f66d972c032ce709ada69e8d8177e195c7e416800757663b7420c22bda5f6328,562b5976c7f6d44b782498480fce54bad1e3142d9541438f6d7a42a876a3df87,0ecaf30ec3147260f584fff24f30e32a975cba82529f3d3c36d4c49ea0de712f
pre-refit-f66-v5,canonical:vle_obs_0215,vle_obs_0215-pco2,Jou1995,100.0,0.05660113202264045,136.0,85.14557220842293,evaluated,f66d972c032ce709ada69e8d8177e195c7e416800757663b7420c22bda5f6328,562b5976c7f6d44b782498480fce54bad1e3142d9541438f6d7a42a876a3df87,0ecaf30ec3147260f584fff24f30e32a975cba82529f3d3c36d4c49ea0de712f
pre-refit-f66-v5,canonical:vle_obs_0216,vle_obs_0216-pco2,Jou1995,100.0,0.1880037600752015,1430.0,1657.2839934082695,evaluated,f66d972c032ce709ada69e8d8177e195c7e416800757663b7420c22bda5f6328,562b5976c7f6d44b782498480fce54bad1e3142d9541438f6d7a42a876a3df87,0ecaf30ec3147260f584fff24f30e32a975cba82529f3d3c36d4c49ea0de712f
pre-refit-f66-v5,canonical:vle_obs_0217,vle_obs_0217-pco2,Jou1995,100.0,0.3810076201524031,19000.0,40159.10493161468,evaluated,f66d972c032ce709ada69e8d8177e195c7e416800757663b7420c22bda5f6328,562b5976c7f6d44b782498480fce54bad1e3142d9541438f6d7a42a876a3df87,0ecaf30ec3147260f584fff24f30e32a975cba82529f3d3c36d4c49ea0de712f
pre-refit-f66-v5,canonical:vle_obs_0218,vle_obs_0218-pco2,Jou1995,100.0,0.42200844016880334,39000.0,77745.4600612275,evaluated,f66d972c032ce709ada69e8d8177e195c7e416800757663b7420c22bda5f6328,562b5976c7f6d44b782498480fce54bad1e3142d9541438f6d7a42a876a3df87,0ecaf30ec3147260f584fff24f30e32a975cba82529f3d3c36d4c49ea0de712f
pre-refit-f66-v5,canonical:vle_obs_0219,vle_obs_0219-pco2,Jou1995,100.0,0.4770095401908038,69000.0,175159.10312431992,evaluated,f66d972c032ce709ada69e8d8177e195c7e416800757663b7420c22bda5f6328,562b5976c7f6d44b782498480fce54bad1e3142d9541438f6d7a42a876a3df87,0ecaf30ec3147260f584fff24f30e32a975cba82529f3d3c36d4c49ea0de712f
pre-refit-f66-v5,canonical:vle_obs_0220,vle_obs_0220-pco2,Jou1995,100.0,0.48100962019240384,109000.0,184854.89530814573,evaluated,f66d972c032ce709ada69e8d8177e195c7e416800757663b7420c22bda5f6328,562b5976c7f6d44b782498480fce54bad1e3142d9541438f6d7a42a876a3df87,0ecaf30ec3147260f584fff24f30e32a975cba82529f3d3c36d4c49ea0de712f
pre-refit-f66-v5,canonical:vle_obs_0221,vle_obs_0221-pco2,Jou1995,100.0,0.5710114202284046,509000.0,494013.4776765021,evaluated,f66d972c032ce709ada69e8d8177e195c7e416800757663b7420c22bda5f6328,562b5976c7f6d44b782498480fce54bad1e3142d9541438f6d7a42a876a3df87,0ecaf30ec3147260f584fff24f30e32a975cba82529f3d3c36d4c49ea0de712f
pre-refit-f66-v5,canonical:vle_obs_0222,vle_obs_0222-pco2,Jou1995,100.0,0.5890117802356047,376000.0,572185.2880267741,evaluated,f66d972c032ce709ada69e8d8177e195c7e416800757663b7420c22bda5f6328,562b5976c7f6d44b782498480fce54bad1e3142d9541438f6d7a42a876a3df87,0ecaf30ec3147260f584fff24f30e32a975cba82529f3d3c36d4c49ea0de712f
pre-refit-f66-v5,canonical:vle_obs_0223,vle_obs_0223-pco2,Jou1995,100.0,0.613512270245405,909000.0,683667.4281653974,evaluated,f66d972c032ce709ada69e8d8177e195c7e416800757663b7420c22bda5f6328,562b5976c7f6d44b782498480fce54bad1e3142d9541438f6d7a42a876a3df87,0ecaf30ec3147260f584fff24f30e32a975cba82529f3d3c36d4c49ea0de712f
pre-refit-f66-v5,canonical:vle_obs_0224,vle_obs_0224-pco2,Jou1995,120.0,0.0033300666013320267,2.02,2.433126880954417,evaluated,f66d972c032ce709ada69e8d8177e195c7e416800757663b7420c22bda5f6328,562b5976c7f6d44b782498480fce54bad1e3142d9541438f6d7a42a876a3df87,0ecaf30ec3147260f584fff24f30e32a975cba82529f3d3c36d4c49ea0de712f
pre-refit-f66-v5,canonical:vle_obs_0225,vle_obs_0225-pco2,Jou1995,120.0,0.01120022400448009,22.1,19.774947720929543,evaluated,f66d972c032ce709ada69e8d8177e195c7e416800757663b7420c22bda5f6328,562b5976c7f6d44b782498480fce54bad1e3142d9541438f6d7a42a876a3df87,0ecaf30ec3147260f584fff24f30e32a975cba82529f3d3c36d4c49ea0de712f
pre-refit-f66-v5,canonical:vle_obs_0226,vle_obs_0226-pco2,Jou1995,120.0,0.024700494009880197,98.4,82.25449074976613,evaluated,f66d972c032ce709ada69e8d8177e195c7e416800757663b7420c22bda5f6328,562b5976c7f6d44b782498480fce54bad1e3142d9541438f6d7a42a876a3df87,0ecaf30ec3147260f584fff24f30e32a975cba82529f3d3c36d4c49ea0de712f
pre-refit-f66-v5,canonical:vle_obs_0227,vle_obs_0227-pco2,Jou1995,120.0,0.11900238004760096,2290.0,2089.9087927969244,evaluated,f66d972c032ce709ada69e8d8177e195c7e416800757663b7420c22bda5f6328,562b5976c7f6d44b782498480fce54bad1e3142d9541438f6d7a42a876a3df87,0ecaf30ec3147260f584fff24f30e32a975cba82529f3d3c36d4c49ea0de712f
pre-refit-f66-v5,canonical:vle_obs_0228,vle_obs_0228-pco2,Jou1995,120.0,0.3490069801396028,46800.0,99076.14750804965,evaluated,f66d972c032ce709ada69e8d8177e195c7e416800757663b7420c22bda5f6328,562b5976c7f6d44b782498480fce54bad1e3142d9541438f6d7a42a876a3df87,0ecaf30ec3147260f584fff24f30e32a975cba82529f3d3c36d4c49ea0de712f
pre-refit-f66-v5,canonical:vle_obs_0229,vle_obs_0229-pco2,Jou1995,120.0,0.41150823016460325,122000.0,244643.35350298134,evaluated,f66d972c032ce709ada69e8d8177e195c7e416800757663b7420c22bda5f6328,562b5976c7f6d44b782498480fce54bad1e3142d9541438f6d7a42a876a3df87,0ecaf30ec3147260f584fff24f30e32a975cba82529f3d3c36d4c49ea0de712f
pre-refit-f66-v5,canonical:vle_obs_0230,vle_obs_0230-pco2,Jou1995,120.0,0.4440088801776036,222000.0,371892.266827178,evaluated,f66d972c032ce709ada69e8d8177e195c7e416800757663b7420c22bda5f6328,562b5976c7f6d44b782498480fce54bad1e3142d9541438f6d7a42a876a3df87,0ecaf30ec3147260f584fff24f30e32a975cba82529f3d3c36d4c49ea0de712f
pre-refit-f66-v5,canonical:vle_obs_0231,vle_obs_0231-pco2,Jou1995,120.0,0.47300946018920376,422000.0,518821.86765051144,evaluated,f66d972c032ce709ada69e8d8177e195c7e416800757663b7420c22bda5f6328,562b5976c7f6d44b782498480fce54bad1e3142d9541438f6d7a42a876a3df87,0ecaf30ec3147260f584fff24f30e32a975cba82529f3d3c36d4c49ea0de712f
pre-refit-f66-v5,canonical:vle_obs_0232,vle_obs_0232-pco2,Jou1995,120.0,0.5360107202144043,822000.0,930654.3169090991,evaluated,f66d972c032ce709ada69e8d8177e195c7e416800757663b7420c22bda5f6328,562b5976c7f6d44b782498480fce54bad1e3142d9541438f6d7a42a876a3df87,0ecaf30ec3147260f584fff24f30e32a975cba82529f3d3c36d4c49ea0de712f
pre-refit-f66-v5,canonical:vle_obs_0233,vle_obs_0233-pco2,Jou1995,120.0,0.6390127802556052,2804000.0,1743925.2639528338,evaluated,f66d972c032ce709ada69e8d8177e195c7e416800757663b7420c22bda5f6328,562b5976c7f6d44b782498480fce54bad1e3142d9541438f6d7a42a876a3df87,0ecaf30ec3147260f584fff24f30e32a975cba82529f3d3c36d4c49ea0de712f
pre-refit-f66-v5,canonical:vle_obs_0246,vle_obs_0246-pco2,Mamun2005,120.0,0.15500310006200124,7354.0,4240.694565303123,evaluated,f66d972c032ce709ada69e8d8177e195c7e416800757663b7420c22bda5f6328,562b5976c7f6d44b782498480fce54bad1e3142d9541438f6d7a42a876a3df87,0ecaf30ec3147260f584fff24f30e32a975cba82529f3d3c36d4c49ea0de712f
pre-refit-f66-v5,canonical:vle_obs_0247,vle_obs_0247-pco2,Mamun2005,120.0,0.17660353207064142,9314.0,6251.502025125021,evaluated,f66d972c032ce709ada69e8d8177e195c7e416800757663b7420c22bda5f6328,562b5976c7f6d44b782498480fce54bad1e3142d9541438f6d7a42a876a3df87,0ecaf30ec3147260f584fff24f30e32a975cba82529f3d3c36d4c49ea0de712f
pre-refit-f66-v5,canonical:vle_obs_0248,vle_obs_0248-pco2,Mamun2005,120.0,0.18430368607372147,9045.0,7147.045601436521,evaluated,f66d972c032ce709ada69e8d8177e195c7e416800757663b7420c22bda5f6328,562b5976c7f6d44b782498480fce54bad1e3142d9541438f6d7a42a876a3df87,0ecaf30ec3147260f584fff24f30e32a975cba82529f3d3c36d4c49ea0de712f
pre-refit-f66-v5,canonical:vle_obs_0249,vle_obs_0249-pco2,Mamun2005,120.0,0.20850417008340166,15510.0,10763.142940394033,evaluated,f66d972c032ce709ada69e8d8177e195c7e416800757663b7420c22bda5f6328,562b5976c7f6d44b782498480fce54bad1e3142d9541438f6d7a42a876a3df87,0ecaf30ec3147260f584fff24f30e32a975cba82529f3d3c36d4c49ea0de712f
pre-refit-f66-v5,canonical:vle_obs_0250,vle_obs_0250-pco2,Mamun2005,120.0,0.23260465209304187,19620.0,15980.334832088714,evaluated,f66d972c032ce709ada69e8d8177e195c7e416800757663b7420c22bda5f6328,562b5976c7f6d44b782498480fce54bad1e3142d9541438f6d7a42a876a3df87,0ecaf30ec3147260f584fff24f30e32a975cba82529f3d3c36d4c49ea0de712f
pre-refit-f66-v5,canonical:vle_obs_0251,vle_obs_0251-pco2,Mamun2005,120.0,0.23810476209524192,25200.0,17466.550529303386,evaluated,f66d972c032ce709ada69e8d8177e195c7e416800757663b7420c22bda5f6328,562b5976c7f6d44b782498480fce54bad1e3142d9541438f6d7a42a876a3df87,0ecaf30ec3147260f584fff24f30e32a975cba82529f3d3c36d4c49ea0de712f
pre-refit-f66-v5,canonical:vle_obs_0252,vle_obs_0252-pco2,Mamun2005,120.0,0.25600512010240206,27710.0,23271.798599548256,evaluated,f66d972c032ce709ada69e8d8177e195c7e416800757663b7420c22bda5f6328,562b5976c7f6d44b782498480fce54bad1e3142d9541438f6d7a42a876a3df87,0ecaf30ec3147260f584fff24f30e32a975cba82529f3d3c36d4c49ea0de712f
pre-refit-f66-v5,canonical:vle_obs_0253,vle_obs_0253-pco2,Mamun2005,120.0,0.29010580211604237,39180.0,39888.06687260343,evaluated,f66d972c032ce709ada69e8d8177e195c7e416800757663b7420c22bda5f6328,562b5976c7f6d44b782498480fce54bad1e3142d9541438f6d7a42a876a3df87,0ecaf30ec3147260f584fff24f30e32a975cba82529f3d3c36d4c49ea0de712f
pre-refit-f66-v5,canonical:vle_obs_0254,vle_obs_0254-pco2,Mamun2005,120.0,0.2967059341186824,40400.0,44230.60276720217,evaluated,f66d972c032ce709ada69e8d8177e195c7e416800757663b7420c22bda5f6328,562b5976c7f6d44b782498480fce54bad1e3142d9541438f6d7a42a876a3df87,0ecaf30ec3147260f584fff24f30e32a975cba82529f3d3c36d4c49ea0de712f
pre-refit-f66-v5,canonical:vle_obs_0255,vle_obs_0255-pco2,Mamun2005,120.0,0.3004060081201624,43490.0,46862.680888750176,evaluated,f66d972c032ce709ada69e8d8177e195c7e416800757663b7420c22bda5f6328,562b5976c7f6d44b782498480fce54bad1e3142d9541438f6d7a42a876a3df87,0ecaf30ec3147260f584fff24f30e32a975cba82529f3d3c36d4c49ea0de712f
pre-refit-f66-v5,canonical:vle_obs_0256,vle_obs_0256-pco2,Mamun2005,120.0,0.3125062501250025,51820.0,56576.19053905959,evaluated,f66d972c032ce709ada69e8d8177e195c7e416800757663b7420c22bda5f6328,562b5976c7f6d44b782498480fce54bad1e3142d9541438f6d7a42a876a3df87,0ecaf30ec3147260f584fff24f30e32a975cba82529f3d3c36d4c49ea0de712f
pre-refit-f66-v5,canonical:vle_obs_0257,vle_obs_0257-pco2,Mamun2005,120.0,0.31910638212764253,58570.0,62669.02345005482,evaluated,f66d972c032ce709ada69e8d8177e195c7e416800757663b7420c22bda5f6328,562b5976c7f6d44b782498480fce54bad1e3142d9541438f6d7a42a876a3df87,0ecaf30ec3147260f584fff24f30e32a975cba82529f3d3c36d4c49ea0de712f
pre-refit-f66-v5,canonical:vle_obs_0258,vle_obs_0258-pco2,Mamun2005,120.0,0.32980659613192265,62880.0,73912.45713074876,evaluated,f66d972c032ce709ada69e8d8177e195c7e416800757663b7420c22bda5f6328,562b5976c7f6d44b782498480fce54bad1e3142d9541438f6d7a42a876a3df87,0ecaf30ec3147260f584fff24f30e32a975cba82529f3d3c36d4c49ea0de712f
pre-refit-f66-v5,canonical:vle_obs_0259,vle_obs_0259-pco2,Mamun2005,120.0,0.3424068481369627,77590.0,89629.4124893979,evaluated,f66d972c032ce709ada69e8d8177e195c7e416800757663b7420c22bda5f6328,562b5976c7f6d44b782498480fce54bad1e3142d9541438f6d7a42a876a3df87,0ecaf30ec3147260f584fff24f30e32a975cba82529f3d3c36d4c49ea0de712f
pre-refit-f66-v5,canonical:vle_obs_0260,vle_obs_0260-pco2,Mamun2005,120.0,0.3424068481369627,74950.0,89629.4124893979,evaluated,f66d972c032ce709ada69e8d8177e195c7e416800757663b7420c22bda5f6328,562b5976c7f6d44b782498480fce54bad1e3142d9541438f6d7a42a876a3df87,0ecaf30ec3147260f584fff24f30e32a975cba82529f3d3c36d4c49ea0de712f
pre-refit-f66-v5,canonical:vle_obs_0261,vle_obs_0261-pco2,Mamun2005,120.0,0.3500070001400028,83610.0,100586.47406970136,evaluated,f66d972c032ce709ada69e8d8177e195c7e416800757663b7420c22bda5f6328,562b5976c7f6d44b782498480fce54bad1e3142d9541438f6d7a42a876a3df87,0ecaf30ec3147260f584fff24f30e32a975cba82529f3d3c36d4c49ea0de712f
pre-refit-f66-v5,canonical:vle_obs_0262,vle_obs_0262-pco2,Mamun2005,120.0,0.3594071881437629,92790.0,115869.43867196732,evaluated,f66d972c032ce709ada69e8d8177e195c7e416800757663b7420c22bda5f6328,562b5976c7f6d44b782498480fce54bad1e3142d9541438f6d7a42a876a3df87,0ecaf30ec3147260f584fff24f30e32a975cba82529f3d3c36d4c49ea0de712f
pre-refit-f66-v5,canonical:vle_obs_0263,vle_obs_0263-pco2,Mamun2005,120.0,0.38820776415528313,137900.0,176767.10907844064,evaluated,f66d972c032ce709ada69e8d8177e195c7e416800757663b7420c22bda5f6328,562b5976c7f6d44b782498480fce54bad1e3142d9541438f6d7a42a876a3df87,0ecaf30ec3147260f584fff24f30e32a975cba82529f3d3c36d4c49ea0de712f
pre-refit-f66-v5,canonical:vle_obs_0264,vle_obs_0264-pco2,Mamun2005,120.0,0.41820836416728335,191900.0,267660.61231075187,evaluated,f66d972c032ce709ada69e8d8177e195c7e416800757663b7420c22bda5f6328,562b5976c7f6d44b782498480fce54bad1e3142d9541438f6d7a42a876a3df87,0ecaf30ec3147260f584fff24f30e32a975cba82529f3d3c36d4c49ea0de712f
pre-refit-f66-v5,canonical:vle_obs_0265,vle_obs_0265-pco2,Xu2011,100.0,0.3880077601552031,34000.0,45025.919463507176,evaluated,f66d972c032ce709ada69e8d8177e195c7e416800757663b7420c22bda5f6328,562b5976c7f6d44b782498480fce54bad1e3142d9541438f6d7a42a876a3df87,0ecaf30ec3147260f584fff24f30e32a975cba82529f3d3c36d4c49ea0de712f
pre-refit-f66-v5,canonical:vle_obs_0266,vle_obs_0266-pco2,Xu2011,100.0,0.4240084801696034,101000.0,80225.78271020182,evaluated,f66d972c032ce709ada69e8d8177e195c7e416800757663b7420c22bda5f6328,562b5976c7f6d44b782498480fce54bad1e3142d9541438f6d7a42a876a3df87,0ecaf30ec3147260f584fff24f30e32a975cba82529f3d3c36d4c49ea0de712f
pre-refit-f66-v5,canonical:vle_obs_0267,vle_obs_0267-pco2,Xu2011,100.0,0.4250085001700034,86000.0,81492.23891981275,evaluated,f66d972c032ce709ada69e8d8177e195c7e416800757663b7420c22bda5f6328,562b5976c7f6d44b782498480fce54bad1e3142d9541438f6d7a42a876a3df87,0ecaf30ec3147260f584fff24f30e32a975cba82529f3d3c36d4c49ea0de712f
pre-refit-f66-v5,canonical:vle_obs_0268,vle_obs_0268-pco2,Xu2011,100.0,0.501010020200404,167000.0,238941.71818484564,evaluated,f66d972c032ce709ada69e8d8177e195c7e416800757663b7420c22bda5f6328,562b5976c7f6d44b782498480fce54bad1e3142d9541438f6d7a42a876a3df87,0ecaf30ec3147260f584fff24f30e32a975cba82529f3d3c36d4c49ea0de712f
pre-refit-f66-v5,canonical:vle_obs_0269,vle_obs_0269-pco2,Xu2011,100.0,0.5200104002080042,233000.0,298753.5391123847,evaluated,f66d972c032ce709ada69e8d8177e195c7e416800757663b7420c22bda5f6328,562b5976c7f6d44b782498480fce54bad1e3142d9541438f6d7a42a876a3df87,0ecaf30ec3147260f584fff24f30e32a975cba82529f3d3c36d4c49ea0de712f
pre-refit-f66-v5,canonical:vle_obs_0270,vle_obs_0270-pco2,Xu2011,100.0,0.3150063001260025,16000.0,13580.233476026657,evaluated,f66d972c032ce709ada69e8d8177e195c7e416800757663b7420c22bda5f6328,562b5976c7f6d44b782498480fce54bad1e3142d9541438f6d7a42a876a3df87,0ecaf30ec3147260f584fff24f30e32a975cba82529f3d3c36d4c49ea0de712f
pre-refit-f66-v5,canonical:vle_obs_0271,vle_obs_0271-pco2,Xu2011,100.0,0.47500950019000376,95000.0,170451.4788856264,evaluated,f66d972c032ce709ada69e8d8177e195c7e416800757663b7420c22bda5f6328,562b5976c7f6d44b782498480fce54bad1e3142d9541438f6d7a42a876a3df87,0ecaf30ec3147260f584fff24f30e32a975cba82529f3d3c36d4c49ea0de712f
pre-refit-f66-v5,canonical:vle_obs_0272,vle_obs_0272-pco2,Xu2011,100.0,0.3150063001260025,12000.0,13580.233476026657,evaluated,f66d972c032ce709ada69e8d8177e195c7e416800757663b7420c22bda5f6328,562b5976c7f6d44b782498480fce54bad1e3142d9541438f6d7a42a876a3df87,0ecaf30ec3147260f584fff24f30e32a975cba82529f3d3c36d4c49ea0de712f
pre-refit-f66-v5,canonical:vle_obs_0279,vle_obs_0279-pco2,Xu2011,120.0,0.370007400148003,63000.0,135649.1204494546,evaluated,f66d972c032ce709ada69e8d8177e195c7e416800757663b7420c22bda5f6328,562b5976c7f6d44b782498480fce54bad1e3142d9541438f6d7a42a876a3df87,0ecaf30ec3147260f584fff24f30e32a975cba82529f3d3c36d4c49ea0de712f
pre-refit-f66-v5,canonical:vle_obs_0280,vle_obs_0280-pco2,Xu2011,120.0,0.3850077001540031,108000.0,168830.18904435792,evaluated,f66d972c032ce709ada69e8d8177e195c7e416800757663b7420c22bda5f6328,562b5976c7f6d44b782498480fce54bad1e3142d9541438f6d7a42a876a3df87,0ecaf30ec3147260f584fff24f30e32a975cba82529f3d3c36d4c49ea0de712f
pre-refit-f66-v5,canonical:vle_obs_0281,vle_obs_0281-pco2,Xu2011,120.0,0.3870077401548031,62000.0,173753.72619983254,evaluated,f66d972c032ce709ada69e8d8177e195c7e416800757663b7420c22bda5f6328,562b5976c7f6d44b782498480fce54bad1e3142d9541438f6d7a42a876a3df87,0ecaf30ec3147260f584fff24f30e32a975cba82529f3d3c36d4c49ea0de712f
pre-refit-f66-v5,canonical:vle_obs_0282,vle_obs_0282-pco2,Xu2011,120.0,0.42200844016880334,237000.0,281444.9005833123,evaluated,f66d972c032ce709ada69e8d8177e195c7e416800757663b7420c22bda5f6328,562b5976c7f6d44b782498480fce54bad1e3142d9541438f6d7a42a876a3df87,0ecaf30ec3147260f584fff24f30e32a975cba82529f3d3c36d4c49ea0de712f
pre-refit-f66-v5,canonical:vle_obs_0283,vle_obs_0283-pco2,Xu2011,120.0,0.4230084601692034,192000.0,285161.18432056403,evaluated,f66d972c032ce709ada69e8d8177e195c7e416800757663b7420c22bda5f6328,562b5976c7f6d44b782498480fce54bad1e3142d9541438f6d7a42a876a3df87,0ecaf30ec3147260f584fff24f30e32a975cba82529f3d3c36d4c49ea0de712f
pre-refit-f66-v5,canonical:vle_obs_0284,vle_obs_0284-pco2,Xu2011,120.0,0.49200984019680394,387000.0,631082.9441908916,evaluated,f66d972c032ce709ada69e8d8177e195c7e416800757663b7420c22bda5f6328,562b5976c7f6d44b782498480fce54bad1e3142d9541438f6d7a42a876a3df87,0ecaf30ec3147260f584fff24f30e32a975cba82529f3d3c36d4c49ea0de712f
pre-refit-f66-v5,canonical:vle_obs_0285,vle_obs_0285-pco2,Xu2011,120.0,0.5080101602032041,512000.0,734274.8840469905,evaluated,f66d972c032ce709ada69e8d8177e195c7e416800757663b7420c22bda5f6328,562b5976c7f6d44b782498480fce54bad1e3142d9541438f6d7a42a876a3df87,0ecaf30ec3147260f584fff24f30e32a975cba82529f3d3c36d4c49ea0de712f
pre-refit-f66-v5,canonical:vle_obs_0286,vle_obs_0286-pco2,Xu2011,120.0,0.3140062801256025,50000.0,57908.48975899616,evaluated,f66d972c032ce709ada69e8d8177e195c7e416800757663b7420c22bda5f6328,562b5976c7f6d44b782498480fce54bad1e3142d9541438f6d7a42a876a3df87,0ecaf30ec3147260f584fff24f30e32a975cba82529f3d3c36d4c49ea0de712f
pre-refit-f66-v5,canonical:vle_obs_0287,vle_obs_0287-pco2,Xu2011,120.0,0.4670093401868038,283000.0,485911.2915755438,evaluated,f66d972c032ce709ada69e8d8177e195c7e416800757663b7420c22bda5f6328,562b5976c7f6d44b782498480fce54bad1e3142d9541438f6d7a42a876a3df87,0ecaf30ec3147260f584fff24f30e32a975cba82529f3d3c36d4c49ea0de712f
pre-refit-f66-v5,canonical:vle_obs_0288,vle_obs_0288-pco2,Xu2011,120.0,0.3140062801256025,45000.0,57908.48975899616,evaluated,f66d972c032ce709ada69e8d8177e195c7e416800757663b7420c22bda5f6328,562b5976c7f6d44b782498480fce54bad1e3142d9541438f6d7a42a876a3df87,0ecaf30ec3147260f584fff24f30e32a975cba82529f3d3c36d4c49ea0de712f
incumbent-R4-C-oldpin-values-f66-v5,vle_obs_0119,vle_obs_0119-pco2,Hilliard2008,40.0,0.15290305806116122,5.7,5.28075406097918,evaluated,f66d972c032ce709ada69e8d8177e195c7e416800757663b7420c22bda5f6328,562b5976c7f6d44b782498480fce54bad1e3142d9541438f6d7a42a876a3df87,0ecaf30ec3147260f584fff24f30e32a975cba82529f3d3c36d4c49ea0de712f
incumbent-R4-C-oldpin-values-f66-v5,vle_obs_0120,vle_obs_0120-pco2,Hilliard2008,40.0,0.16290325806516132,6.64,6.246647479437208,evaluated,f66d972c032ce709ada69e8d8177e195c7e416800757663b7420c22bda5f6328,562b5976c7f6d44b782498480fce54bad1e3142d9541438f6d7a42a876a3df87,0ecaf30ec3147260f584fff24f30e32a975cba82529f3d3c36d4c49ea0de712f
incumbent-R4-C-oldpin-values-f66-v5,vle_obs_0121,vle_obs_0121-pco2,Hilliard2008,40.0,0.1699033980679614,7.21,7.006973485767911,evaluated,f66d972c032ce709ada69e8d8177e195c7e416800757663b7420c22bda5f6328,562b5976c7f6d44b782498480fce54bad1e3142d9541438f6d7a42a876a3df87,0ecaf30ec3147260f584fff24f30e32a975cba82529f3d3c36d4c49ea0de712f
incumbent-R4-C-oldpin-values-f66-v5,vle_obs_0122,vle_obs_0122-pco2,Hilliard2008,40.0,0.19090381807636156,9.950000000000001,9.785460138140014,evaluated,f66d972c032ce709ada69e8d8177e195c7e416800757663b7420c22bda5f6328,562b5976c7f6d44b782498480fce54bad1e3142d9541438f6d7a42a876a3df87,0ecaf30ec3147260f584fff24f30e32a975cba82529f3d3c36d4c49ea0de712f
incumbent-R4-C-oldpin-values-f66-v5,vle_obs_0123,vle_obs_0123-pco2,Hilliard2008,40.0,0.19390387807756157,9.85,10.252894053680565,evaluated,f66d972c032ce709ada69e8d8177e195c7e416800757663b7420c22bda5f6328,562b5976c7f6d44b782498480fce54bad1e3142d9541438f6d7a42a876a3df87,0ecaf30ec3147260f584fff24f30e32a975cba82529f3d3c36d4c49ea0de712f
incumbent-R4-C-oldpin-values-f66-v5,vle_obs_0124,vle_obs_0124-pco2,Hilliard2008,40.0,0.23190463809276188,14.6,18.257398107770104,evaluated,f66d972c032ce709ada69e8d8177e195c7e416800757663b7420c22bda5f6328,562b5976c7f6d44b782498480fce54bad1e3142d9541438f6d7a42a876a3df87,0ecaf30ec3147260f584fff24f30e32a975cba82529f3d3c36d4c49ea0de712f
incumbent-R4-C-oldpin-values-f66-v5,vle_obs_0125,vle_obs_0125-pco2,Hilliard2008,40.0,0.24590491809836199,19.099999999999998,22.50189140994928,evaluated,f66d972c032ce709ada69e8d8177e195c7e416800757663b7420c22bda5f6328,562b5976c7f6d44b782498480fce54bad1e3142d9541438f6d7a42a876a3df87,0ecaf30ec3147260f584fff24f30e32a975cba82529f3d3c36d4c49ea0de712f
incumbent-R4-C-oldpin-values-f66-v5,vle_obs_0126,vle_obs_0126-pco2,Hilliard2008,40.0,0.2689053781075622,23.099999999999998,31.724522616700806,evaluated,f66d972c032ce709ada69e8d8177e195c7e416800757663b7420c22bda5f6328,562b5976c7f6d44b782498480fce54bad1e3142d9541438f6d7a42a876a3df87,0ecaf30ec3147260f584fff24f30e32a975cba82529f3d3c36d4c49ea0de712f
incumbent-R4-C-oldpin-values-f66-v5,vle_obs_0127,vle_obs_0127-pco2,Hilliard2008,40.0,0.2719054381087622,22.4,33.18483995727752,evaluated,f66d972c032ce709ada69e8d8177e195c7e416800757663b7420c22bda5f6328,562b5976c7f6d44b782498480fce54bad1e3142d9541438f6d7a42a876a3df87,0ecaf30ec3147260f584fff24f30e32a975cba82529f3d3c36d4c49ea0de712f
incumbent-R4-C-oldpin-values-f66-v5,vle_obs_0128,vle_obs_0128-pco2,Hilliard2008,40.0,0.32590651813036264,48.5,76.34206881565592,evaluated,f66d972c032ce709ada69e8d8177e195c7e416800757663b7420c22bda5f6328,562b5976c7f6d44b782498480fce54bad1e3142d9541438f6d7a42a876a3df87,0ecaf30ec3147260f584fff24f30e32a975cba82529f3d3c36d4c49ea0de712f
incumbent-R4-C-oldpin-values-f66-v5,vle_obs_0129,vle_obs_0129-pco2,Hilliard2008,40.0,0.3479069581391628,66.19999999999999,109.50180240194572,evaluated,f66d972c032ce709ada69e8d8177e195c7e416800757663b7420c22bda5f6328,562b5976c7f6d44b782498480fce54bad1e3142d9541438f6d7a42a876a3df87,0ecaf30ec3147260f584fff24f30e32a975cba82529f3d3c36d4c49ea0de712f
incumbent-R4-C-oldpin-values-f66-v5,vle_obs_0130,vle_obs_0130-pco2,Hilliard2008,40.0,0.3499069981399628,72.1,113.25227809525171,evaluated,f66d972c032ce709ada69e8d8177e195c7e416800757663b7420c22bda5f6328,562b5976c7f6d44b782498480fce54bad1e3142d9541438f6d7a42a876a3df87,0ecaf30ec3147260f584fff24f30e32a975cba82529f3d3c36d4c49ea0de712f
incumbent-R4-C-oldpin-values-f66-v5,vle_obs_0131,vle_obs_0131-pco2,Hilliard2008,40.0,0.3599071981439629,96.60000000000001,134.3635960373033,evaluated,f66d972c032ce709ada69e8d8177e195c7e416800757663b7420c22bda5f6328,562b5976c7f6d44b782498480fce54bad1e3142d9541438f6d7a42a876a3df87,0ecaf30ec3147260f584fff24f30e32a975cba82529f3d3c36d4c49ea0de712f
incumbent-R4-C-oldpin-values-f66-v5,vle_obs_0132,vle_obs_0132-pco2,Hilliard2008,40.0,0.3819076381527631,131.0,199.07362380959157,evaluated,f66d972c032ce709ada69e8d8177e195c7e416800757663b7420c22bda5f6328,562b5976c7f6d44b782498480fce54bad1e3142d9541438f6d7a42a876a3df87,0ecaf30ec3147260f584fff24f30e32a975cba82529f3d3c36d4c49ea0de712f
incumbent-R4-C-oldpin-values-f66-v5,vle_obs_0133,vle_obs_0133-pco2,Hilliard2008,40.0,0.3859077181543631,120.0,214.43834952900303,evaluated,f66d972c032ce709ada69e8d8177e195c7e416800757663b7420c22bda5f6328,562b5976c7f6d44b782498480fce54bad1e3142d9541438f6d7a42a876a3df87,0ecaf30ec3147260f584fff24f30e32a975cba82529f3d3c36d4c49ea0de712f
incumbent-R4-C-oldpin-values-f66-v5,vle_obs_0134,vle_obs_0134-pco2,Hilliard2008,40.0,0.38890777815556316,113.0,226.87988886105197,evaluated,f66d972c032ce709ada69e8d8177e195c7e416800757663b7420c22bda5f6328,562b5976c7f6d44b782498480fce54bad1e3142d9541438f6d7a42a876a3df87,0ecaf30ec3147260f584fff24f30e32a975cba82529f3d3c36d4c49ea0de712f
incumbent-R4-C-oldpin-values-f66-v5,vle_obs_0135,vle_obs_0135-pco2,Hilliard2008,40.0,0.39990799815996325,128.0,280.3834190180254,evaluated,f66d972c032ce709ada69e8d8177e195c7e416800757663b7420c22bda5f6328,562b5976c7f6d44b782498480fce54bad1e3142d9541438f6d7a42a876a3df87,0ecaf30ec3147260f584fff24f30e32a975cba82529f3d3c36d4c49ea0de712f
incumbent-R4-C-oldpin-values-f66-v5,vle_obs_0136,vle_obs_0136-pco2,Hilliard2008,40.0,0.46390927818556377,750.0,1149.0091351416684,evaluated,f66d972c032ce709ada69e8d8177e195c7e416800757663b7420c22bda5f6328,562b5976c7f6d44b782498480fce54bad1e3142d9541438f6d7a42a876a3df87,0ecaf30ec3147260f584fff24f30e32a975cba82529f3d3c36d4c49ea0de712f
incumbent-R4-C-oldpin-values-f66-v5,vle_obs_0137,vle_obs_0137-pco2,Hilliard2008,40.0,0.4659093181863638,574.0,1206.5942372670597,evaluated,f66d972c032ce709ada69e8d8177e195c7e416800757663b7420c22bda5f6328,562b5976c7f6d44b782498480fce54bad1e3142d9541438f6d7a42a876a3df87,0ecaf30ec3147260f584fff24f30e32a975cba82529f3d3c36d4c49ea0de712f
incumbent-R4-C-oldpin-values-f66-v5,vle_obs_0138,vle_obs_0138-pco2,Hilliard2008,40.0,0.48090961819236383,883.0,1751.3698507241095,evaluated,f66d972c032ce709ada69e8d8177e195c7e416800757663b7420c22bda5f6328,562b5976c7f6d44b782498480fce54bad1e3142d9541438f6d7a42a876a3df87,0ecaf30ec3147260f584fff24f30e32a975cba82529f3d3c36d4c49ea0de712f
incumbent-R4-C-oldpin-values-f66-v5,vle_obs_0139,vle_obs_0139-pco2,Hilliard2008,40.0,0.4909098181963639,1100.0,2252.232223918354,evaluated,f66d972c032ce709ada69e8d8177e195c7e416800757663b7420c22bda5f6328,562b5976c7f6d44b782498480fce54bad1e3142d9541438f6d7a42a876a3df87,0ecaf30ec3147260f584fff24f30e32a975cba82529f3d3c36d4c49ea0de712f
incumbent-R4-C-oldpin-values-f66-v5,vle_obs_0140,vle_obs_0140-pco2,Hilliard2008,40.0,0.5009100182003641,1870.0,2894.428144304695,evaluated,f66d972c032ce709ada69e8d8177e195c7e416800757663b7420c22bda5f6328,562b5976c7f6d44b782498480fce54bad1e3142d9541438f6d7a42a876a3df87,0ecaf30ec3147260f584fff24f30e32a975cba82529f3d3c36d4c49ea0de712f
incumbent-R4-C-oldpin-values-f66-v5,vle_obs_0141,vle_obs_0141-pco2,Hilliard2008,40.0,0.5179103582071641,3030.0,4391.3242402398055,evaluated,f66d972c032ce709ada69e8d8177e195c7e416800757663b7420c22bda5f6328,562b5976c7f6d44b782498480fce54bad1e3142d9541438f6d7a42a876a3df87,0ecaf30ec3147260f584fff24f30e32a975cba82529f3d3c36d4c49ea0de712f
incumbent-R4-C-oldpin-values-f66-v5,vle_obs_0142,vle_obs_0142-pco2,Hilliard2008,40.0,0.5909118182363647,28300.0,19154.211809542252,evaluated,f66d972c032ce709ada69e8d8177e195c7e416800757663b7420c22bda5f6328,562b5976c7f6d44b782498480fce54bad1e3142d9541438f6d7a42a876a3df87,0ecaf30ec3147260f584fff24f30e32a975cba82529f3d3c36d4c49ea0de712f
incumbent-R4-C-oldpin-values-f66-v5,vle_obs_0143,vle_obs_0143-pco2,Hilliard2008,60.0,0.11390227804556091,19.400000000000002,15.127063315233086,evaluated,f66d972c032ce709ada69e8d8177e195c7e416800757663b7420c22bda5f6328,562b5976c7f6d44b782498480fce54bad1e3142d9541438f6d7a42a876a3df87,0ecaf30ec3147260f584fff24f30e32a975cba82529f3d3c36d4c49ea0de712f
incumbent-R4-C-oldpin-values-f66-v5,vle_obs_0144,vle_obs_0144-pco2,Hilliard2008,60.0,0.19090381807636156,58.9,58.8564686160654,evaluated,f66d972c032ce709ada69e8d8177e195c7e416800757663b7420c22bda5f6328,562b5976c7f6d44b782498480fce54bad1e3142d9541438f6d7a42a876a3df87,0ecaf30ec3147260f584fff24f30e32a975cba82529f3d3c36d4c49ea0de712f
incumbent-R4-C-oldpin-values-f66-v5,vle_obs_0145,vle_obs_0145-pco2,Hilliard2008,60.0,0.29090581811636235,209.0,274.7784425761819,evaluated,f66d972c032ce709ada69e8d8177e195c7e416800757663b7420c22bda5f6328,562b5976c7f6d44b782498480fce54bad1e3142d9541438f6d7a42a876a3df87,0ecaf30ec3147260f584fff24f30e32a975cba82529f3d3c36d4c49ea0de712f
incumbent-R4-C-oldpin-values-f66-v5,vle_obs_0146,vle_obs_0146-pco2,Hilliard2008,60.0,0.3859077181543631,763.0,1342.5872926422612,evaluated,f66d972c032ce709ada69e8d8177e195c7e416800757663b7420c22bda5f6328,562b5976c7f6d44b782498480fce54bad1e3142d9541438f6d7a42a876a3df87,0ecaf30ec3147260f584fff24f30e32a975cba82529f3d3c36d4c49ea0de712f
incumbent-R4-C-oldpin-values-f66-v5,vle_obs_0147,vle_obs_0147-pco2,Hilliard2008,60.0,0.4849096981939639,4860.0,10160.782774221978,evaluated,f66d972c032ce709ada69e8d8177e195c7e416800757663b7420c22bda5f6328,562b5976c7f6d44b782498480fce54bad1e3142d9541438f6d7a42a876a3df87,0ecaf30ec3147260f584fff24f30e32a975cba82529f3d3c36d4c49ea0de712f
incumbent-R4-C-oldpin-values-f66-v5,vle_obs_0148,vle_obs_0148-pco2,Hilliard2008,60.0,0.5439108782175645,25800.0,33509.38747360608,evaluated,f66d972c032ce709ada69e8d8177e195c7e416800757663b7420c22bda5f6328,562b5976c7f6d44b782498480fce54bad1e3142d9541438f6d7a42a876a3df87,0ecaf30ec3147260f584fff24f30e32a975cba82529f3d3c36d4c49ea0de712f
incumbent-R4-C-oldpin-values-f66-v5,vle_obs_0149,vle_obs_0149-pco2,Hilliard2008,60.0,0.5649112982259645,50200.0,48147.3900845331,evaluated,f66d972c032ce709ada69e8d8177e195c7e416800757663b7420c22bda5f6328,562b5976c7f6d44b782498480fce54bad1e3142d9541438f6d7a42a876a3df87,0ecaf30ec3147260f584fff24f30e32a975cba82529f3d3c36d4c49ea0de712f
incumbent-R4-C-oldpin-values-f66-v5,vle_obs_0186,vle_obs_0186-pco2,Jou1995,40.0,0.08870177403548071,1.47,1.4836558630870784,evaluated,f66d972c032ce709ada69e8d8177e195c7e416800757663b7420c22bda5f6328,562b5976c7f6d44b782498480fce54bad1e3142d9541438f6d7a42a876a3df87,0ecaf30ec3147260f584fff24f30e32a975cba82529f3d3c36d4c49ea0de712f
incumbent-R4-C-oldpin-values-f66-v5,vle_obs_0187,vle_obs_0187-pco2,Jou1995,40.0,0.20290405808116166,8.959999999999999,11.778977531245086,evaluated,f66d972c032ce709ada69e8d8177e195c7e416800757663b7420c22bda5f6328,562b5976c7f6d44b782498480fce54bad1e3142d9541438f6d7a42a876a3df87,0ecaf30ec3147260f584fff24f30e32a975cba82529f3d3c36d4c49ea0de712f
incumbent-R4-C-oldpin-values-f66-v5,vle_obs_0188,vle_obs_0188-pco2,Jou1995,40.0,0.36490729814596295,67.7,146.60157381164575,evaluated,f66d972c032ce709ada69e8d8177e195c7e416800757663b7420c22bda5f6328,562b5976c7f6d44b782498480fce54bad1e3142d9541438f6d7a42a876a3df87,0ecaf30ec3147260f584fff24f30e32a975cba82529f3d3c36d4c49ea0de712f
incumbent-R4-C-oldpin-values-f66-v5,vle_obs_0189,vle_obs_0189-pco2,Jou1995,40.0,0.4734094681893638,604.0,1452.0799829138043,evaluated,f66d972c032ce709ada69e8d8177e195c7e416800757663b7420c22bda5f6328,562b5976c7f6d44b782498480fce54bad1e3142d9541438f6d7a42a876a3df87,0ecaf30ec3147260f584fff24f30e32a975cba82529f3d3c36d4c49ea0de712f
incumbent-R4-C-oldpin-values-f66-v5,vle_obs_0190,vle_obs_0190-pco2,Jou1995,40.0,0.5129102582051641,2570.0,3891.8569327667697,evaluated,f66d972c032ce709ada69e8d8177e195c7e416800757663b7420c22bda5f6328,562b5976c7f6d44b782498480fce54bad1e3142d9541438f6d7a42a876a3df87,0ecaf30ec3147260f584fff24f30e32a975cba82529f3d3c36d4c49ea0de712f
incumbent-R4-C-oldpin-values-f66-v5,vle_obs_0191,vle_obs_0191-pco2,Jou1995,40.0,0.5569111382227645,8090.0,10372.078758713295,evaluated,f66d972c032ce709ada69e8d8177e195c7e416800757663b7420c22bda5f6328,562b5976c7f6d44b782498480fce54bad1e3142d9541438f6d7a42a876a3df87,0ecaf30ec3147260f584fff24f30e32a975cba82529f3d3c36d4c49ea0de712f
incumbent-R4-C-oldpin-values-f66-v5,vle_obs_0192,vle_obs_0192-pco2,Jou1995,40.0,0.6089121782435649,36100.0,25302.046141297353,evaluated,f66d972c032ce709ada69e8d8177e195c7e416800757663b7420c22bda5f6328,562b5976c7f6d44b782498480fce54bad1e3142d9541438f6d7a42a876a3df87,0ecaf30ec3147260f584fff24f30e32a975cba82529f3d3c36d4c49ea0de712f
incumbent-R4-C-oldpin-values-f66-v5,vle_obs_0193,vle_obs_0193-pco2,Jou1995,40.0,0.6419128382567652,103000.0,39418.442700995605,evaluated,f66d972c032ce709ada69e8d8177e195c7e416800757663b7420c22bda5f6328,562b5976c7f6d44b782498480fce54bad1e3142d9541438f6d7a42a876a3df87,0ecaf30ec3147260f584fff24f30e32a975cba82529f3d3c36d4c49ea0de712f
incumbent-R4-C-oldpin-values-f66-v5,vle_obs_0194,vle_obs_0194-pco2,Jou1995,60.0,0.05630112602252045,4.28,3.4223468354795403,evaluated,f66d972c032ce709ada69e8d8177e195c7e416800757663b7420c22bda5f6328,562b5976c7f6d44b782498480fce54bad1e3142d9541438f6d7a42a876a3df87,0ecaf30ec3147260f584fff24f30e32a975cba82529f3d3c36d4c49ea0de712f
incumbent-R4-C-oldpin-values-f66-v5,vle_obs_0195,vle_obs_0195-pco2,Jou1995,60.0,0.11890237804756094,19.3,16.732026318047424,evaluated,f66d972c032ce709ada69e8d8177e195c7e416800757663b7420c22bda5f6328,562b5976c7f6d44b782498480fce54bad1e3142d9541438f6d7a42a876a3df87,0ecaf30ec3147260f584fff24f30e32a975cba82529f3d3c36d4c49ea0de712f
incumbent-R4-C-oldpin-values-f66-v5,vle_obs_0196,vle_obs_0196-pco2,Jou1995,60.0,0.20590411808236164,57.9,74.53944605497357,evaluated,f66d972c032ce709ada69e8d8177e195c7e416800757663b7420c22bda5f6328,562b5976c7f6d44b782498480fce54bad1e3142d9541438f6d7a42a876a3df87,0ecaf30ec3147260f584fff24f30e32a975cba82529f3d3c36d4c49ea0de712f
incumbent-R4-C-oldpin-values-f66-v5,vle_obs_0197,vle_obs_0197-pco2,Jou1995,60.0,0.38890777815556316,528.0,1418.8953506544685,evaluated,f66d972c032ce709ada69e8d8177e195c7e416800757663b7420c22bda5f6328,562b5976c7f6d44b782498480fce54bad1e3142d9541438f6d7a42a876a3df87,0ecaf30ec3147260f584fff24f30e32a975cba82529f3d3c36d4c49ea0de712f
incumbent-R4-C-oldpin-values-f66-v5,vle_obs_0198,vle_obs_0198-pco2,Jou1995,60.0,0.4379087581751635,2009.9999999999998,3715.8229479098254,evaluated,f66d972c032ce709ada69e8d8177e195c7e416800757663b7420c22bda5f6328,562b5976c7f6d44b782498480fce54bad1e3142d9541438f6d7a42a876a3df87,0ecaf30ec3147260f584fff24f30e32a975cba82529f3d3c36d4c49ea0de712f
incumbent-R4-C-oldpin-values-f66-v5,vle_obs_0199,vle_obs_0199-pco2,Jou1995,60.0,0.5039100782015641,11000.0,15238.199580767836,evaluated,f66d972c032ce709ada69e8d8177e195c7e416800757663b7420c22bda5f6328,562b5976c7f6d44b782498480fce54bad1e3142d9541438f6d7a42a876a3df87,0ecaf30ec3147260f584fff24f30e32a975cba82529f3d3c36d4c49ea0de712f
incumbent-R4-C-oldpin-values-f66-v5,vle_obs_0200,vle_obs_0200-pco2,Jou1995,60.0,0.5609112182243645,34000.0,45068.60933531295,evaluated,f66d972c032ce709ada69e8d8177e195c7e416800757663b7420c22bda5f6328,562b5976c7f6d44b782498480fce54bad1e3142d9541438f6d7a42a876a3df87,0ecaf30ec3147260f584fff24f30e32a975cba82529f3d3c36d4c49ea0de712f
incumbent-R4-C-oldpin-values-f66-v5,vle_obs_0201,vle_obs_0201-pco2,Jou1995,60.0,0.5789115782315646,82000.0,60023.50469887353,evaluated,f66d972c032ce709ada69e8d8177e195c7e416800757663b7420c22bda5f6328,562b5976c7f6d44b782498480fce54bad1e3142d9541438f6d7a42a876a3df87,0ecaf30ec3147260f584fff24f30e32a975cba82529f3d3c36d4c49ea0de712f
incumbent-R4-C-oldpin-values-f66-v5,vle_obs_0202,vle_obs_0202-pco2,Jou1995,60.0,0.6679133582671654,282000.0,174711.7549482387,evaluated,f66d972c032ce709ada69e8d8177e195c7e416800757663b7420c22bda5f6328,562b5976c7f6d44b782498480fce54bad1e3142d9541438f6d7a42a876a3df87,0ecaf30ec3147260f584fff24f30e32a975cba82529f3d3c36d4c49ea0de712f
incumbent-R4-C-oldpin-values-f66-v5,vle_obs_0203,vle_obs_0203-pco2,Jou1995,80.0,0.01730034600692014,2.96,2.0050783494195565,evaluated,f66d972c032ce709ada69e8d8177e195c7e416800757663b7420c22bda5f6328,562b5976c7f6d44b782498480fce54bad1e3142d9541438f6d7a42a876a3df87,0ecaf30ec3147260f584fff24f30e32a975cba82529f3d3c36d4c49ea0de712f
incumbent-R4-C-oldpin-values-f66-v5,vle_obs_0204,vle_obs_0204-pco2,Jou1995,80.0,0.023500470009400188,4.84,3.4841108149153404,evaluated,f66d972c032ce709ada69e8d8177e195c7e416800757663b7420c22bda5f6328,562b5976c7f6d44b782498480fce54bad1e3142d9541438f6d7a42a876a3df87,0ecaf30ec3147260f584fff24f30e32a975cba82529f3d3c36d4c49ea0de712f
incumbent-R4-C-oldpin-values-f66-v5,vle_obs_0205,vle_obs_0205-pco2,Jou1995,80.0,0.07800156003120062,46.5,34.559026799904004,evaluated,f66d972c032ce709ada69e8d8177e195c7e416800757663b7420c22bda5f6328,562b5976c7f6d44b782498480fce54bad1e3142d9541438f6d7a42a876a3df87,0ecaf30ec3147260f584fff24f30e32a975cba82529f3d3c36d4c49ea0de712f
incumbent-R4-C-oldpin-values-f66-v5,vle_obs_0206,vle_obs_0206-pco2,Jou1995,80.0,0.11790235804716094,99.2,86.56303371642264,evaluated,f66d972c032ce709ada69e8d8177e195c7e416800757663b7420c22bda5f6328,562b5976c7f6d44b782498480fce54bad1e3142d9541438f6d7a42a876a3df87,0ecaf30ec3147260f584fff24f30e32a975cba82529f3d3c36d4c49ea0de712f
incumbent-R4-C-oldpin-values-f66-v5,vle_obs_0207,vle_obs_0207-pco2,Jou1995,80.0,0.18690373807476152,278.0,295.4242091675185,evaluated,f66d972c032ce709ada69e8d8177e195c7e416800757663b7420c22bda5f6328,562b5976c7f6d44b782498480fce54bad1e3142d9541438f6d7a42a876a3df87,0ecaf30ec3147260f584fff24f30e32a975cba82529f3d3c36d4c49ea0de712f
incumbent-R4-C-oldpin-values-f66-v5,vle_obs_0208,vle_obs_0208-pco2,Jou1995,80.0,0.3479069581391628,2670.0,3737.9408474206602,evaluated,f66d972c032ce709ada69e8d8177e195c7e416800757663b7420c22bda5f6328,562b5976c7f6d44b782498480fce54bad1e3142d9541438f6d7a42a876a3df87,0ecaf30ec3147260f584fff24f30e32a975cba82529f3d3c36d4c49ea0de712f
incumbent-R4-C-oldpin-values-f66-v5,vle_obs_0209,vle_obs_0209-pco2,Jou1995,80.0,0.4599091981839637,16000.0,28535.037836956853,evaluated,f66d972c032ce709ada69e8d8177e195c7e416800757663b7420c22bda5f6328,562b5976c7f6d44b782498480fce54bad1e3142d9541438f6d7a42a876a3df87,0ecaf30ec3147260f584fff24f30e32a975cba82529f3d3c36d4c49ea0de712f
incumbent-R4-C-oldpin-values-f66-v5,vle_obs_0210,vle_obs_0210-pco2,Jou1995,80.0,0.5169103382067641,56000.0,81231.77845259107,evaluated,f66d972c032ce709ada69e8d8177e195c7e416800757663b7420c22bda5f6328,562b5976c7f6d44b782498480fce54bad1e3142d9541438f6d7a42a876a3df87,0ecaf30ec3147260f584fff24f30e32a975cba82529f3d3c36d4c49ea0de712f
incumbent-R4-C-oldpin-values-f66-v5,vle_obs_0211,vle_obs_0211-pco2,Jou1995,80.0,0.5784115682313646,235000.0,202104.6320773738,evaluated,f66d972c032ce709ada69e8d8177e195c7e416800757663b7420c22bda5f6328,562b5976c7f6d44b782498480fce54bad1e3142d9541438f6d7a42a876a3df87,0ecaf30ec3147260f584fff24f30e32a975cba82529f3d3c36d4c49ea0de712f
incumbent-R4-C-oldpin-values-f66-v5,vle_obs_0212,vle_obs_0212-pco2,Jou1995,80.0,0.6399127982559651,558000.0,387349.7334117917,evaluated,f66d972c032ce709ada69e8d8177e195c7e416800757663b7420c22bda5f6328,562b5976c7f6d44b782498480fce54bad1e3142d9541438f6d7a42a876a3df87,0ecaf30ec3147260f584fff24f30e32a975cba82529f3d3c36d4c49ea0de712f
incumbent-R4-C-oldpin-values-f66-v5,vle_obs_0213,vle_obs_0213-pco2,Jou1995,80.0,0.6889137782755654,958000.0,565507.0100365259,evaluated,f66d972c032ce709ada69e8d8177e195c7e416800757663b7420c22bda5f6328,562b5976c7f6d44b782498480fce54bad1e3142d9541438f6d7a42a876a3df87,0ecaf30ec3147260f584fff24f30e32a975cba82529f3d3c36d4c49ea0de712f
incumbent-R4-C-oldpin-values-f66-v5,vle_obs_0214,vle_obs_0214-pco2,Jou1995,100.0,0.011600232004640094,7.24,4.67710547313576,evaluated,f66d972c032ce709ada69e8d8177e195c7e416800757663b7420c22bda5f6328,562b5976c7f6d44b782498480fce54bad1e3142d9541438f6d7a42a876a3df87,0ecaf30ec3147260f584fff24f30e32a975cba82529f3d3c36d4c49ea0de712f
incumbent-R4-C-oldpin-values-f66-v5,vle_obs_0215,vle_obs_0215-pco2,Jou1995,100.0,0.056501130022600446,136.0,85.85746072234463,evaluated,f66d972c032ce709ada69e8d8177e195c7e416800757663b7420c22bda5f6328,562b5976c7f6d44b782498480fce54bad1e3142d9541438f6d7a42a876a3df87,0ecaf30ec3147260f584fff24f30e32a975cba82529f3d3c36d4c49ea0de712f
incumbent-R4-C-oldpin-values-f66-v5,vle_obs_0216,vle_obs_0216-pco2,Jou1995,100.0,0.18790375807516152,1430.0,1454.6955829417595,evaluated,f66d972c032ce709ada69e8d8177e195c7e416800757663b7420c22bda5f6328,562b5976c7f6d44b782498480fce54bad1e3142d9541438f6d7a42a876a3df87,0ecaf30ec3147260f584fff24f30e32a975cba82529f3d3c36d4c49ea0de712f
incumbent-R4-C-oldpin-values-f66-v5,vle_obs_0217,vle_obs_0217-pco2,Jou1995,100.0,0.38090761815236307,19000.0,30905.983649968854,evaluated,f66d972c032ce709ada69e8d8177e195c7e416800757663b7420c22bda5f6328,562b5976c7f6d44b782498480fce54bad1e3142d9541438f6d7a42a876a3df87,0ecaf30ec3147260f584fff24f30e32a975cba82529f3d3c36d4c49ea0de712f
incumbent-R4-C-oldpin-values-f66-v5,vle_obs_0218,vle_obs_0218-pco2,Jou1995,100.0,0.4219084381687634,39000.0,61816.157506431824,evaluated,f66d972c032ce709ada69e8d8177e195c7e416800757663b7420c22bda5f6328,562b5976c7f6d44b782498480fce54bad1e3142d9541438f6d7a42a876a3df87,0ecaf30ec3147260f584fff24f30e32a975cba82529f3d3c36d4c49ea0de712f
incumbent-R4-C-oldpin-values-f66-v5,vle_obs_0219,vle_obs_0219-pco2,Jou1995,100.0,0.4769095381907638,69000.0,153682.47021861683,evaluated,f66d972c032ce709ada69e8d8177e195c7e416800757663b7420c22bda5f6328,562b5976c7f6d44b782498480fce54bad1e3142d9541438f6d7a42a876a3df87,0ecaf30ec3147260f584fff24f30e32a975cba82529f3d3c36d4c49ea0de712f
incumbent-R4-C-oldpin-values-f66-v5,vle_obs_0220,vle_obs_0220-pco2,Jou1995,100.0,0.48090961819236383,109000.0,163605.48333376518,evaluated,f66d972c032ce709ada69e8d8177e195c7e416800757663b7420c22bda5f6328,562b5976c7f6d44b782498480fce54bad1e3142d9541438f6d7a42a876a3df87,0ecaf30ec3147260f584fff24f30e32a975cba82529f3d3c36d4c49ea0de712f
incumbent-R4-C-oldpin-values-f66-v5,vle_obs_0221,vle_obs_0221-pco2,Jou1995,100.0,0.5709114182283646,509000.0,522093.7786615785,evaluated,f66d972c032ce709ada69e8d8177e195c7e416800757663b7420c22bda5f6328,562b5976c7f6d44b782498480fce54bad1e3142d9541438f6d7a42a876a3df87,0ecaf30ec3147260f584fff24f30e32a975cba82529f3d3c36d4c49ea0de712f
incumbent-R4-C-oldpin-values-f66-v5,vle_obs_0222,vle_obs_0222-pco2,Jou1995,100.0,0.5889117782355647,376000.0,620363.6204450337,evaluated,f66d972c032ce709ada69e8d8177e195c7e416800757663b7420c22bda5f6328,562b5976c7f6d44b782498480fce54bad1e3142d9541438f6d7a42a876a3df87,0ecaf30ec3147260f584fff24f30e32a975cba82529f3d3c36d4c49ea0de712f
incumbent-R4-C-oldpin-values-f66-v5,vle_obs_0223,vle_obs_0223-pco2,Jou1995,100.0,0.613412268245365,909000.0,763376.3585452872,evaluated,f66d972c032ce709ada69e8d8177e195c7e416800757663b7420c22bda5f6328,562b5976c7f6d44b782498480fce54bad1e3142d9541438f6d7a42a876a3df87,0ecaf30ec3147260f584fff24f30e32a975cba82529f3d3c36d4c49ea0de712f
incumbent-R4-C-oldpin-values-f66-v5,vle_obs_0224,vle_obs_0224-pco2,Jou1995,120.0,0.003230064601292026,2.02,2.2006386150783444,evaluated,f66d972c032ce709ada69e8d8177e195c7e416800757663b7420c22bda5f6328,562b5976c7f6d44b782498480fce54bad1e3142d9541438f6d7a42a876a3df87,0ecaf30ec3147260f584fff24f30e32a975cba82529f3d3c36d4c49ea0de712f
incumbent-R4-C-oldpin-values-f66-v5,vle_obs_0225,vle_obs_0225-pco2,Jou1995,120.0,0.011100222004440089,22.1,19.038944993865286,evaluated,f66d972c032ce709ada69e8d8177e195c7e416800757663b7420c22bda5f6328,562b5976c7f6d44b782498480fce54bad1e3142d9541438f6d7a42a876a3df87,0ecaf30ec3147260f584fff24f30e32a975cba82529f3d3c36d4c49ea0de712f
incumbent-R4-C-oldpin-values-f66-v5,vle_obs_0226,vle_obs_0226-pco2,Jou1995,120.0,0.024600492009840196,98.4,79.31778516512121,evaluated,f66d972c032ce709ada69e8d8177e195c7e416800757663b7420c22bda5f6328,562b5976c7f6d44b782498480fce54bad1e3142d9541438f6d7a42a876a3df87,0ecaf30ec3147260f584fff24f30e32a975cba82529f3d3c36d4c49ea0de712f
incumbent-R4-C-oldpin-values-f66-v5,vle_obs_0227,vle_obs_0227-pco2,Jou1995,120.0,0.11890237804756094,2290.0,1875.5382039072417,evaluated,f66d972c032ce709ada69e8d8177e195c7e416800757663b7420c22bda5f6328,562b5976c7f6d44b782498480fce54bad1e3142d9541438f6d7a42a876a3df87,0ecaf30ec3147260f584fff24f30e32a975cba82529f3d3c36d4c49ea0de712f
incumbent-R4-C-oldpin-values-f66-v5,vle_obs_0228,vle_obs_0228-pco2,Jou1995,120.0,0.3489069781395628,46800.0,77296.57121904887,evaluated,f66d972c032ce709ada69e8d8177e195c7e416800757663b7420c22bda5f6328,562b5976c7f6d44b782498480fce54bad1e3142d9541438f6d7a42a876a3df87,0ecaf30ec3147260f584fff24f30e32a975cba82529f3d3c36d4c49ea0de712f
incumbent-R4-C-oldpin-values-f66-v5,vle_obs_0229,vle_obs_0229-pco2,Jou1995,120.0,0.4114082281645633,122000.0,198159.77517489978,evaluated,f66d972c032ce709ada69e8d8177e195c7e416800757663b7420c22bda5f6328,562b5976c7f6d44b782498480fce54bad1e3142d9541438f6d7a42a876a3df87,0ecaf30ec3147260f584fff24f30e32a975cba82529f3d3c36d4c49ea0de712f
incumbent-R4-C-oldpin-values-f66-v5,vle_obs_0230,vle_obs_0230-pco2,Jou1995,120.0,0.4439088781775636,222000.0,313525.27277127025,evaluated,f66d972c032ce709ada69e8d8177e195c7e416800757663b7420c22bda5f6328,562b5976c7f6d44b782498480fce54bad1e3142d9541438f6d7a42a876a3df87,0ecaf30ec3147260f584fff24f30e32a975cba82529f3d3c36d4c49ea0de712f
incumbent-R4-C-oldpin-values-f66-v5,vle_obs_0231,vle_obs_0231-pco2,Jou1995,120.0,0.4729094581891638,422000.0,455741.15495986224,evaluated,f66d972c032ce709ada69e8d8177e195c7e416800757663b7420c22bda5f6328,562b5976c7f6d44b782498480fce54bad1e3142d9541438f6d7a42a876a3df87,0ecaf30ec3147260f584fff24f30e32a975cba82529f3d3c36d4c49ea0de712f
incumbent-R4-C-oldpin-values-f66-v5,vle_obs_0232,vle_obs_0232-pco2,Jou1995,120.0,0.5359107182143643,822000.0,887365.7643880968,evaluated,f66d972c032ce709ada69e8d8177e195c7e416800757663b7420c22bda5f6328,562b5976c7f6d44b782498480fce54bad1e3142d9541438f6d7a42a876a3df87,0ecaf30ec3147260f584fff24f30e32a975cba82529f3d3c36d4c49ea0de712f
incumbent-R4-C-oldpin-values-f66-v5,vle_obs_0233,vle_obs_0233-pco2,Jou1995,120.0,0.6389127782555651,2804000.0,1805911.5097344154,evaluated,f66d972c032ce709ada69e8d8177e195c7e416800757663b7420c22bda5f6328,562b5976c7f6d44b782498480fce54bad1e3142d9541438f6d7a42a876a3df87,0ecaf30ec3147260f584fff24f30e32a975cba82529f3d3c36d4c49ea0de712f
incumbent-R4-C-oldpin-values-f66-v5,Bottinger2008_state_030,Bottinger2008_state_030::MEA + MEAH+,Bottinger2008,20.0,0.0749014980299606,0.1054,0.10401084159916797,evaluated,f66d972c032ce709ada69e8d8177e195c7e416800757663b7420c22bda5f6328,562b5976c7f6d44b782498480fce54bad1e3142d9541438f6d7a42a876a3df87,0ecaf30ec3147260f584fff24f30e32a975cba82529f3d3c36d4c49ea0de712f
incumbent-R4-C-oldpin-values-f66-v5,Bottinger2008_state_030,Bottinger2008_state_030::MEACOO-,Bottinger2008,20.0,0.0749014980299606,0.0086,0.008208027092825755,evaluated,f66d972c032ce709ada69e8d8177e195c7e416800757663b7420c22bda5f6328,562b5976c7f6d44b782498480fce54bad1e3142d9541438f6d7a42a876a3df87,0ecaf30ec3147260f584fff24f30e32a975cba82529f3d3c36d4c49ea0de712f
incumbent-R4-C-oldpin-values-f66-v5,Bottinger2008_state_031,Bottinger2008_state_031::MEA + MEAH+,Bottinger2008,20.0,0.1499029980599612,0.0966,0.09593762689884412,evaluated,f66d972c032ce709ada69e8d8177e195c7e416800757663b7420c22bda5f6328,562b5976c7f6d44b782498480fce54bad1e3142d9541438f6d7a42a876a3df87,0ecaf30ec3147260f584fff24f30e32a975cba82529f3d3c36d4c49ea0de712f
incumbent-R4-C-oldpin-values-f66-v5,Bottinger2008_state_031,Bottinger2008_state_031::MEACOO-,Bottinger2008,20.0,0.1499029980599612,0.0171,0.01628124109858568,evaluated,f66d972c032ce709ada69e8d8177e195c7e416800757663b7420c22bda5f6328,562b5976c7f6d44b782498480fce54bad1e3142d9541438f6d7a42a876a3df87,0ecaf30ec3147260f584fff24f30e32a975cba82529f3d3c36d4c49ea0de712f
incumbent-R4-C-oldpin-values-f66-v5,Bottinger2008_state_032,Bottinger2008_state_032::MEA + MEAH+,Bottinger2008,20.0,0.2349046980939619,0.0871,0.0871083477790605,evaluated,f66d972c032ce709ada69e8d8177e195c7e416800757663b7420c22bda5f6328,562b5976c7f6d44b782498480fce54bad1e3142d9541438f6d7a42a876a3df87,0ecaf30ec3147260f584fff24f30e32a975cba82529f3d3c36d4c49ea0de712f
incumbent-R4-C-oldpin-values-f66-v5,Bottinger2008_state_032,Bottinger2008_state_032::MEACOO-,Bottinger2008,20.0,0.2349046980939619,0.0267,0.025110517964317812,evaluated,f66d972c032ce709ada69e8d8177e195c7e416800757663b7420c22bda5f6328,562b5976c7f6d44b782498480fce54bad1e3142d9541438f6d7a42a876a3df87,0ecaf30ec3147260f584fff24f30e32a975cba82529f3d3c36d4c49ea0de712f
incumbent-R4-C-oldpin-values-f66-v5,Bottinger2008_state_033,Bottinger2008_state_033::MEA + MEAH+,Bottinger2008,20.0,0.30890617812356247,0.078,0.07991933336615165,evaluated,f66d972c032ce709ada69e8d8177e195c7e416800757663b7420c22bda5f6328,562b5976c7f6d44b782498480fce54bad1e3142d9541438f6d7a42a876a3df87,0ecaf30ec3147260f584fff24f30e32a975cba82529f3d3c36d4c49ea0de712f
incumbent-R4-C-oldpin-values-f66-v5,Bottinger2008_state_033,Bottinger2008_state_033::MEACOO-,Bottinger2008,20.0,0.30890617812356247,0.0349,0.03229952661683564,evaluated,f66d972c032ce709ada69e8d8177e195c7e416800757663b7420c22bda5f6328,562b5976c7f6d44b782498480fce54bad1e3142d9541438f6d7a42a876a3df87,0ecaf30ec3147260f584fff24f30e32a975cba82529f3d3c36d4c49ea0de712f
incumbent-R4-C-oldpin-values-f66-v5,Bottinger2008_state_034,Bottinger2008_state_034::MEA + MEAH+,Bottinger2008,20.0,0.38790775815516315,0.0678,0.07321141091288669,evaluated,f66d972c032ce709ada69e8d8177e195c7e416800757663b7420c22bda5f6328,562b5976c7f6d44b782498480fce54bad1e3142d9541438f6d7a42a876a3df87,0ecaf30ec3147260f584fff24f30e32a975cba82529f3d3c36d4c49ea0de712f
incumbent-R4-C-oldpin-values-f66-v5,Bottinger2008_state_034,Bottinger2008_state_034::MEACOO-,Bottinger2008,20.0,0.38790775815516315,0.043,0.039007426398817664,evaluated,f66d972c032ce709ada69e8d8177e195c7e416800757663b7420c22bda5f6328,562b5976c7f6d44b782498480fce54bad1e3142d9541438f6d7a42a876a3df87,0ecaf30ec3147260f584fff24f30e32a975cba82529f3d3c36d4c49ea0de712f
incumbent-R4-C-oldpin-values-f66-v5,Bottinger2008_state_035,Bottinger2008_state_035::MEA + MEAH+,Bottinger2008,20.0,0.4739094781895638,0.062,0.06858839776197816,evaluated,f66d972c032ce709ada69e8d8177e195c7e416800757663b7420c22bda5f6328,562b5976c7f6d44b782498480fce54bad1e3142d9541438f6d7a42a876a3df87,0ecaf30ec3147260f584fff24f30e32a975cba82529f3d3c36d4c49ea0de712f
incumbent-R4-C-oldpin-values-f66-v5,Bottinger2008_state_035,Bottinger2008_state_035::MEACOO-,Bottinger2008,20.0,0.4739094781895638,0.0493,0.04363023456560961,evaluated,f66d972c032ce709ada69e8d8177e195c7e416800757663b7420c22bda5f6328,562b5976c7f6d44b782498480fce54bad1e3142d9541438f6d7a42a876a3df87,0ecaf30ec3147260f584fff24f30e32a975cba82529f3d3c36d4c49ea0de712f
incumbent-R4-C-oldpin-values-f66-v5,Bottinger2008_state_042,Bottinger2008_state_042::MEA + MEAH+,Bottinger2008,40.0,0.124902498049961,0.1009,0.09856526133627783,evaluated,f66d972c032ce709ada69e8d8177e195c7e416800757663b7420c22bda5f6328,562b5976c7f6d44b782498480fce54bad1e3142d9541438f6d7a42a876a3df87,0ecaf30ec3147260f584fff24f30e32a975cba82529f3d3c36d4c49ea0de712f
incumbent-R4-C-oldpin-values-f66-v5,Bottinger2008_state_042,Bottinger2008_state_042::MEACOO-,Bottinger2008,40.0,0.124902498049961,0.0144,0.013653604544932975,evaluated,f66d972c032ce709ada69e8d8177e195c7e416800757663b7420c22bda5f6328,562b5976c7f6d44b782498480fce54bad1e3142d9541438f6d7a42a876a3df87,0ecaf30ec3147260f584fff24f30e32a975cba82529f3d3c36d4c49ea0de712f
incumbent-R4-C-oldpin-values-f66-v5,Bottinger2008_state_043,Bottinger2008_state_043::MEA + MEAH+,Bottinger2008,40.0,0.20490409808196164,0.0934,0.09005293095275582,evaluated,f66d972c032ce709ada69e8d8177e195c7e416800757663b7420c22bda5f6328,562b5976c7f6d44b782498480fce54bad1e3142d9541438f6d7a42a876a3df87,0ecaf30ec3147260f584fff24f30e32a975cba82529f3d3c36d4c49ea0de712f
incumbent-R4-C-oldpin-values-f66-v5,Bottinger2008_state_043,Bottinger2008_state_043::MEACOO-,Bottinger2008,40.0,0.20490409808196164,0.0241,0.022165926714703004,evaluated,f66d972c032ce709ada69e8d8177e195c7e416800757663b7420c22bda5f6328,562b5976c7f6d44b782498480fce54bad1e3142d9541438f6d7a42a876a3df87,0ecaf30ec3147260f584fff24f30e32a975cba82529f3d3c36d4c49ea0de712f
incumbent-R4-C-oldpin-values-f66-v5,Bottinger2008_state_044,Bottinger2008_state_044::MEA + MEAH+,Bottinger2008,40.0,0.2359047180943619,0.0876,0.08683850361722383,evaluated,f66d972c032ce709ada69e8d8177e195c7e416800757663b7420c22bda5f6328,562b5976c7f6d44b782498480fce54bad1e3142d9541438f6d7a42a876a3df87,0ecaf30ec3147260f584fff24f30e32a975cba82529f3d3c36d4c49ea0de712f
incumbent-R4-C-oldpin-values-f66-v5,Bottinger2008_state_044,Bottinger2008_state_044::MEACOO-,Bottinger2008,40.0,0.2359047180943619,0.0271,0.025380347503828227,evaluated,f66d972c032ce709ada69e8d8177e195c7e416800757663b7420c22bda5f6328,562b5976c7f6d44b782498480fce54bad1e3142d9541438f6d7a42a876a3df87,0ecaf30ec3147260f584fff24f30e32a975cba82529f3d3c36d4c49ea0de712f
incumbent-R4-C-oldpin-values-f66-v5,Bottinger2008_state_045,Bottinger2008_state_045::MEA + MEAH+,Bottinger2008,40.0,0.2799055981119623,0.084,0.08239763086031182,evaluated,f66d972c032ce709ada69e8d8177e195c7e416800757663b7420c22bda5f6328,562b5976c7f6d44b782498480fce54bad1e3142d9541438f6d7a42a876a3df87,0ecaf30ec3147260f584fff24f30e32a975cba82529f3d3c36d4c49ea0de712f
incumbent-R4-C-oldpin-values-f66-v5,Bottinger2008_state_045,Bottinger2008_state_045::MEACOO-,Bottinger2008,40.0,0.2799055981119623,0.0327,0.02982120410661002,evaluated,f66d972c032ce709ada69e8d8177e195c7e416800757663b7420c22bda5f6328,562b5976c7f6d44b782498480fce54bad1e3142d9541438f6d7a42a876a3df87,0ecaf30ec3147260f584fff24f30e32a975cba82529f3d3c36d4c49ea0de712f
incumbent-R4-C-oldpin-values-f66-v5,Bottinger2008_state_046,Bottinger2008_state_046::MEA + MEAH+,Bottinger2008,40.0,0.34290685813716276,0.0758,0.07642085322999403,evaluated,f66d972c032ce709ada69e8d8177e195c7e416800757663b7420c22bda5f6328,562b5976c7f6d44b782498480fce54bad1e3142d9541438f6d7a42a876a3df87,0ecaf30ec3147260f584fff24f30e32a975cba82529f3d3c36d4c49ea0de712f
incumbent-R4-C-oldpin-values-f66-v5,Bottinger2008_state_046,Bottinger2008_state_046::MEACOO-,Bottinger2008,40.0,0.34290685813716276,0.0396,0.03579792580671379,evaluated,f66d972c032ce709ada69e8d8177e195c7e416800757663b7420c22bda5f6328,562b5976c7f6d44b782498480fce54bad1e3142d9541438f6d7a42a876a3df87,0ecaf30ec3147260f584fff24f30e32a975cba82529f3d3c36d4c49ea0de712f
incumbent-R4-C-oldpin-values-f66-v5,Bottinger2008_state_047,Bottinger2008_state_047::MEA + MEAH+,Bottinger2008,40.0,0.3539070781415628,0.0749,0.07544518488268841,evaluated,f66d972c032ce709ada69e8d8177e195c7e416800757663b7420c22bda5f6328,562b5976c7f6d44b782498480fce54bad1e3142d9541438f6d7a42a876a3df87,0ecaf30ec3147260f584fff24f30e32a975cba82529f3d3c36d4c49ea0de712f
incumbent-R4-C-oldpin-values-f66-v5,Bottinger2008_state_047,Bottinger2008_state_047::MEACOO-,Bottinger2008,40.0,0.3539070781415628,0.041,0.036773576157761854,evaluated,f66d972c032ce709ada69e8d8177e195c7e416800757663b7420c22bda5f6328,562b5976c7f6d44b782498480fce54bad1e3142d9541438f6d7a42a876a3df87,0ecaf30ec3147260f584fff24f30e32a975cba82529f3d3c36d4c49ea0de712f
incumbent-R4-C-oldpin-values-f66-v5,Bottinger2008_state_048,Bottinger2008_state_048::MEA + MEAH+,Bottinger2008,40.0,0.4599091981839637,0.065,0.06830997725218682,evaluated,f66d972c032ce709ada69e8d8177e195c7e416800757663b7420c22bda5f6328,562b5976c7f6d44b782498480fce54bad1e3142d9541438f6d7a42a876a3df87,0ecaf30ec3147260f584fff24f30e32a975cba82529f3d3c36d4c49ea0de712f
incumbent-R4-C-oldpin-values-f66-v5,Bottinger2008_state_048,Bottinger2008_state_048::MEACOO-,Bottinger2008,40.0,0.4599091981839637,0.0492,0.043907966439906035,evaluated,f66d972c032ce709ada69e8d8177e195c7e416800757663b7420c22bda5f6328,562b5976c7f6d44b782498480fce54bad1e3142d9541438f6d7a42a876a3df87,0ecaf30ec3147260f584fff24f30e32a975cba82529f3d3c36d4c49ea0de712f
incumbent-R4-C-oldpin-values-f66-v5,Bottinger2008_state_049,Bottinger2008_state_049::MEA + MEAH+,Bottinger2008,40.0,0.4659093181863638,0.0663,0.06811834242072631,evaluated,f66d972c032ce709ada69e8d8177e195c7e416800757663b7420c22bda5f6328,562b5976c7f6d44b782498480fce54bad1e3142d9541438f6d7a42a876a3df87,0ecaf30ec3147260f584fff24f30e32a975cba82529f3d3c36d4c49ea0de712f
incumbent-R4-C-oldpin-values-f66-v5,Bottinger2008_state_049,Bottinger2008_state_049::MEACOO-,Bottinger2008,40.0,0.4659093181863638,0.0502,0.04409945335242182,evaluated,f66d972c032ce709ada69e8d8177e195c7e416800757663b7420c22bda5f6328,562b5976c7f6d44b782498480fce54bad1e3142d9541438f6d7a42a876a3df87,0ecaf30ec3147260f584fff24f30e32a975cba82529f3d3c36d4c49ea0de712f
incumbent-R4-C-oldpin-values-f66-v5,Bottinger2008_state_049,Bottinger2008_state_049::HCO3-,Bottinger2008,40.0,0.4659093181863638,0.004,0.008184476789088197,evaluated,f66d972c032ce709ada69e8d8177e195c7e416800757663b7420c22bda5f6328,562b5976c7f6d44b782498480fce54bad1e3142d9541438f6d7a42a876a3df87,0ecaf30ec3147260f584fff24f30e32a975cba82529f3d3c36d4c49ea0de712f
incumbent-R4-C-oldpin-values-f66-v5,Bottinger2008_state_050,Bottinger2008_state_050::MEA + MEAH+,Bottinger2008,40.0,0.4869097381947639,0.0646,0.06773711898729769,evaluated,f66d972c032ce709ada69e8d8177e195c7e416800757663b7420c22bda5f6328,562b5976c7f6d44b782498480fce54bad1e3142d9541438f6d7a42a876a3df87,0ecaf30ec3147260f584fff24f30e32a975cba82529f3d3c36d4c49ea0de712f
incumbent-R4-C-oldpin-values-f66-v5,Bottinger2008_state_050,Bottinger2008_state_050::MEACOO-,Bottinger2008,40.0,0.4869097381947639,0.0511,0.044479916880717084,evaluated,f66d972c032ce709ada69e8d8177e195c7e416800757663b7420c22bda5f6328,562b5976c7f6d44b782498480fce54bad1e3142d9541438f6d7a42a876a3df87,0ecaf30ec3147260f584fff24f30e32a975cba82529f3d3c36d4c49ea0de712f
incumbent-R4-C-oldpin-values-f66-v5,Bottinger2008_state_050,Bottinger2008_state_050::HCO3-,Bottinger2008,40.0,0.4869097381947639,0.0052,0.010153445264003151,evaluated,f66d972c032ce709ada69e8d8177e195c7e416800757663b7420c22bda5f6328,562b5976c7f6d44b782498480fce54bad1e3142d9541438f6d7a42a876a3df87,0ecaf30ec3147260f584fff24f30e32a975cba82529f3d3c36d4c49ea0de712f
incumbent-R4-C-oldpin-values-f66-v5,Bottinger2008_state_055,Bottinger2008_state_055::MEA + MEAH+,Bottinger2008,60.0,0.13090261805236106,0.0974,0.09792270557229217,evaluated,f66d972c032ce709ada69e8d8177e195c7e416800757663b7420c22bda5f6328,562b5976c7f6d44b782498480fce54bad1e3142d9541438f6d7a42a876a3df87,0ecaf30ec3147260f584fff24f30e32a975cba82529f3d3c36d4c49ea0de712f
incumbent-R4-C-oldpin-values-f66-v5,Bottinger2008_state_055,Bottinger2008_state_055::MEACOO-,Bottinger2008,60.0,0.13090261805236106,0.0147,0.014296147022300849,evaluated,f66d972c032ce709ada69e8d8177e195c7e416800757663b7420c22bda5f6328,562b5976c7f6d44b782498480fce54bad1e3142d9541438f6d7a42a876a3df87,0ecaf30ec3147260f584fff24f30e32a975cba82529f3d3c36d4c49ea0de712f
incumbent-R4-C-oldpin-values-f66-v5,Bottinger2008_state_056,Bottinger2008_state_056::MEA + MEAH+,Bottinger2008,60.0,0.20290405808116166,0.0905,0.09026425674117361,evaluated,f66d972c032ce709ada69e8d8177e195c7e416800757663b7420c22bda5f6328,562b5976c7f6d44b782498480fce54bad1e3142d9541438f6d7a42a876a3df87,0ecaf30ec3147260f584fff24f30e32a975cba82529f3d3c36d4c49ea0de712f
incumbent-R4-C-oldpin-values-f66-v5,Bottinger2008_state_056,Bottinger2008_state_056::MEACOO-,Bottinger2008,60.0,0.20290405808116166,0.0231,0.02195455778499181,evaluated,f66d972c032ce709ada69e8d8177e195c7e416800757663b7420c22bda5f6328,562b5976c7f6d44b782498480fce54bad1e3142d9541438f6d7a42a876a3df87,0ecaf30ec3147260f584fff24f30e32a975cba82529f3d3c36d4c49ea0de712f
incumbent-R4-C-oldpin-values-f66-v5,Bottinger2008_state_057,Bottinger2008_state_057::MEA + MEAH+,Bottinger2008,60.0,0.27690553811076224,0.0791,0.08269383541510782,evaluated,f66d972c032ce709ada69e8d8177e195c7e416800757663b7420c22bda5f6328,562b5976c7f6d44b782498480fce54bad1e3142d9541438f6d7a42a876a3df87,0ecaf30ec3147260f584fff24f30e32a975cba82529f3d3c36d4c49ea0de712f
incumbent-R4-C-oldpin-values-f66-v5,Bottinger2008_state_057,Bottinger2008_state_057::MEACOO-,Bottinger2008,60.0,0.27690553811076224,0.0302,0.029524866052619104,evaluated,f66d972c032ce709ada69e8d8177e195c7e416800757663b7420c22bda5f6328,562b5976c7f6d44b782498480fce54bad1e3142d9541438f6d7a42a876a3df87,0ecaf30ec3147260f584fff24f30e32a975cba82529f3d3c36d4c49ea0de712f
incumbent-R4-C-oldpin-values-f66-v5,Bottinger2008_state_058,Bottinger2008_state_058::MEA + MEAH+,Bottinger2008,60.0,0.4149082981659633,0.0687,0.0708150692489474,evaluated,f66d972c032ce709ada69e8d8177e195c7e416800757663b7420c22bda5f6328,562b5976c7f6d44b782498480fce54bad1e3142d9541438f6d7a42a876a3df87,0ecaf30ec3147260f584fff24f30e32a975cba82529f3d3c36d4c49ea0de712f
incumbent-R4-C-oldpin-values-f66-v5,Bottinger2008_state_058,Bottinger2008_state_058::MEACOO-,Bottinger2008,60.0,0.4149082981659633,0.0417,0.04140204264612459,evaluated,f66d972c032ce709ada69e8d8177e195c7e416800757663b7420c22bda5f6328,562b5976c7f6d44b782498480fce54bad1e3142d9541438f6d7a42a876a3df87,0ecaf30ec3147260f584fff24f30e32a975cba82529f3d3c36d4c49ea0de712f
incumbent-R4-C-oldpin-values-f66-v5,Bottinger2008_state_058,Bottinger2008_state_058::HCO3-,Bottinger2008,60.0,0.4149082981659633,0.0042,0.005152401956398176,evaluated,f66d972c032ce709ada69e8d8177e195c7e416800757663b7420c22bda5f6328,562b5976c7f6d44b782498480fce54bad1e3142d9541438f6d7a42a876a3df87,0ecaf30ec3147260f584fff24f30e32a975cba82529f3d3c36d4c49ea0de712f
incumbent-R4-C-oldpin-values-f66-v5,Bottinger2008_state_059,Bottinger2008_state_059::MEA + MEAH+,Bottinger2008,60.0,0.4889097781955639,0.068,0.0681134477543443,evaluated,f66d972c032ce709ada69e8d8177e195c7e416800757663b7420c22bda5f6328,562b5976c7f6d44b782498480fce54bad1e3142d9541438f6d7a42a876a3df87,0ecaf30ec3147260f584fff24f30e32a975cba82529f3d3c36d4c49ea0de712f
incumbent-R4-C-oldpin-values-f66-v5,Bottinger2008_state_059,Bottinger2008_state_059::MEACOO-,Bottinger2008,60.0,0.4889097781955639,0.0424,0.04409676483833395,evaluated,f66d972c032ce709ada69e8d8177e195c7e416800757663b7420c22bda5f6328,562b5976c7f6d44b782498480fce54bad1e3142d9541438f6d7a42a876a3df87,0ecaf30ec3147260f584fff24f30e32a975cba82529f3d3c36d4c49ea0de712f
incumbent-R4-C-oldpin-values-f66-v5,Bottinger2008_state_059,Bottinger2008_state_059::HCO3-,Bottinger2008,60.0,0.4889097781955639,0.0072,0.010696891516212847,evaluated,f66d972c032ce709ada69e8d8177e195c7e416800757663b7420c22bda5f6328,562b5976c7f6d44b782498480fce54bad1e3142d9541438f6d7a42a876a3df87,0ecaf30ec3147260f584fff24f30e32a975cba82529f3d3c36d4c49ea0de712f
incumbent-R4-C-oldpin-values-f66-v5,Bottinger2008_state_063,Bottinger2008_state_063::MEA + MEAH+,Bottinger2008,80.0,0.06390127802556052,0.1084,0.10520970318075297,evaluated,f66d972c032ce709ada69e8d8177e195c7e416800757663b7420c22bda5f6328,562b5976c7f6d44b782498480fce54bad1e3142d9541438f6d7a42a876a3df87,0ecaf30ec3147260f584fff24f30e32a975cba82529f3d3c36d4c49ea0de712f
incumbent-R4-C-oldpin-values-f66-v5,Bottinger2008_state_063,Bottinger2008_state_063::MEACOO-,Bottinger2008,80.0,0.06390127802556052,0.0068,0.007009150434637117,evaluated,f66d972c032ce709ada69e8d8177e195c7e416800757663b7420c22bda5f6328,562b5976c7f6d44b782498480fce54bad1e3142d9541438f6d7a42a876a3df87,0ecaf30ec3147260f584fff24f30e32a975cba82529f3d3c36d4c49ea0de712f
incumbent-R4-C-oldpin-values-f66-v5,Bottinger2008_state_064,Bottinger2008_state_064::MEA + MEAH+,Bottinger2008,80.0,0.14090281805636112,0.1005,0.09689135943462078,evaluated,f66d972c032ce709ada69e8d8177e195c7e416800757663b7420c22bda5f6328,562b5976c7f6d44b782498480fce54bad1e3142d9541438f6d7a42a876a3df87,0ecaf30ec3147260f584fff24f30e32a975cba82529f3d3c36d4c49ea0de712f
incumbent-R4-C-oldpin-values-f66-v5,Bottinger2008_state_064,Bottinger2008_state_064::MEACOO-,Bottinger2008,80.0,0.14090281805636112,0.014,0.015327420437470176,evaluated,f66d972c032ce709ada69e8d8177e195c7e416800757663b7420c22bda5f6328,562b5976c7f6d44b782498480fce54bad1e3142d9541438f6d7a42a876a3df87,0ecaf30ec3147260f584fff24f30e32a975cba82529f3d3c36d4c49ea0de712f
incumbent-R4-C-oldpin-values-f66-v5,Bottinger2008_state_065,Bottinger2008_state_065::MEA + MEAH+,Bottinger2008,80.0,0.24490489809796198,0.0906,0.0860361462606267,evaluated,f66d972c032ce709ada69e8d8177e195c7e416800757663b7420c22bda5f6328,562b5976c7f6d44b782498480fce54bad1e3142d9541438f6d7a42a876a3df87,0ecaf30ec3147260f584fff24f30e32a975cba82529f3d3c36d4c49ea0de712f
incumbent-R4-C-oldpin-values-f66-v5,Bottinger2008_state_065,Bottinger2008_state_065::MEACOO-,Bottinger2008,80.0,0.24490489809796198,0.0224,0.026182239622301234,evaluated,f66d972c032ce709ada69e8d8177e195c7e416800757663b7420c22bda5f6328,562b5976c7f6d44b782498480fce54bad1e3142d9541438f6d7a42a876a3df87,0ecaf30ec3147260f584fff24f30e32a975cba82529f3d3c36d4c49ea0de712f
incumbent-R4-C-oldpin-values-f66-v5,Bottinger2008_state_066,Bottinger2008_state_066::MEA + MEAH+,Bottinger2008,80.0,0.33590671813436274,0.0858,0.07734971032869889,evaluated,f66d972c032ce709ada69e8d8177e195c7e416800757663b7420c22bda5f6328,562b5976c7f6d44b782498480fce54bad1e3142d9541438f6d7a42a876a3df87,0ecaf30ec3147260f584fff24f30e32a975cba82529f3d3c36d4c49ea0de712f
incumbent-R4-C-oldpin-values-f66-v5,Bottinger2008_state_066,Bottinger2008_state_066::MEACOO-,Bottinger2008,80.0,0.33590671813436274,0.0337,0.034867141678214676,evaluated,f66d972c032ce709ada69e8d8177e195c7e416800757663b7420c22bda5f6328,562b5976c7f6d44b782498480fce54bad1e3142d9541438f6d7a42a876a3df87,0ecaf30ec3147260f584fff24f30e32a975cba82529f3d3c36d4c49ea0de712f
incumbent-R4-C-oldpin-values-f66-v5,Bottinger2008_state_067,Bottinger2008_state_067::MEA + MEAH+,Bottinger2008,80.0,0.39790795815916324,0.0872,0.07247526266064391,evaluated,f66d972c032ce709ada69e8d8177e195c7e416800757663b7420c22bda5f6328,562b5976c7f6d44b782498480fce54bad1e3142d9541438f6d7a42a876a3df87,0ecaf30ec3147260f584fff24f30e32a975cba82529f3d3c36d4c49ea0de712f
incumbent-R4-C-oldpin-values-f66-v5,Bottinger2008_state_067,Bottinger2008_state_067::MEACOO-,Bottinger2008,80.0,0.39790795815916324,0.0336,0.03973769322146296,evaluated,f66d972c032ce709ada69e8d8177e195c7e416800757663b7420c22bda5f6328,562b5976c7f6d44b782498480fce54bad1e3142d9541438f6d7a42a876a3df87,0ecaf30ec3147260f584fff24f30e32a975cba82529f3d3c36d4c49ea0de712f
incumbent-R4-C-oldpin-values-f66-v5,Bottinger2008_state_067,Bottinger2008_state_067::HCO3-,Bottinger2008,80.0,0.39790795815916324,0.0046,0.00487037150012783,evaluated,f66d972c032ce709ada69e8d8177e195c7e416800757663b7420c22bda5f6328,562b5976c7f6d44b782498480fce54bad1e3142d9541438f6d7a42a876a3df87,0ecaf30ec3147260f584fff24f30e32a975cba82529f3d3c36d4c49ea0de712f
incumbent-R4-C-oldpin-values-f66-v5,Matin2012_state_001,Matin2012_state_001::MEA,Matin2012,20.0,0.10590211804236084,0.0915,0.0885659485687144,evaluated,f66d972c032ce709ada69e8d8177e195c7e416800757663b7420c22bda5f6328,562b5976c7f6d44b782498480fce54bad1e3142d9541438f6d7a42a876a3df87,0ecaf30ec3147260f584fff24f30e32a975cba82529f3d3c36d4c49ea0de712f
incumbent-R4-C-oldpin-values-f66-v5,Matin2012_state_001,Matin2012_state_001::MEAH+,Matin2012,20.0,0.10590211804236084,0.0115,0.012085101147726275,evaluated,f66d972c032ce709ada69e8d8177e195c7e416800757663b7420c22bda5f6328,562b5976c7f6d44b782498480fce54bad1e3142d9541438f6d7a42a876a3df87,0ecaf30ec3147260f584fff24f30e32a975cba82529f3d3c36d4c49ea0de712f
incumbent-R4-C-oldpin-values-f66-v5,Matin2012_state_001,Matin2012_state_001::MEACOO-,Matin2012,20.0,0.10590211804236084,0.0097,0.011567818770587166,evaluated,f66d972c032ce709ada69e8d8177e195c7e416800757663b7420c22bda5f6328,562b5976c7f6d44b782498480fce54bad1e3142d9541438f6d7a42a876a3df87,0ecaf30ec3147260f584fff24f30e32a975cba82529f3d3c36d4c49ea0de712f
incumbent-R4-C-oldpin-values-f66-v5,Matin2012_state_001,Matin2012_state_001::HCO3-,Matin2012,20.0,0.10590211804236084,0.0024,0.00032737772245077575,evaluated,f66d972c032ce709ada69e8d8177e195c7e416800757663b7420c22bda5f6328,562b5976c7f6d44b782498480fce54bad1e3142d9541438f6d7a42a876a3df87,0ecaf30ec3147260f584fff24f30e32a975cba82529f3d3c36d4c49ea0de712f
incumbent-R4-C-oldpin-values-f66-v5,Matin2012_state_002,Matin2012_state_002::MEA,Matin2012,20.0,0.12790255805116105,0.0867,0.08366986783228483,evaluated,f66d972c032ce709ada69e8d8177e195c7e416800757663b7420c22bda5f6328,562b5976c7f6d44b782498480fce54bad1e3142d9541438f6d7a42a876a3df87,0ecaf30ec3147260f584fff24f30e32a975cba82529f3d3c36d4c49ea0de712f
incumbent-R4-C-oldpin-values-f66-v5,Matin2012_state_002,Matin2012_state_002::MEAH+,Matin2012,20.0,0.12790255805116105,0.0139,0.014615270109998846,evaluated,f66d972c032ce709ada69e8d8177e195c7e416800757663b7420c22bda5f6328,562b5976c7f6d44b782498480fce54bad1e3142d9541438f6d7a42a876a3df87,0ecaf30ec3147260f584fff24f30e32a975cba82529f3d3c36d4c49ea0de712f
incumbent-R4-C-oldpin-values-f66-v5,Matin2012_state_002,Matin2012_state_002::MEACOO-,Matin2012,20.0,0.12790255805116105,0.0124,0.013933730335114896,evaluated,f66d972c032ce709ada69e8d8177e195c7e416800757663b7420c22bda5f6328,562b5976c7f6d44b782498480fce54bad1e3142d9541438f6d7a42a876a3df87,0ecaf30ec3147260f584fff24f30e32a975cba82529f3d3c36d4c49ea0de712f
incumbent-R4-C-oldpin-values-f66-v5,Matin2012_state_002,Matin2012_state_002::HCO3-,Matin2012,20.0,0.12790255805116105,0.0022,0.0004302793697655156,evaluated,f66d972c032ce709ada69e8d8177e195c7e416800757663b7420c22bda5f6328,562b5976c7f6d44b782498480fce54bad1e3142d9541438f6d7a42a876a3df87,0ecaf30ec3147260f584fff24f30e32a975cba82529f3d3c36d4c49ea0de712f
incumbent-R4-C-oldpin-values-f66-v5,Matin2012_state_003,Matin2012_state_003::MEA,Matin2012,20.0,0.1499029980599612,0.0817,0.0787795912330136,evaluated,f66d972c032ce709ada69e8d8177e195c7e416800757663b7420c22bda5f6328,562b5976c7f6d44b782498480fce54bad1e3142d9541438f6d7a42a876a3df87,0ecaf30ec3147260f584fff24f30e32a975cba82529f3d3c36d4c49ea0de712f
incumbent-R4-C-oldpin-values-f66-v5,Matin2012_state_003,Matin2012_state_003::MEAH+,Matin2012,20.0,0.1499029980599612,0.0162,0.017158035665830546,evaluated,f66d972c032ce709ada69e8d8177e195c7e416800757663b7420c22bda5f6328,562b5976c7f6d44b782498480fce54bad1e3142d9541438f6d7a42a876a3df87,0ecaf30ec3147260f584fff24f30e32a975cba82529f3d3c36d4c49ea0de712f
incumbent-R4-C-oldpin-values-f66-v5,Matin2012_state_003,Matin2012_state_003::MEACOO-,Matin2012,20.0,0.1499029980599612,0.0151,0.01628124109858568,evaluated,f66d972c032ce709ada69e8d8177e195c7e416800757663b7420c22bda5f6328,562b5976c7f6d44b782498480fce54bad1e3142d9541438f6d7a42a876a3df87,0ecaf30ec3147260f584fff24f30e32a975cba82529f3d3c36d4c49ea0de712f
incumbent-R4-C-oldpin-values-f66-v5,Matin2012_state_003,Matin2012_state_003::HCO3-,Matin2012,20.0,0.1499029980599612,0.002,0.0005515811715565458,evaluated,f66d972c032ce709ada69e8d8177e195c7e416800757663b7420c22bda5f6328,562b5976c7f6d44b782498480fce54bad1e3142d9541438f6d7a42a876a3df87,0ecaf30ec3147260f584fff24f30e32a975cba82529f3d3c36d4c49ea0de712f
incumbent-R4-C-oldpin-values-f66-v5,Matin2012_state_004,Matin2012_state_004::MEA,Matin2012,20.0,0.17290345806916138,0.0768,0.07367436335737115,evaluated,f66d972c032ce709ada69e8d8177e195c7e416800757663b7420c22bda5f6328,562b5976c7f6d44b782498480fce54bad1e3142d9541438f6d7a42a876a3df87,0ecaf30ec3147260f584fff24f30e32a975cba82529f3d3c36d4c49ea0de712f
incumbent-R4-C-oldpin-values-f66-v5,Matin2012_state_004,Matin2012_state_004::MEAH+,Matin2012,20.0,0.17290345806916138,0.0186,0.019832242160179356,evaluated,f66d972c032ce709ada69e8d8177e195c7e416800757663b7420c22bda5f6328,562b5976c7f6d44b782498480fce54bad1e3142d9541438f6d7a42a876a3df87,0ecaf30ec3147260f584fff24f30e32a975cba82529f3d3c36d4c49ea0de712f
incumbent-R4-C-oldpin-values-f66-v5,Matin2012_state_004,Matin2012_state_004::MEACOO-,Matin2012,20.0,0.17290345806916138,0.0177,0.018712262088971393,evaluated,f66d972c032ce709ada69e8d8177e195c7e416800757663b7420c22bda5f6328,562b5976c7f6d44b782498480fce54bad1e3142d9541438f6d7a42a876a3df87,0ecaf30ec3147260f584fff24f30e32a975cba82529f3d3c36d4c49ea0de712f
incumbent-R4-C-oldpin-values-f66-v5,Matin2012_state_004,Matin2012_state_004::HCO3-,Matin2012,20.0,0.17290345806916138,0.002,0.000701590594042764,evaluated,f66d972c032ce709ada69e8d8177e195c7e416800757663b7420c22bda5f6328,562b5976c7f6d44b782498480fce54bad1e3142d9541438f6d7a42a876a3df87,0ecaf30ec3147260f584fff24f30e32a975cba82529f3d3c36d4c49ea0de712f
incumbent-R4-C-oldpin-values-f66-v5,Matin2012_state_005,Matin2012_state_005::MEA,Matin2012,20.0,0.19490389807796157,0.0718,0.06879945150691633,evaluated,f66d972c032ce709ada69e8d8177e195c7e416800757663b7420c22bda5f6328,562b5976c7f6d44b782498480fce54bad1e3142d9541438f6d7a42a876a3df87,0ecaf30ec3147260f584fff24f30e32a975cba82529f3d3c36d4c49ea0de712f
incumbent-R4-C-oldpin-values-f66-v5,Matin2012_state_005,Matin2012_state_005::MEAH+,Matin2012,20.0,0.19490389807796157,0.021,0.022408001568139106,evaluated,f66d972c032ce709ada69e8d8177e195c7e416800757663b7420c22bda5f6328,562b5976c7f6d44b782498480fce54bad1e3142d9541438f6d7a42a876a3df87,0ecaf30ec3147260f584fff24f30e32a975cba82529f3d3c36d4c49ea0de712f
incumbent-R4-C-oldpin-values-f66-v5,Matin2012_state_005,Matin2012_state_005::MEACOO-,Matin2012,20.0,0.19490389807796157,0.0203,0.0210114140331736,evaluated,f66d972c032ce709ada69e8d8177e195c7e416800757663b7420c22bda5f6328,562b5976c7f6d44b782498480fce54bad1e3142d9541438f6d7a42a876a3df87,0ecaf30ec3147260f584fff24f30e32a975cba82529f3d3c36d4c49ea0de712f
incumbent-R4-C-oldpin-values-f66-v5,Matin2012_state_005,Matin2012_state_005::HCO3-,Matin2012,20.0,0.19490389807796157,0.002,0.0008712491996510194,evaluated,f66d972c032ce709ada69e8d8177e195c7e416800757663b7420c22bda5f6328,562b5976c7f6d44b782498480fce54bad1e3142d9541438f6d7a42a876a3df87,0ecaf30ec3147260f584fff24f30e32a975cba82529f3d3c36d4c49ea0de712f
incumbent-R4-C-oldpin-values-f66-v5,Matin2012_state_006,Matin2012_state_006::MEA,Matin2012,20.0,0.21790435808716177,0.0668,0.06371347212003246,evaluated,f66d972c032ce709ada69e8d8177e195c7e416800757663b7420c22bda5f6328,562b5976c7f6d44b782498480fce54bad1e3142d9541438f6d7a42a876a3df87,0ecaf30ec3147260f584fff24f30e32a975cba82529f3d3c36d4c49ea0de712f
incumbent-R4-C-oldpin-values-f66-v5,Matin2012_state_006,Matin2012_state_006::MEAH+,Matin2012,20.0,0.21790435808716177,0.0234,0.025122713610583623,evaluated,f66d972c032ce709ada69e8d8177e195c7e416800757663b7420c22bda5f6328,562b5976c7f6d44b782498480fce54bad1e3142d9541438f6d7a42a876a3df87,0ecaf30ec3147260f584fff24f30e32a975cba82529f3d3c36d4c49ea0de712f
incumbent-R4-C-oldpin-values-f66-v5,Matin2012_state_006,Matin2012_state_006::MEACOO-,Matin2012,20.0,0.21790435808716177,0.0228,0.023382680681125166,evaluated,f66d972c032ce709ada69e8d8177e195c7e416800757663b7420c22bda5f6328,562b5976c7f6d44b782498480fce54bad1e3142d9541438f6d7a42a876a3df87,0ecaf30ec3147260f584fff24f30e32a975cba82529f3d3c36d4c49ea0de712f
incumbent-R4-C-oldpin-values-f66-v5,Matin2012_state_006,Matin2012_state_006::HCO3-,Matin2012,20.0,0.21790435808716177,0.0021,0.0010810101368422722,evaluated,f66d972c032ce709ada69e8d8177e195c7e416800757663b7420c22bda5f6328,562b5976c7f6d44b782498480fce54bad1e3142d9541438f6d7a42a876a3df87,0ecaf30ec3147260f584fff24f30e32a975cba82529f3d3c36d4c49ea0de712f
incumbent-R4-C-oldpin-values-f66-v5,Matin2012_state_007,Matin2012_state_007::MEA,Matin2012,20.0,0.24090481809636194,0.0618,0.058640612166363036,evaluated,f66d972c032ce709ada69e8d8177e195c7e416800757663b7420c22bda5f6328,562b5976c7f6d44b782498480fce54bad1e3142d9541438f6d7a42a876a3df87,0ecaf30ec3147260f584fff24f30e32a975cba82529f3d3c36d4c49ea0de712f
incumbent-R4-C-oldpin-values-f66-v5,Matin2012_state_007,Matin2012_state_007::MEAH+,Matin2012,20.0,0.24090481809636194,0.0257,0.02786356321195182,evaluated,f66d972c032ce709ada69e8d8177e195c7e416800757663b7420c22bda5f6328,562b5976c7f6d44b782498480fce54bad1e3142d9541438f6d7a42a876a3df87,0ecaf30ec3147260f584fff24f30e32a975cba82529f3d3c36d4c49ea0de712f
incumbent-R4-C-oldpin-values-f66-v5,Matin2012_state_007,Matin2012_state_007::MEACOO-,Matin2012,20.0,0.24090481809636194,0.0252,0.02571469009039511,evaluated,f66d972c032ce709ada69e8d8177e195c7e416800757663b7420c22bda5f6328,562b5976c7f6d44b782498480fce54bad1e3142d9541438f6d7a42a876a3df87,0ecaf30ec3147260f584fff24f30e32a975cba82529f3d3c36d4c49ea0de712f
incumbent-R4-C-oldpin-values-f66-v5,Matin2012_state_007,Matin2012_state_007::HCO3-,Matin2012,20.0,0.24090481809636194,0.0023,0.0013300260242712358,evaluated,f66d972c032ce709ada69e8d8177e195c7e416800757663b7420c22bda5f6328,562b5976c7f6d44b782498480fce54bad1e3142d9541438f6d7a42a876a3df87,0ecaf30ec3147260f584fff24f30e32a975cba82529f3d3c36d4c49ea0de712f
incumbent-R4-C-oldpin-values-f66-v5,Matin2012_state_008,Matin2012_state_008::MEA,Matin2012,20.0,0.26390527810556214,0.0568,0.053584046285474564,evaluated,f66d972c032ce709ada69e8d8177e195c7e416800757663b7420c22bda5f6328,562b5976c7f6d44b782498480fce54bad1e3142d9541438f6d7a42a876a3df87,0ecaf30ec3147260f584fff24f30e32a975cba82529f3d3c36d4c49ea0de712f
incumbent-R4-C-oldpin-values-f66-v5,Matin2012_state_008,Matin2012_state_008::MEAH+,Matin2012,20.0,0.26390527810556214,0.0281,0.030634860624538292,evaluated,f66d972c032ce709ada69e8d8177e195c7e416800757663b7420c22bda5f6328,562b5976c7f6d44b782498480fce54bad1e3142d9541438f6d7a42a876a3df87,0ecaf30ec3147260f584fff24f30e32a975cba82529f3d3c36d4c49ea0de712f
incumbent-R4-C-oldpin-values-f66-v5,Matin2012_state_008,Matin2012_state_008::MEACOO-,Matin2012,20.0,0.26390527810556214,0.0276,0.027999957268509092,evaluated,f66d972c032ce709ada69e8d8177e195c7e416800757663b7420c22bda5f6328,562b5976c7f6d44b782498480fce54bad1e3142d9541438f6d7a42a876a3df87,0ecaf30ec3147260f584fff24f30e32a975cba82529f3d3c36d4c49ea0de712f
incumbent-R4-C-oldpin-values-f66-v5,Matin2012_state_008,Matin2012_state_008::HCO3-,Matin2012,20.0,0.26390527810556214,0.0026,0.001625780914259754,evaluated,f66d972c032ce709ada69e8d8177e195c7e416800757663b7420c22bda5f6328,562b5976c7f6d44b782498480fce54bad1e3142d9541438f6d7a42a876a3df87,0ecaf30ec3147260f584fff24f30e32a975cba82529f3d3c36d4c49ea0de712f
incumbent-R4-C-oldpin-values-f66-v5,Matin2012_state_009,Matin2012_state_009::MEA,Matin2012,20.0,0.2869057381147623,0.0518,0.0485480928842256,evaluated,f66d972c032ce709ada69e8d8177e195c7e416800757663b7420c22bda5f6328,562b5976c7f6d44b782498480fce54bad1e3142d9541438f6d7a42a876a3df87,0ecaf30ec3147260f584fff24f30e32a975cba82529f3d3c36d4c49ea0de712f
incumbent-R4-C-oldpin-values-f66-v5,Matin2012_state_009,Matin2012_state_009::MEAH+,Matin2012,20.0,0.2869057381147623,0.0304,0.03344134999858747,evaluated,f66d972c032ce709ada69e8d8177e195c7e416800757663b7420c22bda5f6328,562b5976c7f6d44b782498480fce54bad1e3142d9541438f6d7a42a876a3df87,0ecaf30ec3147260f584fff24f30e32a975cba82529f3d3c36d4c49ea0de712f
incumbent-R4-C-oldpin-values-f66-v5,Matin2012_state_009,Matin2012_state_009::MEACOO-,Matin2012,20.0,0.2869057381147623,0.0299,0.03022941950476053,evaluated,f66d972c032ce709ada69e8d8177e195c7e416800757663b7420c22bda5f6328,562b5976c7f6d44b782498480fce54bad1e3142d9541438f6d7a42a876a3df87,0ecaf30ec3147260f584fff24f30e32a975cba82529f3d3c36d4c49ea0de712f
incumbent-R4-C-oldpin-values-f66-v5,Matin2012_state_009,Matin2012_state_009::HCO3-,Matin2012,20.0,0.2869057381147623,0.003,0.0019773360801461385,evaluated,f66d972c032ce709ada69e8d8177e195c7e416800757663b7420c22bda5f6328,562b5976c7f6d44b782498480fce54bad1e3142d9541438f6d7a42a876a3df87,0ecaf30ec3147260f584fff24f30e32a975cba82529f3d3c36d4c49ea0de712f
incumbent-R4-C-oldpin-values-f66-v5,Matin2012_state_010,Matin2012_state_010::MEA,Matin2012,20.0,0.3099061981239625,0.0469,0.04353880399542426,evaluated,f66d972c032ce709ada69e8d8177e195c7e416800757663b7420c22bda5f6328,562b5976c7f6d44b782498480fce54bad1e3142d9541438f6d7a42a876a3df87,0ecaf30ec3147260f584fff24f30e32a975cba82529f3d3c36d4c49ea0de712f
incumbent-R4-C-oldpin-values-f66-v5,Matin2012_state_010,Matin2012_state_010::MEAH+,Matin2012,20.0,0.3099061981239625,0.0327,0.03628807150333097,evaluated,f66d972c032ce709ada69e8d8177e195c7e416800757663b7420c22bda5f6328,562b5976c7f6d44b782498480fce54bad1e3142d9541438f6d7a42a876a3df87,0ecaf30ec3147260f584fff24f30e32a975cba82529f3d3c36d4c49ea0de712f
incumbent-R4-C-oldpin-values-f66-v5,Matin2012_state_010,Matin2012_state_010::MEACOO-,Matin2012,20.0,0.3099061981239625,0.0321,0.03239198435388903,evaluated,f66d972c032ce709ada69e8d8177e195c7e416800757663b7420c22bda5f6328,562b5976c7f6d44b782498480fce54bad1e3142d9541438f6d7a42a876a3df87,0ecaf30ec3147260f584fff24f30e32a975cba82529f3d3c36d4c49ea0de712f
incumbent-R4-C-oldpin-values-f66-v5,Matin2012_state_010,Matin2012_state_010::HCO3-,Matin2012,20.0,0.3099061981239625,0.0034,0.0023957816914927,evaluated,f66d972c032ce709ada69e8d8177e195c7e416800757663b7420c22bda5f6328,562b5976c7f6d44b782498480fce54bad1e3142d9541438f6d7a42a876a3df87,0ecaf30ec3147260f584fff24f30e32a975cba82529f3d3c36d4c49ea0de712f
incumbent-R4-C-oldpin-values-f66-v5,Matin2012_state_011,Matin2012_state_011::MEA,Matin2012,20.0,0.33390667813356273,0.0419,0.038349689868805985,evaluated,f66d972c032ce709ada69e8d8177e195c7e416800757663b7420c22bda5f6328,562b5976c7f6d44b782498480fce54bad1e3142d9541438f6d7a42a876a3df87,0ecaf30ec3147260f584fff24f30e32a975cba82529f3d3c36d4c49ea0de712f
incumbent-R4-C-oldpin-values-f66-v5,Matin2012_state_011,Matin2012_state_011::MEAH+,Matin2012,20.0,0.33390667813356273,0.0349,0.03930689780210595,evaluated,f66d972c032ce709ada69e8d8177e195c7e416800757663b7420c22bda5f6328,562b5976c7f6d44b782498480fce54bad1e3142d9541438f6d7a42a876a3df87,0ecaf30ec3147260f584fff24f30e32a975cba82529f3d3c36d4c49ea0de712f
incumbent-R4-C-oldpin-values-f66-v5,Matin2012_state_011,Matin2012_state_011::MEACOO-,Matin2012,20.0,0.33390667813356273,0.0342,0.03456226830707038,evaluated,f66d972c032ce709ada69e8d8177e195c7e416800757663b7420c22bda5f6328,562b5976c7f6d44b782498480fce54bad1e3142d9541438f6d7a42a876a3df87,0ecaf30ec3147260f584fff24f30e32a975cba82529f3d3c36d4c49ea0de712f
incumbent-R4-C-oldpin-values-f66-v5,Matin2012_state_011,Matin2012_state_011::HCO3-,Matin2012,20.0,0.33390667813356273,0.004,0.00291871455291555,evaluated,f66d972c032ce709ada69e8d8177e195c7e416800757663b7420c22bda5f6328,562b5976c7f6d44b782498480fce54bad1e3142d9541438f6d7a42a876a3df87,0ecaf30ec3147260f584fff24f30e32a975cba82529f3d3c36d4c49ea0de712f
incumbent-R4-C-oldpin-values-f66-v5,Matin2012_state_012,Matin2012_state_012::MEA,Matin2012,20.0,0.3579071581431629,0.0371,0.03321442517483764,evaluated,f66d972c032ce709ada69e8d8177e195c7e416800757663b7420c22bda5f6328,562b5976c7f6d44b782498480fce54bad1e3142d9541438f6d7a42a876a3df87,0ecaf30ec3147260f584fff24f30e32a975cba82529f3d3c36d4c49ea0de712f
incumbent-R4-C-oldpin-values-f66-v5,Matin2012_state_012,Matin2012_state_012::MEAH+,Matin2012,20.0,0.3579071581431629,0.0372,0.042379998776779025,evaluated,f66d972c032ce709ada69e8d8177e195c7e416800757663b7420c22bda5f6328,562b5976c7f6d44b782498480fce54bad1e3142d9541438f6d7a42a876a3df87,0ecaf30ec3147260f584fff24f30e32a975cba82529f3d3c36d4c49ea0de712f
incumbent-R4-C-oldpin-values-f66-v5,Matin2012_state_012,Matin2012_state_012::MEACOO-,Matin2012,20.0,0.3579071581431629,0.0362,0.036624426100249,evaluated,f66d972c032ce709ada69e8d8177e195c7e416800757663b7420c22bda5f6328,562b5976c7f6d44b782498480fce54bad1e3142d9541438f6d7a42a876a3df87,0ecaf30ec3147260f584fff24f30e32a975cba82529f3d3c36d4c49ea0de712f
incumbent-R4-C-oldpin-values-f66-v5,Matin2012_state_012,Matin2012_state_012::HCO3-,Matin2012,20.0,0.3579071581431629,0.0046,0.0035497543731007903,evaluated,f66d972c032ce709ada69e8d8177e195c7e416800757663b7420c22bda5f6328,562b5976c7f6d44b782498480fce54bad1e3142d9541438f6d7a42a876a3df87,0ecaf30ec3147260f584fff24f30e32a975cba82529f3d3c36d4c49ea0de712f
incumbent-R4-C-oldpin-values-f66-v5,Matin2012_state_013,Matin2012_state_013::MEA,Matin2012,20.0,0.3819076381527631,0.0322,0.0281575292771431,evaluated,f66d972c032ce709ada69e8d8177e195c7e416800757663b7420c22bda5f6328,562b5976c7f6d44b782498480fce54bad1e3142d9541438f6d7a42a876a3df87,0ecaf30ec3147260f584fff24f30e32a975cba82529f3d3c36d4c49ea0de712f
incumbent-R4-C-oldpin-values-f66-v5,Matin2012_state_013,Matin2012_state_013::MEAH+,Matin2012,20.0,0.3819076381527631,0.0394,0.04551017180245088,evaluated,f66d972c032ce709ada69e8d8177e195c7e416800757663b7420c22bda5f6328,562b5976c7f6d44b782498480fce54bad1e3142d9541438f6d7a42a876a3df87,0ecaf30ec3147260f584fff24f30e32a975cba82529f3d3c36d4c49ea0de712f
incumbent-R4-C-oldpin-values-f66-v5,Matin2012_state_013,Matin2012_state_013::MEACOO-,Matin2012,20.0,0.3819076381527631,0.0381,0.03855113947284948,evaluated,f66d972c032ce709ada69e8d8177e195c7e416800757663b7420c22bda5f6328,562b5976c7f6d44b782498480fce54bad1e3142d9541438f6d7a42a876a3df87,0ecaf30ec3147260f584fff24f30e32a975cba82529f3d3c36d4c49ea0de712f
incumbent-R4-C-oldpin-values-f66-v5,Matin2012_state_013,Matin2012_state_013::HCO3-,Matin2012,20.0,0.3819076381527631,0.0053,0.004316205122119714,evaluated,f66d972c032ce709ada69e8d8177e195c7e416800757663b7420c22bda5f6328,562b5976c7f6d44b782498480fce54bad1e3142d9541438f6d7a42a876a3df87,0ecaf30ec3147260f584fff24f30e32a975cba82529f3d3c36d4c49ea0de712f
incumbent-R4-C-oldpin-values-f66-v5,Matin2012_state_014,Matin2012_state_014::MEA,Matin2012,20.0,0.4059081181623633,0.0274,0.023220513134349776,evaluated,f66d972c032ce709ada69e8d8177e195c7e416800757663b7420c22bda5f6328,562b5976c7f6d44b782498480fce54bad1e3142d9541438f6d7a42a876a3df87,0ecaf30ec3147260f584fff24f30e32a975cba82529f3d3c36d4c49ea0de712f
incumbent-R4-C-oldpin-values-f66-v5,Matin2012_state_014,Matin2012_state_014::MEAH+,Matin2012,20.0,0.4059081181623633,0.0415,0.04869511884838147,evaluated,f66d972c032ce709ada69e8d8177e195c7e416800757663b7420c22bda5f6328,562b5976c7f6d44b782498480fce54bad1e3142d9541438f6d7a42a876a3df87,0ecaf30ec3147260f584fff24f30e32a975cba82529f3d3c36d4c49ea0de712f
incumbent-R4-C-oldpin-values-f66-v5,Matin2012_state_014,Matin2012_state_014::MEACOO-,Matin2012,20.0,0.4059081181623633,0.04,0.04030319238403074,evaluated,f66d972c032ce709ada69e8d8177e195c7e416800757663b7420c22bda5f6328,562b5976c7f6d44b782498480fce54bad1e3142d9541438f6d7a42a876a3df87,0ecaf30ec3147260f584fff24f30e32a975cba82529f3d3c36d4c49ea0de712f
incumbent-R4-C-oldpin-values-f66-v5,Matin2012_state_014,Matin2012_state_014::HCO3-,Matin2012,20.0,0.4059081181623633,0.0061,0.005257253579655778,evaluated,f66d972c032ce709ada69e8d8177e195c7e416800757663b7420c22bda5f6328,562b5976c7f6d44b782498480fce54bad1e3142d9541438f6d7a42a876a3df87,0ecaf30ec3147260f584fff24f30e32a975cba82529f3d3c36d4c49ea0de712f
incumbent-R4-C-oldpin-values-f66-v5,Matin2012_state_015,Matin2012_state_015::MEA,Matin2012,20.0,0.4309086181723635,0.0227,0.01828505539823604,evaluated,f66d972c032ce709ada69e8d8177e195c7e416800757663b7420c22bda5f6328,562b5976c7f6d44b782498480fce54bad1e3142d9541438f6d7a42a876a3df87,0ecaf30ec3147260f584fff24f30e32a975cba82529f3d3c36d4c49ea0de712f
incumbent-R4-C-oldpin-values-f66-v5,Matin2012_state_015,Matin2012_state_015::MEAH+,Matin2012,20.0,0.4309086181723635,0.0436,0.05205665833340979,evaluated,f66d972c032ce709ada69e8d8177e195c7e416800757663b7420c22bda5f6328,562b5976c7f6d44b782498480fce54bad1e3142d9541438f6d7a42a876a3df87,0ecaf30ec3147260f584fff24f30e32a975cba82529f3d3c36d4c49ea0de712f
incumbent-R4-C-oldpin-values-f66-v5,Matin2012_state_015,Matin2012_state_015::MEACOO-,Matin2012,20.0,0.4309086181723635,0.0417,0.04187707910531648,evaluated,f66d972c032ce709ada69e8d8177e195c7e416800757663b7420c22bda5f6328,562b5976c7f6d44b782498480fce54bad1e3142d9541438f6d7a42a876a3df87,0ecaf30ec3147260f584fff24f30e32a975cba82529f3d3c36d4c49ea0de712f
incumbent-R4-C-oldpin-values-f66-v5,Matin2012_state_015,Matin2012_state_015::HCO3-,Matin2012,20.0,0.4309086181723635,0.007,0.006488542911188482,evaluated,f66d972c032ce709ada69e8d8177e195c7e416800757663b7420c22bda5f6328,562b5976c7f6d44b782498480fce54bad1e3142d9541438f6d7a42a876a3df87,0ecaf30ec3147260f584fff24f30e32a975cba82529f3d3c36d4c49ea0de712f
incumbent-R4-C-oldpin-values-f66-v5,Matin2012_state_016,Matin2012_state_016::MEA,Matin2012,20.0,0.4549090981819637,0.0181,0.01388451607404755,evaluated,f66d972c032ce709ada69e8d8177e195c7e416800757663b7420c22bda5f6328,562b5976c7f6d44b782498480fce54bad1e3142d9541438f6d7a42a876a3df87,0ecaf30ec3147260f584fff24f30e32a975cba82529f3d3c36d4c49ea0de712f
incumbent-R4-C-oldpin-values-f66-v5,Matin2012_state_016,Matin2012_state_016::MEAH+,Matin2012,20.0,0.4549090981819637,0.0457,0.055289436167495244,evaluated,f66d972c032ce709ada69e8d8177e195c7e416800757663b7420c22bda5f6328,562b5976c7f6d44b782498480fce54bad1e3142d9541438f6d7a42a876a3df87,0ecaf30ec3147260f584fff24f30e32a975cba82529f3d3c36d4c49ea0de712f
incumbent-R4-C-oldpin-values-f66-v5,Matin2012_state_016,Matin2012_state_016::MEACOO-,Matin2012,20.0,0.4549090981819637,0.0433,0.04304477853622398,evaluated,f66d972c032ce709ada69e8d8177e195c7e416800757663b7420c22bda5f6328,562b5976c7f6d44b782498480fce54bad1e3142d9541438f6d7a42a876a3df87,0ecaf30ec3147260f584fff24f30e32a975cba82529f3d3c36d4c49ea0de712f
incumbent-R4-C-oldpin-values-f66-v5,Matin2012_state_016,Matin2012_state_016::HCO3-,Matin2012,20.0,0.4549090981819637,0.008,0.008013513252177102,evaluated,f66d972c032ce709ada69e8d8177e195c7e416800757663b7420c22bda5f6328,562b5976c7f6d44b782498480fce54bad1e3142d9541438f6d7a42a876a3df87,0ecaf30ec3147260f584fff24f30e32a975cba82529f3d3c36d4c49ea0de712f
incumbent-R4-C-oldpin-values-f66-v5,Matin2012_state_017,Matin2012_state_017::MEA,Matin2012,20.0,0.4799095981919638,0.0135,0.00989711571629158,evaluated,f66d972c032ce709ada69e8d8177e195c7e416800757663b7420c22bda5f6328,562b5976c7f6d44b782498480fce54bad1e3142d9541438f6d7a42a876a3df87,0ecaf30ec3147260f584fff24f30e32a975cba82529f3d3c36d4c49ea0de712f
incumbent-R4-C-oldpin-values-f66-v5,Matin2012_state_017,Matin2012_state_017::MEAH+,Matin2012,20.0,0.4799095981919638,0.0477,0.05858482581437429,evaluated,f66d972c032ce709ada69e8d8177e195c7e416800757663b7420c22bda5f6328,562b5976c7f6d44b782498480fce54bad1e3142d9541438f6d7a42a876a3df87,0ecaf30ec3147260f584fff24f30e32a975cba82529f3d3c36d4c49ea0de712f
incumbent-R4-C-oldpin-values-f66-v5,Matin2012_state_017,Matin2012_state_017::MEACOO-,Matin2012,20.0,0.4799095981919638,0.0448,0.04373664381156274,evaluated,f66d972c032ce709ada69e8d8177e195c7e416800757663b7420c22bda5f6328,562b5976c7f6d44b782498480fce54bad1e3142d9541438f6d7a42a876a3df87,0ecaf30ec3147260f584fff24f30e32a975cba82529f3d3c36d4c49ea0de712f
incumbent-R4-C-oldpin-values-f66-v5,Matin2012_state_017,Matin2012_state_017::HCO3-,Matin2012,20.0,0.4799095981919638,0.0091,0.010125750438256805,evaluated,f66d972c032ce709ada69e8d8177e195c7e416800757663b7420c22bda5f6328,562b5976c7f6d44b782498480fce54bad1e3142d9541438f6d7a42a876a3df87,0ecaf30ec3147260f584fff24f30e32a975cba82529f3d3c36d4c49ea0de712f
incumbent-R4-C-oldpin-values-f66-v5,Matin2012_state_018,Matin2012_state_018::MEA,Matin2012,20.0,0.5049100982019641,0.009,0.0068150115988381095,evaluated,f66d972c032ce709ada69e8d8177e195c7e416800757663b7420c22bda5f6328,562b5976c7f6d44b782498480fce54bad1e3142d9541438f6d7a42a876a3df87,0ecaf30ec3147260f584fff24f30e32a975cba82529f3d3c36d4c49ea0de712f
incumbent-R4-C-oldpin-values-f66-v5,Matin2012_state_018,Matin2012_state_018::MEAH+,Matin2012,20.0,0.5049100982019641,0.0496,0.06169647938291391,evaluated,f66d972c032ce709ada69e8d8177e195c7e416800757663b7420c22bda5f6328,562b5976c7f6d44b782498480fce54bad1e3142d9541438f6d7a42a876a3df87,0ecaf30ec3147260f584fff24f30e32a975cba82529f3d3c36d4c49ea0de712f
incumbent-R4-C-oldpin-values-f66-v5,Matin2012_state_018,Matin2012_state_018::MEACOO-,Matin2012,20.0,0.5049100982019641,0.0462,0.043706754037102793,evaluated,f66d972c032ce709ada69e8d8177e195c7e416800757663b7420c22bda5f6328,562b5976c7f6d44b782498480fce54bad1e3142d9541438f6d7a42a876a3df87,0ecaf30ec3147260f584fff24f30e32a975cba82529f3d3c36d4c49ea0de712f
incumbent-R4-C-oldpin-values-f66-v5,Matin2012_state_018,Matin2012_state_018::HCO3-,Matin2012,20.0,0.5049100982019641,0.0102,0.01295790030783013,evaluated,f66d972c032ce709ada69e8d8177e195c7e416800757663b7420c22bda5f6328,562b5976c7f6d44b782498480fce54bad1e3142d9541438f6d7a42a876a3df87,0ecaf30ec3147260f584fff24f30e32a975cba82529f3d3c36d4c49ea0de712f
incumbent-R4-C-oldpin-values-f66-v5,Matin2012_state_019,Matin2012_state_019::MEA,Matin2012,20.0,0.5309106182123643,0.0046,0.004673088238392981,evaluated,f66d972c032ce709ada69e8d8177e195c7e416800757663b7420c22bda5f6328,562b5976c7f6d44b782498480fce54bad1e3142d9541438f6d7a42a876a3df87,0ecaf30ec3147260f584fff24f30e32a975cba82529f3d3c36d4c49ea0de712f
incumbent-R4-C-oldpin-values-f66-v5,Matin2012_state_019,Matin2012_state_019::MEAH+,Matin2012,20.0,0.5309106182123643,0.0515,0.06467190881111716,evaluated,f66d972c032ce709ada69e8d8177e195c7e416800757663b7420c22bda5f6328,562b5976c7f6d44b782498480fce54bad1e3142d9541438f6d7a42a876a3df87,0ecaf30ec3147260f584fff24f30e32a975cba82529f3d3c36d4c49ea0de712f
incumbent-R4-C-oldpin-values-f66-v5,Matin2012_state_019,Matin2012_state_019::MEACOO-,Matin2012,20.0,0.5309106182123643,0.0475,0.042872478867434026,evaluated,f66d972c032ce709ada69e8d8177e195c7e416800757663b7420c22bda5f6328,562b5976c7f6d44b782498480fce54bad1e3142d9541438f6d7a42a876a3df87,0ecaf30ec3147260f584fff24f30e32a975cba82529f3d3c36d4c49ea0de712f
incumbent-R4-C-oldpin-values-f66-v5,Matin2012_state_019,Matin2012_state_019::HCO3-,Matin2012,20.0,0.5309106182123643,0.0114,0.016702587866718514,evaluated,f66d972c032ce709ada69e8d8177e195c7e416800757663b7420c22bda5f6328,562b5976c7f6d44b782498480fce54bad1e3142d9541438f6d7a42a876a3df87,0ecaf30ec3147260f584fff24f30e32a975cba82529f3d3c36d4c49ea0de712f
incumbent-R4-C-oldpin-values-f66-v5,canonical:vle_obs_0034,vle_obs_0034-pco2,Aronu2011,40.0,0.10200204004080081,1.6,2.0084058809787235,evaluated,f66d972c032ce709ada69e8d8177e195c7e416800757663b7420c22bda5f6328,562b5976c7f6d44b782498480fce54bad1e3142d9541438f6d7a42a876a3df87,0ecaf30ec3147260f584fff24f30e32a975cba82529f3d3c36d4c49ea0de712f
incumbent-R4-C-oldpin-values-f66-v5,canonical:vle_obs_0035,vle_obs_0035-pco2,Aronu2011,40.0,0.20600412008240165,12.3,12.35093955979128,evaluated,f66d972c032ce709ada69e8d8177e195c7e416800757663b7420c22bda5f6328,562b5976c7f6d44b782498480fce54bad1e3142d9541438f6d7a42a876a3df87,0ecaf30ec3147260f584fff24f30e32a975cba82529f3d3c36d4c49ea0de712f
incumbent-R4-C-oldpin-values-f66-v5,canonical:vle_obs_0036,vle_obs_0036-pco2,Aronu2011,40.0,0.250005000100002,24.6,23.920482572815867,evaluated,f66d972c032ce709ada69e8d8177e195c7e416800757663b7420c22bda5f6328,562b5976c7f6d44b782498480fce54bad1e3142d9541438f6d7a42a876a3df87,0ecaf30ec3147260f584fff24f30e32a975cba82529f3d3c36d4c49ea0de712f
incumbent-R4-C-oldpin-values-f66-v5,canonical:vle_obs_0037,vle_obs_0037-pco2,Aronu2011,40.0,0.33700674013480275,60.3,91.38827465701286,evaluated,f66d972c032ce709ada69e8d8177e195c7e416800757663b7420c22bda5f6328,562b5976c7f6d44b782498480fce54bad1e3142d9541438f6d7a42a876a3df87,0ecaf30ec3147260f584fff24f30e32a975cba82529f3d3c36d4c49ea0de712f
incumbent-R4-C-oldpin-values-f66-v5,canonical:vle_obs_0038,vle_obs_0038-pco2,Aronu2011,40.0,0.3530070601412028,85.1,119.3598983669126,evaluated,f66d972c032ce709ada69e8d8177e195c7e416800757663b7420c22bda5f6328,562b5976c7f6d44b782498480fce54bad1e3142d9541438f6d7a42a876a3df87,0ecaf30ec3147260f584fff24f30e32a975cba82529f3d3c36d4c49ea0de712f
incumbent-R4-C-oldpin-values-f66-v5,canonical:vle_obs_0039,vle_obs_0039-pco2,Aronu2011,40.0,0.40100802016040327,183.5,286.51128050013176,evaluated,f66d972c032ce709ada69e8d8177e195c7e416800757663b7420c22bda5f6328,562b5976c7f6d44b782498480fce54bad1e3142d9541438f6d7a42a876a3df87,0ecaf30ec3147260f584fff24f30e32a975cba82529f3d3c36d4c49ea0de712f
incumbent-R4-C-oldpin-values-f66-v5,canonical:vle_obs_0040,vle_obs_0040-pco2,Aronu2011,40.0,0.4170083401668033,292.8,396.27144600569085,evaluated,f66d972c032ce709ada69e8d8177e195c7e416800757663b7420c22bda5f6328,562b5976c7f6d44b782498480fce54bad1e3142d9541438f6d7a42a876a3df87,0ecaf30ec3147260f584fff24f30e32a975cba82529f3d3c36d4c49ea0de712f
incumbent-R4-C-oldpin-values-f66-v5,canonical:vle_obs_0041,vle_obs_0041-pco2,Aronu2011,40.0,0.42100842016840334,318.79999999999995,431.035569466321,evaluated,f66d972c032ce709ada69e8d8177e195c7e416800757663b7420c22bda5f6328,562b5976c7f6d44b782498480fce54bad1e3142d9541438f6d7a42a876a3df87,0ecaf30ec3147260f584fff24f30e32a975cba82529f3d3c36d4c49ea0de712f
incumbent-R4-C-oldpin-values-f66-v5,canonical:vle_obs_0042,vle_obs_0042-pco2,Aronu2011,40.0,0.43300866017320344,380.90000000000003,558.9408375829963,evaluated,f66d972c032ce709ada69e8d8177e195c7e416800757663b7420c22bda5f6328,562b5976c7f6d44b782498480fce54bad1e3142d9541438f6d7a42a876a3df87,0ecaf30ec3147260f584fff24f30e32a975cba82529f3d3c36d4c49ea0de712f
incumbent-R4-C-oldpin-values-f66-v5,canonical:vle_obs_0043,vle_obs_0043-pco2,Aronu2011,40.0,0.4470089401788036,570.2,767.9450642901508,evaluated,f66d972c032ce709ada69e8d8177e195c7e416800757663b7420c22bda5f6328,562b5976c7f6d44b782498480fce54bad1e3142d9541438f6d7a42a876a3df87,0ecaf30ec3147260f584fff24f30e32a975cba82529f3d3c36d4c49ea0de712f
incumbent-R4-C-oldpin-values-f66-v5,canonical:vle_obs_0044,vle_obs_0044-pco2,Aronu2011,40.0,0.4640092801856037,1066.2,1151.815812613818,evaluated,f66d972c032ce709ada69e8d8177e195c7e416800757663b7420c22bda5f6328,562b5976c7f6d44b782498480fce54bad1e3142d9541438f6d7a42a876a3df87,0ecaf30ec3147260f584fff24f30e32a975cba82529f3d3c36d4c49ea0de712f
incumbent-R4-C-oldpin-values-f66-v5,canonical:vle_obs_0045,vle_obs_0045-pco2,Aronu2011,40.0,0.4760095201904038,1832.6,1549.2347315640689,evaluated,f66d972c032ce709ada69e8d8177e195c7e416800757663b7420c22bda5f6328,562b5976c7f6d44b782498480fce54bad1e3142d9541438f6d7a42a876a3df87,0ecaf30ec3147260f584fff24f30e32a975cba82529f3d3c36d4c49ea0de712f
incumbent-R4-C-oldpin-values-f66-v5,canonical:vle_obs_0046,vle_obs_0046-pco2,Aronu2011,40.0,0.4770095401908038,1827.8000000000002,1588.4091193608958,evaluated,f66d972c032ce709ada69e8d8177e195c7e416800757663b7420c22bda5f6328,562b5976c7f6d44b782498480fce54bad1e3142d9541438f6d7a42a876a3df87,0ecaf30ec3147260f584fff24f30e32a975cba82529f3d3c36d4c49ea0de712f
incumbent-R4-C-oldpin-values-f66-v5,canonical:vle_obs_0047,vle_obs_0047-pco2,Aronu2011,40.0,0.48500970019400386,2319.3,1941.4181281894835,evaluated,f66d972c032ce709ada69e8d8177e195c7e416800757663b7420c22bda5f6328,562b5976c7f6d44b782498480fce54bad1e3142d9541438f6d7a42a876a3df87,0ecaf30ec3147260f584fff24f30e32a975cba82529f3d3c36d4c49ea0de712f
incumbent-R4-C-oldpin-values-f66-v5,canonical:vle_obs_0048,vle_obs_0048-pco2,Aronu2011,40.0,0.4890097801956039,2857.7,2147.0500813054737,evaluated,f66d972c032ce709ada69e8d8177e195c7e416800757663b7420c22bda5f6328,562b5976c7f6d44b782498480fce54bad1e3142d9541438f6d7a42a876a3df87,0ecaf30ec3147260f584fff24f30e32a975cba82529f3d3c36d4c49ea0de712f
incumbent-R4-C-oldpin-values-f66-v5,canonical:vle_obs_0049,vle_obs_0049-pco2,Aronu2011,40.0,0.5160103202064041,8558.3,4195.30769196731,evaluated,f66d972c032ce709ada69e8d8177e195c7e416800757663b7420c22bda5f6328,562b5976c7f6d44b782498480fce54bad1e3142d9541438f6d7a42a876a3df87,0ecaf30ec3147260f584fff24f30e32a975cba82529f3d3c36d4c49ea0de712f
incumbent-R4-C-oldpin-values-f66-v5,canonical:vle_obs_0050,vle_obs_0050-pco2,Aronu2011,40.0,0.5240104802096043,11812.0,5074.519742748461,evaluated,f66d972c032ce709ada69e8d8177e195c7e416800757663b7420c22bda5f6328,562b5976c7f6d44b782498480fce54bad1e3142d9541438f6d7a42a876a3df87,0ecaf30ec3147260f584fff24f30e32a975cba82529f3d3c36d4c49ea0de712f
incumbent-R4-C-oldpin-values-f66-v5,canonical:vle_obs_0051,vle_obs_0051-pco2,Aronu2011,60.0,0.053001060021200426,4.5,3.0428118909291633,evaluated,f66d972c032ce709ada69e8d8177e195c7e416800757663b7420c22bda5f6328,562b5976c7f6d44b782498480fce54bad1e3142d9541438f6d7a42a876a3df87,0ecaf30ec3147260f584fff24f30e32a975cba82529f3d3c36d4c49ea0de712f
incumbent-R4-C-oldpin-values-f66-v5,canonical:vle_obs_0052,vle_obs_0052-pco2,Aronu2011,60.0,0.10500210004200083,15.4,12.551037886603815,evaluated,f66d972c032ce709ada69e8d8177e195c7e416800757663b7420c22bda5f6328,562b5976c7f6d44b782498480fce54bad1e3142d9541438f6d7a42a876a3df87,0ecaf30ec3147260f584fff24f30e32a975cba82529f3d3c36d4c49ea0de712f
incumbent-R4-C-oldpin-values-f66-v5,canonical:vle_obs_0053,vle_obs_0053-pco2,Aronu2011,60.0,0.1620032400648013,42.7,36.6745900180678,evaluated,f66d972c032ce709ada69e8d8177e195c7e416800757663b7420c22bda5f6328,562b5976c7f6d44b782498480fce54bad1e3142d9541438f6d7a42a876a3df87,0ecaf30ec3147260f584fff24f30e32a975cba82529f3d3c36d4c49ea0de712f
incumbent-R4-C-oldpin-values-f66-v5,canonical:vle_obs_0054,vle_obs_0054-pco2,Aronu2011,60.0,0.24400488009760196,134.8,133.8926178256654,evaluated,f66d972c032ce709ada69e8d8177e195c7e416800757663b7420c22bda5f6328,562b5976c7f6d44b782498480fce54bad1e3142d9541438f6d7a42a876a3df87,0ecaf30ec3147260f584fff24f30e32a975cba82529f3d3c36d4c49ea0de712f
incumbent-R4-C-oldpin-values-f66-v5,canonical:vle_obs_0055,vle_obs_0055-pco2,Aronu2011,60.0,0.3030060601212024,301.5,331.9771257211722,evaluated,f66d972c032ce709ada69e8d8177e195c7e416800757663b7420c22bda5f6328,562b5976c7f6d44b782498480fce54bad1e3142d9541438f6d7a42a876a3df87,0ecaf30ec3147260f584fff24f30e32a975cba82529f3d3c36d4c49ea0de712f
incumbent-R4-C-oldpin-values-f66-v5,canonical:vle_obs_0056,vle_obs_0056-pco2,Aronu2011,60.0,0.3600072001440029,643.5999999999999,846.4533737226902,evaluated,f66d972c032ce709ada69e8d8177e195c7e416800757663b7420c22bda5f6328,562b5976c7f6d44b782498480fce54bad1e3142d9541438f6d7a42a876a3df87,0ecaf30ec3147260f584fff24f30e32a975cba82529f3d3c36d4c49ea0de712f
incumbent-R4-C-oldpin-values-f66-v5,canonical:vle_obs_0057,vle_obs_0057-pco2,Aronu2011,60.0,0.3930078601572032,1097.0,1531.2588366624082,evaluated,f66d972c032ce709ada69e8d8177e195c7e416800757663b7420c22bda5f6328,562b5976c7f6d44b782498480fce54bad1e3142d9541438f6d7a42a876a3df87,0ecaf30ec3147260f584fff24f30e32a975cba82529f3d3c36d4c49ea0de712f
incumbent-R4-C-oldpin-values-f66-v5,canonical:vle_obs_0058,vle_obs_0058-pco2,Aronu2011,60.0,0.4280085601712034,2501.3999999999996,3031.48613791822,evaluated,f66d972c032ce709ada69e8d8177e195c7e416800757663b7420c22bda5f6328,562b5976c7f6d44b782498480fce54bad1e3142d9541438f6d7a42a876a3df87,0ecaf30ec3147260f584fff24f30e32a975cba82529f3d3c36d4c49ea0de712f
incumbent-R4-C-oldpin-values-f66-v5,canonical:vle_obs_0059,vle_obs_0059-pco2,Aronu2011,60.0,0.49100982019640393,13558.0,11586.31173470096,evaluated,f66d972c032ce709ada69e8d8177e195c7e416800757663b7420c22bda5f6328,562b5976c7f6d44b782498480fce54bad1e3142d9541438f6d7a42a876a3df87,0ecaf30ec3147260f584fff24f30e32a975cba82529f3d3c36d4c49ea0de712f
incumbent-R4-C-oldpin-values-f66-v5,canonical:vle_obs_0060,vle_obs_0060-pco2,Aronu2011,80.0,0.017000340006800136,5.6,1.9430800397996337,evaluated,f66d972c032ce709ada69e8d8177e195c7e416800757663b7420c22bda5f6328,562b5976c7f6d44b782498480fce54bad1e3142d9541438f6d7a42a876a3df87,0ecaf30ec3147260f584fff24f30e32a975cba82529f3d3c36d4c49ea0de712f
incumbent-R4-C-oldpin-values-f66-v5,canonical:vle_obs_0061,vle_obs_0061-pco2,Aronu2011,80.0,0.04000080001600032,21.9,9.279042258807255,evaluated,f66d972c032ce709ada69e8d8177e195c7e416800757663b7420c22bda5f6328,562b5976c7f6d44b782498480fce54bad1e3142d9541438f6d7a42a876a3df87,0ecaf30ec3147260f584fff24f30e32a975cba82529f3d3c36d4c49ea0de712f
incumbent-R4-C-oldpin-values-f66-v5,canonical:vle_obs_0062,vle_obs_0062-pco2,Aronu2011,80.0,0.0750015000300006,55.7,31.847076642766208,evaluated,f66d972c032ce709ada69e8d8177e195c7e416800757663b7420c22bda5f6328,562b5976c7f6d44b782498480fce54bad1e3142d9541438f6d7a42a876a3df87,0ecaf30ec3147260f584fff24f30e32a975cba82529f3d3c36d4c49ea0de712f
incumbent-R4-C-oldpin-values-f66-v5,canonical:vle_obs_0063,vle_obs_0063-pco2,Aronu2011,80.0,0.12200244004880098,140.6,93.95729570104653,evaluated,f66d972c032ce709ada69e8d8177e195c7e416800757663b7420c22bda5f6328,562b5976c7f6d44b782498480fce54bad1e3142d9541438f6d7a42a876a3df87,0ecaf30ec3147260f584fff24f30e32a975cba82529f3d3c36d4c49ea0de712f
incumbent-R4-C-oldpin-values-f66-v5,canonical:vle_obs_0064,vle_obs_0064-pco2,Aronu2011,80.0,0.15500310006200124,248.5,173.009452060021,evaluated,f66d972c032ce709ada69e8d8177e195c7e416800757663b7420c22bda5f6328,562b5976c7f6d44b782498480fce54bad1e3142d9541438f6d7a42a876a3df87,0ecaf30ec3147260f584fff24f30e32a975cba82529f3d3c36d4c49ea0de712f
incumbent-R4-C-oldpin-values-f66-v5,canonical:vle_obs_0065,vle_obs_0065-pco2,Aronu2011,80.0,0.21600432008640172,613.7,469.1404166066067,evaluated,f66d972c032ce709ada69e8d8177e195c7e416800757663b7420c22bda5f6328,562b5976c7f6d44b782498480fce54bad1e3142d9541438f6d7a42a876a3df87,0ecaf30ec3147260f584fff24f30e32a975cba82529f3d3c36d4c49ea0de712f
incumbent-R4-C-oldpin-values-f66-v5,canonical:vle_obs_0066,vle_obs_0066-pco2,Aronu2011,80.0,0.2710054201084022,1253.8,1097.6733851064414,evaluated,f66d972c032ce709ada69e8d8177e195c7e416800757663b7420c22bda5f6328,562b5976c7f6d44b782498480fce54bad1e3142d9541438f6d7a42a876a3df87,0ecaf30ec3147260f584fff24f30e32a975cba82529f3d3c36d4c49ea0de712f
incumbent-R4-C-oldpin-values-f66-v5,canonical:vle_obs_0067,vle_obs_0067-pco2,Aronu2011,80.0,0.34700694013880273,3752.2000000000003,3682.309908772444,evaluated,f66d972c032ce709ada69e8d8177e195c7e416800757663b7420c22bda5f6328,562b5976c7f6d44b782498480fce54bad1e3142d9541438f6d7a42a876a3df87,0ecaf30ec3147260f584fff24f30e32a975cba82529f3d3c36d4c49ea0de712f
incumbent-R4-C-oldpin-values-f66-v5,canonical:vle_obs_0068,vle_obs_0068-pco2,Aronu2011,80.0,0.4000080001600032,7938.7,9250.735549896379,evaluated,f66d972c032ce709ada69e8d8177e195c7e416800757663b7420c22bda5f6328,562b5976c7f6d44b782498480fce54bad1e3142d9541438f6d7a42a876a3df87,0ecaf30ec3147260f584fff24f30e32a975cba82529f3d3c36d4c49ea0de712f
incumbent-R4-C-oldpin-values-f66-v5,canonical:vle_obs_0069,vle_obs_0069-pco2,Aronu2011,80.0,0.3980079601592032,8303.1,8921.49534885547,evaluated,f66d972c032ce709ada69e8d8177e195c7e416800757663b7420c22bda5f6328,562b5976c7f6d44b782498480fce54bad1e3142d9541438f6d7a42a876a3df87,0ecaf30ec3147260f584fff24f30e32a975cba82529f3d3c36d4c49ea0de712f
incumbent-R4-C-oldpin-values-f66-v5,canonical:vle_obs_0119,vle_obs_0119-pco2,Hilliard2008,40.0,0.15300306006120123,5.7,5.2897648268547846,evaluated,f66d972c032ce709ada69e8d8177e195c7e416800757663b7420c22bda5f6328,562b5976c7f6d44b782498480fce54bad1e3142d9541438f6d7a42a876a3df87,0ecaf30ec3147260f584fff24f30e32a975cba82529f3d3c36d4c49ea0de712f
incumbent-R4-C-oldpin-values-f66-v5,canonical:vle_obs_0120,vle_obs_0120-pco2,Hilliard2008,40.0,0.1630032600652013,6.64,6.256998402711551,evaluated,f66d972c032ce709ada69e8d8177e195c7e416800757663b7420c22bda5f6328,562b5976c7f6d44b782498480fce54bad1e3142d9541438f6d7a42a876a3df87,0ecaf30ec3147260f584fff24f30e32a975cba82529f3d3c36d4c49ea0de712f
incumbent-R4-C-oldpin-values-f66-v5,canonical:vle_obs_0121,vle_obs_0121-pco2,Hilliard2008,40.0,0.17000340006800138,7.21,7.018378240123209,evaluated,f66d972c032ce709ada69e8d8177e195c7e416800757663b7420c22bda5f6328,562b5976c7f6d44b782498480fce54bad1e3142d9541438f6d7a42a876a3df87,0ecaf30ec3147260f584fff24f30e32a975cba82529f3d3c36d4c49ea0de712f
incumbent-R4-C-oldpin-values-f66-v5,canonical:vle_obs_0122,vle_obs_0122-pco2,Hilliard2008,40.0,0.19100382007640154,9.950000000000001,9.800727873421915,evaluated,f66d972c032ce709ada69e8d8177e195c7e416800757663b7420c22bda5f6328,562b5976c7f6d44b782498480fce54bad1e3142d9541438f6d7a42a876a3df87,0ecaf30ec3147260f584fff24f30e32a975cba82529f3d3c36d4c49ea0de712f
incumbent-R4-C-oldpin-values-f66-v5,canonical:vle_obs_0123,vle_obs_0123-pco2,Hilliard2008,40.0,0.19400388007760155,9.85,10.26881511807378,evaluated,f66d972c032ce709ada69e8d8177e195c7e416800757663b7420c22bda5f6328,562b5976c7f6d44b782498480fce54bad1e3142d9541438f6d7a42a876a3df87,0ecaf30ec3147260f584fff24f30e32a975cba82529f3d3c36d4c49ea0de712f
incumbent-R4-C-oldpin-values-f66-v5,canonical:vle_obs_0124,vle_obs_0124-pco2,Hilliard2008,40.0,0.23200464009280186,14.6,18.28473467292296,evaluated,f66d972c032ce709ada69e8d8177e195c7e416800757663b7420c22bda5f6328,562b5976c7f6d44b782498480fce54bad1e3142d9541438f6d7a42a876a3df87,0ecaf30ec3147260f584fff24f30e32a975cba82529f3d3c36d4c49ea0de712f
incumbent-R4-C-oldpin-values-f66-v5,canonical:vle_obs_0125,vle_obs_0125-pco2,Hilliard2008,40.0,0.24600492009840197,19.099999999999998,22.535471014232844,evaluated,f66d972c032ce709ada69e8d8177e195c7e416800757663b7420c22bda5f6328,562b5976c7f6d44b782498480fce54bad1e3142d9541438f6d7a42a876a3df87,0ecaf30ec3147260f584fff24f30e32a975cba82529f3d3c36d4c49ea0de712f
incumbent-R4-C-oldpin-values-f66-v5,canonical:vle_obs_0126,vle_obs_0126-pco2,Hilliard2008,40.0,0.26900538010760217,23.099999999999998,31.77211191573943,evaluated,f66d972c032ce709ada69e8d8177e195c7e416800757663b7420c22bda5f6328,562b5976c7f6d44b782498480fce54bad1e3142d9541438f6d7a42a876a3df87,0ecaf30ec3147260f584fff24f30e32a975cba82529f3d3c36d4c49ea0de712f
incumbent-R4-C-oldpin-values-f66-v5,canonical:vle_obs_0127,vle_obs_0127-pco2,Hilliard2008,40.0,0.2720054401088022,22.4,33.2347008406726,evaluated,f66d972c032ce709ada69e8d8177e195c7e416800757663b7420c22bda5f6328,562b5976c7f6d44b782498480fce54bad1e3142d9541438f6d7a42a876a3df87,0ecaf30ec3147260f584fff24f30e32a975cba82529f3d3c36d4c49ea0de712f
incumbent-R4-C-oldpin-values-f66-v5,canonical:vle_obs_0128,vle_obs_0128-pco2,Hilliard2008,40.0,0.3260065201304026,48.5,76.46457167204225,evaluated,f66d972c032ce709ada69e8d8177e195c7e416800757663b7420c22bda5f6328,562b5976c7f6d44b782498480fce54bad1e3142d9541438f6d7a42a876a3df87,0ecaf30ec3147260f584fff24f30e32a975cba82529f3d3c36d4c49ea0de712f
incumbent-R4-C-oldpin-values-f66-v5,canonical:vle_obs_0129,vle_obs_0129-pco2,Hilliard2008,40.0,0.3480069601392028,66.19999999999999,109.68592034272267,evaluated,f66d972c032ce709ada69e8d8177e195c7e416800757663b7420c22bda5f6328,562b5976c7f6d44b782498480fce54bad1e3142d9541438f6d7a42a876a3df87,0ecaf30ec3147260f584fff24f30e32a975cba82529f3d3c36d4c49ea0de712f
incumbent-R4-C-oldpin-values-f66-v5,canonical:vle_obs_0130,vle_obs_0130-pco2,Hilliard2008,40.0,0.3500070001400028,72.1,113.44362342948087,evaluated,f66d972c032ce709ada69e8d8177e195c7e416800757663b7420c22bda5f6328,562b5976c7f6d44b782498480fce54bad1e3142d9541438f6d7a42a876a3df87,0ecaf30ec3147260f584fff24f30e32a975cba82529f3d3c36d4c49ea0de712f
incumbent-R4-C-oldpin-values-f66-v5,canonical:vle_obs_0131,vle_obs_0131-pco2,Hilliard2008,40.0,0.3600072001440029,96.60000000000001,134.59649041498778,evaluated,f66d972c032ce709ada69e8d8177e195c7e416800757663b7420c22bda5f6328,562b5976c7f6d44b782498480fce54bad1e3142d9541438f6d7a42a876a3df87,0ecaf30ec3147260f584fff24f30e32a975cba82529f3d3c36d4c49ea0de712f
incumbent-R4-C-oldpin-values-f66-v5,canonical:vle_obs_0132,vle_obs_0132-pco2,Hilliard2008,40.0,0.3820076401528031,131.0,199.4416732000443,evaluated,f66d972c032ce709ada69e8d8177e195c7e416800757663b7420c22bda5f6328,562b5976c7f6d44b782498480fce54bad1e3142d9541438f6d7a42a876a3df87,0ecaf30ec3147260f584fff24f30e32a975cba82529f3d3c36d4c49ea0de712f
incumbent-R4-C-oldpin-values-f66-v5,canonical:vle_obs_0133,vle_obs_0133-pco2,Hilliard2008,40.0,0.3860077201544031,120.0,214.839944976375,evaluated,f66d972c032ce709ada69e8d8177e195c7e416800757663b7420c22bda5f6328,562b5976c7f6d44b782498480fce54bad1e3142d9541438f6d7a42a876a3df87,0ecaf30ec3147260f584fff24f30e32a975cba82529f3d3c36d4c49ea0de712f
incumbent-R4-C-oldpin-values-f66-v5,canonical:vle_obs_0134,vle_obs_0134-pco2,Hilliard2008,40.0,0.3890077801556031,113.0,227.30900101851321,evaluated,f66d972c032ce709ada69e8d8177e195c7e416800757663b7420c22bda5f6328,562b5976c7f6d44b782498480fce54bad1e3142d9541438f6d7a42a876a3df87,0ecaf30ec3147260f584fff24f30e32a975cba82529f3d3c36d4c49ea0de712f
incumbent-R4-C-oldpin-values-f66-v5,canonical:vle_obs_0135,vle_obs_0135-pco2,Hilliard2008,40.0,0.4000080001600032,128.0,280.9340684027191,evaluated,f66d972c032ce709ada69e8d8177e195c7e416800757663b7420c22bda5f6328,562b5976c7f6d44b782498480fce54bad1e3142d9541438f6d7a42a876a3df87,0ecaf30ec3147260f584fff24f30e32a975cba82529f3d3c36d4c49ea0de712f
incumbent-R4-C-oldpin-values-f66-v5,canonical:vle_obs_0136,vle_obs_0136-pco2,Hilliard2008,40.0,0.4640092801856037,750.0,1151.815812613818,evaluated,f66d972c032ce709ada69e8d8177e195c7e416800757663b7420c22bda5f6328,562b5976c7f6d44b782498480fce54bad1e3142d9541438f6d7a42a876a3df87,0ecaf30ec3147260f584fff24f30e32a975cba82529f3d3c36d4c49ea0de712f
incumbent-R4-C-oldpin-values-f66-v5,canonical:vle_obs_0137,vle_obs_0137-pco2,Hilliard2008,40.0,0.4660093201864038,574.0,1209.5551164173535,evaluated,f66d972c032ce709ada69e8d8177e195c7e416800757663b7420c22bda5f6328,562b5976c7f6d44b782498480fce54bad1e3142d9541438f6d7a42a876a3df87,0ecaf30ec3147260f584fff24f30e32a975cba82529f3d3c36d4c49ea0de712f
incumbent-R4-C-oldpin-values-f66-v5,canonical:vle_obs_0138,vle_obs_0138-pco2,Hilliard2008,40.0,0.48100962019240384,883.0,1755.7698370705166,evaluated,f66d972c032ce709ada69e8d8177e195c7e416800757663b7420c22bda5f6328,562b5976c7f6d44b782498480fce54bad1e3142d9541438f6d7a42a876a3df87,0ecaf30ec3147260f584fff24f30e32a975cba82529f3d3c36d4c49ea0de712f
incumbent-R4-C-oldpin-values-f66-v5,canonical:vle_obs_0139,vle_obs_0139-pco2,Hilliard2008,40.0,0.49100982019640393,1100.0,2257.907641525209,evaluated,f66d972c032ce709ada69e8d8177e195c7e416800757663b7420c22bda5f6328,562b5976c7f6d44b782498480fce54bad1e3142d9541438f6d7a42a876a3df87,0ecaf30ec3147260f584fff24f30e32a975cba82529f3d3c36d4c49ea0de712f
incumbent-R4-C-oldpin-values-f66-v5,canonical:vle_obs_0140,vle_obs_0140-pco2,Hilliard2008,40.0,0.501010020200404,1870.0,2901.660135948911,evaluated,f66d972c032ce709ada69e8d8177e195c7e416800757663b7420c22bda5f6328,562b5976c7f6d44b782498480fce54bad1e3142d9541438f6d7a42a876a3df87,0ecaf30ec3147260f584fff24f30e32a975cba82529f3d3c36d4c49ea0de712f
incumbent-R4-C-oldpin-values-f66-v5,canonical:vle_obs_0141,vle_obs_0141-pco2,Hilliard2008,40.0,0.5180103602072041,3030.0,4401.856575467019,evaluated,f66d972c032ce709ada69e8d8177e195c7e416800757663b7420c22bda5f6328,562b5976c7f6d44b782498480fce54bad1e3142d9541438f6d7a42a876a3df87,0ecaf30ec3147260f584fff24f30e32a975cba82529f3d3c36d4c49ea0de712f
incumbent-R4-C-oldpin-values-f66-v5,canonical:vle_obs_0142,vle_obs_0142-pco2,Hilliard2008,40.0,0.5910118202364048,28300.0,19185.425937615775,evaluated,f66d972c032ce709ada69e8d8177e195c7e416800757663b7420c22bda5f6328,562b5976c7f6d44b782498480fce54bad1e3142d9541438f6d7a42a876a3df87,0ecaf30ec3147260f584fff24f30e32a975cba82529f3d3c36d4c49ea0de712f
incumbent-R4-C-oldpin-values-f66-v5,canonical:vle_obs_0143,vle_obs_0143-pco2,Hilliard2008,60.0,0.11400228004560092,19.400000000000002,15.158007155538618,evaluated,f66d972c032ce709ada69e8d8177e195c7e416800757663b7420c22bda5f6328,562b5976c7f6d44b782498480fce54bad1e3142d9541438f6d7a42a876a3df87,0ecaf30ec3147260f584fff24f30e32a975cba82529f3d3c36d4c49ea0de712f
incumbent-R4-C-oldpin-values-f66-v5,canonical:vle_obs_0144,vle_obs_0144-pco2,Hilliard2008,60.0,0.19100382007640154,58.9,58.95021878030106,evaluated,f66d972c032ce709ada69e8d8177e195c7e416800757663b7420c22bda5f6328,562b5976c7f6d44b782498480fce54bad1e3142d9541438f6d7a42a876a3df87,0ecaf30ec3147260f584fff24f30e32a975cba82529f3d3c36d4c49ea0de712f
incumbent-R4-C-oldpin-values-f66-v5,canonical:vle_obs_0145,vle_obs_0145-pco2,Hilliard2008,60.0,0.2910058201164023,209.0,275.205679644328,evaluated,f66d972c032ce709ada69e8d8177e195c7e416800757663b7420c22bda5f6328,562b5976c7f6d44b782498480fce54bad1e3142d9541438f6d7a42a876a3df87,0ecaf30ec3147260f584fff24f30e32a975cba82529f3d3c36d4c49ea0de712f
incumbent-R4-C-oldpin-values-f66-v5,canonical:vle_obs_0146,vle_obs_0146-pco2,Hilliard2008,60.0,0.3860077201544031,763.0,1345.0547491833422,evaluated,f66d972c032ce709ada69e8d8177e195c7e416800757663b7420c22bda5f6328,562b5976c7f6d44b782498480fce54bad1e3142d9541438f6d7a42a876a3df87,0ecaf30ec3147260f584fff24f30e32a975cba82529f3d3c36d4c49ea0de712f
incumbent-R4-C-oldpin-values-f66-v5,canonical:vle_obs_0147,vle_obs_0147-pco2,Hilliard2008,60.0,0.48500970019400386,4860.0,10182.734206796993,evaluated,f66d972c032ce709ada69e8d8177e195c7e416800757663b7420c22bda5f6328,562b5976c7f6d44b782498480fce54bad1e3142d9541438f6d7a42a876a3df87,0ecaf30ec3147260f584fff24f30e32a975cba82529f3d3c36d4c49ea0de712f
incumbent-R4-C-oldpin-values-f66-v5,canonical:vle_obs_0148,vle_obs_0148-pco2,Hilliard2008,60.0,0.5440108802176044,25800.0,33570.304793620424,evaluated,f66d972c032ce709ada69e8d8177e195c7e416800757663b7420c22bda5f6328,562b5976c7f6d44b782498480fce54bad1e3142d9541438f6d7a42a876a3df87,0ecaf30ec3147260f584fff24f30e32a975cba82529f3d3c36d4c49ea0de712f
incumbent-R4-C-oldpin-values-f66-v5,canonical:vle_obs_0162,vle_obs_0162-pco2,Idris2014,40.0,0.24200484009680193,21.0,21.230361394451673,evaluated,f66d972c032ce709ada69e8d8177e195c7e416800757663b7420c22bda5f6328,562b5976c7f6d44b782498480fce54bad1e3142d9541438f6d7a42a876a3df87,0ecaf30ec3147260f584fff24f30e32a975cba82529f3d3c36d4c49ea0de712f
incumbent-R4-C-oldpin-values-f66-v5,canonical:vle_obs_0163,vle_obs_0163-pco2,Idris2014,40.0,0.3210064201284026,38.0,70.59893261501242,evaluated,f66d972c032ce709ada69e8d8177e195c7e416800757663b7420c22bda5f6328,562b5976c7f6d44b782498480fce54bad1e3142d9541438f6d7a42a876a3df87,0ecaf30ec3147260f584fff24f30e32a975cba82529f3d3c36d4c49ea0de712f
incumbent-R4-C-oldpin-values-f66-v5,canonical:vle_obs_0164,vle_obs_0164-pco2,Idris2014,40.0,0.33000660013200267,43.0,81.54960668020385,evaluated,f66d972c032ce709ada69e8d8177e195c7e416800757663b7420c22bda5f6328,562b5976c7f6d44b782498480fce54bad1e3142d9541438f6d7a42a876a3df87,0ecaf30ec3147260f584fff24f30e32a975cba82529f3d3c36d4c49ea0de712f
incumbent-R4-C-oldpin-values-f66-v5,canonical:vle_obs_0165,vle_obs_0165-pco2,Idris2014,40.0,0.3450069001380027,50.0,104.31271365147158,evaluated,f66d972c032ce709ada69e8d8177e195c7e416800757663b7420c22bda5f6328,562b5976c7f6d44b782498480fce54bad1e3142d9541438f6d7a42a876a3df87,0ecaf30ec3147260f584fff24f30e32a975cba82529f3d3c36d4c49ea0de712f
incumbent-R4-C-oldpin-values-f66-v5,canonical:vle_obs_0166,vle_obs_0166-pco2,Idris2014,40.0,0.3520070401408028,64.0,117.34936844641162,evaluated,f66d972c032ce709ada69e8d8177e195c7e416800757663b7420c22bda5f6328,562b5976c7f6d44b782498480fce54bad1e3142d9541438f6d7a42a876a3df87,0ecaf30ec3147260f584fff24f30e32a975cba82529f3d3c36d4c49ea0de712f
incumbent-R4-C-oldpin-values-f66-v5,canonical:vle_obs_0167,vle_obs_0167-pco2,Idris2014,40.0,0.3550071001420028,97.0,123.50075815593644,evaluated,f66d972c032ce709ada69e8d8177e195c7e416800757663b7420c22bda5f6328,562b5976c7f6d44b782498480fce54bad1e3142d9541438f6d7a42a876a3df87,0ecaf30ec3147260f584fff24f30e32a975cba82529f3d3c36d4c49ea0de712f
incumbent-R4-C-oldpin-values-f66-v5,canonical:vle_obs_0168,vle_obs_0168-pco2,Idris2014,40.0,0.375007500150003,107.0,175.49468387297495,evaluated,f66d972c032ce709ada69e8d8177e195c7e416800757663b7420c22bda5f6328,562b5976c7f6d44b782498480fce54bad1e3142d9541438f6d7a42a876a3df87,0ecaf30ec3147260f584fff24f30e32a975cba82529f3d3c36d4c49ea0de712f
incumbent-R4-C-oldpin-values-f66-v5,canonical:vle_obs_0169,vle_obs_0169-pco2,Idris2014,40.0,0.377007540150803,123.0,181.97575553226642,evaluated,f66d972c032ce709ada69e8d8177e195c7e416800757663b7420c22bda5f6328,562b5976c7f6d44b782498480fce54bad1e3142d9541438f6d7a42a876a3df87,0ecaf30ec3147260f584fff24f30e32a975cba82529f3d3c36d4c49ea0de712f
incumbent-R4-C-oldpin-values-f66-v5,canonical:vle_obs_0170,vle_obs_0170-pco2,Idris2014,40.0,0.4360087201744035,445.0,597.5312738209644,evaluated,f66d972c032ce709ada69e8d8177e195c7e416800757663b7420c22bda5f6328,562b5976c7f6d44b782498480fce54bad1e3142d9541438f6d7a42a876a3df87,0ecaf30ec3147260f584fff24f30e32a975cba82529f3d3c36d4c49ea0de712f
incumbent-R4-C-oldpin-values-f66-v5,canonical:vle_obs_0171,vle_obs_0171-pco2,Idris2014,40.0,0.4600092001840037,813.0,1045.2086574581554,evaluated,f66d972c032ce709ada69e8d8177e195c7e416800757663b7420c22bda5f6328,562b5976c7f6d44b782498480fce54bad1e3142d9541438f6d7a42a876a3df87,0ecaf30ec3147260f584fff24f30e32a975cba82529f3d3c36d4c49ea0de712f
incumbent-R4-C-oldpin-values-f66-v5,canonical:vle_obs_0186,vle_obs_0186-pco2,Jou1995,40.0,0.08880177603552071,1.47,1.4872141402652943,evaluated,f66d972c032ce709ada69e8d8177e195c7e416800757663b7420c22bda5f6328,562b5976c7f6d44b782498480fce54bad1e3142d9541438f6d7a42a876a3df87,0ecaf30ec3147260f584fff24f30e32a975cba82529f3d3c36d4c49ea0de712f
incumbent-R4-C-oldpin-values-f66-v5,canonical:vle_obs_0187,vle_obs_0187-pco2,Jou1995,40.0,0.20300406008120164,8.959999999999999,11.797040696290239,evaluated,f66d972c032ce709ada69e8d8177e195c7e416800757663b7420c22bda5f6328,562b5976c7f6d44b782498480fce54bad1e3142d9541438f6d7a42a876a3df87,0ecaf30ec3147260f584fff24f30e32a975cba82529f3d3c36d4c49ea0de712f
incumbent-R4-C-oldpin-values-f66-v5,canonical:vle_obs_0188,vle_obs_0188-pco2,Jou1995,40.0,0.3650073001460029,67.7,146.8591806619128,evaluated,f66d972c032ce709ada69e8d8177e195c7e416800757663b7420c22bda5f6328,562b5976c7f6d44b782498480fce54bad1e3142d9541438f6d7a42a876a3df87,0ecaf30ec3147260f584fff24f30e32a975cba82529f3d3c36d4c49ea0de712f
incumbent-R4-C-oldpin-values-f66-v5,canonical:vle_obs_0189,vle_obs_0189-pco2,Jou1995,40.0,0.47350947018940376,604.0,1455.6946983223968,evaluated,f66d972c032ce709ada69e8d8177e195c7e416800757663b7420c22bda5f6328,562b5976c7f6d44b782498480fce54bad1e3142d9541438f6d7a42a876a3df87,0ecaf30ec3147260f584fff24f30e32a975cba82529f3d3c36d4c49ea0de712f
incumbent-R4-C-oldpin-values-f66-v5,canonical:vle_obs_0190,vle_obs_0190-pco2,Jou1995,40.0,0.5130102602052041,2570.0,3901.3354821350695,evaluated,f66d972c032ce709ada69e8d8177e195c7e416800757663b7420c22bda5f6328,562b5976c7f6d44b782498480fce54bad1e3142d9541438f6d7a42a876a3df87,0ecaf30ec3147260f584fff24f30e32a975cba82529f3d3c36d4c49ea0de712f
incumbent-R4-C-oldpin-values-f66-v5,canonical:vle_obs_0191,vle_obs_0191-pco2,Jou1995,40.0,0.5570111402228045,8090.0,10392.73345823675,evaluated,f66d972c032ce709ada69e8d8177e195c7e416800757663b7420c22bda5f6328,562b5976c7f6d44b782498480fce54bad1e3142d9541438f6d7a42a876a3df87,0ecaf30ec3147260f584fff24f30e32a975cba82529f3d3c36d4c49ea0de712f
incumbent-R4-C-oldpin-values-f66-v5,canonical:vle_obs_0192,vle_obs_0192-pco2,Jou1995,40.0,0.6090121802436048,36100.0,25339.206934906495,evaluated,f66d972c032ce709ada69e8d8177e195c7e416800757663b7420c22bda5f6328,562b5976c7f6d44b782498480fce54bad1e3142d9541438f6d7a42a876a3df87,0ecaf30ec3147260f584fff24f30e32a975cba82529f3d3c36d4c49ea0de712f
incumbent-R4-C-oldpin-values-f66-v5,canonical:vle_obs_0193,vle_obs_0193-pco2,Jou1995,40.0,0.6420128402568052,103000.0,39466.96302145597,evaluated,f66d972c032ce709ada69e8d8177e195c7e416800757663b7420c22bda5f6328,562b5976c7f6d44b782498480fce54bad1e3142d9541438f6d7a42a876a3df87,0ecaf30ec3147260f584fff24f30e32a975cba82529f3d3c36d4c49ea0de712f
incumbent-R4-C-oldpin-values-f66-v5,canonical:vle_obs_0194,vle_obs_0194-pco2,Jou1995,60.0,0.05640112802256045,4.28,3.4342411508061463,evaluated,f66d972c032ce709ada69e8d8177e195c7e416800757663b7420c22bda5f6328,562b5976c7f6d44b782498480fce54bad1e3142d9541438f6d7a42a876a3df87,0ecaf30ec3147260f584fff24f30e32a975cba82529f3d3c36d4c49ea0de712f
incumbent-R4-C-oldpin-values-f66-v5,canonical:vle_obs_0195,vle_obs_0195-pco2,Jou1995,60.0,0.11900238004760096,19.3,16.765354457273443,evaluated,f66d972c032ce709ada69e8d8177e195c7e416800757663b7420c22bda5f6328,562b5976c7f6d44b782498480fce54bad1e3142d9541438f6d7a42a876a3df87,0ecaf30ec3147260f584fff24f30e32a975cba82529f3d3c36d4c49ea0de712f
incumbent-R4-C-oldpin-values-f66-v5,canonical:vle_obs_0196,vle_obs_0196-pco2,Jou1995,60.0,0.20600412008240165,57.9,74.6558048099157,evaluated,f66d972c032ce709ada69e8d8177e195c7e416800757663b7420c22bda5f6328,562b5976c7f6d44b782498480fce54bad1e3142d9541438f6d7a42a876a3df87,0ecaf30ec3147260f584fff24f30e32a975cba82529f3d3c36d4c49ea0de712f
incumbent-R4-C-oldpin-values-f66-v5,canonical:vle_obs_0197,vle_obs_0197-pco2,Jou1995,60.0,0.3890077801556031,528.0,1421.5222734185895,evaluated,f66d972c032ce709ada69e8d8177e195c7e416800757663b7420c22bda5f6328,562b5976c7f6d44b782498480fce54bad1e3142d9541438f6d7a42a876a3df87,0ecaf30ec3147260f584fff24f30e32a975cba82529f3d3c36d4c49ea0de712f
incumbent-R4-C-oldpin-values-f66-v5,canonical:vle_obs_0198,vle_obs_0198-pco2,Jou1995,60.0,0.4380087601752035,2009.9999999999998,3723.5502434695754,evaluated,f66d972c032ce709ada69e8d8177e195c7e416800757663b7420c22bda5f6328,562b5976c7f6d44b782498480fce54bad1e3142d9541438f6d7a42a876a3df87,0ecaf30ec3147260f584fff24f30e32a975cba82529f3d3c36d4c49ea0de712f
incumbent-R4-C-oldpin-values-f66-v5,canonical:vle_obs_0199,vle_obs_0199-pco2,Jou1995,60.0,0.5040100802016041,11000.0,15270.197774175831,evaluated,f66d972c032ce709ada69e8d8177e195c7e416800757663b7420c22bda5f6328,562b5976c7f6d44b782498480fce54bad1e3142d9541438f6d7a42a876a3df87,0ecaf30ec3147260f584fff24f30e32a975cba82529f3d3c36d4c49ea0de712f
incumbent-R4-C-oldpin-values-f66-v5,canonical:vle_obs_0200,vle_obs_0200-pco2,Jou1995,60.0,0.5610112202244045,34000.0,45143.88984102429,evaluated,f66d972c032ce709ada69e8d8177e195c7e416800757663b7420c22bda5f6328,562b5976c7f6d44b782498480fce54bad1e3142d9541438f6d7a42a876a3df87,0ecaf30ec3147260f584fff24f30e32a975cba82529f3d3c36d4c49ea0de712f
incumbent-R4-C-oldpin-values-f66-v5,canonical:vle_obs_0201,vle_obs_0201-pco2,Jou1995,60.0,0.5790115802316046,82000.0,60114.52585621599,evaluated,f66d972c032ce709ada69e8d8177e195c7e416800757663b7420c22bda5f6328,562b5976c7f6d44b782498480fce54bad1e3142d9541438f6d7a42a876a3df87,0ecaf30ec3147260f584fff24f30e32a975cba82529f3d3c36d4c49ea0de712f
incumbent-R4-C-oldpin-values-f66-v5,canonical:vle_obs_0202,vle_obs_0202-pco2,Jou1995,60.0,0.6680133602672054,282000.0,174876.13983789922,evaluated,f66d972c032ce709ada69e8d8177e195c7e416800757663b7420c22bda5f6328,562b5976c7f6d44b782498480fce54bad1e3142d9541438f6d7a42a876a3df87,0ecaf30ec3147260f584fff24f30e32a975cba82529f3d3c36d4c49ea0de712f
incumbent-R4-C-oldpin-values-f66-v5,canonical:vle_obs_0203,vle_obs_0203-pco2,Jou1995,80.0,0.017400348006960137,2.96,2.0259418372636806,evaluated,f66d972c032ce709ada69e8d8177e195c7e416800757663b7420c22bda5f6328,562b5976c7f6d44b782498480fce54bad1e3142d9541438f6d7a42a876a3df87,0ecaf30ec3147260f584fff24f30e32a975cba82529f3d3c36d4c49ea0de712f
incumbent-R4-C-oldpin-values-f66-v5,canonical:vle_obs_0204,vle_obs_0204-pco2,Jou1995,80.0,0.02360047200944019,4.84,3.5110483659380094,evaluated,f66d972c032ce709ada69e8d8177e195c7e416800757663b7420c22bda5f6328,562b5976c7f6d44b782498480fce54bad1e3142d9541438f6d7a42a876a3df87,0ecaf30ec3147260f584fff24f30e32a975cba82529f3d3c36d4c49ea0de712f
incumbent-R4-C-oldpin-values-f66-v5,canonical:vle_obs_0205,vle_obs_0205-pco2,Jou1995,80.0,0.07810156203124063,46.5,34.6518561812031,evaluated,f66d972c032ce709ada69e8d8177e195c7e416800757663b7420c22bda5f6328,562b5976c7f6d44b782498480fce54bad1e3142d9541438f6d7a42a876a3df87,0ecaf30ec3147260f584fff24f30e32a975cba82529f3d3c36d4c49ea0de712f
incumbent-R4-C-oldpin-values-f66-v5,canonical:vle_obs_0206,vle_obs_0206-pco2,Jou1995,80.0,0.11800236004720094,99.2,86.73801389506563,evaluated,f66d972c032ce709ada69e8d8177e195c7e416800757663b7420c22bda5f6328,562b5976c7f6d44b782498480fce54bad1e3142d9541438f6d7a42a876a3df87,0ecaf30ec3147260f584fff24f30e32a975cba82529f3d3c36d4c49ea0de712f
incumbent-R4-C-oldpin-values-f66-v5,canonical:vle_obs_0207,vle_obs_0207-pco2,Jou1995,80.0,0.1870037400748015,278.0,295.90376357755474,evaluated,f66d972c032ce709ada69e8d8177e195c7e416800757663b7420c22bda5f6328,562b5976c7f6d44b782498480fce54bad1e3142d9541438f6d7a42a876a3df87,0ecaf30ec3147260f584fff24f30e32a975cba82529f3d3c36d4c49ea0de712f
incumbent-R4-C-oldpin-values-f66-v5,canonical:vle_obs_0208,vle_obs_0208-pco2,Jou1995,80.0,0.3480069601392028,2670.0,3744.1784064231338,evaluated,f66d972c032ce709ada69e8d8177e195c7e416800757663b7420c22bda5f6328,562b5976c7f6d44b782498480fce54bad1e3142d9541438f6d7a42a876a3df87,0ecaf30ec3147260f584fff24f30e32a975cba82529f3d3c36d4c49ea0de712f
incumbent-R4-C-oldpin-values-f66-v5,canonical:vle_obs_0209,vle_obs_0209-pco2,Jou1995,80.0,0.4600092001840037,16000.0,28589.64117342507,evaluated,f66d972c032ce709ada69e8d8177e195c7e416800757663b7420c22bda5f6328,562b5976c7f6d44b782498480fce54bad1e3142d9541438f6d7a42a876a3df87,0ecaf30ec3147260f584fff24f30e32a975cba82529f3d3c36d4c49ea0de712f
incumbent-R4-C-oldpin-values-f66-v5,canonical:vle_obs_0210,vle_obs_0210-pco2,Jou1995,80.0,0.5170103402068041,56000.0,81370.12193507822,evaluated,f66d972c032ce709ada69e8d8177e195c7e416800757663b7420c22bda5f6328,562b5976c7f6d44b782498480fce54bad1e3142d9541438f6d7a42a876a3df87,0ecaf30ec3147260f584fff24f30e32a975cba82529f3d3c36d4c49ea0de712f
incumbent-R4-C-oldpin-values-f66-v5,canonical:vle_obs_0211,vle_obs_0211-pco2,Jou1995,80.0,0.5785115702314046,235000.0,202358.56045218717,evaluated,f66d972c032ce709ada69e8d8177e195c7e416800757663b7420c22bda5f6328,562b5976c7f6d44b782498480fce54bad1e3142d9541438f6d7a42a876a3df87,0ecaf30ec3147260f584fff24f30e32a975cba82529f3d3c36d4c49ea0de712f
incumbent-R4-C-oldpin-values-f66-v5,canonical:vle_obs_0212,vle_obs_0212-pco2,Jou1995,80.0,0.6400128002560052,558000.0,387691.367178585,evaluated,f66d972c032ce709ada69e8d8177e195c7e416800757663b7420c22bda5f6328,562b5976c7f6d44b782498480fce54bad1e3142d9541438f6d7a42a876a3df87,0ecaf30ec3147260f584fff24f30e32a975cba82529f3d3c36d4c49ea0de712f
incumbent-R4-C-oldpin-values-f66-v5,canonical:vle_obs_0213,vle_obs_0213-pco2,Jou1995,80.0,0.6890137802756054,958000.0,565888.4454618844,evaluated,f66d972c032ce709ada69e8d8177e195c7e416800757663b7420c22bda5f6328,562b5976c7f6d44b782498480fce54bad1e3142d9541438f6d7a42a876a3df87,0ecaf30ec3147260f584fff24f30e32a975cba82529f3d3c36d4c49ea0de712f
incumbent-R4-C-oldpin-values-f66-v5,canonical:vle_obs_0214,vle_obs_0214-pco2,Jou1995,100.0,0.011700234004680093,7.24,4.749149186412238,evaluated,f66d972c032ce709ada69e8d8177e195c7e416800757663b7420c22bda5f6328,562b5976c7f6d44b782498480fce54bad1e3142d9541438f6d7a42a876a3df87,0ecaf30ec3147260f584fff24f30e32a975cba82529f3d3c36d4c49ea0de712f
incumbent-R4-C-oldpin-values-f66-v5,canonical:vle_obs_0215,vle_obs_0215-pco2,Jou1995,100.0,0.05660113202264045,136.0,86.15693972899724,evaluated,f66d972c032ce709ada69e8d8177e195c7e416800757663b7420c22bda5f6328,562b5976c7f6d44b782498480fce54bad1e3142d9541438f6d7a42a876a3df87,0ecaf30ec3147260f584fff24f30e32a975cba82529f3d3c36d4c49ea0de712f
incumbent-R4-C-oldpin-values-f66-v5,canonical:vle_obs_0216,vle_obs_0216-pco2,Jou1995,100.0,0.1880037600752015,1430.0,1457.0688667642526,evaluated,f66d972c032ce709ada69e8d8177e195c7e416800757663b7420c22bda5f6328,562b5976c7f6d44b782498480fce54bad1e3142d9541438f6d7a42a876a3df87,0ecaf30ec3147260f584fff24f30e32a975cba82529f3d3c36d4c49ea0de712f
incumbent-R4-C-oldpin-values-f66-v5,canonical:vle_obs_0217,vle_obs_0217-pco2,Jou1995,100.0,0.3810076201524031,19000.0,30957.687911735797,evaluated,f66d972c032ce709ada69e8d8177e195c7e416800757663b7420c22bda5f6328,562b5976c7f6d44b782498480fce54bad1e3142d9541438f6d7a42a876a3df87,0ecaf30ec3147260f584fff24f30e32a975cba82529f3d3c36d4c49ea0de712f
incumbent-R4-C-oldpin-values-f66-v5,canonical:vle_obs_0218,vle_obs_0218-pco2,Jou1995,100.0,0.42200844016880334,39000.0,61921.284989336345,evaluated,f66d972c032ce709ada69e8d8177e195c7e416800757663b7420c22bda5f6328,562b5976c7f6d44b782498480fce54bad1e3142d9541438f6d7a42a876a3df87,0ecaf30ec3147260f584fff24f30e32a975cba82529f3d3c36d4c49ea0de712f
incumbent-R4-C-oldpin-values-f66-v5,canonical:vle_obs_0219,vle_obs_0219-pco2,Jou1995,100.0,0.4770095401908038,69000.0,153924.415165911,evaluated,f66d972c032ce709ada69e8d8177e195c7e416800757663b7420c22bda5f6328,562b5976c7f6d44b782498480fce54bad1e3142d9541438f6d7a42a876a3df87,0ecaf30ec3147260f584fff24f30e32a975cba82529f3d3c36d4c49ea0de712f
incumbent-R4-C-oldpin-values-f66-v5,canonical:vle_obs_0220,vle_obs_0220-pco2,Jou1995,100.0,0.48100962019240384,109000.0,163860.04539714416,evaluated,f66d972c032ce709ada69e8d8177e195c7e416800757663b7420c22bda5f6328,562b5976c7f6d44b782498480fce54bad1e3142d9541438f6d7a42a876a3df87,0ecaf30ec3147260f584fff24f30e32a975cba82529f3d3c36d4c49ea0de712f
incumbent-R4-C-oldpin-values-f66-v5,canonical:vle_obs_0221,vle_obs_0221-pco2,Jou1995,100.0,0.5710114202284046,509000.0,522620.7814535024,evaluated,f66d972c032ce709ada69e8d8177e195c7e416800757663b7420c22bda5f6328,562b5976c7f6d44b782498480fce54bad1e3142d9541438f6d7a42a876a3df87,0ecaf30ec3147260f584fff24f30e32a975cba82529f3d3c36d4c49ea0de712f
incumbent-R4-C-oldpin-values-f66-v5,canonical:vle_obs_0222,vle_obs_0222-pco2,Jou1995,100.0,0.5890117802356047,376000.0,620927.3989284456,evaluated,f66d972c032ce709ada69e8d8177e195c7e416800757663b7420c22bda5f6328,562b5976c7f6d44b782498480fce54bad1e3142d9541438f6d7a42a876a3df87,0ecaf30ec3147260f584fff24f30e32a975cba82529f3d3c36d4c49ea0de712f
incumbent-R4-C-oldpin-values-f66-v5,canonical:vle_obs_0223,vle_obs_0223-pco2,Jou1995,100.0,0.613512270245405,909000.0,763977.9065210428,evaluated,f66d972c032ce709ada69e8d8177e195c7e416800757663b7420c22bda5f6328,562b5976c7f6d44b782498480fce54bad1e3142d9541438f6d7a42a876a3df87,0ecaf30ec3147260f584fff24f30e32a975cba82529f3d3c36d4c49ea0de712f
incumbent-R4-C-oldpin-values-f66-v5,canonical:vle_obs_0224,vle_obs_0224-pco2,Jou1995,120.0,0.0033300666013320267,2.02,2.317065678082481,evaluated,f66d972c032ce709ada69e8d8177e195c7e416800757663b7420c22bda5f6328,562b5976c7f6d44b782498480fce54bad1e3142d9541438f6d7a42a876a3df87,0ecaf30ec3147260f584fff24f30e32a975cba82529f3d3c36d4c49ea0de712f
incumbent-R4-C-oldpin-values-f66-v5,canonical:vle_obs_0225,vle_obs_0225-pco2,Jou1995,120.0,0.01120022400448009,22.1,19.34502236988523,evaluated,f66d972c032ce709ada69e8d8177e195c7e416800757663b7420c22bda5f6328,562b5976c7f6d44b782498480fce54bad1e3142d9541438f6d7a42a876a3df87,0ecaf30ec3147260f584fff24f30e32a975cba82529f3d3c36d4c49ea0de712f
incumbent-R4-C-oldpin-values-f66-v5,canonical:vle_obs_0226,vle_obs_0226-pco2,Jou1995,120.0,0.024700494009880197,98.4,79.90439273527303,evaluated,f66d972c032ce709ada69e8d8177e195c7e416800757663b7420c22bda5f6328,562b5976c7f6d44b782498480fce54bad1e3142d9541438f6d7a42a876a3df87,0ecaf30ec3147260f584fff24f30e32a975cba82529f3d3c36d4c49ea0de712f
incumbent-R4-C-oldpin-values-f66-v5,canonical:vle_obs_0227,vle_obs_0227-pco2,Jou1995,120.0,0.11900238004760096,2290.0,1879.3469723680073,evaluated,f66d972c032ce709ada69e8d8177e195c7e416800757663b7420c22bda5f6328,562b5976c7f6d44b782498480fce54bad1e3142d9541438f6d7a42a876a3df87,0ecaf30ec3147260f584fff24f30e32a975cba82529f3d3c36d4c49ea0de712f
incumbent-R4-C-oldpin-values-f66-v5,canonical:vle_obs_0228,vle_obs_0228-pco2,Jou1995,120.0,0.3490069801396028,46800.0,77414.74155273894,evaluated,f66d972c032ce709ada69e8d8177e195c7e416800757663b7420c22bda5f6328,562b5976c7f6d44b782498480fce54bad1e3142d9541438f6d7a42a876a3df87,0ecaf30ec3147260f584fff24f30e32a975cba82529f3d3c36d4c49ea0de712f
incumbent-R4-C-oldpin-values-f66-v5,canonical:vle_obs_0229,vle_obs_0229-pco2,Jou1995,120.0,0.41150823016460325,122000.0,198449.34044049727,evaluated,f66d972c032ce709ada69e8d8177e195c7e416800757663b7420c22bda5f6328,562b5976c7f6d44b782498480fce54bad1e3142d9541438f6d7a42a876a3df87,0ecaf30ec3147260f584fff24f30e32a975cba82529f3d3c36d4c49ea0de712f
incumbent-R4-C-oldpin-values-f66-v5,canonical:vle_obs_0230,vle_obs_0230-pco2,Jou1995,120.0,0.4440088801776036,222000.0,313950.0672177259,evaluated,f66d972c032ce709ada69e8d8177e195c7e416800757663b7420c22bda5f6328,562b5976c7f6d44b782498480fce54bad1e3142d9541438f6d7a42a876a3df87,0ecaf30ec3147260f584fff24f30e32a975cba82529f3d3c36d4c49ea0de712f
incumbent-R4-C-oldpin-values-f66-v5,canonical:vle_obs_0231,vle_obs_0231-pco2,Jou1995,120.0,0.47300946018920376,422000.0,456297.7296459425,evaluated,f66d972c032ce709ada69e8d8177e195c7e416800757663b7420c22bda5f6328,562b5976c7f6d44b782498480fce54bad1e3142d9541438f6d7a42a876a3df87,0ecaf30ec3147260f584fff24f30e32a975cba82529f3d3c36d4c49ea0de712f
incumbent-R4-C-oldpin-values-f66-v5,canonical:vle_obs_0232,vle_obs_0232-pco2,Jou1995,120.0,0.5360107202144043,822000.0,888162.250683438,evaluated,f66d972c032ce709ada69e8d8177e195c7e416800757663b7420c22bda5f6328,562b5976c7f6d44b782498480fce54bad1e3142d9541438f6d7a42a876a3df87,0ecaf30ec3147260f584fff24f30e32a975cba82529f3d3c36d4c49ea0de712f
incumbent-R4-C-oldpin-values-f66-v5,canonical:vle_obs_0233,vle_obs_0233-pco2,Jou1995,120.0,0.6390127802556052,2804000.0,1806853.1121170702,evaluated,f66d972c032ce709ada69e8d8177e195c7e416800757663b7420c22bda5f6328,562b5976c7f6d44b782498480fce54bad1e3142d9541438f6d7a42a876a3df87,0ecaf30ec3147260f584fff24f30e32a975cba82529f3d3c36d4c49ea0de712f
incumbent-R4-C-oldpin-values-f66-v5,canonical:vle_obs_0246,vle_obs_0246-pco2,Mamun2005,120.0,0.15500310006200124,7354.0,3698.974305666618,evaluated,f66d972c032ce709ada69e8d8177e195c7e416800757663b7420c22bda5f6328,562b5976c7f6d44b782498480fce54bad1e3142d9541438f6d7a42a876a3df87,0ecaf30ec3147260f584fff24f30e32a975cba82529f3d3c36d4c49ea0de712f
incumbent-R4-C-oldpin-values-f66-v5,canonical:vle_obs_0247,vle_obs_0247-pco2,Mamun2005,120.0,0.17660353207064142,9314.0,5355.071781191476,evaluated,f66d972c032ce709ada69e8d8177e195c7e416800757663b7420c22bda5f6328,562b5976c7f6d44b782498480fce54bad1e3142d9541438f6d7a42a876a3df87,0ecaf30ec3147260f584fff24f30e32a975cba82529f3d3c36d4c49ea0de712f
incumbent-R4-C-oldpin-values-f66-v5,canonical:vle_obs_0248,vle_obs_0248-pco2,Mamun2005,120.0,0.18430368607372147,9045.0,6083.286446636782,evaluated,f66d972c032ce709ada69e8d8177e195c7e416800757663b7420c22bda5f6328,562b5976c7f6d44b782498480fce54bad1e3142d9541438f6d7a42a876a3df87,0ecaf30ec3147260f584fff24f30e32a975cba82529f3d3c36d4c49ea0de712f
incumbent-R4-C-oldpin-values-f66-v5,canonical:vle_obs_0249,vle_obs_0249-pco2,Mamun2005,120.0,0.20850417008340166,15510.0,8983.37096412666,evaluated,f66d972c032ce709ada69e8d8177e195c7e416800757663b7420c22bda5f6328,562b5976c7f6d44b782498480fce54bad1e3142d9541438f6d7a42a876a3df87,0ecaf30ec3147260f584fff24f30e32a975cba82529f3d3c36d4c49ea0de712f
incumbent-R4-C-oldpin-values-f66-v5,canonical:vle_obs_0250,vle_obs_0250-pco2,Mamun2005,120.0,0.23260465209304187,19620.0,13093.49863166643,evaluated,f66d972c032ce709ada69e8d8177e195c7e416800757663b7420c22bda5f6328,562b5976c7f6d44b782498480fce54bad1e3142d9541438f6d7a42a876a3df87,0ecaf30ec3147260f584fff24f30e32a975cba82529f3d3c36d4c49ea0de712f
incumbent-R4-C-oldpin-values-f66-v5,canonical:vle_obs_0251,vle_obs_0251-pco2,Mamun2005,120.0,0.23810476209524192,25200.0,14253.867890078329,evaluated,f66d972c032ce709ada69e8d8177e195c7e416800757663b7420c22bda5f6328,562b5976c7f6d44b782498480fce54bad1e3142d9541438f6d7a42a876a3df87,0ecaf30ec3147260f584fff24f30e32a975cba82529f3d3c36d4c49ea0de712f
incumbent-R4-C-oldpin-values-f66-v5,canonical:vle_obs_0252,vle_obs_0252-pco2,Mamun2005,120.0,0.25600512010240206,27710.0,18757.780777647487,evaluated,f66d972c032ce709ada69e8d8177e195c7e416800757663b7420c22bda5f6328,562b5976c7f6d44b782498480fce54bad1e3142d9541438f6d7a42a876a3df87,0ecaf30ec3147260f584fff24f30e32a975cba82529f3d3c36d4c49ea0de712f
incumbent-R4-C-oldpin-values-f66-v5,canonical:vle_obs_0253,vle_obs_0253-pco2,Mamun2005,120.0,0.29010580211604237,39180.0,31531.093650024566,evaluated,f66d972c032ce709ada69e8d8177e195c7e416800757663b7420c22bda5f6328,562b5976c7f6d44b782498480fce54bad1e3142d9541438f6d7a42a876a3df87,0ecaf30ec3147260f584fff24f30e32a975cba82529f3d3c36d4c49ea0de712f
incumbent-R4-C-oldpin-values-f66-v5,canonical:vle_obs_0254,vle_obs_0254-pco2,Mamun2005,120.0,0.2967059341186824,40400.0,34861.45763103394,evaluated,f66d972c032ce709ada69e8d8177e195c7e416800757663b7420c22bda5f6328,562b5976c7f6d44b782498480fce54bad1e3142d9541438f6d7a42a876a3df87,0ecaf30ec3147260f584fff24f30e32a975cba82529f3d3c36d4c49ea0de712f
incumbent-R4-C-oldpin-values-f66-v5,canonical:vle_obs_0255,vle_obs_0255-pco2,Mamun2005,120.0,0.3004060081201624,43490.0,36880.70416807622,evaluated,f66d972c032ce709ada69e8d8177e195c7e416800757663b7420c22bda5f6328,562b5976c7f6d44b782498480fce54bad1e3142d9541438f6d7a42a876a3df87,0ecaf30ec3147260f584fff24f30e32a975cba82529f3d3c36d4c49ea0de712f
incumbent-R4-C-oldpin-values-f66-v5,canonical:vle_obs_0256,vle_obs_0256-pco2,Mamun2005,120.0,0.3125062501250025,51820.0,44343.36738875926,evaluated,f66d972c032ce709ada69e8d8177e195c7e416800757663b7420c22bda5f6328,562b5976c7f6d44b782498480fce54bad1e3142d9541438f6d7a42a876a3df87,0ecaf30ec3147260f584fff24f30e32a975cba82529f3d3c36d4c49ea0de712f
incumbent-R4-C-oldpin-values-f66-v5,canonical:vle_obs_0257,vle_obs_0257-pco2,Mamun2005,120.0,0.31910638212764253,58570.0,49037.38683380679,evaluated,f66d972c032ce709ada69e8d8177e195c7e416800757663b7420c22bda5f6328,562b5976c7f6d44b782498480fce54bad1e3142d9541438f6d7a42a876a3df87,0ecaf30ec3147260f584fff24f30e32a975cba82529f3d3c36d4c49ea0de712f
incumbent-R4-C-oldpin-values-f66-v5,canonical:vle_obs_0258,vle_obs_0258-pco2,Mamun2005,120.0,0.32980659613192265,62880.0,57735.44701648388,evaluated,f66d972c032ce709ada69e8d8177e195c7e416800757663b7420c22bda5f6328,562b5976c7f6d44b782498480fce54bad1e3142d9541438f6d7a42a876a3df87,0ecaf30ec3147260f584fff24f30e32a975cba82529f3d3c36d4c49ea0de712f
incumbent-R4-C-oldpin-values-f66-v5,canonical:vle_obs_0259,vle_obs_0259-pco2,Mamun2005,120.0,0.3424068481369627,77590.0,69989.2097605389,evaluated,f66d972c032ce709ada69e8d8177e195c7e416800757663b7420c22bda5f6328,562b5976c7f6d44b782498480fce54bad1e3142d9541438f6d7a42a876a3df87,0ecaf30ec3147260f584fff24f30e32a975cba82529f3d3c36d4c49ea0de712f
incumbent-R4-C-oldpin-values-f66-v5,canonical:vle_obs_0260,vle_obs_0260-pco2,Mamun2005,120.0,0.3424068481369627,74950.0,69989.2097605389,evaluated,f66d972c032ce709ada69e8d8177e195c7e416800757663b7420c22bda5f6328,562b5976c7f6d44b782498480fce54bad1e3142d9541438f6d7a42a876a3df87,0ecaf30ec3147260f584fff24f30e32a975cba82529f3d3c36d4c49ea0de712f
incumbent-R4-C-oldpin-values-f66-v5,canonical:vle_obs_0261,vle_obs_0261-pco2,Mamun2005,120.0,0.3500070001400028,83610.0,78606.38183709845,evaluated,f66d972c032ce709ada69e8d8177e195c7e416800757663b7420c22bda5f6328,562b5976c7f6d44b782498480fce54bad1e3142d9541438f6d7a42a876a3df87,0ecaf30ec3147260f584fff24f30e32a975cba82529f3d3c36d4c49ea0de712f
incumbent-R4-C-oldpin-values-f66-v5,canonical:vle_obs_0262,vle_obs_0262-pco2,Mamun2005,120.0,0.3594071881437629,92790.0,90736.4649655337,evaluated,f66d972c032ce709ada69e8d8177e195c7e416800757663b7420c22bda5f6328,562b5976c7f6d44b782498480fce54bad1e3142d9541438f6d7a42a876a3df87,0ecaf30ec3147260f584fff24f30e32a975cba82529f3d3c36d4c49ea0de712f
incumbent-R4-C-oldpin-values-f66-v5,canonical:vle_obs_0263,vle_obs_0263-pco2,Mamun2005,120.0,0.38820776415528313,137900.0,140441.2316996565,evaluated,f66d972c032ce709ada69e8d8177e195c7e416800757663b7420c22bda5f6328,562b5976c7f6d44b782498480fce54bad1e3142d9541438f6d7a42a876a3df87,0ecaf30ec3147260f584fff24f30e32a975cba82529f3d3c36d4c49ea0de712f
incumbent-R4-C-oldpin-values-f66-v5,canonical:vle_obs_0264,vle_obs_0264-pco2,Mamun2005,120.0,0.41820836416728335,191900.0,218718.79729935437,evaluated,f66d972c032ce709ada69e8d8177e195c7e416800757663b7420c22bda5f6328,562b5976c7f6d44b782498480fce54bad1e3142d9541438f6d7a42a876a3df87,0ecaf30ec3147260f584fff24f30e32a975cba82529f3d3c36d4c49ea0de712f
incumbent-R4-C-oldpin-values-f66-v5,canonical:vle_obs_0265,vle_obs_0265-pco2,Xu2011,100.0,0.3880077601552031,34000.0,34811.49274969858,evaluated,f66d972c032ce709ada69e8d8177e195c7e416800757663b7420c22bda5f6328,562b5976c7f6d44b782498480fce54bad1e3142d9541438f6d7a42a876a3df87,0ecaf30ec3147260f584fff24f30e32a975cba82529f3d3c36d4c49ea0de712f
incumbent-R4-C-oldpin-values-f66-v5,canonical:vle_obs_0266,vle_obs_0266-pco2,Xu2011,100.0,0.4240084801696034,101000.0,64061.36895066711,evaluated,f66d972c032ce709ada69e8d8177e195c7e416800757663b7420c22bda5f6328,562b5976c7f6d44b782498480fce54bad1e3142d9541438f6d7a42a876a3df87,0ecaf30ec3147260f584fff24f30e32a975cba82529f3d3c36d4c49ea0de712f
incumbent-R4-C-oldpin-values-f66-v5,canonical:vle_obs_0267,vle_obs_0267-pco2,Xu2011,100.0,0.4250085001700034,86000.0,65158.62353902457,evaluated,f66d972c032ce709ada69e8d8177e195c7e416800757663b7420c22bda5f6328,562b5976c7f6d44b782498480fce54bad1e3142d9541438f6d7a42a876a3df87,0ecaf30ec3147260f584fff24f30e32a975cba82529f3d3c36d4c49ea0de712f
incumbent-R4-C-oldpin-values-f66-v5,canonical:vle_obs_0268,vle_obs_0268-pco2,Xu2011,100.0,0.501010020200404,167000.0,221322.19847341286,evaluated,f66d972c032ce709ada69e8d8177e195c7e416800757663b7420c22bda5f6328,562b5976c7f6d44b782498480fce54bad1e3142d9541438f6d7a42a876a3df87,0ecaf30ec3147260f584fff24f30e32a975cba82529f3d3c36d4c49ea0de712f
incumbent-R4-C-oldpin-values-f66-v5,canonical:vle_obs_0269,vle_obs_0269-pco2,Xu2011,100.0,0.5200104002080042,233000.0,288218.12171782006,evaluated,f66d972c032ce709ada69e8d8177e195c7e416800757663b7420c22bda5f6328,562b5976c7f6d44b782498480fce54bad1e3142d9541438f6d7a42a876a3df87,0ecaf30ec3147260f584fff24f30e32a975cba82529f3d3c36d4c49ea0de712f
incumbent-R4-C-oldpin-values-f66-v5,canonical:vle_obs_0270,vle_obs_0270-pco2,Xu2011,100.0,0.3150063001260025,16000.0,10604.637985199019,evaluated,f66d972c032ce709ada69e8d8177e195c7e416800757663b7420c22bda5f6328,562b5976c7f6d44b782498480fce54bad1e3142d9541438f6d7a42a876a3df87,0ecaf30ec3147260f584fff24f30e32a975cba82529f3d3c36d4c49ea0de712f
incumbent-R4-C-oldpin-values-f66-v5,canonical:vle_obs_0271,vle_obs_0271-pco2,Xu2011,100.0,0.47500950019000376,95000.0,149144.64291625528,evaluated,f66d972c032ce709ada69e8d8177e195c7e416800757663b7420c22bda5f6328,562b5976c7f6d44b782498480fce54bad1e3142d9541438f6d7a42a876a3df87,0ecaf30ec3147260f584fff24f30e32a975cba82529f3d3c36d4c49ea0de712f
incumbent-R4-C-oldpin-values-f66-v5,canonical:vle_obs_0272,vle_obs_0272-pco2,Xu2011,100.0,0.3150063001260025,12000.0,10604.637985199019,evaluated,f66d972c032ce709ada69e8d8177e195c7e416800757663b7420c22bda5f6328,562b5976c7f6d44b782498480fce54bad1e3142d9541438f6d7a42a876a3df87,0ecaf30ec3147260f584fff24f30e32a975cba82529f3d3c36d4c49ea0de712f
incumbent-R4-C-oldpin-values-f66-v5,canonical:vle_obs_0279,vle_obs_0279-pco2,Xu2011,120.0,0.370007400148003,63000.0,106636.77754569272,evaluated,f66d972c032ce709ada69e8d8177e195c7e416800757663b7420c22bda5f6328,562b5976c7f6d44b782498480fce54bad1e3142d9541438f6d7a42a876a3df87,0ecaf30ec3147260f584fff24f30e32a975cba82529f3d3c36d4c49ea0de712f
incumbent-R4-C-oldpin-values-f66-v5,canonical:vle_obs_0280,vle_obs_0280-pco2,Xu2011,120.0,0.3850077001540031,108000.0,133836.50314308493,evaluated,f66d972c032ce709ada69e8d8177e195c7e416800757663b7420c22bda5f6328,562b5976c7f6d44b782498480fce54bad1e3142d9541438f6d7a42a876a3df87,0ecaf30ec3147260f584fff24f30e32a975cba82529f3d3c36d4c49ea0de712f
incumbent-R4-C-oldpin-values-f66-v5,canonical:vle_obs_0281,vle_obs_0281-pco2,Xu2011,120.0,0.3870077401548031,62000.0,137929.1648586126,evaluated,f66d972c032ce709ada69e8d8177e195c7e416800757663b7420c22bda5f6328,562b5976c7f6d44b782498480fce54bad1e3142d9541438f6d7a42a876a3df87,0ecaf30ec3147260f584fff24f30e32a975cba82529f3d3c36d4c49ea0de712f
incumbent-R4-C-oldpin-values-f66-v5,canonical:vle_obs_0282,vle_obs_0282-pco2,Xu2011,120.0,0.42200844016880334,237000.0,230995.87725707077,evaluated,f66d972c032ce709ada69e8d8177e195c7e416800757663b7420c22bda5f6328,562b5976c7f6d44b782498480fce54bad1e3142d9541438f6d7a42a876a3df87,0ecaf30ec3147260f584fff24f30e32a975cba82529f3d3c36d4c49ea0de712f
incumbent-R4-C-oldpin-values-f66-v5,canonical:vle_obs_0283,vle_obs_0283-pco2,Xu2011,120.0,0.4230084601692034,192000.0,234323.1788520249,evaluated,f66d972c032ce709ada69e8d8177e195c7e416800757663b7420c22bda5f6328,562b5976c7f6d44b782498480fce54bad1e3142d9541438f6d7a42a876a3df87,0ecaf30ec3147260f584fff24f30e32a975cba82529f3d3c36d4c49ea0de712f
incumbent-R4-C-oldpin-values-f66-v5,canonical:vle_obs_0284,vle_obs_0284-pco2,Xu2011,120.0,0.49200984019680394,387000.0,570055.8495548737,evaluated,f66d972c032ce709ada69e8d8177e195c7e416800757663b7420c22bda5f6328,562b5976c7f6d44b782498480fce54bad1e3142d9541438f6d7a42a876a3df87,0ecaf30ec3147260f584fff24f30e32a975cba82529f3d3c36d4c49ea0de712f
incumbent-R4-C-oldpin-values-f66-v5,canonical:vle_obs_0285,vle_obs_0285-pco2,Xu2011,120.0,0.5080101602032041,512000.0,677584.0619517564,evaluated,f66d972c032ce709ada69e8d8177e195c7e416800757663b7420c22bda5f6328,562b5976c7f6d44b782498480fce54bad1e3142d9541438f6d7a42a876a3df87,0ecaf30ec3147260f584fff24f30e32a975cba82529f3d3c36d4c49ea0de712f
incumbent-R4-C-oldpin-values-f66-v5,canonical:vle_obs_0286,vle_obs_0286-pco2,Xu2011,120.0,0.3140062801256025,50000.0,45368.786041950654,evaluated,f66d972c032ce709ada69e8d8177e195c7e416800757663b7420c22bda5f6328,562b5976c7f6d44b782498480fce54bad1e3142d9541438f6d7a42a876a3df87,0ecaf30ec3147260f584fff24f30e32a975cba82529f3d3c36d4c49ea0de712f
incumbent-R4-C-oldpin-values-f66-v5,canonical:vle_obs_0287,vle_obs_0287-pco2,Xu2011,120.0,0.4670093401868038,283000.0,423703.20424814045,evaluated,f66d972c032ce709ada69e8d8177e195c7e416800757663b7420c22bda5f6328,562b5976c7f6d44b782498480fce54bad1e3142d9541438f6d7a42a876a3df87,0ecaf30ec3147260f584fff24f30e32a975cba82529f3d3c36d4c49ea0de712f
incumbent-R4-C-oldpin-values-f66-v5,canonical:vle_obs_0288,vle_obs_0288-pco2,Xu2011,120.0,0.3140062801256025,45000.0,45368.786041950654,evaluated,f66d972c032ce709ada69e8d8177e195c7e416800757663b7420c22bda5f6328,562b5976c7f6d44b782498480fce54bad1e3142d9541438f6d7a42a876a3df87,0ecaf30ec3147260f584fff24f30e32a975cba82529f3d3c36d4c49ea0de712f
incumbent-R4-C-f66-v5,vle_obs_0119,vle_obs_0119-pco2,Hilliard2008,40.0,0.15290305806116122,5.7,5.2721111313291065,evaluated,f66d972c032ce709ada69e8d8177e195c7e416800757663b7420c22bda5f6328,562b5976c7f6d44b782498480fce54bad1e3142d9541438f6d7a42a876a3df87,0ecaf30ec3147260f584fff24f30e32a975cba82529f3d3c36d4c49ea0de712f
incumbent-R4-C-f66-v5,vle_obs_0120,vle_obs_0120-pco2,Hilliard2008,40.0,0.16290325806516132,6.64,6.2367924602350335,evaluated,f66d972c032ce709ada69e8d8177e195c7e416800757663b7420c22bda5f6328,562b5976c7f6d44b782498480fce54bad1e3142d9541438f6d7a42a876a3df87,0ecaf30ec3147260f584fff24f30e32a975cba82529f3d3c36d4c49ea0de712f
incumbent-R4-C-f66-v5,vle_obs_0121,vle_obs_0121-pco2,Hilliard2008,40.0,0.1699033980679614,7.21,6.99621173488473,evaluated,f66d972c032ce709ada69e8d8177e195c7e416800757663b7420c22bda5f6328,562b5976c7f6d44b782498480fce54bad1e3142d9541438f6d7a42a876a3df87,0ecaf30ec3147260f584fff24f30e32a975cba82529f3d3c36d4c49ea0de712f
incumbent-R4-C-f66-v5,vle_obs_0122,vle_obs_0122-pco2,Hilliard2008,40.0,0.19090381807636156,9.950000000000001,9.771680141264477,evaluated,f66d972c032ce709ada69e8d8177e195c7e416800757663b7420c22bda5f6328,562b5976c7f6d44b782498480fce54bad1e3142d9541438f6d7a42a876a3df87,0ecaf30ec3147260f584fff24f30e32a975cba82529f3d3c36d4c49ea0de712f
incumbent-R4-C-f66-v5,vle_obs_0123,vle_obs_0123-pco2,Hilliard2008,40.0,0.19390387807756157,9.85,10.238645665072399,evaluated,f66d972c032ce709ada69e8d8177e195c7e416800757663b7420c22bda5f6328,562b5976c7f6d44b782498480fce54bad1e3142d9541438f6d7a42a876a3df87,0ecaf30ec3147260f584fff24f30e32a975cba82529f3d3c36d4c49ea0de712f
incumbent-R4-C-f66-v5,vle_obs_0124,vle_obs_0124-pco2,Hilliard2008,40.0,0.23190463809276188,14.6,18.23641849714639,evaluated,f66d972c032ce709ada69e8d8177e195c7e416800757663b7420c22bda5f6328,562b5976c7f6d44b782498480fce54bad1e3142d9541438f6d7a42a876a3df87,0ecaf30ec3147260f584fff24f30e32a975cba82529f3d3c36d4c49ea0de712f
incumbent-R4-C-f66-v5,vle_obs_0125,vle_obs_0125-pco2,Hilliard2008,40.0,0.24590491809836199,19.099999999999998,22.478091246993714,evaluated,f66d972c032ce709ada69e8d8177e195c7e416800757663b7420c22bda5f6328,562b5976c7f6d44b782498480fce54bad1e3142d9541438f6d7a42a876a3df87,0ecaf30ec3147260f584fff24f30e32a975cba82529f3d3c36d4c49ea0de712f
incumbent-R4-C-f66-v5,vle_obs_0126,vle_obs_0126-pco2,Hilliard2008,40.0,0.2689053781075622,23.099999999999998,31.69582848274095,evaluated,f66d972c032ce709ada69e8d8177e195c7e416800757663b7420c22bda5f6328,562b5976c7f6d44b782498480fce54bad1e3142d9541438f6d7a42a876a3df87,0ecaf30ec3147260f584fff24f30e32a975cba82529f3d3c36d4c49ea0de712f
incumbent-R4-C-f66-v5,vle_obs_0127,vle_obs_0127-pco2,Hilliard2008,40.0,0.2719054381087622,22.4,33.15549698264745,evaluated,f66d972c032ce709ada69e8d8177e195c7e416800757663b7420c22bda5f6328,562b5976c7f6d44b782498480fce54bad1e3142d9541438f6d7a42a876a3df87,0ecaf30ec3147260f584fff24f30e32a975cba82529f3d3c36d4c49ea0de712f
incumbent-R4-C-f66-v5,vle_obs_0128,vle_obs_0128-pco2,Hilliard2008,40.0,0.32590651813036264,48.5,76.30302680176338,evaluated,f66d972c032ce709ada69e8d8177e195c7e416800757663b7420c22bda5f6328,562b5976c7f6d44b782498480fce54bad1e3142d9541438f6d7a42a876a3df87,0ecaf30ec3147260f584fff24f30e32a975cba82529f3d3c36d4c49ea0de712f
incumbent-R4-C-f66-v5,vle_obs_0129,vle_obs_0129-pco2,Hilliard2008,40.0,0.3479069581391628,66.19999999999999,109.4627073901234,evaluated,f66d972c032ce709ada69e8d8177e195c7e416800757663b7420c22bda5f6328,562b5976c7f6d44b782498480fce54bad1e3142d9541438f6d7a42a876a3df87,0ecaf30ec3147260f584fff24f30e32a975cba82529f3d3c36d4c49ea0de712f
incumbent-R4-C-f66-v5,vle_obs_0130,vle_obs_0130-pco2,Hilliard2008,40.0,0.3499069981399628,72.1,113.21343166759172,evaluated,f66d972c032ce709ada69e8d8177e195c7e416800757663b7420c22bda5f6328,562b5976c7f6d44b782498480fce54bad1e3142d9541438f6d7a42a876a3df87,0ecaf30ec3147260f584fff24f30e32a975cba82529f3d3c36d4c49ea0de712f
incumbent-R4-C-f66-v5,vle_obs_0131,vle_obs_0131-pco2,Hilliard2008,40.0,0.3599071981439629,96.60000000000001,134.32690043791288,evaluated,f66d972c032ce709ada69e8d8177e195c7e416800757663b7420c22bda5f6328,562b5976c7f6d44b782498480fce54bad1e3142d9541438f6d7a42a876a3df87,0ecaf30ec3147260f584fff24f30e32a975cba82529f3d3c36d4c49ea0de712f
incumbent-R4-C-f66-v5,vle_obs_0132,vle_obs_0132-pco2,Hilliard2008,40.0,0.3819076381527631,131.0,199.0494115905651,evaluated,f66d972c032ce709ada69e8d8177e195c7e416800757663b7420c22bda5f6328,562b5976c7f6d44b782498480fce54bad1e3142d9541438f6d7a42a876a3df87,0ecaf30ec3147260f584fff24f30e32a975cba82529f3d3c36d4c49ea0de712f
incumbent-R4-C-f66-v5,vle_obs_0133,vle_obs_0133-pco2,Hilliard2008,40.0,0.3859077181543631,120.0,214.4180530059694,evaluated,f66d972c032ce709ada69e8d8177e195c7e416800757663b7420c22bda5f6328,562b5976c7f6d44b782498480fce54bad1e3142d9541438f6d7a42a876a3df87,0ecaf30ec3147260f584fff24f30e32a975cba82529f3d3c36d4c49ea0de712f
incumbent-R4-C-f66-v5,vle_obs_0134,vle_obs_0134-pco2,Hilliard2008,40.0,0.38890777815556316,113.0,226.86296848710896,evaluated,f66d972c032ce709ada69e8d8177e195c7e416800757663b7420c22bda5f6328,562b5976c7f6d44b782498480fce54bad1e3142d9541438f6d7a42a876a3df87,0ecaf30ec3147260f584fff24f30e32a975cba82529f3d3c36d4c49ea0de712f
incumbent-R4-C-f66-v5,vle_obs_0135,vle_obs_0135-pco2,Hilliard2008,40.0,0.39990799815996325,128.0,280.3827432829972,evaluated,f66d972c032ce709ada69e8d8177e195c7e416800757663b7420c22bda5f6328,562b5976c7f6d44b782498480fce54bad1e3142d9541438f6d7a42a876a3df87,0ecaf30ec3147260f584fff24f30e32a975cba82529f3d3c36d4c49ea0de712f
incumbent-R4-C-f66-v5,vle_obs_0136,vle_obs_0136-pco2,Hilliard2008,40.0,0.46390927818556377,750.0,1149.382102129724,evaluated,f66d972c032ce709ada69e8d8177e195c7e416800757663b7420c22bda5f6328,562b5976c7f6d44b782498480fce54bad1e3142d9541438f6d7a42a876a3df87,0ecaf30ec3147260f584fff24f30e32a975cba82529f3d3c36d4c49ea0de712f
incumbent-R4-C-f66-v5,vle_obs_0137,vle_obs_0137-pco2,Hilliard2008,40.0,0.4659093181863638,574.0,1206.993317920057,evaluated,f66d972c032ce709ada69e8d8177e195c7e416800757663b7420c22bda5f6328,562b5976c7f6d44b782498480fce54bad1e3142d9541438f6d7a42a876a3df87,0ecaf30ec3147260f584fff24f30e32a975cba82529f3d3c36d4c49ea0de712f
incumbent-R4-C-f66-v5,vle_obs_0138,vle_obs_0138-pco2,Hilliard2008,40.0,0.48090961819236383,883.0,1752.0125676104367,evaluated,f66d972c032ce709ada69e8d8177e195c7e416800757663b7420c22bda5f6328,562b5976c7f6d44b782498480fce54bad1e3142d9541438f6d7a42a876a3df87,0ecaf30ec3147260f584fff24f30e32a975cba82529f3d3c36d4c49ea0de712f
incumbent-R4-C-f66-v5,vle_obs_0139,vle_obs_0139-pco2,Hilliard2008,40.0,0.4909098181963639,1100.0,2253.092462095199,evaluated,f66d972c032ce709ada69e8d8177e195c7e416800757663b7420c22bda5f6328,562b5976c7f6d44b782498480fce54bad1e3142d9541438f6d7a42a876a3df87,0ecaf30ec3147260f584fff24f30e32a975cba82529f3d3c36d4c49ea0de712f
incumbent-R4-C-f66-v5,vle_obs_0140,vle_obs_0140-pco2,Hilliard2008,40.0,0.5009100182003641,1870.0,2895.559459392604,evaluated,f66d972c032ce709ada69e8d8177e195c7e416800757663b7420c22bda5f6328,562b5976c7f6d44b782498480fce54bad1e3142d9541438f6d7a42a876a3df87,0ecaf30ec3147260f584fff24f30e32a975cba82529f3d3c36d4c49ea0de712f
incumbent-R4-C-f66-v5,vle_obs_0141,vle_obs_0141-pco2,Hilliard2008,40.0,0.5179103582071641,3030.0,4393.0678352711175,evaluated,f66d972c032ce709ada69e8d8177e195c7e416800757663b7420c22bda5f6328,562b5976c7f6d44b782498480fce54bad1e3142d9541438f6d7a42a876a3df87,0ecaf30ec3147260f584fff24f30e32a975cba82529f3d3c36d4c49ea0de712f
incumbent-R4-C-f66-v5,vle_obs_0142,vle_obs_0142-pco2,Hilliard2008,40.0,0.5909118182363647,28300.0,19162.62435675569,evaluated,f66d972c032ce709ada69e8d8177e195c7e416800757663b7420c22bda5f6328,562b5976c7f6d44b782498480fce54bad1e3142d9541438f6d7a42a876a3df87,0ecaf30ec3147260f584fff24f30e32a975cba82529f3d3c36d4c49ea0de712f
incumbent-R4-C-f66-v5,vle_obs_0143,vle_obs_0143-pco2,Hilliard2008,60.0,0.11390227804556091,19.400000000000002,15.092587177304615,evaluated,f66d972c032ce709ada69e8d8177e195c7e416800757663b7420c22bda5f6328,562b5976c7f6d44b782498480fce54bad1e3142d9541438f6d7a42a876a3df87,0ecaf30ec3147260f584fff24f30e32a975cba82529f3d3c36d4c49ea0de712f
incumbent-R4-C-f66-v5,vle_obs_0144,vle_obs_0144-pco2,Hilliard2008,60.0,0.19090381807636156,58.9,58.753366455639245,evaluated,f66d972c032ce709ada69e8d8177e195c7e416800757663b7420c22bda5f6328,562b5976c7f6d44b782498480fce54bad1e3142d9541438f6d7a42a876a3df87,0ecaf30ec3147260f584fff24f30e32a975cba82529f3d3c36d4c49ea0de712f
incumbent-R4-C-f66-v5,vle_obs_0145,vle_obs_0145-pco2,Hilliard2008,60.0,0.29090581811636235,209.0,274.50305260946567,evaluated,f66d972c032ce709ada69e8d8177e195c7e416800757663b7420c22bda5f6328,562b5976c7f6d44b782498480fce54bad1e3142d9541438f6d7a42a876a3df87,0ecaf30ec3147260f584fff24f30e32a975cba82529f3d3c36d4c49ea0de712f
incumbent-R4-C-f66-v5,vle_obs_0146,vle_obs_0146-pco2,Hilliard2008,60.0,0.3859077181543631,763.0,1342.200273905528,evaluated,f66d972c032ce709ada69e8d8177e195c7e416800757663b7420c22bda5f6328,562b5976c7f6d44b782498480fce54bad1e3142d9541438f6d7a42a876a3df87,0ecaf30ec3147260f584fff24f30e32a975cba82529f3d3c36d4c49ea0de712f
incumbent-R4-C-f66-v5,vle_obs_0147,vle_obs_0147-pco2,Hilliard2008,60.0,0.4849096981939639,4860.0,10161.509422615743,evaluated,f66d972c032ce709ada69e8d8177e195c7e416800757663b7420c22bda5f6328,562b5976c7f6d44b782498480fce54bad1e3142d9541438f6d7a42a876a3df87,0ecaf30ec3147260f584fff24f30e32a975cba82529f3d3c36d4c49ea0de712f
incumbent-R4-C-f66-v5,vle_obs_0148,vle_obs_0148-pco2,Hilliard2008,60.0,0.5439108782175645,25800.0,33508.37924316128,evaluated,f66d972c032ce709ada69e8d8177e195c7e416800757663b7420c22bda5f6328,562b5976c7f6d44b782498480fce54bad1e3142d9541438f6d7a42a876a3df87,0ecaf30ec3147260f584fff24f30e32a975cba82529f3d3c36d4c49ea0de712f
incumbent-R4-C-f66-v5,vle_obs_0149,vle_obs_0149-pco2,Hilliard2008,60.0,0.5649112982259645,50200.0,48144.10009781929,evaluated,f66d972c032ce709ada69e8d8177e195c7e416800757663b7420c22bda5f6328,562b5976c7f6d44b782498480fce54bad1e3142d9541438f6d7a42a876a3df87,0ecaf30ec3147260f584fff24f30e32a975cba82529f3d3c36d4c49ea0de712f
incumbent-R4-C-f66-v5,vle_obs_0186,vle_obs_0186-pco2,Jou1995,40.0,0.08870177403548071,1.47,1.4806921091877379,evaluated,f66d972c032ce709ada69e8d8177e195c7e416800757663b7420c22bda5f6328,562b5976c7f6d44b782498480fce54bad1e3142d9541438f6d7a42a876a3df87,0ecaf30ec3147260f584fff24f30e32a975cba82529f3d3c36d4c49ea0de712f
incumbent-R4-C-f66-v5,vle_obs_0187,vle_obs_0187-pco2,Jou1995,40.0,0.20290405808116166,8.959999999999999,11.763267654410754,evaluated,f66d972c032ce709ada69e8d8177e195c7e416800757663b7420c22bda5f6328,562b5976c7f6d44b782498480fce54bad1e3142d9541438f6d7a42a876a3df87,0ecaf30ec3147260f584fff24f30e32a975cba82529f3d3c36d4c49ea0de712f
incumbent-R4-C-f66-v5,vle_obs_0188,vle_obs_0188-pco2,Jou1995,40.0,0.36490729814596295,67.7,146.5666339393599,evaluated,f66d972c032ce709ada69e8d8177e195c7e416800757663b7420c22bda5f6328,562b5976c7f6d44b782498480fce54bad1e3142d9541438f6d7a42a876a3df87,0ecaf30ec3147260f584fff24f30e32a975cba82529f3d3c36d4c49ea0de712f
incumbent-R4-C-f66-v5,vle_obs_0189,vle_obs_0189-pco2,Jou1995,40.0,0.4734094681893638,604.0,1452.589713580797,evaluated,f66d972c032ce709ada69e8d8177e195c7e416800757663b7420c22bda5f6328,562b5976c7f6d44b782498480fce54bad1e3142d9541438f6d7a42a876a3df87,0ecaf30ec3147260f584fff24f30e32a975cba82529f3d3c36d4c49ea0de712f
incumbent-R4-C-f66-v5,vle_obs_0190,vle_obs_0190-pco2,Jou1995,40.0,0.5129102582051641,2570.0,3893.3980372972533,evaluated,f66d972c032ce709ada69e8d8177e195c7e416800757663b7420c22bda5f6328,562b5976c7f6d44b782498480fce54bad1e3142d9541438f6d7a42a876a3df87,0ecaf30ec3147260f584fff24f30e32a975cba82529f3d3c36d4c49ea0de712f
incumbent-R4-C-f66-v5,vle_obs_0191,vle_obs_0191-pco2,Jou1995,40.0,0.5569111382227645,8090.0,10376.309218029071,evaluated,f66d972c032ce709ada69e8d8177e195c7e416800757663b7420c22bda5f6328,562b5976c7f6d44b782498480fce54bad1e3142d9541438f6d7a42a876a3df87,0ecaf30ec3147260f584fff24f30e32a975cba82529f3d3c36d4c49ea0de712f
incumbent-R4-C-f66-v5,vle_obs_0192,vle_obs_0192-pco2,Jou1995,40.0,0.6089121782435649,36100.0,25313.771482343473,evaluated,f66d972c032ce709ada69e8d8177e195c7e416800757663b7420c22bda5f6328,562b5976c7f6d44b782498480fce54bad1e3142d9541438f6d7a42a876a3df87,0ecaf30ec3147260f584fff24f30e32a975cba82529f3d3c36d4c49ea0de712f
incumbent-R4-C-f66-v5,vle_obs_0193,vle_obs_0193-pco2,Jou1995,40.0,0.6419128382567652,103000.0,39438.76396085691,evaluated,f66d972c032ce709ada69e8d8177e195c7e416800757663b7420c22bda5f6328,562b5976c7f6d44b782498480fce54bad1e3142d9541438f6d7a42a876a3df87,0ecaf30ec3147260f584fff24f30e32a975cba82529f3d3c36d4c49ea0de712f
incumbent-R4-C-f66-v5,vle_obs_0194,vle_obs_0194-pco2,Jou1995,60.0,0.05630112602252045,4.28,3.4133026881724864,evaluated,f66d972c032ce709ada69e8d8177e195c7e416800757663b7420c22bda5f6328,562b5976c7f6d44b782498480fce54bad1e3142d9541438f6d7a42a876a3df87,0ecaf30ec3147260f584fff24f30e32a975cba82529f3d3c36d4c49ea0de712f
incumbent-R4-C-f66-v5,vle_obs_0195,vle_obs_0195-pco2,Jou1995,60.0,0.11890237804756094,19.3,16.69444112806741,evaluated,f66d972c032ce709ada69e8d8177e195c7e416800757663b7420c22bda5f6328,562b5976c7f6d44b782498480fce54bad1e3142d9541438f6d7a42a876a3df87,0ecaf30ec3147260f584fff24f30e32a975cba82529f3d3c36d4c49ea0de712f
incumbent-R4-C-f66-v5,vle_obs_0196,vle_obs_0196-pco2,Jou1995,60.0,0.20590411808236164,57.9,74.41693551493842,evaluated,f66d972c032ce709ada69e8d8177e195c7e416800757663b7420c22bda5f6328,562b5976c7f6d44b782498480fce54bad1e3142d9541438f6d7a42a876a3df87,0ecaf30ec3147260f584fff24f30e32a975cba82529f3d3c36d4c49ea0de712f
incumbent-R4-C-f66-v5,vle_obs_0197,vle_obs_0197-pco2,Jou1995,60.0,0.38890777815556316,528.0,1418.514799491643,evaluated,f66d972c032ce709ada69e8d8177e195c7e416800757663b7420c22bda5f6328,562b5976c7f6d44b782498480fce54bad1e3142d9541438f6d7a42a876a3df87,0ecaf30ec3147260f584fff24f30e32a975cba82529f3d3c36d4c49ea0de712f
incumbent-R4-C-f66-v5,vle_obs_0198,vle_obs_0198-pco2,Jou1995,60.0,0.4379087581751635,2009.9999999999998,3715.8066644606015,evaluated,f66d972c032ce709ada69e8d8177e195c7e416800757663b7420c22bda5f6328,562b5976c7f6d44b782498480fce54bad1e3142d9541438f6d7a42a876a3df87,0ecaf30ec3147260f584fff24f30e32a975cba82529f3d3c36d4c49ea0de712f
incumbent-R4-C-f66-v5,vle_obs_0199,vle_obs_0199-pco2,Jou1995,60.0,0.5039100782015641,11000.0,15238.971903750738,evaluated,f66d972c032ce709ada69e8d8177e195c7e416800757663b7420c22bda5f6328,562b5976c7f6d44b782498480fce54bad1e3142d9541438f6d7a42a876a3df87,0ecaf30ec3147260f584fff24f30e32a975cba82529f3d3c36d4c49ea0de712f
incumbent-R4-C-f66-v5,vle_obs_0200,vle_obs_0200-pco2,Jou1995,60.0,0.5609112182243645,34000.0,45065.82541969254,evaluated,f66d972c032ce709ada69e8d8177e195c7e416800757663b7420c22bda5f6328,562b5976c7f6d44b782498480fce54bad1e3142d9541438f6d7a42a876a3df87,0ecaf30ec3147260f584fff24f30e32a975cba82529f3d3c36d4c49ea0de712f
incumbent-R4-C-f66-v5,vle_obs_0201,vle_obs_0201-pco2,Jou1995,60.0,0.5789115782315646,82000.0,60018.202095662265,evaluated,f66d972c032ce709ada69e8d8177e195c7e416800757663b7420c22bda5f6328,562b5976c7f6d44b782498480fce54bad1e3142d9541438f6d7a42a876a3df87,0ecaf30ec3147260f584fff24f30e32a975cba82529f3d3c36d4c49ea0de712f
incumbent-R4-C-f66-v5,vle_obs_0202,vle_obs_0202-pco2,Jou1995,60.0,0.6679133582671654,282000.0,174688.48345004296,evaluated,f66d972c032ce709ada69e8d8177e195c7e416800757663b7420c22bda5f6328,562b5976c7f6d44b782498480fce54bad1e3142d9541438f6d7a42a876a3df87,0ecaf30ec3147260f584fff24f30e32a975cba82529f3d3c36d4c49ea0de712f
incumbent-R4-C-f66-v5,vle_obs_0203,vle_obs_0203-pco2,Jou1995,80.0,0.01730034600692014,2.96,1.9986008297579463,evaluated,f66d972c032ce709ada69e8d8177e195c7e416800757663b7420c22bda5f6328,562b5976c7f6d44b782498480fce54bad1e3142d9541438f6d7a42a876a3df87,0ecaf30ec3147260f584fff24f30e32a975cba82529f3d3c36d4c49ea0de712f
incumbent-R4-C-f66-v5,vle_obs_0204,vle_obs_0204-pco2,Jou1995,80.0,0.023500470009400188,4.84,3.472988857979886,evaluated,f66d972c032ce709ada69e8d8177e195c7e416800757663b7420c22bda5f6328,562b5976c7f6d44b782498480fce54bad1e3142d9541438f6d7a42a876a3df87,0ecaf30ec3147260f584fff24f30e32a975cba82529f3d3c36d4c49ea0de712f
incumbent-R4-C-f66-v5,vle_obs_0205,vle_obs_0205-pco2,Jou1995,80.0,0.07800156003120062,46.5,34.46130236602939,evaluated,f66d972c032ce709ada69e8d8177e195c7e416800757663b7420c22bda5f6328,562b5976c7f6d44b782498480fce54bad1e3142d9541438f6d7a42a876a3df87,0ecaf30ec3147260f584fff24f30e32a975cba82529f3d3c36d4c49ea0de712f
incumbent-R4-C-f66-v5,vle_obs_0206,vle_obs_0206-pco2,Jou1995,80.0,0.11790235804716094,99.2,86.34280008386841,evaluated,f66d972c032ce709ada69e8d8177e195c7e416800757663b7420c22bda5f6328,562b5976c7f6d44b782498480fce54bad1e3142d9541438f6d7a42a876a3df87,0ecaf30ec3147260f584fff24f30e32a975cba82529f3d3c36d4c49ea0de712f
incumbent-R4-C-f66-v5,vle_obs_0207,vle_obs_0207-pco2,Jou1995,80.0,0.18690373807476152,278.0,294.82653305093027,evaluated,f66d972c032ce709ada69e8d8177e195c7e416800757663b7420c22bda5f6328,562b5976c7f6d44b782498480fce54bad1e3142d9541438f6d7a42a876a3df87,0ecaf30ec3147260f584fff24f30e32a975cba82529f3d3c36d4c49ea0de712f
incumbent-R4-C-f66-v5,vle_obs_0208,vle_obs_0208-pco2,Jou1995,80.0,0.3479069581391628,2670.0,3735.2397292729665,evaluated,f66d972c032ce709ada69e8d8177e195c7e416800757663b7420c22bda5f6328,562b5976c7f6d44b782498480fce54bad1e3142d9541438f6d7a42a876a3df87,0ecaf30ec3147260f584fff24f30e32a975cba82529f3d3c36d4c49ea0de712f
incumbent-R4-C-f66-v5,vle_obs_0209,vle_obs_0209-pco2,Jou1995,80.0,0.4599091981839637,16000.0,28529.511656736977,evaluated,f66d972c032ce709ada69e8d8177e195c7e416800757663b7420c22bda5f6328,562b5976c7f6d44b782498480fce54bad1e3142d9541438f6d7a42a876a3df87,0ecaf30ec3147260f584fff24f30e32a975cba82529f3d3c36d4c49ea0de712f
incumbent-R4-C-f66-v5,vle_obs_0210,vle_obs_0210-pco2,Jou1995,80.0,0.5169103382067641,56000.0,81206.86216555527,evaluated,f66d972c032ce709ada69e8d8177e195c7e416800757663b7420c22bda5f6328,562b5976c7f6d44b782498480fce54bad1e3142d9541438f6d7a42a876a3df87,0ecaf30ec3147260f584fff24f30e32a975cba82529f3d3c36d4c49ea0de712f
incumbent-R4-C-f66-v5,vle_obs_0211,vle_obs_0211-pco2,Jou1995,80.0,0.5784115682313646,235000.0,202002.6027240764,evaluated,f66d972c032ce709ada69e8d8177e195c7e416800757663b7420c22bda5f6328,562b5976c7f6d44b782498480fce54bad1e3142d9541438f6d7a42a876a3df87,0ecaf30ec3147260f584fff24f30e32a975cba82529f3d3c36d4c49ea0de712f
incumbent-R4-C-f66-v5,vle_obs_0212,vle_obs_0212-pco2,Jou1995,80.0,0.6399127982559651,558000.0,387108.5091358314,evaluated,f66d972c032ce709ada69e8d8177e195c7e416800757663b7420c22bda5f6328,562b5976c7f6d44b782498480fce54bad1e3142d9541438f6d7a42a876a3df87,0ecaf30ec3147260f584fff24f30e32a975cba82529f3d3c36d4c49ea0de712f
incumbent-R4-C-f66-v5,vle_obs_0213,vle_obs_0213-pco2,Jou1995,80.0,0.6889137782755654,958000.0,565128.056545465,evaluated,f66d972c032ce709ada69e8d8177e195c7e416800757663b7420c22bda5f6328,562b5976c7f6d44b782498480fce54bad1e3142d9541438f6d7a42a876a3df87,0ecaf30ec3147260f584fff24f30e32a975cba82529f3d3c36d4c49ea0de712f
incumbent-R4-C-f66-v5,vle_obs_0214,vle_obs_0214-pco2,Jou1995,100.0,0.011600232004640094,7.24,4.660690322985621,evaluated,f66d972c032ce709ada69e8d8177e195c7e416800757663b7420c22bda5f6328,562b5976c7f6d44b782498480fce54bad1e3142d9541438f6d7a42a876a3df87,0ecaf30ec3147260f584fff24f30e32a975cba82529f3d3c36d4c49ea0de712f
incumbent-R4-C-f66-v5,vle_obs_0215,vle_obs_0215-pco2,Jou1995,100.0,0.056501130022600446,136.0,85.58237907823633,evaluated,f66d972c032ce709ada69e8d8177e195c7e416800757663b7420c22bda5f6328,562b5976c7f6d44b782498480fce54bad1e3142d9541438f6d7a42a876a3df87,0ecaf30ec3147260f584fff24f30e32a975cba82529f3d3c36d4c49ea0de712f
incumbent-R4-C-f66-v5,vle_obs_0216,vle_obs_0216-pco2,Jou1995,100.0,0.18790375807516152,1430.0,1451.5179094189,evaluated,f66d972c032ce709ada69e8d8177e195c7e416800757663b7420c22bda5f6328,562b5976c7f6d44b782498480fce54bad1e3142d9541438f6d7a42a876a3df87,0ecaf30ec3147260f584fff24f30e32a975cba82529f3d3c36d4c49ea0de712f
incumbent-R4-C-f66-v5,vle_obs_0217,vle_obs_0217-pco2,Jou1995,100.0,0.38090761815236307,19000.0,30885.889012072403,evaluated,f66d972c032ce709ada69e8d8177e195c7e416800757663b7420c22bda5f6328,562b5976c7f6d44b782498480fce54bad1e3142d9541438f6d7a42a876a3df87,0ecaf30ec3147260f584fff24f30e32a975cba82529f3d3c36d4c49ea0de712f
incumbent-R4-C-f66-v5,vle_obs_0218,vle_obs_0218-pco2,Jou1995,100.0,0.4219084381687634,39000.0,61786.50135960853,evaluated,f66d972c032ce709ada69e8d8177e195c7e416800757663b7420c22bda5f6328,562b5976c7f6d44b782498480fce54bad1e3142d9541438f6d7a42a876a3df87,0ecaf30ec3147260f584fff24f30e32a975cba82529f3d3c36d4c49ea0de712f
incumbent-R4-C-f66-v5,vle_obs_0219,vle_obs_0219-pco2,Jou1995,100.0,0.4769095381907638,69000.0,153608.56483697615,evaluated,f66d972c032ce709ada69e8d8177e195c7e416800757663b7420c22bda5f6328,562b5976c7f6d44b782498480fce54bad1e3142d9541438f6d7a42a876a3df87,0ecaf30ec3147260f584fff24f30e32a975cba82529f3d3c36d4c49ea0de712f
incumbent-R4-C-f66-v5,vle_obs_0220,vle_obs_0220-pco2,Jou1995,100.0,0.48090961819236383,109000.0,163525.26552205934,evaluated,f66d972c032ce709ada69e8d8177e195c7e416800757663b7420c22bda5f6328,562b5976c7f6d44b782498480fce54bad1e3142d9541438f6d7a42a876a3df87,0ecaf30ec3147260f584fff24f30e32a975cba82529f3d3c36d4c49ea0de712f
incumbent-R4-C-f66-v5,vle_obs_0221,vle_obs_0221-pco2,Jou1995,100.0,0.5709114182283646,509000.0,521683.4719007438,evaluated,f66d972c032ce709ada69e8d8177e195c7e416800757663b7420c22bda5f6328,562b5976c7f6d44b782498480fce54bad1e3142d9541438f6d7a42a876a3df87,0ecaf30ec3147260f584fff24f30e32a975cba82529f3d3c36d4c49ea0de712f
incumbent-R4-C-f66-v5,vle_obs_0222,vle_obs_0222-pco2,Jou1995,100.0,0.5889117782355647,376000.0,619846.0076230692,evaluated,f66d972c032ce709ada69e8d8177e195c7e416800757663b7420c22bda5f6328,562b5976c7f6d44b782498480fce54bad1e3142d9541438f6d7a42a876a3df87,0ecaf30ec3147260f584fff24f30e32a975cba82529f3d3c36d4c49ea0de712f
incumbent-R4-C-f66-v5,vle_obs_0223,vle_obs_0223-pco2,Jou1995,100.0,0.613412268245365,909000.0,762697.5727709056,evaluated,f66d972c032ce709ada69e8d8177e195c7e416800757663b7420c22bda5f6328,562b5976c7f6d44b782498480fce54bad1e3142d9541438f6d7a42a876a3df87,0ecaf30ec3147260f584fff24f30e32a975cba82529f3d3c36d4c49ea0de712f
incumbent-R4-C-f66-v5,vle_obs_0224,vle_obs_0224-pco2,Jou1995,120.0,0.003230064601292026,2.02,2.1926449252291884,evaluated,f66d972c032ce709ada69e8d8177e195c7e416800757663b7420c22bda5f6328,562b5976c7f6d44b782498480fce54bad1e3142d9541438f6d7a42a876a3df87,0ecaf30ec3147260f584fff24f30e32a975cba82529f3d3c36d4c49ea0de712f
incumbent-R4-C-f66-v5,vle_obs_0225,vle_obs_0225-pco2,Jou1995,120.0,0.011100222004440089,22.1,18.968997348455748,evaluated,f66d972c032ce709ada69e8d8177e195c7e416800757663b7420c22bda5f6328,562b5976c7f6d44b782498480fce54bad1e3142d9541438f6d7a42a876a3df87,0ecaf30ec3147260f584fff24f30e32a975cba82529f3d3c36d4c49ea0de712f
incumbent-R4-C-f66-v5,vle_obs_0226,vle_obs_0226-pco2,Jou1995,120.0,0.024600492009840196,98.4,79.03328583958006,evaluated,f66d972c032ce709ada69e8d8177e195c7e416800757663b7420c22bda5f6328,562b5976c7f6d44b782498480fce54bad1e3142d9541438f6d7a42a876a3df87,0ecaf30ec3147260f584fff24f30e32a975cba82529f3d3c36d4c49ea0de712f
incumbent-R4-C-f66-v5,vle_obs_0227,vle_obs_0227-pco2,Jou1995,120.0,0.11890237804756094,2290.0,1870.1579951100657,evaluated,f66d972c032ce709ada69e8d8177e195c7e416800757663b7420c22bda5f6328,562b5976c7f6d44b782498480fce54bad1e3142d9541438f6d7a42a876a3df87,0ecaf30ec3147260f584fff24f30e32a975cba82529f3d3c36d4c49ea0de712f
incumbent-R4-C-f66-v5,vle_obs_0228,vle_obs_0228-pco2,Jou1995,120.0,0.3489069781395628,46800.0,77219.70793511567,evaluated,f66d972c032ce709ada69e8d8177e195c7e416800757663b7420c22bda5f6328,562b5976c7f6d44b782498480fce54bad1e3142d9541438f6d7a42a876a3df87,0ecaf30ec3147260f584fff24f30e32a975cba82529f3d3c36d4c49ea0de712f
incumbent-R4-C-f66-v5,vle_obs_0229,vle_obs_0229-pco2,Jou1995,120.0,0.4114082281645633,122000.0,198016.6390098662,evaluated,f66d972c032ce709ada69e8d8177e195c7e416800757663b7420c22bda5f6328,562b5976c7f6d44b782498480fce54bad1e3142d9541438f6d7a42a876a3df87,0ecaf30ec3147260f584fff24f30e32a975cba82529f3d3c36d4c49ea0de712f
incumbent-R4-C-f66-v5,vle_obs_0230,vle_obs_0230-pco2,Jou1995,120.0,0.4439088781775636,222000.0,313306.9020962852,evaluated,f66d972c032ce709ada69e8d8177e195c7e416800757663b7420c22bda5f6328,562b5976c7f6d44b782498480fce54bad1e3142d9541438f6d7a42a876a3df87,0ecaf30ec3147260f584fff24f30e32a975cba82529f3d3c36d4c49ea0de712f
incumbent-R4-C-f66-v5,vle_obs_0231,vle_obs_0231-pco2,Jou1995,120.0,0.4729094581891638,422000.0,455408.0177953562,evaluated,f66d972c032ce709ada69e8d8177e195c7e416800757663b7420c22bda5f6328,562b5976c7f6d44b782498480fce54bad1e3142d9541438f6d7a42a876a3df87,0ecaf30ec3147260f584fff24f30e32a975cba82529f3d3c36d4c49ea0de712f
incumbent-R4-C-f66-v5,vle_obs_0232,vle_obs_0232-pco2,Jou1995,120.0,0.5359107182143643,822000.0,886580.9181195011,evaluated,f66d972c032ce709ada69e8d8177e195c7e416800757663b7420c22bda5f6328,562b5976c7f6d44b782498480fce54bad1e3142d9541438f6d7a42a876a3df87,0ecaf30ec3147260f584fff24f30e32a975cba82529f3d3c36d4c49ea0de712f
incumbent-R4-C-f66-v5,vle_obs_0233,vle_obs_0233-pco2,Jou1995,120.0,0.6389127782555651,2804000.0,1803941.5058194953,evaluated,f66d972c032ce709ada69e8d8177e195c7e416800757663b7420c22bda5f6328,562b5976c7f6d44b782498480fce54bad1e3142d9541438f6d7a42a876a3df87,0ecaf30ec3147260f584fff24f30e32a975cba82529f3d3c36d4c49ea0de712f
incumbent-R4-C-f66-v5,Bottinger2008_state_030,Bottinger2008_state_030::MEA + MEAH+,Bottinger2008,20.0,0.0749014980299606,0.1054,0.10401027058822361,evaluated,f66d972c032ce709ada69e8d8177e195c7e416800757663b7420c22bda5f6328,562b5976c7f6d44b782498480fce54bad1e3142d9541438f6d7a42a876a3df87,0ecaf30ec3147260f584fff24f30e32a975cba82529f3d3c36d4c49ea0de712f
incumbent-R4-C-f66-v5,Bottinger2008_state_030,Bottinger2008_state_030::MEACOO-,Bottinger2008,20.0,0.0749014980299606,0.0086,0.008208598104039322,evaluated,f66d972c032ce709ada69e8d8177e195c7e416800757663b7420c22bda5f6328,562b5976c7f6d44b782498480fce54bad1e3142d9541438f6d7a42a876a3df87,0ecaf30ec3147260f584fff24f30e32a975cba82529f3d3c36d4c49ea0de712f
incumbent-R4-C-f66-v5,Bottinger2008_state_031,Bottinger2008_state_031::MEA + MEAH+,Bottinger2008,20.0,0.1499029980599612,0.0966,0.0959362773780694,evaluated,f66d972c032ce709ada69e8d8177e195c7e416800757663b7420c22bda5f6328,562b5976c7f6d44b782498480fce54bad1e3142d9541438f6d7a42a876a3df87,0ecaf30ec3147260f584fff24f30e32a975cba82529f3d3c36d4c49ea0de712f
incumbent-R4-C-f66-v5,Bottinger2008_state_031,Bottinger2008_state_031::MEACOO-,Bottinger2008,20.0,0.1499029980599612,0.0171,0.016282590620249376,evaluated,f66d972c032ce709ada69e8d8177e195c7e416800757663b7420c22bda5f6328,562b5976c7f6d44b782498480fce54bad1e3142d9541438f6d7a42a876a3df87,0ecaf30ec3147260f584fff24f30e32a975cba82529f3d3c36d4c49ea0de712f
incumbent-R4-C-f66-v5,Bottinger2008_state_032,Bottinger2008_state_032::MEA + MEAH+,Bottinger2008,20.0,0.2349046980939619,0.0871,0.08710571586860505,evaluated,f66d972c032ce709ada69e8d8177e195c7e416800757663b7420c22bda5f6328,562b5976c7f6d44b782498480fce54bad1e3142d9541438f6d7a42a876a3df87,0ecaf30ec3147260f584fff24f30e32a975cba82529f3d3c36d4c49ea0de712f
incumbent-R4-C-f66-v5,Bottinger2008_state_032,Bottinger2008_state_032::MEACOO-,Bottinger2008,20.0,0.2349046980939619,0.0267,0.02511314987638097,evaluated,f66d972c032ce709ada69e8d8177e195c7e416800757663b7420c22bda5f6328,562b5976c7f6d44b782498480fce54bad1e3142d9541438f6d7a42a876a3df87,0ecaf30ec3147260f584fff24f30e32a975cba82529f3d3c36d4c49ea0de712f
incumbent-R4-C-f66-v5,Bottinger2008_state_033,Bottinger2008_state_033::MEA + MEAH+,Bottinger2008,20.0,0.30890617812356247,0.078,0.07991520659115056,evaluated,f66d972c032ce709ada69e8d8177e195c7e416800757663b7420c22bda5f6328,562b5976c7f6d44b782498480fce54bad1e3142d9541438f6d7a42a876a3df87,0ecaf30ec3147260f584fff24f30e32a975cba82529f3d3c36d4c49ea0de712f
incumbent-R4-C-f66-v5,Bottinger2008_state_033,Bottinger2008_state_033::MEACOO-,Bottinger2008,20.0,0.30890617812356247,0.0349,0.03230365339217408,evaluated,f66d972c032ce709ada69e8d8177e195c7e416800757663b7420c22bda5f6328,562b5976c7f6d44b782498480fce54bad1e3142d9541438f6d7a42a876a3df87,0ecaf30ec3147260f584fff24f30e32a975cba82529f3d3c36d4c49ea0de712f
incumbent-R4-C-f66-v5,Bottinger2008_state_034,Bottinger2008_state_034::MEA + MEAH+,Bottinger2008,20.0,0.38790775815516315,0.0678,0.07320545873677739,evaluated,f66d972c032ce709ada69e8d8177e195c7e416800757663b7420c22bda5f6328,562b5976c7f6d44b782498480fce54bad1e3142d9541438f6d7a42a876a3df87,0ecaf30ec3147260f584fff24f30e32a975cba82529f3d3c36d4c49ea0de712f
incumbent-R4-C-f66-v5,Bottinger2008_state_034,Bottinger2008_state_034::MEACOO-,Bottinger2008,20.0,0.38790775815516315,0.043,0.03901337855928672,evaluated,f66d972c032ce709ada69e8d8177e195c7e416800757663b7420c22bda5f6328,562b5976c7f6d44b782498480fce54bad1e3142d9541438f6d7a42a876a3df87,0ecaf30ec3147260f584fff24f30e32a975cba82529f3d3c36d4c49ea0de712f
incumbent-R4-C-f66-v5,Bottinger2008_state_035,Bottinger2008_state_035::MEA + MEAH+,Bottinger2008,20.0,0.4739094781895638,0.062,0.06858092490344404,evaluated,f66d972c032ce709ada69e8d8177e195c7e416800757663b7420c22bda5f6328,562b5976c7f6d44b782498480fce54bad1e3142d9541438f6d7a42a876a3df87,0ecaf30ec3147260f584fff24f30e32a975cba82529f3d3c36d4c49ea0de712f
incumbent-R4-C-f66-v5,Bottinger2008_state_035,Bottinger2008_state_035::MEACOO-,Bottinger2008,20.0,0.4739094781895638,0.0493,0.04363770718776171,evaluated,f66d972c032ce709ada69e8d8177e195c7e416800757663b7420c22bda5f6328,562b5976c7f6d44b782498480fce54bad1e3142d9541438f6d7a42a876a3df87,0ecaf30ec3147260f584fff24f30e32a975cba82529f3d3c36d4c49ea0de712f
incumbent-R4-C-f66-v5,Bottinger2008_state_042,Bottinger2008_state_042::MEA + MEAH+,Bottinger2008,40.0,0.124902498049961,0.1009,0.0985645562494477,evaluated,f66d972c032ce709ada69e8d8177e195c7e416800757663b7420c22bda5f6328,562b5976c7f6d44b782498480fce54bad1e3142d9541438f6d7a42a876a3df87,0ecaf30ec3147260f584fff24f30e32a975cba82529f3d3c36d4c49ea0de712f
incumbent-R4-C-f66-v5,Bottinger2008_state_042,Bottinger2008_state_042::MEACOO-,Bottinger2008,40.0,0.124902498049961,0.0144,0.013654309636780446,evaluated,f66d972c032ce709ada69e8d8177e195c7e416800757663b7420c22bda5f6328,562b5976c7f6d44b782498480fce54bad1e3142d9541438f6d7a42a876a3df87,0ecaf30ec3147260f584fff24f30e32a975cba82529f3d3c36d4c49ea0de712f
incumbent-R4-C-f66-v5,Bottinger2008_state_043,Bottinger2008_state_043::MEA + MEAH+,Bottinger2008,40.0,0.20490409808196164,0.0934,0.0900516303446543,evaluated,f66d972c032ce709ada69e8d8177e195c7e416800757663b7420c22bda5f6328,562b5976c7f6d44b782498480fce54bad1e3142d9541438f6d7a42a876a3df87,0ecaf30ec3147260f584fff24f30e32a975cba82529f3d3c36d4c49ea0de712f
incumbent-R4-C-f66-v5,Bottinger2008_state_043,Bottinger2008_state_043::MEACOO-,Bottinger2008,40.0,0.20490409808196164,0.0241,0.022167227335117508,evaluated,f66d972c032ce709ada69e8d8177e195c7e416800757663b7420c22bda5f6328,562b5976c7f6d44b782498480fce54bad1e3142d9541438f6d7a42a876a3df87,0ecaf30ec3147260f584fff24f30e32a975cba82529f3d3c36d4c49ea0de712f
incumbent-R4-C-f66-v5,Bottinger2008_state_044,Bottinger2008_state_044::MEA + MEAH+,Bottinger2008,40.0,0.2359047180943619,0.0876,0.08683694369553785,evaluated,f66d972c032ce709ada69e8d8177e195c7e416800757663b7420c22bda5f6328,562b5976c7f6d44b782498480fce54bad1e3142d9541438f6d7a42a876a3df87,0ecaf30ec3147260f584fff24f30e32a975cba82529f3d3c36d4c49ea0de712f
incumbent-R4-C-f66-v5,Bottinger2008_state_044,Bottinger2008_state_044::MEACOO-,Bottinger2008,40.0,0.2359047180943619,0.0271,0.025381907440789813,evaluated,f66d972c032ce709ada69e8d8177e195c7e416800757663b7420c22bda5f6328,562b5976c7f6d44b782498480fce54bad1e3142d9541438f6d7a42a876a3df87,0ecaf30ec3147260f584fff24f30e32a975cba82529f3d3c36d4c49ea0de712f
incumbent-R4-C-f66-v5,Bottinger2008_state_045,Bottinger2008_state_045::MEA + MEAH+,Bottinger2008,40.0,0.2799055981119623,0.084,0.08239568873439951,evaluated,f66d972c032ce709ada69e8d8177e195c7e416800757663b7420c22bda5f6328,562b5976c7f6d44b782498480fce54bad1e3142d9541438f6d7a42a876a3df87,0ecaf30ec3147260f584fff24f30e32a975cba82529f3d3c36d4c49ea0de712f
incumbent-R4-C-f66-v5,Bottinger2008_state_045,Bottinger2008_state_045::MEACOO-,Bottinger2008,40.0,0.2799055981119623,0.0327,0.029823146249750732,evaluated,f66d972c032ce709ada69e8d8177e195c7e416800757663b7420c22bda5f6328,562b5976c7f6d44b782498480fce54bad1e3142d9541438f6d7a42a876a3df87,0ecaf30ec3147260f584fff24f30e32a975cba82529f3d3c36d4c49ea0de712f
incumbent-R4-C-f66-v5,Bottinger2008_state_046,Bottinger2008_state_046::MEA + MEAH+,Bottinger2008,40.0,0.34290685813716276,0.0758,0.07641839334456355,evaluated,f66d972c032ce709ada69e8d8177e195c7e416800757663b7420c22bda5f6328,562b5976c7f6d44b782498480fce54bad1e3142d9541438f6d7a42a876a3df87,0ecaf30ec3147260f584fff24f30e32a975cba82529f3d3c36d4c49ea0de712f
incumbent-R4-C-f66-v5,Bottinger2008_state_046,Bottinger2008_state_046::MEACOO-,Bottinger2008,40.0,0.34290685813716276,0.0396,0.03580038569048096,evaluated,f66d972c032ce709ada69e8d8177e195c7e416800757663b7420c22bda5f6328,562b5976c7f6d44b782498480fce54bad1e3142d9541438f6d7a42a876a3df87,0ecaf30ec3147260f584fff24f30e32a975cba82529f3d3c36d4c49ea0de712f
incumbent-R4-C-f66-v5,Bottinger2008_state_047,Bottinger2008_state_047::MEA + MEAH+,Bottinger2008,40.0,0.3539070781415628,0.0749,0.07544264820261387,evaluated,f66d972c032ce709ada69e8d8177e195c7e416800757663b7420c22bda5f6328,562b5976c7f6d44b782498480fce54bad1e3142d9541438f6d7a42a876a3df87,0ecaf30ec3147260f584fff24f30e32a975cba82529f3d3c36d4c49ea0de712f
incumbent-R4-C-f66-v5,Bottinger2008_state_047,Bottinger2008_state_047::MEACOO-,Bottinger2008,40.0,0.3539070781415628,0.041,0.03677611282581827,evaluated,f66d972c032ce709ada69e8d8177e195c7e416800757663b7420c22bda5f6328,562b5976c7f6d44b782498480fce54bad1e3142d9541438f6d7a42a876a3df87,0ecaf30ec3147260f584fff24f30e32a975cba82529f3d3c36d4c49ea0de712f
incumbent-R4-C-f66-v5,Bottinger2008_state_048,Bottinger2008_state_048::MEA + MEAH+,Bottinger2008,40.0,0.4599091981839637,0.065,0.06830728144548333,evaluated,f66d972c032ce709ada69e8d8177e195c7e416800757663b7420c22bda5f6328,562b5976c7f6d44b782498480fce54bad1e3142d9541438f6d7a42a876a3df87,0ecaf30ec3147260f584fff24f30e32a975cba82529f3d3c36d4c49ea0de712f
incumbent-R4-C-f66-v5,Bottinger2008_state_048,Bottinger2008_state_048::MEACOO-,Bottinger2008,40.0,0.4599091981839637,0.0492,0.043910661433706435,evaluated,f66d972c032ce709ada69e8d8177e195c7e416800757663b7420c22bda5f6328,562b5976c7f6d44b782498480fce54bad1e3142d9541438f6d7a42a876a3df87,0ecaf30ec3147260f584fff24f30e32a975cba82529f3d3c36d4c49ea0de712f
incumbent-R4-C-f66-v5,Bottinger2008_state_049,Bottinger2008_state_049::MEA + MEAH+,Bottinger2008,40.0,0.4659093181863638,0.0663,0.06811567375001772,evaluated,f66d972c032ce709ada69e8d8177e195c7e416800757663b7420c22bda5f6328,562b5976c7f6d44b782498480fce54bad1e3142d9541438f6d7a42a876a3df87,0ecaf30ec3147260f584fff24f30e32a975cba82529f3d3c36d4c49ea0de712f
incumbent-R4-C-f66-v5,Bottinger2008_state_049,Bottinger2008_state_049::MEACOO-,Bottinger2008,40.0,0.4659093181863638,0.0502,0.044102121053424995,evaluated,f66d972c032ce709ada69e8d8177e195c7e416800757663b7420c22bda5f6328,562b5976c7f6d44b782498480fce54bad1e3142d9541438f6d7a42a876a3df87,0ecaf30ec3147260f584fff24f30e32a975cba82529f3d3c36d4c49ea0de712f
incumbent-R4-C-f66-v5,Bottinger2008_state_049,Bottinger2008_state_049::HCO3-,Bottinger2008,40.0,0.4659093181863638,0.004,0.008181799994849253,evaluated,f66d972c032ce709ada69e8d8177e195c7e416800757663b7420c22bda5f6328,562b5976c7f6d44b782498480fce54bad1e3142d9541438f6d7a42a876a3df87,0ecaf30ec3147260f584fff24f30e32a975cba82529f3d3c36d4c49ea0de712f
incumbent-R4-C-f66-v5,Bottinger2008_state_050,Bottinger2008_state_050::MEA + MEAH+,Bottinger2008,40.0,0.4869097381947639,0.0646,0.06773454525257727,evaluated,f66d972c032ce709ada69e8d8177e195c7e416800757663b7420c22bda5f6328,562b5976c7f6d44b782498480fce54bad1e3142d9541438f6d7a42a876a3df87,0ecaf30ec3147260f584fff24f30e32a975cba82529f3d3c36d4c49ea0de712f
incumbent-R4-C-f66-v5,Bottinger2008_state_050,Bottinger2008_state_050::MEACOO-,Bottinger2008,40.0,0.4869097381947639,0.0511,0.04448248884710291,evaluated,f66d972c032ce709ada69e8d8177e195c7e416800757663b7420c22bda5f6328,562b5976c7f6d44b782498480fce54bad1e3142d9541438f6d7a42a876a3df87,0ecaf30ec3147260f584fff24f30e32a975cba82529f3d3c36d4c49ea0de712f
incumbent-R4-C-f66-v5,Bottinger2008_state_050,Bottinger2008_state_050::HCO3-,Bottinger2008,40.0,0.4869097381947639,0.0052,0.010150856678530312,evaluated,f66d972c032ce709ada69e8d8177e195c7e416800757663b7420c22bda5f6328,562b5976c7f6d44b782498480fce54bad1e3142d9541438f6d7a42a876a3df87,0ecaf30ec3147260f584fff24f30e32a975cba82529f3d3c36d4c49ea0de712f
incumbent-R4-C-f66-v5,Bottinger2008_state_055,Bottinger2008_state_055::MEA + MEAH+,Bottinger2008,60.0,0.13090261805236106,0.0974,0.09792208466311902,evaluated,f66d972c032ce709ada69e8d8177e195c7e416800757663b7420c22bda5f6328,562b5976c7f6d44b782498480fce54bad1e3142d9541438f6d7a42a876a3df87,0ecaf30ec3147260f584fff24f30e32a975cba82529f3d3c36d4c49ea0de712f
incumbent-R4-C-f66-v5,Bottinger2008_state_055,Bottinger2008_state_055::MEACOO-,Bottinger2008,60.0,0.13090261805236106,0.0147,0.014296767964033478,evaluated,f66d972c032ce709ada69e8d8177e195c7e416800757663b7420c22bda5f6328,562b5976c7f6d44b782498480fce54bad1e3142d9541438f6d7a42a876a3df87,0ecaf30ec3147260f584fff24f30e32a975cba82529f3d3c36d4c49ea0de712f
incumbent-R4-C-f66-v5,Bottinger2008_state_056,Bottinger2008_state_056::MEA + MEAH+,Bottinger2008,60.0,0.20290405808116166,0.0905,0.09026326217829089,evaluated,f66d972c032ce709ada69e8d8177e195c7e416800757663b7420c22bda5f6328,562b5976c7f6d44b782498480fce54bad1e3142d9541438f6d7a42a876a3df87,0ecaf30ec3147260f584fff24f30e32a975cba82529f3d3c36d4c49ea0de712f
incumbent-R4-C-f66-v5,Bottinger2008_state_056,Bottinger2008_state_056::MEACOO-,Bottinger2008,60.0,0.20290405808116166,0.0231,0.021955552423419067,evaluated,f66d972c032ce709ada69e8d8177e195c7e416800757663b7420c22bda5f6328,562b5976c7f6d44b782498480fce54bad1e3142d9541438f6d7a42a876a3df87,0ecaf30ec3147260f584fff24f30e32a975cba82529f3d3c36d4c49ea0de712f
incumbent-R4-C-f66-v5,Bottinger2008_state_057,Bottinger2008_state_057::MEA + MEAH+,Bottinger2008,60.0,0.27690553811076224,0.0791,0.08269251586906393,evaluated,f66d972c032ce709ada69e8d8177e195c7e416800757663b7420c22bda5f6328,562b5976c7f6d44b782498480fce54bad1e3142d9541438f6d7a42a876a3df87,0ecaf30ec3147260f584fff24f30e32a975cba82529f3d3c36d4c49ea0de712f
incumbent-R4-C-f66-v5,Bottinger2008_state_057,Bottinger2008_state_057::MEACOO-,Bottinger2008,60.0,0.27690553811076224,0.0302,0.029526185717933397,evaluated,f66d972c032ce709ada69e8d8177e195c7e416800757663b7420c22bda5f6328,562b5976c7f6d44b782498480fce54bad1e3142d9541438f6d7a42a876a3df87,0ecaf30ec3147260f584fff24f30e32a975cba82529f3d3c36d4c49ea0de712f
incumbent-R4-C-f66-v5,Bottinger2008_state_058,Bottinger2008_state_058::MEA + MEAH+,Bottinger2008,60.0,0.4149082981659633,0.0687,0.07081412865893452,evaluated,f66d972c032ce709ada69e8d8177e195c7e416800757663b7420c22bda5f6328,562b5976c7f6d44b782498480fce54bad1e3142d9541438f6d7a42a876a3df87,0ecaf30ec3147260f584fff24f30e32a975cba82529f3d3c36d4c49ea0de712f
incumbent-R4-C-f66-v5,Bottinger2008_state_058,Bottinger2008_state_058::MEACOO-,Bottinger2008,60.0,0.4149082981659633,0.0417,0.04140298228441763,evaluated,f66d972c032ce709ada69e8d8177e195c7e416800757663b7420c22bda5f6328,562b5976c7f6d44b782498480fce54bad1e3142d9541438f6d7a42a876a3df87,0ecaf30ec3147260f584fff24f30e32a975cba82529f3d3c36d4c49ea0de712f
incumbent-R4-C-f66-v5,Bottinger2008_state_058,Bottinger2008_state_058::HCO3-,Bottinger2008,60.0,0.4149082981659633,0.0042,0.005151453442137072,evaluated,f66d972c032ce709ada69e8d8177e195c7e416800757663b7420c22bda5f6328,562b5976c7f6d44b782498480fce54bad1e3142d9541438f6d7a42a876a3df87,0ecaf30ec3147260f584fff24f30e32a975cba82529f3d3c36d4c49ea0de712f
incumbent-R4-C-f66-v5,Bottinger2008_state_059,Bottinger2008_state_059::MEA + MEAH+,Bottinger2008,60.0,0.4889097781955639,0.068,0.06811357584090118,evaluated,f66d972c032ce709ada69e8d8177e195c7e416800757663b7420c22bda5f6328,562b5976c7f6d44b782498480fce54bad1e3142d9541438f6d7a42a876a3df87,0ecaf30ec3147260f584fff24f30e32a975cba82529f3d3c36d4c49ea0de712f
incumbent-R4-C-f66-v5,Bottinger2008_state_059,Bottinger2008_state_059::MEACOO-,Bottinger2008,60.0,0.4889097781955639,0.0424,0.04409662954755011,evaluated,f66d972c032ce709ada69e8d8177e195c7e416800757663b7420c22bda5f6328,562b5976c7f6d44b782498480fce54bad1e3142d9541438f6d7a42a876a3df87,0ecaf30ec3147260f584fff24f30e32a975cba82529f3d3c36d4c49ea0de712f
incumbent-R4-C-f66-v5,Bottinger2008_state_059,Bottinger2008_state_059::HCO3-,Bottinger2008,60.0,0.4889097781955639,0.0072,0.010696959086108564,evaluated,f66d972c032ce709ada69e8d8177e195c7e416800757663b7420c22bda5f6328,562b5976c7f6d44b782498480fce54bad1e3142d9541438f6d7a42a876a3df87,0ecaf30ec3147260f584fff24f30e32a975cba82529f3d3c36d4c49ea0de712f
incumbent-R4-C-f66-v5,Bottinger2008_state_063,Bottinger2008_state_063::MEA + MEAH+,Bottinger2008,80.0,0.06390127802556052,0.1084,0.10520941387352366,evaluated,f66d972c032ce709ada69e8d8177e195c7e416800757663b7420c22bda5f6328,562b5976c7f6d44b782498480fce54bad1e3142d9541438f6d7a42a876a3df87,0ecaf30ec3147260f584fff24f30e32a975cba82529f3d3c36d4c49ea0de712f
incumbent-R4-C-f66-v5,Bottinger2008_state_063,Bottinger2008_state_063::MEACOO-,Bottinger2008,80.0,0.06390127802556052,0.0068,0.007009439785168945,evaluated,f66d972c032ce709ada69e8d8177e195c7e416800757663b7420c22bda5f6328,562b5976c7f6d44b782498480fce54bad1e3142d9541438f6d7a42a876a3df87,0ecaf30ec3147260f584fff24f30e32a975cba82529f3d3c36d4c49ea0de712f
incumbent-R4-C-f66-v5,Bottinger2008_state_064,Bottinger2008_state_064::MEA + MEAH+,Bottinger2008,80.0,0.14090281805636112,0.1005,0.0968907062127003,evaluated,f66d972c032ce709ada69e8d8177e195c7e416800757663b7420c22bda5f6328,562b5976c7f6d44b782498480fce54bad1e3142d9541438f6d7a42a876a3df87,0ecaf30ec3147260f584fff24f30e32a975cba82529f3d3c36d4c49ea0de712f
incumbent-R4-C-f66-v5,Bottinger2008_state_064,Bottinger2008_state_064::MEACOO-,Bottinger2008,80.0,0.14090281805636112,0.014,0.015328073852200457,evaluated,f66d972c032ce709ada69e8d8177e195c7e416800757663b7420c22bda5f6328,562b5976c7f6d44b782498480fce54bad1e3142d9541438f6d7a42a876a3df87,0ecaf30ec3147260f584fff24f30e32a975cba82529f3d3c36d4c49ea0de712f
incumbent-R4-C-f66-v5,Bottinger2008_state_065,Bottinger2008_state_065::MEA + MEAH+,Bottinger2008,80.0,0.24490489809796198,0.0906,0.08603510477575711,evaluated,f66d972c032ce709ada69e8d8177e195c7e416800757663b7420c22bda5f6328,562b5976c7f6d44b782498480fce54bad1e3142d9541438f6d7a42a876a3df87,0ecaf30ec3147260f584fff24f30e32a975cba82529f3d3c36d4c49ea0de712f
incumbent-R4-C-f66-v5,Bottinger2008_state_065,Bottinger2008_state_065::MEACOO-,Bottinger2008,80.0,0.24490489809796198,0.0224,0.026183281669800784,evaluated,f66d972c032ce709ada69e8d8177e195c7e416800757663b7420c22bda5f6328,562b5976c7f6d44b782498480fce54bad1e3142d9541438f6d7a42a876a3df87,0ecaf30ec3147260f584fff24f30e32a975cba82529f3d3c36d4c49ea0de712f
incumbent-R4-C-f66-v5,Bottinger2008_state_066,Bottinger2008_state_066::MEA + MEAH+,Bottinger2008,80.0,0.33590671813436274,0.0858,0.07734880269833963,evaluated,f66d972c032ce709ada69e8d8177e195c7e416800757663b7420c22bda5f6328,562b5976c7f6d44b782498480fce54bad1e3142d9541438f6d7a42a876a3df87,0ecaf30ec3147260f584fff24f30e32a975cba82529f3d3c36d4c49ea0de712f
incumbent-R4-C-f66-v5,Bottinger2008_state_066,Bottinger2008_state_066::MEACOO-,Bottinger2008,80.0,0.33590671813436274,0.0337,0.03486804978608406,evaluated,f66d972c032ce709ada69e8d8177e195c7e416800757663b7420c22bda5f6328,562b5976c7f6d44b782498480fce54bad1e3142d9541438f6d7a42a876a3df87,0ecaf30ec3147260f584fff24f30e32a975cba82529f3d3c36d4c49ea0de712f
incumbent-R4-C-f66-v5,Bottinger2008_state_067,Bottinger2008_state_067::MEA + MEAH+,Bottinger2008,80.0,0.39790795815916324,0.0872,0.07247510680998523,evaluated,f66d972c032ce709ada69e8d8177e195c7e416800757663b7420c22bda5f6328,562b5976c7f6d44b782498480fce54bad1e3142d9541438f6d7a42a876a3df87,0ecaf30ec3147260f584fff24f30e32a975cba82529f3d3c36d4c49ea0de712f
incumbent-R4-C-f66-v5,Bottinger2008_state_067,Bottinger2008_state_067::MEACOO-,Bottinger2008,80.0,0.39790795815916324,0.0336,0.03973784713062142,evaluated,f66d972c032ce709ada69e8d8177e195c7e416800757663b7420c22bda5f6328,562b5976c7f6d44b782498480fce54bad1e3142d9541438f6d7a42a876a3df87,0ecaf30ec3147260f584fff24f30e32a975cba82529f3d3c36d4c49ea0de712f
incumbent-R4-C-f66-v5,Bottinger2008_state_067,Bottinger2008_state_067::HCO3-,Bottinger2008,80.0,0.39790795815916324,0.0046,0.00487019951722655,evaluated,f66d972c032ce709ada69e8d8177e195c7e416800757663b7420c22bda5f6328,562b5976c7f6d44b782498480fce54bad1e3142d9541438f6d7a42a876a3df87,0ecaf30ec3147260f584fff24f30e32a975cba82529f3d3c36d4c49ea0de712f
incumbent-R4-C-f66-v5,Matin2012_state_001,Matin2012_state_001::MEA,Matin2012,20.0,0.10590211804236084,0.0915,0.08856565736902595,evaluated,f66d972c032ce709ada69e8d8177e195c7e416800757663b7420c22bda5f6328,562b5976c7f6d44b782498480fce54bad1e3142d9541438f6d7a42a876a3df87,0ecaf30ec3147260f584fff24f30e32a975cba82529f3d3c36d4c49ea0de712f
incumbent-R4-C-f66-v5,Matin2012_state_001,Matin2012_state_001::MEAH+,Matin2012,20.0,0.10590211804236084,0.0115,0.012084534680066686,evaluated,f66d972c032ce709ada69e8d8177e195c7e416800757663b7420c22bda5f6328,562b5976c7f6d44b782498480fce54bad1e3142d9541438f6d7a42a876a3df87,0ecaf30ec3147260f584fff24f30e32a975cba82529f3d3c36d4c49ea0de712f
incumbent-R4-C-f66-v5,Matin2012_state_001,Matin2012_state_001::MEACOO-,Matin2012,20.0,0.10590211804236084,0.0097,0.011568676438426366,evaluated,f66d972c032ce709ada69e8d8177e195c7e416800757663b7420c22bda5f6328,562b5976c7f6d44b782498480fce54bad1e3142d9541438f6d7a42a876a3df87,0ecaf30ec3147260f584fff24f30e32a975cba82529f3d3c36d4c49ea0de712f
incumbent-R4-C-f66-v5,Matin2012_state_001,Matin2012_state_001::HCO3-,Matin2012,20.0,0.10590211804236084,0.0024,0.00032652005904052286,evaluated,f66d972c032ce709ada69e8d8177e195c7e416800757663b7420c22bda5f6328,562b5976c7f6d44b782498480fce54bad1e3142d9541438f6d7a42a876a3df87,0ecaf30ec3147260f584fff24f30e32a975cba82529f3d3c36d4c49ea0de712f
incumbent-R4-C-f66-v5,Matin2012_state_002,Matin2012_state_002::MEA,Matin2012,20.0,0.12790255805116105,0.0867,0.08366950751655275,evaluated,f66d972c032ce709ada69e8d8177e195c7e416800757663b7420c22bda5f6328,562b5976c7f6d44b782498480fce54bad1e3142d9541438f6d7a42a876a3df87,0ecaf30ec3147260f584fff24f30e32a975cba82529f3d3c36d4c49ea0de712f
incumbent-R4-C-f66-v5,Matin2012_state_002,Matin2012_state_002::MEAH+,Matin2012,20.0,0.12790255805116105,0.0139,0.014614540116833096,evaluated,f66d972c032ce709ada69e8d8177e195c7e416800757663b7420c22bda5f6328,562b5976c7f6d44b782498480fce54bad1e3142d9541438f6d7a42a876a3df87,0ecaf30ec3147260f584fff24f30e32a975cba82529f3d3c36d4c49ea0de712f
incumbent-R4-C-f66-v5,Matin2012_state_002,Matin2012_state_002::MEACOO-,Matin2012,20.0,0.12790255805116105,0.0124,0.01393482064469279,evaluated,f66d972c032ce709ada69e8d8177e195c7e416800757663b7420c22bda5f6328,562b5976c7f6d44b782498480fce54bad1e3142d9541438f6d7a42a876a3df87,0ecaf30ec3147260f584fff24f30e32a975cba82529f3d3c36d4c49ea0de712f
incumbent-R4-C-f66-v5,Matin2012_state_002,Matin2012_state_002::HCO3-,Matin2012,20.0,0.12790255805116105,0.0022,0.00042918906633484654,evaluated,f66d972c032ce709ada69e8d8177e195c7e416800757663b7420c22bda5f6328,562b5976c7f6d44b782498480fce54bad1e3142d9541438f6d7a42a876a3df87,0ecaf30ec3147260f584fff24f30e32a975cba82529f3d3c36d4c49ea0de712f
incumbent-R4-C-f66-v5,Matin2012_state_003,Matin2012_state_003::MEA,Matin2012,20.0,0.1499029980599612,0.0817,0.07877915956978655,evaluated,f66d972c032ce709ada69e8d8177e195c7e416800757663b7420c22bda5f6328,562b5976c7f6d44b782498480fce54bad1e3142d9541438f6d7a42a876a3df87,0ecaf30ec3147260f584fff24f30e32a975cba82529f3d3c36d4c49ea0de712f
incumbent-R4-C-f66-v5,Matin2012_state_003,Matin2012_state_003::MEAH+,Matin2012,20.0,0.1499029980599612,0.0162,0.017157117808282836,evaluated,f66d972c032ce709ada69e8d8177e195c7e416800757663b7420c22bda5f6328,562b5976c7f6d44b782498480fce54bad1e3142d9541438f6d7a42a876a3df87,0ecaf30ec3147260f584fff24f30e32a975cba82529f3d3c36d4c49ea0de712f
incumbent-R4-C-f66-v5,Matin2012_state_003,Matin2012_state_003::MEACOO-,Matin2012,20.0,0.1499029980599612,0.0151,0.016282590620249362,evaluated,f66d972c032ce709ada69e8d8177e195c7e416800757663b7420c22bda5f6328,562b5976c7f6d44b782498480fce54bad1e3142d9541438f6d7a42a876a3df87,0ecaf30ec3147260f584fff24f30e32a975cba82529f3d3c36d4c49ea0de712f
incumbent-R4-C-f66-v5,Matin2012_state_003,Matin2012_state_003::HCO3-,Matin2012,20.0,0.1499029980599612,0.002,0.0005502316579479562,evaluated,f66d972c032ce709ada69e8d8177e195c7e416800757663b7420c22bda5f6328,562b5976c7f6d44b782498480fce54bad1e3142d9541438f6d7a42a876a3df87,0ecaf30ec3147260f584fff24f30e32a975cba82529f3d3c36d4c49ea0de712f
incumbent-R4-C-f66-v5,Matin2012_state_004,Matin2012_state_004::MEA,Matin2012,20.0,0.17290345806916138,0.0768,0.07367385511554456,evaluated,f66d972c032ce709ada69e8d8177e195c7e416800757663b7420c22bda5f6328,562b5976c7f6d44b782498480fce54bad1e3142d9541438f6d7a42a876a3df87,0ecaf30ec3147260f584fff24f30e32a975cba82529f3d3c36d4c49ea0de712f
incumbent-R4-C-f66-v5,Matin2012_state_004,Matin2012_state_004::MEAH+,Matin2012,20.0,0.17290345806916138,0.0186,0.01983109941318417,evaluated,f66d972c032ce709ada69e8d8177e195c7e416800757663b7420c22bda5f6328,562b5976c7f6d44b782498480fce54bad1e3142d9541438f6d7a42a876a3df87,0ecaf30ec3147260f584fff24f30e32a975cba82529f3d3c36d4c49ea0de712f
incumbent-R4-C-f66-v5,Matin2012_state_004,Matin2012_state_004::MEACOO-,Matin2012,20.0,0.17290345806916138,0.0177,0.018713913078911577,evaluated,f66d972c032ce709ada69e8d8177e195c7e416800757663b7420c22bda5f6328,562b5976c7f6d44b782498480fce54bad1e3142d9541438f6d7a42a876a3df87,0ecaf30ec3147260f584fff24f30e32a975cba82529f3d3c36d4c49ea0de712f
incumbent-R4-C-f66-v5,Matin2012_state_004,Matin2012_state_004::HCO3-,Matin2012,20.0,0.17290345806916138,0.002,0.0006999396142626979,evaluated,f66d972c032ce709ada69e8d8177e195c7e416800757663b7420c22bda5f6328,562b5976c7f6d44b782498480fce54bad1e3142d9541438f6d7a42a876a3df87,0ecaf30ec3147260f584fff24f30e32a975cba82529f3d3c36d4c49ea0de712f
incumbent-R4-C-f66-v5,Matin2012_state_005,Matin2012_state_005::MEA,Matin2012,20.0,0.19490389807796157,0.0718,0.06879886863606953,evaluated,f66d972c032ce709ada69e8d8177e195c7e416800757663b7420c22bda5f6328,562b5976c7f6d44b782498480fce54bad1e3142d9541438f6d7a42a876a3df87,0ecaf30ec3147260f584fff24f30e32a975cba82529f3d3c36d4c49ea0de712f
incumbent-R4-C-f66-v5,Matin2012_state_005,Matin2012_state_005::MEAH+,Matin2012,20.0,0.19490389807796157,0.021,0.02240661420497821,evaluated,f66d972c032ce709ada69e8d8177e195c7e416800757663b7420c22bda5f6328,562b5976c7f6d44b782498480fce54bad1e3142d9541438f6d7a42a876a3df87,0ecaf30ec3147260f584fff24f30e32a975cba82529f3d3c36d4c49ea0de712f
incumbent-R4-C-f66-v5,Matin2012_state_005,Matin2012_state_005::MEACOO-,Matin2012,20.0,0.19490389807796157,0.0203,0.021013384268513312,evaluated,f66d972c032ce709ada69e8d8177e195c7e416800757663b7420c22bda5f6328,562b5976c7f6d44b782498480fce54bad1e3142d9541438f6d7a42a876a3df87,0ecaf30ec3147260f584fff24f30e32a975cba82529f3d3c36d4c49ea0de712f
incumbent-R4-C-f66-v5,Matin2012_state_005,Matin2012_state_005::HCO3-,Matin2012,20.0,0.19490389807796157,0.002,0.0008692789764404228,evaluated,f66d972c032ce709ada69e8d8177e195c7e416800757663b7420c22bda5f6328,562b5976c7f6d44b782498480fce54bad1e3142d9541438f6d7a42a876a3df87,0ecaf30ec3147260f584fff24f30e32a975cba82529f3d3c36d4c49ea0de712f
incumbent-R4-C-f66-v5,Matin2012_state_006,Matin2012_state_006::MEA,Matin2012,20.0,0.21790435808716177,0.0668,0.06371281052184237,evaluated,f66d972c032ce709ada69e8d8177e195c7e416800757663b7420c22bda5f6328,562b5976c7f6d44b782498480fce54bad1e3142d9541438f6d7a42a876a3df87,0ecaf30ec3147260f584fff24f30e32a975cba82529f3d3c36d4c49ea0de712f
incumbent-R4-C-f66-v5,Matin2012_state_006,Matin2012_state_006::MEAH+,Matin2012,20.0,0.21790435808716177,0.0234,0.02512103751715167,evaluated,f66d972c032ce709ada69e8d8177e195c7e416800757663b7420c22bda5f6328,562b5976c7f6d44b782498480fce54bad1e3142d9541438f6d7a42a876a3df87,0ecaf30ec3147260f584fff24f30e32a975cba82529f3d3c36d4c49ea0de712f
incumbent-R4-C-f66-v5,Matin2012_state_006,Matin2012_state_006::MEACOO-,Matin2012,20.0,0.21790435808716177,0.0228,0.02338501837426706,evaluated,f66d972c032ce709ada69e8d8177e195c7e416800757663b7420c22bda5f6328,562b5976c7f6d44b782498480fce54bad1e3142d9541438f6d7a42a876a3df87,0ecaf30ec3147260f584fff24f30e32a975cba82529f3d3c36d4c49ea0de712f
incumbent-R4-C-f66-v5,Matin2012_state_006,Matin2012_state_006::HCO3-,Matin2012,20.0,0.21790435808716177,0.0021,0.001078672457574956,evaluated,f66d972c032ce709ada69e8d8177e195c7e416800757663b7420c22bda5f6328,562b5976c7f6d44b782498480fce54bad1e3142d9541438f6d7a42a876a3df87,0ecaf30ec3147260f584fff24f30e32a975cba82529f3d3c36d4c49ea0de712f
incumbent-R4-C-f66-v5,Matin2012_state_007,Matin2012_state_007::MEA,Matin2012,20.0,0.24090481809636194,0.0618,0.05863987210061465,evaluated,f66d972c032ce709ada69e8d8177e195c7e416800757663b7420c22bda5f6328,562b5976c7f6d44b782498480fce54bad1e3142d9541438f6d7a42a876a3df87,0ecaf30ec3147260f584fff24f30e32a975cba82529f3d3c36d4c49ea0de712f
incumbent-R4-C-f66-v5,Matin2012_state_007,Matin2012_state_007::MEAH+,Matin2012,20.0,0.24090481809636194,0.0257,0.027861562923512197,evaluated,f66d972c032ce709ada69e8d8177e195c7e416800757663b7420c22bda5f6328,562b5976c7f6d44b782498480fce54bad1e3142d9541438f6d7a42a876a3df87,0ecaf30ec3147260f584fff24f30e32a975cba82529f3d3c36d4c49ea0de712f
incumbent-R4-C-f66-v5,Matin2012_state_007,Matin2012_state_007::MEACOO-,Matin2012,20.0,0.24090481809636194,0.0252,0.025717430446205426,evaluated,f66d972c032ce709ada69e8d8177e195c7e416800757663b7420c22bda5f6328,562b5976c7f6d44b782498480fce54bad1e3142d9541438f6d7a42a876a3df87,0ecaf30ec3147260f584fff24f30e32a975cba82529f3d3c36d4c49ea0de712f
incumbent-R4-C-f66-v5,Matin2012_state_007,Matin2012_state_007::HCO3-,Matin2012,20.0,0.24090481809636194,0.0023,0.0013272856833088393,evaluated,f66d972c032ce709ada69e8d8177e195c7e416800757663b7420c22bda5f6328,562b5976c7f6d44b782498480fce54bad1e3142d9541438f6d7a42a876a3df87,0ecaf30ec3147260f584fff24f30e32a975cba82529f3d3c36d4c49ea0de712f
incumbent-R4-C-f66-v5,Matin2012_state_008,Matin2012_state_008::MEA,Matin2012,20.0,0.26390527810556214,0.0568,0.05358322928553782,evaluated,f66d972c032ce709ada69e8d8177e195c7e416800757663b7420c22bda5f6328,562b5976c7f6d44b782498480fce54bad1e3142d9541438f6d7a42a876a3df87,0ecaf30ec3147260f584fff24f30e32a975cba82529f3d3c36d4c49ea0de712f
incumbent-R4-C-f66-v5,Matin2012_state_008,Matin2012_state_008::MEAH+,Matin2012,20.0,0.26390527810556214,0.0281,0.03063249966771915,evaluated,f66d972c032ce709ada69e8d8177e195c7e416800757663b7420c22bda5f6328,562b5976c7f6d44b782498480fce54bad1e3142d9541438f6d7a42a876a3df87,0ecaf30ec3147260f584fff24f30e32a975cba82529f3d3c36d4c49ea0de712f
incumbent-R4-C-f66-v5,Matin2012_state_008,Matin2012_state_008::MEACOO-,Matin2012,20.0,0.26390527810556214,0.0276,0.028003135226822424,evaluated,f66d972c032ce709ada69e8d8177e195c7e416800757663b7420c22bda5f6328,562b5976c7f6d44b782498480fce54bad1e3142d9541438f6d7a42a876a3df87,0ecaf30ec3147260f584fff24f30e32a975cba82529f3d3c36d4c49ea0de712f
incumbent-R4-C-f66-v5,Matin2012_state_008,Matin2012_state_008::HCO3-,Matin2012,20.0,0.26390527810556214,0.0026,0.0016226029702362667,evaluated,f66d972c032ce709ada69e8d8177e195c7e416800757663b7420c22bda5f6328,562b5976c7f6d44b782498480fce54bad1e3142d9541438f6d7a42a876a3df87,0ecaf30ec3147260f584fff24f30e32a975cba82529f3d3c36d4c49ea0de712f
incumbent-R4-C-f66-v5,Matin2012_state_009,Matin2012_state_009::MEA,Matin2012,20.0,0.2869057381147623,0.0518,0.04854720208724143,evaluated,f66d972c032ce709ada69e8d8177e195c7e416800757663b7420c22bda5f6328,562b5976c7f6d44b782498480fce54bad1e3142d9541438f6d7a42a876a3df87,0ecaf30ec3147260f584fff24f30e32a975cba82529f3d3c36d4c49ea0de712f
incumbent-R4-C-f66-v5,Matin2012_state_009,Matin2012_state_009::MEAH+,Matin2012,20.0,0.2869057381147623,0.0304,0.03343859202755782,evaluated,f66d972c032ce709ada69e8d8177e195c7e416800757663b7420c22bda5f6328,562b5976c7f6d44b782498480fce54bad1e3142d9541438f6d7a42a876a3df87,0ecaf30ec3147260f584fff24f30e32a975cba82529f3d3c36d4c49ea0de712f
incumbent-R4-C-f66-v5,Matin2012_state_009,Matin2012_state_009::MEACOO-,Matin2012,20.0,0.2869057381147623,0.0299,0.030233068273903606,evaluated,f66d972c032ce709ada69e8d8177e195c7e416800757663b7420c22bda5f6328,562b5976c7f6d44b782498480fce54bad1e3142d9541438f6d7a42a876a3df87,0ecaf30ec3147260f584fff24f30e32a975cba82529f3d3c36d4c49ea0de712f
incumbent-R4-C-f66-v5,Matin2012_state_009,Matin2012_state_009::HCO3-,Matin2012,20.0,0.2869057381147623,0.003,0.0019736873219335276,evaluated,f66d972c032ce709ada69e8d8177e195c7e416800757663b7420c22bda5f6328,562b5976c7f6d44b782498480fce54bad1e3142d9541438f6d7a42a876a3df87,0ecaf30ec3147260f584fff24f30e32a975cba82529f3d3c36d4c49ea0de712f
incumbent-R4-C-f66-v5,Matin2012_state_010,Matin2012_state_010::MEA,Matin2012,20.0,0.3099061981239625,0.0469,0.043537844523665443,evaluated,f66d972c032ce709ada69e8d8177e195c7e416800757663b7420c22bda5f6328,562b5976c7f6d44b782498480fce54bad1e3142d9541438f6d7a42a876a3df87,0ecaf30ec3147260f584fff24f30e32a975cba82529f3d3c36d4c49ea0de712f
incumbent-R4-C-f66-v5,Matin2012_state_010,Matin2012_state_010::MEAH+,Matin2012,20.0,0.3099061981239625,0.0327,0.036284881910183024,evaluated,f66d972c032ce709ada69e8d8177e195c7e416800757663b7420c22bda5f6328,562b5976c7f6d44b782498480fce54bad1e3142d9541438f6d7a42a876a3df87,0ecaf30ec3147260f584fff24f30e32a975cba82529f3d3c36d4c49ea0de712f
incumbent-R4-C-f66-v5,Matin2012_state_010,Matin2012_state_010::MEACOO-,Matin2012,20.0,0.3099061981239625,0.0321,0.032396133419077947,evaluated,f66d972c032ce709ada69e8d8177e195c7e416800757663b7420c22bda5f6328,562b5976c7f6d44b782498480fce54bad1e3142d9541438f6d7a42a876a3df87,0ecaf30ec3147260f584fff24f30e32a975cba82529f3d3c36d4c49ea0de712f
incumbent-R4-C-f66-v5,Matin2012_state_010,Matin2012_state_010::HCO3-,Matin2012,20.0,0.3099061981239625,0.0034,0.0023916326289059034,evaluated,f66d972c032ce709ada69e8d8177e195c7e416800757663b7420c22bda5f6328,562b5976c7f6d44b782498480fce54bad1e3142d9541438f6d7a42a876a3df87,0ecaf30ec3147260f584fff24f30e32a975cba82529f3d3c36d4c49ea0de712f
incumbent-R4-C-f66-v5,Matin2012_state_011,Matin2012_state_011::MEA,Matin2012,20.0,0.33390667813356273,0.0419,0.03834866681479307,evaluated,f66d972c032ce709ada69e8d8177e195c7e416800757663b7420c22bda5f6328,562b5976c7f6d44b782498480fce54bad1e3142d9541438f6d7a42a876a3df87,0ecaf30ec3147260f584fff24f30e32a975cba82529f3d3c36d4c49ea0de712f
incumbent-R4-C-f66-v5,Matin2012_state_011,Matin2012_state_011::MEAH+,Matin2012,20.0,0.33390667813356273,0.0349,0.03930322519721589,evaluated,f66d972c032ce709ada69e8d8177e195c7e416800757663b7420c22bda5f6328,562b5976c7f6d44b782498480fce54bad1e3142d9541438f6d7a42a876a3df87,0ecaf30ec3147260f584fff24f30e32a975cba82529f3d3c36d4c49ea0de712f
incumbent-R4-C-f66-v5,Matin2012_state_011,Matin2012_state_011::MEACOO-,Matin2012,20.0,0.33390667813356273,0.0342,0.034566963964296545,evaluated,f66d972c032ce709ada69e8d8177e195c7e416800757663b7420c22bda5f6328,562b5976c7f6d44b782498480fce54bad1e3142d9541438f6d7a42a876a3df87,0ecaf30ec3147260f584fff24f30e32a975cba82529f3d3c36d4c49ea0de712f
incumbent-R4-C-f66-v5,Matin2012_state_011,Matin2012_state_011::HCO3-,Matin2012,20.0,0.33390667813356273,0.004,0.0029140188801866597,evaluated,f66d972c032ce709ada69e8d8177e195c7e416800757663b7420c22bda5f6328,562b5976c7f6d44b782498480fce54bad1e3142d9541438f6d7a42a876a3df87,0ecaf30ec3147260f584fff24f30e32a975cba82529f3d3c36d4c49ea0de712f
incumbent-R4-C-f66-v5,Matin2012_state_012,Matin2012_state_012::MEA,Matin2012,20.0,0.3579071581431629,0.0371,0.03321335003795257,evaluated,f66d972c032ce709ada69e8d8177e195c7e416800757663b7420c22bda5f6328,562b5976c7f6d44b782498480fce54bad1e3142d9541438f6d7a42a876a3df87,0ecaf30ec3147260f584fff24f30e32a975cba82529f3d3c36d4c49ea0de712f
incumbent-R4-C-f66-v5,Matin2012_state_012,Matin2012_state_012::MEAH+,Matin2012,20.0,0.3579071581431629,0.0372,0.042375817559842106,evaluated,f66d972c032ce709ada69e8d8177e195c7e416800757663b7420c22bda5f6328,562b5976c7f6d44b782498480fce54bad1e3142d9541438f6d7a42a876a3df87,0ecaf30ec3147260f584fff24f30e32a975cba82529f3d3c36d4c49ea0de712f
incumbent-R4-C-f66-v5,Matin2012_state_012,Matin2012_state_012::MEACOO-,Matin2012,20.0,0.3579071581431629,0.0362,0.03662968244855818,evaluated,f66d972c032ce709ada69e8d8177e195c7e416800757663b7420c22bda5f6328,562b5976c7f6d44b782498480fce54bad1e3142d9541438f6d7a42a876a3df87,0ecaf30ec3147260f584fff24f30e32a975cba82529f3d3c36d4c49ea0de712f
incumbent-R4-C-f66-v5,Matin2012_state_012,Matin2012_state_012::HCO3-,Matin2012,20.0,0.3579071581431629,0.0046,0.0035444979736921085,evaluated,f66d972c032ce709ada69e8d8177e195c7e416800757663b7420c22bda5f6328,562b5976c7f6d44b782498480fce54bad1e3142d9541438f6d7a42a876a3df87,0ecaf30ec3147260f584fff24f30e32a975cba82529f3d3c36d4c49ea0de712f
incumbent-R4-C-f66-v5,Matin2012_state_013,Matin2012_state_013::MEA,Matin2012,20.0,0.3819076381527631,0.0322,0.028156417417601467,evaluated,f66d972c032ce709ada69e8d8177e195c7e416800757663b7420c22bda5f6328,562b5976c7f6d44b782498480fce54bad1e3142d9541438f6d7a42a876a3df87,0ecaf30ec3147260f584fff24f30e32a975cba82529f3d3c36d4c49ea0de712f
incumbent-R4-C-f66-v5,Matin2012_state_013,Matin2012_state_013::MEAH+,Matin2012,20.0,0.3819076381527631,0.0394,0.04550546848403796,evaluated,f66d972c032ce709ada69e8d8177e195c7e416800757663b7420c22bda5f6328,562b5976c7f6d44b782498480fce54bad1e3142d9541438f6d7a42a876a3df87,0ecaf30ec3147260f584fff24f30e32a975cba82529f3d3c36d4c49ea0de712f
incumbent-R4-C-f66-v5,Matin2012_state_013,Matin2012_state_013::MEACOO-,Matin2012,20.0,0.3819076381527631,0.0381,0.03855695463790876,evaluated,f66d972c032ce709ada69e8d8177e195c7e416800757663b7420c22bda5f6328,562b5976c7f6d44b782498480fce54bad1e3142d9541438f6d7a42a876a3df87,0ecaf30ec3147260f584fff24f30e32a975cba82529f3d3c36d4c49ea0de712f
incumbent-R4-C-f66-v5,Matin2012_state_013,Matin2012_state_013::HCO3-,Matin2012,20.0,0.3819076381527631,0.0053,0.004310389837222532,evaluated,f66d972c032ce709ada69e8d8177e195c7e416800757663b7420c22bda5f6328,562b5976c7f6d44b782498480fce54bad1e3142d9541438f6d7a42a876a3df87,0ecaf30ec3147260f584fff24f30e32a975cba82529f3d3c36d4c49ea0de712f
incumbent-R4-C-f66-v5,Matin2012_state_014,Matin2012_state_014::MEA,Matin2012,20.0,0.4059081181623633,0.0274,0.023219384241316608,evaluated,f66d972c032ce709ada69e8d8177e195c7e416800757663b7420c22bda5f6328,562b5976c7f6d44b782498480fce54bad1e3142d9541438f6d7a42a876a3df87,0ecaf30ec3147260f584fff24f30e32a975cba82529f3d3c36d4c49ea0de712f
incumbent-R4-C-f66-v5,Matin2012_state_014,Matin2012_state_014::MEAH+,Matin2012,20.0,0.4059081181623633,0.0415,0.04868989741940445,evaluated,f66d972c032ce709ada69e8d8177e195c7e416800757663b7420c22bda5f6328,562b5976c7f6d44b782498480fce54bad1e3142d9541438f6d7a42a876a3df87,0ecaf30ec3147260f584fff24f30e32a975cba82529f3d3c36d4c49ea0de712f
incumbent-R4-C-f66-v5,Matin2012_state_014,Matin2012_state_014::MEACOO-,Matin2012,20.0,0.4059081181623633,0.04,0.04030954267869772,evaluated,f66d972c032ce709ada69e8d8177e195c7e416800757663b7420c22bda5f6328,562b5976c7f6d44b782498480fce54bad1e3142d9541438f6d7a42a876a3df87,0ecaf30ec3147260f584fff24f30e32a975cba82529f3d3c36d4c49ea0de712f
incumbent-R4-C-f66-v5,Matin2012_state_014,Matin2012_state_014::HCO3-,Matin2012,20.0,0.4059081181623633,0.0061,0.005250903030227622,evaluated,f66d972c032ce709ada69e8d8177e195c7e416800757663b7420c22bda5f6328,562b5976c7f6d44b782498480fce54bad1e3142d9541438f6d7a42a876a3df87,0ecaf30ec3147260f584fff24f30e32a975cba82529f3d3c36d4c49ea0de712f
incumbent-R4-C-f66-v5,Matin2012_state_015,Matin2012_state_015::MEA,Matin2012,20.0,0.4309086181723635,0.0227,0.01828393422039726,evaluated,f66d972c032ce709ada69e8d8177e195c7e416800757663b7420c22bda5f6328,562b5976c7f6d44b782498480fce54bad1e3142d9541438f6d7a42a876a3df87,0ecaf30ec3147260f584fff24f30e32a975cba82529f3d3c36d4c49ea0de712f
incumbent-R4-C-f66-v5,Matin2012_state_015,Matin2012_state_015::MEAH+,Matin2012,20.0,0.4309086181723635,0.0436,0.052050927483662475,evaluated,f66d972c032ce709ada69e8d8177e195c7e416800757663b7420c22bda5f6328,562b5976c7f6d44b782498480fce54bad1e3142d9541438f6d7a42a876a3df87,0ecaf30ec3147260f584fff24f30e32a975cba82529f3d3c36d4c49ea0de712f
incumbent-R4-C-f66-v5,Matin2012_state_015,Matin2012_state_015::MEACOO-,Matin2012,20.0,0.4309086181723635,0.0417,0.04188393107422857,evaluated,f66d972c032ce709ada69e8d8177e195c7e416800757663b7420c22bda5f6328,562b5976c7f6d44b782498480fce54bad1e3142d9541438f6d7a42a876a3df87,0ecaf30ec3147260f584fff24f30e32a975cba82529f3d3c36d4c49ea0de712f
incumbent-R4-C-f66-v5,Matin2012_state_015,Matin2012_state_015::HCO3-,Matin2012,20.0,0.4309086181723635,0.007,0.006481690394134687,evaluated,f66d972c032ce709ada69e8d8177e195c7e416800757663b7420c22bda5f6328,562b5976c7f6d44b782498480fce54bad1e3142d9541438f6d7a42a876a3df87,0ecaf30ec3147260f584fff24f30e32a975cba82529f3d3c36d4c49ea0de712f
incumbent-R4-C-f66-v5,Matin2012_state_016,Matin2012_state_016::MEA,Matin2012,20.0,0.4549090981819637,0.0181,0.013883428347523515,evaluated,f66d972c032ce709ada69e8d8177e195c7e416800757663b7420c22bda5f6328,562b5976c7f6d44b782498480fce54bad1e3142d9541438f6d7a42a876a3df87,0ecaf30ec3147260f584fff24f30e32a975cba82529f3d3c36d4c49ea0de712f
incumbent-R4-C-f66-v5,Matin2012_state_016,Matin2012_state_016::MEAH+,Matin2012,20.0,0.4549090981819637,0.0457,0.055283278742041315,evaluated,f66d972c032ce709ada69e8d8177e195c7e416800757663b7420c22bda5f6328,562b5976c7f6d44b782498480fce54bad1e3142d9541438f6d7a42a876a3df87,0ecaf30ec3147260f584fff24f30e32a975cba82529f3d3c36d4c49ea0de712f
incumbent-R4-C-f66-v5,Matin2012_state_016,Matin2012_state_016::MEACOO-,Matin2012,20.0,0.4549090981819637,0.0433,0.04305202356284458,evaluated,f66d972c032ce709ada69e8d8177e195c7e416800757663b7420c22bda5f6328,562b5976c7f6d44b782498480fce54bad1e3142d9541438f6d7a42a876a3df87,0ecaf30ec3147260f584fff24f30e32a975cba82529f3d3c36d4c49ea0de712f
incumbent-R4-C-f66-v5,Matin2012_state_016,Matin2012_state_016::HCO3-,Matin2012,20.0,0.4549090981819637,0.008,0.008006267051439492,evaluated,f66d972c032ce709ada69e8d8177e195c7e416800757663b7420c22bda5f6328,562b5976c7f6d44b782498480fce54bad1e3142d9541438f6d7a42a876a3df87,0ecaf30ec3147260f584fff24f30e32a975cba82529f3d3c36d4c49ea0de712f
incumbent-R4-C-f66-v5,Matin2012_state_017,Matin2012_state_017::MEA,Matin2012,20.0,0.4799095981919638,0.0135,0.009896080461777734,evaluated,f66d972c032ce709ada69e8d8177e195c7e416800757663b7420c22bda5f6328,562b5976c7f6d44b782498480fce54bad1e3142d9541438f6d7a42a876a3df87,0ecaf30ec3147260f584fff24f30e32a975cba82529f3d3c36d4c49ea0de712f
incumbent-R4-C-f66-v5,Matin2012_state_017,Matin2012_state_017::MEAH+,Matin2012,20.0,0.4799095981919638,0.0477,0.05857833356933569,evaluated,f66d972c032ce709ada69e8d8177e195c7e416800757663b7420c22bda5f6328,562b5976c7f6d44b782498480fce54bad1e3142d9541438f6d7a42a876a3df87,0ecaf30ec3147260f584fff24f30e32a975cba82529f3d3c36d4c49ea0de712f
incumbent-R4-C-f66-v5,Matin2012_state_017,Matin2012_state_017::MEACOO-,Matin2012,20.0,0.4799095981919638,0.0448,0.04374417102063106,evaluated,f66d972c032ce709ada69e8d8177e195c7e416800757663b7420c22bda5f6328,562b5976c7f6d44b782498480fce54bad1e3142d9541438f6d7a42a876a3df87,0ecaf30ec3147260f584fff24f30e32a975cba82529f3d3c36d4c49ea0de712f
incumbent-R4-C-f66-v5,Matin2012_state_017,Matin2012_state_017::HCO3-,Matin2012,20.0,0.4799095981919638,0.0091,0.01011822050120648,evaluated,f66d972c032ce709ada69e8d8177e195c7e416800757663b7420c22bda5f6328,562b5976c7f6d44b782498480fce54bad1e3142d9541438f6d7a42a876a3df87,0ecaf30ec3147260f584fff24f30e32a975cba82529f3d3c36d4c49ea0de712f
incumbent-R4-C-f66-v5,Matin2012_state_018,Matin2012_state_018::MEA,Matin2012,20.0,0.5049100982019641,0.009,0.006814017246096356,evaluated,f66d972c032ce709ada69e8d8177e195c7e416800757663b7420c22bda5f6328,562b5976c7f6d44b782498480fce54bad1e3142d9541438f6d7a42a876a3df87,0ecaf30ec3147260f584fff24f30e32a975cba82529f3d3c36d4c49ea0de712f
incumbent-R4-C-f66-v5,Matin2012_state_018,Matin2012_state_018::MEAH+,Matin2012,20.0,0.5049100982019641,0.0496,0.06168980685884168,evaluated,f66d972c032ce709ada69e8d8177e195c7e416800757663b7420c22bda5f6328,562b5976c7f6d44b782498480fce54bad1e3142d9541438f6d7a42a876a3df87,0ecaf30ec3147260f584fff24f30e32a975cba82529f3d3c36d4c49ea0de712f
incumbent-R4-C-f66-v5,Matin2012_state_018,Matin2012_state_018::MEACOO-,Matin2012,20.0,0.5049100982019641,0.0462,0.04371442022134599,evaluated,f66d972c032ce709ada69e8d8177e195c7e416800757663b7420c22bda5f6328,562b5976c7f6d44b782498480fce54bad1e3142d9541438f6d7a42a876a3df87,0ecaf30ec3147260f584fff24f30e32a975cba82529f3d3c36d4c49ea0de712f
incumbent-R4-C-f66-v5,Matin2012_state_018,Matin2012_state_018::HCO3-,Matin2012,20.0,0.5049100982019641,0.0102,0.01295022760223086,evaluated,f66d972c032ce709ada69e8d8177e195c7e416800757663b7420c22bda5f6328,562b5976c7f6d44b782498480fce54bad1e3142d9541438f6d7a42a876a3df87,0ecaf30ec3147260f584fff24f30e32a975cba82529f3d3c36d4c49ea0de712f
incumbent-R4-C-f66-v5,Matin2012_state_019,Matin2012_state_019::MEA,Matin2012,20.0,0.5309106182123643,0.0046,0.004672098602957589,evaluated,f66d972c032ce709ada69e8d8177e195c7e416800757663b7420c22bda5f6328,562b5976c7f6d44b782498480fce54bad1e3142d9541438f6d7a42a876a3df87,0ecaf30ec3147260f584fff24f30e32a975cba82529f3d3c36d4c49ea0de712f
incumbent-R4-C-f66-v5,Matin2012_state_019,Matin2012_state_019::MEAH+,Matin2012,20.0,0.5309106182123643,0.0515,0.06466521699269294,evaluated,f66d972c032ce709ada69e8d8177e195c7e416800757663b7420c22bda5f6328,562b5976c7f6d44b782498480fce54bad1e3142d9541438f6d7a42a876a3df87,0ecaf30ec3147260f584fff24f30e32a975cba82529f3d3c36d4c49ea0de712f
incumbent-R4-C-f66-v5,Matin2012_state_019,Matin2012_state_019::MEACOO-,Matin2012,20.0,0.5309106182123643,0.0475,0.042880158684144194,evaluated,f66d972c032ce709ada69e8d8177e195c7e416800757663b7420c22bda5f6328,562b5976c7f6d44b782498480fce54bad1e3142d9541438f6d7a42a876a3df87,0ecaf30ec3147260f584fff24f30e32a975cba82529f3d3c36d4c49ea0de712f
incumbent-R4-C-f66-v5,Matin2012_state_019,Matin2012_state_019::HCO3-,Matin2012,20.0,0.5309106182123643,0.0114,0.016694892591785464,evaluated,f66d972c032ce709ada69e8d8177e195c7e416800757663b7420c22bda5f6328,562b5976c7f6d44b782498480fce54bad1e3142d9541438f6d7a42a876a3df87,0ecaf30ec3147260f584fff24f30e32a975cba82529f3d3c36d4c49ea0de712f
incumbent-R4-C-f66-v5,canonical:vle_obs_0034,vle_obs_0034-pco2,Aronu2011,40.0,0.10200204004080081,1.6,2.0045389893381595,evaluated,f66d972c032ce709ada69e8d8177e195c7e416800757663b7420c22bda5f6328,562b5976c7f6d44b782498480fce54bad1e3142d9541438f6d7a42a876a3df87,0ecaf30ec3147260f584fff24f30e32a975cba82529f3d3c36d4c49ea0de712f
incumbent-R4-C-f66-v5,canonical:vle_obs_0035,vle_obs_0035-pco2,Aronu2011,40.0,0.20600412008240165,12.3,12.334706768781418,evaluated,f66d972c032ce709ada69e8d8177e195c7e416800757663b7420c22bda5f6328,562b5976c7f6d44b782498480fce54bad1e3142d9541438f6d7a42a876a3df87,0ecaf30ec3147260f584fff24f30e32a975cba82529f3d3c36d4c49ea0de712f
incumbent-R4-C-f66-v5,canonical:vle_obs_0036,vle_obs_0036-pco2,Aronu2011,40.0,0.250005000100002,24.6,23.895828798566615,evaluated,f66d972c032ce709ada69e8d8177e195c7e416800757663b7420c22bda5f6328,562b5976c7f6d44b782498480fce54bad1e3142d9541438f6d7a42a876a3df87,0ecaf30ec3147260f584fff24f30e32a975cba82529f3d3c36d4c49ea0de712f
incumbent-R4-C-f66-v5,canonical:vle_obs_0037,vle_obs_0037-pco2,Aronu2011,40.0,0.33700674013480275,60.3,91.3486556116168,evaluated,f66d972c032ce709ada69e8d8177e195c7e416800757663b7420c22bda5f6328,562b5976c7f6d44b782498480fce54bad1e3142d9541438f6d7a42a876a3df87,0ecaf30ec3147260f584fff24f30e32a975cba82529f3d3c36d4c49ea0de712f
incumbent-R4-C-f66-v5,canonical:vle_obs_0038,vle_obs_0038-pco2,Aronu2011,40.0,0.3530070601412028,85.1,119.32154802501994,evaluated,f66d972c032ce709ada69e8d8177e195c7e416800757663b7420c22bda5f6328,562b5976c7f6d44b782498480fce54bad1e3142d9541438f6d7a42a876a3df87,0ecaf30ec3147260f584fff24f30e32a975cba82529f3d3c36d4c49ea0de712f
incumbent-R4-C-f66-v5,canonical:vle_obs_0039,vle_obs_0039-pco2,Aronu2011,40.0,0.40100802016040327,183.5,286.5126166297629,evaluated,f66d972c032ce709ada69e8d8177e195c7e416800757663b7420c22bda5f6328,562b5976c7f6d44b782498480fce54bad1e3142d9541438f6d7a42a876a3df87,0ecaf30ec3147260f584fff24f30e32a975cba82529f3d3c36d4c49ea0de712f
incumbent-R4-C-f66-v5,canonical:vle_obs_0040,vle_obs_0040-pco2,Aronu2011,40.0,0.4170083401668033,292.8,396.31254356795574,evaluated,f66d972c032ce709ada69e8d8177e195c7e416800757663b7420c22bda5f6328,562b5976c7f6d44b782498480fce54bad1e3142d9541438f6d7a42a876a3df87,0ecaf30ec3147260f584fff24f30e32a975cba82529f3d3c36d4c49ea0de712f
incumbent-R4-C-f66-v5,canonical:vle_obs_0041,vle_obs_0041-pco2,Aronu2011,40.0,0.42100842016840334,318.79999999999995,431.0903648943184,evaluated,f66d972c032ce709ada69e8d8177e195c7e416800757663b7420c22bda5f6328,562b5976c7f6d44b782498480fce54bad1e3142d9541438f6d7a42a876a3df87,0ecaf30ec3147260f584fff24f30e32a975cba82529f3d3c36d4c49ea0de712f
incumbent-R4-C-f66-v5,canonical:vle_obs_0042,vle_obs_0042-pco2,Aronu2011,40.0,0.43300866017320344,380.90000000000003,559.0488340861042,evaluated,f66d972c032ce709ada69e8d8177e195c7e416800757663b7420c22bda5f6328,562b5976c7f6d44b782498480fce54bad1e3142d9541438f6d7a42a876a3df87,0ecaf30ec3147260f584fff24f30e32a975cba82529f3d3c36d4c49ea0de712f
incumbent-R4-C-f66-v5,canonical:vle_obs_0043,vle_obs_0043-pco2,Aronu2011,40.0,0.4470089401788036,570.2,768.1452261110063,evaluated,f66d972c032ce709ada69e8d8177e195c7e416800757663b7420c22bda5f6328,562b5976c7f6d44b782498480fce54bad1e3142d9541438f6d7a42a876a3df87,0ecaf30ec3147260f584fff24f30e32a975cba82529f3d3c36d4c49ea0de712f
incumbent-R4-C-f66-v5,canonical:vle_obs_0044,vle_obs_0044-pco2,Aronu2011,40.0,0.4640092801856037,1066.2,1152.190053378975,evaluated,f66d972c032ce709ada69e8d8177e195c7e416800757663b7420c22bda5f6328,562b5976c7f6d44b782498480fce54bad1e3142d9541438f6d7a42a876a3df87,0ecaf30ec3147260f584fff24f30e32a975cba82529f3d3c36d4c49ea0de712f
incumbent-R4-C-f66-v5,canonical:vle_obs_0045,vle_obs_0045-pco2,Aronu2011,40.0,0.4760095201904038,1832.6,1549.7878796826662,evaluated,f66d972c032ce709ada69e8d8177e195c7e416800757663b7420c22bda5f6328,562b5976c7f6d44b782498480fce54bad1e3142d9541438f6d7a42a876a3df87,0ecaf30ec3147260f584fff24f30e32a975cba82529f3d3c36d4c49ea0de712f
incumbent-R4-C-f66-v5,canonical:vle_obs_0046,vle_obs_0046-pco2,Aronu2011,40.0,0.4770095401908038,1827.8000000000002,1588.979707734499,evaluated,f66d972c032ce709ada69e8d8177e195c7e416800757663b7420c22bda5f6328,562b5976c7f6d44b782498480fce54bad1e3142d9541438f6d7a42a876a3df87,0ecaf30ec3147260f584fff24f30e32a975cba82529f3d3c36d4c49ea0de712f
incumbent-R4-C-f66-v5,canonical:vle_obs_0047,vle_obs_0047-pco2,Aronu2011,40.0,0.48500970019400386,2319.3,1942.1441037949996,evaluated,f66d972c032ce709ada69e8d8177e195c7e416800757663b7420c22bda5f6328,562b5976c7f6d44b782498480fce54bad1e3142d9541438f6d7a42a876a3df87,0ecaf30ec3147260f584fff24f30e32a975cba82529f3d3c36d4c49ea0de712f
incumbent-R4-C-f66-v5,canonical:vle_obs_0048,vle_obs_0048-pco2,Aronu2011,40.0,0.4890097801956039,2857.7,2147.865136438987,evaluated,f66d972c032ce709ada69e8d8177e195c7e416800757663b7420c22bda5f6328,562b5976c7f6d44b782498480fce54bad1e3142d9541438f6d7a42a876a3df87,0ecaf30ec3147260f584fff24f30e32a975cba82529f3d3c36d4c49ea0de712f
incumbent-R4-C-f66-v5,canonical:vle_obs_0049,vle_obs_0049-pco2,Aronu2011,40.0,0.5160103202064041,8558.3,4196.971939414414,evaluated,f66d972c032ce709ada69e8d8177e195c7e416800757663b7420c22bda5f6328,562b5976c7f6d44b782498480fce54bad1e3142d9541438f6d7a42a876a3df87,0ecaf30ec3147260f584fff24f30e32a975cba82529f3d3c36d4c49ea0de712f
incumbent-R4-C-f66-v5,canonical:vle_obs_0050,vle_obs_0050-pco2,Aronu2011,40.0,0.5240104802096043,11812.0,5076.539366204046,evaluated,f66d972c032ce709ada69e8d8177e195c7e416800757663b7420c22bda5f6328,562b5976c7f6d44b782498480fce54bad1e3142d9541438f6d7a42a876a3df87,0ecaf30ec3147260f584fff24f30e32a975cba82529f3d3c36d4c49ea0de712f
incumbent-R4-C-f66-v5,canonical:vle_obs_0051,vle_obs_0051-pco2,Aronu2011,60.0,0.053001060021200426,4.5,3.0347097759273485,evaluated,f66d972c032ce709ada69e8d8177e195c7e416800757663b7420c22bda5f6328,562b5976c7f6d44b782498480fce54bad1e3142d9541438f6d7a42a876a3df87,0ecaf30ec3147260f584fff24f30e32a975cba82529f3d3c36d4c49ea0de712f
incumbent-R4-C-f66-v5,canonical:vle_obs_0052,vle_obs_0052-pco2,Aronu2011,60.0,0.10500210004200083,15.4,12.52170617110991,evaluated,f66d972c032ce709ada69e8d8177e195c7e416800757663b7420c22bda5f6328,562b5976c7f6d44b782498480fce54bad1e3142d9541438f6d7a42a876a3df87,0ecaf30ec3147260f584fff24f30e32a975cba82529f3d3c36d4c49ea0de712f
incumbent-R4-C-f66-v5,canonical:vle_obs_0053,vle_obs_0053-pco2,Aronu2011,60.0,0.1620032400648013,42.7,36.602882269028214,evaluated,f66d972c032ce709ada69e8d8177e195c7e416800757663b7420c22bda5f6328,562b5976c7f6d44b782498480fce54bad1e3142d9541438f6d7a42a876a3df87,0ecaf30ec3147260f584fff24f30e32a975cba82529f3d3c36d4c49ea0de712f
incumbent-R4-C-f66-v5,canonical:vle_obs_0054,vle_obs_0054-pco2,Aronu2011,60.0,0.24400488009760196,134.8,133.710339920472,evaluated,f66d972c032ce709ada69e8d8177e195c7e416800757663b7420c22bda5f6328,562b5976c7f6d44b782498480fce54bad1e3142d9541438f6d7a42a876a3df87,0ecaf30ec3147260f584fff24f30e32a975cba82529f3d3c36d4c49ea0de712f
incumbent-R4-C-f66-v5,canonical:vle_obs_0055,vle_obs_0055-pco2,Aronu2011,60.0,0.3030060601212024,301.5,331.675578571437,evaluated,f66d972c032ce709ada69e8d8177e195c7e416800757663b7420c22bda5f6328,562b5976c7f6d44b782498480fce54bad1e3142d9541438f6d7a42a876a3df87,0ecaf30ec3147260f584fff24f30e32a975cba82529f3d3c36d4c49ea0de712f
incumbent-R4-C-f66-v5,canonical:vle_obs_0056,vle_obs_0056-pco2,Aronu2011,60.0,0.3600072001440029,643.5999999999999,846.0538367511193,evaluated,f66d972c032ce709ada69e8d8177e195c7e416800757663b7420c22bda5f6328,562b5976c7f6d44b782498480fce54bad1e3142d9541438f6d7a42a876a3df87,0ecaf30ec3147260f584fff24f30e32a975cba82529f3d3c36d4c49ea0de712f
incumbent-R4-C-f66-v5,canonical:vle_obs_0057,vle_obs_0057-pco2,Aronu2011,60.0,0.3930078601572032,1097.0,1530.8893234084283,evaluated,f66d972c032ce709ada69e8d8177e195c7e416800757663b7420c22bda5f6328,562b5976c7f6d44b782498480fce54bad1e3142d9541438f6d7a42a876a3df87,0ecaf30ec3147260f584fff24f30e32a975cba82529f3d3c36d4c49ea0de712f
incumbent-R4-C-f66-v5,canonical:vle_obs_0058,vle_obs_0058-pco2,Aronu2011,60.0,0.4280085601712034,2501.3999999999996,3031.3487751479097,evaluated,f66d972c032ce709ada69e8d8177e195c7e416800757663b7420c22bda5f6328,562b5976c7f6d44b782498480fce54bad1e3142d9541438f6d7a42a876a3df87,0ecaf30ec3147260f584fff24f30e32a975cba82529f3d3c36d4c49ea0de712f
incumbent-R4-C-f66-v5,canonical:vle_obs_0059,vle_obs_0059-pco2,Aronu2011,60.0,0.49100982019640393,13558.0,11587.091575952483,evaluated,f66d972c032ce709ada69e8d8177e195c7e416800757663b7420c22bda5f6328,562b5976c7f6d44b782498480fce54bad1e3142d9541438f6d7a42a876a3df87,0ecaf30ec3147260f584fff24f30e32a975cba82529f3d3c36d4c49ea0de712f
incumbent-R4-C-f66-v5,canonical:vle_obs_0060,vle_obs_0060-pco2,Aronu2011,80.0,0.017000340006800136,5.6,1.936799315021269,evaluated,f66d972c032ce709ada69e8d8177e195c7e416800757663b7420c22bda5f6328,562b5976c7f6d44b782498480fce54bad1e3142d9541438f6d7a42a876a3df87,0ecaf30ec3147260f584fff24f30e32a975cba82529f3d3c36d4c49ea0de712f
incumbent-R4-C-f66-v5,canonical:vle_obs_0061,vle_obs_0061-pco2,Aronu2011,80.0,0.04000080001600032,21.9,9.250414231590181,evaluated,f66d972c032ce709ada69e8d8177e195c7e416800757663b7420c22bda5f6328,562b5976c7f6d44b782498480fce54bad1e3142d9541438f6d7a42a876a3df87,0ecaf30ec3147260f584fff24f30e32a975cba82529f3d3c36d4c49ea0de712f
incumbent-R4-C-f66-v5,canonical:vle_obs_0062,vle_obs_0062-pco2,Aronu2011,80.0,0.0750015000300006,55.7,31.75635905002901,evaluated,f66d972c032ce709ada69e8d8177e195c7e416800757663b7420c22bda5f6328,562b5976c7f6d44b782498480fce54bad1e3142d9541438f6d7a42a876a3df87,0ecaf30ec3147260f584fff24f30e32a975cba82529f3d3c36d4c49ea0de712f
incumbent-R4-C-f66-v5,canonical:vle_obs_0063,vle_obs_0063-pco2,Aronu2011,80.0,0.12200244004880098,140.6,93.72105757112833,evaluated,f66d972c032ce709ada69e8d8177e195c7e416800757663b7420c22bda5f6328,562b5976c7f6d44b782498480fce54bad1e3142d9541438f6d7a42a876a3df87,0ecaf30ec3147260f584fff24f30e32a975cba82529f3d3c36d4c49ea0de712f
incumbent-R4-C-f66-v5,canonical:vle_obs_0064,vle_obs_0064-pco2,Aronu2011,80.0,0.15500310006200124,248.5,172.61693708898423,evaluated,f66d972c032ce709ada69e8d8177e195c7e416800757663b7420c22bda5f6328,562b5976c7f6d44b782498480fce54bad1e3142d9541438f6d7a42a876a3df87,0ecaf30ec3147260f584fff24f30e32a975cba82529f3d3c36d4c49ea0de712f
incumbent-R4-C-f66-v5,canonical:vle_obs_0065,vle_obs_0065-pco2,Aronu2011,80.0,0.21600432008640172,613.7,468.29947884003127,evaluated,f66d972c032ce709ada69e8d8177e195c7e416800757663b7420c22bda5f6328,562b5976c7f6d44b782498480fce54bad1e3142d9541438f6d7a42a876a3df87,0ecaf30ec3147260f584fff24f30e32a975cba82529f3d3c36d4c49ea0de712f
incumbent-R4-C-f66-v5,canonical:vle_obs_0066,vle_obs_0066-pco2,Aronu2011,80.0,0.2710054201084022,1253.8,1096.1983085893123,evaluated,f66d972c032ce709ada69e8d8177e195c7e416800757663b7420c22bda5f6328,562b5976c7f6d44b782498480fce54bad1e3142d9541438f6d7a42a876a3df87,0ecaf30ec3147260f584fff24f30e32a975cba82529f3d3c36d4c49ea0de712f
incumbent-R4-C-f66-v5,canonical:vle_obs_0067,vle_obs_0067-pco2,Aronu2011,80.0,0.34700694013880273,3752.2000000000003,3679.623751044924,evaluated,f66d972c032ce709ada69e8d8177e195c7e416800757663b7420c22bda5f6328,562b5976c7f6d44b782498480fce54bad1e3142d9541438f6d7a42a876a3df87,0ecaf30ec3147260f584fff24f30e32a975cba82529f3d3c36d4c49ea0de712f
incumbent-R4-C-f66-v5,canonical:vle_obs_0068,vle_obs_0068-pco2,Aronu2011,80.0,0.4000080001600032,7938.7,9247.280071457491,evaluated,f66d972c032ce709ada69e8d8177e195c7e416800757663b7420c22bda5f6328,562b5976c7f6d44b782498480fce54bad1e3142d9541438f6d7a42a876a3df87,0ecaf30ec3147260f584fff24f30e32a975cba82529f3d3c36d4c49ea0de712f
incumbent-R4-C-f66-v5,canonical:vle_obs_0069,vle_obs_0069-pco2,Aronu2011,80.0,0.3980079601592032,8303.1,8918.064696803136,evaluated,f66d972c032ce709ada69e8d8177e195c7e416800757663b7420c22bda5f6328,562b5976c7f6d44b782498480fce54bad1e3142d9541438f6d7a42a876a3df87,0ecaf30ec3147260f584fff24f30e32a975cba82529f3d3c36d4c49ea0de712f
incumbent-R4-C-f66-v5,canonical:vle_obs_0119,vle_obs_0119-pco2,Hilliard2008,40.0,0.15300306006120123,5.7,5.281110252009647,evaluated,f66d972c032ce709ada69e8d8177e195c7e416800757663b7420c22bda5f6328,562b5976c7f6d44b782498480fce54bad1e3142d9541438f6d7a42a876a3df87,0ecaf30ec3147260f584fff24f30e32a975cba82529f3d3c36d4c49ea0de712f
incumbent-R4-C-f66-v5,canonical:vle_obs_0120,vle_obs_0120-pco2,Hilliard2008,40.0,0.1630032600652013,6.64,6.24713077170985,evaluated,f66d972c032ce709ada69e8d8177e195c7e416800757663b7420c22bda5f6328,562b5976c7f6d44b782498480fce54bad1e3142d9541438f6d7a42a876a3df87,0ecaf30ec3147260f584fff24f30e32a975cba82529f3d3c36d4c49ea0de712f
incumbent-R4-C-f66-v5,canonical:vle_obs_0121,vle_obs_0121-pco2,Hilliard2008,40.0,0.17000340006800138,7.21,7.007603182096504,evaluated,f66d972c032ce709ada69e8d8177e195c7e416800757663b7420c22bda5f6328,562b5976c7f6d44b782498480fce54bad1e3142d9541438f6d7a42a876a3df87,0ecaf30ec3147260f584fff24f30e32a975cba82529f3d3c36d4c49ea0de712f
incumbent-R4-C-f66-v5,canonical:vle_obs_0122,vle_obs_0122-pco2,Hilliard2008,40.0,0.19100382007640154,9.950000000000001,9.786932414620582,evaluated,f66d972c032ce709ada69e8d8177e195c7e416800757663b7420c22bda5f6328,562b5976c7f6d44b782498480fce54bad1e3142d9541438f6d7a42a876a3df87,0ecaf30ec3147260f584fff24f30e32a975cba82529f3d3c36d4c49ea0de712f
incumbent-R4-C-f66-v5,canonical:vle_obs_0123,vle_obs_0123-pco2,Hilliard2008,40.0,0.19400388007760155,9.85,10.254550954774366,evaluated,f66d972c032ce709ada69e8d8177e195c7e416800757663b7420c22bda5f6328,562b5976c7f6d44b782498480fce54bad1e3142d9541438f6d7a42a876a3df87,0ecaf30ec3147260f584fff24f30e32a975cba82529f3d3c36d4c49ea0de712f
incumbent-R4-C-f66-v5,canonical:vle_obs_0124,vle_obs_0124-pco2,Hilliard2008,40.0,0.23200464009280186,14.6,18.263735493303365,evaluated,f66d972c032ce709ada69e8d8177e195c7e416800757663b7420c22bda5f6328,562b5976c7f6d44b782498480fce54bad1e3142d9541438f6d7a42a876a3df87,0ecaf30ec3147260f584fff24f30e32a975cba82529f3d3c36d4c49ea0de712f
incumbent-R4-C-f66-v5,canonical:vle_obs_0125,vle_obs_0125-pco2,Hilliard2008,40.0,0.24600492009840197,19.099999999999998,22.511650164492167,evaluated,f66d972c032ce709ada69e8d8177e195c7e416800757663b7420c22bda5f6328,562b5976c7f6d44b782498480fce54bad1e3142d9541438f6d7a42a876a3df87,0ecaf30ec3147260f584fff24f30e32a975cba82529f3d3c36d4c49ea0de712f
incumbent-R4-C-f66-v5,canonical:vle_obs_0126,vle_obs_0126-pco2,Hilliard2008,40.0,0.26900538010760217,23.099999999999998,31.74339615419677,evaluated,f66d972c032ce709ada69e8d8177e195c7e416800757663b7420c22bda5f6328,562b5976c7f6d44b782498480fce54bad1e3142d9541438f6d7a42a876a3df87,0ecaf30ec3147260f584fff24f30e32a975cba82529f3d3c36d4c49ea0de712f
incumbent-R4-C-f66-v5,canonical:vle_obs_0127,vle_obs_0127-pco2,Hilliard2008,40.0,0.2720054401088022,22.4,33.20533624410046,evaluated,f66d972c032ce709ada69e8d8177e195c7e416800757663b7420c22bda5f6328,562b5976c7f6d44b782498480fce54bad1e3142d9541438f6d7a42a876a3df87,0ecaf30ec3147260f584fff24f30e32a975cba82529f3d3c36d4c49ea0de712f
incumbent-R4-C-f66-v5,canonical:vle_obs_0128,vle_obs_0128-pco2,Hilliard2008,40.0,0.3260065201304026,48.5,76.42552060340536,evaluated,f66d972c032ce709ada69e8d8177e195c7e416800757663b7420c22bda5f6328,562b5976c7f6d44b782498480fce54bad1e3142d9541438f6d7a42a876a3df87,0ecaf30ec3147260f584fff24f30e32a975cba82529f3d3c36d4c49ea0de712f
incumbent-R4-C-f66-v5,canonical:vle_obs_0129,vle_obs_0129-pco2,Hilliard2008,40.0,0.3480069601392028,66.19999999999999,109.64683649928406,evaluated,f66d972c032ce709ada69e8d8177e195c7e416800757663b7420c22bda5f6328,562b5976c7f6d44b782498480fce54bad1e3142d9541438f6d7a42a876a3df87,0ecaf30ec3147260f584fff24f30e32a975cba82529f3d3c36d4c49ea0de712f
incumbent-R4-C-f66-v5,canonical:vle_obs_0130,vle_obs_0130-pco2,Hilliard2008,40.0,0.3500070001400028,72.1,113.40479085510016,evaluated,f66d972c032ce709ada69e8d8177e195c7e416800757663b7420c22bda5f6328,562b5976c7f6d44b782498480fce54bad1e3142d9541438f6d7a42a876a3df87,0ecaf30ec3147260f584fff24f30e32a975cba82529f3d3c36d4c49ea0de712f
incumbent-R4-C-f66-v5,canonical:vle_obs_0131,vle_obs_0131-pco2,Hilliard2008,40.0,0.3600072001440029,96.60000000000001,134.55982500791234,evaluated,f66d972c032ce709ada69e8d8177e195c7e416800757663b7420c22bda5f6328,562b5976c7f6d44b782498480fce54bad1e3142d9541438f6d7a42a876a3df87,0ecaf30ec3147260f584fff24f30e32a975cba82529f3d3c36d4c49ea0de712f
incumbent-R4-C-f66-v5,canonical:vle_obs_0132,vle_obs_0132-pco2,Hilliard2008,40.0,0.3820076401528031,131.0,199.41755126223376,evaluated,f66d972c032ce709ada69e8d8177e195c7e416800757663b7420c22bda5f6328,562b5976c7f6d44b782498480fce54bad1e3142d9541438f6d7a42a876a3df87,0ecaf30ec3147260f584fff24f30e32a975cba82529f3d3c36d4c49ea0de712f
incumbent-R4-C-f66-v5,canonical:vle_obs_0133,vle_obs_0133-pco2,Hilliard2008,40.0,0.3860077201544031,120.0,214.81975467461805,evaluated,f66d972c032ce709ada69e8d8177e195c7e416800757663b7420c22bda5f6328,562b5976c7f6d44b782498480fce54bad1e3142d9541438f6d7a42a876a3df87,0ecaf30ec3147260f584fff24f30e32a975cba82529f3d3c36d4c49ea0de712f
incumbent-R4-C-f66-v5,canonical:vle_obs_0134,vle_obs_0134-pco2,Hilliard2008,40.0,0.3890077801556031,113.0,227.29220014053743,evaluated,f66d972c032ce709ada69e8d8177e195c7e416800757663b7420c22bda5f6328,562b5976c7f6d44b782498480fce54bad1e3142d9541438f6d7a42a876a3df87,0ecaf30ec3147260f584fff24f30e32a975cba82529f3d3c36d4c49ea0de712f
incumbent-R4-C-f66-v5,canonical:vle_obs_0135,vle_obs_0135-pco2,Hilliard2008,40.0,0.4000080001600032,128.0,280.93357232960744,evaluated,f66d972c032ce709ada69e8d8177e195c7e416800757663b7420c22bda5f6328,562b5976c7f6d44b782498480fce54bad1e3142d9541438f6d7a42a876a3df87,0ecaf30ec3147260f584fff24f30e32a975cba82529f3d3c36d4c49ea0de712f
incumbent-R4-C-f66-v5,canonical:vle_obs_0136,vle_obs_0136-pco2,Hilliard2008,40.0,0.4640092801856037,750.0,1152.190053378975,evaluated,f66d972c032ce709ada69e8d8177e195c7e416800757663b7420c22bda5f6328,562b5976c7f6d44b782498480fce54bad1e3142d9541438f6d7a42a876a3df87,0ecaf30ec3147260f584fff24f30e32a975cba82529f3d3c36d4c49ea0de712f
incumbent-R4-C-f66-v5,canonical:vle_obs_0137,vle_obs_0137-pco2,Hilliard2008,40.0,0.4660093201864038,574.0,1209.9555384864957,evaluated,f66d972c032ce709ada69e8d8177e195c7e416800757663b7420c22bda5f6328,562b5976c7f6d44b782498480fce54bad1e3142d9541438f6d7a42a876a3df87,0ecaf30ec3147260f584fff24f30e32a975cba82529f3d3c36d4c49ea0de712f
incumbent-R4-C-f66-v5,canonical:vle_obs_0138,vle_obs_0138-pco2,Hilliard2008,40.0,0.48100962019240384,883.0,1756.4144919770122,evaluated,f66d972c032ce709ada69e8d8177e195c7e416800757663b7420c22bda5f6328,562b5976c7f6d44b782498480fce54bad1e3142d9541438f6d7a42a876a3df87,0ecaf30ec3147260f584fff24f30e32a975cba82529f3d3c36d4c49ea0de712f
incumbent-R4-C-f66-v5,canonical:vle_obs_0139,vle_obs_0139-pco2,Hilliard2008,40.0,0.49100982019640393,1100.0,2258.7703106703616,evaluated,f66d972c032ce709ada69e8d8177e195c7e416800757663b7420c22bda5f6328,562b5976c7f6d44b782498480fce54bad1e3142d9541438f6d7a42a876a3df87,0ecaf30ec3147260f584fff24f30e32a975cba82529f3d3c36d4c49ea0de712f
incumbent-R4-C-f66-v5,canonical:vle_obs_0140,vle_obs_0140-pco2,Hilliard2008,40.0,0.501010020200404,1870.0,2902.7944634571204,evaluated,f66d972c032ce709ada69e8d8177e195c7e416800757663b7420c22bda5f6328,562b5976c7f6d44b782498480fce54bad1e3142d9541438f6d7a42a876a3df87,0ecaf30ec3147260f584fff24f30e32a975cba82529f3d3c36d4c49ea0de712f
incumbent-R4-C-f66-v5,canonical:vle_obs_0141,vle_obs_0141-pco2,Hilliard2008,40.0,0.5180103602072041,3030.0,4403.604430751394,evaluated,f66d972c032ce709ada69e8d8177e195c7e416800757663b7420c22bda5f6328,562b5976c7f6d44b782498480fce54bad1e3142d9541438f6d7a42a876a3df87,0ecaf30ec3147260f584fff24f30e32a975cba82529f3d3c36d4c49ea0de712f
incumbent-R4-C-f66-v5,canonical:vle_obs_0142,vle_obs_0142-pco2,Hilliard2008,40.0,0.5910118202364048,28300.0,19193.85454465004,evaluated,f66d972c032ce709ada69e8d8177e195c7e416800757663b7420c22bda5f6328,562b5976c7f6d44b782498480fce54bad1e3142d9541438f6d7a42a876a3df87,0ecaf30ec3147260f584fff24f30e32a975cba82529f3d3c36d4c49ea0de712f
incumbent-R4-C-f66-v5,canonical:vle_obs_0143,vle_obs_0143-pco2,Hilliard2008,60.0,0.11400228004560092,19.400000000000002,15.123470407645978,evaluated,f66d972c032ce709ada69e8d8177e195c7e416800757663b7420c22bda5f6328,562b5976c7f6d44b782498480fce54bad1e3142d9541438f6d7a42a876a3df87,0ecaf30ec3147260f584fff24f30e32a975cba82529f3d3c36d4c49ea0de712f
incumbent-R4-C-f66-v5,canonical:vle_obs_0144,vle_obs_0144-pco2,Hilliard2008,60.0,0.19100382007640154,58.9,58.84699457294664,evaluated,f66d972c032ce709ada69e8d8177e195c7e416800757663b7420c22bda5f6328,562b5976c7f6d44b782498480fce54bad1e3142d9541438f6d7a42a876a3df87,0ecaf30ec3147260f584fff24f30e32a975cba82529f3d3c36d4c49ea0de712f
incumbent-R4-C-f66-v5,canonical:vle_obs_0145,vle_obs_0145-pco2,Hilliard2008,60.0,0.2910058201164023,209.0,274.93007475570533,evaluated,f66d972c032ce709ada69e8d8177e195c7e416800757663b7420c22bda5f6328,562b5976c7f6d44b782498480fce54bad1e3142d9541438f6d7a42a876a3df87,0ecaf30ec3147260f584fff24f30e32a975cba82529f3d3c36d4c49ea0de712f
incumbent-R4-C-f66-v5,canonical:vle_obs_0146,vle_obs_0146-pco2,Hilliard2008,60.0,0.3860077201544031,763.0,1344.6679253091631,evaluated,f66d972c032ce709ada69e8d8177e195c7e416800757663b7420c22bda5f6328,562b5976c7f6d44b782498480fce54bad1e3142d9541438f6d7a42a876a3df87,0ecaf30ec3147260f584fff24f30e32a975cba82529f3d3c36d4c49ea0de712f
incumbent-R4-C-f66-v5,canonical:vle_obs_0147,vle_obs_0147-pco2,Hilliard2008,60.0,0.48500970019400386,4860.0,10183.461947257,evaluated,f66d972c032ce709ada69e8d8177e195c7e416800757663b7420c22bda5f6328,562b5976c7f6d44b782498480fce54bad1e3142d9541438f6d7a42a876a3df87,0ecaf30ec3147260f584fff24f30e32a975cba82529f3d3c36d4c49ea0de712f
incumbent-R4-C-f66-v5,canonical:vle_obs_0148,vle_obs_0148-pco2,Hilliard2008,60.0,0.5440108802176044,25800.0,33569.28795249828,evaluated,f66d972c032ce709ada69e8d8177e195c7e416800757663b7420c22bda5f6328,562b5976c7f6d44b782498480fce54bad1e3142d9541438f6d7a42a876a3df87,0ecaf30ec3147260f584fff24f30e32a975cba82529f3d3c36d4c49ea0de712f
incumbent-R4-C-f66-v5,canonical:vle_obs_0162,vle_obs_0162-pco2,Idris2014,40.0,0.24200484009680193,21.0,21.20736244767824,evaluated,f66d972c032ce709ada69e8d8177e195c7e416800757663b7420c22bda5f6328,562b5976c7f6d44b782498480fce54bad1e3142d9541438f6d7a42a876a3df87,0ecaf30ec3147260f584fff24f30e32a975cba82529f3d3c36d4c49ea0de712f
incumbent-R4-C-f66-v5,canonical:vle_obs_0163,vle_obs_0163-pco2,Idris2014,40.0,0.3210064201284026,38.0,70.56040488989167,evaluated,f66d972c032ce709ada69e8d8177e195c7e416800757663b7420c22bda5f6328,562b5976c7f6d44b782498480fce54bad1e3142d9541438f6d7a42a876a3df87,0ecaf30ec3147260f584fff24f30e32a975cba82529f3d3c36d4c49ea0de712f
incumbent-R4-C-f66-v5,canonical:vle_obs_0164,vle_obs_0164-pco2,Idris2014,40.0,0.33000660013200267,43.0,81.5102461423772,evaluated,f66d972c032ce709ada69e8d8177e195c7e416800757663b7420c22bda5f6328,562b5976c7f6d44b782498480fce54bad1e3142d9541438f6d7a42a876a3df87,0ecaf30ec3147260f584fff24f30e32a975cba82529f3d3c36d4c49ea0de712f
incumbent-R4-C-f66-v5,canonical:vle_obs_0165,vle_obs_0165-pco2,Idris2014,40.0,0.3450069001380027,50.0,104.27334950671204,evaluated,f66d972c032ce709ada69e8d8177e195c7e416800757663b7420c22bda5f6328,562b5976c7f6d44b782498480fce54bad1e3142d9541438f6d7a42a876a3df87,0ecaf30ec3147260f584fff24f30e32a975cba82529f3d3c36d4c49ea0de712f
incumbent-R4-C-f66-v5,canonical:vle_obs_0166,vle_obs_0166-pco2,Idris2014,40.0,0.3520070401408028,64.0,117.31084270461035,evaluated,f66d972c032ce709ada69e8d8177e195c7e416800757663b7420c22bda5f6328,562b5976c7f6d44b782498480fce54bad1e3142d9541438f6d7a42a876a3df87,0ecaf30ec3147260f584fff24f30e32a975cba82529f3d3c36d4c49ea0de712f
incumbent-R4-C-f66-v5,canonical:vle_obs_0167,vle_obs_0167-pco2,Idris2014,40.0,0.3550071001420028,97.0,123.46280499527722,evaluated,f66d972c032ce709ada69e8d8177e195c7e416800757663b7420c22bda5f6328,562b5976c7f6d44b782498480fce54bad1e3142d9541438f6d7a42a876a3df87,0ecaf30ec3147260f584fff24f30e32a975cba82529f3d3c36d4c49ea0de712f
incumbent-R4-C-f66-v5,canonical:vle_obs_0168,vle_obs_0168-pco2,Idris2014,40.0,0.375007500150003,107.0,175.46508761047096,evaluated,f66d972c032ce709ada69e8d8177e195c7e416800757663b7420c22bda5f6328,562b5976c7f6d44b782498480fce54bad1e3142d9541438f6d7a42a876a3df87,0ecaf30ec3147260f584fff24f30e32a975cba82529f3d3c36d4c49ea0de712f
incumbent-R4-C-f66-v5,canonical:vle_obs_0169,vle_obs_0169-pco2,Idris2014,40.0,0.377007540150803,123.0,181.9475568289701,evaluated,f66d972c032ce709ada69e8d8177e195c7e416800757663b7420c22bda5f6328,562b5976c7f6d44b782498480fce54bad1e3142d9541438f6d7a42a876a3df87,0ecaf30ec3147260f584fff24f30e32a975cba82529f3d3c36d4c49ea0de712f
incumbent-R4-C-f66-v5,canonical:vle_obs_0170,vle_obs_0170-pco2,Idris2014,40.0,0.4360087201744035,445.0,597.6559344647394,evaluated,f66d972c032ce709ada69e8d8177e195c7e416800757663b7420c22bda5f6328,562b5976c7f6d44b782498480fce54bad1e3142d9541438f6d7a42a876a3df87,0ecaf30ec3147260f584fff24f30e32a975cba82529f3d3c36d4c49ea0de712f
incumbent-R4-C-f66-v5,canonical:vle_obs_0171,vle_obs_0171-pco2,Idris2014,40.0,0.4600092001840037,813.0,1045.5344655474664,evaluated,f66d972c032ce709ada69e8d8177e195c7e416800757663b7420c22bda5f6328,562b5976c7f6d44b782498480fce54bad1e3142d9541438f6d7a42a876a3df87,0ecaf30ec3147260f584fff24f30e32a975cba82529f3d3c36d4c49ea0de712f
incumbent-R4-C-f66-v5,canonical:vle_obs_0186,vle_obs_0186-pco2,Jou1995,40.0,0.08880177603552071,1.47,1.4842440790823503,evaluated,f66d972c032ce709ada69e8d8177e195c7e416800757663b7420c22bda5f6328,562b5976c7f6d44b782498480fce54bad1e3142d9541438f6d7a42a876a3df87,0ecaf30ec3147260f584fff24f30e32a975cba82529f3d3c36d4c49ea0de712f
incumbent-R4-C-f66-v5,canonical:vle_obs_0187,vle_obs_0187-pco2,Jou1995,40.0,0.20300406008120164,8.959999999999999,11.781314106855618,evaluated,f66d972c032ce709ada69e8d8177e195c7e416800757663b7420c22bda5f6328,562b5976c7f6d44b782498480fce54bad1e3142d9541438f6d7a42a876a3df87,0ecaf30ec3147260f584fff24f30e32a975cba82529f3d3c36d4c49ea0de712f
incumbent-R4-C-f66-v5,canonical:vle_obs_0188,vle_obs_0188-pco2,Jou1995,40.0,0.3650073001460029,67.7,146.8242813013799,evaluated,f66d972c032ce709ada69e8d8177e195c7e416800757663b7420c22bda5f6328,562b5976c7f6d44b782498480fce54bad1e3142d9541438f6d7a42a876a3df87,0ecaf30ec3147260f584fff24f30e32a975cba82529f3d3c36d4c49ea0de712f
incumbent-R4-C-f66-v5,canonical:vle_obs_0189,vle_obs_0189-pco2,Jou1995,40.0,0.47350947018940376,604.0,1456.2060484786637,evaluated,f66d972c032ce709ada69e8d8177e195c7e416800757663b7420c22bda5f6328,562b5976c7f6d44b782498480fce54bad1e3142d9541438f6d7a42a876a3df87,0ecaf30ec3147260f584fff24f30e32a975cba82529f3d3c36d4c49ea0de712f
incumbent-R4-C-f66-v5,canonical:vle_obs_0190,vle_obs_0190-pco2,Jou1995,40.0,0.5130102602052041,2570.0,3902.880440266775,evaluated,f66d972c032ce709ada69e8d8177e195c7e416800757663b7420c22bda5f6328,562b5976c7f6d44b782498480fce54bad1e3142d9541438f6d7a42a876a3df87,0ecaf30ec3147260f584fff24f30e32a975cba82529f3d3c36d4c49ea0de712f
incumbent-R4-C-f66-v5,canonical:vle_obs_0191,vle_obs_0191-pco2,Jou1995,40.0,0.5570111402228045,8090.0,10396.972948742059,evaluated,f66d972c032ce709ada69e8d8177e195c7e416800757663b7420c22bda5f6328,562b5976c7f6d44b782498480fce54bad1e3142d9541438f6d7a42a876a3df87,0ecaf30ec3147260f584fff24f30e32a975cba82529f3d3c36d4c49ea0de712f
incumbent-R4-C-f66-v5,canonical:vle_obs_0192,vle_obs_0192-pco2,Jou1995,40.0,0.6090121802436048,36100.0,25350.95317640751,evaluated,f66d972c032ce709ada69e8d8177e195c7e416800757663b7420c22bda5f6328,562b5976c7f6d44b782498480fce54bad1e3142d9541438f6d7a42a876a3df87,0ecaf30ec3147260f584fff24f30e32a975cba82529f3d3c36d4c49ea0de712f
incumbent-R4-C-f66-v5,canonical:vle_obs_0193,vle_obs_0193-pco2,Jou1995,40.0,0.6420128402568052,103000.0,39487.31588033691,evaluated,f66d972c032ce709ada69e8d8177e195c7e416800757663b7420c22bda5f6328,562b5976c7f6d44b782498480fce54bad1e3142d9541438f6d7a42a876a3df87,0ecaf30ec3147260f584fff24f30e32a975cba82529f3d3c36d4c49ea0de712f
incumbent-R4-C-f66-v5,canonical:vle_obs_0194,vle_obs_0194-pco2,Jou1995,60.0,0.05640112802256045,4.28,3.4251676601669234,evaluated,f66d972c032ce709ada69e8d8177e195c7e416800757663b7420c22bda5f6328,562b5976c7f6d44b782498480fce54bad1e3142d9541438f6d7a42a876a3df87,0ecaf30ec3147260f584fff24f30e32a975cba82529f3d3c36d4c49ea0de712f
incumbent-R4-C-f66-v5,canonical:vle_obs_0195,vle_obs_0195-pco2,Jou1995,60.0,0.11900238004760096,19.3,16.727705434737963,evaluated,f66d972c032ce709ada69e8d8177e195c7e416800757663b7420c22bda5f6328,562b5976c7f6d44b782498480fce54bad1e3142d9541438f6d7a42a876a3df87,0ecaf30ec3147260f584fff24f30e32a975cba82529f3d3c36d4c49ea0de712f
incumbent-R4-C-f66-v5,canonical:vle_obs_0196,vle_obs_0196-pco2,Jou1995,60.0,0.20600412008240165,57.9,74.53315730206674,evaluated,f66d972c032ce709ada69e8d8177e195c7e416800757663b7420c22bda5f6328,562b5976c7f6d44b782498480fce54bad1e3142d9541438f6d7a42a876a3df87,0ecaf30ec3147260f584fff24f30e32a975cba82529f3d3c36d4c49ea0de712f
incumbent-R4-C-f66-v5,canonical:vle_obs_0197,vle_obs_0197-pco2,Jou1995,60.0,0.3890077801556031,528.0,1421.141960530275,evaluated,f66d972c032ce709ada69e8d8177e195c7e416800757663b7420c22bda5f6328,562b5976c7f6d44b782498480fce54bad1e3142d9541438f6d7a42a876a3df87,0ecaf30ec3147260f584fff24f30e32a975cba82529f3d3c36d4c49ea0de712f
incumbent-R4-C-f66-v5,canonical:vle_obs_0198,vle_obs_0198-pco2,Jou1995,60.0,0.4380087601752035,2009.9999999999998,3723.535316039671,evaluated,f66d972c032ce709ada69e8d8177e195c7e416800757663b7420c22bda5f6328,562b5976c7f6d44b782498480fce54bad1e3142d9541438f6d7a42a876a3df87,0ecaf30ec3147260f584fff24f30e32a975cba82529f3d3c36d4c49ea0de712f
incumbent-R4-C-f66-v5,canonical:vle_obs_0199,vle_obs_0199-pco2,Jou1995,60.0,0.5040100802016041,11000.0,15270.969239335629,evaluated,f66d972c032ce709ada69e8d8177e195c7e416800757663b7420c22bda5f6328,562b5976c7f6d44b782498480fce54bad1e3142d9541438f6d7a42a876a3df87,0ecaf30ec3147260f584fff24f30e32a975cba82529f3d3c36d4c49ea0de712f
incumbent-R4-C-f66-v5,canonical:vle_obs_0200,vle_obs_0200-pco2,Jou1995,60.0,0.5610112202244045,34000.0,45141.093668696936,evaluated,f66d972c032ce709ada69e8d8177e195c7e416800757663b7420c22bda5f6328,562b5976c7f6d44b782498480fce54bad1e3142d9541438f6d7a42a876a3df87,0ecaf30ec3147260f584fff24f30e32a975cba82529f3d3c36d4c49ea0de712f
incumbent-R4-C-f66-v5,canonical:vle_obs_0201,vle_obs_0201-pco2,Jou1995,60.0,0.5790115802316046,82000.0,60109.207613447164,evaluated,f66d972c032ce709ada69e8d8177e195c7e416800757663b7420c22bda5f6328,562b5976c7f6d44b782498480fce54bad1e3142d9541438f6d7a42a876a3df87,0ecaf30ec3147260f584fff24f30e32a975cba82529f3d3c36d4c49ea0de712f
incumbent-R4-C-f66-v5,canonical:vle_obs_0202,vle_obs_0202-pco2,Jou1995,60.0,0.6680133602672054,282000.0,174852.84607582752,evaluated,f66d972c032ce709ada69e8d8177e195c7e416800757663b7420c22bda5f6328,562b5976c7f6d44b782498480fce54bad1e3142d9541438f6d7a42a876a3df87,0ecaf30ec3147260f584fff24f30e32a975cba82529f3d3c36d4c49ea0de712f
incumbent-R4-C-f66-v5,canonical:vle_obs_0203,vle_obs_0203-pco2,Jou1995,80.0,0.017400348006960137,2.96,2.0193981346667202,evaluated,f66d972c032ce709ada69e8d8177e195c7e416800757663b7420c22bda5f6328,562b5976c7f6d44b782498480fce54bad1e3142d9541438f6d7a42a876a3df87,0ecaf30ec3147260f584fff24f30e32a975cba82529f3d3c36d4c49ea0de712f
incumbent-R4-C-f66-v5,canonical:vle_obs_0204,vle_obs_0204-pco2,Jou1995,80.0,0.02360047200944019,4.84,3.499842638024415,evaluated,f66d972c032ce709ada69e8d8177e195c7e416800757663b7420c22bda5f6328,562b5976c7f6d44b782498480fce54bad1e3142d9541438f6d7a42a876a3df87,0ecaf30ec3147260f584fff24f30e32a975cba82529f3d3c36d4c49ea0de712f
incumbent-R4-C-f66-v5,canonical:vle_obs_0205,vle_obs_0205-pco2,Jou1995,80.0,0.07810156203124063,46.5,34.55389329972163,evaluated,f66d972c032ce709ada69e8d8177e195c7e416800757663b7420c22bda5f6328,562b5976c7f6d44b782498480fce54bad1e3142d9541438f6d7a42a876a3df87,0ecaf30ec3147260f584fff24f30e32a975cba82529f3d3c36d4c49ea0de712f
incumbent-R4-C-f66-v5,canonical:vle_obs_0206,vle_obs_0206-pco2,Jou1995,80.0,0.11800236004720094,99.2,86.5173981596846,evaluated,f66d972c032ce709ada69e8d8177e195c7e416800757663b7420c22bda5f6328,562b5976c7f6d44b782498480fce54bad1e3142d9541438f6d7a42a876a3df87,0ecaf30ec3147260f584fff24f30e32a975cba82529f3d3c36d4c49ea0de712f
incumbent-R4-C-f66-v5,canonical:vle_obs_0207,vle_obs_0207-pco2,Jou1995,80.0,0.1870037400748015,278.0,295.3053487327955,evaluated,f66d972c032ce709ada69e8d8177e195c7e416800757663b7420c22bda5f6328,562b5976c7f6d44b782498480fce54bad1e3142d9541438f6d7a42a876a3df87,0ecaf30ec3147260f584fff24f30e32a975cba82529f3d3c36d4c49ea0de712f
incumbent-R4-C-f66-v5,canonical:vle_obs_0208,vle_obs_0208-pco2,Jou1995,80.0,0.3480069601392028,2670.0,3741.4756281251207,evaluated,f66d972c032ce709ada69e8d8177e195c7e416800757663b7420c22bda5f6328,562b5976c7f6d44b782498480fce54bad1e3142d9541438f6d7a42a876a3df87,0ecaf30ec3147260f584fff24f30e32a975cba82529f3d3c36d4c49ea0de712f
incumbent-R4-C-f66-v5,canonical:vle_obs_0209,vle_obs_0209-pco2,Jou1995,80.0,0.4600092001840037,16000.0,28584.104992167435,evaluated,f66d972c032ce709ada69e8d8177e195c7e416800757663b7420c22bda5f6328,562b5976c7f6d44b782498480fce54bad1e3142d9541438f6d7a42a876a3df87,0ecaf30ec3147260f584fff24f30e32a975cba82529f3d3c36d4c49ea0de712f
incumbent-R4-C-f66-v5,canonical:vle_obs_0210,vle_obs_0210-pco2,Jou1995,80.0,0.5170103402068041,56000.0,81345.13571259839,evaluated,f66d972c032ce709ada69e8d8177e195c7e416800757663b7420c22bda5f6328,562b5976c7f6d44b782498480fce54bad1e3142d9541438f6d7a42a876a3df87,0ecaf30ec3147260f584fff24f30e32a975cba82529f3d3c36d4c49ea0de712f
incumbent-R4-C-f66-v5,canonical:vle_obs_0211,vle_obs_0211-pco2,Jou1995,80.0,0.5785115702314046,235000.0,202256.34962986968,evaluated,f66d972c032ce709ada69e8d8177e195c7e416800757663b7420c22bda5f6328,562b5976c7f6d44b782498480fce54bad1e3142d9541438f6d7a42a876a3df87,0ecaf30ec3147260f584fff24f30e32a975cba82529f3d3c36d4c49ea0de712f
incumbent-R4-C-f66-v5,canonical:vle_obs_0212,vle_obs_0212-pco2,Jou1995,80.0,0.6400128002560052,558000.0,387449.8797367804,evaluated,f66d972c032ce709ada69e8d8177e195c7e416800757663b7420c22bda5f6328,562b5976c7f6d44b782498480fce54bad1e3142d9541438f6d7a42a876a3df87,0ecaf30ec3147260f584fff24f30e32a975cba82529f3d3c36d4c49ea0de712f
incumbent-R4-C-f66-v5,canonical:vle_obs_0213,vle_obs_0213-pco2,Jou1995,80.0,0.6890137802756054,958000.0,565509.1973617573,evaluated,f66d972c032ce709ada69e8d8177e195c7e416800757663b7420c22bda5f6328,562b5976c7f6d44b782498480fce54bad1e3142d9541438f6d7a42a876a3df87,0ecaf30ec3147260f584fff24f30e32a975cba82529f3d3c36d4c49ea0de712f
incumbent-R4-C-f66-v5,canonical:vle_obs_0214,vle_obs_0214-pco2,Jou1995,100.0,0.011700234004680093,7.24,4.732483617395125,evaluated,f66d972c032ce709ada69e8d8177e195c7e416800757663b7420c22bda5f6328,562b5976c7f6d44b782498480fce54bad1e3142d9541438f6d7a42a876a3df87,0ecaf30ec3147260f584fff24f30e32a975cba82529f3d3c36d4c49ea0de712f
incumbent-R4-C-f66-v5,canonical:vle_obs_0215,vle_obs_0215-pco2,Jou1995,100.0,0.05660113202264045,136.0,85.8809607049765,evaluated,f66d972c032ce709ada69e8d8177e195c7e416800757663b7420c22bda5f6328,562b5976c7f6d44b782498480fce54bad1e3142d9541438f6d7a42a876a3df87,0ecaf30ec3147260f584fff24f30e32a975cba82529f3d3c36d4c49ea0de712f
incumbent-R4-C-f66-v5,canonical:vle_obs_0216,vle_obs_0216-pco2,Jou1995,100.0,0.1880037600752015,1430.0,1453.887212081569,evaluated,f66d972c032ce709ada69e8d8177e195c7e416800757663b7420c22bda5f6328,562b5976c7f6d44b782498480fce54bad1e3142d9541438f6d7a42a876a3df87,0ecaf30ec3147260f584fff24f30e32a975cba82529f3d3c36d4c49ea0de712f
incumbent-R4-C-f66-v5,canonical:vle_obs_0217,vle_obs_0217-pco2,Jou1995,100.0,0.3810076201524031,19000.0,30937.57711842074,evaluated,f66d972c032ce709ada69e8d8177e195c7e416800757663b7420c22bda5f6328,562b5976c7f6d44b782498480fce54bad1e3142d9541438f6d7a42a876a3df87,0ecaf30ec3147260f584fff24f30e32a975cba82529f3d3c36d4c49ea0de712f
incumbent-R4-C-f66-v5,canonical:vle_obs_0218,vle_obs_0218-pco2,Jou1995,100.0,0.42200844016880334,39000.0,61891.59361642437,evaluated,f66d972c032ce709ada69e8d8177e195c7e416800757663b7420c22bda5f6328,562b5976c7f6d44b782498480fce54bad1e3142d9541438f6d7a42a876a3df87,0ecaf30ec3147260f584fff24f30e32a975cba82529f3d3c36d4c49ea0de712f
incumbent-R4-C-f66-v5,canonical:vle_obs_0219,vle_obs_0219-pco2,Jou1995,100.0,0.4770095401908038,69000.0,153850.359008701,evaluated,f66d972c032ce709ada69e8d8177e195c7e416800757663b7420c22bda5f6328,562b5976c7f6d44b782498480fce54bad1e3142d9541438f6d7a42a876a3df87,0ecaf30ec3147260f584fff24f30e32a975cba82529f3d3c36d4c49ea0de712f
incumbent-R4-C-f66-v5,canonical:vle_obs_0220,vle_obs_0220-pco2,Jou1995,100.0,0.48100962019240384,109000.0,163779.6622378046,evaluated,f66d972c032ce709ada69e8d8177e195c7e416800757663b7420c22bda5f6328,562b5976c7f6d44b782498480fce54bad1e3142d9541438f6d7a42a876a3df87,0ecaf30ec3147260f584fff24f30e32a975cba82529f3d3c36d4c49ea0de712f
incumbent-R4-C-f66-v5,canonical:vle_obs_0221,vle_obs_0221-pco2,Jou1995,100.0,0.5710114202284046,509000.0,522209.90939453046,evaluated,f66d972c032ce709ada69e8d8177e195c7e416800757663b7420c22bda5f6328,562b5976c7f6d44b782498480fce54bad1e3142d9541438f6d7a42a876a3df87,0ecaf30ec3147260f584fff24f30e32a975cba82529f3d3c36d4c49ea0de712f
incumbent-R4-C-f66-v5,canonical:vle_obs_0222,vle_obs_0222-pco2,Jou1995,100.0,0.5890117802356047,376000.0,620409.1608676433,evaluated,f66d972c032ce709ada69e8d8177e195c7e416800757663b7420c22bda5f6328,562b5976c7f6d44b782498480fce54bad1e3142d9541438f6d7a42a876a3df87,0ecaf30ec3147260f584fff24f30e32a975cba82529f3d3c36d4c49ea0de712f
incumbent-R4-C-f66-v5,canonical:vle_obs_0223,vle_obs_0223-pco2,Jou1995,100.0,0.613512270245405,909000.0,763298.4337345569,evaluated,f66d972c032ce709ada69e8d8177e195c7e416800757663b7420c22bda5f6328,562b5976c7f6d44b782498480fce54bad1e3142d9541438f6d7a42a876a3df87,0ecaf30ec3147260f584fff24f30e32a975cba82529f3d3c36d4c49ea0de712f
incumbent-R4-C-f66-v5,canonical:vle_obs_0224,vle_obs_0224-pco2,Jou1995,120.0,0.0033300666013320267,2.02,2.3086389671253476,evaluated,f66d972c032ce709ada69e8d8177e195c7e416800757663b7420c22bda5f6328,562b5976c7f6d44b782498480fce54bad1e3142d9541438f6d7a42a876a3df87,0ecaf30ec3147260f584fff24f30e32a975cba82529f3d3c36d4c49ea0de712f
incumbent-R4-C-f66-v5,canonical:vle_obs_0225,vle_obs_0225-pco2,Jou1995,120.0,0.01120022400448009,22.1,19.27395989331426,evaluated,f66d972c032ce709ada69e8d8177e195c7e416800757663b7420c22bda5f6328,562b5976c7f6d44b782498480fce54bad1e3142d9541438f6d7a42a876a3df87,0ecaf30ec3147260f584fff24f30e32a975cba82529f3d3c36d4c49ea0de712f
incumbent-R4-C-f66-v5,canonical:vle_obs_0226,vle_obs_0226-pco2,Jou1995,120.0,0.024700494009880197,98.4,79.61784554891359,evaluated,f66d972c032ce709ada69e8d8177e195c7e416800757663b7420c22bda5f6328,562b5976c7f6d44b782498480fce54bad1e3142d9541438f6d7a42a876a3df87,0ecaf30ec3147260f584fff24f30e32a975cba82529f3d3c36d4c49ea0de712f
incumbent-R4-C-f66-v5,canonical:vle_obs_0227,vle_obs_0227-pco2,Jou1995,120.0,0.11900238004760096,2290.0,1873.957345482302,evaluated,f66d972c032ce709ada69e8d8177e195c7e416800757663b7420c22bda5f6328,562b5976c7f6d44b782498480fce54bad1e3142d9541438f6d7a42a876a3df87,0ecaf30ec3147260f584fff24f30e32a975cba82529f3d3c36d4c49ea0de712f
incumbent-R4-C-f66-v5,canonical:vle_obs_0228,vle_obs_0228-pco2,Jou1995,120.0,0.3490069801396028,46800.0,77337.8097223188,evaluated,f66d972c032ce709ada69e8d8177e195c7e416800757663b7420c22bda5f6328,562b5976c7f6d44b782498480fce54bad1e3142d9541438f6d7a42a876a3df87,0ecaf30ec3147260f584fff24f30e32a975cba82529f3d3c36d4c49ea0de712f
incumbent-R4-C-f66-v5,canonical:vle_obs_0229,vle_obs_0229-pco2,Jou1995,120.0,0.41150823016460325,122000.0,198306.03561992268,evaluated,f66d972c032ce709ada69e8d8177e195c7e416800757663b7420c22bda5f6328,562b5976c7f6d44b782498480fce54bad1e3142d9541438f6d7a42a876a3df87,0ecaf30ec3147260f584fff24f30e32a975cba82529f3d3c36d4c49ea0de712f
incumbent-R4-C-f66-v5,canonical:vle_obs_0230,vle_obs_0230-pco2,Jou1995,120.0,0.4440088801776036,222000.0,313731.3887890269,evaluated,f66d972c032ce709ada69e8d8177e195c7e416800757663b7420c22bda5f6328,562b5976c7f6d44b782498480fce54bad1e3142d9541438f6d7a42a876a3df87,0ecaf30ec3147260f584fff24f30e32a975cba82529f3d3c36d4c49ea0de712f
incumbent-R4-C-f66-v5,canonical:vle_obs_0231,vle_obs_0231-pco2,Jou1995,120.0,0.47300946018920376,422000.0,455964.1004712181,evaluated,f66d972c032ce709ada69e8d8177e195c7e416800757663b7420c22bda5f6328,562b5976c7f6d44b782498480fce54bad1e3142d9541438f6d7a42a876a3df87,0ecaf30ec3147260f584fff24f30e32a975cba82529f3d3c36d4c49ea0de712f
incumbent-R4-C-f66-v5,canonical:vle_obs_0232,vle_obs_0232-pco2,Jou1995,120.0,0.5360107202144043,822000.0,887376.4736996893,evaluated,f66d972c032ce709ada69e8d8177e195c7e416800757663b7420c22bda5f6328,562b5976c7f6d44b782498480fce54bad1e3142d9541438f6d7a42a876a3df87,0ecaf30ec3147260f584fff24f30e32a975cba82529f3d3c36d4c49ea0de712f
incumbent-R4-C-f66-v5,canonical:vle_obs_0233,vle_obs_0233-pco2,Jou1995,120.0,0.6390127802556052,2804000.0,1804881.8188895683,evaluated,f66d972c032ce709ada69e8d8177e195c7e416800757663b7420c22bda5f6328,562b5976c7f6d44b782498480fce54bad1e3142d9541438f6d7a42a876a3df87,0ecaf30ec3147260f584fff24f30e32a975cba82529f3d3c36d4c49ea0de712f
incumbent-R4-C-f66-v5,canonical:vle_obs_0246,vle_obs_0246-pco2,Mamun2005,120.0,0.15500310006200124,7354.0,3689.4526016822724,evaluated,f66d972c032ce709ada69e8d8177e195c7e416800757663b7420c22bda5f6328,562b5976c7f6d44b782498480fce54bad1e3142d9541438f6d7a42a876a3df87,0ecaf30ec3147260f584fff24f30e32a975cba82529f3d3c36d4c49ea0de712f
incumbent-R4-C-f66-v5,canonical:vle_obs_0247,vle_obs_0247-pco2,Mamun2005,120.0,0.17660353207064142,9314.0,5342.253234736586,evaluated,f66d972c032ce709ada69e8d8177e195c7e416800757663b7420c22bda5f6328,562b5976c7f6d44b782498480fce54bad1e3142d9541438f6d7a42a876a3df87,0ecaf30ec3147260f584fff24f30e32a975cba82529f3d3c36d4c49ea0de712f
incumbent-R4-C-f66-v5,canonical:vle_obs_0248,vle_obs_0248-pco2,Mamun2005,120.0,0.18430368607372147,9045.0,6069.119987512489,evaluated,f66d972c032ce709ada69e8d8177e195c7e416800757663b7420c22bda5f6328,562b5976c7f6d44b782498480fce54bad1e3142d9541438f6d7a42a876a3df87,0ecaf30ec3147260f584fff24f30e32a975cba82529f3d3c36d4c49ea0de712f
incumbent-R4-C-f66-v5,canonical:vle_obs_0249,vle_obs_0249-pco2,Mamun2005,120.0,0.20850417008340166,15510.0,8964.300953192842,evaluated,f66d972c032ce709ada69e8d8177e195c7e416800757663b7420c22bda5f6328,562b5976c7f6d44b782498480fce54bad1e3142d9541438f6d7a42a876a3df87,0ecaf30ec3147260f584fff24f30e32a975cba82529f3d3c36d4c49ea0de712f
incumbent-R4-C-f66-v5,canonical:vle_obs_0250,vle_obs_0250-pco2,Mamun2005,120.0,0.23260465209304187,19620.0,13068.409415693215,evaluated,f66d972c032ce709ada69e8d8177e195c7e416800757663b7420c22bda5f6328,562b5976c7f6d44b782498480fce54bad1e3142d9541438f6d7a42a876a3df87,0ecaf30ec3147260f584fff24f30e32a975cba82529f3d3c36d4c49ea0de712f
incumbent-R4-C-f66-v5,canonical:vle_obs_0251,vle_obs_0251-pco2,Mamun2005,120.0,0.23810476209524192,25200.0,14227.227924844434,evaluated,f66d972c032ce709ada69e8d8177e195c7e416800757663b7420c22bda5f6328,562b5976c7f6d44b782498480fce54bad1e3142d9541438f6d7a42a876a3df87,0ecaf30ec3147260f584fff24f30e32a975cba82529f3d3c36d4c49ea0de712f
incumbent-R4-C-f66-v5,canonical:vle_obs_0252,vle_obs_0252-pco2,Mamun2005,120.0,0.25600512010240206,27710.0,18725.595202344164,evaluated,f66d972c032ce709ada69e8d8177e195c7e416800757663b7420c22bda5f6328,562b5976c7f6d44b782498480fce54bad1e3142d9541438f6d7a42a876a3df87,0ecaf30ec3147260f584fff24f30e32a975cba82529f3d3c36d4c49ea0de712f
incumbent-R4-C-f66-v5,canonical:vle_obs_0253,vle_obs_0253-pco2,Mamun2005,120.0,0.29010580211604237,39180.0,31485.99541094615,evaluated,f66d972c032ce709ada69e8d8177e195c7e416800757663b7420c22bda5f6328,562b5976c7f6d44b782498480fce54bad1e3142d9541438f6d7a42a876a3df87,0ecaf30ec3147260f584fff24f30e32a975cba82529f3d3c36d4c49ea0de712f
incumbent-R4-C-f66-v5,canonical:vle_obs_0254,vle_obs_0254-pco2,Mamun2005,120.0,0.2967059341186824,40400.0,34813.462691444554,evaluated,f66d972c032ce709ada69e8d8177e195c7e416800757663b7420c22bda5f6328,562b5976c7f6d44b782498480fce54bad1e3142d9541438f6d7a42a876a3df87,0ecaf30ec3147260f584fff24f30e32a975cba82529f3d3c36d4c49ea0de712f
incumbent-R4-C-f66-v5,canonical:vle_obs_0255,vle_obs_0255-pco2,Mamun2005,120.0,0.3004060081201624,43490.0,36831.02332176891,evaluated,f66d972c032ce709ada69e8d8177e195c7e416800757663b7420c22bda5f6328,562b5976c7f6d44b782498480fce54bad1e3142d9541438f6d7a42a876a3df87,0ecaf30ec3147260f584fff24f30e32a975cba82529f3d3c36d4c49ea0de712f
incumbent-R4-C-f66-v5,canonical:vle_obs_0256,vle_obs_0256-pco2,Mamun2005,120.0,0.3125062501250025,51820.0,44287.84262868421,evaluated,f66d972c032ce709ada69e8d8177e195c7e416800757663b7420c22bda5f6328,562b5976c7f6d44b782498480fce54bad1e3142d9541438f6d7a42a876a3df87,0ecaf30ec3147260f584fff24f30e32a975cba82529f3d3c36d4c49ea0de712f
incumbent-R4-C-f66-v5,canonical:vle_obs_0257,vle_obs_0257-pco2,Mamun2005,120.0,0.31910638212764253,58570.0,48978.445381327314,evaluated,f66d972c032ce709ada69e8d8177e195c7e416800757663b7420c22bda5f6328,562b5976c7f6d44b782498480fce54bad1e3142d9541438f6d7a42a876a3df87,0ecaf30ec3147260f584fff24f30e32a975cba82529f3d3c36d4c49ea0de712f
incumbent-R4-C-f66-v5,canonical:vle_obs_0258,vle_obs_0258-pco2,Mamun2005,120.0,0.32980659613192265,62880.0,57670.58186370237,evaluated,f66d972c032ce709ada69e8d8177e195c7e416800757663b7420c22bda5f6328,562b5976c7f6d44b782498480fce54bad1e3142d9541438f6d7a42a876a3df87,0ecaf30ec3147260f584fff24f30e32a975cba82529f3d3c36d4c49ea0de712f
incumbent-R4-C-f66-v5,canonical:vle_obs_0259,vle_obs_0259-pco2,Mamun2005,120.0,0.3424068481369627,77590.0,69916.66340563497,evaluated,f66d972c032ce709ada69e8d8177e195c7e416800757663b7420c22bda5f6328,562b5976c7f6d44b782498480fce54bad1e3142d9541438f6d7a42a876a3df87,0ecaf30ec3147260f584fff24f30e32a975cba82529f3d3c36d4c49ea0de712f
incumbent-R4-C-f66-v5,canonical:vle_obs_0260,vle_obs_0260-pco2,Mamun2005,120.0,0.3424068481369627,74950.0,69916.66340563497,evaluated,f66d972c032ce709ada69e8d8177e195c7e416800757663b7420c22bda5f6328,562b5976c7f6d44b782498480fce54bad1e3142d9541438f6d7a42a876a3df87,0ecaf30ec3147260f584fff24f30e32a975cba82529f3d3c36d4c49ea0de712f
incumbent-R4-C-f66-v5,canonical:vle_obs_0261,vle_obs_0261-pco2,Mamun2005,120.0,0.3500070001400028,83610.0,78528.76079403081,evaluated,f66d972c032ce709ada69e8d8177e195c7e416800757663b7420c22bda5f6328,562b5976c7f6d44b782498480fce54bad1e3142d9541438f6d7a42a876a3df87,0ecaf30ec3147260f584fff24f30e32a975cba82529f3d3c36d4c49ea0de712f
incumbent-R4-C-f66-v5,canonical:vle_obs_0262,vle_obs_0262-pco2,Mamun2005,120.0,0.3594071881437629,92790.0,90652.00467740017,evaluated,f66d972c032ce709ada69e8d8177e195c7e416800757663b7420c22bda5f6328,562b5976c7f6d44b782498480fce54bad1e3142d9541438f6d7a42a876a3df87,0ecaf30ec3147260f584fff24f30e32a975cba82529f3d3c36d4c49ea0de712f
incumbent-R4-C-f66-v5,canonical:vle_obs_0263,vle_obs_0263-pco2,Mamun2005,120.0,0.38820776415528313,137900.0,140330.13987221065,evaluated,f66d972c032ce709ada69e8d8177e195c7e416800757663b7420c22bda5f6328,562b5976c7f6d44b782498480fce54bad1e3142d9541438f6d7a42a876a3df87,0ecaf30ec3147260f584fff24f30e32a975cba82529f3d3c36d4c49ea0de712f
incumbent-R4-C-f66-v5,canonical:vle_obs_0264,vle_obs_0264-pco2,Mamun2005,120.0,0.41820836416728335,191900.0,218563.45043007453,evaluated,f66d972c032ce709ada69e8d8177e195c7e416800757663b7420c22bda5f6328,562b5976c7f6d44b782498480fce54bad1e3142d9541438f6d7a42a876a3df87,0ecaf30ec3147260f584fff24f30e32a975cba82529f3d3c36d4c49ea0de712f
incumbent-R4-C-f66-v5,canonical:vle_obs_0265,vle_obs_0265-pco2,Xu2011,100.0,0.3880077601552031,34000.0,34790.198225525826,evaluated,f66d972c032ce709ada69e8d8177e195c7e416800757663b7420c22bda5f6328,562b5976c7f6d44b782498480fce54bad1e3142d9541438f6d7a42a876a3df87,0ecaf30ec3147260f584fff24f30e32a975cba82529f3d3c36d4c49ea0de712f
incumbent-R4-C-f66-v5,canonical:vle_obs_0266,vle_obs_0266-pco2,Xu2011,100.0,0.4240084801696034,101000.0,64030.95379630826,evaluated,f66d972c032ce709ada69e8d8177e195c7e416800757663b7420c22bda5f6328,562b5976c7f6d44b782498480fce54bad1e3142d9541438f6d7a42a876a3df87,0ecaf30ec3147260f584fff24f30e32a975cba82529f3d3c36d4c49ea0de712f
incumbent-R4-C-f66-v5,canonical:vle_obs_0267,vle_obs_0267-pco2,Xu2011,100.0,0.4250085001700034,86000.0,65127.83224765624,evaluated,f66d972c032ce709ada69e8d8177e195c7e416800757663b7420c22bda5f6328,562b5976c7f6d44b782498480fce54bad1e3142d9541438f6d7a42a876a3df87,0ecaf30ec3147260f584fff24f30e32a975cba82529f3d3c36d4c49ea0de712f
incumbent-R4-C-f66-v5,canonical:vle_obs_0268,vle_obs_0268-pco2,Xu2011,100.0,0.501010020200404,167000.0,221200.60240755638,evaluated,f66d972c032ce709ada69e8d8177e195c7e416800757663b7420c22bda5f6328,562b5976c7f6d44b782498480fce54bad1e3142d9541438f6d7a42a876a3df87,0ecaf30ec3147260f584fff24f30e32a975cba82529f3d3c36d4c49ea0de712f
incumbent-R4-C-f66-v5,canonical:vle_obs_0269,vle_obs_0269-pco2,Xu2011,100.0,0.5200104002080042,233000.0,288040.6802613811,evaluated,f66d972c032ce709ada69e8d8177e195c7e416800757663b7420c22bda5f6328,562b5976c7f6d44b782498480fce54bad1e3142d9541438f6d7a42a876a3df87,0ecaf30ec3147260f584fff24f30e32a975cba82529f3d3c36d4c49ea0de712f
incumbent-R4-C-f66-v5,canonical:vle_obs_0270,vle_obs_0270-pco2,Xu2011,100.0,0.3150063001260025,16000.0,10592.784196744818,evaluated,f66d972c032ce709ada69e8d8177e195c7e416800757663b7420c22bda5f6328,562b5976c7f6d44b782498480fce54bad1e3142d9541438f6d7a42a876a3df87,0ecaf30ec3147260f584fff24f30e32a975cba82529f3d3c36d4c49ea0de712f
incumbent-R4-C-f66-v5,canonical:vle_obs_0271,vle_obs_0271-pco2,Xu2011,100.0,0.47500950019000376,95000.0,149073.5356826439,evaluated,f66d972c032ce709ada69e8d8177e195c7e416800757663b7420c22bda5f6328,562b5976c7f6d44b782498480fce54bad1e3142d9541438f6d7a42a876a3df87,0ecaf30ec3147260f584fff24f30e32a975cba82529f3d3c36d4c49ea0de712f
incumbent-R4-C-f66-v5,canonical:vle_obs_0272,vle_obs_0272-pco2,Xu2011,100.0,0.3150063001260025,12000.0,10592.784196744818,evaluated,f66d972c032ce709ada69e8d8177e195c7e416800757663b7420c22bda5f6328,562b5976c7f6d44b782498480fce54bad1e3142d9541438f6d7a42a876a3df87,0ecaf30ec3147260f584fff24f30e32a975cba82529f3d3c36d4c49ea0de712f
incumbent-R4-C-f66-v5,canonical:vle_obs_0279,vle_obs_0279-pco2,Xu2011,120.0,0.370007400148003,63000.0,106543.67990691375,evaluated,f66d972c032ce709ada69e8d8177e195c7e416800757663b7420c22bda5f6328,562b5976c7f6d44b782498480fce54bad1e3142d9541438f6d7a42a876a3df87,0ecaf30ec3147260f584fff24f30e32a975cba82529f3d3c36d4c49ea0de712f
incumbent-R4-C-f66-v5,canonical:vle_obs_0280,vle_obs_0280-pco2,Xu2011,120.0,0.3850077001540031,108000.0,133728.93341354653,evaluated,f66d972c032ce709ada69e8d8177e195c7e416800757663b7420c22bda5f6328,562b5976c7f6d44b782498480fce54bad1e3142d9541438f6d7a42a876a3df87,0ecaf30ec3147260f584fff24f30e32a975cba82529f3d3c36d4c49ea0de712f
incumbent-R4-C-f66-v5,canonical:vle_obs_0281,vle_obs_0281-pco2,Xu2011,120.0,0.3870077401548031,62000.0,137819.41443830912,evaluated,f66d972c032ce709ada69e8d8177e195c7e416800757663b7420c22bda5f6328,562b5976c7f6d44b782498480fce54bad1e3142d9541438f6d7a42a876a3df87,0ecaf30ec3147260f584fff24f30e32a975cba82529f3d3c36d4c49ea0de712f
incumbent-R4-C-f66-v5,canonical:vle_obs_0282,vle_obs_0282-pco2,Xu2011,120.0,0.42200844016880334,237000.0,230833.00112001767,evaluated,f66d972c032ce709ada69e8d8177e195c7e416800757663b7420c22bda5f6328,562b5976c7f6d44b782498480fce54bad1e3142d9541438f6d7a42a876a3df87,0ecaf30ec3147260f584fff24f30e32a975cba82529f3d3c36d4c49ea0de712f
incumbent-R4-C-f66-v5,canonical:vle_obs_0283,vle_obs_0283-pco2,Xu2011,120.0,0.4230084601692034,192000.0,234158.23056713547,evaluated,f66d972c032ce709ada69e8d8177e195c7e416800757663b7420c22bda5f6328,562b5976c7f6d44b782498480fce54bad1e3142d9541438f6d7a42a876a3df87,0ecaf30ec3147260f584fff24f30e32a975cba82529f3d3c36d4c49ea0de712f
incumbent-R4-C-f66-v5,canonical:vle_obs_0284,vle_obs_0284-pco2,Xu2011,120.0,0.49200984019680394,387000.0,569615.6890035187,evaluated,f66d972c032ce709ada69e8d8177e195c7e416800757663b7420c22bda5f6328,562b5976c7f6d44b782498480fce54bad1e3142d9541438f6d7a42a876a3df87,0ecaf30ec3147260f584fff24f30e32a975cba82529f3d3c36d4c49ea0de712f
incumbent-R4-C-f66-v5,canonical:vle_obs_0285,vle_obs_0285-pco2,Xu2011,120.0,0.5080101602032041,512000.0,677033.7840876635,evaluated,f66d972c032ce709ada69e8d8177e195c7e416800757663b7420c22bda5f6328,562b5976c7f6d44b782498480fce54bad1e3142d9541438f6d7a42a876a3df87,0ecaf30ec3147260f584fff24f30e32a975cba82529f3d3c36d4c49ea0de712f
incumbent-R4-C-f66-v5,canonical:vle_obs_0286,vle_obs_0286-pco2,Xu2011,120.0,0.3140062801256025,50000.0,45312.49963888793,evaluated,f66d972c032ce709ada69e8d8177e195c7e416800757663b7420c22bda5f6328,562b5976c7f6d44b782498480fce54bad1e3142d9541438f6d7a42a876a3df87,0ecaf30ec3147260f584fff24f30e32a975cba82529f3d3c36d4c49ea0de712f
incumbent-R4-C-f66-v5,canonical:vle_obs_0287,vle_obs_0287-pco2,Xu2011,120.0,0.4670093401868038,283000.0,423397.8615120788,evaluated,f66d972c032ce709ada69e8d8177e195c7e416800757663b7420c22bda5f6328,562b5976c7f6d44b782498480fce54bad1e3142d9541438f6d7a42a876a3df87,0ecaf30ec3147260f584fff24f30e32a975cba82529f3d3c36d4c49ea0de712f
incumbent-R4-C-f66-v5,canonical:vle_obs_0288,vle_obs_0288-pco2,Xu2011,120.0,0.3140062801256025,45000.0,45312.49963888793,evaluated,f66d972c032ce709ada69e8d8177e195c7e416800757663b7420c22bda5f6328,562b5976c7f6d44b782498480fce54bad1e3142d9541438f6d7a42a876a3df87,0ecaf30ec3147260f584fff24f30e32a975cba82529f3d3c36d4c49ea0de712f
source-R4-C-f66-v5,vle_obs_0119,vle_obs_0119-pco2,Hilliard2008,40.0,0.15290305806116122,5.7,5.182569997878754,evaluated,f66d972c032ce709ada69e8d8177e195c7e416800757663b7420c22bda5f6328,562b5976c7f6d44b782498480fce54bad1e3142d9541438f6d7a42a876a3df87,0ecaf30ec3147260f584fff24f30e32a975cba82529f3d3c36d4c49ea0de712f
source-R4-C-f66-v5,vle_obs_0120,vle_obs_0120-pco2,Hilliard2008,40.0,0.16290325806516132,6.64,6.11790684084593,evaluated,f66d972c032ce709ada69e8d8177e195c7e416800757663b7420c22bda5f6328,562b5976c7f6d44b782498480fce54bad1e3142d9541438f6d7a42a876a3df87,0ecaf30ec3147260f584fff24f30e32a975cba82529f3d3c36d4c49ea0de712f
source-R4-C-f66-v5,vle_obs_0121,vle_obs_0121-pco2,Hilliard2008,40.0,0.1699033980679614,7.21,6.852636708000938,evaluated,f66d972c032ce709ada69e8d8177e195c7e416800757663b7420c22bda5f6328,562b5976c7f6d44b782498480fce54bad1e3142d9541438f6d7a42a876a3df87,0ecaf30ec3147260f584fff24f30e32a975cba82529f3d3c36d4c49ea0de712f
source-R4-C-f66-v5,vle_obs_0122,vle_obs_0122-pco2,Hilliard2008,40.0,0.19090381807636156,9.950000000000001,9.528160452863206,evaluated,f66d972c032ce709ada69e8d8177e195c7e416800757663b7420c22bda5f6328,562b5976c7f6d44b782498480fce54bad1e3142d9541438f6d7a42a876a3df87,0ecaf30ec3147260f584fff24f30e32a975cba82529f3d3c36d4c49ea0de712f
source-R4-C-f66-v5,vle_obs_0123,vle_obs_0123-pco2,Hilliard2008,40.0,0.19390387807756157,9.85,9.977036924726182,evaluated,f66d972c032ce709ada69e8d8177e195c7e416800757663b7420c22bda5f6328,562b5976c7f6d44b782498480fce54bad1e3142d9541438f6d7a42a876a3df87,0ecaf30ec3147260f584fff24f30e32a975cba82529f3d3c36d4c49ea0de712f
source-R4-C-f66-v5,vle_obs_0124,vle_obs_0124-pco2,Hilliard2008,40.0,0.23190463809276188,14.6,17.62494819589743,evaluated,f66d972c032ce709ada69e8d8177e195c7e416800757663b7420c22bda5f6328,562b5976c7f6d44b782498480fce54bad1e3142d9541438f6d7a42a876a3df87,0ecaf30ec3147260f584fff24f30e32a975cba82529f3d3c36d4c49ea0de712f
source-R4-C-f66-v5,vle_obs_0125,vle_obs_0125-pco2,Hilliard2008,40.0,0.24590491809836199,19.099999999999998,21.65883337253815,evaluated,f66d972c032ce709ada69e8d8177e195c7e416800757663b7420c22bda5f6328,562b5976c7f6d44b782498480fce54bad1e3142d9541438f6d7a42a876a3df87,0ecaf30ec3147260f584fff24f30e32a975cba82529f3d3c36d4c49ea0de712f
source-R4-C-f66-v5,vle_obs_0126,vle_obs_0126-pco2,Hilliard2008,40.0,0.2689053781075622,23.099999999999998,30.391043197905766,evaluated,f66d972c032ce709ada69e8d8177e195c7e416800757663b7420c22bda5f6328,562b5976c7f6d44b782498480fce54bad1e3142d9541438f6d7a42a876a3df87,0ecaf30ec3147260f584fff24f30e32a975cba82529f3d3c36d4c49ea0de712f
source-R4-C-f66-v5,vle_obs_0127,vle_obs_0127-pco2,Hilliard2008,40.0,0.2719054381087622,22.4,31.770537423453113,evaluated,f66d972c032ce709ada69e8d8177e195c7e416800757663b7420c22bda5f6328,562b5976c7f6d44b782498480fce54bad1e3142d9541438f6d7a42a876a3df87,0ecaf30ec3147260f584fff24f30e32a975cba82529f3d3c36d4c49ea0de712f
source-R4-C-f66-v5,vle_obs_0128,vle_obs_0128-pco2,Hilliard2008,40.0,0.32590651813036264,48.5,72.33992799396384,evaluated,f66d972c032ce709ada69e8d8177e195c7e416800757663b7420c22bda5f6328,562b5976c7f6d44b782498480fce54bad1e3142d9541438f6d7a42a876a3df87,0ecaf30ec3147260f584fff24f30e32a975cba82529f3d3c36d4c49ea0de712f
source-R4-C-f66-v5,vle_obs_0129,vle_obs_0129-pco2,Hilliard2008,40.0,0.3479069581391628,66.19999999999999,103.40037083679937,evaluated,f66d972c032ce709ada69e8d8177e195c7e416800757663b7420c22bda5f6328,562b5976c7f6d44b782498480fce54bad1e3142d9541438f6d7a42a876a3df87,0ecaf30ec3147260f584fff24f30e32a975cba82529f3d3c36d4c49ea0de712f
source-R4-C-f66-v5,vle_obs_0130,vle_obs_0130-pco2,Hilliard2008,40.0,0.3499069981399628,72.1,106.91156986659269,evaluated,f66d972c032ce709ada69e8d8177e195c7e416800757663b7420c22bda5f6328,562b5976c7f6d44b782498480fce54bad1e3142d9541438f6d7a42a876a3df87,0ecaf30ec3147260f584fff24f30e32a975cba82529f3d3c36d4c49ea0de712f
source-R4-C-f66-v5,vle_obs_0131,vle_obs_0131-pco2,Hilliard2008,40.0,0.3599071981439629,96.60000000000001,126.6745606460709,evaluated,f66d972c032ce709ada69e8d8177e195c7e416800757663b7420c22bda5f6328,562b5976c7f6d44b782498480fce54bad1e3142d9541438f6d7a42a876a3df87,0ecaf30ec3147260f584fff24f30e32a975cba82529f3d3c36d4c49ea0de712f
source-R4-C-f66-v5,vle_obs_0132,vle_obs_0132-pco2,Hilliard2008,40.0,0.3819076381527631,131.0,187.28539344427267,evaluated,f66d972c032ce709ada69e8d8177e195c7e416800757663b7420c22bda5f6328,562b5976c7f6d44b782498480fce54bad1e3142d9541438f6d7a42a876a3df87,0ecaf30ec3147260f584fff24f30e32a975cba82529f3d3c36d4c49ea0de712f
source-R4-C-f66-v5,vle_obs_0133,vle_obs_0133-pco2,Hilliard2008,40.0,0.3859077181543631,120.0,201.69200244290758,evaluated,f66d972c032ce709ada69e8d8177e195c7e416800757663b7420c22bda5f6328,562b5976c7f6d44b782498480fce54bad1e3142d9541438f6d7a42a876a3df87,0ecaf30ec3147260f584fff24f30e32a975cba82529f3d3c36d4c49ea0de712f
source-R4-C-f66-v5,vle_obs_0134,vle_obs_0134-pco2,Hilliard2008,40.0,0.38890777815556316,113.0,213.3631982688816,evaluated,f66d972c032ce709ada69e8d8177e195c7e416800757663b7420c22bda5f6328,562b5976c7f6d44b782498480fce54bad1e3142d9541438f6d7a42a876a3df87,0ecaf30ec3147260f584fff24f30e32a975cba82529f3d3c36d4c49ea0de712f
source-R4-C-f66-v5,vle_obs_0135,vle_obs_0135-pco2,Hilliard2008,40.0,0.39990799815996325,128.0,263.61599719309146,evaluated,f66d972c032ce709ada69e8d8177e195c7e416800757663b7420c22bda5f6328,562b5976c7f6d44b782498480fce54bad1e3142d9541438f6d7a42a876a3df87,0ecaf30ec3147260f584fff24f30e32a975cba82529f3d3c36d4c49ea0de712f
source-R4-C-f66-v5,vle_obs_0136,vle_obs_0136-pco2,Hilliard2008,40.0,0.46390927818556377,750.0,1094.4792976796964,evaluated,f66d972c032ce709ada69e8d8177e195c7e416800757663b7420c22bda5f6328,562b5976c7f6d44b782498480fce54bad1e3142d9541438f6d7a42a876a3df87,0ecaf30ec3147260f584fff24f30e32a975cba82529f3d3c36d4c49ea0de712f
source-R4-C-f66-v5,vle_obs_0137,vle_obs_0137-pco2,Hilliard2008,40.0,0.4659093181863638,574.0,1150.406120513062,evaluated,f66d972c032ce709ada69e8d8177e195c7e416800757663b7420c22bda5f6328,562b5976c7f6d44b782498480fce54bad1e3142d9541438f6d7a42a876a3df87,0ecaf30ec3147260f584fff24f30e32a975cba82529f3d3c36d4c49ea0de712f
source-R4-C-f66-v5,vle_obs_0138,vle_obs_0138-pco2,Hilliard2008,40.0,0.48090961819236383,883.0,1683.2018295327782,evaluated,f66d972c032ce709ada69e8d8177e195c7e416800757663b7420c22bda5f6328,562b5976c7f6d44b782498480fce54bad1e3142d9541438f6d7a42a876a3df87,0ecaf30ec3147260f584fff24f30e32a975cba82529f3d3c36d4c49ea0de712f
source-R4-C-f66-v5,vle_obs_0139,vle_obs_0139-pco2,Hilliard2008,40.0,0.4909098181963639,1100.0,2177.7111229202706,evaluated,f66d972c032ce709ada69e8d8177e195c7e416800757663b7420c22bda5f6328,562b5976c7f6d44b782498480fce54bad1e3142d9541438f6d7a42a876a3df87,0ecaf30ec3147260f584fff24f30e32a975cba82529f3d3c36d4c49ea0de712f
source-R4-C-f66-v5,vle_obs_0140,vle_obs_0140-pco2,Hilliard2008,40.0,0.5009100182003641,1870.0,2816.346628907099,evaluated,f66d972c032ce709ada69e8d8177e195c7e416800757663b7420c22bda5f6328,562b5976c7f6d44b782498480fce54bad1e3142d9541438f6d7a42a876a3df87,0ecaf30ec3147260f584fff24f30e32a975cba82529f3d3c36d4c49ea0de712f
source-R4-C-f66-v5,vle_obs_0141,vle_obs_0141-pco2,Hilliard2008,40.0,0.5179103582071641,3030.0,4317.207993478862,evaluated,f66d972c032ce709ada69e8d8177e195c7e416800757663b7420c22bda5f6328,562b5976c7f6d44b782498480fce54bad1e3142d9541438f6d7a42a876a3df87,0ecaf30ec3147260f584fff24f30e32a975cba82529f3d3c36d4c49ea0de712f
source-R4-C-f66-v5,vle_obs_0142,vle_obs_0142-pco2,Hilliard2008,40.0,0.5909118182363647,28300.0,19245.670646495746,evaluated,f66d972c032ce709ada69e8d8177e195c7e416800757663b7420c22bda5f6328,562b5976c7f6d44b782498480fce54bad1e3142d9541438f6d7a42a876a3df87,0ecaf30ec3147260f584fff24f30e32a975cba82529f3d3c36d4c49ea0de712f
source-R4-C-f66-v5,vle_obs_0143,vle_obs_0143-pco2,Hilliard2008,60.0,0.11390227804556091,19.400000000000002,15.245935314457897,evaluated,f66d972c032ce709ada69e8d8177e195c7e416800757663b7420c22bda5f6328,562b5976c7f6d44b782498480fce54bad1e3142d9541438f6d7a42a876a3df87,0ecaf30ec3147260f584fff24f30e32a975cba82529f3d3c36d4c49ea0de712f
source-R4-C-f66-v5,vle_obs_0144,vle_obs_0144-pco2,Hilliard2008,60.0,0.19090381807636156,58.9,58.650385522790316,evaluated,f66d972c032ce709ada69e8d8177e195c7e416800757663b7420c22bda5f6328,562b5976c7f6d44b782498480fce54bad1e3142d9541438f6d7a42a876a3df87,0ecaf30ec3147260f584fff24f30e32a975cba82529f3d3c36d4c49ea0de712f
source-R4-C-f66-v5,vle_obs_0145,vle_obs_0145-pco2,Hilliard2008,60.0,0.29090581811636235,209.0,269.5447208708756,evaluated,f66d972c032ce709ada69e8d8177e195c7e416800757663b7420c22bda5f6328,562b5976c7f6d44b782498480fce54bad1e3142d9541438f6d7a42a876a3df87,0ecaf30ec3147260f584fff24f30e32a975cba82529f3d3c36d4c49ea0de712f
source-R4-C-f66-v5,vle_obs_0146,vle_obs_0146-pco2,Hilliard2008,60.0,0.3859077181543631,763.0,1299.0627164997597,evaluated,f66d972c032ce709ada69e8d8177e195c7e416800757663b7420c22bda5f6328,562b5976c7f6d44b782498480fce54bad1e3142d9541438f6d7a42a876a3df87,0ecaf30ec3147260f584fff24f30e32a975cba82529f3d3c36d4c49ea0de712f
source-R4-C-f66-v5,vle_obs_0147,vle_obs_0147-pco2,Hilliard2008,60.0,0.4849096981939639,4860.0,9792.664802569077,evaluated,f66d972c032ce709ada69e8d8177e195c7e416800757663b7420c22bda5f6328,562b5976c7f6d44b782498480fce54bad1e3142d9541438f6d7a42a876a3df87,0ecaf30ec3147260f584fff24f30e32a975cba82529f3d3c36d4c49ea0de712f
source-R4-C-f66-v5,vle_obs_0148,vle_obs_0148-pco2,Hilliard2008,60.0,0.5439108782175645,25800.0,32332.850348741573,evaluated,f66d972c032ce709ada69e8d8177e195c7e416800757663b7420c22bda5f6328,562b5976c7f6d44b782498480fce54bad1e3142d9541438f6d7a42a876a3df87,0ecaf30ec3147260f584fff24f30e32a975cba82529f3d3c36d4c49ea0de712f
source-R4-C-f66-v5,vle_obs_0149,vle_obs_0149-pco2,Hilliard2008,60.0,0.5649112982259645,50200.0,46421.45791575662,evaluated,f66d972c032ce709ada69e8d8177e195c7e416800757663b7420c22bda5f6328,562b5976c7f6d44b782498480fce54bad1e3142d9541438f6d7a42a876a3df87,0ecaf30ec3147260f584fff24f30e32a975cba82529f3d3c36d4c49ea0de712f
source-R4-C-f66-v5,vle_obs_0186,vle_obs_0186-pco2,Jou1995,40.0,0.08870177403548071,1.47,1.474880591219764,evaluated,f66d972c032ce709ada69e8d8177e195c7e416800757663b7420c22bda5f6328,562b5976c7f6d44b782498480fce54bad1e3142d9541438f6d7a42a876a3df87,0ecaf30ec3147260f584fff24f30e32a975cba82529f3d3c36d4c49ea0de712f
source-R4-C-f66-v5,vle_obs_0187,vle_obs_0187-pco2,Jou1995,40.0,0.20290405808116166,8.959999999999999,11.440450858749893,evaluated,f66d972c032ce709ada69e8d8177e195c7e416800757663b7420c22bda5f6328,562b5976c7f6d44b782498480fce54bad1e3142d9541438f6d7a42a876a3df87,0ecaf30ec3147260f584fff24f30e32a975cba82529f3d3c36d4c49ea0de712f
source-R4-C-f66-v5,vle_obs_0188,vle_obs_0188-pco2,Jou1995,40.0,0.36490729814596295,67.7,138.13165536394916,evaluated,f66d972c032ce709ada69e8d8177e195c7e416800757663b7420c22bda5f6328,562b5976c7f6d44b782498480fce54bad1e3142d9541438f6d7a42a876a3df87,0ecaf30ec3147260f584fff24f30e32a975cba82529f3d3c36d4c49ea0de712f
source-R4-C-f66-v5,vle_obs_0189,vle_obs_0189-pco2,Jou1995,40.0,0.4734094681893638,604.0,1389.7194921010505,evaluated,f66d972c032ce709ada69e8d8177e195c7e416800757663b7420c22bda5f6328,562b5976c7f6d44b782498480fce54bad1e3142d9541438f6d7a42a876a3df87,0ecaf30ec3147260f584fff24f30e32a975cba82529f3d3c36d4c49ea0de712f
source-R4-C-f66-v5,vle_obs_0190,vle_obs_0190-pco2,Jou1995,40.0,0.5129102582051641,2570.0,3815.029120677012,evaluated,f66d972c032ce709ada69e8d8177e195c7e416800757663b7420c22bda5f6328,562b5976c7f6d44b782498480fce54bad1e3142d9541438f6d7a42a876a3df87,0ecaf30ec3147260f584fff24f30e32a975cba82529f3d3c36d4c49ea0de712f
source-R4-C-f66-v5,vle_obs_0191,vle_obs_0191-pco2,Jou1995,40.0,0.5569111382227645,8090.0,10366.376618014148,evaluated,f66d972c032ce709ada69e8d8177e195c7e416800757663b7420c22bda5f6328,562b5976c7f6d44b782498480fce54bad1e3142d9541438f6d7a42a876a3df87,0ecaf30ec3147260f584fff24f30e32a975cba82529f3d3c36d4c49ea0de712f
source-R4-C-f66-v5,vle_obs_0192,vle_obs_0192-pco2,Jou1995,40.0,0.6089121782435649,36100.0,25435.63742403292,evaluated,f66d972c032ce709ada69e8d8177e195c7e416800757663b7420c22bda5f6328,562b5976c7f6d44b782498480fce54bad1e3142d9541438f6d7a42a876a3df87,0ecaf30ec3147260f584fff24f30e32a975cba82529f3d3c36d4c49ea0de712f
source-R4-C-f66-v5,vle_obs_0193,vle_obs_0193-pco2,Jou1995,40.0,0.6419128382567652,103000.0,39566.60704617306,evaluated,f66d972c032ce709ada69e8d8177e195c7e416800757663b7420c22bda5f6328,562b5976c7f6d44b782498480fce54bad1e3142d9541438f6d7a42a876a3df87,0ecaf30ec3147260f584fff24f30e32a975cba82529f3d3c36d4c49ea0de712f
source-R4-C-f66-v5,vle_obs_0194,vle_obs_0194-pco2,Jou1995,60.0,0.05630112602252045,4.28,3.476534888316126,evaluated,f66d972c032ce709ada69e8d8177e195c7e416800757663b7420c22bda5f6328,562b5976c7f6d44b782498480fce54bad1e3142d9541438f6d7a42a876a3df87,0ecaf30ec3147260f584fff24f30e32a975cba82529f3d3c36d4c49ea0de712f
source-R4-C-f66-v5,vle_obs_0195,vle_obs_0195-pco2,Jou1995,60.0,0.11890237804756094,19.3,16.851566508476083,evaluated,f66d972c032ce709ada69e8d8177e195c7e416800757663b7420c22bda5f6328,562b5976c7f6d44b782498480fce54bad1e3142d9541438f6d7a42a876a3df87,0ecaf30ec3147260f584fff24f30e32a975cba82529f3d3c36d4c49ea0de712f
source-R4-C-f66-v5,vle_obs_0196,vle_obs_0196-pco2,Jou1995,60.0,0.20590411808236164,57.9,74.10735602344441,evaluated,f66d972c032ce709ada69e8d8177e195c7e416800757663b7420c22bda5f6328,562b5976c7f6d44b782498480fce54bad1e3142d9541438f6d7a42a876a3df87,0ecaf30ec3147260f584fff24f30e32a975cba82529f3d3c36d4c49ea0de712f
source-R4-C-f66-v5,vle_obs_0197,vle_obs_0197-pco2,Jou1995,60.0,0.38890777815556316,528.0,1372.4275766570538,evaluated,f66d972c032ce709ada69e8d8177e195c7e416800757663b7420c22bda5f6328,562b5976c7f6d44b782498480fce54bad1e3142d9541438f6d7a42a876a3df87,0ecaf30ec3147260f584fff24f30e32a975cba82529f3d3c36d4c49ea0de712f
source-R4-C-f66-v5,vle_obs_0198,vle_obs_0198-pco2,Jou1995,60.0,0.4379087581751635,2009.9999999999998,3580.4598067691268,evaluated,f66d972c032ce709ada69e8d8177e195c7e416800757663b7420c22bda5f6328,562b5976c7f6d44b782498480fce54bad1e3142d9541438f6d7a42a876a3df87,0ecaf30ec3147260f584fff24f30e32a975cba82529f3d3c36d4c49ea0de712f
source-R4-C-f66-v5,vle_obs_0199,vle_obs_0199-pco2,Jou1995,60.0,0.5039100782015641,11000.0,14696.330127906855,evaluated,f66d972c032ce709ada69e8d8177e195c7e416800757663b7420c22bda5f6328,562b5976c7f6d44b782498480fce54bad1e3142d9541438f6d7a42a876a3df87,0ecaf30ec3147260f584fff24f30e32a975cba82529f3d3c36d4c49ea0de712f
source-R4-C-f66-v5,vle_obs_0200,vle_obs_0200-pco2,Jou1995,60.0,0.5609112182243645,34000.0,43461.71900619638,evaluated,f66d972c032ce709ada69e8d8177e195c7e416800757663b7420c22bda5f6328,562b5976c7f6d44b782498480fce54bad1e3142d9541438f6d7a42a876a3df87,0ecaf30ec3147260f584fff24f30e32a975cba82529f3d3c36d4c49ea0de712f
source-R4-C-f66-v5,vle_obs_0201,vle_obs_0201-pco2,Jou1995,60.0,0.5789115782315646,82000.0,57821.12907919365,evaluated,f66d972c032ce709ada69e8d8177e195c7e416800757663b7420c22bda5f6328,562b5976c7f6d44b782498480fce54bad1e3142d9541438f6d7a42a876a3df87,0ecaf30ec3147260f584fff24f30e32a975cba82529f3d3c36d4c49ea0de712f
source-R4-C-f66-v5,vle_obs_0202,vle_obs_0202-pco2,Jou1995,60.0,0.6679133582671654,282000.0,166790.52176593794,evaluated,f66d972c032ce709ada69e8d8177e195c7e416800757663b7420c22bda5f6328,562b5976c7f6d44b782498480fce54bad1e3142d9541438f6d7a42a876a3df87,0ecaf30ec3147260f584fff24f30e32a975cba82529f3d3c36d4c49ea0de712f
source-R4-C-f66-v5,vle_obs_0203,vle_obs_0203-pco2,Jou1995,80.0,0.01730034600692014,2.96,2.0770168540260037,evaluated,f66d972c032ce709ada69e8d8177e195c7e416800757663b7420c22bda5f6328,562b5976c7f6d44b782498480fce54bad1e3142d9541438f6d7a42a876a3df87,0ecaf30ec3147260f584fff24f30e32a975cba82529f3d3c36d4c49ea0de712f
source-R4-C-f66-v5,vle_obs_0204,vle_obs_0204-pco2,Jou1995,80.0,0.023500470009400188,4.84,3.606852721071744,evaluated,f66d972c032ce709ada69e8d8177e195c7e416800757663b7420c22bda5f6328,562b5976c7f6d44b782498480fce54bad1e3142d9541438f6d7a42a876a3df87,0ecaf30ec3147260f584fff24f30e32a975cba82529f3d3c36d4c49ea0de712f
source-R4-C-f66-v5,vle_obs_0205,vle_obs_0205-pco2,Jou1995,80.0,0.07800156003120062,46.5,35.599530907698224,evaluated,f66d972c032ce709ada69e8d8177e195c7e416800757663b7420c22bda5f6328,562b5976c7f6d44b782498480fce54bad1e3142d9541438f6d7a42a876a3df87,0ecaf30ec3147260f584fff24f30e32a975cba82529f3d3c36d4c49ea0de712f
source-R4-C-f66-v5,vle_obs_0206,vle_obs_0206-pco2,Jou1995,80.0,0.11790235804716094,99.2,88.82825611817823,evaluated,f66d972c032ce709ada69e8d8177e195c7e416800757663b7420c22bda5f6328,562b5976c7f6d44b782498480fce54bad1e3142d9541438f6d7a42a876a3df87,0ecaf30ec3147260f584fff24f30e32a975cba82529f3d3c36d4c49ea0de712f
source-R4-C-f66-v5,vle_obs_0207,vle_obs_0207-pco2,Jou1995,80.0,0.18690373807476152,278.0,300.95231947791086,evaluated,f66d972c032ce709ada69e8d8177e195c7e416800757663b7420c22bda5f6328,562b5976c7f6d44b782498480fce54bad1e3142d9541438f6d7a42a876a3df87,0ecaf30ec3147260f584fff24f30e32a975cba82529f3d3c36d4c49ea0de712f
source-R4-C-f66-v5,vle_obs_0208,vle_obs_0208-pco2,Jou1995,80.0,0.3479069581391628,2670.0,3723.483280935814,evaluated,f66d972c032ce709ada69e8d8177e195c7e416800757663b7420c22bda5f6328,562b5976c7f6d44b782498480fce54bad1e3142d9541438f6d7a42a876a3df87,0ecaf30ec3147260f584fff24f30e32a975cba82529f3d3c36d4c49ea0de712f
source-R4-C-f66-v5,vle_obs_0209,vle_obs_0209-pco2,Jou1995,80.0,0.4599091981839637,16000.0,27683.940254008838,evaluated,f66d972c032ce709ada69e8d8177e195c7e416800757663b7420c22bda5f6328,562b5976c7f6d44b782498480fce54bad1e3142d9541438f6d7a42a876a3df87,0ecaf30ec3147260f584fff24f30e32a975cba82529f3d3c36d4c49ea0de712f
source-R4-C-f66-v5,vle_obs_0210,vle_obs_0210-pco2,Jou1995,80.0,0.5169103382067641,56000.0,77510.85638397529,evaluated,f66d972c032ce709ada69e8d8177e195c7e416800757663b7420c22bda5f6328,562b5976c7f6d44b782498480fce54bad1e3142d9541438f6d7a42a876a3df87,0ecaf30ec3147260f584fff24f30e32a975cba82529f3d3c36d4c49ea0de712f
source-R4-C-f66-v5,vle_obs_0211,vle_obs_0211-pco2,Jou1995,80.0,0.5784115682313646,235000.0,190303.43640106224,evaluated,f66d972c032ce709ada69e8d8177e195c7e416800757663b7420c22bda5f6328,562b5976c7f6d44b782498480fce54bad1e3142d9541438f6d7a42a876a3df87,0ecaf30ec3147260f584fff24f30e32a975cba82529f3d3c36d4c49ea0de712f
source-R4-C-f66-v5,vle_obs_0212,vle_obs_0212-pco2,Jou1995,80.0,0.6399127982559651,558000.0,361883.20319821785,evaluated,f66d972c032ce709ada69e8d8177e195c7e416800757663b7420c22bda5f6328,562b5976c7f6d44b782498480fce54bad1e3142d9541438f6d7a42a876a3df87,0ecaf30ec3147260f584fff24f30e32a975cba82529f3d3c36d4c49ea0de712f
source-R4-C-f66-v5,vle_obs_0213,vle_obs_0213-pco2,Jou1995,80.0,0.6889137782755654,958000.0,526188.6661365394,evaluated,f66d972c032ce709ada69e8d8177e195c7e416800757663b7420c22bda5f6328,562b5976c7f6d44b782498480fce54bad1e3142d9541438f6d7a42a876a3df87,0ecaf30ec3147260f584fff24f30e32a975cba82529f3d3c36d4c49ea0de712f
source-R4-C-f66-v5,vle_obs_0214,vle_obs_0214-pco2,Jou1995,100.0,0.011600232004640094,7.24,4.920148127518605,evaluated,f66d972c032ce709ada69e8d8177e195c7e416800757663b7420c22bda5f6328,562b5976c7f6d44b782498480fce54bad1e3142d9541438f6d7a42a876a3df87,0ecaf30ec3147260f584fff24f30e32a975cba82529f3d3c36d4c49ea0de712f
source-R4-C-f66-v5,vle_obs_0215,vle_obs_0215-pco2,Jou1995,100.0,0.056501130022600446,136.0,90.0404401066664,evaluated,f66d972c032ce709ada69e8d8177e195c7e416800757663b7420c22bda5f6328,562b5976c7f6d44b782498480fce54bad1e3142d9541438f6d7a42a876a3df87,0ecaf30ec3147260f584fff24f30e32a975cba82529f3d3c36d4c49ea0de712f
source-R4-C-f66-v5,vle_obs_0216,vle_obs_0216-pco2,Jou1995,100.0,0.18790375807516152,1430.0,1510.9736330819455,evaluated,f66d972c032ce709ada69e8d8177e195c7e416800757663b7420c22bda5f6328,562b5976c7f6d44b782498480fce54bad1e3142d9541438f6d7a42a876a3df87,0ecaf30ec3147260f584fff24f30e32a975cba82529f3d3c36d4c49ea0de712f
source-R4-C-f66-v5,vle_obs_0217,vle_obs_0217-pco2,Jou1995,100.0,0.38090761815236307,19000.0,31072.65923655244,evaluated,f66d972c032ce709ada69e8d8177e195c7e416800757663b7420c22bda5f6328,562b5976c7f6d44b782498480fce54bad1e3142d9541438f6d7a42a876a3df87,0ecaf30ec3147260f584fff24f30e32a975cba82529f3d3c36d4c49ea0de712f
source-R4-C-f66-v5,vle_obs_0218,vle_obs_0218-pco2,Jou1995,100.0,0.4219084381687634,39000.0,61245.781864441946,evaluated,f66d972c032ce709ada69e8d8177e195c7e416800757663b7420c22bda5f6328,562b5976c7f6d44b782498480fce54bad1e3142d9541438f6d7a42a876a3df87,0ecaf30ec3147260f584fff24f30e32a975cba82529f3d3c36d4c49ea0de712f
source-R4-C-f66-v5,vle_obs_0219,vle_obs_0219-pco2,Jou1995,100.0,0.4769095381907638,69000.0,148715.32581004838,evaluated,f66d972c032ce709ada69e8d8177e195c7e416800757663b7420c22bda5f6328,562b5976c7f6d44b782498480fce54bad1e3142d9541438f6d7a42a876a3df87,0ecaf30ec3147260f584fff24f30e32a975cba82529f3d3c36d4c49ea0de712f
source-R4-C-f66-v5,vle_obs_0220,vle_obs_0220-pco2,Jou1995,100.0,0.48090961819236383,109000.0,158050.61063725987,evaluated,f66d972c032ce709ada69e8d8177e195c7e416800757663b7420c22bda5f6328,562b5976c7f6d44b782498480fce54bad1e3142d9541438f6d7a42a876a3df87,0ecaf30ec3147260f584fff24f30e32a975cba82529f3d3c36d4c49ea0de712f
source-R4-C-f66-v5,vle_obs_0221,vle_obs_0221-pco2,Jou1995,100.0,0.5709114182283646,509000.0,490792.1526683331,evaluated,f66d972c032ce709ada69e8d8177e195c7e416800757663b7420c22bda5f6328,562b5976c7f6d44b782498480fce54bad1e3142d9541438f6d7a42a876a3df87,0ecaf30ec3147260f584fff24f30e32a975cba82529f3d3c36d4c49ea0de712f
source-R4-C-f66-v5,vle_obs_0222,vle_obs_0222-pco2,Jou1995,100.0,0.5889117782355647,376000.0,581431.8597945137,evaluated,f66d972c032ce709ada69e8d8177e195c7e416800757663b7420c22bda5f6328,562b5976c7f6d44b782498480fce54bad1e3142d9541438f6d7a42a876a3df87,0ecaf30ec3147260f584fff24f30e32a975cba82529f3d3c36d4c49ea0de712f
source-R4-C-f66-v5,vle_obs_0223,vle_obs_0223-pco2,Jou1995,100.0,0.613412268245365,909000.0,713170.8515487137,evaluated,f66d972c032ce709ada69e8d8177e195c7e416800757663b7420c22bda5f6328,562b5976c7f6d44b782498480fce54bad1e3142d9541438f6d7a42a876a3df87,0ecaf30ec3147260f584fff24f30e32a975cba82529f3d3c36d4c49ea0de712f
source-R4-C-f66-v5,vle_obs_0224,vle_obs_0224-pco2,Jou1995,120.0,0.003230064601292026,2.02,2.361543299083695,evaluated,f66d972c032ce709ada69e8d8177e195c7e416800757663b7420c22bda5f6328,562b5976c7f6d44b782498480fce54bad1e3142d9541438f6d7a42a876a3df87,0ecaf30ec3147260f584fff24f30e32a975cba82529f3d3c36d4c49ea0de712f
source-R4-C-f66-v5,vle_obs_0225,vle_obs_0225-pco2,Jou1995,120.0,0.011100222004440089,22.1,20.326921842533665,evaluated,f66d972c032ce709ada69e8d8177e195c7e416800757663b7420c22bda5f6328,562b5976c7f6d44b782498480fce54bad1e3142d9541438f6d7a42a876a3df87,0ecaf30ec3147260f584fff24f30e32a975cba82529f3d3c36d4c49ea0de712f
source-R4-C-f66-v5,vle_obs_0226,vle_obs_0226-pco2,Jou1995,120.0,0.024600492009840196,98.4,84.6009624170986,evaluated,f66d972c032ce709ada69e8d8177e195c7e416800757663b7420c22bda5f6328,562b5976c7f6d44b782498480fce54bad1e3142d9541438f6d7a42a876a3df87,0ecaf30ec3147260f584fff24f30e32a975cba82529f3d3c36d4c49ea0de712f
source-R4-C-f66-v5,vle_obs_0227,vle_obs_0227-pco2,Jou1995,120.0,0.11890237804756094,2290.0,1991.8945762241244,evaluated,f66d972c032ce709ada69e8d8177e195c7e416800757663b7420c22bda5f6328,562b5976c7f6d44b782498480fce54bad1e3142d9541438f6d7a42a876a3df87,0ecaf30ec3147260f584fff24f30e32a975cba82529f3d3c36d4c49ea0de712f
source-R4-C-f66-v5,vle_obs_0228,vle_obs_0228-pco2,Jou1995,120.0,0.3489069781395628,46800.0,79398.22579945845,evaluated,f66d972c032ce709ada69e8d8177e195c7e416800757663b7420c22bda5f6328,562b5976c7f6d44b782498480fce54bad1e3142d9541438f6d7a42a876a3df87,0ecaf30ec3147260f584fff24f30e32a975cba82529f3d3c36d4c49ea0de712f
source-R4-C-f66-v5,vle_obs_0229,vle_obs_0229-pco2,Jou1995,120.0,0.4114082281645633,122000.0,198677.1711885409,evaluated,f66d972c032ce709ada69e8d8177e195c7e416800757663b7420c22bda5f6328,562b5976c7f6d44b782498480fce54bad1e3142d9541438f6d7a42a876a3df87,0ecaf30ec3147260f584fff24f30e32a975cba82529f3d3c36d4c49ea0de712f
source-R4-C-f66-v5,vle_obs_0230,vle_obs_0230-pco2,Jou1995,120.0,0.4439088781775636,222000.0,309820.1074556264,evaluated,f66d972c032ce709ada69e8d8177e195c7e416800757663b7420c22bda5f6328,562b5976c7f6d44b782498480fce54bad1e3142d9541438f6d7a42a876a3df87,0ecaf30ec3147260f584fff24f30e32a975cba82529f3d3c36d4c49ea0de712f
source-R4-C-f66-v5,vle_obs_0231,vle_obs_0231-pco2,Jou1995,120.0,0.4729094581891638,422000.0,444909.1267761824,evaluated,f66d972c032ce709ada69e8d8177e195c7e416800757663b7420c22bda5f6328,562b5976c7f6d44b782498480fce54bad1e3142d9541438f6d7a42a876a3df87,0ecaf30ec3147260f584fff24f30e32a975cba82529f3d3c36d4c49ea0de712f
source-R4-C-f66-v5,vle_obs_0232,vle_obs_0232-pco2,Jou1995,120.0,0.5359107182143643,822000.0,849330.0089652307,evaluated,f66d972c032ce709ada69e8d8177e195c7e416800757663b7420c22bda5f6328,562b5976c7f6d44b782498480fce54bad1e3142d9541438f6d7a42a876a3df87,0ecaf30ec3147260f584fff24f30e32a975cba82529f3d3c36d4c49ea0de712f
source-R4-C-f66-v5,vle_obs_0233,vle_obs_0233-pco2,Jou1995,120.0,0.6389127782555651,2804000.0,1700593.3238590886,evaluated,f66d972c032ce709ada69e8d8177e195c7e416800757663b7420c22bda5f6328,562b5976c7f6d44b782498480fce54bad1e3142d9541438f6d7a42a876a3df87,0ecaf30ec3147260f584fff24f30e32a975cba82529f3d3c36d4c49ea0de712f
source-R4-C-f66-v5,Bottinger2008_state_030,Bottinger2008_state_030::MEA + MEAH+,Bottinger2008,20.0,0.0749014980299606,0.1054,0.10400977151530581,evaluated,f66d972c032ce709ada69e8d8177e195c7e416800757663b7420c22bda5f6328,562b5976c7f6d44b782498480fce54bad1e3142d9541438f6d7a42a876a3df87,0ecaf30ec3147260f584fff24f30e32a975cba82529f3d3c36d4c49ea0de712f
source-R4-C-f66-v5,Bottinger2008_state_030,Bottinger2008_state_030::MEACOO-,Bottinger2008,20.0,0.0749014980299606,0.0086,0.008209097181091002,evaluated,f66d972c032ce709ada69e8d8177e195c7e416800757663b7420c22bda5f6328,562b5976c7f6d44b782498480fce54bad1e3142d9541438f6d7a42a876a3df87,0ecaf30ec3147260f584fff24f30e32a975cba82529f3d3c36d4c49ea0de712f
source-R4-C-f66-v5,Bottinger2008_state_031,Bottinger2008_state_031::MEA + MEAH+,Bottinger2008,20.0,0.1499029980599612,0.0966,0.09592700227207815,evaluated,f66d972c032ce709ada69e8d8177e195c7e416800757663b7420c22bda5f6328,562b5976c7f6d44b782498480fce54bad1e3142d9541438f6d7a42a876a3df87,0ecaf30ec3147260f584fff24f30e32a975cba82529f3d3c36d4c49ea0de712f
source-R4-C-f66-v5,Bottinger2008_state_031,Bottinger2008_state_031::MEACOO-,Bottinger2008,20.0,0.1499029980599612,0.0171,0.016291865766634273,evaluated,f66d972c032ce709ada69e8d8177e195c7e416800757663b7420c22bda5f6328,562b5976c7f6d44b782498480fce54bad1e3142d9541438f6d7a42a876a3df87,0ecaf30ec3147260f584fff24f30e32a975cba82529f3d3c36d4c49ea0de712f
source-R4-C-f66-v5,Bottinger2008_state_032,Bottinger2008_state_032::MEA + MEAH+,Bottinger2008,20.0,0.2349046980939619,0.0871,0.08706453377295273,evaluated,f66d972c032ce709ada69e8d8177e195c7e416800757663b7420c22bda5f6328,562b5976c7f6d44b782498480fce54bad1e3142d9541438f6d7a42a876a3df87,0ecaf30ec3147260f584fff24f30e32a975cba82529f3d3c36d4c49ea0de712f
source-R4-C-f66-v5,Bottinger2008_state_032,Bottinger2008_state_032::MEACOO-,Bottinger2008,20.0,0.2349046980939619,0.0267,0.02515433220252022,evaluated,f66d972c032ce709ada69e8d8177e195c7e416800757663b7420c22bda5f6328,562b5976c7f6d44b782498480fce54bad1e3142d9541438f6d7a42a876a3df87,0ecaf30ec3147260f584fff24f30e32a975cba82529f3d3c36d4c49ea0de712f
source-R4-C-f66-v5,Bottinger2008_state_033,Bottinger2008_state_033::MEA + MEAH+,Bottinger2008,20.0,0.30890617812356247,0.078,0.07980730939520833,evaluated,f66d972c032ce709ada69e8d8177e195c7e416800757663b7420c22bda5f6328,562b5976c7f6d44b782498480fce54bad1e3142d9541438f6d7a42a876a3df87,0ecaf30ec3147260f584fff24f30e32a975cba82529f3d3c36d4c49ea0de712f
source-R4-C-f66-v5,Bottinger2008_state_033,Bottinger2008_state_033::MEACOO-,Bottinger2008,20.0,0.30890617812356247,0.0349,0.032411551444397536,evaluated,f66d972c032ce709ada69e8d8177e195c7e416800757663b7420c22bda5f6328,562b5976c7f6d44b782498480fce54bad1e3142d9541438f6d7a42a876a3df87,0ecaf30ec3147260f584fff24f30e32a975cba82529f3d3c36d4c49ea0de712f
source-R4-C-f66-v5,Bottinger2008_state_034,Bottinger2008_state_034::MEA + MEAH+,Bottinger2008,20.0,0.38790775815516315,0.0678,0.0729505054265644,evaluated,f66d972c032ce709ada69e8d8177e195c7e416800757663b7420c22bda5f6328,562b5976c7f6d44b782498480fce54bad1e3142d9541438f6d7a42a876a3df87,0ecaf30ec3147260f584fff24f30e32a975cba82529f3d3c36d4c49ea0de712f
source-R4-C-f66-v5,Bottinger2008_state_034,Bottinger2008_state_034::MEACOO-,Bottinger2008,20.0,0.38790775815516315,0.043,0.03926833544771979,evaluated,f66d972c032ce709ada69e8d8177e195c7e416800757663b7420c22bda5f6328,562b5976c7f6d44b782498480fce54bad1e3142d9541438f6d7a42a876a3df87,0ecaf30ec3147260f584fff24f30e32a975cba82529f3d3c36d4c49ea0de712f
source-R4-C-f66-v5,Bottinger2008_state_035,Bottinger2008_state_035::MEA + MEAH+,Bottinger2008,20.0,0.4739094781895638,0.062,0.06805367308443896,evaluated,f66d972c032ce709ada69e8d8177e195c7e416800757663b7420c22bda5f6328,562b5976c7f6d44b782498480fce54bad1e3142d9541438f6d7a42a876a3df87,0ecaf30ec3147260f584fff24f30e32a975cba82529f3d3c36d4c49ea0de712f
source-R4-C-f66-v5,Bottinger2008_state_035,Bottinger2008_state_035::MEACOO-,Bottinger2008,20.0,0.4739094781895638,0.0493,0.04416497944525351,evaluated,f66d972c032ce709ada69e8d8177e195c7e416800757663b7420c22bda5f6328,562b5976c7f6d44b782498480fce54bad1e3142d9541438f6d7a42a876a3df87,0ecaf30ec3147260f584fff24f30e32a975cba82529f3d3c36d4c49ea0de712f
source-R4-C-f66-v5,Bottinger2008_state_042,Bottinger2008_state_042::MEA + MEAH+,Bottinger2008,40.0,0.124902498049961,0.1009,0.0985785508845411,evaluated,f66d972c032ce709ada69e8d8177e195c7e416800757663b7420c22bda5f6328,562b5976c7f6d44b782498480fce54bad1e3142d9541438f6d7a42a876a3df87,0ecaf30ec3147260f584fff24f30e32a975cba82529f3d3c36d4c49ea0de712f
source-R4-C-f66-v5,Bottinger2008_state_042,Bottinger2008_state_042::MEACOO-,Bottinger2008,40.0,0.124902498049961,0.0144,0.013640315050329055,evaluated,f66d972c032ce709ada69e8d8177e195c7e416800757663b7420c22bda5f6328,562b5976c7f6d44b782498480fce54bad1e3142d9541438f6d7a42a876a3df87,0ecaf30ec3147260f584fff24f30e32a975cba82529f3d3c36d4c49ea0de712f
source-R4-C-f66-v5,Bottinger2008_state_043,Bottinger2008_state_043::MEA + MEAH+,Bottinger2008,40.0,0.20490409808196164,0.0934,0.09006923921371775,evaluated,f66d972c032ce709ada69e8d8177e195c7e416800757663b7420c22bda5f6328,562b5976c7f6d44b782498480fce54bad1e3142d9541438f6d7a42a876a3df87,0ecaf30ec3147260f584fff24f30e32a975cba82529f3d3c36d4c49ea0de712f
source-R4-C-f66-v5,Bottinger2008_state_043,Bottinger2008_state_043::MEACOO-,Bottinger2008,40.0,0.20490409808196164,0.0241,0.022149618873911463,evaluated,f66d972c032ce709ada69e8d8177e195c7e416800757663b7420c22bda5f6328,562b5976c7f6d44b782498480fce54bad1e3142d9541438f6d7a42a876a3df87,0ecaf30ec3147260f584fff24f30e32a975cba82529f3d3c36d4c49ea0de712f
source-R4-C-f66-v5,Bottinger2008_state_044,Bottinger2008_state_044::MEA + MEAH+,Bottinger2008,40.0,0.2359047180943619,0.0876,0.0868529624066457,evaluated,f66d972c032ce709ada69e8d8177e195c7e416800757663b7420c22bda5f6328,562b5976c7f6d44b782498480fce54bad1e3142d9541438f6d7a42a876a3df87,0ecaf30ec3147260f584fff24f30e32a975cba82529f3d3c36d4c49ea0de712f
source-R4-C-f66-v5,Bottinger2008_state_044,Bottinger2008_state_044::MEACOO-,Bottinger2008,40.0,0.2359047180943619,0.0271,0.025365889516820225,evaluated,f66d972c032ce709ada69e8d8177e195c7e416800757663b7420c22bda5f6328,562b5976c7f6d44b782498480fce54bad1e3142d9541438f6d7a42a876a3df87,0ecaf30ec3147260f584fff24f30e32a975cba82529f3d3c36d4c49ea0de712f
source-R4-C-f66-v5,Bottinger2008_state_045,Bottinger2008_state_045::MEA + MEAH+,Bottinger2008,40.0,0.2799055981119623,0.084,0.08240416490392519,evaluated,f66d972c032ce709ada69e8d8177e195c7e416800757663b7420c22bda5f6328,562b5976c7f6d44b782498480fce54bad1e3142d9541438f6d7a42a876a3df87,0ecaf30ec3147260f584fff24f30e32a975cba82529f3d3c36d4c49ea0de712f
source-R4-C-f66-v5,Bottinger2008_state_045,Bottinger2008_state_045::MEACOO-,Bottinger2008,40.0,0.2799055981119623,0.0327,0.0298146719613162,evaluated,f66d972c032ce709ada69e8d8177e195c7e416800757663b7420c22bda5f6328,562b5976c7f6d44b782498480fce54bad1e3142d9541438f6d7a42a876a3df87,0ecaf30ec3147260f584fff24f30e32a975cba82529f3d3c36d4c49ea0de712f
source-R4-C-f66-v5,Bottinger2008_state_046,Bottinger2008_state_046::MEA + MEAH+,Bottinger2008,40.0,0.34290685813716276,0.0758,0.07639788146071554,evaluated,f66d972c032ce709ada69e8d8177e195c7e416800757663b7420c22bda5f6328,562b5976c7f6d44b782498480fce54bad1e3142d9541438f6d7a42a876a3df87,0ecaf30ec3147260f584fff24f30e32a975cba82529f3d3c36d4c49ea0de712f
source-R4-C-f66-v5,Bottinger2008_state_046,Bottinger2008_state_046::MEACOO-,Bottinger2008,40.0,0.34290685813716276,0.0396,0.03582090386276046,evaluated,f66d972c032ce709ada69e8d8177e195c7e416800757663b7420c22bda5f6328,562b5976c7f6d44b782498480fce54bad1e3142d9541438f6d7a42a876a3df87,0ecaf30ec3147260f584fff24f30e32a975cba82529f3d3c36d4c49ea0de712f
source-R4-C-f66-v5,Bottinger2008_state_047,Bottinger2008_state_047::MEA + MEAH+,Bottinger2008,40.0,0.3539070781415628,0.0749,0.07541384101344345,evaluated,f66d972c032ce709ada69e8d8177e195c7e416800757663b7420c22bda5f6328,562b5976c7f6d44b782498480fce54bad1e3142d9541438f6d7a42a876a3df87,0ecaf30ec3147260f584fff24f30e32a975cba82529f3d3c36d4c49ea0de712f
source-R4-C-f66-v5,Bottinger2008_state_047,Bottinger2008_state_047::MEACOO-,Bottinger2008,40.0,0.3539070781415628,0.041,0.03680492779388258,evaluated,f66d972c032ce709ada69e8d8177e195c7e416800757663b7420c22bda5f6328,562b5976c7f6d44b782498480fce54bad1e3142d9541438f6d7a42a876a3df87,0ecaf30ec3147260f584fff24f30e32a975cba82529f3d3c36d4c49ea0de712f
source-R4-C-f66-v5,Bottinger2008_state_048,Bottinger2008_state_048::MEA + MEAH+,Bottinger2008,40.0,0.4599091981839637,0.065,0.0681347368694784,evaluated,f66d972c032ce709ada69e8d8177e195c7e416800757663b7420c22bda5f6328,562b5976c7f6d44b782498480fce54bad1e3142d9541438f6d7a42a876a3df87,0ecaf30ec3147260f584fff24f30e32a975cba82529f3d3c36d4c49ea0de712f
source-R4-C-f66-v5,Bottinger2008_state_048,Bottinger2008_state_048::MEACOO-,Bottinger2008,40.0,0.4599091981839637,0.0492,0.04408327171078132,evaluated,f66d972c032ce709ada69e8d8177e195c7e416800757663b7420c22bda5f6328,562b5976c7f6d44b782498480fce54bad1e3142d9541438f6d7a42a876a3df87,0ecaf30ec3147260f584fff24f30e32a975cba82529f3d3c36d4c49ea0de712f
source-R4-C-f66-v5,Bottinger2008_state_049,Bottinger2008_state_049::MEA + MEAH+,Bottinger2008,40.0,0.4659093181863638,0.0663,0.06793417598633805,evaluated,f66d972c032ce709ada69e8d8177e195c7e416800757663b7420c22bda5f6328,562b5976c7f6d44b782498480fce54bad1e3142d9541438f6d7a42a876a3df87,0ecaf30ec3147260f584fff24f30e32a975cba82529f3d3c36d4c49ea0de712f
source-R4-C-f66-v5,Bottinger2008_state_049,Bottinger2008_state_049::MEACOO-,Bottinger2008,40.0,0.4659093181863638,0.0502,0.04428369254302328,evaluated,f66d972c032ce709ada69e8d8177e195c7e416800757663b7420c22bda5f6328,562b5976c7f6d44b782498480fce54bad1e3142d9541438f6d7a42a876a3df87,0ecaf30ec3147260f584fff24f30e32a975cba82529f3d3c36d4c49ea0de712f
source-R4-C-f66-v5,Bottinger2008_state_049,Bottinger2008_state_049::HCO3-,Bottinger2008,40.0,0.4659093181863638,0.004,0.008000919844947095,evaluated,f66d972c032ce709ada69e8d8177e195c7e416800757663b7420c22bda5f6328,562b5976c7f6d44b782498480fce54bad1e3142d9541438f6d7a42a876a3df87,0ecaf30ec3147260f584fff24f30e32a975cba82529f3d3c36d4c49ea0de712f
source-R4-C-f66-v5,Bottinger2008_state_050,Bottinger2008_state_050::MEA + MEAH+,Bottinger2008,40.0,0.4869097381947639,0.0646,0.06752938854048732,evaluated,f66d972c032ce709ada69e8d8177e195c7e416800757663b7420c22bda5f6328,562b5976c7f6d44b782498480fce54bad1e3142d9541438f6d7a42a876a3df87,0ecaf30ec3147260f584fff24f30e32a975cba82529f3d3c36d4c49ea0de712f
source-R4-C-f66-v5,Bottinger2008_state_050,Bottinger2008_state_050::MEACOO-,Bottinger2008,40.0,0.4869097381947639,0.0511,0.04468775232514122,evaluated,f66d972c032ce709ada69e8d8177e195c7e416800757663b7420c22bda5f6328,562b5976c7f6d44b782498480fce54bad1e3142d9541438f6d7a42a876a3df87,0ecaf30ec3147260f584fff24f30e32a975cba82529f3d3c36d4c49ea0de712f
source-R4-C-f66-v5,Bottinger2008_state_050,Bottinger2008_state_050::HCO3-,Bottinger2008,40.0,0.4869097381947639,0.0052,0.009946596603675991,evaluated,f66d972c032ce709ada69e8d8177e195c7e416800757663b7420c22bda5f6328,562b5976c7f6d44b782498480fce54bad1e3142d9541438f6d7a42a876a3df87,0ecaf30ec3147260f584fff24f30e32a975cba82529f3d3c36d4c49ea0de712f
source-R4-C-f66-v5,Bottinger2008_state_055,Bottinger2008_state_055::MEA + MEAH+,Bottinger2008,60.0,0.13090261805236106,0.0974,0.0979516264708383,evaluated,f66d972c032ce709ada69e8d8177e195c7e416800757663b7420c22bda5f6328,562b5976c7f6d44b782498480fce54bad1e3142d9541438f6d7a42a876a3df87,0ecaf30ec3147260f584fff24f30e32a975cba82529f3d3c36d4c49ea0de712f
source-R4-C-f66-v5,Bottinger2008_state_055,Bottinger2008_state_055::MEACOO-,Bottinger2008,60.0,0.13090261805236106,0.0147,0.014267226089383286,evaluated,f66d972c032ce709ada69e8d8177e195c7e416800757663b7420c22bda5f6328,562b5976c7f6d44b782498480fce54bad1e3142d9541438f6d7a42a876a3df87,0ecaf30ec3147260f584fff24f30e32a975cba82529f3d3c36d4c49ea0de712f
source-R4-C-f66-v5,Bottinger2008_state_056,Bottinger2008_state_056::MEA + MEAH+,Bottinger2008,60.0,0.20290405808116166,0.0905,0.09031149188103255,evaluated,f66d972c032ce709ada69e8d8177e195c7e416800757663b7420c22bda5f6328,562b5976c7f6d44b782498480fce54bad1e3142d9541438f6d7a42a876a3df87,0ecaf30ec3147260f584fff24f30e32a975cba82529f3d3c36d4c49ea0de712f
source-R4-C-f66-v5,Bottinger2008_state_056,Bottinger2008_state_056::MEACOO-,Bottinger2008,60.0,0.20290405808116166,0.0231,0.021907323222115676,evaluated,f66d972c032ce709ada69e8d8177e195c7e416800757663b7420c22bda5f6328,562b5976c7f6d44b782498480fce54bad1e3142d9541438f6d7a42a876a3df87,0ecaf30ec3147260f584fff24f30e32a975cba82529f3d3c36d4c49ea0de712f
source-R4-C-f66-v5,Bottinger2008_state_057,Bottinger2008_state_057::MEA + MEAH+,Bottinger2008,60.0,0.27690553811076224,0.0791,0.08275908379498151,evaluated,f66d972c032ce709ada69e8d8177e195c7e416800757663b7420c22bda5f6328,562b5976c7f6d44b782498480fce54bad1e3142d9541438f6d7a42a876a3df87,0ecaf30ec3147260f584fff24f30e32a975cba82529f3d3c36d4c49ea0de712f
source-R4-C-f66-v5,Bottinger2008_state_057,Bottinger2008_state_057::MEACOO-,Bottinger2008,60.0,0.27690553811076224,0.0302,0.02945962172923488,evaluated,f66d972c032ce709ada69e8d8177e195c7e416800757663b7420c22bda5f6328,562b5976c7f6d44b782498480fce54bad1e3142d9541438f6d7a42a876a3df87,0ecaf30ec3147260f584fff24f30e32a975cba82529f3d3c36d4c49ea0de712f
source-R4-C-f66-v5,Bottinger2008_state_058,Bottinger2008_state_058::MEA + MEAH+,Bottinger2008,60.0,0.4149082981659633,0.0687,0.0708869987922138,evaluated,f66d972c032ce709ada69e8d8177e195c7e416800757663b7420c22bda5f6328,562b5976c7f6d44b782498480fce54bad1e3142d9541438f6d7a42a876a3df87,0ecaf30ec3147260f584fff24f30e32a975cba82529f3d3c36d4c49ea0de712f
source-R4-C-f66-v5,Bottinger2008_state_058,Bottinger2008_state_058::MEACOO-,Bottinger2008,60.0,0.4149082981659633,0.0417,0.041330193802690395,evaluated,f66d972c032ce709ada69e8d8177e195c7e416800757663b7420c22bda5f6328,562b5976c7f6d44b782498480fce54bad1e3142d9541438f6d7a42a876a3df87,0ecaf30ec3147260f584fff24f30e32a975cba82529f3d3c36d4c49ea0de712f
source-R4-C-f66-v5,Bottinger2008_state_058,Bottinger2008_state_058::HCO3-,Bottinger2008,60.0,0.4149082981659633,0.0042,0.005225003419167254,evaluated,f66d972c032ce709ada69e8d8177e195c7e416800757663b7420c22bda5f6328,562b5976c7f6d44b782498480fce54bad1e3142d9541438f6d7a42a876a3df87,0ecaf30ec3147260f584fff24f30e32a975cba82529f3d3c36d4c49ea0de712f
source-R4-C-f66-v5,Bottinger2008_state_059,Bottinger2008_state_059::MEA + MEAH+,Bottinger2008,60.0,0.4889097781955639,0.068,0.06817457120927099,evaluated,f66d972c032ce709ada69e8d8177e195c7e416800757663b7420c22bda5f6328,562b5976c7f6d44b782498480fce54bad1e3142d9541438f6d7a42a876a3df87,0ecaf30ec3147260f584fff24f30e32a975cba82529f3d3c36d4c49ea0de712f
source-R4-C-f66-v5,Bottinger2008_state_059,Bottinger2008_state_059::MEACOO-,Bottinger2008,60.0,0.4889097781955639,0.0424,0.04403604574673659,evaluated,f66d972c032ce709ada69e8d8177e195c7e416800757663b7420c22bda5f6328,562b5976c7f6d44b782498480fce54bad1e3142d9541438f6d7a42a876a3df87,0ecaf30ec3147260f584fff24f30e32a975cba82529f3d3c36d4c49ea0de712f
source-R4-C-f66-v5,Bottinger2008_state_059,Bottinger2008_state_059::HCO3-,Bottinger2008,60.0,0.4889097781955639,0.0072,0.01076141168673881,evaluated,f66d972c032ce709ada69e8d8177e195c7e416800757663b7420c22bda5f6328,562b5976c7f6d44b782498480fce54bad1e3142d9541438f6d7a42a876a3df87,0ecaf30ec3147260f584fff24f30e32a975cba82529f3d3c36d4c49ea0de712f
source-R4-C-f66-v5,Bottinger2008_state_063,Bottinger2008_state_063::MEA + MEAH+,Bottinger2008,80.0,0.06390127802556052,0.1084,0.10522950685960471,evaluated,f66d972c032ce709ada69e8d8177e195c7e416800757663b7420c22bda5f6328,562b5976c7f6d44b782498480fce54bad1e3142d9541438f6d7a42a876a3df87,0ecaf30ec3147260f584fff24f30e32a975cba82529f3d3c36d4c49ea0de712f
source-R4-C-f66-v5,Bottinger2008_state_063,Bottinger2008_state_063::MEACOO-,Bottinger2008,80.0,0.06390127802556052,0.0068,0.006989346288565865,evaluated,f66d972c032ce709ada69e8d8177e195c7e416800757663b7420c22bda5f6328,562b5976c7f6d44b782498480fce54bad1e3142d9541438f6d7a42a876a3df87,0ecaf30ec3147260f584fff24f30e32a975cba82529f3d3c36d4c49ea0de712f
source-R4-C-f66-v5,Bottinger2008_state_064,Bottinger2008_state_064::MEA + MEAH+,Bottinger2008,80.0,0.14090281805636112,0.1005,0.09694129672159824,evaluated,f66d972c032ce709ada69e8d8177e195c7e416800757663b7420c22bda5f6328,562b5976c7f6d44b782498480fce54bad1e3142d9541438f6d7a42a876a3df87,0ecaf30ec3147260f584fff24f30e32a975cba82529f3d3c36d4c49ea0de712f
source-R4-C-f66-v5,Bottinger2008_state_064,Bottinger2008_state_064::MEACOO-,Bottinger2008,80.0,0.14090281805636112,0.014,0.015277481201652806,evaluated,f66d972c032ce709ada69e8d8177e195c7e416800757663b7420c22bda5f6328,562b5976c7f6d44b782498480fce54bad1e3142d9541438f6d7a42a876a3df87,0ecaf30ec3147260f584fff24f30e32a975cba82529f3d3c36d4c49ea0de712f
source-R4-C-f66-v5,Bottinger2008_state_065,Bottinger2008_state_065::MEA + MEAH+,Bottinger2008,80.0,0.24490489809796198,0.0906,0.08614251969232839,evaluated,f66d972c032ce709ada69e8d8177e195c7e416800757663b7420c22bda5f6328,562b5976c7f6d44b782498480fce54bad1e3142d9541438f6d7a42a876a3df87,0ecaf30ec3147260f584fff24f30e32a975cba82529f3d3c36d4c49ea0de712f
source-R4-C-f66-v5,Bottinger2008_state_065,Bottinger2008_state_065::MEACOO-,Bottinger2008,80.0,0.24490489809796198,0.0224,0.026075862093697645,evaluated,f66d972c032ce709ada69e8d8177e195c7e416800757663b7420c22bda5f6328,562b5976c7f6d44b782498480fce54bad1e3142d9541438f6d7a42a876a3df87,0ecaf30ec3147260f584fff24f30e32a975cba82529f3d3c36d4c49ea0de712f
source-R4-C-f66-v5,Bottinger2008_state_066,Bottinger2008_state_066::MEA + MEAH+,Bottinger2008,80.0,0.33590671813436274,0.0858,0.07752613052800089,evaluated,f66d972c032ce709ada69e8d8177e195c7e416800757663b7420c22bda5f6328,562b5976c7f6d44b782498480fce54bad1e3142d9541438f6d7a42a876a3df87,0ecaf30ec3147260f584fff24f30e32a975cba82529f3d3c36d4c49ea0de712f
source-R4-C-f66-v5,Bottinger2008_state_066,Bottinger2008_state_066::MEACOO-,Bottinger2008,80.0,0.33590671813436274,0.0337,0.03469073269929029,evaluated,f66d972c032ce709ada69e8d8177e195c7e416800757663b7420c22bda5f6328,562b5976c7f6d44b782498480fce54bad1e3142d9541438f6d7a42a876a3df87,0ecaf30ec3147260f584fff24f30e32a975cba82529f3d3c36d4c49ea0de712f
source-R4-C-f66-v5,Bottinger2008_state_067,Bottinger2008_state_067::MEA + MEAH+,Bottinger2008,80.0,0.39790795815916324,0.0872,0.0727127961618255,evaluated,f66d972c032ce709ada69e8d8177e195c7e416800757663b7420c22bda5f6328,562b5976c7f6d44b782498480fce54bad1e3142d9541438f6d7a42a876a3df87,0ecaf30ec3147260f584fff24f30e32a975cba82529f3d3c36d4c49ea0de712f
source-R4-C-f66-v5,Bottinger2008_state_067,Bottinger2008_state_067::MEACOO-,Bottinger2008,80.0,0.39790795815916324,0.0336,0.039500262337939226,evaluated,f66d972c032ce709ada69e8d8177e195c7e416800757663b7420c22bda5f6328,562b5976c7f6d44b782498480fce54bad1e3142d9541438f6d7a42a876a3df87,0ecaf30ec3147260f584fff24f30e32a975cba82529f3d3c36d4c49ea0de712f
source-R4-C-f66-v5,Bottinger2008_state_067,Bottinger2008_state_067::HCO3-,Bottinger2008,80.0,0.39790795815916324,0.0046,0.005108757667563287,evaluated,f66d972c032ce709ada69e8d8177e195c7e416800757663b7420c22bda5f6328,562b5976c7f6d44b782498480fce54bad1e3142d9541438f6d7a42a876a3df87,0ecaf30ec3147260f584fff24f30e32a975cba82529f3d3c36d4c49ea0de712f
source-R4-C-f66-v5,Matin2012_state_001,Matin2012_state_001::MEA,Matin2012,20.0,0.10590211804236084,0.0915,0.08856331966378872,evaluated,f66d972c032ce709ada69e8d8177e195c7e416800757663b7420c22bda5f6328,562b5976c7f6d44b782498480fce54bad1e3142d9541438f6d7a42a876a3df87,0ecaf30ec3147260f584fff24f30e32a975cba82529f3d3c36d4c49ea0de712f
source-R4-C-f66-v5,Matin2012_state_001,Matin2012_state_001::MEAH+,Matin2012,20.0,0.10590211804236084,0.0115,0.012084125613246776,evaluated,f66d972c032ce709ada69e8d8177e195c7e416800757663b7420c22bda5f6328,562b5976c7f6d44b782498480fce54bad1e3142d9541438f6d7a42a876a3df87,0ecaf30ec3147260f584fff24f30e32a975cba82529f3d3c36d4c49ea0de712f
source-R4-C-f66-v5,Matin2012_state_001,Matin2012_state_001::MEACOO-,Matin2012,20.0,0.10590211804236084,0.0097,0.011571423222920655,evaluated,f66d972c032ce709ada69e8d8177e195c7e416800757663b7420c22bda5f6328,562b5976c7f6d44b782498480fce54bad1e3142d9541438f6d7a42a876a3df87,0ecaf30ec3147260f584fff24f30e32a975cba82529f3d3c36d4c49ea0de712f
source-R4-C-f66-v5,Matin2012_state_001,Matin2012_state_001::HCO3-,Matin2012,20.0,0.10590211804236084,0.0024,0.0003237733866941735,evaluated,f66d972c032ce709ada69e8d8177e195c7e416800757663b7420c22bda5f6328,562b5976c7f6d44b782498480fce54bad1e3142d9541438f6d7a42a876a3df87,0ecaf30ec3147260f584fff24f30e32a975cba82529f3d3c36d4c49ea0de712f
source-R4-C-f66-v5,Matin2012_state_002,Matin2012_state_002::MEA,Matin2012,20.0,0.12790255805116105,0.0867,0.0836655245252067,evaluated,f66d972c032ce709ada69e8d8177e195c7e416800757663b7420c22bda5f6328,562b5976c7f6d44b782498480fce54bad1e3142d9541438f6d7a42a876a3df87,0ecaf30ec3147260f584fff24f30e32a975cba82529f3d3c36d4c49ea0de712f
source-R4-C-f66-v5,Matin2012_state_002,Matin2012_state_002::MEAH+,Matin2012,20.0,0.12790255805116105,0.0139,0.01461309493459634,evaluated,f66d972c032ce709ada69e8d8177e195c7e416800757663b7420c22bda5f6328,562b5976c7f6d44b782498480fce54bad1e3142d9541438f6d7a42a876a3df87,0ecaf30ec3147260f584fff24f30e32a975cba82529f3d3c36d4c49ea0de712f
source-R4-C-f66-v5,Matin2012_state_002,Matin2012_state_002::MEACOO-,Matin2012,20.0,0.12790255805116105,0.0124,0.013940248841573952,evaluated,f66d972c032ce709ada69e8d8177e195c7e416800757663b7420c22bda5f6328,562b5976c7f6d44b782498480fce54bad1e3142d9541438f6d7a42a876a3df87,0ecaf30ec3147260f584fff24f30e32a975cba82529f3d3c36d4c49ea0de712f
source-R4-C-f66-v5,Matin2012_state_002,Matin2012_state_002::HCO3-,Matin2012,20.0,0.12790255805116105,0.0022,0.00042376108005137453,evaluated,f66d972c032ce709ada69e8d8177e195c7e416800757663b7420c22bda5f6328,562b5976c7f6d44b782498480fce54bad1e3142d9541438f6d7a42a876a3df87,0ecaf30ec3147260f584fff24f30e32a975cba82529f3d3c36d4c49ea0de712f
source-R4-C-f66-v5,Matin2012_state_003,Matin2012_state_003::MEA,Matin2012,20.0,0.1499029980599612,0.0817,0.07877292686900879,evaluated,f66d972c032ce709ada69e8d8177e195c7e416800757663b7420c22bda5f6328,562b5976c7f6d44b782498480fce54bad1e3142d9541438f6d7a42a876a3df87,0ecaf30ec3147260f584fff24f30e32a975cba82529f3d3c36d4c49ea0de712f
source-R4-C-f66-v5,Matin2012_state_003,Matin2012_state_003::MEAH+,Matin2012,20.0,0.1499029980599612,0.0162,0.017154075403069423,evaluated,f66d972c032ce709ada69e8d8177e195c7e416800757663b7420c22bda5f6328,562b5976c7f6d44b782498480fce54bad1e3142d9541438f6d7a42a876a3df87,0ecaf30ec3147260f584fff24f30e32a975cba82529f3d3c36d4c49ea0de712f
source-R4-C-f66-v5,Matin2012_state_003,Matin2012_state_003::MEACOO-,Matin2012,20.0,0.1499029980599612,0.0151,0.016291865766634186,evaluated,f66d972c032ce709ada69e8d8177e195c7e416800757663b7420c22bda5f6328,562b5976c7f6d44b782498480fce54bad1e3142d9541438f6d7a42a876a3df87,0ecaf30ec3147260f584fff24f30e32a975cba82529f3d3c36d4c49ea0de712f
source-R4-C-f66-v5,Matin2012_state_003,Matin2012_state_003::HCO3-,Matin2012,20.0,0.1499029980599612,0.002,0.0005409568775763821,evaluated,f66d972c032ce709ada69e8d8177e195c7e416800757663b7420c22bda5f6328,562b5976c7f6d44b782498480fce54bad1e3142d9541438f6d7a42a876a3df87,0ecaf30ec3147260f584fff24f30e32a975cba82529f3d3c36d4c49ea0de712f
source-R4-C-f66-v5,Matin2012_state_004,Matin2012_state_004::MEA,Matin2012,20.0,0.17290345806916138,0.0768,0.073664486603778,evaluated,f66d972c032ce709ada69e8d8177e195c7e416800757663b7420c22bda5f6328,562b5976c7f6d44b782498480fce54bad1e3142d9541438f6d7a42a876a3df87,0ecaf30ec3147260f584fff24f30e32a975cba82529f3d3c36d4c49ea0de712f
source-R4-C-f66-v5,Matin2012_state_004,Matin2012_state_004::MEAH+,Matin2012,20.0,0.17290345806916138,0.0186,0.019825612851172313,evaluated,f66d972c032ce709ada69e8d8177e195c7e416800757663b7420c22bda5f6328,562b5976c7f6d44b782498480fce54bad1e3142d9541438f6d7a42a876a3df87,0ecaf30ec3147260f584fff24f30e32a975cba82529f3d3c36d4c49ea0de712f
source-R4-C-f66-v5,Matin2012_state_004,Matin2012_state_004::MEACOO-,Matin2012,20.0,0.17290345806916138,0.0177,0.0187287682205174,evaluated,f66d972c032ce709ada69e8d8177e195c7e416800757663b7420c22bda5f6328,562b5976c7f6d44b782498480fce54bad1e3142d9541438f6d7a42a876a3df87,0ecaf30ec3147260f584fff24f30e32a975cba82529f3d3c36d4c49ea0de712f
source-R4-C-f66-v5,Matin2012_state_004,Matin2012_state_004::HCO3-,Matin2012,20.0,0.17290345806916138,0.002,0.0006850850888114283,evaluated,f66d972c032ce709ada69e8d8177e195c7e416800757663b7420c22bda5f6328,562b5976c7f6d44b782498480fce54bad1e3142d9541438f6d7a42a876a3df87,0ecaf30ec3147260f584fff24f30e32a975cba82529f3d3c36d4c49ea0de712f
source-R4-C-f66-v5,Matin2012_state_005,Matin2012_state_005::MEA,Matin2012,20.0,0.19490389807796157,0.0718,0.06878559033858324,evaluated,f66d972c032ce709ada69e8d8177e195c7e416800757663b7420c22bda5f6328,562b5976c7f6d44b782498480fce54bad1e3142d9541438f6d7a42a876a3df87,0ecaf30ec3147260f584fff24f30e32a975cba82529f3d3c36d4c49ea0de712f
source-R4-C-f66-v5,Matin2012_state_005,Matin2012_state_005::MEAH+,Matin2012,20.0,0.19490389807796157,0.021,0.022397848941826313,evaluated,f66d972c032ce709ada69e8d8177e195c7e416800757663b7420c22bda5f6328,562b5976c7f6d44b782498480fce54bad1e3142d9541438f6d7a42a876a3df87,0ecaf30ec3147260f584fff24f30e32a975cba82529f3d3c36d4c49ea0de712f
source-R4-C-f66-v5,Matin2012_state_005,Matin2012_state_005::MEACOO-,Matin2012,20.0,0.19490389807796157,0.0203,0.02103542793626903,evaluated,f66d972c032ce709ada69e8d8177e195c7e416800757663b7420c22bda5f6328,562b5976c7f6d44b782498480fce54bad1e3142d9541438f6d7a42a876a3df87,0ecaf30ec3147260f584fff24f30e32a975cba82529f3d3c36d4c49ea0de712f
source-R4-C-f66-v5,Matin2012_state_005,Matin2012_state_005::HCO3-,Matin2012,20.0,0.19490389807796157,0.002,0.0008472362841140212,evaluated,f66d972c032ce709ada69e8d8177e195c7e416800757663b7420c22bda5f6328,562b5976c7f6d44b782498480fce54bad1e3142d9541438f6d7a42a876a3df87,0ecaf30ec3147260f584fff24f30e32a975cba82529f3d3c36d4c49ea0de712f
source-R4-C-f66-v5,Matin2012_state_006,Matin2012_state_006::MEA,Matin2012,20.0,0.21790435808716177,0.0668,0.06369428311573211,evaluated,f66d972c032ce709ada69e8d8177e195c7e416800757663b7420c22bda5f6328,562b5976c7f6d44b782498480fce54bad1e3142d9541438f6d7a42a876a3df87,0ecaf30ec3147260f584fff24f30e32a975cba82529f3d3c36d4c49ea0de712f
source-R4-C-f66-v5,Matin2012_state_006,Matin2012_state_006::MEAH+,Matin2012,20.0,0.21790435808716177,0.0234,0.025107609930345765,evaluated,f66d972c032ce709ada69e8d8177e195c7e416800757663b7420c22bda5f6328,562b5976c7f6d44b782498480fce54bad1e3142d9541438f6d7a42a876a3df87,0ecaf30ec3147260f584fff24f30e32a975cba82529f3d3c36d4c49ea0de712f
source-R4-C-f66-v5,Matin2012_state_006,Matin2012_state_006::MEACOO-,Matin2012,20.0,0.21790435808716177,0.0228,0.02341697353494933,evaluated,f66d972c032ce709ada69e8d8177e195c7e416800757663b7420c22bda5f6328,562b5976c7f6d44b782498480fce54bad1e3142d9541438f6d7a42a876a3df87,0ecaf30ec3147260f584fff24f30e32a975cba82529f3d3c36d4c49ea0de712f
source-R4-C-f66-v5,Matin2012_state_006,Matin2012_state_006::HCO3-,Matin2012,20.0,0.21790435808716177,0.0021,0.0010467188284560601,evaluated,f66d972c032ce709ada69e8d8177e195c7e416800757663b7420c22bda5f6328,562b5976c7f6d44b782498480fce54bad1e3142d9541438f6d7a42a876a3df87,0ecaf30ec3147260f584fff24f30e32a975cba82529f3d3c36d4c49ea0de712f
source-R4-C-f66-v5,Matin2012_state_007,Matin2012_state_007::MEA,Matin2012,20.0,0.24090481809636194,0.0618,0.05861464052673407,evaluated,f66d972c032ce709ada69e8d8177e195c7e416800757663b7420c22bda5f6328,562b5976c7f6d44b782498480fce54bad1e3142d9541438f6d7a42a876a3df87,0ecaf30ec3147260f584fff24f30e32a975cba82529f3d3c36d4c49ea0de712f
source-R4-C-f66-v5,Matin2012_state_007,Matin2012_state_007::MEAH+,Matin2012,20.0,0.24090481809636194,0.0257,0.027841913884218965,evaluated,f66d972c032ce709ada69e8d8177e195c7e416800757663b7420c22bda5f6328,562b5976c7f6d44b782498480fce54bad1e3142d9541438f6d7a42a876a3df87,0ecaf30ec3147260f584fff24f30e32a975cba82529f3d3c36d4c49ea0de712f
source-R4-C-f66-v5,Matin2012_state_007,Matin2012_state_007::MEACOO-,Matin2012,20.0,0.24090481809636194,0.0252,0.025762311316641313,evaluated,f66d972c032ce709ada69e8d8177e195c7e416800757663b7420c22bda5f6328,562b5976c7f6d44b782498480fce54bad1e3142d9541438f6d7a42a876a3df87,0ecaf30ec3147260f584fff24f30e32a975cba82529f3d3c36d4c49ea0de712f
source-R4-C-f66-v5,Matin2012_state_007,Matin2012_state_007::HCO3-,Matin2012,20.0,0.24090481809636194,0.0023,0.0012824071673754587,evaluated,f66d972c032ce709ada69e8d8177e195c7e416800757663b7420c22bda5f6328,562b5976c7f6d44b782498480fce54bad1e3142d9541438f6d7a42a876a3df87,0ecaf30ec3147260f584fff24f30e32a975cba82529f3d3c36d4c49ea0de712f
source-R4-C-f66-v5,Matin2012_state_008,Matin2012_state_008::MEA,Matin2012,20.0,0.26390527810556214,0.0568,0.05354949548316613,evaluated,f66d972c032ce709ada69e8d8177e195c7e416800757663b7420c22bda5f6328,562b5976c7f6d44b782498480fce54bad1e3142d9541438f6d7a42a876a3df87,0ecaf30ec3147260f584fff24f30e32a975cba82529f3d3c36d4c49ea0de712f
source-R4-C-f66-v5,Matin2012_state_008,Matin2012_state_008::MEAH+,Matin2012,20.0,0.26390527810556214,0.0281,0.03060473166671278,evaluated,f66d972c032ce709ada69e8d8177e195c7e416800757663b7420c22bda5f6328,562b5976c7f6d44b782498480fce54bad1e3142d9541438f6d7a42a876a3df87,0ecaf30ec3147260f584fff24f30e32a975cba82529f3d3c36d4c49ea0de712f
source-R4-C-f66-v5,Matin2012_state_008,Matin2012_state_008::MEACOO-,Matin2012,20.0,0.26390527810556214,0.0276,0.028064637419125377,evaluated,f66d972c032ce709ada69e8d8177e195c7e416800757663b7420c22bda5f6328,562b5976c7f6d44b782498480fce54bad1e3142d9541438f6d7a42a876a3df87,0ecaf30ec3147260f584fff24f30e32a975cba82529f3d3c36d4c49ea0de712f
source-R4-C-f66-v5,Matin2012_state_008,Matin2012_state_008::HCO3-,Matin2012,20.0,0.26390527810556214,0.0026,0.0015611043463801058,evaluated,f66d972c032ce709ada69e8d8177e195c7e416800757663b7420c22bda5f6328,562b5976c7f6d44b782498480fce54bad1e3142d9541438f6d7a42a876a3df87,0ecaf30ec3147260f584fff24f30e32a975cba82529f3d3c36d4c49ea0de712f
source-R4-C-f66-v5,Matin2012_state_009,Matin2012_state_009::MEA,Matin2012,20.0,0.2869057381147623,0.0518,0.04850272706194637,evaluated,f66d972c032ce709ada69e8d8177e195c7e416800757663b7420c22bda5f6328,562b5976c7f6d44b782498480fce54bad1e3142d9541438f6d7a42a876a3df87,0ecaf30ec3147260f584fff24f30e32a975cba82529f3d3c36d4c49ea0de712f
source-R4-C-f66-v5,Matin2012_state_009,Matin2012_state_009::MEAH+,Matin2012,20.0,0.2869057381147623,0.0304,0.033400444704081635,evaluated,f66d972c032ce709ada69e8d8177e195c7e416800757663b7420c22bda5f6328,562b5976c7f6d44b782498480fce54bad1e3142d9541438f6d7a42a876a3df87,0ecaf30ec3147260f584fff24f30e32a975cba82529f3d3c36d4c49ea0de712f
source-R4-C-f66-v5,Matin2012_state_009,Matin2012_state_009::MEACOO-,Matin2012,20.0,0.2869057381147623,0.0299,0.030315691205722937,evaluated,f66d972c032ce709ada69e8d8177e195c7e416800757663b7420c22bda5f6328,562b5976c7f6d44b782498480fce54bad1e3142d9541438f6d7a42a876a3df87,0ecaf30ec3147260f584fff24f30e32a975cba82529f3d3c36d4c49ea0de712f
source-R4-C-f66-v5,Matin2012_state_009,Matin2012_state_009::HCO3-,Matin2012,20.0,0.2869057381147623,0.003,0.001891069753082384,evaluated,f66d972c032ce709ada69e8d8177e195c7e416800757663b7420c22bda5f6328,562b5976c7f6d44b782498480fce54bad1e3142d9541438f6d7a42a876a3df87,0ecaf30ec3147260f584fff24f30e32a975cba82529f3d3c36d4c49ea0de712f
source-R4-C-f66-v5,Matin2012_state_010,Matin2012_state_010::MEA,Matin2012,20.0,0.3099061981239625,0.0469,0.04347981220099903,evaluated,f66d972c032ce709ada69e8d8177e195c7e416800757663b7420c22bda5f6328,562b5976c7f6d44b782498480fce54bad1e3142d9541438f6d7a42a876a3df87,0ecaf30ec3147260f584fff24f30e32a975cba82529f3d3c36d4c49ea0de712f
source-R4-C-f66-v5,Matin2012_state_010,Matin2012_state_010::MEAH+,Matin2012,20.0,0.3099061981239625,0.0327,0.0362337352807473,evaluated,f66d972c032ce709ada69e8d8177e195c7e416800757663b7420c22bda5f6328,562b5976c7f6d44b782498480fce54bad1e3142d9541438f6d7a42a876a3df87,0ecaf30ec3147260f584fff24f30e32a975cba82529f3d3c36d4c49ea0de712f
source-R4-C-f66-v5,Matin2012_state_010,Matin2012_state_010::MEACOO-,Matin2012,20.0,0.3099061981239625,0.0321,0.03250531324255776,evaluated,f66d972c032ce709ada69e8d8177e195c7e416800757663b7420c22bda5f6328,562b5976c7f6d44b782498480fce54bad1e3142d9541438f6d7a42a876a3df87,0ecaf30ec3147260f584fff24f30e32a975cba82529f3d3c36d4c49ea0de712f
source-R4-C-f66-v5,Matin2012_state_010,Matin2012_state_010::HCO3-,Matin2012,20.0,0.3099061981239625,0.0034,0.0022824608405363584,evaluated,f66d972c032ce709ada69e8d8177e195c7e416800757663b7420c22bda5f6328,562b5976c7f6d44b782498480fce54bad1e3142d9541438f6d7a42a876a3df87,0ecaf30ec3147260f584fff24f30e32a975cba82529f3d3c36d4c49ea0de712f
source-R4-C-f66-v5,Matin2012_state_011,Matin2012_state_011::MEA,Matin2012,20.0,0.33390667813356273,0.0419,0.03827264974300838,evaluated,f66d972c032ce709ada69e8d8177e195c7e416800757663b7420c22bda5f6328,562b5976c7f6d44b782498480fce54bad1e3142d9541438f6d7a42a876a3df87,0ecaf30ec3147260f584fff24f30e32a975cba82529f3d3c36d4c49ea0de712f
source-R4-C-f66-v5,Matin2012_state_011,Matin2012_state_011::MEAH+,Matin2012,20.0,0.33390667813356273,0.0349,0.03923539329606231,evaluated,f66d972c032ce709ada69e8d8177e195c7e416800757663b7420c22bda5f6328,562b5976c7f6d44b782498480fce54bad1e3142d9541438f6d7a42a876a3df87,0ecaf30ec3147260f584fff24f30e32a975cba82529f3d3c36d4c49ea0de712f
source-R4-C-f66-v5,Matin2012_state_011,Matin2012_state_011::MEACOO-,Matin2012,20.0,0.33390667813356273,0.0342,0.034710814265680935,evaluated,f66d972c032ce709ada69e8d8177e195c7e416800757663b7420c22bda5f6328,562b5976c7f6d44b782498480fce54bad1e3142d9541438f6d7a42a876a3df87,0ecaf30ec3147260f584fff24f30e32a975cba82529f3d3c36d4c49ea0de712f
source-R4-C-f66-v5,Matin2012_state_011,Matin2012_state_011::HCO3-,Matin2012,20.0,0.33390667813356273,0.004,0.0027701808604962378,evaluated,f66d972c032ce709ada69e8d8177e195c7e416800757663b7420c22bda5f6328,562b5976c7f6d44b782498480fce54bad1e3142d9541438f6d7a42a876a3df87,0ecaf30ec3147260f584fff24f30e32a975cba82529f3d3c36d4c49ea0de712f
source-R4-C-f66-v5,Matin2012_state_012,Matin2012_state_012::MEA,Matin2012,20.0,0.3579071581431629,0.0371,0.033114246745954035,evaluated,f66d972c032ce709ada69e8d8177e195c7e416800757663b7420c22bda5f6328,562b5976c7f6d44b782498480fce54bad1e3142d9541438f6d7a42a876a3df87,0ecaf30ec3147260f584fff24f30e32a975cba82529f3d3c36d4c49ea0de712f
source-R4-C-f66-v5,Matin2012_state_012,Matin2012_state_012::MEAH+,Matin2012,20.0,0.3579071581431629,0.0372,0.04228794753571529,evaluated,f66d972c032ce709ada69e8d8177e195c7e416800757663b7420c22bda5f6328,562b5976c7f6d44b782498480fce54bad1e3142d9541438f6d7a42a876a3df87,0ecaf30ec3147260f584fff24f30e32a975cba82529f3d3c36d4c49ea0de712f
source-R4-C-f66-v5,Matin2012_state_012,Matin2012_state_012::MEACOO-,Matin2012,20.0,0.3579071581431629,0.0362,0.03681665780759113,evaluated,f66d972c032ce709ada69e8d8177e195c7e416800757663b7420c22bda5f6328,562b5976c7f6d44b782498480fce54bad1e3142d9541438f6d7a42a876a3df87,0ecaf30ec3147260f584fff24f30e32a975cba82529f3d3c36d4c49ea0de712f
source-R4-C-f66-v5,Matin2012_state_012,Matin2012_state_012::HCO3-,Matin2012,20.0,0.3579071581431629,0.0046,0.003357541550691617,evaluated,f66d972c032ce709ada69e8d8177e195c7e416800757663b7420c22bda5f6328,562b5976c7f6d44b782498480fce54bad1e3142d9541438f6d7a42a876a3df87,0ecaf30ec3147260f584fff24f30e32a975cba82529f3d3c36d4c49ea0de712f
source-R4-C-f66-v5,Matin2012_state_013,Matin2012_state_013::MEA,Matin2012,20.0,0.3819076381527631,0.0322,0.028027483703562242,evaluated,f66d972c032ce709ada69e8d8177e195c7e416800757663b7420c22bda5f6328,562b5976c7f6d44b782498480fce54bad1e3142d9541438f6d7a42a876a3df87,0ecaf30ec3147260f584fff24f30e32a975cba82529f3d3c36d4c49ea0de712f
source-R4-C-f66-v5,Matin2012_state_013,Matin2012_state_013::MEAH+,Matin2012,20.0,0.3819076381527631,0.0394,0.04539440920717408,evaluated,f66d972c032ce709ada69e8d8177e195c7e416800757663b7420c22bda5f6328,562b5976c7f6d44b782498480fce54bad1e3142d9541438f6d7a42a876a3df87,0ecaf30ec3147260f584fff24f30e32a975cba82529f3d3c36d4c49ea0de712f
source-R4-C-f66-v5,Matin2012_state_013,Matin2012_state_013::MEACOO-,Matin2012,20.0,0.3819076381527631,0.0381,0.03879695081932193,evaluated,f66d972c032ce709ada69e8d8177e195c7e416800757663b7420c22bda5f6328,562b5976c7f6d44b782498480fce54bad1e3142d9541438f6d7a42a876a3df87,0ecaf30ec3147260f584fff24f30e32a975cba82529f3d3c36d4c49ea0de712f
source-R4-C-f66-v5,Matin2012_state_013,Matin2012_state_013::HCO3-,Matin2012,20.0,0.3819076381527631,0.0053,0.004070423305721353,evaluated,f66d972c032ce709ada69e8d8177e195c7e416800757663b7420c22bda5f6328,562b5976c7f6d44b782498480fce54bad1e3142d9541438f6d7a42a876a3df87,0ecaf30ec3147260f584fff24f30e32a975cba82529f3d3c36d4c49ea0de712f
source-R4-C-f66-v5,Matin2012_state_014,Matin2012_state_014::MEA,Matin2012,20.0,0.4059081181623633,0.0274,0.023051733623243725,evaluated,f66d972c032ce709ada69e8d8177e195c7e416800757663b7420c22bda5f6328,562b5976c7f6d44b782498480fce54bad1e3142d9541438f6d7a42a876a3df87,0ecaf30ec3147260f584fff24f30e32a975cba82529f3d3c36d4c49ea0de712f
source-R4-C-f66-v5,Matin2012_state_014,Matin2012_state_014::MEAH+,Matin2012,20.0,0.4059081181623633,0.0415,0.04855338374334006,evaluated,f66d972c032ce709ada69e8d8177e195c7e416800757663b7420c22bda5f6328,562b5976c7f6d44b782498480fce54bad1e3142d9541438f6d7a42a876a3df87,0ecaf30ec3147260f584fff24f30e32a975cba82529f3d3c36d4c49ea0de712f
source-R4-C-f66-v5,Matin2012_state_014,Matin2012_state_014::MEACOO-,Matin2012,20.0,0.4059081181623633,0.04,0.040613712066711376,evaluated,f66d972c032ce709ada69e8d8177e195c7e416800757663b7420c22bda5f6328,562b5976c7f6d44b782498480fce54bad1e3142d9541438f6d7a42a876a3df87,0ecaf30ec3147260f584fff24f30e32a975cba82529f3d3c36d4c49ea0de712f
source-R4-C-f66-v5,Matin2012_state_014,Matin2012_state_014::HCO3-,Matin2012,20.0,0.4059081181623633,0.0061,0.004946781102662236,evaluated,f66d972c032ce709ada69e8d8177e195c7e416800757663b7420c22bda5f6328,562b5976c7f6d44b782498480fce54bad1e3142d9541438f6d7a42a876a3df87,0ecaf30ec3147260f584fff24f30e32a975cba82529f3d3c36d4c49ea0de712f
source-R4-C-f66-v5,Matin2012_state_015,Matin2012_state_015::MEA,Matin2012,20.0,0.4309086181723635,0.0227,0.018064207783072862,evaluated,f66d972c032ce709ada69e8d8177e195c7e416800757663b7420c22bda5f6328,562b5976c7f6d44b782498480fce54bad1e3142d9541438f6d7a42a876a3df87,0ecaf30ec3147260f584fff24f30e32a975cba82529f3d3c36d4c49ea0de712f
source-R4-C-f66-v5,Matin2012_state_015,Matin2012_state_015::MEAH+,Matin2012,20.0,0.4309086181723635,0.0436,0.05188763433054378,evaluated,f66d972c032ce709ada69e8d8177e195c7e416800757663b7420c22bda5f6328,562b5976c7f6d44b782498480fce54bad1e3142d9541438f6d7a42a876a3df87,0ecaf30ec3147260f584fff24f30e32a975cba82529f3d3c36d4c49ea0de712f
source-R4-C-f66-v5,Matin2012_state_015,Matin2012_state_015::MEACOO-,Matin2012,20.0,0.4309086181723635,0.0417,0.04226695918157679,evaluated,f66d972c032ce709ada69e8d8177e195c7e416800757663b7420c22bda5f6328,562b5976c7f6d44b782498480fce54bad1e3142d9541438f6d7a42a876a3df87,0ecaf30ec3147260f584fff24f30e32a975cba82529f3d3c36d4c49ea0de712f
source-R4-C-f66-v5,Matin2012_state_015,Matin2012_state_015::HCO3-,Matin2012,20.0,0.4309086181723635,0.007,0.006098741853054482,evaluated,f66d972c032ce709ada69e8d8177e195c7e416800757663b7420c22bda5f6328,562b5976c7f6d44b782498480fce54bad1e3142d9541438f6d7a42a876a3df87,0ecaf30ec3147260f584fff24f30e32a975cba82529f3d3c36d4c49ea0de712f
source-R4-C-f66-v5,Matin2012_state_016,Matin2012_state_016::MEA,Matin2012,20.0,0.4549090981819637,0.0181,0.013603285931034851,evaluated,f66d972c032ce709ada69e8d8177e195c7e416800757663b7420c22bda5f6328,562b5976c7f6d44b782498480fce54bad1e3142d9541438f6d7a42a876a3df87,0ecaf30ec3147260f584fff24f30e32a975cba82529f3d3c36d4c49ea0de712f
source-R4-C-f66-v5,Matin2012_state_016,Matin2012_state_016::MEAH+,Matin2012,20.0,0.4549090981819637,0.0457,0.05509731763493112,evaluated,f66d972c032ce709ada69e8d8177e195c7e416800757663b7420c22bda5f6328,562b5976c7f6d44b782498480fce54bad1e3142d9541438f6d7a42a876a3df87,0ecaf30ec3147260f584fff24f30e32a975cba82529f3d3c36d4c49ea0de712f
source-R4-C-f66-v5,Matin2012_state_016,Matin2012_state_016::MEACOO-,Matin2012,20.0,0.4549090981819637,0.0433,0.04351814120747201,evaluated,f66d972c032ce709ada69e8d8177e195c7e416800757663b7420c22bda5f6328,562b5976c7f6d44b782498480fce54bad1e3142d9541438f6d7a42a876a3df87,0ecaf30ec3147260f584fff24f30e32a975cba82529f3d3c36d4c49ea0de712f
source-R4-C-f66-v5,Matin2012_state_016,Matin2012_state_016::HCO3-,Matin2012,20.0,0.4549090981819637,0.008,0.007540281666587484,evaluated,f66d972c032ce709ada69e8d8177e195c7e416800757663b7420c22bda5f6328,562b5976c7f6d44b782498480fce54bad1e3142d9541438f6d7a42a876a3df87,0ecaf30ec3147260f584fff24f30e32a975cba82529f3d3c36d4c49ea0de712f
source-R4-C-f66-v5,Matin2012_state_017,Matin2012_state_017::MEA,Matin2012,20.0,0.4799095981919638,0.0135,0.009556396254347866,evaluated,f66d972c032ce709ada69e8d8177e195c7e416800757663b7420c22bda5f6328,562b5976c7f6d44b782498480fce54bad1e3142d9541438f6d7a42a876a3df87,0ecaf30ec3147260f584fff24f30e32a975cba82529f3d3c36d4c49ea0de712f
source-R4-C-f66-v5,Matin2012_state_017,Matin2012_state_017::MEAH+,Matin2012,20.0,0.4799095981919638,0.0477,0.05837480878745135,evaluated,f66d972c032ce709ada69e8d8177e195c7e416800757663b7420c22bda5f6328,562b5976c7f6d44b782498480fce54bad1e3142d9541438f6d7a42a876a3df87,0ecaf30ec3147260f584fff24f30e32a975cba82529f3d3c36d4c49ea0de712f
source-R4-C-f66-v5,Matin2012_state_017,Matin2012_state_017::MEACOO-,Matin2012,20.0,0.4799095981919638,0.0448,0.04428740258723694,evaluated,f66d972c032ce709ada69e8d8177e195c7e416800757663b7420c22bda5f6328,562b5976c7f6d44b782498480fce54bad1e3142d9541438f6d7a42a876a3df87,0ecaf30ec3147260f584fff24f30e32a975cba82529f3d3c36d4c49ea0de712f
source-R4-C-f66-v5,Matin2012_state_017,Matin2012_state_017::HCO3-,Matin2012,20.0,0.4799095981919638,0.0091,0.009575200961499525,evaluated,f66d972c032ce709ada69e8d8177e195c7e416800757663b7420c22bda5f6328,562b5976c7f6d44b782498480fce54bad1e3142d9541438f6d7a42a876a3df87,0ecaf30ec3147260f584fff24f30e32a975cba82529f3d3c36d4c49ea0de712f
source-R4-C-f66-v5,Matin2012_state_018,Matin2012_state_018::MEA,Matin2012,20.0,0.5049100982019641,0.009,0.006453548613948997,evaluated,f66d972c032ce709ada69e8d8177e195c7e416800757663b7420c22bda5f6328,562b5976c7f6d44b782498480fce54bad1e3142d9541438f6d7a42a876a3df87,0ecaf30ec3147260f584fff24f30e32a975cba82529f3d3c36d4c49ea0de712f
source-R4-C-f66-v5,Matin2012_state_018,Matin2012_state_018::MEAH+,Matin2012,20.0,0.5049100982019641,0.0496,0.061473229210716386,evaluated,f66d972c032ce709ada69e8d8177e195c7e416800757663b7420c22bda5f6328,562b5976c7f6d44b782498480fce54bad1e3142d9541438f6d7a42a876a3df87,0ecaf30ec3147260f584fff24f30e32a975cba82529f3d3c36d4c49ea0de712f
source-R4-C-f66-v5,Matin2012_state_018,Matin2012_state_018::MEACOO-,Matin2012,20.0,0.5049100982019641,0.0462,0.04429149426169462,evaluated,f66d972c032ce709ada69e8d8177e195c7e416800757663b7420c22bda5f6328,562b5976c7f6d44b782498480fce54bad1e3142d9541438f6d7a42a876a3df87,0ecaf30ec3147260f584fff24f30e32a975cba82529f3d3c36d4c49ea0de712f
source-R4-C-f66-v5,Matin2012_state_018,Matin2012_state_018::HCO3-,Matin2012,20.0,0.5049100982019641,0.0102,0.012373414955126477,evaluated,f66d972c032ce709ada69e8d8177e195c7e416800757663b7420c22bda5f6328,562b5976c7f6d44b782498480fce54bad1e3142d9541438f6d7a42a876a3df87,0ecaf30ec3147260f584fff24f30e32a975cba82529f3d3c36d4c49ea0de712f
source-R4-C-f66-v5,Matin2012_state_019,Matin2012_state_019::MEA,Matin2012,20.0,0.5309106182123643,0.0046,0.004347919625962319,evaluated,f66d972c032ce709ada69e8d8177e195c7e416800757663b7420c22bda5f6328,562b5976c7f6d44b782498480fce54bad1e3142d9541438f6d7a42a876a3df87,0ecaf30ec3147260f584fff24f30e32a975cba82529f3d3c36d4c49ea0de712f
source-R4-C-f66-v5,Matin2012_state_019,Matin2012_state_019::MEAH+,Matin2012,20.0,0.5309106182123643,0.0515,0.06443814669681992,evaluated,f66d972c032ce709ada69e8d8177e195c7e416800757663b7420c22bda5f6328,562b5976c7f6d44b782498480fce54bad1e3142d9541438f6d7a42a876a3df87,0ecaf30ec3147260f584fff24f30e32a975cba82529f3d3c36d4c49ea0de712f
source-R4-C-f66-v5,Matin2012_state_019,Matin2012_state_019::MEACOO-,Matin2012,20.0,0.5309106182123643,0.0475,0.04343141963510706,evaluated,f66d972c032ce709ada69e8d8177e195c7e416800757663b7420c22bda5f6328,562b5976c7f6d44b782498480fce54bad1e3142d9541438f6d7a42a876a3df87,0ecaf30ec3147260f584fff24f30e32a975cba82529f3d3c36d4c49ea0de712f
source-R4-C-f66-v5,Matin2012_state_019,Matin2012_state_019::HCO3-,Matin2012,20.0,0.5309106182123643,0.0114,0.0161437419072298,evaluated,f66d972c032ce709ada69e8d8177e195c7e416800757663b7420c22bda5f6328,562b5976c7f6d44b782498480fce54bad1e3142d9541438f6d7a42a876a3df87,0ecaf30ec3147260f584fff24f30e32a975cba82529f3d3c36d4c49ea0de712f
source-R4-C-f66-v5,canonical:vle_obs_0034,vle_obs_0034-pco2,Aronu2011,40.0,0.10200204004080081,1.6,1.9913409280765588,evaluated,f66d972c032ce709ada69e8d8177e195c7e416800757663b7420c22bda5f6328,562b5976c7f6d44b782498480fce54bad1e3142d9541438f6d7a42a876a3df87,0ecaf30ec3147260f584fff24f30e32a975cba82529f3d3c36d4c49ea0de712f
source-R4-C-f66-v5,canonical:vle_obs_0035,vle_obs_0035-pco2,Aronu2011,40.0,0.20600412008240165,12.3,11.988168658695264,evaluated,f66d972c032ce709ada69e8d8177e195c7e416800757663b7420c22bda5f6328,562b5976c7f6d44b782498480fce54bad1e3142d9541438f6d7a42a876a3df87,0ecaf30ec3147260f584fff24f30e32a975cba82529f3d3c36d4c49ea0de712f
source-R4-C-f66-v5,canonical:vle_obs_0036,vle_obs_0036-pco2,Aronu2011,40.0,0.250005000100002,24.6,23.00460931613166,evaluated,f66d972c032ce709ada69e8d8177e195c7e416800757663b7420c22bda5f6328,562b5976c7f6d44b782498480fce54bad1e3142d9541438f6d7a42a876a3df87,0ecaf30ec3147260f584fff24f30e32a975cba82529f3d3c36d4c49ea0de712f
source-R4-C-f66-v5,canonical:vle_obs_0037,vle_obs_0037-pco2,Aronu2011,40.0,0.33700674013480275,60.3,86.43858243277292,evaluated,f66d972c032ce709ada69e8d8177e195c7e416800757663b7420c22bda5f6328,562b5976c7f6d44b782498480fce54bad1e3142d9541438f6d7a42a876a3df87,0ecaf30ec3147260f584fff24f30e32a975cba82529f3d3c36d4c49ea0de712f
source-R4-C-f66-v5,canonical:vle_obs_0038,vle_obs_0038-pco2,Aronu2011,40.0,0.3530070601412028,85.1,112.62923786423076,evaluated,f66d972c032ce709ada69e8d8177e195c7e416800757663b7420c22bda5f6328,562b5976c7f6d44b782498480fce54bad1e3142d9541438f6d7a42a876a3df87,0ecaf30ec3147260f584fff24f30e32a975cba82529f3d3c36d4c49ea0de712f
source-R4-C-f66-v5,canonical:vle_obs_0039,vle_obs_0039-pco2,Aronu2011,40.0,0.40100802016040327,183.5,269.3783713288915,evaluated,f66d972c032ce709ada69e8d8177e195c7e416800757663b7420c22bda5f6328,562b5976c7f6d44b782498480fce54bad1e3142d9541438f6d7a42a876a3df87,0ecaf30ec3147260f584fff24f30e32a975cba82529f3d3c36d4c49ea0de712f
source-R4-C-f66-v5,canonical:vle_obs_0040,vle_obs_0040-pco2,Aronu2011,40.0,0.4170083401668033,292.8,372.8460306194533,evaluated,f66d972c032ce709ada69e8d8177e195c7e416800757663b7420c22bda5f6328,562b5976c7f6d44b782498480fce54bad1e3142d9541438f6d7a42a876a3df87,0ecaf30ec3147260f584fff24f30e32a975cba82529f3d3c36d4c49ea0de712f
source-R4-C-f66-v5,canonical:vle_obs_0041,vle_obs_0041-pco2,Aronu2011,40.0,0.42100842016840334,318.79999999999995,405.7194413662535,evaluated,f66d972c032ce709ada69e8d8177e195c7e416800757663b7420c22bda5f6328,562b5976c7f6d44b782498480fce54bad1e3142d9541438f6d7a42a876a3df87,0ecaf30ec3147260f584fff24f30e32a975cba82529f3d3c36d4c49ea0de712f
source-R4-C-f66-v5,canonical:vle_obs_0042,vle_obs_0042-pco2,Aronu2011,40.0,0.43300866017320344,380.90000000000003,527.087997084837,evaluated,f66d972c032ce709ada69e8d8177e195c7e416800757663b7420c22bda5f6328,562b5976c7f6d44b782498480fce54bad1e3142d9541438f6d7a42a876a3df87,0ecaf30ec3147260f584fff24f30e32a975cba82529f3d3c36d4c49ea0de712f
source-R4-C-f66-v5,canonical:vle_obs_0043,vle_obs_0043-pco2,Aronu2011,40.0,0.4470089401788036,570.2,726.752310752122,evaluated,f66d972c032ce709ada69e8d8177e195c7e416800757663b7420c22bda5f6328,562b5976c7f6d44b782498480fce54bad1e3142d9541438f6d7a42a876a3df87,0ecaf30ec3147260f584fff24f30e32a975cba82529f3d3c36d4c49ea0de712f
source-R4-C-f66-v5,canonical:vle_obs_0044,vle_obs_0044-pco2,Aronu2011,40.0,0.4640092801856037,1066.2,1097.2031670936153,evaluated,f66d972c032ce709ada69e8d8177e195c7e416800757663b7420c22bda5f6328,562b5976c7f6d44b782498480fce54bad1e3142d9541438f6d7a42a876a3df87,0ecaf30ec3147260f584fff24f30e32a975cba82529f3d3c36d4c49ea0de712f
source-R4-C-f66-v5,canonical:vle_obs_0045,vle_obs_0045-pco2,Aronu2011,40.0,0.4760095201904038,1832.6,1484.7977994036212,evaluated,f66d972c032ce709ada69e8d8177e195c7e416800757663b7420c22bda5f6328,562b5976c7f6d44b782498480fce54bad1e3142d9541438f6d7a42a876a3df87,0ecaf30ec3147260f584fff24f30e32a975cba82529f3d3c36d4c49ea0de712f
source-R4-C-f66-v5,canonical:vle_obs_0046,vle_obs_0046-pco2,Aronu2011,40.0,0.4770095401908038,1827.8000000000002,1523.1888089936917,evaluated,f66d972c032ce709ada69e8d8177e195c7e416800757663b7420c22bda5f6328,562b5976c7f6d44b782498480fce54bad1e3142d9541438f6d7a42a876a3df87,0ecaf30ec3147260f584fff24f30e32a975cba82529f3d3c36d4c49ea0de712f
source-R4-C-f66-v5,canonical:vle_obs_0047,vle_obs_0047-pco2,Aronu2011,40.0,0.48500970019400386,2319.3,1870.3943562369882,evaluated,f66d972c032ce709ada69e8d8177e195c7e416800757663b7420c22bda5f6328,562b5976c7f6d44b782498480fce54bad1e3142d9541438f6d7a42a876a3df87,0ecaf30ec3147260f584fff24f30e32a975cba82529f3d3c36d4c49ea0de712f
source-R4-C-f66-v5,canonical:vle_obs_0048,vle_obs_0048-pco2,Aronu2011,40.0,0.4890097801956039,2857.7,2073.562698556054,evaluated,f66d972c032ce709ada69e8d8177e195c7e416800757663b7420c22bda5f6328,562b5976c7f6d44b782498480fce54bad1e3142d9541438f6d7a42a876a3df87,0ecaf30ec3147260f584fff24f30e32a975cba82529f3d3c36d4c49ea0de712f
source-R4-C-f66-v5,canonical:vle_obs_0049,vle_obs_0049-pco2,Aronu2011,40.0,0.5160103202064041,8558.3,4119.997541713286,evaluated,f66d972c032ce709ada69e8d8177e195c7e416800757663b7420c22bda5f6328,562b5976c7f6d44b782498480fce54bad1e3142d9541438f6d7a42a876a3df87,0ecaf30ec3147260f584fff24f30e32a975cba82529f3d3c36d4c49ea0de712f
source-R4-C-f66-v5,canonical:vle_obs_0050,vle_obs_0050-pco2,Aronu2011,40.0,0.5240104802096043,11812.0,5005.633725360423,evaluated,f66d972c032ce709ada69e8d8177e195c7e416800757663b7420c22bda5f6328,562b5976c7f6d44b782498480fce54bad1e3142d9541438f6d7a42a876a3df87,0ecaf30ec3147260f584fff24f30e32a975cba82529f3d3c36d4c49ea0de712f
source-R4-C-f66-v5,canonical:vle_obs_0051,vle_obs_0051-pco2,Aronu2011,60.0,0.053001060021200426,4.5,3.0923409423408903,evaluated,f66d972c032ce709ada69e8d8177e195c7e416800757663b7420c22bda5f6328,562b5976c7f6d44b782498480fce54bad1e3142d9541438f6d7a42a876a3df87,0ecaf30ec3147260f584fff24f30e32a975cba82529f3d3c36d4c49ea0de712f
source-R4-C-f66-v5,canonical:vle_obs_0052,vle_obs_0052-pco2,Aronu2011,60.0,0.10500210004200083,15.4,12.665506992799504,evaluated,f66d972c032ce709ada69e8d8177e195c7e416800757663b7420c22bda5f6328,562b5976c7f6d44b782498480fce54bad1e3142d9541438f6d7a42a876a3df87,0ecaf30ec3147260f584fff24f30e32a975cba82529f3d3c36d4c49ea0de712f
source-R4-C-f66-v5,canonical:vle_obs_0053,vle_obs_0053-pco2,Aronu2011,60.0,0.1620032400648013,42.7,36.70578802081082,evaluated,f66d972c032ce709ada69e8d8177e195c7e416800757663b7420c22bda5f6328,562b5976c7f6d44b782498480fce54bad1e3142d9541438f6d7a42a876a3df87,0ecaf30ec3147260f584fff24f30e32a975cba82529f3d3c36d4c49ea0de712f
source-R4-C-f66-v5,canonical:vle_obs_0054,vle_obs_0054-pco2,Aronu2011,60.0,0.24400488009760196,134.8,132.3244785894749,evaluated,f66d972c032ce709ada69e8d8177e195c7e416800757663b7420c22bda5f6328,562b5976c7f6d44b782498480fce54bad1e3142d9541438f6d7a42a876a3df87,0ecaf30ec3147260f584fff24f30e32a975cba82529f3d3c36d4c49ea0de712f
source-R4-C-f66-v5,canonical:vle_obs_0055,vle_obs_0055-pco2,Aronu2011,60.0,0.3030060601212024,301.5,325.03284451826147,evaluated,f66d972c032ce709ada69e8d8177e195c7e416800757663b7420c22bda5f6328,562b5976c7f6d44b782498480fce54bad1e3142d9541438f6d7a42a876a3df87,0ecaf30ec3147260f584fff24f30e32a975cba82529f3d3c36d4c49ea0de712f
source-R4-C-f66-v5,canonical:vle_obs_0056,vle_obs_0056-pco2,Aronu2011,60.0,0.3600072001440029,643.5999999999999,821.7164321111022,evaluated,f66d972c032ce709ada69e8d8177e195c7e416800757663b7420c22bda5f6328,562b5976c7f6d44b782498480fce54bad1e3142d9541438f6d7a42a876a3df87,0ecaf30ec3147260f584fff24f30e32a975cba82529f3d3c36d4c49ea0de712f
source-R4-C-f66-v5,canonical:vle_obs_0057,vle_obs_0057-pco2,Aronu2011,60.0,0.3930078601572032,1097.0,1480.443090900878,evaluated,f66d972c032ce709ada69e8d8177e195c7e416800757663b7420c22bda5f6328,562b5976c7f6d44b782498480fce54bad1e3142d9541438f6d7a42a876a3df87,0ecaf30ec3147260f584fff24f30e32a975cba82529f3d3c36d4c49ea0de712f
source-R4-C-f66-v5,canonical:vle_obs_0058,vle_obs_0058-pco2,Aronu2011,60.0,0.4280085601712034,2501.3999999999996,2922.371473539654,evaluated,f66d972c032ce709ada69e8d8177e195c7e416800757663b7420c22bda5f6328,562b5976c7f6d44b782498480fce54bad1e3142d9541438f6d7a42a876a3df87,0ecaf30ec3147260f584fff24f30e32a975cba82529f3d3c36d4c49ea0de712f
source-R4-C-f66-v5,canonical:vle_obs_0059,vle_obs_0059-pco2,Aronu2011,60.0,0.49100982019640393,13558.0,11169.007259169439,evaluated,f66d972c032ce709ada69e8d8177e195c7e416800757663b7420c22bda5f6328,562b5976c7f6d44b782498480fce54bad1e3142d9541438f6d7a42a876a3df87,0ecaf30ec3147260f584fff24f30e32a975cba82529f3d3c36d4c49ea0de712f
source-R4-C-f66-v5,canonical:vle_obs_0060,vle_obs_0060-pco2,Aronu2011,80.0,0.017000340006800136,5.6,2.0128606069939807,evaluated,f66d972c032ce709ada69e8d8177e195c7e416800757663b7420c22bda5f6328,562b5976c7f6d44b782498480fce54bad1e3142d9541438f6d7a42a876a3df87,0ecaf30ec3147260f584fff24f30e32a975cba82529f3d3c36d4c49ea0de712f
source-R4-C-f66-v5,canonical:vle_obs_0061,vle_obs_0061-pco2,Aronu2011,80.0,0.04000080001600032,21.9,9.591481780621018,evaluated,f66d972c032ce709ada69e8d8177e195c7e416800757663b7420c22bda5f6328,562b5976c7f6d44b782498480fce54bad1e3142d9541438f6d7a42a876a3df87,0ecaf30ec3147260f584fff24f30e32a975cba82529f3d3c36d4c49ea0de712f
source-R4-C-f66-v5,canonical:vle_obs_0062,vle_obs_0062-pco2,Aronu2011,80.0,0.0750015000300006,55.7,32.81506752759134,evaluated,f66d972c032ce709ada69e8d8177e195c7e416800757663b7420c22bda5f6328,562b5976c7f6d44b782498480fce54bad1e3142d9541438f6d7a42a876a3df87,0ecaf30ec3147260f584fff24f30e32a975cba82529f3d3c36d4c49ea0de712f
source-R4-C-f66-v5,canonical:vle_obs_0063,vle_obs_0063-pco2,Aronu2011,80.0,0.12200244004880098,140.6,96.3766582080958,evaluated,f66d972c032ce709ada69e8d8177e195c7e416800757663b7420c22bda5f6328,562b5976c7f6d44b782498480fce54bad1e3142d9541438f6d7a42a876a3df87,0ecaf30ec3147260f584fff24f30e32a975cba82529f3d3c36d4c49ea0de712f
source-R4-C-f66-v5,canonical:vle_obs_0064,vle_obs_0064-pco2,Aronu2011,80.0,0.15500310006200124,248.5,176.8627013682526,evaluated,f66d972c032ce709ada69e8d8177e195c7e416800757663b7420c22bda5f6328,562b5976c7f6d44b782498480fce54bad1e3142d9541438f6d7a42a876a3df87,0ecaf30ec3147260f584fff24f30e32a975cba82529f3d3c36d4c49ea0de712f
source-R4-C-f66-v5,canonical:vle_obs_0065,vle_obs_0065-pco2,Aronu2011,80.0,0.21600432008640172,613.7,476.30444909020906,evaluated,f66d972c032ce709ada69e8d8177e195c7e416800757663b7420c22bda5f6328,562b5976c7f6d44b782498480fce54bad1e3142d9541438f6d7a42a876a3df87,0ecaf30ec3147260f584fff24f30e32a975cba82529f3d3c36d4c49ea0de712f
source-R4-C-f66-v5,canonical:vle_obs_0066,vle_obs_0066-pco2,Aronu2011,80.0,0.2710054201084022,1253.8,1106.6072414928399,evaluated,f66d972c032ce709ada69e8d8177e195c7e416800757663b7420c22bda5f6328,562b5976c7f6d44b782498480fce54bad1e3142d9541438f6d7a42a876a3df87,0ecaf30ec3147260f584fff24f30e32a975cba82529f3d3c36d4c49ea0de712f
source-R4-C-f66-v5,canonical:vle_obs_0067,vle_obs_0067-pco2,Aronu2011,80.0,0.34700694013880273,3752.2000000000003,3668.6573922184816,evaluated,f66d972c032ce709ada69e8d8177e195c7e416800757663b7420c22bda5f6328,562b5976c7f6d44b782498480fce54bad1e3142d9541438f6d7a42a876a3df87,0ecaf30ec3147260f584fff24f30e32a975cba82529f3d3c36d4c49ea0de712f
source-R4-C-f66-v5,canonical:vle_obs_0068,vle_obs_0068-pco2,Aronu2011,80.0,0.4000080001600032,7938.7,9118.267364201241,evaluated,f66d972c032ce709ada69e8d8177e195c7e416800757663b7420c22bda5f6328,562b5976c7f6d44b782498480fce54bad1e3142d9541438f6d7a42a876a3df87,0ecaf30ec3147260f584fff24f30e32a975cba82529f3d3c36d4c49ea0de712f
source-R4-C-f66-v5,canonical:vle_obs_0069,vle_obs_0069-pco2,Aronu2011,80.0,0.3980079601592032,8303.1,8797.760240022539,evaluated,f66d972c032ce709ada69e8d8177e195c7e416800757663b7420c22bda5f6328,562b5976c7f6d44b782498480fce54bad1e3142d9541438f6d7a42a876a3df87,0ecaf30ec3147260f584fff24f30e32a975cba82529f3d3c36d4c49ea0de712f
source-R4-C-f66-v5,canonical:vle_obs_0119,vle_obs_0119-pco2,Hilliard2008,40.0,0.15300306006120123,5.7,5.191306783250678,evaluated,f66d972c032ce709ada69e8d8177e195c7e416800757663b7420c22bda5f6328,562b5976c7f6d44b782498480fce54bad1e3142d9541438f6d7a42a876a3df87,0ecaf30ec3147260f584fff24f30e32a975cba82529f3d3c36d4c49ea0de712f
source-R4-C-f66-v5,canonical:vle_obs_0120,vle_obs_0120-pco2,Hilliard2008,40.0,0.1630032600652013,6.64,6.1279179780821105,evaluated,f66d972c032ce709ada69e8d8177e195c7e416800757663b7420c22bda5f6328,562b5976c7f6d44b782498480fce54bad1e3142d9541438f6d7a42a876a3df87,0ecaf30ec3147260f584fff24f30e32a975cba82529f3d3c36d4c49ea0de712f
source-R4-C-f66-v5,canonical:vle_obs_0121,vle_obs_0121-pco2,Hilliard2008,40.0,0.17000340006800138,7.21,6.863648042987309,evaluated,f66d972c032ce709ada69e8d8177e195c7e416800757663b7420c22bda5f6328,562b5976c7f6d44b782498480fce54bad1e3142d9541438f6d7a42a876a3df87,0ecaf30ec3147260f584fff24f30e32a975cba82529f3d3c36d4c49ea0de712f
source-R4-C-f66-v5,canonical:vle_obs_0122,vle_obs_0122-pco2,Hilliard2008,40.0,0.19100382007640154,9.950000000000001,9.542827098231818,evaluated,f66d972c032ce709ada69e8d8177e195c7e416800757663b7420c22bda5f6328,562b5976c7f6d44b782498480fce54bad1e3142d9541438f6d7a42a876a3df87,0ecaf30ec3147260f584fff24f30e32a975cba82529f3d3c36d4c49ea0de712f
source-R4-C-f66-v5,canonical:vle_obs_0123,vle_obs_0123-pco2,Hilliard2008,40.0,0.19400388007760155,9.85,9.992320374064864,evaluated,f66d972c032ce709ada69e8d8177e195c7e416800757663b7420c22bda5f6328,562b5976c7f6d44b782498480fce54bad1e3142d9541438f6d7a42a876a3df87,0ecaf30ec3147260f584fff24f30e32a975cba82529f3d3c36d4c49ea0de712f
source-R4-C-f66-v5,canonical:vle_obs_0124,vle_obs_0124-pco2,Hilliard2008,40.0,0.23200464009280186,14.6,17.650967337574503,evaluated,f66d972c032ce709ada69e8d8177e195c7e416800757663b7420c22bda5f6328,562b5976c7f6d44b782498480fce54bad1e3142d9541438f6d7a42a876a3df87,0ecaf30ec3147260f584fff24f30e32a975cba82529f3d3c36d4c49ea0de712f
source-R4-C-f66-v5,canonical:vle_obs_0125,vle_obs_0125-pco2,Hilliard2008,40.0,0.24600492009840197,19.099999999999998,21.690702247758374,evaluated,f66d972c032ce709ada69e8d8177e195c7e416800757663b7420c22bda5f6328,562b5976c7f6d44b782498480fce54bad1e3142d9541438f6d7a42a876a3df87,0ecaf30ec3147260f584fff24f30e32a975cba82529f3d3c36d4c49ea0de712f
source-R4-C-f66-v5,canonical:vle_obs_0126,vle_obs_0126-pco2,Hilliard2008,40.0,0.26900538010760217,23.099999999999998,30.43601031338054,evaluated,f66d972c032ce709ada69e8d8177e195c7e416800757663b7420c22bda5f6328,562b5976c7f6d44b782498480fce54bad1e3142d9541438f6d7a42a876a3df87,0ecaf30ec3147260f584fff24f30e32a975cba82529f3d3c36d4c49ea0de712f
source-R4-C-f66-v5,canonical:vle_obs_0127,vle_obs_0127-pco2,Hilliard2008,40.0,0.2720054401088022,22.4,31.81762586704981,evaluated,f66d972c032ce709ada69e8d8177e195c7e416800757663b7420c22bda5f6328,562b5976c7f6d44b782498480fce54bad1e3142d9541438f6d7a42a876a3df87,0ecaf30ec3147260f584fff24f30e32a975cba82529f3d3c36d4c49ea0de712f
source-R4-C-f66-v5,canonical:vle_obs_0128,vle_obs_0128-pco2,Hilliard2008,40.0,0.3260065201304026,48.5,72.4547673048719,evaluated,f66d972c032ce709ada69e8d8177e195c7e416800757663b7420c22bda5f6328,562b5976c7f6d44b782498480fce54bad1e3142d9541438f6d7a42a876a3df87,0ecaf30ec3147260f584fff24f30e32a975cba82529f3d3c36d4c49ea0de712f
source-R4-C-f66-v5,canonical:vle_obs_0129,vle_obs_0129-pco2,Hilliard2008,40.0,0.3480069601392028,66.19999999999999,103.57274642965434,evaluated,f66d972c032ce709ada69e8d8177e195c7e416800757663b7420c22bda5f6328,562b5976c7f6d44b782498480fce54bad1e3142d9541438f6d7a42a876a3df87,0ecaf30ec3147260f584fff24f30e32a975cba82529f3d3c36d4c49ea0de712f
source-R4-C-f66-v5,canonical:vle_obs_0130,vle_obs_0130-pco2,Hilliard2008,40.0,0.3500070001400028,72.1,107.09070320240717,evaluated,f66d972c032ce709ada69e8d8177e195c7e416800757663b7420c22bda5f6328,562b5976c7f6d44b782498480fce54bad1e3142d9541438f6d7a42a876a3df87,0ecaf30ec3147260f584fff24f30e32a975cba82529f3d3c36d4c49ea0de712f
source-R4-C-f66-v5,canonical:vle_obs_0131,vle_obs_0131-pco2,Hilliard2008,40.0,0.3600072001440029,96.60000000000001,126.89258308347685,evaluated,f66d972c032ce709ada69e8d8177e195c7e416800757663b7420c22bda5f6328,562b5976c7f6d44b782498480fce54bad1e3142d9541438f6d7a42a876a3df87,0ecaf30ec3147260f584fff24f30e32a975cba82529f3d3c36d4c49ea0de712f
source-R4-C-f66-v5,canonical:vle_obs_0132,vle_obs_0132-pco2,Hilliard2008,40.0,0.3820076401528031,131.0,187.6304086684477,evaluated,f66d972c032ce709ada69e8d8177e195c7e416800757663b7420c22bda5f6328,562b5976c7f6d44b782498480fce54bad1e3142d9541438f6d7a42a876a3df87,0ecaf30ec3147260f584fff24f30e32a975cba82529f3d3c36d4c49ea0de712f
source-R4-C-f66-v5,canonical:vle_obs_0133,vle_obs_0133-pco2,Hilliard2008,40.0,0.3860077201544031,120.0,202.06865353366712,evaluated,f66d972c032ce709ada69e8d8177e195c7e416800757663b7420c22bda5f6328,562b5976c7f6d44b782498480fce54bad1e3142d9541438f6d7a42a876a3df87,0ecaf30ec3147260f584fff24f30e32a975cba82529f3d3c36d4c49ea0de712f
source-R4-C-f66-v5,canonical:vle_obs_0134,vle_obs_0134-pco2,Hilliard2008,40.0,0.3890077801556031,113.0,213.76583266236162,evaluated,f66d972c032ce709ada69e8d8177e195c7e416800757663b7420c22bda5f6328,562b5976c7f6d44b782498480fce54bad1e3142d9541438f6d7a42a876a3df87,0ecaf30ec3147260f584fff24f30e32a975cba82529f3d3c36d4c49ea0de712f
source-R4-C-f66-v5,canonical:vle_obs_0135,vle_obs_0135-pco2,Hilliard2008,40.0,0.4000080001600032,128.0,264.1337446207191,evaluated,f66d972c032ce709ada69e8d8177e195c7e416800757663b7420c22bda5f6328,562b5976c7f6d44b782498480fce54bad1e3142d9541438f6d7a42a876a3df87,0ecaf30ec3147260f584fff24f30e32a975cba82529f3d3c36d4c49ea0de712f
source-R4-C-f66-v5,canonical:vle_obs_0136,vle_obs_0136-pco2,Hilliard2008,40.0,0.4640092801856037,750.0,1097.2031670936153,evaluated,f66d972c032ce709ada69e8d8177e195c7e416800757663b7420c22bda5f6328,562b5976c7f6d44b782498480fce54bad1e3142d9541438f6d7a42a876a3df87,0ecaf30ec3147260f584fff24f30e32a975cba82529f3d3c36d4c49ea0de712f
source-R4-C-f66-v5,canonical:vle_obs_0137,vle_obs_0137-pco2,Hilliard2008,40.0,0.4660093201864038,574.0,1153.2840179828702,evaluated,f66d972c032ce709ada69e8d8177e195c7e416800757663b7420c22bda5f6328,562b5976c7f6d44b782498480fce54bad1e3142d9541438f6d7a42a876a3df87,0ecaf30ec3147260f584fff24f30e32a975cba82529f3d3c36d4c49ea0de712f
source-R4-C-f66-v5,canonical:vle_obs_0138,vle_obs_0138-pco2,Hilliard2008,40.0,0.48100962019240384,883.0,1687.5288715599424,evaluated,f66d972c032ce709ada69e8d8177e195c7e416800757663b7420c22bda5f6328,562b5976c7f6d44b782498480fce54bad1e3142d9541438f6d7a42a876a3df87,0ecaf30ec3147260f584fff24f30e32a975cba82529f3d3c36d4c49ea0de712f
source-R4-C-f66-v5,canonical:vle_obs_0139,vle_obs_0139-pco2,Hilliard2008,40.0,0.49100982019640393,1100.0,2183.334842373149,evaluated,f66d972c032ce709ada69e8d8177e195c7e416800757663b7420c22bda5f6328,562b5976c7f6d44b782498480fce54bad1e3142d9541438f6d7a42a876a3df87,0ecaf30ec3147260f584fff24f30e32a975cba82529f3d3c36d4c49ea0de712f
source-R4-C-f66-v5,canonical:vle_obs_0140,vle_obs_0140-pco2,Hilliard2008,40.0,0.501010020200404,1870.0,2823.5617015512908,evaluated,f66d972c032ce709ada69e8d8177e195c7e416800757663b7420c22bda5f6328,562b5976c7f6d44b782498480fce54bad1e3142d9541438f6d7a42a876a3df87,0ecaf30ec3147260f584fff24f30e32a975cba82529f3d3c36d4c49ea0de712f
source-R4-C-f66-v5,canonical:vle_obs_0141,vle_obs_0141-pco2,Hilliard2008,40.0,0.5180103602072041,3030.0,4327.808813316697,evaluated,f66d972c032ce709ada69e8d8177e195c7e416800757663b7420c22bda5f6328,562b5976c7f6d44b782498480fce54bad1e3142d9541438f6d7a42a876a3df87,0ecaf30ec3147260f584fff24f30e32a975cba82529f3d3c36d4c49ea0de712f
source-R4-C-f66-v5,canonical:vle_obs_0142,vle_obs_0142-pco2,Hilliard2008,40.0,0.5910118202364048,28300.0,19277.156039674446,evaluated,f66d972c032ce709ada69e8d8177e195c7e416800757663b7420c22bda5f6328,562b5976c7f6d44b782498480fce54bad1e3142d9541438f6d7a42a876a3df87,0ecaf30ec3147260f584fff24f30e32a975cba82529f3d3c36d4c49ea0de712f
source-R4-C-f66-v5,canonical:vle_obs_0143,vle_obs_0143-pco2,Hilliard2008,60.0,0.11400228004560092,19.400000000000002,15.276906425080924,evaluated,f66d972c032ce709ada69e8d8177e195c7e416800757663b7420c22bda5f6328,562b5976c7f6d44b782498480fce54bad1e3142d9541438f6d7a42a876a3df87,0ecaf30ec3147260f584fff24f30e32a975cba82529f3d3c36d4c49ea0de712f
source-R4-C-f66-v5,canonical:vle_obs_0144,vle_obs_0144-pco2,Hilliard2008,60.0,0.19100382007640154,58.9,58.742909890559595,evaluated,f66d972c032ce709ada69e8d8177e195c7e416800757663b7420c22bda5f6328,562b5976c7f6d44b782498480fce54bad1e3142d9541438f6d7a42a876a3df87,0ecaf30ec3147260f584fff24f30e32a975cba82529f3d3c36d4c49ea0de712f
source-R4-C-f66-v5,canonical:vle_obs_0145,vle_obs_0145-pco2,Hilliard2008,60.0,0.2910058201164023,209.0,269.9595455293635,evaluated,f66d972c032ce709ada69e8d8177e195c7e416800757663b7420c22bda5f6328,562b5976c7f6d44b782498480fce54bad1e3142d9541438f6d7a42a876a3df87,0ecaf30ec3147260f584fff24f30e32a975cba82529f3d3c36d4c49ea0de712f
source-R4-C-f66-v5,canonical:vle_obs_0146,vle_obs_0146-pco2,Hilliard2008,60.0,0.3860077201544031,763.0,1301.4351456281029,evaluated,f66d972c032ce709ada69e8d8177e195c7e416800757663b7420c22bda5f6328,562b5976c7f6d44b782498480fce54bad1e3142d9541438f6d7a42a876a3df87,0ecaf30ec3147260f584fff24f30e32a975cba82529f3d3c36d4c49ea0de712f
source-R4-C-f66-v5,canonical:vle_obs_0147,vle_obs_0147-pco2,Hilliard2008,60.0,0.48500970019400386,4860.0,9813.855041711162,evaluated,f66d972c032ce709ada69e8d8177e195c7e416800757663b7420c22bda5f6328,562b5976c7f6d44b782498480fce54bad1e3142d9541438f6d7a42a876a3df87,0ecaf30ec3147260f584fff24f30e32a975cba82529f3d3c36d4c49ea0de712f
source-R4-C-f66-v5,canonical:vle_obs_0148,vle_obs_0148-pco2,Hilliard2008,60.0,0.5440108802176044,25800.0,32391.567121146258,evaluated,f66d972c032ce709ada69e8d8177e195c7e416800757663b7420c22bda5f6328,562b5976c7f6d44b782498480fce54bad1e3142d9541438f6d7a42a876a3df87,0ecaf30ec3147260f584fff24f30e32a975cba82529f3d3c36d4c49ea0de712f
source-R4-C-f66-v5,canonical:vle_obs_0162,vle_obs_0162-pco2,Idris2014,40.0,0.24200484009680193,21.0,20.451598048165035,evaluated,f66d972c032ce709ada69e8d8177e195c7e416800757663b7420c22bda5f6328,562b5976c7f6d44b782498480fce54bad1e3142d9541438f6d7a42a876a3df87,0ecaf30ec3147260f584fff24f30e32a975cba82529f3d3c36d4c49ea0de712f
source-R4-C-f66-v5,canonical:vle_obs_0163,vle_obs_0163-pco2,Idris2014,40.0,0.3210064201284026,38.0,66.95486173462145,evaluated,f66d972c032ce709ada69e8d8177e195c7e416800757663b7420c22bda5f6328,562b5976c7f6d44b782498480fce54bad1e3142d9541438f6d7a42a876a3df87,0ecaf30ec3147260f584fff24f30e32a975cba82529f3d3c36d4c49ea0de712f
source-R4-C-f66-v5,canonical:vle_obs_0164,vle_obs_0164-pco2,Idris2014,40.0,0.33000660013200267,43.0,77.22085928426387,evaluated,f66d972c032ce709ada69e8d8177e195c7e416800757663b7420c22bda5f6328,562b5976c7f6d44b782498480fce54bad1e3142d9541438f6d7a42a876a3df87,0ecaf30ec3147260f584fff24f30e32a975cba82529f3d3c36d4c49ea0de712f
source-R4-C-f66-v5,canonical:vle_obs_0165,vle_obs_0165-pco2,Idris2014,40.0,0.3450069001380027,50.0,98.54200134178788,evaluated,f66d972c032ce709ada69e8d8177e195c7e416800757663b7420c22bda5f6328,562b5976c7f6d44b782498480fce54bad1e3142d9541438f6d7a42a876a3df87,0ecaf30ec3147260f584fff24f30e32a975cba82529f3d3c36d4c49ea0de712f
source-R4-C-f66-v5,canonical:vle_obs_0166,vle_obs_0166-pco2,Idris2014,40.0,0.3520070401408028,64.0,110.74710403903978,evaluated,f66d972c032ce709ada69e8d8177e195c7e416800757663b7420c22bda5f6328,562b5976c7f6d44b782498480fce54bad1e3142d9541438f6d7a42a876a3df87,0ecaf30ec3147260f584fff24f30e32a975cba82529f3d3c36d4c49ea0de712f
source-R4-C-f66-v5,canonical:vle_obs_0167,vle_obs_0167-pco2,Idris2014,40.0,0.3550071001420028,97.0,116.50559863414789,evaluated,f66d972c032ce709ada69e8d8177e195c7e416800757663b7420c22bda5f6328,562b5976c7f6d44b782498480fce54bad1e3142d9541438f6d7a42a876a3df87,0ecaf30ec3147260f584fff24f30e32a975cba82529f3d3c36d4c49ea0de712f
source-R4-C-f66-v5,canonical:vle_obs_0168,vle_obs_0168-pco2,Idris2014,40.0,0.375007500150003,107.0,165.18988164270596,evaluated,f66d972c032ce709ada69e8d8177e195c7e416800757663b7420c22bda5f6328,562b5976c7f6d44b782498480fce54bad1e3142d9541438f6d7a42a876a3df87,0ecaf30ec3147260f584fff24f30e32a975cba82529f3d3c36d4c49ea0de712f
source-R4-C-f66-v5,canonical:vle_obs_0169,vle_obs_0169-pco2,Idris2014,40.0,0.377007540150803,123.0,171.2617627377046,evaluated,f66d972c032ce709ada69e8d8177e195c7e416800757663b7420c22bda5f6328,562b5976c7f6d44b782498480fce54bad1e3142d9541438f6d7a42a876a3df87,0ecaf30ec3147260f584fff24f30e32a975cba82529f3d3c36d4c49ea0de712f
source-R4-C-f66-v5,canonical:vle_obs_0170,vle_obs_0170-pco2,Idris2014,40.0,0.4360087201744035,445.0,563.8324330750903,evaluated,f66d972c032ce709ada69e8d8177e195c7e416800757663b7420c22bda5f6328,562b5976c7f6d44b782498480fce54bad1e3142d9541438f6d7a42a876a3df87,0ecaf30ec3147260f584fff24f30e32a975cba82529f3d3c36d4c49ea0de712f
source-R4-C-f66-v5,canonical:vle_obs_0171,vle_obs_0171-pco2,Idris2014,40.0,0.4600092001840037,813.0,993.8896135797294,evaluated,f66d972c032ce709ada69e8d8177e195c7e416800757663b7420c22bda5f6328,562b5976c7f6d44b782498480fce54bad1e3142d9541438f6d7a42a876a3df87,0ecaf30ec3147260f584fff24f30e32a975cba82529f3d3c36d4c49ea0de712f
source-R4-C-f66-v5,canonical:vle_obs_0186,vle_obs_0186-pco2,Jou1995,40.0,0.08880177603552071,1.47,1.4783890910358022,evaluated,f66d972c032ce709ada69e8d8177e195c7e416800757663b7420c22bda5f6328,562b5976c7f6d44b782498480fce54bad1e3142d9541438f6d7a42a876a3df87,0ecaf30ec3147260f584fff24f30e32a975cba82529f3d3c36d4c49ea0de712f
source-R4-C-f66-v5,canonical:vle_obs_0187,vle_obs_0187-pco2,Jou1995,40.0,0.20300406008120164,8.959999999999999,11.45775436936841,evaluated,f66d972c032ce709ada69e8d8177e195c7e416800757663b7420c22bda5f6328,562b5976c7f6d44b782498480fce54bad1e3142d9541438f6d7a42a876a3df87,0ecaf30ec3147260f584fff24f30e32a975cba82529f3d3c36d4c49ea0de712f
source-R4-C-f66-v5,canonical:vle_obs_0188,vle_obs_0188-pco2,Jou1995,40.0,0.3650073001460029,67.7,138.37284146781326,evaluated,f66d972c032ce709ada69e8d8177e195c7e416800757663b7420c22bda5f6328,562b5976c7f6d44b782498480fce54bad1e3142d9541438f6d7a42a876a3df87,0ecaf30ec3147260f584fff24f30e32a975cba82529f3d3c36d4c49ea0de712f
source-R4-C-f66-v5,canonical:vle_obs_0189,vle_obs_0189-pco2,Jou1995,40.0,0.47350947018940376,604.0,1393.2534384066719,evaluated,f66d972c032ce709ada69e8d8177e195c7e416800757663b7420c22bda5f6328,562b5976c7f6d44b782498480fce54bad1e3142d9541438f6d7a42a876a3df87,0ecaf30ec3147260f584fff24f30e32a975cba82529f3d3c36d4c49ea0de712f
source-R4-C-f66-v5,canonical:vle_obs_0190,vle_obs_0190-pco2,Jou1995,40.0,0.5130102602052041,2570.0,3824.548454407637,evaluated,f66d972c032ce709ada69e8d8177e195c7e416800757663b7420c22bda5f6328,562b5976c7f6d44b782498480fce54bad1e3142d9541438f6d7a42a876a3df87,0ecaf30ec3147260f584fff24f30e32a975cba82529f3d3c36d4c49ea0de712f
source-R4-C-f66-v5,canonical:vle_obs_0191,vle_obs_0191-pco2,Jou1995,40.0,0.5570111402228045,8090.0,10387.296770696445,evaluated,f66d972c032ce709ada69e8d8177e195c7e416800757663b7420c22bda5f6328,562b5976c7f6d44b782498480fce54bad1e3142d9541438f6d7a42a876a3df87,0ecaf30ec3147260f584fff24f30e32a975cba82529f3d3c36d4c49ea0de712f
source-R4-C-f66-v5,canonical:vle_obs_0192,vle_obs_0192-pco2,Jou1995,40.0,0.6090121802436048,36100.0,25472.98410215131,evaluated,f66d972c032ce709ada69e8d8177e195c7e416800757663b7420c22bda5f6328,562b5976c7f6d44b782498480fce54bad1e3142d9541438f6d7a42a876a3df87,0ecaf30ec3147260f584fff24f30e32a975cba82529f3d3c36d4c49ea0de712f
source-R4-C-f66-v5,canonical:vle_obs_0193,vle_obs_0193-pco2,Jou1995,40.0,0.6420128402568052,103000.0,39614.9941838192,evaluated,f66d972c032ce709ada69e8d8177e195c7e416800757663b7420c22bda5f6328,562b5976c7f6d44b782498480fce54bad1e3142d9541438f6d7a42a876a3df87,0ecaf30ec3147260f584fff24f30e32a975cba82529f3d3c36d4c49ea0de712f
source-R4-C-f66-v5,canonical:vle_obs_0194,vle_obs_0194-pco2,Jou1995,60.0,0.05640112802256045,4.28,3.4885712817709,evaluated,f66d972c032ce709ada69e8d8177e195c7e416800757663b7420c22bda5f6328,562b5976c7f6d44b782498480fce54bad1e3142d9541438f6d7a42a876a3df87,0ecaf30ec3147260f584fff24f30e32a975cba82529f3d3c36d4c49ea0de712f
source-R4-C-f66-v5,canonical:vle_obs_0195,vle_obs_0195-pco2,Jou1995,60.0,0.11900238004760096,19.3,16.884892810519986,evaluated,f66d972c032ce709ada69e8d8177e195c7e416800757663b7420c22bda5f6328,562b5976c7f6d44b782498480fce54bad1e3142d9541438f6d7a42a876a3df87,0ecaf30ec3147260f584fff24f30e32a975cba82529f3d3c36d4c49ea0de712f
source-R4-C-f66-v5,canonical:vle_obs_0196,vle_obs_0196-pco2,Jou1995,60.0,0.20600412008240165,57.9,74.22189229894634,evaluated,f66d972c032ce709ada69e8d8177e195c7e416800757663b7420c22bda5f6328,562b5976c7f6d44b782498480fce54bad1e3142d9541438f6d7a42a876a3df87,0ecaf30ec3147260f584fff24f30e32a975cba82529f3d3c36d4c49ea0de712f
source-R4-C-f66-v5,canonical:vle_obs_0197,vle_obs_0197-pco2,Jou1995,60.0,0.3890077801556031,528.0,1374.953027532365,evaluated,f66d972c032ce709ada69e8d8177e195c7e416800757663b7420c22bda5f6328,562b5976c7f6d44b782498480fce54bad1e3142d9541438f6d7a42a876a3df87,0ecaf30ec3147260f584fff24f30e32a975cba82529f3d3c36d4c49ea0de712f
source-R4-C-f66-v5,canonical:vle_obs_0198,vle_obs_0198-pco2,Jou1995,60.0,0.4380087601752035,2009.9999999999998,3587.8926170523946,evaluated,f66d972c032ce709ada69e8d8177e195c7e416800757663b7420c22bda5f6328,562b5976c7f6d44b782498480fce54bad1e3142d9541438f6d7a42a876a3df87,0ecaf30ec3147260f584fff24f30e32a975cba82529f3d3c36d4c49ea0de712f
source-R4-C-f66-v5,canonical:vle_obs_0199,vle_obs_0199-pco2,Jou1995,60.0,0.5040100802016041,11000.0,14727.241522288889,evaluated,f66d972c032ce709ada69e8d8177e195c7e416800757663b7420c22bda5f6328,562b5976c7f6d44b782498480fce54bad1e3142d9541438f6d7a42a876a3df87,0ecaf30ec3147260f584fff24f30e32a975cba82529f3d3c36d4c49ea0de712f
source-R4-C-f66-v5,canonical:vle_obs_0200,vle_obs_0200-pco2,Jou1995,60.0,0.5610112202244045,34000.0,43534.111022128614,evaluated,f66d972c032ce709ada69e8d8177e195c7e416800757663b7420c22bda5f6328,562b5976c7f6d44b782498480fce54bad1e3142d9541438f6d7a42a876a3df87,0ecaf30ec3147260f584fff24f30e32a975cba82529f3d3c36d4c49ea0de712f
source-R4-C-f66-v5,canonical:vle_obs_0201,vle_obs_0201-pco2,Jou1995,60.0,0.5790115802316046,82000.0,57908.394871741904,evaluated,f66d972c032ce709ada69e8d8177e195c7e416800757663b7420c22bda5f6328,562b5976c7f6d44b782498480fce54bad1e3142d9541438f6d7a42a876a3df87,0ecaf30ec3147260f584fff24f30e32a975cba82529f3d3c36d4c49ea0de712f
source-R4-C-f66-v5,canonical:vle_obs_0202,vle_obs_0202-pco2,Jou1995,60.0,0.6680133602672054,282000.0,166945.58589871525,evaluated,f66d972c032ce709ada69e8d8177e195c7e416800757663b7420c22bda5f6328,562b5976c7f6d44b782498480fce54bad1e3142d9541438f6d7a42a876a3df87,0ecaf30ec3147260f584fff24f30e32a975cba82529f3d3c36d4c49ea0de712f
source-R4-C-f66-v5,canonical:vle_obs_0203,vle_obs_0203-pco2,Jou1995,80.0,0.017400348006960137,2.96,2.0986059626415656,evaluated,f66d972c032ce709ada69e8d8177e195c7e416800757663b7420c22bda5f6328,562b5976c7f6d44b782498480fce54bad1e3142d9541438f6d7a42a876a3df87,0ecaf30ec3147260f584fff24f30e32a975cba82529f3d3c36d4c49ea0de712f
source-R4-C-f66-v5,canonical:vle_obs_0204,vle_obs_0204-pco2,Jou1995,80.0,0.02360047200944019,4.84,3.634704528367939,evaluated,f66d972c032ce709ada69e8d8177e195c7e416800757663b7420c22bda5f6328,562b5976c7f6d44b782498480fce54bad1e3142d9541438f6d7a42a876a3df87,0ecaf30ec3147260f584fff24f30e32a975cba82529f3d3c36d4c49ea0de712f
source-R4-C-f66-v5,canonical:vle_obs_0205,vle_obs_0205-pco2,Jou1995,80.0,0.07810156203124063,46.5,35.694823053787395,evaluated,f66d972c032ce709ada69e8d8177e195c7e416800757663b7420c22bda5f6328,562b5976c7f6d44b782498480fce54bad1e3142d9541438f6d7a42a876a3df87,0ecaf30ec3147260f584fff24f30e32a975cba82529f3d3c36d4c49ea0de712f
source-R4-C-f66-v5,canonical:vle_obs_0206,vle_obs_0206-pco2,Jou1995,80.0,0.11800236004720094,99.2,89.00693196722148,evaluated,f66d972c032ce709ada69e8d8177e195c7e416800757663b7420c22bda5f6328,562b5976c7f6d44b782498480fce54bad1e3142d9541438f6d7a42a876a3df87,0ecaf30ec3147260f584fff24f30e32a975cba82529f3d3c36d4c49ea0de712f
source-R4-C-f66-v5,canonical:vle_obs_0207,vle_obs_0207-pco2,Jou1995,80.0,0.1870037400748015,278.0,301.437446619185,evaluated,f66d972c032ce709ada69e8d8177e195c7e416800757663b7420c22bda5f6328,562b5976c7f6d44b782498480fce54bad1e3142d9541438f6d7a42a876a3df87,0ecaf30ec3147260f584fff24f30e32a975cba82529f3d3c36d4c49ea0de712f
source-R4-C-f66-v5,canonical:vle_obs_0208,vle_obs_0208-pco2,Jou1995,80.0,0.3480069601392028,2670.0,3729.629935334001,evaluated,f66d972c032ce709ada69e8d8177e195c7e416800757663b7420c22bda5f6328,562b5976c7f6d44b782498480fce54bad1e3142d9541438f6d7a42a876a3df87,0ecaf30ec3147260f584fff24f30e32a975cba82529f3d3c36d4c49ea0de712f
source-R4-C-f66-v5,canonical:vle_obs_0209,vle_obs_0209-pco2,Jou1995,80.0,0.4600092001840037,16000.0,27736.097760794335,evaluated,f66d972c032ce709ada69e8d8177e195c7e416800757663b7420c22bda5f6328,562b5976c7f6d44b782498480fce54bad1e3142d9541438f6d7a42a876a3df87,0ecaf30ec3147260f584fff24f30e32a975cba82529f3d3c36d4c49ea0de712f
source-R4-C-f66-v5,canonical:vle_obs_0210,vle_obs_0210-pco2,Jou1995,80.0,0.5170103402068041,56000.0,77640.78741071772,evaluated,f66d972c032ce709ada69e8d8177e195c7e416800757663b7420c22bda5f6328,562b5976c7f6d44b782498480fce54bad1e3142d9541438f6d7a42a876a3df87,0ecaf30ec3147260f584fff24f30e32a975cba82529f3d3c36d4c49ea0de712f
source-R4-C-f66-v5,canonical:vle_obs_0211,vle_obs_0211-pco2,Jou1995,80.0,0.5785115702314046,235000.0,190539.39677724376,evaluated,f66d972c032ce709ada69e8d8177e195c7e416800757663b7420c22bda5f6328,562b5976c7f6d44b782498480fce54bad1e3142d9541438f6d7a42a876a3df87,0ecaf30ec3147260f584fff24f30e32a975cba82529f3d3c36d4c49ea0de712f
source-R4-C-f66-v5,canonical:vle_obs_0212,vle_obs_0212-pco2,Jou1995,80.0,0.6400128002560052,558000.0,362198.83467935526,evaluated,f66d972c032ce709ada69e8d8177e195c7e416800757663b7420c22bda5f6328,562b5976c7f6d44b782498480fce54bad1e3142d9541438f6d7a42a876a3df87,0ecaf30ec3147260f584fff24f30e32a975cba82529f3d3c36d4c49ea0de712f
source-R4-C-f66-v5,canonical:vle_obs_0213,vle_obs_0213-pco2,Jou1995,80.0,0.6890137802756054,958000.0,526539.8735121221,evaluated,f66d972c032ce709ada69e8d8177e195c7e416800757663b7420c22bda5f6328,562b5976c7f6d44b782498480fce54bad1e3142d9541438f6d7a42a876a3df87,0ecaf30ec3147260f584fff24f30e32a975cba82529f3d3c36d4c49ea0de712f
source-R4-C-f66-v5,canonical:vle_obs_0214,vle_obs_0214-pco2,Jou1995,100.0,0.011700234004680093,7.24,4.99586316388175,evaluated,f66d972c032ce709ada69e8d8177e195c7e416800757663b7420c22bda5f6328,562b5976c7f6d44b782498480fce54bad1e3142d9541438f6d7a42a876a3df87,0ecaf30ec3147260f584fff24f30e32a975cba82529f3d3c36d4c49ea0de712f
source-R4-C-f66-v5,canonical:vle_obs_0215,vle_obs_0215-pco2,Jou1995,100.0,0.05660113202264045,136.0,90.35396323591583,evaluated,f66d972c032ce709ada69e8d8177e195c7e416800757663b7420c22bda5f6328,562b5976c7f6d44b782498480fce54bad1e3142d9541438f6d7a42a876a3df87,0ecaf30ec3147260f584fff24f30e32a975cba82529f3d3c36d4c49ea0de712f
source-R4-C-f66-v5,canonical:vle_obs_0216,vle_obs_0216-pco2,Jou1995,100.0,0.1880037600752015,1430.0,1513.4248790863219,evaluated,f66d972c032ce709ada69e8d8177e195c7e416800757663b7420c22bda5f6328,562b5976c7f6d44b782498480fce54bad1e3142d9541438f6d7a42a876a3df87,0ecaf30ec3147260f584fff24f30e32a975cba82529f3d3c36d4c49ea0de712f
source-R4-C-f66-v5,canonical:vle_obs_0217,vle_obs_0217-pco2,Jou1995,100.0,0.3810076201524031,19000.0,31123.676128428266,evaluated,f66d972c032ce709ada69e8d8177e195c7e416800757663b7420c22bda5f6328,562b5976c7f6d44b782498480fce54bad1e3142d9541438f6d7a42a876a3df87,0ecaf30ec3147260f584fff24f30e32a975cba82529f3d3c36d4c49ea0de712f
source-R4-C-f66-v5,canonical:vle_obs_0218,vle_obs_0218-pco2,Jou1995,100.0,0.42200844016880334,39000.0,61347.474592230246,evaluated,f66d972c032ce709ada69e8d8177e195c7e416800757663b7420c22bda5f6328,562b5976c7f6d44b782498480fce54bad1e3142d9541438f6d7a42a876a3df87,0ecaf30ec3147260f584fff24f30e32a975cba82529f3d3c36d4c49ea0de712f
source-R4-C-f66-v5,canonical:vle_obs_0219,vle_obs_0219-pco2,Jou1995,100.0,0.4770095401908038,69000.0,148943.1228891964,evaluated,f66d972c032ce709ada69e8d8177e195c7e416800757663b7420c22bda5f6328,562b5976c7f6d44b782498480fce54bad1e3142d9541438f6d7a42a876a3df87,0ecaf30ec3147260f584fff24f30e32a975cba82529f3d3c36d4c49ea0de712f
source-R4-C-f66-v5,canonical:vle_obs_0220,vle_obs_0220-pco2,Jou1995,100.0,0.48100962019240384,109000.0,158289.9001564015,evaluated,f66d972c032ce709ada69e8d8177e195c7e416800757663b7420c22bda5f6328,562b5976c7f6d44b782498480fce54bad1e3142d9541438f6d7a42a876a3df87,0ecaf30ec3147260f584fff24f30e32a975cba82529f3d3c36d4c49ea0de712f
source-R4-C-f66-v5,canonical:vle_obs_0221,vle_obs_0221-pco2,Jou1995,100.0,0.5710114202284046,509000.0,491278.54144091526,evaluated,f66d972c032ce709ada69e8d8177e195c7e416800757663b7420c22bda5f6328,562b5976c7f6d44b782498480fce54bad1e3142d9541438f6d7a42a876a3df87,0ecaf30ec3147260f584fff24f30e32a975cba82529f3d3c36d4c49ea0de712f
source-R4-C-f66-v5,canonical:vle_obs_0222,vle_obs_0222-pco2,Jou1995,100.0,0.5890117802356047,376000.0,581951.5644903214,evaluated,f66d972c032ce709ada69e8d8177e195c7e416800757663b7420c22bda5f6328,562b5976c7f6d44b782498480fce54bad1e3142d9541438f6d7a42a876a3df87,0ecaf30ec3147260f584fff24f30e32a975cba82529f3d3c36d4c49ea0de712f
source-R4-C-f66-v5,canonical:vle_obs_0223,vle_obs_0223-pco2,Jou1995,100.0,0.613512270245405,909000.0,713724.6012646003,evaluated,f66d972c032ce709ada69e8d8177e195c7e416800757663b7420c22bda5f6328,562b5976c7f6d44b782498480fce54bad1e3142d9541438f6d7a42a876a3df87,0ecaf30ec3147260f584fff24f30e32a975cba82529f3d3c36d4c49ea0de712f
source-R4-C-f66-v5,canonical:vle_obs_0224,vle_obs_0224-pco2,Jou1995,120.0,0.0033300666013320267,2.02,2.485853593117387,evaluated,f66d972c032ce709ada69e8d8177e195c7e416800757663b7420c22bda5f6328,562b5976c7f6d44b782498480fce54bad1e3142d9541438f6d7a42a876a3df87,0ecaf30ec3147260f584fff24f30e32a975cba82529f3d3c36d4c49ea0de712f
source-R4-C-f66-v5,canonical:vle_obs_0225,vle_obs_0225-pco2,Jou1995,120.0,0.01120022400448009,22.1,20.6534128962191,evaluated,f66d972c032ce709ada69e8d8177e195c7e416800757663b7420c22bda5f6328,562b5976c7f6d44b782498480fce54bad1e3142d9541438f6d7a42a876a3df87,0ecaf30ec3147260f584fff24f30e32a975cba82529f3d3c36d4c49ea0de712f
source-R4-C-f66-v5,canonical:vle_obs_0226,vle_obs_0226-pco2,Jou1995,120.0,0.024700494009880197,98.4,85.22624447541897,evaluated,f66d972c032ce709ada69e8d8177e195c7e416800757663b7420c22bda5f6328,562b5976c7f6d44b782498480fce54bad1e3142d9541438f6d7a42a876a3df87,0ecaf30ec3147260f584fff24f30e32a975cba82529f3d3c36d4c49ea0de712f
source-R4-C-f66-v5,canonical:vle_obs_0227,vle_obs_0227-pco2,Jou1995,120.0,0.11900238004760096,2290.0,1995.9284668582654,evaluated,f66d972c032ce709ada69e8d8177e195c7e416800757663b7420c22bda5f6328,562b5976c7f6d44b782498480fce54bad1e3142d9541438f6d7a42a876a3df87,0ecaf30ec3147260f584fff24f30e32a975cba82529f3d3c36d4c49ea0de712f
source-R4-C-f66-v5,canonical:vle_obs_0228,vle_obs_0228-pco2,Jou1995,120.0,0.3490069801396028,46800.0,79517.07160996895,evaluated,f66d972c032ce709ada69e8d8177e195c7e416800757663b7420c22bda5f6328,562b5976c7f6d44b782498480fce54bad1e3142d9541438f6d7a42a876a3df87,0ecaf30ec3147260f584fff24f30e32a975cba82529f3d3c36d4c49ea0de712f
source-R4-C-f66-v5,canonical:vle_obs_0229,vle_obs_0229-pco2,Jou1995,120.0,0.41150823016460325,122000.0,198958.7165274609,evaluated,f66d972c032ce709ada69e8d8177e195c7e416800757663b7420c22bda5f6328,562b5976c7f6d44b782498480fce54bad1e3142d9541438f6d7a42a876a3df87,0ecaf30ec3147260f584fff24f30e32a975cba82529f3d3c36d4c49ea0de712f
source-R4-C-f66-v5,canonical:vle_obs_0230,vle_obs_0230-pco2,Jou1995,120.0,0.4440088801776036,222000.0,310226.2117933497,evaluated,f66d972c032ce709ada69e8d8177e195c7e416800757663b7420c22bda5f6328,562b5976c7f6d44b782498480fce54bad1e3142d9541438f6d7a42a876a3df87,0ecaf30ec3147260f584fff24f30e32a975cba82529f3d3c36d4c49ea0de712f
source-R4-C-f66-v5,canonical:vle_obs_0231,vle_obs_0231-pco2,Jou1995,120.0,0.47300946018920376,422000.0,445435.00958024134,evaluated,f66d972c032ce709ada69e8d8177e195c7e416800757663b7420c22bda5f6328,562b5976c7f6d44b782498480fce54bad1e3142d9541438f6d7a42a876a3df87,0ecaf30ec3147260f584fff24f30e32a975cba82529f3d3c36d4c49ea0de712f
source-R4-C-f66-v5,canonical:vle_obs_0232,vle_obs_0232-pco2,Jou1995,120.0,0.5360107202144043,822000.0,850072.2545952583,evaluated,f66d972c032ce709ada69e8d8177e195c7e416800757663b7420c22bda5f6328,562b5976c7f6d44b782498480fce54bad1e3142d9541438f6d7a42a876a3df87,0ecaf30ec3147260f584fff24f30e32a975cba82529f3d3c36d4c49ea0de712f
source-R4-C-f66-v5,canonical:vle_obs_0233,vle_obs_0233-pco2,Jou1995,120.0,0.6390127802556052,2804000.0,1701461.6493018258,evaluated,f66d972c032ce709ada69e8d8177e195c7e416800757663b7420c22bda5f6328,562b5976c7f6d44b782498480fce54bad1e3142d9541438f6d7a42a876a3df87,0ecaf30ec3147260f584fff24f30e32a975cba82529f3d3c36d4c49ea0de712f
source-R4-C-f66-v5,canonical:vle_obs_0246,vle_obs_0246-pco2,Mamun2005,120.0,0.15500310006200124,7354.0,3919.602669305979,evaluated,f66d972c032ce709ada69e8d8177e195c7e416800757663b7420c22bda5f6328,562b5976c7f6d44b782498480fce54bad1e3142d9541438f6d7a42a876a3df87,0ecaf30ec3147260f584fff24f30e32a975cba82529f3d3c36d4c49ea0de712f
source-R4-C-f66-v5,canonical:vle_obs_0247,vle_obs_0247-pco2,Mamun2005,120.0,0.17660353207064142,9314.0,5665.28947107394,evaluated,f66d972c032ce709ada69e8d8177e195c7e416800757663b7420c22bda5f6328,562b5976c7f6d44b782498480fce54bad1e3142d9541438f6d7a42a876a3df87,0ecaf30ec3147260f584fff24f30e32a975cba82529f3d3c36d4c49ea0de712f
source-R4-C-f66-v5,canonical:vle_obs_0248,vle_obs_0248-pco2,Mamun2005,120.0,0.18430368607372147,9045.0,6431.585780565689,evaluated,f66d972c032ce709ada69e8d8177e195c7e416800757663b7420c22bda5f6328,562b5976c7f6d44b782498480fce54bad1e3142d9541438f6d7a42a876a3df87,0ecaf30ec3147260f584fff24f30e32a975cba82529f3d3c36d4c49ea0de712f
source-R4-C-f66-v5,canonical:vle_obs_0249,vle_obs_0249-pco2,Mamun2005,120.0,0.20850417008340166,15510.0,9476.37962574203,evaluated,f66d972c032ce709ada69e8d8177e195c7e416800757663b7420c22bda5f6328,562b5976c7f6d44b782498480fce54bad1e3142d9541438f6d7a42a876a3df87,0ecaf30ec3147260f584fff24f30e32a975cba82529f3d3c36d4c49ea0de712f
source-R4-C-f66-v5,canonical:vle_obs_0250,vle_obs_0250-pco2,Mamun2005,120.0,0.23260465209304187,19620.0,13775.05678604771,evaluated,f66d972c032ce709ada69e8d8177e195c7e416800757663b7420c22bda5f6328,562b5976c7f6d44b782498480fce54bad1e3142d9541438f6d7a42a876a3df87,0ecaf30ec3147260f584fff24f30e32a975cba82529f3d3c36d4c49ea0de712f
source-R4-C-f66-v5,canonical:vle_obs_0251,vle_obs_0251-pco2,Mamun2005,120.0,0.23810476209524192,25200.0,14985.536822782731,evaluated,f66d972c032ce709ada69e8d8177e195c7e416800757663b7420c22bda5f6328,562b5976c7f6d44b782498480fce54bad1e3142d9541438f6d7a42a876a3df87,0ecaf30ec3147260f584fff24f30e32a975cba82529f3d3c36d4c49ea0de712f
source-R4-C-f66-v5,canonical:vle_obs_0252,vle_obs_0252-pco2,Mamun2005,120.0,0.25600512010240206,27710.0,19672.248330928334,evaluated,f66d972c032ce709ada69e8d8177e195c7e416800757663b7420c22bda5f6328,562b5976c7f6d44b782498480fce54bad1e3142d9541438f6d7a42a876a3df87,0ecaf30ec3147260f584fff24f30e32a975cba82529f3d3c36d4c49ea0de712f
source-R4-C-f66-v5,canonical:vle_obs_0253,vle_obs_0253-pco2,Mamun2005,120.0,0.29010580211604237,39180.0,32876.23664425264,evaluated,f66d972c032ce709ada69e8d8177e195c7e416800757663b7420c22bda5f6328,562b5976c7f6d44b782498480fce54bad1e3142d9541438f6d7a42a876a3df87,0ecaf30ec3147260f584fff24f30e32a975cba82529f3d3c36d4c49ea0de712f
source-R4-C-f66-v5,canonical:vle_obs_0254,vle_obs_0254-pco2,Mamun2005,120.0,0.2967059341186824,40400.0,36300.17178803788,evaluated,f66d972c032ce709ada69e8d8177e195c7e416800757663b7420c22bda5f6328,562b5976c7f6d44b782498480fce54bad1e3142d9541438f6d7a42a876a3df87,0ecaf30ec3147260f584fff24f30e32a975cba82529f3d3c36d4c49ea0de712f
source-R4-C-f66-v5,canonical:vle_obs_0255,vle_obs_0255-pco2,Mamun2005,120.0,0.3004060081201624,43490.0,38372.726070934696,evaluated,f66d972c032ce709ada69e8d8177e195c7e416800757663b7420c22bda5f6328,562b5976c7f6d44b782498480fce54bad1e3142d9541438f6d7a42a876a3df87,0ecaf30ec3147260f584fff24f30e32a975cba82529f3d3c36d4c49ea0de712f
source-R4-C-f66-v5,canonical:vle_obs_0256,vle_obs_0256-pco2,Mamun2005,120.0,0.3125062501250025,51820.0,46011.19460943587,evaluated,f66d972c032ce709ada69e8d8177e195c7e416800757663b7420c22bda5f6328,562b5976c7f6d44b782498480fce54bad1e3142d9541438f6d7a42a876a3df87,0ecaf30ec3147260f584fff24f30e32a975cba82529f3d3c36d4c49ea0de712f
source-R4-C-f66-v5,canonical:vle_obs_0257,vle_obs_0257-pco2,Mamun2005,120.0,0.31910638212764253,58570.0,50799.65067355476,evaluated,f66d972c032ce709ada69e8d8177e195c7e416800757663b7420c22bda5f6328,562b5976c7f6d44b782498480fce54bad1e3142d9541438f6d7a42a876a3df87,0ecaf30ec3147260f584fff24f30e32a975cba82529f3d3c36d4c49ea0de712f
source-R4-C-f66-v5,canonical:vle_obs_0258,vle_obs_0258-pco2,Mamun2005,120.0,0.32980659613192265,62880.0,59642.20393970962,evaluated,f66d972c032ce709ada69e8d8177e195c7e416800757663b7420c22bda5f6328,562b5976c7f6d44b782498480fce54bad1e3142d9541438f6d7a42a876a3df87,0ecaf30ec3147260f584fff24f30e32a975cba82529f3d3c36d4c49ea0de712f
source-R4-C-f66-v5,canonical:vle_obs_0259,vle_obs_0259-pco2,Mamun2005,120.0,0.3424068481369627,77590.0,72037.79700342502,evaluated,f66d972c032ce709ada69e8d8177e195c7e416800757663b7420c22bda5f6328,562b5976c7f6d44b782498480fce54bad1e3142d9541438f6d7a42a876a3df87,0ecaf30ec3147260f584fff24f30e32a975cba82529f3d3c36d4c49ea0de712f
source-R4-C-f66-v5,canonical:vle_obs_0260,vle_obs_0260-pco2,Mamun2005,120.0,0.3424068481369627,74950.0,72037.79700342502,evaluated,f66d972c032ce709ada69e8d8177e195c7e416800757663b7420c22bda5f6328,562b5976c7f6d44b782498480fce54bad1e3142d9541438f6d7a42a876a3df87,0ecaf30ec3147260f584fff24f30e32a975cba82529f3d3c36d4c49ea0de712f
source-R4-C-f66-v5,canonical:vle_obs_0261,vle_obs_0261-pco2,Mamun2005,120.0,0.3500070001400028,83610.0,80715.20616622061,evaluated,f66d972c032ce709ada69e8d8177e195c7e416800757663b7420c22bda5f6328,562b5976c7f6d44b782498480fce54bad1e3142d9541438f6d7a42a876a3df87,0ecaf30ec3147260f584fff24f30e32a975cba82529f3d3c36d4c49ea0de712f
source-R4-C-f66-v5,canonical:vle_obs_0262,vle_obs_0262-pco2,Mamun2005,120.0,0.3594071881437629,92790.0,92879.69463099673,evaluated,f66d972c032ce709ada69e8d8177e195c7e416800757663b7420c22bda5f6328,562b5976c7f6d44b782498480fce54bad1e3142d9541438f6d7a42a876a3df87,0ecaf30ec3147260f584fff24f30e32a975cba82529f3d3c36d4c49ea0de712f
source-R4-C-f66-v5,canonical:vle_obs_0263,vle_obs_0263-pco2,Mamun2005,120.0,0.38820776415528313,137900.0,142206.81624777179,evaluated,f66d972c032ce709ada69e8d8177e195c7e416800757663b7420c22bda5f6328,562b5976c7f6d44b782498480fce54bad1e3142d9541438f6d7a42a876a3df87,0ecaf30ec3147260f584fff24f30e32a975cba82529f3d3c36d4c49ea0de712f
source-R4-C-f66-v5,canonical:vle_obs_0264,vle_obs_0264-pco2,Mamun2005,120.0,0.41820836416728335,191900.0,218629.16118896718,evaluated,f66d972c032ce709ada69e8d8177e195c7e416800757663b7420c22bda5f6328,562b5976c7f6d44b782498480fce54bad1e3142d9541438f6d7a42a876a3df87,0ecaf30ec3147260f584fff24f30e32a975cba82529f3d3c36d4c49ea0de712f
source-R4-C-f66-v5,canonical:vle_obs_0265,vle_obs_0265-pco2,Xu2011,100.0,0.3880077601552031,34000.0,34920.173860152,evaluated,f66d972c032ce709ada69e8d8177e195c7e416800757663b7420c22bda5f6328,562b5976c7f6d44b782498480fce54bad1e3142d9541438f6d7a42a876a3df87,0ecaf30ec3147260f584fff24f30e32a975cba82529f3d3c36d4c49ea0de712f
source-R4-C-f66-v5,canonical:vle_obs_0266,vle_obs_0266-pco2,Xu2011,100.0,0.4240084801696034,101000.0,63416.501343072916,evaluated,f66d972c032ce709ada69e8d8177e195c7e416800757663b7420c22bda5f6328,562b5976c7f6d44b782498480fce54bad1e3142d9541438f6d7a42a876a3df87,0ecaf30ec3147260f584fff24f30e32a975cba82529f3d3c36d4c49ea0de712f
source-R4-C-f66-v5,canonical:vle_obs_0267,vle_obs_0267-pco2,Xu2011,100.0,0.4250085001700034,86000.0,64476.49787184381,evaluated,f66d972c032ce709ada69e8d8177e195c7e416800757663b7420c22bda5f6328,562b5976c7f6d44b782498480fce54bad1e3142d9541438f6d7a42a876a3df87,0ecaf30ec3147260f584fff24f30e32a975cba82529f3d3c36d4c49ea0de712f
source-R4-C-f66-v5,canonical:vle_obs_0268,vle_obs_0268-pco2,Xu2011,100.0,0.501010020200404,167000.0,212101.09325256647,evaluated,f66d972c032ce709ada69e8d8177e195c7e416800757663b7420c22bda5f6328,562b5976c7f6d44b782498480fce54bad1e3142d9541438f6d7a42a876a3df87,0ecaf30ec3147260f584fff24f30e32a975cba82529f3d3c36d4c49ea0de712f
source-R4-C-f66-v5,canonical:vle_obs_0269,vle_obs_0269-pco2,Xu2011,100.0,0.5200104002080042,233000.0,274386.08525791904,evaluated,f66d972c032ce709ada69e8d8177e195c7e416800757663b7420c22bda5f6328,562b5976c7f6d44b782498480fce54bad1e3142d9541438f6d7a42a876a3df87,0ecaf30ec3147260f584fff24f30e32a975cba82529f3d3c36d4c49ea0de712f
source-R4-C-f66-v5,canonical:vle_obs_0270,vle_obs_0270-pco2,Xu2011,100.0,0.3150063001260025,16000.0,10834.614452502423,evaluated,f66d972c032ce709ada69e8d8177e195c7e416800757663b7420c22bda5f6328,562b5976c7f6d44b782498480fce54bad1e3142d9541438f6d7a42a876a3df87,0ecaf30ec3147260f584fff24f30e32a975cba82529f3d3c36d4c49ea0de712f
source-R4-C-f66-v5,canonical:vle_obs_0271,vle_obs_0271-pco2,Xu2011,100.0,0.47500950019000376,95000.0,144441.08066847915,evaluated,f66d972c032ce709ada69e8d8177e195c7e416800757663b7420c22bda5f6328,562b5976c7f6d44b782498480fce54bad1e3142d9541438f6d7a42a876a3df87,0ecaf30ec3147260f584fff24f30e32a975cba82529f3d3c36d4c49ea0de712f
source-R4-C-f66-v5,canonical:vle_obs_0272,vle_obs_0272-pco2,Xu2011,100.0,0.3150063001260025,12000.0,10834.614452502423,evaluated,f66d972c032ce709ada69e8d8177e195c7e416800757663b7420c22bda5f6328,562b5976c7f6d44b782498480fce54bad1e3142d9541438f6d7a42a876a3df87,0ecaf30ec3147260f584fff24f30e32a975cba82529f3d3c36d4c49ea0de712f
source-R4-C-f66-v5,canonical:vle_obs_0279,vle_obs_0279-pco2,Xu2011,120.0,0.370007400148003,63000.0,108743.90943848786,evaluated,f66d972c032ce709ada69e8d8177e195c7e416800757663b7420c22bda5f6328,562b5976c7f6d44b782498480fce54bad1e3142d9541438f6d7a42a876a3df87,0ecaf30ec3147260f584fff24f30e32a975cba82529f3d3c36d4c49ea0de712f
source-R4-C-f66-v5,canonical:vle_obs_0280,vle_obs_0280-pco2,Xu2011,120.0,0.3850077001540031,108000.0,135694.49498856973,evaluated,f66d972c032ce709ada69e8d8177e195c7e416800757663b7420c22bda5f6328,562b5976c7f6d44b782498480fce54bad1e3142d9541438f6d7a42a876a3df87,0ecaf30ec3147260f584fff24f30e32a975cba82529f3d3c36d4c49ea0de712f
source-R4-C-f66-v5,canonical:vle_obs_0281,vle_obs_0281-pco2,Xu2011,120.0,0.3870077401548031,62000.0,139731.26841199395,evaluated,f66d972c032ce709ada69e8d8177e195c7e416800757663b7420c22bda5f6328,562b5976c7f6d44b782498480fce54bad1e3142d9541438f6d7a42a876a3df87,0ecaf30ec3147260f584fff24f30e32a975cba82529f3d3c36d4c49ea0de712f
source-R4-C-f66-v5,canonical:vle_obs_0282,vle_obs_0282-pco2,Xu2011,120.0,0.42200844016880334,237000.0,230509.3830465288,evaluated,f66d972c032ce709ada69e8d8177e195c7e416800757663b7420c22bda5f6328,562b5976c7f6d44b782498480fce54bad1e3142d9541438f6d7a42a876a3df87,0ecaf30ec3147260f584fff24f30e32a975cba82529f3d3c36d4c49ea0de712f
source-R4-C-f66-v5,canonical:vle_obs_0283,vle_obs_0283-pco2,Xu2011,120.0,0.4230084601692034,192000.0,233724.97696109433,evaluated,f66d972c032ce709ada69e8d8177e195c7e416800757663b7420c22bda5f6328,562b5976c7f6d44b782498480fce54bad1e3142d9541438f6d7a42a876a3df87,0ecaf30ec3147260f584fff24f30e32a975cba82529f3d3c36d4c49ea0de712f
source-R4-C-f66-v5,canonical:vle_obs_0284,vle_obs_0284-pco2,Xu2011,120.0,0.49200984019680394,387000.0,552595.5089990355,evaluated,f66d972c032ce709ada69e8d8177e195c7e416800757663b7420c22bda5f6328,562b5976c7f6d44b782498480fce54bad1e3142d9541438f6d7a42a876a3df87,0ecaf30ec3147260f584fff24f30e32a975cba82529f3d3c36d4c49ea0de712f
source-R4-C-f66-v5,canonical:vle_obs_0285,vle_obs_0285-pco2,Xu2011,120.0,0.5080101602032041,512000.0,653428.966603651,evaluated,f66d972c032ce709ada69e8d8177e195c7e416800757663b7420c22bda5f6328,562b5976c7f6d44b782498480fce54bad1e3142d9541438f6d7a42a876a3df87,0ecaf30ec3147260f584fff24f30e32a975cba82529f3d3c36d4c49ea0de712f
source-R4-C-f66-v5,canonical:vle_obs_0286,vle_obs_0286-pco2,Xu2011,120.0,0.3140062801256025,50000.0,47058.2725369559,evaluated,f66d972c032ce709ada69e8d8177e195c7e416800757663b7420c22bda5f6328,562b5976c7f6d44b782498480fce54bad1e3142d9541438f6d7a42a876a3df87,0ecaf30ec3147260f584fff24f30e32a975cba82529f3d3c36d4c49ea0de712f
source-R4-C-f66-v5,canonical:vle_obs_0287,vle_obs_0287-pco2,Xu2011,120.0,0.4670093401868038,283000.0,414606.570840126,evaluated,f66d972c032ce709ada69e8d8177e195c7e416800757663b7420c22bda5f6328,562b5976c7f6d44b782498480fce54bad1e3142d9541438f6d7a42a876a3df87,0ecaf30ec3147260f584fff24f30e32a975cba82529f3d3c36d4c49ea0de712f
source-R4-C-f66-v5,canonical:vle_obs_0288,vle_obs_0288-pco2,Xu2011,120.0,0.3140062801256025,45000.0,47058.2725369559,evaluated,f66d972c032ce709ada69e8d8177e195c7e416800757663b7420c22bda5f6328,562b5976c7f6d44b782498480fce54bad1e3142d9541438f6d7a42a876a3df87,0ecaf30ec3147260f584fff24f30e32a975cba82529f3d3c36d4c49ea0de712f
